solid OpenSCAD_Model
  facet normal 0.980784 0.195098 0
    outer loop
      vertex 1.98289 0.261052 2.8
      vertex 1.93185 0.517637 0
      vertex 1.93185 0.517637 2.8
    endloop
  endfacet
  facet normal 0.980784 0.195098 0
    outer loop
      vertex 1.93185 0.517637 0
      vertex 1.98289 0.261052 2.8
      vertex 1.98289 0.261052 0
    endloop
  endfacet
  facet normal 0.997859 0.0654022 0
    outer loop
      vertex 2 0 2.8
      vertex 1.98289 0.261052 0
      vertex 1.98289 0.261052 2.8
    endloop
  endfacet
  facet normal 0.997859 0.0654022 0
    outer loop
      vertex 1.98289 0.261052 0
      vertex 2 0 2.8
      vertex 2 0 0
    endloop
  endfacet
  facet normal 0.0654022 0.997859 -0
    outer loop
      vertex 0.261052 1.98289 0
      vertex 0 2 2.8
      vertex 0.261052 1.98289 2.8
    endloop
  endfacet
  facet normal 0.0654022 0.997859 0
    outer loop
      vertex 0 2 2.8
      vertex 0.261052 1.98289 0
      vertex 0 2 0
    endloop
  endfacet
  facet normal -0.195098 0.980784 0
    outer loop
      vertex -0.261052 1.98289 0
      vertex -0.517637 1.93185 2.8
      vertex -0.261052 1.98289 2.8
    endloop
  endfacet
  facet normal -0.195098 0.980784 0
    outer loop
      vertex -0.517637 1.93185 2.8
      vertex -0.261052 1.98289 0
      vertex -0.517637 1.93185 0
    endloop
  endfacet
  facet normal 0.555564 -0.831474 0
    outer loop
      vertex 1 -1.73205 0
      vertex 1.21752 -1.58671 2.8
      vertex 1 -1.73205 2.8
    endloop
  endfacet
  facet normal 0.555564 -0.831474 0
    outer loop
      vertex 1.21752 -1.58671 2.8
      vertex 1 -1.73205 0
      vertex 1.21752 -1.58671 0
    endloop
  endfacet
  facet normal -0.89687 0.442294 0
    outer loop
      vertex -1.84776 0.765367 0
      vertex -1.73205 1 2.8
      vertex -1.73205 1 0
    endloop
  endfacet
  facet normal -0.89687 0.442294 0
    outer loop
      vertex -1.73205 1 2.8
      vertex -1.84776 0.765367 0
      vertex -1.84776 0.765367 2.8
    endloop
  endfacet
  facet normal -0.946934 0.321429 0
    outer loop
      vertex -1.93185 0.517637 0
      vertex -1.84776 0.765367 2.8
      vertex -1.84776 0.765367 0
    endloop
  endfacet
  facet normal -0.946934 0.321429 0
    outer loop
      vertex -1.84776 0.765367 2.8
      vertex -1.93185 0.517637 0
      vertex -1.93185 0.517637 2.8
    endloop
  endfacet
  facet normal -0.321429 0.946934 0
    outer loop
      vertex -0.517637 1.93185 0
      vertex -0.765367 1.84776 2.8
      vertex -0.517637 1.93185 2.8
    endloop
  endfacet
  facet normal -0.321429 0.946934 0
    outer loop
      vertex -0.765367 1.84776 2.8
      vertex -0.517637 1.93185 0
      vertex -0.765367 1.84776 0
    endloop
  endfacet
  facet normal 0.997859 -0.0654022 0
    outer loop
      vertex 1.98289 -0.261052 2.8
      vertex 2 0 0
      vertex 2 0 2.8
    endloop
  endfacet
  facet normal 0.997859 -0.0654022 0
    outer loop
      vertex 2 0 0
      vertex 1.98289 -0.261052 2.8
      vertex 1.98289 -0.261052 0
    endloop
  endfacet
  facet normal -0.946934 -0.321429 0
    outer loop
      vertex -1.84776 -0.765367 0
      vertex -1.93185 -0.517637 2.8
      vertex -1.93185 -0.517637 0
    endloop
  endfacet
  facet normal -0.946934 -0.321429 0
    outer loop
      vertex -1.93185 -0.517637 2.8
      vertex -1.84776 -0.765367 0
      vertex -1.84776 -0.765367 2.8
    endloop
  endfacet
  facet normal -0.831474 0.555564 0
    outer loop
      vertex -1.73205 1 0
      vertex -1.58671 1.21752 2.8
      vertex -1.58671 1.21752 0
    endloop
  endfacet
  facet normal -0.831474 0.555564 0
    outer loop
      vertex -1.58671 1.21752 2.8
      vertex -1.73205 1 0
      vertex -1.73205 1 2.8
    endloop
  endfacet
  facet normal -0.980784 0.195098 0
    outer loop
      vertex -1.98289 0.261052 0
      vertex -1.93185 0.517637 2.8
      vertex -1.93185 0.517637 0
    endloop
  endfacet
  facet normal -0.980784 0.195098 0
    outer loop
      vertex -1.93185 0.517637 2.8
      vertex -1.98289 0.261052 0
      vertex -1.98289 0.261052 2.8
    endloop
  endfacet
  facet normal 0.946934 -0.321429 0
    outer loop
      vertex 1.84776 -0.765367 2.8
      vertex 1.93185 -0.517637 0
      vertex 1.93185 -0.517637 2.8
    endloop
  endfacet
  facet normal 0.946934 -0.321429 0
    outer loop
      vertex 1.93185 -0.517637 0
      vertex 1.84776 -0.765367 2.8
      vertex 1.84776 -0.765367 0
    endloop
  endfacet
  facet normal 0.659362 -0.751826 0
    outer loop
      vertex 1.21752 -1.58671 0
      vertex 1.41421 -1.41421 2.8
      vertex 1.21752 -1.58671 2.8
    endloop
  endfacet
  facet normal 0.659362 -0.751826 0
    outer loop
      vertex 1.41421 -1.41421 2.8
      vertex 1.21752 -1.58671 0
      vertex 1.41421 -1.41421 0
    endloop
  endfacet
  facet normal 0.321429 0.946934 -0
    outer loop
      vertex 0.765367 1.84776 0
      vertex 0.517637 1.93185 2.8
      vertex 0.765367 1.84776 2.8
    endloop
  endfacet
  facet normal 0.321429 0.946934 0
    outer loop
      vertex 0.517637 1.93185 2.8
      vertex 0.765367 1.84776 0
      vertex 0.517637 1.93185 0
    endloop
  endfacet
  facet normal -0.751826 -0.659362 0
    outer loop
      vertex -1.41421 -1.41421 0
      vertex -1.58671 -1.21752 2.8
      vertex -1.58671 -1.21752 0
    endloop
  endfacet
  facet normal -0.751826 -0.659362 0
    outer loop
      vertex -1.58671 -1.21752 2.8
      vertex -1.41421 -1.41421 0
      vertex -1.41421 -1.41421 2.8
    endloop
  endfacet
  facet normal -0.659362 0.751826 0
    outer loop
      vertex -1.21752 1.58671 0
      vertex -1.41421 1.41421 2.8
      vertex -1.21752 1.58671 2.8
    endloop
  endfacet
  facet normal -0.659362 0.751826 0
    outer loop
      vertex -1.41421 1.41421 2.8
      vertex -1.21752 1.58671 0
      vertex -1.41421 1.41421 0
    endloop
  endfacet
  facet normal -0.997859 0.0654022 0
    outer loop
      vertex -2 0 0
      vertex -1.98289 0.261052 2.8
      vertex -1.98289 0.261052 0
    endloop
  endfacet
  facet normal -0.997859 0.0654022 0
    outer loop
      vertex -1.98289 0.261052 2.8
      vertex -2 0 0
      vertex -2 0 2.8
    endloop
  endfacet
  facet normal 0.555564 0.831474 -0
    outer loop
      vertex 1.21752 1.58671 0
      vertex 1 1.73205 2.8
      vertex 1.21752 1.58671 2.8
    endloop
  endfacet
  facet normal 0.555564 0.831474 0
    outer loop
      vertex 1 1.73205 2.8
      vertex 1.21752 1.58671 0
      vertex 1 1.73205 0
    endloop
  endfacet
  facet normal 0.831474 -0.555564 0
    outer loop
      vertex 1.58671 -1.21752 2.8
      vertex 1.73205 -1 0
      vertex 1.73205 -1 2.8
    endloop
  endfacet
  facet normal 0.831474 -0.555564 0
    outer loop
      vertex 1.73205 -1 0
      vertex 1.58671 -1.21752 2.8
      vertex 1.58671 -1.21752 0
    endloop
  endfacet
  facet normal 0.831474 0.555564 0
    outer loop
      vertex 1.73205 1 2.8
      vertex 1.58671 1.21752 0
      vertex 1.58671 1.21752 2.8
    endloop
  endfacet
  facet normal 0.831474 0.555564 0
    outer loop
      vertex 1.58671 1.21752 0
      vertex 1.73205 1 2.8
      vertex 1.73205 1 0
    endloop
  endfacet
  facet normal -0.751826 0.659362 0
    outer loop
      vertex -1.58671 1.21752 0
      vertex -1.41421 1.41421 2.8
      vertex -1.41421 1.41421 0
    endloop
  endfacet
  facet normal -0.751826 0.659362 0
    outer loop
      vertex -1.41421 1.41421 2.8
      vertex -1.58671 1.21752 0
      vertex -1.58671 1.21752 2.8
    endloop
  endfacet
  facet normal 0.321429 -0.946934 0
    outer loop
      vertex 0.517637 -1.93185 0
      vertex 0.765367 -1.84776 2.8
      vertex 0.517637 -1.93185 2.8
    endloop
  endfacet
  facet normal 0.321429 -0.946934 0
    outer loop
      vertex 0.765367 -1.84776 2.8
      vertex 0.517637 -1.93185 0
      vertex 0.765367 -1.84776 0
    endloop
  endfacet
  facet normal 0.442294 -0.89687 0
    outer loop
      vertex 0.765367 -1.84776 0
      vertex 1 -1.73205 2.8
      vertex 0.765367 -1.84776 2.8
    endloop
  endfacet
  facet normal 0.442294 -0.89687 0
    outer loop
      vertex 1 -1.73205 2.8
      vertex 0.765367 -1.84776 0
      vertex 1 -1.73205 0
    endloop
  endfacet
  facet normal 0.751826 0.659362 0
    outer loop
      vertex 1.58671 1.21752 2.8
      vertex 1.41421 1.41421 0
      vertex 1.41421 1.41421 2.8
    endloop
  endfacet
  facet normal 0.751826 0.659362 0
    outer loop
      vertex 1.41421 1.41421 0
      vertex 1.58671 1.21752 2.8
      vertex 1.58671 1.21752 0
    endloop
  endfacet
  facet normal 0.0654022 -0.997859 0
    outer loop
      vertex 0 -2 0
      vertex 0.261052 -1.98289 2.8
      vertex 0 -2 2.8
    endloop
  endfacet
  facet normal 0.0654022 -0.997859 0
    outer loop
      vertex 0.261052 -1.98289 2.8
      vertex 0 -2 0
      vertex 0.261052 -1.98289 0
    endloop
  endfacet
  facet normal 0.659362 0.751826 -0
    outer loop
      vertex 1.41421 1.41421 0
      vertex 1.21752 1.58671 2.8
      vertex 1.41421 1.41421 2.8
    endloop
  endfacet
  facet normal 0.659362 0.751826 0
    outer loop
      vertex 1.21752 1.58671 2.8
      vertex 1.41421 1.41421 0
      vertex 1.21752 1.58671 0
    endloop
  endfacet
  facet normal -0.997859 -0.0654022 0
    outer loop
      vertex -1.98289 -0.261052 0
      vertex -2 0 2.8
      vertex -2 0 0
    endloop
  endfacet
  facet normal -0.997859 -0.0654022 0
    outer loop
      vertex -2 0 2.8
      vertex -1.98289 -0.261052 0
      vertex -1.98289 -0.261052 2.8
    endloop
  endfacet
  facet normal -0.659362 -0.751826 0
    outer loop
      vertex -1.41421 -1.41421 0
      vertex -1.21752 -1.58671 2.8
      vertex -1.41421 -1.41421 2.8
    endloop
  endfacet
  facet normal -0.659362 -0.751826 -0
    outer loop
      vertex -1.21752 -1.58671 2.8
      vertex -1.41421 -1.41421 0
      vertex -1.21752 -1.58671 0
    endloop
  endfacet
  facet normal -0.555564 0.831474 0
    outer loop
      vertex -1 1.73205 0
      vertex -1.21752 1.58671 2.8
      vertex -1 1.73205 2.8
    endloop
  endfacet
  facet normal -0.555564 0.831474 0
    outer loop
      vertex -1.21752 1.58671 2.8
      vertex -1 1.73205 0
      vertex -1.21752 1.58671 0
    endloop
  endfacet
  facet normal 0.89687 0.442294 0
    outer loop
      vertex 1.84776 0.765367 2.8
      vertex 1.73205 1 0
      vertex 1.73205 1 2.8
    endloop
  endfacet
  facet normal 0.89687 0.442294 0
    outer loop
      vertex 1.73205 1 0
      vertex 1.84776 0.765367 2.8
      vertex 1.84776 0.765367 0
    endloop
  endfacet
  facet normal -0.0654022 -0.997859 0
    outer loop
      vertex -0.261052 -1.98289 0
      vertex 0 -2 2.8
      vertex -0.261052 -1.98289 2.8
    endloop
  endfacet
  facet normal -0.0654022 -0.997859 -0
    outer loop
      vertex 0 -2 2.8
      vertex -0.261052 -1.98289 0
      vertex 0 -2 0
    endloop
  endfacet
  facet normal 0.195098 -0.980784 0
    outer loop
      vertex 0.261052 -1.98289 0
      vertex 0.517637 -1.93185 2.8
      vertex 0.261052 -1.98289 2.8
    endloop
  endfacet
  facet normal 0.195098 -0.980784 0
    outer loop
      vertex 0.517637 -1.93185 2.8
      vertex 0.261052 -1.98289 0
      vertex 0.517637 -1.93185 0
    endloop
  endfacet
  facet normal 0.442294 0.89687 -0
    outer loop
      vertex 1 1.73205 0
      vertex 0.765367 1.84776 2.8
      vertex 1 1.73205 2.8
    endloop
  endfacet
  facet normal 0.442294 0.89687 0
    outer loop
      vertex 0.765367 1.84776 2.8
      vertex 1 1.73205 0
      vertex 0.765367 1.84776 0
    endloop
  endfacet
  facet normal 0.89687 -0.442294 0
    outer loop
      vertex 1.73205 -1 2.8
      vertex 1.84776 -0.765367 0
      vertex 1.84776 -0.765367 2.8
    endloop
  endfacet
  facet normal 0.89687 -0.442294 0
    outer loop
      vertex 1.84776 -0.765367 0
      vertex 1.73205 -1 2.8
      vertex 1.73205 -1 0
    endloop
  endfacet
  facet normal 0.980784 -0.195098 0
    outer loop
      vertex 1.93185 -0.517637 2.8
      vertex 1.98289 -0.261052 0
      vertex 1.98289 -0.261052 2.8
    endloop
  endfacet
  facet normal 0.980784 -0.195098 0
    outer loop
      vertex 1.98289 -0.261052 0
      vertex 1.93185 -0.517637 2.8
      vertex 1.93185 -0.517637 0
    endloop
  endfacet
  facet normal -0.980784 -0.195098 0
    outer loop
      vertex -1.93185 -0.517637 0
      vertex -1.98289 -0.261052 2.8
      vertex -1.98289 -0.261052 0
    endloop
  endfacet
  facet normal -0.980784 -0.195098 0
    outer loop
      vertex -1.98289 -0.261052 2.8
      vertex -1.93185 -0.517637 0
      vertex -1.93185 -0.517637 2.8
    endloop
  endfacet
  facet normal -0.195098 -0.980784 0
    outer loop
      vertex -0.517637 -1.93185 0
      vertex -0.261052 -1.98289 2.8
      vertex -0.517637 -1.93185 2.8
    endloop
  endfacet
  facet normal -0.195098 -0.980784 -0
    outer loop
      vertex -0.261052 -1.98289 2.8
      vertex -0.517637 -1.93185 0
      vertex -0.261052 -1.98289 0
    endloop
  endfacet
  facet normal 0.195098 0.980784 -0
    outer loop
      vertex 0.517637 1.93185 0
      vertex 0.261052 1.98289 2.8
      vertex 0.517637 1.93185 2.8
    endloop
  endfacet
  facet normal 0.195098 0.980784 0
    outer loop
      vertex 0.261052 1.98289 2.8
      vertex 0.517637 1.93185 0
      vertex 0.261052 1.98289 0
    endloop
  endfacet
  facet normal 0.946934 0.321429 0
    outer loop
      vertex 1.93185 0.517637 2.8
      vertex 1.84776 0.765367 0
      vertex 1.84776 0.765367 2.8
    endloop
  endfacet
  facet normal 0.946934 0.321429 0
    outer loop
      vertex 1.84776 0.765367 0
      vertex 1.93185 0.517637 2.8
      vertex 1.93185 0.517637 0
    endloop
  endfacet
  facet normal 0.751826 -0.659362 0
    outer loop
      vertex 1.41421 -1.41421 2.8
      vertex 1.58671 -1.21752 0
      vertex 1.58671 -1.21752 2.8
    endloop
  endfacet
  facet normal 0.751826 -0.659362 0
    outer loop
      vertex 1.58671 -1.21752 0
      vertex 1.41421 -1.41421 2.8
      vertex 1.41421 -1.41421 0
    endloop
  endfacet
  facet normal -0.831474 -0.555564 0
    outer loop
      vertex -1.58671 -1.21752 0
      vertex -1.73205 -1 2.8
      vertex -1.73205 -1 0
    endloop
  endfacet
  facet normal -0.831474 -0.555564 0
    outer loop
      vertex -1.73205 -1 2.8
      vertex -1.58671 -1.21752 0
      vertex -1.58671 -1.21752 2.8
    endloop
  endfacet
  facet normal -0.0654022 0.997859 0
    outer loop
      vertex 0 2 0
      vertex -0.261052 1.98289 2.8
      vertex 0 2 2.8
    endloop
  endfacet
  facet normal -0.0654022 0.997859 0
    outer loop
      vertex -0.261052 1.98289 2.8
      vertex 0 2 0
      vertex -0.261052 1.98289 0
    endloop
  endfacet
  facet normal -0.321429 -0.946934 0
    outer loop
      vertex -0.765367 -1.84776 0
      vertex -0.517637 -1.93185 2.8
      vertex -0.765367 -1.84776 2.8
    endloop
  endfacet
  facet normal -0.321429 -0.946934 -0
    outer loop
      vertex -0.517637 -1.93185 2.8
      vertex -0.765367 -1.84776 0
      vertex -0.517637 -1.93185 0
    endloop
  endfacet
  facet normal -0.442294 0.89687 0
    outer loop
      vertex -0.765367 1.84776 0
      vertex -1 1.73205 2.8
      vertex -0.765367 1.84776 2.8
    endloop
  endfacet
  facet normal -0.442294 0.89687 0
    outer loop
      vertex -1 1.73205 2.8
      vertex -0.765367 1.84776 0
      vertex -1 1.73205 0
    endloop
  endfacet
  facet normal -0.442294 -0.89687 0
    outer loop
      vertex -1 -1.73205 0
      vertex -0.765367 -1.84776 2.8
      vertex -1 -1.73205 2.8
    endloop
  endfacet
  facet normal -0.442294 -0.89687 -0
    outer loop
      vertex -0.765367 -1.84776 2.8
      vertex -1 -1.73205 0
      vertex -0.765367 -1.84776 0
    endloop
  endfacet
  facet normal -0.89687 -0.442294 0
    outer loop
      vertex -1.73205 -1 0
      vertex -1.84776 -0.765367 2.8
      vertex -1.84776 -0.765367 0
    endloop
  endfacet
  facet normal -0.89687 -0.442294 0
    outer loop
      vertex -1.84776 -0.765367 2.8
      vertex -1.73205 -1 0
      vertex -1.73205 -1 2.8
    endloop
  endfacet
  facet normal 0 0 -1
    outer loop
      vertex 1.98289 -0.261052 0
      vertex 1.98289 0.261052 0
      vertex 2 0 0
    endloop
  endfacet
  facet normal 0 0 -1
    outer loop
      vertex 1.93185 -0.517637 0
      vertex 1.98289 0.261052 0
      vertex 1.98289 -0.261052 0
    endloop
  endfacet
  facet normal 0 0 -1
    outer loop
      vertex 1.93185 -0.517637 0
      vertex 1.93185 0.517637 0
      vertex 1.98289 0.261052 0
    endloop
  endfacet
  facet normal 0 0 -1
    outer loop
      vertex 1.84776 -0.765367 0
      vertex 1.93185 0.517637 0
      vertex 1.93185 -0.517637 0
    endloop
  endfacet
  facet normal 0 0 -1
    outer loop
      vertex 1.84776 -0.765367 0
      vertex 1.84776 0.765367 0
      vertex 1.93185 0.517637 0
    endloop
  endfacet
  facet normal 0 0 -1
    outer loop
      vertex 1.73205 -1 0
      vertex 1.84776 0.765367 0
      vertex 1.84776 -0.765367 0
    endloop
  endfacet
  facet normal 0 0 -1
    outer loop
      vertex 1.73205 -1 0
      vertex 1.73205 1 0
      vertex 1.84776 0.765367 0
    endloop
  endfacet
  facet normal 0 0 -1
    outer loop
      vertex 1.58671 -1.21752 0
      vertex 1.73205 1 0
      vertex 1.73205 -1 0
    endloop
  endfacet
  facet normal 0 0 -1
    outer loop
      vertex 1.58671 -1.21752 0
      vertex 1.58671 1.21752 0
      vertex 1.73205 1 0
    endloop
  endfacet
  facet normal 0 0 -1
    outer loop
      vertex 1.41421 -1.41421 0
      vertex 1.58671 1.21752 0
      vertex 1.58671 -1.21752 0
    endloop
  endfacet
  facet normal 0 0 -1
    outer loop
      vertex 1.41421 -1.41421 0
      vertex 1.41421 1.41421 0
      vertex 1.58671 1.21752 0
    endloop
  endfacet
  facet normal 0 0 -1
    outer loop
      vertex 1.21752 -1.58671 0
      vertex 1.41421 1.41421 0
      vertex 1.41421 -1.41421 0
    endloop
  endfacet
  facet normal 0 0 -1
    outer loop
      vertex 1.21752 -1.58671 0
      vertex 1.21752 1.58671 0
      vertex 1.41421 1.41421 0
    endloop
  endfacet
  facet normal 0 0 -1
    outer loop
      vertex 1 -1.73205 0
      vertex 1.21752 1.58671 0
      vertex 1.21752 -1.58671 0
    endloop
  endfacet
  facet normal 0 0 -1
    outer loop
      vertex 1 -1.73205 0
      vertex 1 1.73205 0
      vertex 1.21752 1.58671 0
    endloop
  endfacet
  facet normal 0 0 -1
    outer loop
      vertex 0.765367 -1.84776 0
      vertex 1 1.73205 0
      vertex 1 -1.73205 0
    endloop
  endfacet
  facet normal 0 0 -1
    outer loop
      vertex 0.765367 -1.84776 0
      vertex 0.765367 1.84776 0
      vertex 1 1.73205 0
    endloop
  endfacet
  facet normal 0 0 -1
    outer loop
      vertex 0.517637 -1.93185 0
      vertex 0.765367 1.84776 0
      vertex 0.765367 -1.84776 0
    endloop
  endfacet
  facet normal 0 0 -1
    outer loop
      vertex 0.517637 -1.93185 0
      vertex 0.517637 1.93185 0
      vertex 0.765367 1.84776 0
    endloop
  endfacet
  facet normal 0 0 -1
    outer loop
      vertex 0.261052 -1.98289 0
      vertex 0.517637 1.93185 0
      vertex 0.517637 -1.93185 0
    endloop
  endfacet
  facet normal 0 0 -1
    outer loop
      vertex 0.261052 -1.98289 0
      vertex 0.261052 1.98289 0
      vertex 0.517637 1.93185 0
    endloop
  endfacet
  facet normal 0 0 -1
    outer loop
      vertex 0 -2 0
      vertex 0.261052 1.98289 0
      vertex 0.261052 -1.98289 0
    endloop
  endfacet
  facet normal 0 0 -1
    outer loop
      vertex 0 -2 0
      vertex 0 2 0
      vertex 0.261052 1.98289 0
    endloop
  endfacet
  facet normal 0 0 -1
    outer loop
      vertex -0.261052 -1.98289 0
      vertex 0 2 0
      vertex 0 -2 0
    endloop
  endfacet
  facet normal 0 0 -1
    outer loop
      vertex -0.261052 -1.98289 0
      vertex -0.261052 1.98289 0
      vertex 0 2 0
    endloop
  endfacet
  facet normal 0 0 -1
    outer loop
      vertex -0.517637 -1.93185 0
      vertex -0.261052 1.98289 0
      vertex -0.261052 -1.98289 0
    endloop
  endfacet
  facet normal 0 0 -1
    outer loop
      vertex -0.517637 -1.93185 0
      vertex -0.517637 1.93185 0
      vertex -0.261052 1.98289 0
    endloop
  endfacet
  facet normal 0 0 -1
    outer loop
      vertex -0.765367 -1.84776 0
      vertex -0.517637 1.93185 0
      vertex -0.517637 -1.93185 0
    endloop
  endfacet
  facet normal 0 0 -1
    outer loop
      vertex -0.765367 -1.84776 0
      vertex -0.765367 1.84776 0
      vertex -0.517637 1.93185 0
    endloop
  endfacet
  facet normal 0 0 -1
    outer loop
      vertex -1 -1.73205 0
      vertex -0.765367 1.84776 0
      vertex -0.765367 -1.84776 0
    endloop
  endfacet
  facet normal 0 0 -1
    outer loop
      vertex -1 -1.73205 0
      vertex -1 1.73205 0
      vertex -0.765367 1.84776 0
    endloop
  endfacet
  facet normal 0 0 -1
    outer loop
      vertex -1.21752 -1.58671 0
      vertex -1 1.73205 0
      vertex -1 -1.73205 0
    endloop
  endfacet
  facet normal 0 0 -1
    outer loop
      vertex -1.21752 -1.58671 0
      vertex -1.21752 1.58671 0
      vertex -1 1.73205 0
    endloop
  endfacet
  facet normal 0 0 -1
    outer loop
      vertex -1.41421 -1.41421 0
      vertex -1.21752 1.58671 0
      vertex -1.21752 -1.58671 0
    endloop
  endfacet
  facet normal 0 0 -1
    outer loop
      vertex -1.41421 -1.41421 0
      vertex -1.41421 1.41421 0
      vertex -1.21752 1.58671 0
    endloop
  endfacet
  facet normal 0 0 -1
    outer loop
      vertex -1.58671 -1.21752 0
      vertex -1.41421 1.41421 0
      vertex -1.41421 -1.41421 0
    endloop
  endfacet
  facet normal 0 0 -1
    outer loop
      vertex -1.58671 -1.21752 0
      vertex -1.58671 1.21752 0
      vertex -1.41421 1.41421 0
    endloop
  endfacet
  facet normal 0 0 -1
    outer loop
      vertex -1.73205 -1 0
      vertex -1.58671 1.21752 0
      vertex -1.58671 -1.21752 0
    endloop
  endfacet
  facet normal 0 0 -1
    outer loop
      vertex -1.73205 -1 0
      vertex -1.73205 1 0
      vertex -1.58671 1.21752 0
    endloop
  endfacet
  facet normal 0 0 -1
    outer loop
      vertex -1.84776 -0.765367 0
      vertex -1.73205 1 0
      vertex -1.73205 -1 0
    endloop
  endfacet
  facet normal 0 0 -1
    outer loop
      vertex -1.84776 -0.765367 0
      vertex -1.84776 0.765367 0
      vertex -1.73205 1 0
    endloop
  endfacet
  facet normal 0 0 -1
    outer loop
      vertex -1.93185 -0.517637 0
      vertex -1.84776 0.765367 0
      vertex -1.84776 -0.765367 0
    endloop
  endfacet
  facet normal 0 0 -1
    outer loop
      vertex -1.93185 -0.517637 0
      vertex -1.93185 0.517637 0
      vertex -1.84776 0.765367 0
    endloop
  endfacet
  facet normal 0 0 -1
    outer loop
      vertex -1.98289 -0.261052 0
      vertex -1.93185 0.517637 0
      vertex -1.93185 -0.517637 0
    endloop
  endfacet
  facet normal 0 0 -1
    outer loop
      vertex -1.98289 -0.261052 0
      vertex -1.98289 0.261052 0
      vertex -1.93185 0.517637 0
    endloop
  endfacet
  facet normal 0 -0 -1
    outer loop
      vertex -1.98289 0.261052 0
      vertex -1.98289 -0.261052 0
      vertex -2 0 0
    endloop
  endfacet
  facet normal -0.555564 -0.831474 0
    outer loop
      vertex -1.21752 -1.58671 0
      vertex -1 -1.73205 2.8
      vertex -1.21752 -1.58671 2.8
    endloop
  endfacet
  facet normal -0.555564 -0.831474 -0
    outer loop
      vertex -1 -1.73205 2.8
      vertex -1.21752 -1.58671 0
      vertex -1 -1.73205 0
    endloop
  endfacet
  facet normal 0 0 -1
    outer loop
      vertex 2 0 2.8
      vertex 3.5 0 2.8
      vertex 3.47006 -0.456841 2.8
    endloop
  endfacet
  facet normal 0 0 -1
    outer loop
      vertex 1.98289 -0.261052 2.8
      vertex 3.47006 -0.456841 2.8
      vertex 3.38074 -0.905867 2.8
    endloop
  endfacet
  facet normal 0 0 -1
    outer loop
      vertex 3.5 0 2.8
      vertex 2 0 2.8
      vertex 3.47006 0.456841 2.8
    endloop
  endfacet
  facet normal 0 0 -1
    outer loop
      vertex 1.93185 -0.517637 2.8
      vertex 3.38074 -0.905867 2.8
      vertex 3.23358 -1.33939 2.8
    endloop
  endfacet
  facet normal 0 0 -1
    outer loop
      vertex 1.98289 0.261052 2.8
      vertex 3.47006 0.456841 2.8
      vertex 2 0 2.8
    endloop
  endfacet
  facet normal 0 0 -1
    outer loop
      vertex 1.84776 -0.765367 2.8
      vertex 3.23358 -1.33939 2.8
      vertex 3.03109 -1.75 2.8
    endloop
  endfacet
  facet normal -0 0 -1
    outer loop
      vertex 3.47006 0.456841 2.8
      vertex 1.98289 0.261052 2.8
      vertex 3.38074 0.905867 2.8
    endloop
  endfacet
  facet normal 0 0 -1
    outer loop
      vertex 1.73205 -1 2.8
      vertex 3.03109 -1.75 2.8
      vertex 2.77674 -2.13066 2.8
    endloop
  endfacet
  facet normal 0 0 -1
    outer loop
      vertex 1.93185 0.517637 2.8
      vertex 3.38074 0.905867 2.8
      vertex 1.98289 0.261052 2.8
    endloop
  endfacet
  facet normal 0 0 -1
    outer loop
      vertex 1.58671 -1.21752 2.8
      vertex 2.77674 -2.13066 2.8
      vertex 2.47487 -2.47487 2.8
    endloop
  endfacet
  facet normal -0 0 -1
    outer loop
      vertex 3.38074 0.905867 2.8
      vertex 1.93185 0.517637 2.8
      vertex 3.23358 1.33939 2.8
    endloop
  endfacet
  facet normal 0 0 -1
    outer loop
      vertex 1.41421 -1.41421 2.8
      vertex 2.47487 -2.47487 2.8
      vertex 2.13066 -2.77674 2.8
    endloop
  endfacet
  facet normal 0 0 -1
    outer loop
      vertex 1.84776 0.765367 2.8
      vertex 3.23358 1.33939 2.8
      vertex 1.93185 0.517637 2.8
    endloop
  endfacet
  facet normal -0 0 -1
    outer loop
      vertex 3.23358 1.33939 2.8
      vertex 1.84776 0.765367 2.8
      vertex 3.03109 1.75 2.8
    endloop
  endfacet
  facet normal 0 0 -1
    outer loop
      vertex 3.47006 -0.456841 2.8
      vertex 1.98289 -0.261052 2.8
      vertex 2 0 2.8
    endloop
  endfacet
  facet normal 0 0 -1
    outer loop
      vertex 3.38074 -0.905867 2.8
      vertex 1.93185 -0.517637 2.8
      vertex 1.98289 -0.261052 2.8
    endloop
  endfacet
  facet normal 0 0 -1
    outer loop
      vertex 3.23358 -1.33939 2.8
      vertex 1.84776 -0.765367 2.8
      vertex 1.93185 -0.517637 2.8
    endloop
  endfacet
  facet normal 0 0 -1
    outer loop
      vertex 1.21752 -1.58671 2.8
      vertex 2.13066 -2.77674 2.8
      vertex 1.75 -3.03109 2.8
    endloop
  endfacet
  facet normal 0 0 -1
    outer loop
      vertex 3.03109 -1.75 2.8
      vertex 1.73205 -1 2.8
      vertex 1.84776 -0.765367 2.8
    endloop
  endfacet
  facet normal 0 0 -1
    outer loop
      vertex 2.77674 -2.13066 2.8
      vertex 1.58671 -1.21752 2.8
      vertex 1.73205 -1 2.8
    endloop
  endfacet
  facet normal 0 0 -1
    outer loop
      vertex 2.47487 -2.47487 2.8
      vertex 1.41421 -1.41421 2.8
      vertex 1.58671 -1.21752 2.8
    endloop
  endfacet
  facet normal 0 0 -1
    outer loop
      vertex 1 -1.73205 2.8
      vertex 1.75 -3.03109 2.8
      vertex 1.33939 -3.23358 2.8
    endloop
  endfacet
  facet normal 0 0 -1
    outer loop
      vertex 2.13066 -2.77674 2.8
      vertex 1.21752 -1.58671 2.8
      vertex 1.41421 -1.41421 2.8
    endloop
  endfacet
  facet normal 0 0 -1
    outer loop
      vertex 1.75 -3.03109 2.8
      vertex 1 -1.73205 2.8
      vertex 1.21752 -1.58671 2.8
    endloop
  endfacet
  facet normal 0 0 -1
    outer loop
      vertex 0.765367 -1.84776 2.8
      vertex 1.33939 -3.23358 2.8
      vertex 0.905867 -3.38074 2.8
    endloop
  endfacet
  facet normal 0 0 -1
    outer loop
      vertex 1.33939 -3.23358 2.8
      vertex 0.765367 -1.84776 2.8
      vertex 1 -1.73205 2.8
    endloop
  endfacet
  facet normal 0 0 -1
    outer loop
      vertex 0.905867 -3.38074 2.8
      vertex 0.517637 -1.93185 2.8
      vertex 0.765367 -1.84776 2.8
    endloop
  endfacet
  facet normal 0 0 -1
    outer loop
      vertex 0.456841 -3.47006 2.8
      vertex 0.517637 -1.93185 2.8
      vertex 0.905867 -3.38074 2.8
    endloop
  endfacet
  facet normal 0 0 -1
    outer loop
      vertex 0.456841 -3.47006 2.8
      vertex 0.261052 -1.98289 2.8
      vertex 0.517637 -1.93185 2.8
    endloop
  endfacet
  facet normal 0 0 -1
    outer loop
      vertex 0 -3.5 2.8
      vertex 0.261052 -1.98289 2.8
      vertex 0.456841 -3.47006 2.8
    endloop
  endfacet
  facet normal 0 0 -1
    outer loop
      vertex 0 -3.5 2.8
      vertex 0 -2 2.8
      vertex 0.261052 -1.98289 2.8
    endloop
  endfacet
  facet normal 0 0 -1
    outer loop
      vertex 0 -3.5 2.8
      vertex -0.261052 -1.98289 2.8
      vertex 0 -2 2.8
    endloop
  endfacet
  facet normal 0 0 -1
    outer loop
      vertex -0.456841 -3.47006 2.8
      vertex -0.261052 -1.98289 2.8
      vertex 0 -3.5 2.8
    endloop
  endfacet
  facet normal 0 0 -1
    outer loop
      vertex -0.456841 -3.47006 2.8
      vertex -0.517637 -1.93185 2.8
      vertex -0.261052 -1.98289 2.8
    endloop
  endfacet
  facet normal 0 0 -1
    outer loop
      vertex -0.905867 -3.38074 2.8
      vertex -0.517637 -1.93185 2.8
      vertex -0.456841 -3.47006 2.8
    endloop
  endfacet
  facet normal -0 0 -1
    outer loop
      vertex -0.517637 -1.93185 2.8
      vertex -0.905867 -3.38074 2.8
      vertex -0.765367 -1.84776 2.8
    endloop
  endfacet
  facet normal 0 0 -1
    outer loop
      vertex -1.33939 -3.23358 2.8
      vertex -0.765367 -1.84776 2.8
      vertex -0.905867 -3.38074 2.8
    endloop
  endfacet
  facet normal -0 0 -1
    outer loop
      vertex -0.765367 -1.84776 2.8
      vertex -1.33939 -3.23358 2.8
      vertex -1 -1.73205 2.8
    endloop
  endfacet
  facet normal 0 0 -1
    outer loop
      vertex -1.75 -3.03109 2.8
      vertex -1 -1.73205 2.8
      vertex -1.33939 -3.23358 2.8
    endloop
  endfacet
  facet normal -0 0 -1
    outer loop
      vertex -1 -1.73205 2.8
      vertex -1.75 -3.03109 2.8
      vertex -1.21752 -1.58671 2.8
    endloop
  endfacet
  facet normal 0 0 -1
    outer loop
      vertex -2.13066 -2.77674 2.8
      vertex -1.21752 -1.58671 2.8
      vertex -1.75 -3.03109 2.8
    endloop
  endfacet
  facet normal -0 0 -1
    outer loop
      vertex -1.21752 -1.58671 2.8
      vertex -2.13066 -2.77674 2.8
      vertex -1.41421 -1.41421 2.8
    endloop
  endfacet
  facet normal 0 0 -1
    outer loop
      vertex -2.47487 -2.47487 2.8
      vertex -1.41421 -1.41421 2.8
      vertex -2.13066 -2.77674 2.8
    endloop
  endfacet
  facet normal -0 0 -1
    outer loop
      vertex -1.41421 -1.41421 2.8
      vertex -2.47487 -2.47487 2.8
      vertex -1.58671 -1.21752 2.8
    endloop
  endfacet
  facet normal 0 0 -1
    outer loop
      vertex -2.77674 -2.13066 2.8
      vertex -1.58671 -1.21752 2.8
      vertex -2.47487 -2.47487 2.8
    endloop
  endfacet
  facet normal -0 0 -1
    outer loop
      vertex -1.58671 -1.21752 2.8
      vertex -2.77674 -2.13066 2.8
      vertex -1.73205 -1 2.8
    endloop
  endfacet
  facet normal -0 0 -1
    outer loop
      vertex -1.73205 -1 2.8
      vertex -3.03109 -1.75 2.8
      vertex -1.84776 -0.765367 2.8
    endloop
  endfacet
  facet normal 0 0 -1
    outer loop
      vertex -3.03109 -1.75 2.8
      vertex -1.73205 -1 2.8
      vertex -2.77674 -2.13066 2.8
    endloop
  endfacet
  facet normal 0 0 -1
    outer loop
      vertex 1.73205 1 2.8
      vertex 3.03109 1.75 2.8
      vertex 1.84776 0.765367 2.8
    endloop
  endfacet
  facet normal -0 0 -1
    outer loop
      vertex 3.03109 1.75 2.8
      vertex 1.73205 1 2.8
      vertex 2.77674 2.13066 2.8
    endloop
  endfacet
  facet normal 0 0 -1
    outer loop
      vertex 1.58671 1.21752 2.8
      vertex 2.77674 2.13066 2.8
      vertex 1.73205 1 2.8
    endloop
  endfacet
  facet normal -0 0 -1
    outer loop
      vertex 2.77674 2.13066 2.8
      vertex 1.58671 1.21752 2.8
      vertex 2.47487 2.47487 2.8
    endloop
  endfacet
  facet normal 0 0 -1
    outer loop
      vertex 1.41421 1.41421 2.8
      vertex 2.47487 2.47487 2.8
      vertex 1.58671 1.21752 2.8
    endloop
  endfacet
  facet normal -0 0 -1
    outer loop
      vertex 2.47487 2.47487 2.8
      vertex 1.41421 1.41421 2.8
      vertex 2.13066 2.77674 2.8
    endloop
  endfacet
  facet normal 0 0 -1
    outer loop
      vertex 1.21752 1.58671 2.8
      vertex 2.13066 2.77674 2.8
      vertex 1.41421 1.41421 2.8
    endloop
  endfacet
  facet normal -0 0 -1
    outer loop
      vertex 2.13066 2.77674 2.8
      vertex 1.21752 1.58671 2.8
      vertex 1.75 3.03109 2.8
    endloop
  endfacet
  facet normal 0 0 -1
    outer loop
      vertex 1 1.73205 2.8
      vertex 1.75 3.03109 2.8
      vertex 1.21752 1.58671 2.8
    endloop
  endfacet
  facet normal -0 0 -1
    outer loop
      vertex 1.75 3.03109 2.8
      vertex 1 1.73205 2.8
      vertex 1.33939 3.23358 2.8
    endloop
  endfacet
  facet normal 0 0 -1
    outer loop
      vertex 0.765367 1.84776 2.8
      vertex 1.33939 3.23358 2.8
      vertex 1 1.73205 2.8
    endloop
  endfacet
  facet normal -0 0 -1
    outer loop
      vertex 1.33939 3.23358 2.8
      vertex 0.765367 1.84776 2.8
      vertex 0.905867 3.38074 2.8
    endloop
  endfacet
  facet normal 0 0 -1
    outer loop
      vertex 0.517637 1.93185 2.8
      vertex 0.905867 3.38074 2.8
      vertex 0.765367 1.84776 2.8
    endloop
  endfacet
  facet normal 0 0 -1
    outer loop
      vertex 0.517637 1.93185 2.8
      vertex 0.456841 3.47006 2.8
      vertex 0.905867 3.38074 2.8
    endloop
  endfacet
  facet normal 0 0 -1
    outer loop
      vertex 0.261052 1.98289 2.8
      vertex 0.456841 3.47006 2.8
      vertex 0.517637 1.93185 2.8
    endloop
  endfacet
  facet normal 0 0 -1
    outer loop
      vertex 0 2 2.8
      vertex 0.456841 3.47006 2.8
      vertex 0.261052 1.98289 2.8
    endloop
  endfacet
  facet normal 0 0 -1
    outer loop
      vertex 0 2 2.8
      vertex 0 3.5 2.8
      vertex 0.456841 3.47006 2.8
    endloop
  endfacet
  facet normal 0 0 -1
    outer loop
      vertex -0.261052 1.98289 2.8
      vertex 0 3.5 2.8
      vertex 0 2 2.8
    endloop
  endfacet
  facet normal 0 0 -1
    outer loop
      vertex -0.261052 1.98289 2.8
      vertex -0.456841 3.47006 2.8
      vertex 0 3.5 2.8
    endloop
  endfacet
  facet normal 0 0 -1
    outer loop
      vertex -0.517637 1.93185 2.8
      vertex -0.456841 3.47006 2.8
      vertex -0.261052 1.98289 2.8
    endloop
  endfacet
  facet normal 0 0 -1
    outer loop
      vertex -0.905867 3.38074 2.8
      vertex -0.517637 1.93185 2.8
      vertex -0.765367 1.84776 2.8
    endloop
  endfacet
  facet normal 0 0 -1
    outer loop
      vertex -0.517637 1.93185 2.8
      vertex -0.905867 3.38074 2.8
      vertex -0.456841 3.47006 2.8
    endloop
  endfacet
  facet normal 0 0 -1
    outer loop
      vertex -1.33939 3.23358 2.8
      vertex -0.765367 1.84776 2.8
      vertex -1 1.73205 2.8
    endloop
  endfacet
  facet normal 0 0 -1
    outer loop
      vertex -1.75 3.03109 2.8
      vertex -1 1.73205 2.8
      vertex -1.21752 1.58671 2.8
    endloop
  endfacet
  facet normal 0 0 -1
    outer loop
      vertex -0.765367 1.84776 2.8
      vertex -1.33939 3.23358 2.8
      vertex -0.905867 3.38074 2.8
    endloop
  endfacet
  facet normal 0 0 -1
    outer loop
      vertex -2.13066 2.77674 2.8
      vertex -1.21752 1.58671 2.8
      vertex -1.41421 1.41421 2.8
    endloop
  endfacet
  facet normal 0 0 -1
    outer loop
      vertex -2.47487 2.47487 2.8
      vertex -1.41421 1.41421 2.8
      vertex -1.58671 1.21752 2.8
    endloop
  endfacet
  facet normal 0 0 -1
    outer loop
      vertex -2.77674 2.13066 2.8
      vertex -1.58671 1.21752 2.8
      vertex -1.73205 1 2.8
    endloop
  endfacet
  facet normal 0 0 -1
    outer loop
      vertex -1 1.73205 2.8
      vertex -1.75 3.03109 2.8
      vertex -1.33939 3.23358 2.8
    endloop
  endfacet
  facet normal 0 0 -1
    outer loop
      vertex -3.03109 1.75 2.8
      vertex -1.73205 1 2.8
      vertex -1.84776 0.765367 2.8
    endloop
  endfacet
  facet normal 0 0 -1
    outer loop
      vertex -3.23358 1.33939 2.8
      vertex -1.84776 0.765367 2.8
      vertex -1.93185 0.517637 2.8
    endloop
  endfacet
  facet normal 0 0 -1
    outer loop
      vertex -3.38074 0.905867 2.8
      vertex -1.93185 0.517637 2.8
      vertex -1.98289 0.261052 2.8
    endloop
  endfacet
  facet normal 0 0 -1
    outer loop
      vertex -1.21752 1.58671 2.8
      vertex -2.13066 2.77674 2.8
      vertex -1.75 3.03109 2.8
    endloop
  endfacet
  facet normal 0 0 -1
    outer loop
      vertex -3.47006 0.456841 2.8
      vertex -1.98289 0.261052 2.8
      vertex -2 0 2.8
    endloop
  endfacet
  facet normal 0 0 -1
    outer loop
      vertex -3.23358 -1.33939 2.8
      vertex -1.84776 -0.765367 2.8
      vertex -3.03109 -1.75 2.8
    endloop
  endfacet
  facet normal -0 0 -1
    outer loop
      vertex -1.84776 -0.765367 2.8
      vertex -3.23358 -1.33939 2.8
      vertex -1.93185 -0.517637 2.8
    endloop
  endfacet
  facet normal 0 0 -1
    outer loop
      vertex -1.41421 1.41421 2.8
      vertex -2.47487 2.47487 2.8
      vertex -2.13066 2.77674 2.8
    endloop
  endfacet
  facet normal 0 0 -1
    outer loop
      vertex -3.38074 -0.905867 2.8
      vertex -1.93185 -0.517637 2.8
      vertex -3.23358 -1.33939 2.8
    endloop
  endfacet
  facet normal 0 0 -1
    outer loop
      vertex -1.58671 1.21752 2.8
      vertex -2.77674 2.13066 2.8
      vertex -2.47487 2.47487 2.8
    endloop
  endfacet
  facet normal -0 0 -1
    outer loop
      vertex -1.93185 -0.517637 2.8
      vertex -3.38074 -0.905867 2.8
      vertex -1.98289 -0.261052 2.8
    endloop
  endfacet
  facet normal 0 0 -1
    outer loop
      vertex -1.73205 1 2.8
      vertex -3.03109 1.75 2.8
      vertex -2.77674 2.13066 2.8
    endloop
  endfacet
  facet normal 0 0 -1
    outer loop
      vertex -3.47006 -0.456841 2.8
      vertex -1.98289 -0.261052 2.8
      vertex -3.38074 -0.905867 2.8
    endloop
  endfacet
  facet normal 0 0 -1
    outer loop
      vertex -1.84776 0.765367 2.8
      vertex -3.23358 1.33939 2.8
      vertex -3.03109 1.75 2.8
    endloop
  endfacet
  facet normal -0 0 -1
    outer loop
      vertex -1.98289 -0.261052 2.8
      vertex -3.47006 -0.456841 2.8
      vertex -2 0 2.8
    endloop
  endfacet
  facet normal 0 0 -1
    outer loop
      vertex -1.93185 0.517637 2.8
      vertex -3.38074 0.905867 2.8
      vertex -3.23358 1.33939 2.8
    endloop
  endfacet
  facet normal 0 0 -1
    outer loop
      vertex -3.5 0 2.8
      vertex -2 0 2.8
      vertex -3.47006 -0.456841 2.8
    endloop
  endfacet
  facet normal 0 0 -1
    outer loop
      vertex -1.98289 0.261052 2.8
      vertex -3.47006 0.456841 2.8
      vertex -3.38074 0.905867 2.8
    endloop
  endfacet
  facet normal 0 0 -1
    outer loop
      vertex -2 0 2.8
      vertex -3.5 0 2.8
      vertex -3.47006 0.456841 2.8
    endloop
  endfacet
  facet normal 0.980784 0.195097 0
    outer loop
      vertex 3.47006 0.456841 5.8
      vertex 3.38074 0.905867 2.8
      vertex 3.38074 0.905867 5.8
    endloop
  endfacet
  facet normal 0.980784 0.195097 0
    outer loop
      vertex 3.38074 0.905867 2.8
      vertex 3.47006 0.456841 5.8
      vertex 3.47006 0.456841 2.8
    endloop
  endfacet
  facet normal 0.997859 0.0653967 0
    outer loop
      vertex 3.5 0 5.8
      vertex 3.47006 0.456841 2.8
      vertex 3.47006 0.456841 5.8
    endloop
  endfacet
  facet normal 0.997859 0.0653967 0
    outer loop
      vertex 3.47006 0.456841 2.8
      vertex 3.5 0 5.8
      vertex 3.5 0 2.8
    endloop
  endfacet
  facet normal 0.321437 -0.946931 0
    outer loop
      vertex 0.905867 -3.38074 2.8
      vertex 1.33939 -3.23358 5.8
      vertex 0.905867 -3.38074 5.8
    endloop
  endfacet
  facet normal 0.321437 -0.946931 0
    outer loop
      vertex 1.33939 -3.23358 5.8
      vertex 0.905867 -3.38074 2.8
      vertex 1.33939 -3.23358 2.8
    endloop
  endfacet
  facet normal 0.831468 0.555572 0
    outer loop
      vertex 3.03109 1.75 5.8
      vertex 2.77674 2.13066 2.8
      vertex 2.77674 2.13066 5.8
    endloop
  endfacet
  facet normal 0.831468 0.555572 0
    outer loop
      vertex 2.77674 2.13066 2.8
      vertex 3.03109 1.75 5.8
      vertex 3.03109 1.75 2.8
    endloop
  endfacet
  facet normal -0.896873 0.442288 0
    outer loop
      vertex -3.23358 1.33939 2.8
      vertex -3.03109 1.75 5.8
      vertex -3.03109 1.75 2.8
    endloop
  endfacet
  facet normal -0.896873 0.442288 0
    outer loop
      vertex -3.03109 1.75 5.8
      vertex -3.23358 1.33939 2.8
      vertex -3.23358 1.33939 5.8
    endloop
  endfacet
  facet normal -0.555572 0.831468 0
    outer loop
      vertex -1.75 3.03109 2.8
      vertex -2.13066 2.77674 5.8
      vertex -1.75 3.03109 5.8
    endloop
  endfacet
  facet normal -0.555572 0.831468 0
    outer loop
      vertex -2.13066 2.77674 5.8
      vertex -1.75 3.03109 2.8
      vertex -2.13066 2.77674 2.8
    endloop
  endfacet
  facet normal -0.659353 0.751833 0
    outer loop
      vertex -2.13066 2.77674 2.8
      vertex -2.47487 2.47487 5.8
      vertex -2.13066 2.77674 5.8
    endloop
  endfacet
  facet normal -0.659353 0.751833 0
    outer loop
      vertex -2.47487 2.47487 5.8
      vertex -2.13066 2.77674 2.8
      vertex -2.47487 2.47487 2.8
    endloop
  endfacet
  facet normal -0.751833 0.659353 0
    outer loop
      vertex -2.77674 2.13066 2.8
      vertex -2.47487 2.47487 5.8
      vertex -2.47487 2.47487 2.8
    endloop
  endfacet
  facet normal -0.751833 0.659353 0
    outer loop
      vertex -2.47487 2.47487 5.8
      vertex -2.77674 2.13066 2.8
      vertex -2.77674 2.13066 5.8
    endloop
  endfacet
  facet normal 0.946931 -0.321437 0
    outer loop
      vertex 3.23358 -1.33939 5.8
      vertex 3.38074 -0.905867 2.8
      vertex 3.38074 -0.905867 5.8
    endloop
  endfacet
  facet normal 0.946931 -0.321437 0
    outer loop
      vertex 3.38074 -0.905867 2.8
      vertex 3.23358 -1.33939 5.8
      vertex 3.23358 -1.33939 2.8
    endloop
  endfacet
  facet normal -0.997859 0.0653967 0
    outer loop
      vertex -3.5 0 2.8
      vertex -3.47006 0.456841 5.8
      vertex -3.47006 0.456841 2.8
    endloop
  endfacet
  facet normal -0.997859 0.0653967 0
    outer loop
      vertex -3.47006 0.456841 5.8
      vertex -3.5 0 2.8
      vertex -3.5 0 5.8
    endloop
  endfacet
  facet normal 0.555572 0.831468 -0
    outer loop
      vertex 2.13066 2.77674 2.8
      vertex 1.75 3.03109 5.8
      vertex 2.13066 2.77674 5.8
    endloop
  endfacet
  facet normal 0.555572 0.831468 0
    outer loop
      vertex 1.75 3.03109 5.8
      vertex 2.13066 2.77674 2.8
      vertex 1.75 3.03109 2.8
    endloop
  endfacet
  facet normal -0.321437 -0.946931 0
    outer loop
      vertex -1.33939 -3.23358 2.8
      vertex -0.905867 -3.38074 5.8
      vertex -1.33939 -3.23358 5.8
    endloop
  endfacet
  facet normal -0.321437 -0.946931 -0
    outer loop
      vertex -0.905867 -3.38074 5.8
      vertex -1.33939 -3.23358 2.8
      vertex -0.905867 -3.38074 2.8
    endloop
  endfacet
  facet normal -0.751833 -0.659353 0
    outer loop
      vertex -2.47487 -2.47487 2.8
      vertex -2.77674 -2.13066 5.8
      vertex -2.77674 -2.13066 2.8
    endloop
  endfacet
  facet normal -0.751833 -0.659353 0
    outer loop
      vertex -2.77674 -2.13066 5.8
      vertex -2.47487 -2.47487 2.8
      vertex -2.47487 -2.47487 5.8
    endloop
  endfacet
  facet normal 0.195097 -0.980784 0
    outer loop
      vertex 0.456841 -3.47006 2.8
      vertex 0.905867 -3.38074 5.8
      vertex 0.456841 -3.47006 5.8
    endloop
  endfacet
  facet normal 0.195097 -0.980784 0
    outer loop
      vertex 0.905867 -3.38074 5.8
      vertex 0.456841 -3.47006 2.8
      vertex 0.905867 -3.38074 2.8
    endloop
  endfacet
  facet normal -0.321437 0.946931 0
    outer loop
      vertex -0.905867 3.38074 2.8
      vertex -1.33939 3.23358 5.8
      vertex -0.905867 3.38074 5.8
    endloop
  endfacet
  facet normal -0.321437 0.946931 0
    outer loop
      vertex -1.33939 3.23358 5.8
      vertex -0.905867 3.38074 2.8
      vertex -1.33939 3.23358 2.8
    endloop
  endfacet
  facet normal -0.831468 -0.555572 0
    outer loop
      vertex -2.77674 -2.13066 2.8
      vertex -3.03109 -1.75 5.8
      vertex -3.03109 -1.75 2.8
    endloop
  endfacet
  facet normal -0.831468 -0.555572 0
    outer loop
      vertex -3.03109 -1.75 5.8
      vertex -2.77674 -2.13066 2.8
      vertex -2.77674 -2.13066 5.8
    endloop
  endfacet
  facet normal 0.555572 -0.831468 0
    outer loop
      vertex 1.75 -3.03109 2.8
      vertex 2.13066 -2.77674 5.8
      vertex 1.75 -3.03109 5.8
    endloop
  endfacet
  facet normal 0.555572 -0.831468 0
    outer loop
      vertex 2.13066 -2.77674 5.8
      vertex 1.75 -3.03109 2.8
      vertex 2.13066 -2.77674 2.8
    endloop
  endfacet
  facet normal -0.946931 0.321437 0
    outer loop
      vertex -3.38074 0.905867 2.8
      vertex -3.23358 1.33939 5.8
      vertex -3.23358 1.33939 2.8
    endloop
  endfacet
  facet normal -0.946931 0.321437 0
    outer loop
      vertex -3.23358 1.33939 5.8
      vertex -3.38074 0.905867 2.8
      vertex -3.38074 0.905867 5.8
    endloop
  endfacet
  facet normal 0.321437 0.946931 -0
    outer loop
      vertex 1.33939 3.23358 2.8
      vertex 0.905867 3.38074 5.8
      vertex 1.33939 3.23358 5.8
    endloop
  endfacet
  facet normal 0.321437 0.946931 0
    outer loop
      vertex 0.905867 3.38074 5.8
      vertex 1.33939 3.23358 2.8
      vertex 0.905867 3.38074 2.8
    endloop
  endfacet
  facet normal 0.0653967 0.997859 -0
    outer loop
      vertex 0.456841 3.47006 2.8
      vertex 0 3.5 5.8
      vertex 0.456841 3.47006 5.8
    endloop
  endfacet
  facet normal 0.0653967 0.997859 0
    outer loop
      vertex 0 3.5 5.8
      vertex 0.456841 3.47006 2.8
      vertex 0 3.5 2.8
    endloop
  endfacet
  facet normal -0.442288 0.896873 0
    outer loop
      vertex -1.33939 3.23358 2.8
      vertex -1.75 3.03109 5.8
      vertex -1.33939 3.23358 5.8
    endloop
  endfacet
  facet normal -0.442288 0.896873 0
    outer loop
      vertex -1.75 3.03109 5.8
      vertex -1.33939 3.23358 2.8
      vertex -1.75 3.03109 2.8
    endloop
  endfacet
  facet normal 0.831468 -0.555572 0
    outer loop
      vertex 2.77674 -2.13066 5.8
      vertex 3.03109 -1.75 2.8
      vertex 3.03109 -1.75 5.8
    endloop
  endfacet
  facet normal 0.831468 -0.555572 0
    outer loop
      vertex 3.03109 -1.75 2.8
      vertex 2.77674 -2.13066 5.8
      vertex 2.77674 -2.13066 2.8
    endloop
  endfacet
  facet normal -0.997859 -0.0653967 0
    outer loop
      vertex -3.47006 -0.456841 2.8
      vertex -3.5 0 5.8
      vertex -3.5 0 2.8
    endloop
  endfacet
  facet normal -0.997859 -0.0653967 0
    outer loop
      vertex -3.5 0 5.8
      vertex -3.47006 -0.456841 2.8
      vertex -3.47006 -0.456841 5.8
    endloop
  endfacet
  facet normal -0.946931 -0.321437 0
    outer loop
      vertex -3.23358 -1.33939 2.8
      vertex -3.38074 -0.905867 5.8
      vertex -3.38074 -0.905867 2.8
    endloop
  endfacet
  facet normal -0.946931 -0.321437 0
    outer loop
      vertex -3.38074 -0.905867 5.8
      vertex -3.23358 -1.33939 2.8
      vertex -3.23358 -1.33939 5.8
    endloop
  endfacet
  facet normal -0.659353 -0.751833 0
    outer loop
      vertex -2.47487 -2.47487 2.8
      vertex -2.13066 -2.77674 5.8
      vertex -2.47487 -2.47487 5.8
    endloop
  endfacet
  facet normal -0.659353 -0.751833 -0
    outer loop
      vertex -2.13066 -2.77674 5.8
      vertex -2.47487 -2.47487 2.8
      vertex -2.13066 -2.77674 2.8
    endloop
  endfacet
  facet normal 0.442288 0.896873 -0
    outer loop
      vertex 1.75 3.03109 2.8
      vertex 1.33939 3.23358 5.8
      vertex 1.75 3.03109 5.8
    endloop
  endfacet
  facet normal 0.442288 0.896873 0
    outer loop
      vertex 1.33939 3.23358 5.8
      vertex 1.75 3.03109 2.8
      vertex 1.33939 3.23358 2.8
    endloop
  endfacet
  facet normal -0.195097 0.980784 0
    outer loop
      vertex -0.456841 3.47006 2.8
      vertex -0.905867 3.38074 5.8
      vertex -0.456841 3.47006 5.8
    endloop
  endfacet
  facet normal -0.195097 0.980784 0
    outer loop
      vertex -0.905867 3.38074 5.8
      vertex -0.456841 3.47006 2.8
      vertex -0.905867 3.38074 2.8
    endloop
  endfacet
  facet normal 0.751833 0.659353 0
    outer loop
      vertex 2.77674 2.13066 5.8
      vertex 2.47487 2.47487 2.8
      vertex 2.47487 2.47487 5.8
    endloop
  endfacet
  facet normal 0.751833 0.659353 0
    outer loop
      vertex 2.47487 2.47487 2.8
      vertex 2.77674 2.13066 5.8
      vertex 2.77674 2.13066 2.8
    endloop
  endfacet
  facet normal 0.195097 0.980784 -0
    outer loop
      vertex 0.905867 3.38074 2.8
      vertex 0.456841 3.47006 5.8
      vertex 0.905867 3.38074 5.8
    endloop
  endfacet
  facet normal 0.195097 0.980784 0
    outer loop
      vertex 0.456841 3.47006 5.8
      vertex 0.905867 3.38074 2.8
      vertex 0.456841 3.47006 2.8
    endloop
  endfacet
  facet normal 0.751833 -0.659353 0
    outer loop
      vertex 2.47487 -2.47487 5.8
      vertex 2.77674 -2.13066 2.8
      vertex 2.77674 -2.13066 5.8
    endloop
  endfacet
  facet normal 0.751833 -0.659353 0
    outer loop
      vertex 2.77674 -2.13066 2.8
      vertex 2.47487 -2.47487 5.8
      vertex 2.47487 -2.47487 2.8
    endloop
  endfacet
  facet normal -0.442288 -0.896873 0
    outer loop
      vertex -1.75 -3.03109 2.8
      vertex -1.33939 -3.23358 5.8
      vertex -1.75 -3.03109 5.8
    endloop
  endfacet
  facet normal -0.442288 -0.896873 -0
    outer loop
      vertex -1.33939 -3.23358 5.8
      vertex -1.75 -3.03109 2.8
      vertex -1.33939 -3.23358 2.8
    endloop
  endfacet
  facet normal -0.980784 0.195097 0
    outer loop
      vertex -3.47006 0.456841 2.8
      vertex -3.38074 0.905867 5.8
      vertex -3.38074 0.905867 2.8
    endloop
  endfacet
  facet normal -0.980784 0.195097 0
    outer loop
      vertex -3.38074 0.905867 5.8
      vertex -3.47006 0.456841 2.8
      vertex -3.47006 0.456841 5.8
    endloop
  endfacet
  facet normal 0.0653967 -0.997859 0
    outer loop
      vertex 0 -3.5 2.8
      vertex 0.456841 -3.47006 5.8
      vertex 0 -3.5 5.8
    endloop
  endfacet
  facet normal 0.0653967 -0.997859 0
    outer loop
      vertex 0.456841 -3.47006 5.8
      vertex 0 -3.5 2.8
      vertex 0.456841 -3.47006 2.8
    endloop
  endfacet
  facet normal 0.442288 -0.896873 0
    outer loop
      vertex 1.33939 -3.23358 2.8
      vertex 1.75 -3.03109 5.8
      vertex 1.33939 -3.23358 5.8
    endloop
  endfacet
  facet normal 0.442288 -0.896873 0
    outer loop
      vertex 1.75 -3.03109 5.8
      vertex 1.33939 -3.23358 2.8
      vertex 1.75 -3.03109 2.8
    endloop
  endfacet
  facet normal 0.659353 -0.751833 0
    outer loop
      vertex 2.13066 -2.77674 2.8
      vertex 2.47487 -2.47487 5.8
      vertex 2.13066 -2.77674 5.8
    endloop
  endfacet
  facet normal 0.659353 -0.751833 0
    outer loop
      vertex 2.47487 -2.47487 5.8
      vertex 2.13066 -2.77674 2.8
      vertex 2.47487 -2.47487 2.8
    endloop
  endfacet
  facet normal -0.896873 -0.442288 0
    outer loop
      vertex -3.03109 -1.75 2.8
      vertex -3.23358 -1.33939 5.8
      vertex -3.23358 -1.33939 2.8
    endloop
  endfacet
  facet normal -0.896873 -0.442288 0
    outer loop
      vertex -3.23358 -1.33939 5.8
      vertex -3.03109 -1.75 2.8
      vertex -3.03109 -1.75 5.8
    endloop
  endfacet
  facet normal 0.896873 -0.442288 0
    outer loop
      vertex 3.03109 -1.75 5.8
      vertex 3.23358 -1.33939 2.8
      vertex 3.23358 -1.33939 5.8
    endloop
  endfacet
  facet normal 0.896873 -0.442288 0
    outer loop
      vertex 3.23358 -1.33939 2.8
      vertex 3.03109 -1.75 5.8
      vertex 3.03109 -1.75 2.8
    endloop
  endfacet
  facet normal 0.659353 0.751833 -0
    outer loop
      vertex 2.47487 2.47487 2.8
      vertex 2.13066 2.77674 5.8
      vertex 2.47487 2.47487 5.8
    endloop
  endfacet
  facet normal 0.659353 0.751833 0
    outer loop
      vertex 2.13066 2.77674 5.8
      vertex 2.47487 2.47487 2.8
      vertex 2.13066 2.77674 2.8
    endloop
  endfacet
  facet normal 0.997859 -0.0653967 0
    outer loop
      vertex 3.47006 -0.456841 5.8
      vertex 3.5 0 2.8
      vertex 3.5 0 5.8
    endloop
  endfacet
  facet normal 0.997859 -0.0653967 0
    outer loop
      vertex 3.5 0 2.8
      vertex 3.47006 -0.456841 5.8
      vertex 3.47006 -0.456841 2.8
    endloop
  endfacet
  facet normal -0.555572 -0.831468 0
    outer loop
      vertex -2.13066 -2.77674 2.8
      vertex -1.75 -3.03109 5.8
      vertex -2.13066 -2.77674 5.8
    endloop
  endfacet
  facet normal -0.555572 -0.831468 -0
    outer loop
      vertex -1.75 -3.03109 5.8
      vertex -2.13066 -2.77674 2.8
      vertex -1.75 -3.03109 2.8
    endloop
  endfacet
  facet normal 0.896873 0.442288 0
    outer loop
      vertex 3.23358 1.33939 5.8
      vertex 3.03109 1.75 2.8
      vertex 3.03109 1.75 5.8
    endloop
  endfacet
  facet normal 0.896873 0.442288 0
    outer loop
      vertex 3.03109 1.75 2.8
      vertex 3.23358 1.33939 5.8
      vertex 3.23358 1.33939 2.8
    endloop
  endfacet
  facet normal 0.980784 -0.195097 0
    outer loop
      vertex 3.38074 -0.905867 5.8
      vertex 3.47006 -0.456841 2.8
      vertex 3.47006 -0.456841 5.8
    endloop
  endfacet
  facet normal 0.980784 -0.195097 0
    outer loop
      vertex 3.47006 -0.456841 2.8
      vertex 3.38074 -0.905867 5.8
      vertex 3.38074 -0.905867 2.8
    endloop
  endfacet
  facet normal 0.946931 0.321437 0
    outer loop
      vertex 3.38074 0.905867 5.8
      vertex 3.23358 1.33939 2.8
      vertex 3.23358 1.33939 5.8
    endloop
  endfacet
  facet normal 0.946931 0.321437 0
    outer loop
      vertex 3.23358 1.33939 2.8
      vertex 3.38074 0.905867 5.8
      vertex 3.38074 0.905867 2.8
    endloop
  endfacet
  facet normal -0.0653967 0.997859 0
    outer loop
      vertex 0 3.5 2.8
      vertex -0.456841 3.47006 5.8
      vertex 0 3.5 5.8
    endloop
  endfacet
  facet normal -0.0653967 0.997859 0
    outer loop
      vertex -0.456841 3.47006 5.8
      vertex 0 3.5 2.8
      vertex -0.456841 3.47006 2.8
    endloop
  endfacet
  facet normal -0.980784 -0.195097 0
    outer loop
      vertex -3.38074 -0.905867 2.8
      vertex -3.47006 -0.456841 5.8
      vertex -3.47006 -0.456841 2.8
    endloop
  endfacet
  facet normal -0.980784 -0.195097 0
    outer loop
      vertex -3.47006 -0.456841 5.8
      vertex -3.38074 -0.905867 2.8
      vertex -3.38074 -0.905867 5.8
    endloop
  endfacet
  facet normal 0 0 1
    outer loop
      vertex 1.225 0 5.8
      vertex 3.5 0 5.8
      vertex 3.47006 0.456841 5.8
    endloop
  endfacet
  facet normal 0 0 1
    outer loop
      vertex 1.21452 0.159894 5.8
      vertex 3.47006 0.456841 5.8
      vertex 3.38074 0.905867 5.8
    endloop
  endfacet
  facet normal 0 0 1
    outer loop
      vertex 3.5 0 5.8
      vertex 1.225 0 5.8
      vertex 3.47006 -0.456841 5.8
    endloop
  endfacet
  facet normal 0 0 1
    outer loop
      vertex 1.18326 0.317053 5.8
      vertex 3.38074 0.905867 5.8
      vertex 3.23358 1.33939 5.8
    endloop
  endfacet
  facet normal -0 0 1
    outer loop
      vertex 1.21452 -0.159894 5.8
      vertex 3.47006 -0.456841 5.8
      vertex 1.225 0 5.8
    endloop
  endfacet
  facet normal 0 0 1
    outer loop
      vertex 1.13175 0.468787 5.8
      vertex 3.23358 1.33939 5.8
      vertex 3.03109 1.75 5.8
    endloop
  endfacet
  facet normal 0 0 1
    outer loop
      vertex 3.47006 -0.456841 5.8
      vertex 1.21452 -0.159894 5.8
      vertex 3.38074 -0.905867 5.8
    endloop
  endfacet
  facet normal 0 0 1
    outer loop
      vertex 1.06088 0.612499 5.8
      vertex 3.03109 1.75 5.8
      vertex 2.77674 2.13066 5.8
    endloop
  endfacet
  facet normal -0 0 1
    outer loop
      vertex 1.18326 -0.317053 5.8
      vertex 3.38074 -0.905867 5.8
      vertex 1.21452 -0.159894 5.8
    endloop
  endfacet
  facet normal 0 0 1
    outer loop
      vertex 0.971857 0.745732 5.8
      vertex 2.77674 2.13066 5.8
      vertex 2.47487 2.47487 5.8
    endloop
  endfacet
  facet normal 0 0 1
    outer loop
      vertex 3.38074 -0.905867 5.8
      vertex 1.18326 -0.317053 5.8
      vertex 3.23358 -1.33939 5.8
    endloop
  endfacet
  facet normal 0 0 1
    outer loop
      vertex 0.866205 0.866205 5.8
      vertex 2.47487 2.47487 5.8
      vertex 2.13066 2.77674 5.8
    endloop
  endfacet
  facet normal -0 0 1
    outer loop
      vertex 1.13175 -0.468787 5.8
      vertex 3.23358 -1.33939 5.8
      vertex 1.18326 -0.317053 5.8
    endloop
  endfacet
  facet normal 0 0 1
    outer loop
      vertex 0.745732 0.971857 5.8
      vertex 2.13066 2.77674 5.8
      vertex 1.75 3.03109 5.8
    endloop
  endfacet
  facet normal 0 0 1
    outer loop
      vertex 3.23358 -1.33939 5.8
      vertex 1.13175 -0.468787 5.8
      vertex 3.03109 -1.75 5.8
    endloop
  endfacet
  facet normal 0 0 1
    outer loop
      vertex 0.612499 1.06088 5.8
      vertex 1.75 3.03109 5.8
      vertex 1.33939 3.23358 5.8
    endloop
  endfacet
  facet normal -0 0 1
    outer loop
      vertex 1.06088 -0.612499 5.8
      vertex 3.03109 -1.75 5.8
      vertex 1.13175 -0.468787 5.8
    endloop
  endfacet
  facet normal 0 0 1
    outer loop
      vertex 3.03109 -1.75 5.8
      vertex 1.06088 -0.612499 5.8
      vertex 2.77674 -2.13066 5.8
    endloop
  endfacet
  facet normal 0 0 1
    outer loop
      vertex 3.47006 0.456841 5.8
      vertex 1.21452 0.159894 5.8
      vertex 1.225 0 5.8
    endloop
  endfacet
  facet normal 0 0 1
    outer loop
      vertex 3.38074 0.905867 5.8
      vertex 1.18326 0.317053 5.8
      vertex 1.21452 0.159894 5.8
    endloop
  endfacet
  facet normal 0 0 1
    outer loop
      vertex 3.23358 1.33939 5.8
      vertex 1.13175 0.468787 5.8
      vertex 1.18326 0.317053 5.8
    endloop
  endfacet
  facet normal 0 0 1
    outer loop
      vertex 3.03109 1.75 5.8
      vertex 1.06088 0.612499 5.8
      vertex 1.13175 0.468787 5.8
    endloop
  endfacet
  facet normal 0 0 1
    outer loop
      vertex 2.77674 2.13066 5.8
      vertex 0.971857 0.745732 5.8
      vertex 1.06088 0.612499 5.8
    endloop
  endfacet
  facet normal 0 0 1
    outer loop
      vertex 0.468787 1.13175 5.8
      vertex 1.33939 3.23358 5.8
      vertex 0.905867 3.38074 5.8
    endloop
  endfacet
  facet normal 0 0 1
    outer loop
      vertex 2.47487 2.47487 5.8
      vertex 0.866205 0.866205 5.8
      vertex 0.971857 0.745732 5.8
    endloop
  endfacet
  facet normal 0 0 1
    outer loop
      vertex 2.13066 2.77674 5.8
      vertex 0.745732 0.971857 5.8
      vertex 0.866205 0.866205 5.8
    endloop
  endfacet
  facet normal 0 0 1
    outer loop
      vertex 1.75 3.03109 5.8
      vertex 0.612499 1.06088 5.8
      vertex 0.745732 0.971857 5.8
    endloop
  endfacet
  facet normal 0 0 1
    outer loop
      vertex 1.33939 3.23358 5.8
      vertex 0.468787 1.13175 5.8
      vertex 0.612499 1.06088 5.8
    endloop
  endfacet
  facet normal 0 0 1
    outer loop
      vertex 0.317053 1.18326 5.8
      vertex 0.905867 3.38074 5.8
      vertex 0.456841 3.47006 5.8
    endloop
  endfacet
  facet normal 0 0 1
    outer loop
      vertex 0.905867 3.38074 5.8
      vertex 0.317053 1.18326 5.8
      vertex 0.468787 1.13175 5.8
    endloop
  endfacet
  facet normal 0 0 1
    outer loop
      vertex 0.456841 3.47006 5.8
      vertex 0.159894 1.21452 5.8
      vertex 0.317053 1.18326 5.8
    endloop
  endfacet
  facet normal 0 0 1
    outer loop
      vertex 0 3.5 5.8
      vertex 0.159894 1.21452 5.8
      vertex 0.456841 3.47006 5.8
    endloop
  endfacet
  facet normal 0 0 1
    outer loop
      vertex 0 3.5 5.8
      vertex 0 1.225 5.8
      vertex 0.159894 1.21452 5.8
    endloop
  endfacet
  facet normal 0 0 1
    outer loop
      vertex 0 3.5 5.8
      vertex -0.159894 1.21452 5.8
      vertex 0 1.225 5.8
    endloop
  endfacet
  facet normal -0 0 1
    outer loop
      vertex -0.456841 3.47006 5.8
      vertex -0.159894 1.21452 5.8
      vertex 0 3.5 5.8
    endloop
  endfacet
  facet normal 0 0 1
    outer loop
      vertex -0.159894 1.21452 5.8
      vertex -0.456841 3.47006 5.8
      vertex -0.317053 1.18326 5.8
    endloop
  endfacet
  facet normal -0 0 1
    outer loop
      vertex -0.905867 3.38074 5.8
      vertex -0.317053 1.18326 5.8
      vertex -0.456841 3.47006 5.8
    endloop
  endfacet
  facet normal 0 0 1
    outer loop
      vertex -0.317053 1.18326 5.8
      vertex -0.905867 3.38074 5.8
      vertex -0.468787 1.13175 5.8
    endloop
  endfacet
  facet normal -0 0 1
    outer loop
      vertex -1.33939 3.23358 5.8
      vertex -0.468787 1.13175 5.8
      vertex -0.905867 3.38074 5.8
    endloop
  endfacet
  facet normal 0 0 1
    outer loop
      vertex -0.468787 1.13175 5.8
      vertex -1.33939 3.23358 5.8
      vertex -0.612499 1.06088 5.8
    endloop
  endfacet
  facet normal -0 0 1
    outer loop
      vertex -1.75 3.03109 5.8
      vertex -0.612499 1.06088 5.8
      vertex -1.33939 3.23358 5.8
    endloop
  endfacet
  facet normal 0 0 1
    outer loop
      vertex -0.612499 1.06088 5.8
      vertex -1.75 3.03109 5.8
      vertex -0.745732 0.971857 5.8
    endloop
  endfacet
  facet normal -0 0 1
    outer loop
      vertex -2.13066 2.77674 5.8
      vertex -0.745732 0.971857 5.8
      vertex -1.75 3.03109 5.8
    endloop
  endfacet
  facet normal 0 0 1
    outer loop
      vertex -0.745732 0.971857 5.8
      vertex -2.13066 2.77674 5.8
      vertex -0.866205 0.866205 5.8
    endloop
  endfacet
  facet normal -0 0 1
    outer loop
      vertex -2.47487 2.47487 5.8
      vertex -0.866205 0.866205 5.8
      vertex -2.13066 2.77674 5.8
    endloop
  endfacet
  facet normal 0 0 1
    outer loop
      vertex -0.866205 0.866205 5.8
      vertex -2.47487 2.47487 5.8
      vertex -0.971857 0.745732 5.8
    endloop
  endfacet
  facet normal 0 0 1
    outer loop
      vertex -0.971857 0.745732 5.8
      vertex -2.77674 2.13066 5.8
      vertex -1.06088 0.612499 5.8
    endloop
  endfacet
  facet normal -0 0 1
    outer loop
      vertex -2.77674 2.13066 5.8
      vertex -0.971857 0.745732 5.8
      vertex -2.47487 2.47487 5.8
    endloop
  endfacet
  facet normal -0 0 1
    outer loop
      vertex 0.971857 -0.745732 5.8
      vertex 2.77674 -2.13066 5.8
      vertex 1.06088 -0.612499 5.8
    endloop
  endfacet
  facet normal 0 0 1
    outer loop
      vertex 2.77674 -2.13066 5.8
      vertex 0.971857 -0.745732 5.8
      vertex 2.47487 -2.47487 5.8
    endloop
  endfacet
  facet normal -0 0 1
    outer loop
      vertex 0.866205 -0.866205 5.8
      vertex 2.47487 -2.47487 5.8
      vertex 0.971857 -0.745732 5.8
    endloop
  endfacet
  facet normal 0 0 1
    outer loop
      vertex 2.47487 -2.47487 5.8
      vertex 0.866205 -0.866205 5.8
      vertex 2.13066 -2.77674 5.8
    endloop
  endfacet
  facet normal -0 0 1
    outer loop
      vertex 0.745732 -0.971857 5.8
      vertex 2.13066 -2.77674 5.8
      vertex 0.866205 -0.866205 5.8
    endloop
  endfacet
  facet normal 0 0 1
    outer loop
      vertex 2.13066 -2.77674 5.8
      vertex 0.745732 -0.971857 5.8
      vertex 1.75 -3.03109 5.8
    endloop
  endfacet
  facet normal -0 0 1
    outer loop
      vertex 0.612499 -1.06088 5.8
      vertex 1.75 -3.03109 5.8
      vertex 0.745732 -0.971857 5.8
    endloop
  endfacet
  facet normal 0 0 1
    outer loop
      vertex 1.75 -3.03109 5.8
      vertex 0.612499 -1.06088 5.8
      vertex 1.33939 -3.23358 5.8
    endloop
  endfacet
  facet normal -0 0 1
    outer loop
      vertex 0.468787 -1.13175 5.8
      vertex 1.33939 -3.23358 5.8
      vertex 0.612499 -1.06088 5.8
    endloop
  endfacet
  facet normal 0 0 1
    outer loop
      vertex 1.33939 -3.23358 5.8
      vertex 0.468787 -1.13175 5.8
      vertex 0.905867 -3.38074 5.8
    endloop
  endfacet
  facet normal -0 0 1
    outer loop
      vertex 0.317053 -1.18326 5.8
      vertex 0.905867 -3.38074 5.8
      vertex 0.468787 -1.13175 5.8
    endloop
  endfacet
  facet normal 0 0 1
    outer loop
      vertex 0.905867 -3.38074 5.8
      vertex 0.317053 -1.18326 5.8
      vertex 0.456841 -3.47006 5.8
    endloop
  endfacet
  facet normal -0 0 1
    outer loop
      vertex 0.159894 -1.21452 5.8
      vertex 0.456841 -3.47006 5.8
      vertex 0.317053 -1.18326 5.8
    endloop
  endfacet
  facet normal -0 0 1
    outer loop
      vertex 0 -1.225 5.8
      vertex 0.456841 -3.47006 5.8
      vertex 0.159894 -1.21452 5.8
    endloop
  endfacet
  facet normal 0 0 1
    outer loop
      vertex 0 -1.225 5.8
      vertex 0 -3.5 5.8
      vertex 0.456841 -3.47006 5.8
    endloop
  endfacet
  facet normal 0 0 1
    outer loop
      vertex -0.159894 -1.21452 5.8
      vertex 0 -3.5 5.8
      vertex 0 -1.225 5.8
    endloop
  endfacet
  facet normal 0 0 1
    outer loop
      vertex -0.456841 -3.47006 5.8
      vertex -0.159894 -1.21452 5.8
      vertex -0.317053 -1.18326 5.8
    endloop
  endfacet
  facet normal 0 0 1
    outer loop
      vertex -0.159894 -1.21452 5.8
      vertex -0.456841 -3.47006 5.8
      vertex 0 -3.5 5.8
    endloop
  endfacet
  facet normal 0 0 1
    outer loop
      vertex -0.905867 -3.38074 5.8
      vertex -0.317053 -1.18326 5.8
      vertex -0.468787 -1.13175 5.8
    endloop
  endfacet
  facet normal 0 0 1
    outer loop
      vertex -1.33939 -3.23358 5.8
      vertex -0.468787 -1.13175 5.8
      vertex -0.612499 -1.06088 5.8
    endloop
  endfacet
  facet normal 0 0 1
    outer loop
      vertex -1.75 -3.03109 5.8
      vertex -0.612499 -1.06088 5.8
      vertex -0.745732 -0.971857 5.8
    endloop
  endfacet
  facet normal 0 0 1
    outer loop
      vertex -2.13066 -2.77674 5.8
      vertex -0.745732 -0.971857 5.8
      vertex -0.866205 -0.866205 5.8
    endloop
  endfacet
  facet normal 0 0 1
    outer loop
      vertex -0.317053 -1.18326 5.8
      vertex -0.905867 -3.38074 5.8
      vertex -0.456841 -3.47006 5.8
    endloop
  endfacet
  facet normal 0 0 1
    outer loop
      vertex -2.47487 -2.47487 5.8
      vertex -0.866205 -0.866205 5.8
      vertex -0.971857 -0.745732 5.8
    endloop
  endfacet
  facet normal 0 0 1
    outer loop
      vertex -2.77674 -2.13066 5.8
      vertex -0.971857 -0.745732 5.8
      vertex -1.06088 -0.612499 5.8
    endloop
  endfacet
  facet normal 0 0 1
    outer loop
      vertex -3.03109 -1.75 5.8
      vertex -1.06088 -0.612499 5.8
      vertex -1.13175 -0.468787 5.8
    endloop
  endfacet
  facet normal 0 0 1
    outer loop
      vertex -3.23358 -1.33939 5.8
      vertex -1.13175 -0.468787 5.8
      vertex -1.18326 -0.317053 5.8
    endloop
  endfacet
  facet normal 0 0 1
    outer loop
      vertex -3.38074 -0.905867 5.8
      vertex -1.18326 -0.317053 5.8
      vertex -1.21452 -0.159894 5.8
    endloop
  endfacet
  facet normal 0 0 1
    outer loop
      vertex -0.468787 -1.13175 5.8
      vertex -1.33939 -3.23358 5.8
      vertex -0.905867 -3.38074 5.8
    endloop
  endfacet
  facet normal 0 0 1
    outer loop
      vertex -3.47006 -0.456841 5.8
      vertex -1.21452 -0.159894 5.8
      vertex -1.225 0 5.8
    endloop
  endfacet
  facet normal -0 0 1
    outer loop
      vertex -3.03109 1.75 5.8
      vertex -1.06088 0.612499 5.8
      vertex -2.77674 2.13066 5.8
    endloop
  endfacet
  facet normal 0 0 1
    outer loop
      vertex -1.06088 0.612499 5.8
      vertex -3.03109 1.75 5.8
      vertex -1.13175 0.468787 5.8
    endloop
  endfacet
  facet normal 0 0 1
    outer loop
      vertex -0.612499 -1.06088 5.8
      vertex -1.75 -3.03109 5.8
      vertex -1.33939 -3.23358 5.8
    endloop
  endfacet
  facet normal -0 0 1
    outer loop
      vertex -3.23358 1.33939 5.8
      vertex -1.13175 0.468787 5.8
      vertex -3.03109 1.75 5.8
    endloop
  endfacet
  facet normal 0 0 1
    outer loop
      vertex -0.745732 -0.971857 5.8
      vertex -2.13066 -2.77674 5.8
      vertex -1.75 -3.03109 5.8
    endloop
  endfacet
  facet normal 0 0 1
    outer loop
      vertex -1.13175 0.468787 5.8
      vertex -3.23358 1.33939 5.8
      vertex -1.18326 0.317053 5.8
    endloop
  endfacet
  facet normal 0 0 1
    outer loop
      vertex -0.866205 -0.866205 5.8
      vertex -2.47487 -2.47487 5.8
      vertex -2.13066 -2.77674 5.8
    endloop
  endfacet
  facet normal -0 0 1
    outer loop
      vertex -3.38074 0.905867 5.8
      vertex -1.18326 0.317053 5.8
      vertex -3.23358 1.33939 5.8
    endloop
  endfacet
  facet normal 0 0 1
    outer loop
      vertex -0.971857 -0.745732 5.8
      vertex -2.77674 -2.13066 5.8
      vertex -2.47487 -2.47487 5.8
    endloop
  endfacet
  facet normal 0 0 1
    outer loop
      vertex -1.18326 0.317053 5.8
      vertex -3.38074 0.905867 5.8
      vertex -1.21452 0.159894 5.8
    endloop
  endfacet
  facet normal 0 0 1
    outer loop
      vertex -1.06088 -0.612499 5.8
      vertex -3.03109 -1.75 5.8
      vertex -2.77674 -2.13066 5.8
    endloop
  endfacet
  facet normal -0 0 1
    outer loop
      vertex -3.47006 0.456841 5.8
      vertex -1.21452 0.159894 5.8
      vertex -3.38074 0.905867 5.8
    endloop
  endfacet
  facet normal 0 0 1
    outer loop
      vertex -1.13175 -0.468787 5.8
      vertex -3.23358 -1.33939 5.8
      vertex -3.03109 -1.75 5.8
    endloop
  endfacet
  facet normal 0 0 1
    outer loop
      vertex -1.21452 0.159894 5.8
      vertex -3.47006 0.456841 5.8
      vertex -1.225 0 5.8
    endloop
  endfacet
  facet normal 0 0 1
    outer loop
      vertex -1.18326 -0.317053 5.8
      vertex -3.38074 -0.905867 5.8
      vertex -3.23358 -1.33939 5.8
    endloop
  endfacet
  facet normal 0 0 1
    outer loop
      vertex -3.5 0 5.8
      vertex -1.225 0 5.8
      vertex -3.47006 0.456841 5.8
    endloop
  endfacet
  facet normal 0 0 1
    outer loop
      vertex -1.21452 -0.159894 5.8
      vertex -3.47006 -0.456841 5.8
      vertex -3.38074 -0.905867 5.8
    endloop
  endfacet
  facet normal 0 0 1
    outer loop
      vertex -1.225 0 5.8
      vertex -3.5 0 5.8
      vertex -3.47006 -0.456841 5.8
    endloop
  endfacet
  facet normal -0.195097 -0.980784 0
    outer loop
      vertex -0.905867 -3.38074 2.8
      vertex -0.456841 -3.47006 5.8
      vertex -0.905867 -3.38074 5.8
    endloop
  endfacet
  facet normal -0.195097 -0.980784 -0
    outer loop
      vertex -0.456841 -3.47006 5.8
      vertex -0.905867 -3.38074 2.8
      vertex -0.456841 -3.47006 2.8
    endloop
  endfacet
  facet normal -0.831468 0.555572 0
    outer loop
      vertex -3.03109 1.75 2.8
      vertex -2.77674 2.13066 5.8
      vertex -2.77674 2.13066 2.8
    endloop
  endfacet
  facet normal -0.831468 0.555572 0
    outer loop
      vertex -2.77674 2.13066 5.8
      vertex -3.03109 1.75 2.8
      vertex -3.03109 1.75 5.8
    endloop
  endfacet
  facet normal -0.0653967 -0.997859 0
    outer loop
      vertex -0.456841 -3.47006 2.8
      vertex 0 -3.5 5.8
      vertex -0.456841 -3.47006 5.8
    endloop
  endfacet
  facet normal -0.0653967 -0.997859 -0
    outer loop
      vertex 0 -3.5 5.8
      vertex -0.456841 -3.47006 2.8
      vertex 0 -3.5 2.8
    endloop
  endfacet
  facet normal 0.980786 0.195085 0
    outer loop
      vertex 1.21452 0.159894 8.8
      vertex 1.18326 0.317053 5.8
      vertex 1.18326 0.317053 8.8
    endloop
  endfacet
  facet normal 0.980786 0.195085 0
    outer loop
      vertex 1.18326 0.317053 5.8
      vertex 1.21452 0.159894 8.8
      vertex 1.21452 0.159894 5.8
    endloop
  endfacet
  facet normal 0.997859 0.0654031 0
    outer loop
      vertex 1.225 0 8.8
      vertex 1.21452 0.159894 5.8
      vertex 1.21452 0.159894 8.8
    endloop
  endfacet
  facet normal 0.997859 0.0654031 0
    outer loop
      vertex 1.21452 0.159894 5.8
      vertex 1.225 0 8.8
      vertex 1.225 0 5.8
    endloop
  endfacet
  facet normal 0.831471 0.555568 0
    outer loop
      vertex 1.06088 0.612499 8.8
      vertex 0.971857 0.745732 5.8
      vertex 0.971857 0.745732 8.8
    endloop
  endfacet
  facet normal 0.831471 0.555568 0
    outer loop
      vertex 0.971857 0.745732 5.8
      vertex 1.06088 0.612499 8.8
      vertex 1.06088 0.612499 5.8
    endloop
  endfacet
  facet normal 0.896875 -0.442284 0
    outer loop
      vertex 1.06088 -0.612499 8.8
      vertex 1.13175 -0.468787 5.8
      vertex 1.13175 -0.468787 8.8
    endloop
  endfacet
  facet normal 0.896875 -0.442284 0
    outer loop
      vertex 1.13175 -0.468787 5.8
      vertex 1.06088 -0.612499 8.8
      vertex 1.06088 -0.612499 5.8
    endloop
  endfacet
  facet normal 0.659346 0.75184 -0
    outer loop
      vertex 0.866205 0.866205 5.8
      vertex 0.745732 0.971857 8.8
      vertex 0.866205 0.866205 8.8
    endloop
  endfacet
  facet normal 0.659346 0.75184 0
    outer loop
      vertex 0.745732 0.971857 8.8
      vertex 0.866205 0.866205 5.8
      vertex 0.745732 0.971857 5.8
    endloop
  endfacet
  facet normal -0.555568 -0.831471 0
    outer loop
      vertex -0.745732 -0.971857 5.8
      vertex -0.612499 -1.06088 8.8
      vertex -0.745732 -0.971857 8.8
    endloop
  endfacet
  facet normal -0.555568 -0.831471 -0
    outer loop
      vertex -0.612499 -1.06088 8.8
      vertex -0.745732 -0.971857 5.8
      vertex -0.612499 -1.06088 5.8
    endloop
  endfacet
  facet normal 0.555568 0.831471 -0
    outer loop
      vertex 0.745732 0.971857 5.8
      vertex 0.612499 1.06088 8.8
      vertex 0.745732 0.971857 8.8
    endloop
  endfacet
  facet normal 0.555568 0.831471 0
    outer loop
      vertex 0.612499 1.06088 8.8
      vertex 0.745732 0.971857 5.8
      vertex 0.612499 1.06088 5.8
    endloop
  endfacet
  facet normal 0.659346 -0.75184 0
    outer loop
      vertex 0.745732 -0.971857 5.8
      vertex 0.866205 -0.866205 8.8
      vertex 0.745732 -0.971857 8.8
    endloop
  endfacet
  facet normal 0.659346 -0.75184 0
    outer loop
      vertex 0.866205 -0.866205 8.8
      vertex 0.745732 -0.971857 5.8
      vertex 0.866205 -0.866205 5.8
    endloop
  endfacet
  facet normal 0.831471 -0.555568 0
    outer loop
      vertex 0.971857 -0.745732 8.8
      vertex 1.06088 -0.612499 5.8
      vertex 1.06088 -0.612499 8.8
    endloop
  endfacet
  facet normal 0.831471 -0.555568 0
    outer loop
      vertex 1.06088 -0.612499 5.8
      vertex 0.971857 -0.745732 8.8
      vertex 0.971857 -0.745732 5.8
    endloop
  endfacet
  facet normal -0.321458 -0.946924 0
    outer loop
      vertex -0.468787 -1.13175 5.8
      vertex -0.317053 -1.18326 8.8
      vertex -0.468787 -1.13175 8.8
    endloop
  endfacet
  facet normal -0.321458 -0.946924 -0
    outer loop
      vertex -0.317053 -1.18326 8.8
      vertex -0.468787 -1.13175 5.8
      vertex -0.317053 -1.18326 5.8
    endloop
  endfacet
  facet normal 0.946924 -0.321458 0
    outer loop
      vertex 1.13175 -0.468787 8.8
      vertex 1.18326 -0.317053 5.8
      vertex 1.18326 -0.317053 8.8
    endloop
  endfacet
  facet normal 0.946924 -0.321458 0
    outer loop
      vertex 1.18326 -0.317053 5.8
      vertex 1.13175 -0.468787 8.8
      vertex 1.13175 -0.468787 5.8
    endloop
  endfacet
  facet normal 0.321458 0.946924 -0
    outer loop
      vertex 0.468787 1.13175 5.8
      vertex 0.317053 1.18326 8.8
      vertex 0.468787 1.13175 8.8
    endloop
  endfacet
  facet normal 0.321458 0.946924 0
    outer loop
      vertex 0.317053 1.18326 8.8
      vertex 0.468787 1.13175 5.8
      vertex 0.317053 1.18326 5.8
    endloop
  endfacet
  facet normal -0.997859 0.0654031 0
    outer loop
      vertex -1.225 0 5.8
      vertex -1.21452 0.159894 8.8
      vertex -1.21452 0.159894 5.8
    endloop
  endfacet
  facet normal -0.997859 0.0654031 0
    outer loop
      vertex -1.21452 0.159894 8.8
      vertex -1.225 0 5.8
      vertex -1.225 0 8.8
    endloop
  endfacet
  facet normal -0.980786 -0.195085 0
    outer loop
      vertex -1.18326 -0.317053 5.8
      vertex -1.21452 -0.159894 8.8
      vertex -1.21452 -0.159894 5.8
    endloop
  endfacet
  facet normal -0.980786 -0.195085 0
    outer loop
      vertex -1.21452 -0.159894 8.8
      vertex -1.18326 -0.317053 5.8
      vertex -1.18326 -0.317053 8.8
    endloop
  endfacet
  facet normal -0.442284 -0.896875 0
    outer loop
      vertex -0.612499 -1.06088 5.8
      vertex -0.468787 -1.13175 8.8
      vertex -0.612499 -1.06088 8.8
    endloop
  endfacet
  facet normal -0.442284 -0.896875 -0
    outer loop
      vertex -0.468787 -1.13175 8.8
      vertex -0.612499 -1.06088 5.8
      vertex -0.468787 -1.13175 5.8
    endloop
  endfacet
  facet normal 0.195085 -0.980786 0
    outer loop
      vertex 0.159894 -1.21452 5.8
      vertex 0.317053 -1.18326 8.8
      vertex 0.159894 -1.21452 8.8
    endloop
  endfacet
  facet normal 0.195085 -0.980786 0
    outer loop
      vertex 0.317053 -1.18326 8.8
      vertex 0.159894 -1.21452 5.8
      vertex 0.317053 -1.18326 5.8
    endloop
  endfacet
  facet normal 0.75184 -0.659346 0
    outer loop
      vertex 0.866205 -0.866205 8.8
      vertex 0.971857 -0.745732 5.8
      vertex 0.971857 -0.745732 8.8
    endloop
  endfacet
  facet normal 0.75184 -0.659346 0
    outer loop
      vertex 0.971857 -0.745732 5.8
      vertex 0.866205 -0.866205 8.8
      vertex 0.866205 -0.866205 5.8
    endloop
  endfacet
  facet normal -0.659346 -0.75184 0
    outer loop
      vertex -0.866205 -0.866205 5.8
      vertex -0.745732 -0.971857 8.8
      vertex -0.866205 -0.866205 8.8
    endloop
  endfacet
  facet normal -0.659346 -0.75184 -0
    outer loop
      vertex -0.745732 -0.971857 8.8
      vertex -0.866205 -0.866205 5.8
      vertex -0.745732 -0.971857 5.8
    endloop
  endfacet
  facet normal -0.659346 0.75184 0
    outer loop
      vertex -0.745732 0.971857 5.8
      vertex -0.866205 0.866205 8.8
      vertex -0.745732 0.971857 8.8
    endloop
  endfacet
  facet normal -0.659346 0.75184 0
    outer loop
      vertex -0.866205 0.866205 8.8
      vertex -0.745732 0.971857 5.8
      vertex -0.866205 0.866205 5.8
    endloop
  endfacet
  facet normal 0.980786 -0.195085 0
    outer loop
      vertex 1.18326 -0.317053 8.8
      vertex 1.21452 -0.159894 5.8
      vertex 1.21452 -0.159894 8.8
    endloop
  endfacet
  facet normal 0.980786 -0.195085 0
    outer loop
      vertex 1.21452 -0.159894 5.8
      vertex 1.18326 -0.317053 8.8
      vertex 1.18326 -0.317053 5.8
    endloop
  endfacet
  facet normal -0.831471 -0.555568 0
    outer loop
      vertex -0.971857 -0.745732 5.8
      vertex -1.06088 -0.612499 8.8
      vertex -1.06088 -0.612499 5.8
    endloop
  endfacet
  facet normal -0.831471 -0.555568 0
    outer loop
      vertex -1.06088 -0.612499 8.8
      vertex -0.971857 -0.745732 5.8
      vertex -0.971857 -0.745732 8.8
    endloop
  endfacet
  facet normal 0.997859 -0.0654031 0
    outer loop
      vertex 1.21452 -0.159894 8.8
      vertex 1.225 0 5.8
      vertex 1.225 0 8.8
    endloop
  endfacet
  facet normal 0.997859 -0.0654031 0
    outer loop
      vertex 1.225 0 5.8
      vertex 1.21452 -0.159894 8.8
      vertex 1.21452 -0.159894 5.8
    endloop
  endfacet
  facet normal 0.321458 -0.946924 0
    outer loop
      vertex 0.317053 -1.18326 5.8
      vertex 0.468787 -1.13175 8.8
      vertex 0.317053 -1.18326 8.8
    endloop
  endfacet
  facet normal 0.321458 -0.946924 0
    outer loop
      vertex 0.468787 -1.13175 8.8
      vertex 0.317053 -1.18326 5.8
      vertex 0.468787 -1.13175 5.8
    endloop
  endfacet
  facet normal 0.442284 -0.896875 0
    outer loop
      vertex 0.468787 -1.13175 5.8
      vertex 0.612499 -1.06088 8.8
      vertex 0.468787 -1.13175 8.8
    endloop
  endfacet
  facet normal 0.442284 -0.896875 0
    outer loop
      vertex 0.612499 -1.06088 8.8
      vertex 0.468787 -1.13175 5.8
      vertex 0.612499 -1.06088 5.8
    endloop
  endfacet
  facet normal 0.896875 0.442284 0
    outer loop
      vertex 1.13175 0.468787 8.8
      vertex 1.06088 0.612499 5.8
      vertex 1.06088 0.612499 8.8
    endloop
  endfacet
  facet normal 0.896875 0.442284 0
    outer loop
      vertex 1.06088 0.612499 5.8
      vertex 1.13175 0.468787 8.8
      vertex 1.13175 0.468787 5.8
    endloop
  endfacet
  facet normal 0.442284 0.896875 -0
    outer loop
      vertex 0.612499 1.06088 5.8
      vertex 0.468787 1.13175 8.8
      vertex 0.612499 1.06088 8.8
    endloop
  endfacet
  facet normal 0.442284 0.896875 0
    outer loop
      vertex 0.468787 1.13175 8.8
      vertex 0.612499 1.06088 5.8
      vertex 0.468787 1.13175 5.8
    endloop
  endfacet
  facet normal -0.555568 0.831471 0
    outer loop
      vertex -0.612499 1.06088 5.8
      vertex -0.745732 0.971857 8.8
      vertex -0.612499 1.06088 8.8
    endloop
  endfacet
  facet normal -0.555568 0.831471 0
    outer loop
      vertex -0.745732 0.971857 8.8
      vertex -0.612499 1.06088 5.8
      vertex -0.745732 0.971857 5.8
    endloop
  endfacet
  facet normal 0.195085 0.980786 -0
    outer loop
      vertex 0.317053 1.18326 5.8
      vertex 0.159894 1.21452 8.8
      vertex 0.317053 1.18326 8.8
    endloop
  endfacet
  facet normal 0.195085 0.980786 0
    outer loop
      vertex 0.159894 1.21452 8.8
      vertex 0.317053 1.18326 5.8
      vertex 0.159894 1.21452 5.8
    endloop
  endfacet
  facet normal -0.831471 0.555568 0
    outer loop
      vertex -1.06088 0.612499 5.8
      vertex -0.971857 0.745732 8.8
      vertex -0.971857 0.745732 5.8
    endloop
  endfacet
  facet normal -0.831471 0.555568 0
    outer loop
      vertex -0.971857 0.745732 8.8
      vertex -1.06088 0.612499 5.8
      vertex -1.06088 0.612499 8.8
    endloop
  endfacet
  facet normal -0.321458 0.946924 0
    outer loop
      vertex -0.317053 1.18326 5.8
      vertex -0.468787 1.13175 8.8
      vertex -0.317053 1.18326 8.8
    endloop
  endfacet
  facet normal -0.321458 0.946924 0
    outer loop
      vertex -0.468787 1.13175 8.8
      vertex -0.317053 1.18326 5.8
      vertex -0.468787 1.13175 5.8
    endloop
  endfacet
  facet normal -0.195085 0.980786 0
    outer loop
      vertex -0.159894 1.21452 5.8
      vertex -0.317053 1.18326 8.8
      vertex -0.159894 1.21452 8.8
    endloop
  endfacet
  facet normal -0.195085 0.980786 0
    outer loop
      vertex -0.317053 1.18326 8.8
      vertex -0.159894 1.21452 5.8
      vertex -0.317053 1.18326 5.8
    endloop
  endfacet
  facet normal -0.946924 -0.321458 0
    outer loop
      vertex -1.13175 -0.468787 5.8
      vertex -1.18326 -0.317053 8.8
      vertex -1.18326 -0.317053 5.8
    endloop
  endfacet
  facet normal -0.946924 -0.321458 0
    outer loop
      vertex -1.18326 -0.317053 8.8
      vertex -1.13175 -0.468787 5.8
      vertex -1.13175 -0.468787 8.8
    endloop
  endfacet
  facet normal 0.0654031 -0.997859 0
    outer loop
      vertex 0 -1.225 5.8
      vertex 0.159894 -1.21452 8.8
      vertex 0 -1.225 8.8
    endloop
  endfacet
  facet normal 0.0654031 -0.997859 0
    outer loop
      vertex 0.159894 -1.21452 8.8
      vertex 0 -1.225 5.8
      vertex 0.159894 -1.21452 5.8
    endloop
  endfacet
  facet normal -0.0654031 0.997859 0
    outer loop
      vertex 0 1.225 5.8
      vertex -0.159894 1.21452 8.8
      vertex 0 1.225 8.8
    endloop
  endfacet
  facet normal -0.0654031 0.997859 0
    outer loop
      vertex -0.159894 1.21452 8.8
      vertex 0 1.225 5.8
      vertex -0.159894 1.21452 5.8
    endloop
  endfacet
  facet normal -0.75184 -0.659346 0
    outer loop
      vertex -0.866205 -0.866205 5.8
      vertex -0.971857 -0.745732 8.8
      vertex -0.971857 -0.745732 5.8
    endloop
  endfacet
  facet normal -0.75184 -0.659346 0
    outer loop
      vertex -0.971857 -0.745732 8.8
      vertex -0.866205 -0.866205 5.8
      vertex -0.866205 -0.866205 8.8
    endloop
  endfacet
  facet normal 0.0654031 0.997859 -0
    outer loop
      vertex 0.159894 1.21452 5.8
      vertex 0 1.225 8.8
      vertex 0.159894 1.21452 8.8
    endloop
  endfacet
  facet normal 0.0654031 0.997859 0
    outer loop
      vertex 0 1.225 8.8
      vertex 0.159894 1.21452 5.8
      vertex 0 1.225 5.8
    endloop
  endfacet
  facet normal -0.980786 0.195085 0
    outer loop
      vertex -1.21452 0.159894 5.8
      vertex -1.18326 0.317053 8.8
      vertex -1.18326 0.317053 5.8
    endloop
  endfacet
  facet normal -0.980786 0.195085 0
    outer loop
      vertex -1.18326 0.317053 8.8
      vertex -1.21452 0.159894 5.8
      vertex -1.21452 0.159894 8.8
    endloop
  endfacet
  facet normal -0.946924 0.321458 0
    outer loop
      vertex -1.18326 0.317053 5.8
      vertex -1.13175 0.468787 8.8
      vertex -1.13175 0.468787 5.8
    endloop
  endfacet
  facet normal -0.946924 0.321458 0
    outer loop
      vertex -1.13175 0.468787 8.8
      vertex -1.18326 0.317053 5.8
      vertex -1.18326 0.317053 8.8
    endloop
  endfacet
  facet normal -0.195085 -0.980786 0
    outer loop
      vertex -0.317053 -1.18326 5.8
      vertex -0.159894 -1.21452 8.8
      vertex -0.317053 -1.18326 8.8
    endloop
  endfacet
  facet normal -0.195085 -0.980786 -0
    outer loop
      vertex -0.159894 -1.21452 8.8
      vertex -0.317053 -1.18326 5.8
      vertex -0.159894 -1.21452 5.8
    endloop
  endfacet
  facet normal -0.896875 0.442284 0
    outer loop
      vertex -1.13175 0.468787 5.8
      vertex -1.06088 0.612499 8.8
      vertex -1.06088 0.612499 5.8
    endloop
  endfacet
  facet normal -0.896875 0.442284 0
    outer loop
      vertex -1.06088 0.612499 8.8
      vertex -1.13175 0.468787 5.8
      vertex -1.13175 0.468787 8.8
    endloop
  endfacet
  facet normal 0.75184 0.659346 0
    outer loop
      vertex 0.971857 0.745732 8.8
      vertex 0.866205 0.866205 5.8
      vertex 0.866205 0.866205 8.8
    endloop
  endfacet
  facet normal 0.75184 0.659346 0
    outer loop
      vertex 0.866205 0.866205 5.8
      vertex 0.971857 0.745732 8.8
      vertex 0.971857 0.745732 5.8
    endloop
  endfacet
  facet normal 0.555568 -0.831471 0
    outer loop
      vertex 0.612499 -1.06088 5.8
      vertex 0.745732 -0.971857 8.8
      vertex 0.612499 -1.06088 8.8
    endloop
  endfacet
  facet normal 0.555568 -0.831471 0
    outer loop
      vertex 0.745732 -0.971857 8.8
      vertex 0.612499 -1.06088 5.8
      vertex 0.745732 -0.971857 5.8
    endloop
  endfacet
  facet normal 0.946924 0.321458 0
    outer loop
      vertex 1.18326 0.317053 8.8
      vertex 1.13175 0.468787 5.8
      vertex 1.13175 0.468787 8.8
    endloop
  endfacet
  facet normal 0.946924 0.321458 0
    outer loop
      vertex 1.13175 0.468787 5.8
      vertex 1.18326 0.317053 8.8
      vertex 1.18326 0.317053 5.8
    endloop
  endfacet
  facet normal -0.75184 0.659346 0
    outer loop
      vertex -0.971857 0.745732 5.8
      vertex -0.866205 0.866205 8.8
      vertex -0.866205 0.866205 5.8
    endloop
  endfacet
  facet normal -0.75184 0.659346 0
    outer loop
      vertex -0.866205 0.866205 8.8
      vertex -0.971857 0.745732 5.8
      vertex -0.971857 0.745732 8.8
    endloop
  endfacet
  facet normal -0.896875 -0.442284 0
    outer loop
      vertex -1.06088 -0.612499 5.8
      vertex -1.13175 -0.468787 8.8
      vertex -1.13175 -0.468787 5.8
    endloop
  endfacet
  facet normal -0.896875 -0.442284 0
    outer loop
      vertex -1.13175 -0.468787 8.8
      vertex -1.06088 -0.612499 5.8
      vertex -1.06088 -0.612499 8.8
    endloop
  endfacet
  facet normal -0.442284 0.896875 0
    outer loop
      vertex -0.468787 1.13175 5.8
      vertex -0.612499 1.06088 8.8
      vertex -0.468787 1.13175 8.8
    endloop
  endfacet
  facet normal -0.442284 0.896875 0
    outer loop
      vertex -0.612499 1.06088 8.8
      vertex -0.468787 1.13175 5.8
      vertex -0.612499 1.06088 5.8
    endloop
  endfacet
  facet normal -0.997859 -0.0654031 0
    outer loop
      vertex -1.21452 -0.159894 5.8
      vertex -1.225 0 8.8
      vertex -1.225 0 5.8
    endloop
  endfacet
  facet normal -0.997859 -0.0654031 0
    outer loop
      vertex -1.225 0 8.8
      vertex -1.21452 -0.159894 5.8
      vertex -1.21452 -0.159894 8.8
    endloop
  endfacet
  facet normal -0.0654031 -0.997859 0
    outer loop
      vertex -0.159894 -1.21452 5.8
      vertex 0 -1.225 8.8
      vertex -0.159894 -1.21452 8.8
    endloop
  endfacet
  facet normal -0.0654031 -0.997859 -0
    outer loop
      vertex 0 -1.225 8.8
      vertex -0.159894 -1.21452 5.8
      vertex 0 -1.225 5.8
    endloop
  endfacet
  facet normal 0.471411 0.705505 0.529182
    outer loop
      vertex 0.745732 0.971857 8.8
      vertex 0.299999 0.519615 9.8
      vertex 0.365256 0.476011 9.8
    endloop
  endfacet
  facet normal 0.165541 0.832203 0.529183
    outer loop
      vertex 0.317053 1.18326 8.8
      vertex 0.0783148 0.594867 9.8
      vertex 0.155291 0.579555 9.8
    endloop
  endfacet
  facet normal 0.846692 0.055484 0.529183
    outer loop
      vertex 1.225 0 8.8
      vertex 0.594867 0.0783148 9.8
      vertex 0.599999 0 9.8
    endloop
  endfacet
  facet normal 0.846692 0.0554951 0.529182
    outer loop
      vertex 1.21452 0.159894 8.8
      vertex 0.594867 0.0783148 9.8
      vertex 1.225 0 8.8
    endloop
  endfacet
  facet normal -0.70551 -0.471404 0.529182
    outer loop
      vertex -0.519615 -0.299999 9.8
      vertex -1.06088 -0.612499 8.8
      vertex -0.971857 -0.745732 8.8
    endloop
  endfacet
  facet normal -0.761006 0.375281 0.529182
    outer loop
      vertex -0.519615 0.299999 9.8
      vertex -1.13175 0.468787 8.8
      vertex -0.554327 0.229609 9.8
    endloop
  endfacet
  facet normal -0.559461 0.637943 0.529182
    outer loop
      vertex -0.745732 0.971857 8.8
      vertex -0.866205 0.866205 8.8
      vertex -0.424264 0.424264 9.8
    endloop
  endfacet
  facet normal 0.375282 0.761006 0.529182
    outer loop
      vertex 0.468787 1.13175 8.8
      vertex 0.299999 0.519615 9.8
      vertex 0.612499 1.06088 8.8
    endloop
  endfacet
  facet normal -0.471404 -0.70551 0.529182
    outer loop
      vertex -0.299999 -0.519615 9.8
      vertex -0.745732 -0.971857 8.8
      vertex -0.612499 -1.06088 8.8
    endloop
  endfacet
  facet normal 0.0554951 -0.846692 0.529182
    outer loop
      vertex 0.0783148 -0.594867 9.8
      vertex 0 -1.225 8.8
      vertex 0.159894 -1.21452 8.8
    endloop
  endfacet
  facet normal -0.637943 -0.559461 0.529182
    outer loop
      vertex -0.424264 -0.424264 9.8
      vertex -0.971857 -0.745732 8.8
      vertex -0.866205 -0.866205 8.8
    endloop
  endfacet
  facet normal 0 0 1
    outer loop
      vertex 0.594867 0.0783148 9.8
      vertex 0.594867 -0.0783148 9.8
      vertex 0.599999 0 9.8
    endloop
  endfacet
  facet normal 0 0 1
    outer loop
      vertex 0.579555 0.155291 9.8
      vertex 0.594867 -0.0783148 9.8
      vertex 0.594867 0.0783148 9.8
    endloop
  endfacet
  facet normal 0 0 1
    outer loop
      vertex 0.579555 0.155291 9.8
      vertex 0.579555 -0.155291 9.8
      vertex 0.594867 -0.0783148 9.8
    endloop
  endfacet
  facet normal 0 0 1
    outer loop
      vertex 0.554327 0.229609 9.8
      vertex 0.579555 -0.155291 9.8
      vertex 0.579555 0.155291 9.8
    endloop
  endfacet
  facet normal 0 0 1
    outer loop
      vertex 0.554327 0.229609 9.8
      vertex 0.554327 -0.229609 9.8
      vertex 0.579555 -0.155291 9.8
    endloop
  endfacet
  facet normal 0 0 1
    outer loop
      vertex 0.519615 0.299999 9.8
      vertex 0.554327 -0.229609 9.8
      vertex 0.554327 0.229609 9.8
    endloop
  endfacet
  facet normal 0 0 1
    outer loop
      vertex 0.519615 0.299999 9.8
      vertex 0.519615 -0.299999 9.8
      vertex 0.554327 -0.229609 9.8
    endloop
  endfacet
  facet normal 0 0 1
    outer loop
      vertex 0.476011 0.365256 9.8
      vertex 0.519615 -0.299999 9.8
      vertex 0.519615 0.299999 9.8
    endloop
  endfacet
  facet normal 0 0 1
    outer loop
      vertex 0.476011 0.365256 9.8
      vertex 0.476011 -0.365256 9.8
      vertex 0.519615 -0.299999 9.8
    endloop
  endfacet
  facet normal 0 0 1
    outer loop
      vertex 0.424264 0.424264 9.8
      vertex 0.476011 -0.365256 9.8
      vertex 0.476011 0.365256 9.8
    endloop
  endfacet
  facet normal 0 0 1
    outer loop
      vertex 0.424264 0.424264 9.8
      vertex 0.424264 -0.424264 9.8
      vertex 0.476011 -0.365256 9.8
    endloop
  endfacet
  facet normal 0 0 1
    outer loop
      vertex 0.365256 0.476011 9.8
      vertex 0.424264 -0.424264 9.8
      vertex 0.424264 0.424264 9.8
    endloop
  endfacet
  facet normal 0 0 1
    outer loop
      vertex 0.365256 0.476011 9.8
      vertex 0.365256 -0.476011 9.8
      vertex 0.424264 -0.424264 9.8
    endloop
  endfacet
  facet normal 0 0 1
    outer loop
      vertex 0.299999 0.519615 9.8
      vertex 0.365256 -0.476011 9.8
      vertex 0.365256 0.476011 9.8
    endloop
  endfacet
  facet normal 0 0 1
    outer loop
      vertex 0.299999 0.519615 9.8
      vertex 0.299999 -0.519615 9.8
      vertex 0.365256 -0.476011 9.8
    endloop
  endfacet
  facet normal 0 0 1
    outer loop
      vertex 0.229609 0.554327 9.8
      vertex 0.299999 -0.519615 9.8
      vertex 0.299999 0.519615 9.8
    endloop
  endfacet
  facet normal 0 0 1
    outer loop
      vertex 0.229609 0.554327 9.8
      vertex 0.229609 -0.554327 9.8
      vertex 0.299999 -0.519615 9.8
    endloop
  endfacet
  facet normal 0 0 1
    outer loop
      vertex 0.155291 0.579555 9.8
      vertex 0.229609 -0.554327 9.8
      vertex 0.229609 0.554327 9.8
    endloop
  endfacet
  facet normal 0 0 1
    outer loop
      vertex 0.155291 0.579555 9.8
      vertex 0.155291 -0.579555 9.8
      vertex 0.229609 -0.554327 9.8
    endloop
  endfacet
  facet normal 0 0 1
    outer loop
      vertex 0.0783148 0.594867 9.8
      vertex 0.155291 -0.579555 9.8
      vertex 0.155291 0.579555 9.8
    endloop
  endfacet
  facet normal 0 0 1
    outer loop
      vertex 0.0783148 0.594867 9.8
      vertex 0.0783148 -0.594867 9.8
      vertex 0.155291 -0.579555 9.8
    endloop
  endfacet
  facet normal 0 0 1
    outer loop
      vertex 0 0.599999 9.8
      vertex 0.0783148 -0.594867 9.8
      vertex 0.0783148 0.594867 9.8
    endloop
  endfacet
  facet normal 0 0 1
    outer loop
      vertex 0 0.599999 9.8
      vertex 0 -0.599999 9.8
      vertex 0.0783148 -0.594867 9.8
    endloop
  endfacet
  facet normal -0 0 1
    outer loop
      vertex -0.0783148 0.594867 9.8
      vertex 0 -0.599999 9.8
      vertex 0 0.599999 9.8
    endloop
  endfacet
  facet normal 0 0 1
    outer loop
      vertex -0.0783148 0.594867 9.8
      vertex -0.0783148 -0.594867 9.8
      vertex 0 -0.599999 9.8
    endloop
  endfacet
  facet normal -0 0 1
    outer loop
      vertex -0.155291 0.579555 9.8
      vertex -0.0783148 -0.594867 9.8
      vertex -0.0783148 0.594867 9.8
    endloop
  endfacet
  facet normal 0 0 1
    outer loop
      vertex -0.155291 0.579555 9.8
      vertex -0.155291 -0.579555 9.8
      vertex -0.0783148 -0.594867 9.8
    endloop
  endfacet
  facet normal -0 0 1
    outer loop
      vertex -0.229609 0.554327 9.8
      vertex -0.155291 -0.579555 9.8
      vertex -0.155291 0.579555 9.8
    endloop
  endfacet
  facet normal 0 0 1
    outer loop
      vertex -0.229609 0.554327 9.8
      vertex -0.229609 -0.554327 9.8
      vertex -0.155291 -0.579555 9.8
    endloop
  endfacet
  facet normal -0 0 1
    outer loop
      vertex -0.299999 0.519615 9.8
      vertex -0.229609 -0.554327 9.8
      vertex -0.229609 0.554327 9.8
    endloop
  endfacet
  facet normal 0 0 1
    outer loop
      vertex -0.299999 0.519615 9.8
      vertex -0.299999 -0.519615 9.8
      vertex -0.229609 -0.554327 9.8
    endloop
  endfacet
  facet normal -0 0 1
    outer loop
      vertex -0.365256 0.476011 9.8
      vertex -0.299999 -0.519615 9.8
      vertex -0.299999 0.519615 9.8
    endloop
  endfacet
  facet normal 0 0 1
    outer loop
      vertex -0.365256 0.476011 9.8
      vertex -0.365256 -0.476011 9.8
      vertex -0.299999 -0.519615 9.8
    endloop
  endfacet
  facet normal -0 0 1
    outer loop
      vertex -0.424264 0.424264 9.8
      vertex -0.365256 -0.476011 9.8
      vertex -0.365256 0.476011 9.8
    endloop
  endfacet
  facet normal 0 0 1
    outer loop
      vertex -0.424264 0.424264 9.8
      vertex -0.424264 -0.424264 9.8
      vertex -0.365256 -0.476011 9.8
    endloop
  endfacet
  facet normal -0 0 1
    outer loop
      vertex -0.476011 0.365256 9.8
      vertex -0.424264 -0.424264 9.8
      vertex -0.424264 0.424264 9.8
    endloop
  endfacet
  facet normal 0 0 1
    outer loop
      vertex -0.476011 0.365256 9.8
      vertex -0.476011 -0.365256 9.8
      vertex -0.424264 -0.424264 9.8
    endloop
  endfacet
  facet normal -0 0 1
    outer loop
      vertex -0.519615 0.299999 9.8
      vertex -0.476011 -0.365256 9.8
      vertex -0.476011 0.365256 9.8
    endloop
  endfacet
  facet normal 0 0 1
    outer loop
      vertex -0.519615 0.299999 9.8
      vertex -0.519615 -0.299999 9.8
      vertex -0.476011 -0.365256 9.8
    endloop
  endfacet
  facet normal -0 0 1
    outer loop
      vertex -0.554327 0.229609 9.8
      vertex -0.519615 -0.299999 9.8
      vertex -0.519615 0.299999 9.8
    endloop
  endfacet
  facet normal 0 0 1
    outer loop
      vertex -0.554327 0.229609 9.8
      vertex -0.554327 -0.229609 9.8
      vertex -0.519615 -0.299999 9.8
    endloop
  endfacet
  facet normal -0 0 1
    outer loop
      vertex -0.579555 0.155291 9.8
      vertex -0.554327 -0.229609 9.8
      vertex -0.554327 0.229609 9.8
    endloop
  endfacet
  facet normal 0 0 1
    outer loop
      vertex -0.579555 0.155291 9.8
      vertex -0.579555 -0.155291 9.8
      vertex -0.554327 -0.229609 9.8
    endloop
  endfacet
  facet normal -0 0 1
    outer loop
      vertex -0.594867 0.0783148 9.8
      vertex -0.579555 -0.155291 9.8
      vertex -0.579555 0.155291 9.8
    endloop
  endfacet
  facet normal 0 0 1
    outer loop
      vertex -0.594867 0.0783148 9.8
      vertex -0.594867 -0.0783148 9.8
      vertex -0.579555 -0.155291 9.8
    endloop
  endfacet
  facet normal 0 -0 1
    outer loop
      vertex -0.594867 -0.0783148 9.8
      vertex -0.594867 0.0783148 9.8
      vertex -0.599999 0 9.8
    endloop
  endfacet
  facet normal 0.471411 -0.705505 0.529182
    outer loop
      vertex 0.365256 -0.476011 9.8
      vertex 0.299999 -0.519615 9.8
      vertex 0.745732 -0.971857 8.8
    endloop
  endfacet
  facet normal -0.832205 -0.165531 0.529182
    outer loop
      vertex -0.594867 -0.0783148 9.8
      vertex -1.21452 -0.159894 8.8
      vertex -1.18326 -0.317053 8.8
    endloop
  endfacet
  facet normal -0.846692 0.0554951 0.529182
    outer loop
      vertex -1.21452 0.159894 8.8
      vertex -1.225 0 8.8
      vertex -0.594867 0.0783148 9.8
    endloop
  endfacet
  facet normal 0.375281 -0.761006 0.529182
    outer loop
      vertex 0.299999 -0.519615 9.8
      vertex 0.229609 -0.554327 9.8
      vertex 0.468787 -1.13175 8.8
    endloop
  endfacet
  facet normal -0.165541 0.832203 0.529183
    outer loop
      vertex -0.0783148 0.594867 9.8
      vertex -0.317053 1.18326 8.8
      vertex -0.155291 0.579555 9.8
    endloop
  endfacet
  facet normal 0.0554951 0.846692 0.529182
    outer loop
      vertex 0.159894 1.21452 8.8
      vertex 0 1.225 8.8
      vertex 0.0783148 0.594867 9.8
    endloop
  endfacet
  facet normal -0.846692 0.055484 0.529183
    outer loop
      vertex -0.594867 0.0783148 9.8
      vertex -1.225 0 8.8
      vertex -0.599999 0 9.8
    endloop
  endfacet
  facet normal 0.832203 0.165541 0.529183
    outer loop
      vertex 1.18326 0.317053 8.8
      vertex 0.579555 0.155291 9.8
      vertex 0.594867 0.0783148 9.8
    endloop
  endfacet
  facet normal 0.761006 -0.375281 0.529182
    outer loop
      vertex 0.554327 -0.229609 9.8
      vertex 0.519615 -0.299999 9.8
      vertex 1.13175 -0.468787 8.8
    endloop
  endfacet
  facet normal 0.832205 -0.165531 0.529182
    outer loop
      vertex 1.21452 -0.159894 8.8
      vertex 0.594867 -0.0783148 9.8
      vertex 1.18326 -0.317053 8.8
    endloop
  endfacet
  facet normal -0.559461 -0.637943 0.529182
    outer loop
      vertex -0.424264 -0.424264 9.8
      vertex -0.866205 -0.866205 8.8
      vertex -0.745732 -0.971857 8.8
    endloop
  endfacet
  facet normal 0.272748 0.803476 0.529183
    outer loop
      vertex 0.317053 1.18326 8.8
      vertex 0.155291 0.579555 9.8
      vertex 0.229609 0.554327 9.8
    endloop
  endfacet
  facet normal 0.559461 0.637943 0.529182
    outer loop
      vertex 0.745732 0.971857 8.8
      vertex 0.424264 0.424264 9.8
      vertex 0.866205 0.866205 8.8
    endloop
  endfacet
  facet normal -0.0554951 0.846692 0.529182
    outer loop
      vertex 0 1.225 8.8
      vertex -0.159894 1.21452 8.8
      vertex -0.0783148 0.594867 9.8
    endloop
  endfacet
  facet normal 0.375282 -0.761006 0.529182
    outer loop
      vertex 0.612499 -1.06088 8.8
      vertex 0.299999 -0.519615 9.8
      vertex 0.468787 -1.13175 8.8
    endloop
  endfacet
  facet normal -0.761006 -0.375282 0.529182
    outer loop
      vertex -0.519615 -0.299999 9.8
      vertex -1.13175 -0.468787 8.8
      vertex -1.06088 -0.612499 8.8
    endloop
  endfacet
  facet normal 0.832205 0.165531 0.529182
    outer loop
      vertex 1.18326 0.317053 8.8
      vertex 0.594867 0.0783148 9.8
      vertex 1.21452 0.159894 8.8
    endloop
  endfacet
  facet normal 0.637943 -0.559461 0.529182
    outer loop
      vertex 0.971857 -0.745732 8.8
      vertex 0.424264 -0.424264 9.8
      vertex 0.866205 -0.866205 8.8
    endloop
  endfacet
  facet normal 0.70551 0.471404 0.529182
    outer loop
      vertex 0.971857 0.745732 8.8
      vertex 0.519615 0.299999 9.8
      vertex 1.06088 0.612499 8.8
    endloop
  endfacet
  facet normal 0.70551 -0.471404 0.529182
    outer loop
      vertex 1.06088 -0.612499 8.8
      vertex 0.519615 -0.299999 9.8
      vertex 0.971857 -0.745732 8.8
    endloop
  endfacet
  facet normal 0.637951 0.55945 0.529183
    outer loop
      vertex 0.971857 0.745732 8.8
      vertex 0.424264 0.424264 9.8
      vertex 0.476011 0.365256 9.8
    endloop
  endfacet
  facet normal -0.846692 -0.0554951 0.529182
    outer loop
      vertex -0.594867 -0.0783148 9.8
      vertex -1.225 0 8.8
      vertex -1.21452 -0.159894 8.8
    endloop
  endfacet
  facet normal 0.761006 0.375281 0.529182
    outer loop
      vertex 1.13175 0.468787 8.8
      vertex 0.519615 0.299999 9.8
      vertex 0.554327 0.229609 9.8
    endloop
  endfacet
  facet normal -0.272748 0.803476 0.529183
    outer loop
      vertex -0.155291 0.579555 9.8
      vertex -0.317053 1.18326 8.8
      vertex -0.229609 0.554327 9.8
    endloop
  endfacet
  facet normal -0.637943 0.559461 0.529182
    outer loop
      vertex -0.866205 0.866205 8.8
      vertex -0.971857 0.745732 8.8
      vertex -0.424264 0.424264 9.8
    endloop
  endfacet
  facet normal 0.27276 0.803473 0.529182
    outer loop
      vertex 0.317053 1.18326 8.8
      vertex 0.229609 0.554327 9.8
      vertex 0.468787 1.13175 8.8
    endloop
  endfacet
  facet normal -0.761006 -0.375281 0.529182
    outer loop
      vertex -0.554327 -0.229609 9.8
      vertex -1.13175 -0.468787 8.8
      vertex -0.519615 -0.299999 9.8
    endloop
  endfacet
  facet normal -0.637951 -0.55945 0.529183
    outer loop
      vertex -0.476011 -0.365256 9.8
      vertex -0.971857 -0.745732 8.8
      vertex -0.424264 -0.424264 9.8
    endloop
  endfacet
  facet normal -0.832203 -0.165541 0.529183
    outer loop
      vertex -0.594867 -0.0783148 9.8
      vertex -1.18326 -0.317053 8.8
      vertex -0.579555 -0.155291 9.8
    endloop
  endfacet
  facet normal 0.803476 0.272748 0.529183
    outer loop
      vertex 1.18326 0.317053 8.8
      vertex 0.554327 0.229609 9.8
      vertex 0.579555 0.155291 9.8
    endloop
  endfacet
  facet normal 0.055484 -0.846692 0.529183
    outer loop
      vertex 0 -0.599999 9.8
      vertex 0 -1.225 8.8
      vertex 0.0783148 -0.594867 9.8
    endloop
  endfacet
  facet normal 0.375281 0.761006 0.529182
    outer loop
      vertex 0.468787 1.13175 8.8
      vertex 0.229609 0.554327 9.8
      vertex 0.299999 0.519615 9.8
    endloop
  endfacet
  facet normal 0.803473 -0.27276 0.529182
    outer loop
      vertex 1.18326 -0.317053 8.8
      vertex 0.554327 -0.229609 9.8
      vertex 1.13175 -0.468787 8.8
    endloop
  endfacet
  facet normal -0.375281 0.761006 0.529182
    outer loop
      vertex -0.229609 0.554327 9.8
      vertex -0.468787 1.13175 8.8
      vertex -0.299999 0.519615 9.8
    endloop
  endfacet
  facet normal -0.803473 -0.27276 0.529182
    outer loop
      vertex -0.554327 -0.229609 9.8
      vertex -1.18326 -0.317053 8.8
      vertex -1.13175 -0.468787 8.8
    endloop
  endfacet
  facet normal 0.803476 -0.272748 0.529183
    outer loop
      vertex 0.579555 -0.155291 9.8
      vertex 0.554327 -0.229609 9.8
      vertex 1.18326 -0.317053 8.8
    endloop
  endfacet
  facet normal -0.375281 -0.761006 0.529182
    outer loop
      vertex -0.299999 -0.519615 9.8
      vertex -0.468787 -1.13175 8.8
      vertex -0.229609 -0.554327 9.8
    endloop
  endfacet
  facet normal 0.637943 0.559461 0.529182
    outer loop
      vertex 0.866205 0.866205 8.8
      vertex 0.424264 0.424264 9.8
      vertex 0.971857 0.745732 8.8
    endloop
  endfacet
  facet normal -0.803476 -0.272748 0.529183
    outer loop
      vertex -0.579555 -0.155291 9.8
      vertex -1.18326 -0.317053 8.8
      vertex -0.554327 -0.229609 9.8
    endloop
  endfacet
  facet normal -0.27276 -0.803473 0.529182
    outer loop
      vertex -0.229609 -0.554327 9.8
      vertex -0.468787 -1.13175 8.8
      vertex -0.317053 -1.18326 8.8
    endloop
  endfacet
  facet normal -0.832205 0.165531 0.529182
    outer loop
      vertex -1.18326 0.317053 8.8
      vertex -1.21452 0.159894 8.8
      vertex -0.594867 0.0783148 9.8
    endloop
  endfacet
  facet normal -0.055484 -0.846692 0.529183
    outer loop
      vertex 0 -0.599999 9.8
      vertex -0.0783148 -0.594867 9.8
      vertex 0 -1.225 8.8
    endloop
  endfacet
  facet normal 0.165541 -0.832203 0.529183
    outer loop
      vertex 0.155291 -0.579555 9.8
      vertex 0.0783148 -0.594867 9.8
      vertex 0.317053 -1.18326 8.8
    endloop
  endfacet
  facet normal 0.559461 -0.637943 0.529182
    outer loop
      vertex 0.866205 -0.866205 8.8
      vertex 0.424264 -0.424264 9.8
      vertex 0.745732 -0.971857 8.8
    endloop
  endfacet
  facet normal -0.846692 -0.055484 0.529183
    outer loop
      vertex -0.599999 0 9.8
      vertex -1.225 0 8.8
      vertex -0.594867 -0.0783148 9.8
    endloop
  endfacet
  facet normal 0.761006 -0.375282 0.529182
    outer loop
      vertex 1.13175 -0.468787 8.8
      vertex 0.519615 -0.299999 9.8
      vertex 1.06088 -0.612499 8.8
    endloop
  endfacet
  facet normal 0.165531 0.832205 0.529182
    outer loop
      vertex 0.159894 1.21452 8.8
      vertex 0.0783148 0.594867 9.8
      vertex 0.317053 1.18326 8.8
    endloop
  endfacet
  facet normal 0.471404 -0.70551 0.529182
    outer loop
      vertex 0.745732 -0.971857 8.8
      vertex 0.299999 -0.519615 9.8
      vertex 0.612499 -1.06088 8.8
    endloop
  endfacet
  facet normal -0.471411 -0.705505 0.529182
    outer loop
      vertex -0.365256 -0.476011 9.8
      vertex -0.745732 -0.971857 8.8
      vertex -0.299999 -0.519615 9.8
    endloop
  endfacet
  facet normal 0.846692 -0.0554951 0.529182
    outer loop
      vertex 1.225 0 8.8
      vertex 0.594867 -0.0783148 9.8
      vertex 1.21452 -0.159894 8.8
    endloop
  endfacet
  facet normal 0.846692 -0.055484 0.529183
    outer loop
      vertex 0.599999 0 9.8
      vertex 0.594867 -0.0783148 9.8
      vertex 1.225 0 8.8
    endloop
  endfacet
  facet normal 0.705505 0.471411 0.529182
    outer loop
      vertex 0.971857 0.745732 8.8
      vertex 0.476011 0.365256 9.8
      vertex 0.519615 0.299999 9.8
    endloop
  endfacet
  facet normal 0.471404 0.70551 0.529182
    outer loop
      vertex 0.612499 1.06088 8.8
      vertex 0.299999 0.519615 9.8
      vertex 0.745732 0.971857 8.8
    endloop
  endfacet
  facet normal -0.165531 -0.832205 0.529182
    outer loop
      vertex -0.0783148 -0.594867 9.8
      vertex -0.317053 -1.18326 8.8
      vertex -0.159894 -1.21452 8.8
    endloop
  endfacet
  facet normal 0.761006 0.375282 0.529182
    outer loop
      vertex 1.06088 0.612499 8.8
      vertex 0.519615 0.299999 9.8
      vertex 1.13175 0.468787 8.8
    endloop
  endfacet
  facet normal 0.55945 0.637951 0.529183
    outer loop
      vertex 0.745732 0.971857 8.8
      vertex 0.365256 0.476011 9.8
      vertex 0.424264 0.424264 9.8
    endloop
  endfacet
  facet normal -0.705505 -0.471411 0.529182
    outer loop
      vertex -0.519615 -0.299999 9.8
      vertex -0.971857 -0.745732 8.8
      vertex -0.476011 -0.365256 9.8
    endloop
  endfacet
  facet normal 0.803473 0.27276 0.529182
    outer loop
      vertex 1.13175 0.468787 8.8
      vertex 0.554327 0.229609 9.8
      vertex 1.18326 0.317053 8.8
    endloop
  endfacet
  facet normal -0.27276 0.803473 0.529182
    outer loop
      vertex -0.317053 1.18326 8.8
      vertex -0.468787 1.13175 8.8
      vertex -0.229609 0.554327 9.8
    endloop
  endfacet
  facet normal -0.375282 0.761006 0.529182
    outer loop
      vertex -0.468787 1.13175 8.8
      vertex -0.612499 1.06088 8.8
      vertex -0.299999 0.519615 9.8
    endloop
  endfacet
  facet normal -0.70551 0.471404 0.529182
    outer loop
      vertex -0.971857 0.745732 8.8
      vertex -1.06088 0.612499 8.8
      vertex -0.519615 0.299999 9.8
    endloop
  endfacet
  facet normal 0.055484 0.846692 0.529183
    outer loop
      vertex 0 1.225 8.8
      vertex 0 0.599999 9.8
      vertex 0.0783148 0.594867 9.8
    endloop
  endfacet
  facet normal -0.272748 -0.803476 0.529183
    outer loop
      vertex -0.229609 -0.554327 9.8
      vertex -0.317053 -1.18326 8.8
      vertex -0.155291 -0.579555 9.8
    endloop
  endfacet
  facet normal -0.55945 0.637951 0.529183
    outer loop
      vertex -0.365256 0.476011 9.8
      vertex -0.745732 0.971857 8.8
      vertex -0.424264 0.424264 9.8
    endloop
  endfacet
  facet normal -0.165531 0.832205 0.529182
    outer loop
      vertex -0.159894 1.21452 8.8
      vertex -0.317053 1.18326 8.8
      vertex -0.0783148 0.594867 9.8
    endloop
  endfacet
  facet normal -0.803473 0.27276 0.529182
    outer loop
      vertex -1.13175 0.468787 8.8
      vertex -1.18326 0.317053 8.8
      vertex -0.554327 0.229609 9.8
    endloop
  endfacet
  facet normal 0.705505 -0.471411 0.529182
    outer loop
      vertex 0.519615 -0.299999 9.8
      vertex 0.476011 -0.365256 9.8
      vertex 0.971857 -0.745732 8.8
    endloop
  endfacet
  facet normal 0.165531 -0.832205 0.529182
    outer loop
      vertex 0.317053 -1.18326 8.8
      vertex 0.0783148 -0.594867 9.8
      vertex 0.159894 -1.21452 8.8
    endloop
  endfacet
  facet normal 0.27276 -0.803473 0.529182
    outer loop
      vertex 0.468787 -1.13175 8.8
      vertex 0.229609 -0.554327 9.8
      vertex 0.317053 -1.18326 8.8
    endloop
  endfacet
  facet normal 0.272748 -0.803476 0.529183
    outer loop
      vertex 0.229609 -0.554327 9.8
      vertex 0.155291 -0.579555 9.8
      vertex 0.317053 -1.18326 8.8
    endloop
  endfacet
  facet normal -0.761006 0.375282 0.529182
    outer loop
      vertex -1.06088 0.612499 8.8
      vertex -1.13175 0.468787 8.8
      vertex -0.519615 0.299999 9.8
    endloop
  endfacet
  facet normal 0.637951 -0.55945 0.529183
    outer loop
      vertex 0.476011 -0.365256 9.8
      vertex 0.424264 -0.424264 9.8
      vertex 0.971857 -0.745732 8.8
    endloop
  endfacet
  facet normal -0.471404 0.70551 0.529182
    outer loop
      vertex -0.612499 1.06088 8.8
      vertex -0.745732 0.971857 8.8
      vertex -0.299999 0.519615 9.8
    endloop
  endfacet
  facet normal 0.55945 -0.637951 0.529183
    outer loop
      vertex 0.424264 -0.424264 9.8
      vertex 0.365256 -0.476011 9.8
      vertex 0.745732 -0.971857 8.8
    endloop
  endfacet
  facet normal 0.832203 -0.165541 0.529183
    outer loop
      vertex 0.594867 -0.0783148 9.8
      vertex 0.579555 -0.155291 9.8
      vertex 1.18326 -0.317053 8.8
    endloop
  endfacet
  facet normal -0.832203 0.165541 0.529183
    outer loop
      vertex -0.579555 0.155291 9.8
      vertex -1.18326 0.317053 8.8
      vertex -0.594867 0.0783148 9.8
    endloop
  endfacet
  facet normal -0.375282 -0.761006 0.529182
    outer loop
      vertex -0.299999 -0.519615 9.8
      vertex -0.612499 -1.06088 8.8
      vertex -0.468787 -1.13175 8.8
    endloop
  endfacet
  facet normal -0.471411 0.705505 0.529182
    outer loop
      vertex -0.299999 0.519615 9.8
      vertex -0.745732 0.971857 8.8
      vertex -0.365256 0.476011 9.8
    endloop
  endfacet
  facet normal -0.055484 0.846692 0.529183
    outer loop
      vertex 0 1.225 8.8
      vertex -0.0783148 0.594867 9.8
      vertex 0 0.599999 9.8
    endloop
  endfacet
  facet normal -0.803476 0.272748 0.529183
    outer loop
      vertex -0.554327 0.229609 9.8
      vertex -1.18326 0.317053 8.8
      vertex -0.579555 0.155291 9.8
    endloop
  endfacet
  facet normal -0.705505 0.471411 0.529182
    outer loop
      vertex -0.476011 0.365256 9.8
      vertex -0.971857 0.745732 8.8
      vertex -0.519615 0.299999 9.8
    endloop
  endfacet
  facet normal -0.637951 0.55945 0.529183
    outer loop
      vertex -0.424264 0.424264 9.8
      vertex -0.971857 0.745732 8.8
      vertex -0.476011 0.365256 9.8
    endloop
  endfacet
  facet normal -0.0554951 -0.846692 0.529182
    outer loop
      vertex -0.0783148 -0.594867 9.8
      vertex -0.159894 -1.21452 8.8
      vertex 0 -1.225 8.8
    endloop
  endfacet
  facet normal -0.165541 -0.832203 0.529183
    outer loop
      vertex -0.155291 -0.579555 9.8
      vertex -0.317053 -1.18326 8.8
      vertex -0.0783148 -0.594867 9.8
    endloop
  endfacet
  facet normal -0.55945 -0.637951 0.529183
    outer loop
      vertex -0.424264 -0.424264 9.8
      vertex -0.745732 -0.971857 8.8
      vertex -0.365256 -0.476011 9.8
    endloop
  endfacet
  facet normal 0.980813 0.194951 0
    outer loop
      vertex 13.9829 0.261052 2.8
      vertex 13.9319 0.517637 0
      vertex 13.9319 0.517637 2.8
    endloop
  endfacet
  facet normal 0.980813 0.194951 0
    outer loop
      vertex 13.9319 0.517637 0
      vertex 13.9829 0.261052 2.8
      vertex 13.9829 0.261052 0
    endloop
  endfacet
  facet normal 0.997861 0.0653641 0
    outer loop
      vertex 14 0 2.8
      vertex 13.9829 0.261052 0
      vertex 13.9829 0.261052 2.8
    endloop
  endfacet
  facet normal 0.997861 0.0653641 0
    outer loop
      vertex 13.9829 0.261052 0
      vertex 14 0 2.8
      vertex 14 0 0
    endloop
  endfacet
  facet normal 0.0653902 0.99786 -0
    outer loop
      vertex 12.2611 1.98289 0
      vertex 12 2 2.8
      vertex 12.2611 1.98289 2.8
    endloop
  endfacet
  facet normal 0.0653902 0.99786 0
    outer loop
      vertex 12 2 2.8
      vertex 12.2611 1.98289 0
      vertex 12 2 0
    endloop
  endfacet
  facet normal -0.19516 0.980771 0
    outer loop
      vertex 11.7389 1.98289 0
      vertex 11.4824 1.93185 2.8
      vertex 11.7389 1.98289 2.8
    endloop
  endfacet
  facet normal -0.19516 0.980771 0
    outer loop
      vertex 11.4824 1.93185 2.8
      vertex 11.7389 1.98289 0
      vertex 11.4824 1.93185 0
    endloop
  endfacet
  facet normal 0.5556 -0.83145 0
    outer loop
      vertex 13 -1.73205 0
      vertex 13.2175 -1.58671 2.8
      vertex 13 -1.73205 2.8
    endloop
  endfacet
  facet normal 0.5556 -0.83145 0
    outer loop
      vertex 13.2175 -1.58671 2.8
      vertex 13 -1.73205 0
      vertex 13.2175 -1.58671 0
    endloop
  endfacet
  facet normal -0.896734 0.442571 0
    outer loop
      vertex 10.1522 0.765367 0
      vertex 10.268 1 2.8
      vertex 10.268 1 0
    endloop
  endfacet
  facet normal -0.896734 0.442571 0
    outer loop
      vertex 10.268 1 2.8
      vertex 10.1522 0.765367 0
      vertex 10.1522 0.765367 2.8
    endloop
  endfacet
  facet normal -0.946922 0.321463 0
    outer loop
      vertex 10.0681 0.517637 0
      vertex 10.1522 0.765367 2.8
      vertex 10.1522 0.765367 0
    endloop
  endfacet
  facet normal -0.946922 0.321463 0
    outer loop
      vertex 10.1522 0.765367 2.8
      vertex 10.0681 0.517637 0
      vertex 10.0681 0.517637 2.8
    endloop
  endfacet
  facet normal -0.321348 0.946961 0
    outer loop
      vertex 11.4824 1.93185 0
      vertex 11.2346 1.84776 2.8
      vertex 11.4824 1.93185 2.8
    endloop
  endfacet
  facet normal -0.321348 0.946961 0
    outer loop
      vertex 11.2346 1.84776 2.8
      vertex 11.4824 1.93185 0
      vertex 11.2346 1.84776 0
    endloop
  endfacet
  facet normal 0.997861 -0.0653641 0
    outer loop
      vertex 13.9829 -0.261052 2.8
      vertex 14 0 0
      vertex 14 0 2.8
    endloop
  endfacet
  facet normal 0.997861 -0.0653641 0
    outer loop
      vertex 14 0 0
      vertex 13.9829 -0.261052 2.8
      vertex 13.9829 -0.261052 0
    endloop
  endfacet
  facet normal -0.946922 -0.321463 0
    outer loop
      vertex 10.1522 -0.765367 0
      vertex 10.0681 -0.517637 2.8
      vertex 10.0681 -0.517637 0
    endloop
  endfacet
  facet normal -0.946922 -0.321463 0
    outer loop
      vertex 10.0681 -0.517637 2.8
      vertex 10.1522 -0.765367 0
      vertex 10.1522 -0.765367 2.8
    endloop
  endfacet
  facet normal -0.831544 0.555459 0
    outer loop
      vertex 10.268 1 0
      vertex 10.4133 1.21752 2.8
      vertex 10.4133 1.21752 0
    endloop
  endfacet
  facet normal -0.831544 0.555459 0
    outer loop
      vertex 10.4133 1.21752 2.8
      vertex 10.268 1 0
      vertex 10.268 1 2.8
    endloop
  endfacet
  facet normal -0.980813 0.194951 0
    outer loop
      vertex 10.0171 0.261052 0
      vertex 10.0681 0.517637 2.8
      vertex 10.0681 0.517637 0
    endloop
  endfacet
  facet normal -0.980813 0.194951 0
    outer loop
      vertex 10.0681 0.517637 2.8
      vertex 10.0171 0.261052 0
      vertex 10.0171 0.261052 2.8
    endloop
  endfacet
  facet normal 0.946922 -0.321463 0
    outer loop
      vertex 13.8478 -0.765367 2.8
      vertex 13.9319 -0.517637 0
      vertex 13.9319 -0.517637 2.8
    endloop
  endfacet
  facet normal 0.946922 -0.321463 0
    outer loop
      vertex 13.9319 -0.517637 0
      vertex 13.8478 -0.765367 2.8
      vertex 13.8478 -0.765367 0
    endloop
  endfacet
  facet normal 0.659343 -0.751842 0
    outer loop
      vertex 13.2175 -1.58671 0
      vertex 13.4142 -1.41421 2.8
      vertex 13.2175 -1.58671 2.8
    endloop
  endfacet
  facet normal 0.659343 -0.751842 0
    outer loop
      vertex 13.4142 -1.41421 2.8
      vertex 13.2175 -1.58671 0
      vertex 13.4142 -1.41421 0
    endloop
  endfacet
  facet normal 0.321348 0.946961 -0
    outer loop
      vertex 12.7654 1.84776 0
      vertex 12.5176 1.93185 2.8
      vertex 12.7654 1.84776 2.8
    endloop
  endfacet
  facet normal 0.321348 0.946961 0
    outer loop
      vertex 12.5176 1.93185 2.8
      vertex 12.7654 1.84776 0
      vertex 12.5176 1.93185 0
    endloop
  endfacet
  facet normal -0.751826 -0.659362 0
    outer loop
      vertex 10.5858 -1.41421 0
      vertex 10.4133 -1.21752 2.8
      vertex 10.4133 -1.21752 0
    endloop
  endfacet
  facet normal -0.751826 -0.659362 0
    outer loop
      vertex 10.4133 -1.21752 2.8
      vertex 10.5858 -1.41421 0
      vertex 10.5858 -1.41421 2.8
    endloop
  endfacet
  facet normal -0.659343 0.751842 0
    outer loop
      vertex 10.7825 1.58671 0
      vertex 10.5858 1.41421 2.8
      vertex 10.7825 1.58671 2.8
    endloop
  endfacet
  facet normal -0.659343 0.751842 0
    outer loop
      vertex 10.5858 1.41421 2.8
      vertex 10.7825 1.58671 0
      vertex 10.5858 1.41421 0
    endloop
  endfacet
  facet normal -0.997861 0.0653641 0
    outer loop
      vertex 10 0 0
      vertex 10.0171 0.261052 2.8
      vertex 10.0171 0.261052 0
    endloop
  endfacet
  facet normal -0.997861 0.0653641 0
    outer loop
      vertex 10.0171 0.261052 2.8
      vertex 10 0 0
      vertex 10 0 2.8
    endloop
  endfacet
  facet normal 0.5556 0.83145 -0
    outer loop
      vertex 13.2175 1.58671 0
      vertex 13 1.73205 2.8
      vertex 13.2175 1.58671 2.8
    endloop
  endfacet
  facet normal 0.5556 0.83145 0
    outer loop
      vertex 13 1.73205 2.8
      vertex 13.2175 1.58671 0
      vertex 13 1.73205 0
    endloop
  endfacet
  facet normal 0.831544 -0.555459 0
    outer loop
      vertex 13.5867 -1.21752 2.8
      vertex 13.732 -1 0
      vertex 13.732 -1 2.8
    endloop
  endfacet
  facet normal 0.831544 -0.555459 0
    outer loop
      vertex 13.732 -1 0
      vertex 13.5867 -1.21752 2.8
      vertex 13.5867 -1.21752 0
    endloop
  endfacet
  facet normal 0.831544 0.555459 0
    outer loop
      vertex 13.732 1 2.8
      vertex 13.5867 1.21752 0
      vertex 13.5867 1.21752 2.8
    endloop
  endfacet
  facet normal 0.831544 0.555459 0
    outer loop
      vertex 13.5867 1.21752 0
      vertex 13.732 1 2.8
      vertex 13.732 1 0
    endloop
  endfacet
  facet normal -0.751826 0.659362 0
    outer loop
      vertex 10.4133 1.21752 0
      vertex 10.5858 1.41421 2.8
      vertex 10.5858 1.41421 0
    endloop
  endfacet
  facet normal -0.751826 0.659362 0
    outer loop
      vertex 10.5858 1.41421 2.8
      vertex 10.4133 1.21752 0
      vertex 10.4133 1.21752 2.8
    endloop
  endfacet
  facet normal 0.321348 -0.946961 0
    outer loop
      vertex 12.5176 -1.93185 0
      vertex 12.7654 -1.84776 2.8
      vertex 12.5176 -1.93185 2.8
    endloop
  endfacet
  facet normal 0.321348 -0.946961 0
    outer loop
      vertex 12.7654 -1.84776 2.8
      vertex 12.5176 -1.93185 0
      vertex 12.7654 -1.84776 0
    endloop
  endfacet
  facet normal 0.442344 -0.896845 0
    outer loop
      vertex 12.7654 -1.84776 0
      vertex 13 -1.73205 2.8
      vertex 12.7654 -1.84776 2.8
    endloop
  endfacet
  facet normal 0.442344 -0.896845 0
    outer loop
      vertex 13 -1.73205 2.8
      vertex 12.7654 -1.84776 0
      vertex 13 -1.73205 0
    endloop
  endfacet
  facet normal 0.751826 0.659362 0
    outer loop
      vertex 13.5867 1.21752 2.8
      vertex 13.4142 1.41421 0
      vertex 13.4142 1.41421 2.8
    endloop
  endfacet
  facet normal 0.751826 0.659362 0
    outer loop
      vertex 13.4142 1.41421 0
      vertex 13.5867 1.21752 2.8
      vertex 13.5867 1.21752 0
    endloop
  endfacet
  facet normal 0.0653902 -0.99786 0
    outer loop
      vertex 12 -2 0
      vertex 12.2611 -1.98289 2.8
      vertex 12 -2 2.8
    endloop
  endfacet
  facet normal 0.0653902 -0.99786 0
    outer loop
      vertex 12.2611 -1.98289 2.8
      vertex 12 -2 0
      vertex 12.2611 -1.98289 0
    endloop
  endfacet
  facet normal 0.659343 0.751842 -0
    outer loop
      vertex 13.4142 1.41421 0
      vertex 13.2175 1.58671 2.8
      vertex 13.4142 1.41421 2.8
    endloop
  endfacet
  facet normal 0.659343 0.751842 0
    outer loop
      vertex 13.2175 1.58671 2.8
      vertex 13.4142 1.41421 0
      vertex 13.2175 1.58671 0
    endloop
  endfacet
  facet normal -0.997861 -0.0653641 0
    outer loop
      vertex 10.0171 -0.261052 0
      vertex 10 0 2.8
      vertex 10 0 0
    endloop
  endfacet
  facet normal -0.997861 -0.0653641 0
    outer loop
      vertex 10 0 2.8
      vertex 10.0171 -0.261052 0
      vertex 10.0171 -0.261052 2.8
    endloop
  endfacet
  facet normal -0.659343 -0.751842 0
    outer loop
      vertex 10.5858 -1.41421 0
      vertex 10.7825 -1.58671 2.8
      vertex 10.5858 -1.41421 2.8
    endloop
  endfacet
  facet normal -0.659343 -0.751842 -0
    outer loop
      vertex 10.7825 -1.58671 2.8
      vertex 10.5858 -1.41421 0
      vertex 10.7825 -1.58671 0
    endloop
  endfacet
  facet normal -0.5556 0.83145 0
    outer loop
      vertex 11 1.73205 0
      vertex 10.7825 1.58671 2.8
      vertex 11 1.73205 2.8
    endloop
  endfacet
  facet normal -0.5556 0.83145 0
    outer loop
      vertex 10.7825 1.58671 2.8
      vertex 11 1.73205 0
      vertex 10.7825 1.58671 0
    endloop
  endfacet
  facet normal 0.896734 0.442571 0
    outer loop
      vertex 13.8478 0.765367 2.8
      vertex 13.732 1 0
      vertex 13.732 1 2.8
    endloop
  endfacet
  facet normal 0.896734 0.442571 0
    outer loop
      vertex 13.732 1 0
      vertex 13.8478 0.765367 2.8
      vertex 13.8478 0.765367 0
    endloop
  endfacet
  facet normal -0.0653902 -0.99786 0
    outer loop
      vertex 11.7389 -1.98289 0
      vertex 12 -2 2.8
      vertex 11.7389 -1.98289 2.8
    endloop
  endfacet
  facet normal -0.0653902 -0.99786 -0
    outer loop
      vertex 12 -2 2.8
      vertex 11.7389 -1.98289 0
      vertex 12 -2 0
    endloop
  endfacet
  facet normal 0.19516 -0.980771 0
    outer loop
      vertex 12.2611 -1.98289 0
      vertex 12.5176 -1.93185 2.8
      vertex 12.2611 -1.98289 2.8
    endloop
  endfacet
  facet normal 0.19516 -0.980771 0
    outer loop
      vertex 12.5176 -1.93185 2.8
      vertex 12.2611 -1.98289 0
      vertex 12.5176 -1.93185 0
    endloop
  endfacet
  facet normal 0.442344 0.896845 -0
    outer loop
      vertex 13 1.73205 0
      vertex 12.7654 1.84776 2.8
      vertex 13 1.73205 2.8
    endloop
  endfacet
  facet normal 0.442344 0.896845 0
    outer loop
      vertex 12.7654 1.84776 2.8
      vertex 13 1.73205 0
      vertex 12.7654 1.84776 0
    endloop
  endfacet
  facet normal 0.896734 -0.442571 0
    outer loop
      vertex 13.732 -1 2.8
      vertex 13.8478 -0.765367 0
      vertex 13.8478 -0.765367 2.8
    endloop
  endfacet
  facet normal 0.896734 -0.442571 0
    outer loop
      vertex 13.8478 -0.765367 0
      vertex 13.732 -1 2.8
      vertex 13.732 -1 0
    endloop
  endfacet
  facet normal 0.980813 -0.194951 0
    outer loop
      vertex 13.9319 -0.517637 2.8
      vertex 13.9829 -0.261052 0
      vertex 13.9829 -0.261052 2.8
    endloop
  endfacet
  facet normal 0.980813 -0.194951 0
    outer loop
      vertex 13.9829 -0.261052 0
      vertex 13.9319 -0.517637 2.8
      vertex 13.9319 -0.517637 0
    endloop
  endfacet
  facet normal -0.980813 -0.194951 0
    outer loop
      vertex 10.0681 -0.517637 0
      vertex 10.0171 -0.261052 2.8
      vertex 10.0171 -0.261052 0
    endloop
  endfacet
  facet normal -0.980813 -0.194951 0
    outer loop
      vertex 10.0171 -0.261052 2.8
      vertex 10.0681 -0.517637 0
      vertex 10.0681 -0.517637 2.8
    endloop
  endfacet
  facet normal -0.19516 -0.980771 0
    outer loop
      vertex 11.4824 -1.93185 0
      vertex 11.7389 -1.98289 2.8
      vertex 11.4824 -1.93185 2.8
    endloop
  endfacet
  facet normal -0.19516 -0.980771 -0
    outer loop
      vertex 11.7389 -1.98289 2.8
      vertex 11.4824 -1.93185 0
      vertex 11.7389 -1.98289 0
    endloop
  endfacet
  facet normal 0.19516 0.980771 -0
    outer loop
      vertex 12.5176 1.93185 0
      vertex 12.2611 1.98289 2.8
      vertex 12.5176 1.93185 2.8
    endloop
  endfacet
  facet normal 0.19516 0.980771 0
    outer loop
      vertex 12.2611 1.98289 2.8
      vertex 12.5176 1.93185 0
      vertex 12.2611 1.98289 0
    endloop
  endfacet
  facet normal 0.946922 0.321463 0
    outer loop
      vertex 13.9319 0.517637 2.8
      vertex 13.8478 0.765367 0
      vertex 13.8478 0.765367 2.8
    endloop
  endfacet
  facet normal 0.946922 0.321463 0
    outer loop
      vertex 13.8478 0.765367 0
      vertex 13.9319 0.517637 2.8
      vertex 13.9319 0.517637 0
    endloop
  endfacet
  facet normal 0.751826 -0.659362 0
    outer loop
      vertex 13.4142 -1.41421 2.8
      vertex 13.5867 -1.21752 0
      vertex 13.5867 -1.21752 2.8
    endloop
  endfacet
  facet normal 0.751826 -0.659362 0
    outer loop
      vertex 13.5867 -1.21752 0
      vertex 13.4142 -1.41421 2.8
      vertex 13.4142 -1.41421 0
    endloop
  endfacet
  facet normal -0.831544 -0.555459 0
    outer loop
      vertex 10.4133 -1.21752 0
      vertex 10.268 -1 2.8
      vertex 10.268 -1 0
    endloop
  endfacet
  facet normal -0.831544 -0.555459 0
    outer loop
      vertex 10.268 -1 2.8
      vertex 10.4133 -1.21752 0
      vertex 10.4133 -1.21752 2.8
    endloop
  endfacet
  facet normal -0.0653902 0.99786 0
    outer loop
      vertex 12 2 0
      vertex 11.7389 1.98289 2.8
      vertex 12 2 2.8
    endloop
  endfacet
  facet normal -0.0653902 0.99786 0
    outer loop
      vertex 11.7389 1.98289 2.8
      vertex 12 2 0
      vertex 11.7389 1.98289 0
    endloop
  endfacet
  facet normal -0.321348 -0.946961 0
    outer loop
      vertex 11.2346 -1.84776 0
      vertex 11.4824 -1.93185 2.8
      vertex 11.2346 -1.84776 2.8
    endloop
  endfacet
  facet normal -0.321348 -0.946961 -0
    outer loop
      vertex 11.4824 -1.93185 2.8
      vertex 11.2346 -1.84776 0
      vertex 11.4824 -1.93185 0
    endloop
  endfacet
  facet normal -0.442344 0.896845 0
    outer loop
      vertex 11.2346 1.84776 0
      vertex 11 1.73205 2.8
      vertex 11.2346 1.84776 2.8
    endloop
  endfacet
  facet normal -0.442344 0.896845 0
    outer loop
      vertex 11 1.73205 2.8
      vertex 11.2346 1.84776 0
      vertex 11 1.73205 0
    endloop
  endfacet
  facet normal -0.442344 -0.896845 0
    outer loop
      vertex 11 -1.73205 0
      vertex 11.2346 -1.84776 2.8
      vertex 11 -1.73205 2.8
    endloop
  endfacet
  facet normal -0.442344 -0.896845 -0
    outer loop
      vertex 11.2346 -1.84776 2.8
      vertex 11 -1.73205 0
      vertex 11.2346 -1.84776 0
    endloop
  endfacet
  facet normal -0.896734 -0.442571 0
    outer loop
      vertex 10.268 -1 0
      vertex 10.1522 -0.765367 2.8
      vertex 10.1522 -0.765367 0
    endloop
  endfacet
  facet normal -0.896734 -0.442571 0
    outer loop
      vertex 10.1522 -0.765367 2.8
      vertex 10.268 -1 0
      vertex 10.268 -1 2.8
    endloop
  endfacet
  facet normal 0 0 -1
    outer loop
      vertex 13.9829 -0.261052 0
      vertex 13.9829 0.261052 0
      vertex 14 0 0
    endloop
  endfacet
  facet normal 0 0 -1
    outer loop
      vertex 13.9319 -0.517637 0
      vertex 13.9829 0.261052 0
      vertex 13.9829 -0.261052 0
    endloop
  endfacet
  facet normal 0 0 -1
    outer loop
      vertex 13.9319 -0.517637 0
      vertex 13.9319 0.517637 0
      vertex 13.9829 0.261052 0
    endloop
  endfacet
  facet normal 0 0 -1
    outer loop
      vertex 13.8478 -0.765367 0
      vertex 13.9319 0.517637 0
      vertex 13.9319 -0.517637 0
    endloop
  endfacet
  facet normal 0 0 -1
    outer loop
      vertex 13.8478 -0.765367 0
      vertex 13.8478 0.765367 0
      vertex 13.9319 0.517637 0
    endloop
  endfacet
  facet normal 0 0 -1
    outer loop
      vertex 13.732 -1 0
      vertex 13.8478 0.765367 0
      vertex 13.8478 -0.765367 0
    endloop
  endfacet
  facet normal 0 0 -1
    outer loop
      vertex 13.732 -1 0
      vertex 13.732 1 0
      vertex 13.8478 0.765367 0
    endloop
  endfacet
  facet normal 0 0 -1
    outer loop
      vertex 13.5867 -1.21752 0
      vertex 13.732 1 0
      vertex 13.732 -1 0
    endloop
  endfacet
  facet normal 0 0 -1
    outer loop
      vertex 13.5867 -1.21752 0
      vertex 13.5867 1.21752 0
      vertex 13.732 1 0
    endloop
  endfacet
  facet normal 0 0 -1
    outer loop
      vertex 13.4142 -1.41421 0
      vertex 13.5867 1.21752 0
      vertex 13.5867 -1.21752 0
    endloop
  endfacet
  facet normal 0 0 -1
    outer loop
      vertex 13.4142 -1.41421 0
      vertex 13.4142 1.41421 0
      vertex 13.5867 1.21752 0
    endloop
  endfacet
  facet normal 0 0 -1
    outer loop
      vertex 13.2175 -1.58671 0
      vertex 13.4142 1.41421 0
      vertex 13.4142 -1.41421 0
    endloop
  endfacet
  facet normal 0 0 -1
    outer loop
      vertex 13.2175 -1.58671 0
      vertex 13.2175 1.58671 0
      vertex 13.4142 1.41421 0
    endloop
  endfacet
  facet normal 0 0 -1
    outer loop
      vertex 13 -1.73205 0
      vertex 13.2175 1.58671 0
      vertex 13.2175 -1.58671 0
    endloop
  endfacet
  facet normal 0 0 -1
    outer loop
      vertex 13 -1.73205 0
      vertex 13 1.73205 0
      vertex 13.2175 1.58671 0
    endloop
  endfacet
  facet normal 0 0 -1
    outer loop
      vertex 12.7654 -1.84776 0
      vertex 13 1.73205 0
      vertex 13 -1.73205 0
    endloop
  endfacet
  facet normal 0 0 -1
    outer loop
      vertex 12.7654 -1.84776 0
      vertex 12.7654 1.84776 0
      vertex 13 1.73205 0
    endloop
  endfacet
  facet normal 0 0 -1
    outer loop
      vertex 12.5176 -1.93185 0
      vertex 12.7654 1.84776 0
      vertex 12.7654 -1.84776 0
    endloop
  endfacet
  facet normal 0 0 -1
    outer loop
      vertex 12.5176 -1.93185 0
      vertex 12.5176 1.93185 0
      vertex 12.7654 1.84776 0
    endloop
  endfacet
  facet normal 0 0 -1
    outer loop
      vertex 12.2611 -1.98289 0
      vertex 12.5176 1.93185 0
      vertex 12.5176 -1.93185 0
    endloop
  endfacet
  facet normal 0 0 -1
    outer loop
      vertex 12.2611 -1.98289 0
      vertex 12.2611 1.98289 0
      vertex 12.5176 1.93185 0
    endloop
  endfacet
  facet normal 0 0 -1
    outer loop
      vertex 12 -2 0
      vertex 12.2611 1.98289 0
      vertex 12.2611 -1.98289 0
    endloop
  endfacet
  facet normal 0 0 -1
    outer loop
      vertex 12 -2 0
      vertex 12 2 0
      vertex 12.2611 1.98289 0
    endloop
  endfacet
  facet normal 0 0 -1
    outer loop
      vertex 11.7389 -1.98289 0
      vertex 12 2 0
      vertex 12 -2 0
    endloop
  endfacet
  facet normal 0 0 -1
    outer loop
      vertex 11.7389 -1.98289 0
      vertex 11.7389 1.98289 0
      vertex 12 2 0
    endloop
  endfacet
  facet normal 0 0 -1
    outer loop
      vertex 11.4824 -1.93185 0
      vertex 11.7389 1.98289 0
      vertex 11.7389 -1.98289 0
    endloop
  endfacet
  facet normal 0 0 -1
    outer loop
      vertex 11.4824 -1.93185 0
      vertex 11.4824 1.93185 0
      vertex 11.7389 1.98289 0
    endloop
  endfacet
  facet normal 0 0 -1
    outer loop
      vertex 11.2346 -1.84776 0
      vertex 11.4824 1.93185 0
      vertex 11.4824 -1.93185 0
    endloop
  endfacet
  facet normal 0 0 -1
    outer loop
      vertex 11.2346 -1.84776 0
      vertex 11.2346 1.84776 0
      vertex 11.4824 1.93185 0
    endloop
  endfacet
  facet normal 0 0 -1
    outer loop
      vertex 11 -1.73205 0
      vertex 11.2346 1.84776 0
      vertex 11.2346 -1.84776 0
    endloop
  endfacet
  facet normal 0 0 -1
    outer loop
      vertex 11 -1.73205 0
      vertex 11 1.73205 0
      vertex 11.2346 1.84776 0
    endloop
  endfacet
  facet normal 0 0 -1
    outer loop
      vertex 10.7825 -1.58671 0
      vertex 11 1.73205 0
      vertex 11 -1.73205 0
    endloop
  endfacet
  facet normal 0 0 -1
    outer loop
      vertex 10.7825 -1.58671 0
      vertex 10.7825 1.58671 0
      vertex 11 1.73205 0
    endloop
  endfacet
  facet normal 0 0 -1
    outer loop
      vertex 10.5858 -1.41421 0
      vertex 10.7825 1.58671 0
      vertex 10.7825 -1.58671 0
    endloop
  endfacet
  facet normal 0 0 -1
    outer loop
      vertex 10.5858 -1.41421 0
      vertex 10.5858 1.41421 0
      vertex 10.7825 1.58671 0
    endloop
  endfacet
  facet normal 0 0 -1
    outer loop
      vertex 10.4133 -1.21752 0
      vertex 10.5858 1.41421 0
      vertex 10.5858 -1.41421 0
    endloop
  endfacet
  facet normal 0 0 -1
    outer loop
      vertex 10.4133 -1.21752 0
      vertex 10.4133 1.21752 0
      vertex 10.5858 1.41421 0
    endloop
  endfacet
  facet normal 0 0 -1
    outer loop
      vertex 10.268 -1 0
      vertex 10.4133 1.21752 0
      vertex 10.4133 -1.21752 0
    endloop
  endfacet
  facet normal 0 0 -1
    outer loop
      vertex 10.268 -1 0
      vertex 10.268 1 0
      vertex 10.4133 1.21752 0
    endloop
  endfacet
  facet normal 0 0 -1
    outer loop
      vertex 10.1522 -0.765367 0
      vertex 10.268 1 0
      vertex 10.268 -1 0
    endloop
  endfacet
  facet normal 0 0 -1
    outer loop
      vertex 10.1522 -0.765367 0
      vertex 10.1522 0.765367 0
      vertex 10.268 1 0
    endloop
  endfacet
  facet normal 0 0 -1
    outer loop
      vertex 10.0681 -0.517637 0
      vertex 10.1522 0.765367 0
      vertex 10.1522 -0.765367 0
    endloop
  endfacet
  facet normal 0 0 -1
    outer loop
      vertex 10.0681 -0.517637 0
      vertex 10.0681 0.517637 0
      vertex 10.1522 0.765367 0
    endloop
  endfacet
  facet normal 0 0 -1
    outer loop
      vertex 10.0171 -0.261052 0
      vertex 10.0681 0.517637 0
      vertex 10.0681 -0.517637 0
    endloop
  endfacet
  facet normal 0 0 -1
    outer loop
      vertex 10.0171 -0.261052 0
      vertex 10.0171 0.261052 0
      vertex 10.0681 0.517637 0
    endloop
  endfacet
  facet normal 0 -0 -1
    outer loop
      vertex 10.0171 0.261052 0
      vertex 10.0171 -0.261052 0
      vertex 10 0 0
    endloop
  endfacet
  facet normal -0.5556 -0.83145 0
    outer loop
      vertex 10.7825 -1.58671 0
      vertex 11 -1.73205 2.8
      vertex 10.7825 -1.58671 2.8
    endloop
  endfacet
  facet normal -0.5556 -0.83145 -0
    outer loop
      vertex 11 -1.73205 2.8
      vertex 10.7825 -1.58671 0
      vertex 11 -1.73205 0
    endloop
  endfacet
  facet normal 0 0 -1
    outer loop
      vertex 14 0 2.8
      vertex 15.5 0 2.8
      vertex 15.4701 -0.456841 2.8
    endloop
  endfacet
  facet normal 0 0 -1
    outer loop
      vertex 13.9829 -0.261052 2.8
      vertex 15.4701 -0.456841 2.8
      vertex 15.3807 -0.905867 2.8
    endloop
  endfacet
  facet normal 0 0 -1
    outer loop
      vertex 15.5 0 2.8
      vertex 14 0 2.8
      vertex 15.4701 0.456841 2.8
    endloop
  endfacet
  facet normal 0 0 -1
    outer loop
      vertex 13.9319 -0.517637 2.8
      vertex 15.3807 -0.905867 2.8
      vertex 15.2336 -1.33939 2.8
    endloop
  endfacet
  facet normal 0 0 -1
    outer loop
      vertex 13.9829 0.261052 2.8
      vertex 15.4701 0.456841 2.8
      vertex 14 0 2.8
    endloop
  endfacet
  facet normal 0 0 -1
    outer loop
      vertex 13.8478 -0.765367 2.8
      vertex 15.2336 -1.33939 2.8
      vertex 15.0311 -1.75 2.8
    endloop
  endfacet
  facet normal -0 0 -1
    outer loop
      vertex 15.4701 0.456841 2.8
      vertex 13.9829 0.261052 2.8
      vertex 15.3807 0.905867 2.8
    endloop
  endfacet
  facet normal 0 0 -1
    outer loop
      vertex 13.732 -1 2.8
      vertex 15.0311 -1.75 2.8
      vertex 14.7767 -2.13066 2.8
    endloop
  endfacet
  facet normal 0 0 -1
    outer loop
      vertex 13.9319 0.517637 2.8
      vertex 15.3807 0.905867 2.8
      vertex 13.9829 0.261052 2.8
    endloop
  endfacet
  facet normal 0 0 -1
    outer loop
      vertex 13.5867 -1.21752 2.8
      vertex 14.7767 -2.13066 2.8
      vertex 14.4749 -2.47487 2.8
    endloop
  endfacet
  facet normal -0 0 -1
    outer loop
      vertex 15.3807 0.905867 2.8
      vertex 13.9319 0.517637 2.8
      vertex 15.2336 1.33939 2.8
    endloop
  endfacet
  facet normal 0 0 -1
    outer loop
      vertex 13.4142 -1.41421 2.8
      vertex 14.4749 -2.47487 2.8
      vertex 14.1307 -2.77674 2.8
    endloop
  endfacet
  facet normal 0 0 -1
    outer loop
      vertex 13.8478 0.765367 2.8
      vertex 15.2336 1.33939 2.8
      vertex 13.9319 0.517637 2.8
    endloop
  endfacet
  facet normal -0 0 -1
    outer loop
      vertex 15.2336 1.33939 2.8
      vertex 13.8478 0.765367 2.8
      vertex 15.0311 1.75 2.8
    endloop
  endfacet
  facet normal 0 0 -1
    outer loop
      vertex 15.4701 -0.456841 2.8
      vertex 13.9829 -0.261052 2.8
      vertex 14 0 2.8
    endloop
  endfacet
  facet normal 0 0 -1
    outer loop
      vertex 15.3807 -0.905867 2.8
      vertex 13.9319 -0.517637 2.8
      vertex 13.9829 -0.261052 2.8
    endloop
  endfacet
  facet normal 0 0 -1
    outer loop
      vertex 15.2336 -1.33939 2.8
      vertex 13.8478 -0.765367 2.8
      vertex 13.9319 -0.517637 2.8
    endloop
  endfacet
  facet normal 0 0 -1
    outer loop
      vertex 13.2175 -1.58671 2.8
      vertex 14.1307 -2.77674 2.8
      vertex 13.75 -3.03109 2.8
    endloop
  endfacet
  facet normal 0 0 -1
    outer loop
      vertex 15.0311 -1.75 2.8
      vertex 13.732 -1 2.8
      vertex 13.8478 -0.765367 2.8
    endloop
  endfacet
  facet normal 0 0 -1
    outer loop
      vertex 14.7767 -2.13066 2.8
      vertex 13.5867 -1.21752 2.8
      vertex 13.732 -1 2.8
    endloop
  endfacet
  facet normal 0 0 -1
    outer loop
      vertex 14.4749 -2.47487 2.8
      vertex 13.4142 -1.41421 2.8
      vertex 13.5867 -1.21752 2.8
    endloop
  endfacet
  facet normal 0 0 -1
    outer loop
      vertex 13 -1.73205 2.8
      vertex 13.75 -3.03109 2.8
      vertex 13.3394 -3.23358 2.8
    endloop
  endfacet
  facet normal 0 0 -1
    outer loop
      vertex 14.1307 -2.77674 2.8
      vertex 13.2175 -1.58671 2.8
      vertex 13.4142 -1.41421 2.8
    endloop
  endfacet
  facet normal 0 0 -1
    outer loop
      vertex 13.75 -3.03109 2.8
      vertex 13 -1.73205 2.8
      vertex 13.2175 -1.58671 2.8
    endloop
  endfacet
  facet normal 0 0 -1
    outer loop
      vertex 12.7654 -1.84776 2.8
      vertex 13.3394 -3.23358 2.8
      vertex 12.9059 -3.38074 2.8
    endloop
  endfacet
  facet normal 0 0 -1
    outer loop
      vertex 13.3394 -3.23358 2.8
      vertex 12.7654 -1.84776 2.8
      vertex 13 -1.73205 2.8
    endloop
  endfacet
  facet normal 0 0 -1
    outer loop
      vertex 12.9059 -3.38074 2.8
      vertex 12.5176 -1.93185 2.8
      vertex 12.7654 -1.84776 2.8
    endloop
  endfacet
  facet normal 0 0 -1
    outer loop
      vertex 12.4568 -3.47006 2.8
      vertex 12.5176 -1.93185 2.8
      vertex 12.9059 -3.38074 2.8
    endloop
  endfacet
  facet normal 0 0 -1
    outer loop
      vertex 12.4568 -3.47006 2.8
      vertex 12.2611 -1.98289 2.8
      vertex 12.5176 -1.93185 2.8
    endloop
  endfacet
  facet normal 0 0 -1
    outer loop
      vertex 12 -3.5 2.8
      vertex 12.2611 -1.98289 2.8
      vertex 12.4568 -3.47006 2.8
    endloop
  endfacet
  facet normal 0 0 -1
    outer loop
      vertex 12 -3.5 2.8
      vertex 12 -2 2.8
      vertex 12.2611 -1.98289 2.8
    endloop
  endfacet
  facet normal 0 0 -1
    outer loop
      vertex 12 -3.5 2.8
      vertex 11.7389 -1.98289 2.8
      vertex 12 -2 2.8
    endloop
  endfacet
  facet normal 0 0 -1
    outer loop
      vertex 11.5432 -3.47006 2.8
      vertex 11.7389 -1.98289 2.8
      vertex 12 -3.5 2.8
    endloop
  endfacet
  facet normal 0 0 -1
    outer loop
      vertex 11.5432 -3.47006 2.8
      vertex 11.4824 -1.93185 2.8
      vertex 11.7389 -1.98289 2.8
    endloop
  endfacet
  facet normal 0 0 -1
    outer loop
      vertex 11.0941 -3.38074 2.8
      vertex 11.4824 -1.93185 2.8
      vertex 11.5432 -3.47006 2.8
    endloop
  endfacet
  facet normal -0 0 -1
    outer loop
      vertex 11.4824 -1.93185 2.8
      vertex 11.0941 -3.38074 2.8
      vertex 11.2346 -1.84776 2.8
    endloop
  endfacet
  facet normal 0 0 -1
    outer loop
      vertex 10.6606 -3.23358 2.8
      vertex 11.2346 -1.84776 2.8
      vertex 11.0941 -3.38074 2.8
    endloop
  endfacet
  facet normal -0 0 -1
    outer loop
      vertex 11.2346 -1.84776 2.8
      vertex 10.6606 -3.23358 2.8
      vertex 11 -1.73205 2.8
    endloop
  endfacet
  facet normal 0 0 -1
    outer loop
      vertex 10.25 -3.03109 2.8
      vertex 11 -1.73205 2.8
      vertex 10.6606 -3.23358 2.8
    endloop
  endfacet
  facet normal -0 0 -1
    outer loop
      vertex 11 -1.73205 2.8
      vertex 10.25 -3.03109 2.8
      vertex 10.7825 -1.58671 2.8
    endloop
  endfacet
  facet normal 0 0 -1
    outer loop
      vertex 9.86934 -2.77674 2.8
      vertex 10.7825 -1.58671 2.8
      vertex 10.25 -3.03109 2.8
    endloop
  endfacet
  facet normal -0 0 -1
    outer loop
      vertex 10.7825 -1.58671 2.8
      vertex 9.86934 -2.77674 2.8
      vertex 10.5858 -1.41421 2.8
    endloop
  endfacet
  facet normal 0 0 -1
    outer loop
      vertex 9.52513 -2.47487 2.8
      vertex 10.5858 -1.41421 2.8
      vertex 9.86934 -2.77674 2.8
    endloop
  endfacet
  facet normal -0 0 -1
    outer loop
      vertex 10.5858 -1.41421 2.8
      vertex 9.52513 -2.47487 2.8
      vertex 10.4133 -1.21752 2.8
    endloop
  endfacet
  facet normal 0 0 -1
    outer loop
      vertex 9.22326 -2.13066 2.8
      vertex 10.4133 -1.21752 2.8
      vertex 9.52513 -2.47487 2.8
    endloop
  endfacet
  facet normal -0 0 -1
    outer loop
      vertex 10.4133 -1.21752 2.8
      vertex 9.22326 -2.13066 2.8
      vertex 10.268 -1 2.8
    endloop
  endfacet
  facet normal -0 0 -1
    outer loop
      vertex 10.268 -1 2.8
      vertex 8.96891 -1.75 2.8
      vertex 10.1522 -0.765367 2.8
    endloop
  endfacet
  facet normal 0 0 -1
    outer loop
      vertex 8.96891 -1.75 2.8
      vertex 10.268 -1 2.8
      vertex 9.22326 -2.13066 2.8
    endloop
  endfacet
  facet normal 0 0 -1
    outer loop
      vertex 13.732 1 2.8
      vertex 15.0311 1.75 2.8
      vertex 13.8478 0.765367 2.8
    endloop
  endfacet
  facet normal -0 0 -1
    outer loop
      vertex 15.0311 1.75 2.8
      vertex 13.732 1 2.8
      vertex 14.7767 2.13066 2.8
    endloop
  endfacet
  facet normal 0 0 -1
    outer loop
      vertex 13.5867 1.21752 2.8
      vertex 14.7767 2.13066 2.8
      vertex 13.732 1 2.8
    endloop
  endfacet
  facet normal -0 0 -1
    outer loop
      vertex 14.7767 2.13066 2.8
      vertex 13.5867 1.21752 2.8
      vertex 14.4749 2.47487 2.8
    endloop
  endfacet
  facet normal 0 0 -1
    outer loop
      vertex 13.4142 1.41421 2.8
      vertex 14.4749 2.47487 2.8
      vertex 13.5867 1.21752 2.8
    endloop
  endfacet
  facet normal -0 0 -1
    outer loop
      vertex 14.4749 2.47487 2.8
      vertex 13.4142 1.41421 2.8
      vertex 14.1307 2.77674 2.8
    endloop
  endfacet
  facet normal 0 0 -1
    outer loop
      vertex 13.2175 1.58671 2.8
      vertex 14.1307 2.77674 2.8
      vertex 13.4142 1.41421 2.8
    endloop
  endfacet
  facet normal -0 0 -1
    outer loop
      vertex 14.1307 2.77674 2.8
      vertex 13.2175 1.58671 2.8
      vertex 13.75 3.03109 2.8
    endloop
  endfacet
  facet normal 0 0 -1
    outer loop
      vertex 13 1.73205 2.8
      vertex 13.75 3.03109 2.8
      vertex 13.2175 1.58671 2.8
    endloop
  endfacet
  facet normal -0 0 -1
    outer loop
      vertex 13.75 3.03109 2.8
      vertex 13 1.73205 2.8
      vertex 13.3394 3.23358 2.8
    endloop
  endfacet
  facet normal 0 0 -1
    outer loop
      vertex 12.7654 1.84776 2.8
      vertex 13.3394 3.23358 2.8
      vertex 13 1.73205 2.8
    endloop
  endfacet
  facet normal -0 0 -1
    outer loop
      vertex 13.3394 3.23358 2.8
      vertex 12.7654 1.84776 2.8
      vertex 12.9059 3.38074 2.8
    endloop
  endfacet
  facet normal 0 0 -1
    outer loop
      vertex 12.5176 1.93185 2.8
      vertex 12.9059 3.38074 2.8
      vertex 12.7654 1.84776 2.8
    endloop
  endfacet
  facet normal 0 0 -1
    outer loop
      vertex 12.5176 1.93185 2.8
      vertex 12.4568 3.47006 2.8
      vertex 12.9059 3.38074 2.8
    endloop
  endfacet
  facet normal 0 0 -1
    outer loop
      vertex 12.2611 1.98289 2.8
      vertex 12.4568 3.47006 2.8
      vertex 12.5176 1.93185 2.8
    endloop
  endfacet
  facet normal 0 0 -1
    outer loop
      vertex 12 2 2.8
      vertex 12.4568 3.47006 2.8
      vertex 12.2611 1.98289 2.8
    endloop
  endfacet
  facet normal 0 0 -1
    outer loop
      vertex 12 2 2.8
      vertex 12 3.5 2.8
      vertex 12.4568 3.47006 2.8
    endloop
  endfacet
  facet normal 0 0 -1
    outer loop
      vertex 11.7389 1.98289 2.8
      vertex 12 3.5 2.8
      vertex 12 2 2.8
    endloop
  endfacet
  facet normal 0 0 -1
    outer loop
      vertex 11.7389 1.98289 2.8
      vertex 11.5432 3.47006 2.8
      vertex 12 3.5 2.8
    endloop
  endfacet
  facet normal 0 0 -1
    outer loop
      vertex 11.4824 1.93185 2.8
      vertex 11.5432 3.47006 2.8
      vertex 11.7389 1.98289 2.8
    endloop
  endfacet
  facet normal 0 0 -1
    outer loop
      vertex 11.0941 3.38074 2.8
      vertex 11.4824 1.93185 2.8
      vertex 11.2346 1.84776 2.8
    endloop
  endfacet
  facet normal 0 0 -1
    outer loop
      vertex 11.4824 1.93185 2.8
      vertex 11.0941 3.38074 2.8
      vertex 11.5432 3.47006 2.8
    endloop
  endfacet
  facet normal 0 0 -1
    outer loop
      vertex 10.6606 3.23358 2.8
      vertex 11.2346 1.84776 2.8
      vertex 11 1.73205 2.8
    endloop
  endfacet
  facet normal 0 0 -1
    outer loop
      vertex 10.25 3.03109 2.8
      vertex 11 1.73205 2.8
      vertex 10.7825 1.58671 2.8
    endloop
  endfacet
  facet normal 0 0 -1
    outer loop
      vertex 11.2346 1.84776 2.8
      vertex 10.6606 3.23358 2.8
      vertex 11.0941 3.38074 2.8
    endloop
  endfacet
  facet normal 0 0 -1
    outer loop
      vertex 9.86934 2.77674 2.8
      vertex 10.7825 1.58671 2.8
      vertex 10.5858 1.41421 2.8
    endloop
  endfacet
  facet normal 0 0 -1
    outer loop
      vertex 9.52513 2.47487 2.8
      vertex 10.5858 1.41421 2.8
      vertex 10.4133 1.21752 2.8
    endloop
  endfacet
  facet normal 0 0 -1
    outer loop
      vertex 9.22326 2.13066 2.8
      vertex 10.4133 1.21752 2.8
      vertex 10.268 1 2.8
    endloop
  endfacet
  facet normal 0 0 -1
    outer loop
      vertex 11 1.73205 2.8
      vertex 10.25 3.03109 2.8
      vertex 10.6606 3.23358 2.8
    endloop
  endfacet
  facet normal 0 0 -1
    outer loop
      vertex 8.96891 1.75 2.8
      vertex 10.268 1 2.8
      vertex 10.1522 0.765367 2.8
    endloop
  endfacet
  facet normal 0 0 -1
    outer loop
      vertex 8.76642 1.33939 2.8
      vertex 10.1522 0.765367 2.8
      vertex 10.0681 0.517637 2.8
    endloop
  endfacet
  facet normal 0 0 -1
    outer loop
      vertex 8.61926 0.905867 2.8
      vertex 10.0681 0.517637 2.8
      vertex 10.0171 0.261052 2.8
    endloop
  endfacet
  facet normal 0 0 -1
    outer loop
      vertex 10.7825 1.58671 2.8
      vertex 9.86934 2.77674 2.8
      vertex 10.25 3.03109 2.8
    endloop
  endfacet
  facet normal 0 0 -1
    outer loop
      vertex 8.52994 0.456841 2.8
      vertex 10.0171 0.261052 2.8
      vertex 10 0 2.8
    endloop
  endfacet
  facet normal 0 0 -1
    outer loop
      vertex 8.76642 -1.33939 2.8
      vertex 10.1522 -0.765367 2.8
      vertex 8.96891 -1.75 2.8
    endloop
  endfacet
  facet normal -0 0 -1
    outer loop
      vertex 10.1522 -0.765367 2.8
      vertex 8.76642 -1.33939 2.8
      vertex 10.0681 -0.517637 2.8
    endloop
  endfacet
  facet normal 0 0 -1
    outer loop
      vertex 10.5858 1.41421 2.8
      vertex 9.52513 2.47487 2.8
      vertex 9.86934 2.77674 2.8
    endloop
  endfacet
  facet normal 0 0 -1
    outer loop
      vertex 8.61926 -0.905867 2.8
      vertex 10.0681 -0.517637 2.8
      vertex 8.76642 -1.33939 2.8
    endloop
  endfacet
  facet normal 0 0 -1
    outer loop
      vertex 10.4133 1.21752 2.8
      vertex 9.22326 2.13066 2.8
      vertex 9.52513 2.47487 2.8
    endloop
  endfacet
  facet normal -0 0 -1
    outer loop
      vertex 10.0681 -0.517637 2.8
      vertex 8.61926 -0.905867 2.8
      vertex 10.0171 -0.261052 2.8
    endloop
  endfacet
  facet normal 0 0 -1
    outer loop
      vertex 10.268 1 2.8
      vertex 8.96891 1.75 2.8
      vertex 9.22326 2.13066 2.8
    endloop
  endfacet
  facet normal 0 0 -1
    outer loop
      vertex 8.52994 -0.456841 2.8
      vertex 10.0171 -0.261052 2.8
      vertex 8.61926 -0.905867 2.8
    endloop
  endfacet
  facet normal 0 0 -1
    outer loop
      vertex 10.1522 0.765367 2.8
      vertex 8.76642 1.33939 2.8
      vertex 8.96891 1.75 2.8
    endloop
  endfacet
  facet normal -0 0 -1
    outer loop
      vertex 10.0171 -0.261052 2.8
      vertex 8.52994 -0.456841 2.8
      vertex 10 0 2.8
    endloop
  endfacet
  facet normal 0 0 -1
    outer loop
      vertex 10.0681 0.517637 2.8
      vertex 8.61926 0.905867 2.8
      vertex 8.76642 1.33939 2.8
    endloop
  endfacet
  facet normal 0 0 -1
    outer loop
      vertex 8.5 0 2.8
      vertex 10 0 2.8
      vertex 8.52994 -0.456841 2.8
    endloop
  endfacet
  facet normal 0 0 -1
    outer loop
      vertex 10.0171 0.261052 2.8
      vertex 8.52994 0.456841 2.8
      vertex 8.61926 0.905867 2.8
    endloop
  endfacet
  facet normal 0 0 -1
    outer loop
      vertex 10 0 2.8
      vertex 8.5 0 2.8
      vertex 8.52994 0.456841 2.8
    endloop
  endfacet
  facet normal 0.980751 0.195265 0
    outer loop
      vertex 15.4701 0.456841 5.8
      vertex 15.3807 0.905867 2.8
      vertex 15.3807 0.905867 5.8
    endloop
  endfacet
  facet normal 0.980751 0.195265 0
    outer loop
      vertex 15.3807 0.905867 2.8
      vertex 15.4701 0.456841 5.8
      vertex 15.4701 0.456841 2.8
    endloop
  endfacet
  facet normal 0.997865 0.0653097 0
    outer loop
      vertex 15.5 0 5.8
      vertex 15.4701 0.456841 2.8
      vertex 15.4701 0.456841 5.8
    endloop
  endfacet
  facet normal 0.997865 0.0653097 0
    outer loop
      vertex 15.4701 0.456841 2.8
      vertex 15.5 0 5.8
      vertex 15.5 0 2.8
    endloop
  endfacet
  facet normal 0.321452 -0.946926 0
    outer loop
      vertex 12.9059 -3.38074 2.8
      vertex 13.3394 -3.23358 5.8
      vertex 12.9059 -3.38074 5.8
    endloop
  endfacet
  facet normal 0.321452 -0.946926 0
    outer loop
      vertex 13.3394 -3.23358 5.8
      vertex 12.9059 -3.38074 2.8
      vertex 13.3394 -3.23358 2.8
    endloop
  endfacet
  facet normal 0.831418 0.555647 0
    outer loop
      vertex 15.0311 1.75 5.8
      vertex 14.7767 2.13066 2.8
      vertex 14.7767 2.13066 5.8
    endloop
  endfacet
  facet normal 0.831418 0.555647 0
    outer loop
      vertex 14.7767 2.13066 2.8
      vertex 15.0311 1.75 5.8
      vertex 15.0311 1.75 2.8
    endloop
  endfacet
  facet normal -0.896873 0.442288 0
    outer loop
      vertex 8.76642 1.33939 2.8
      vertex 8.96891 1.75 5.8
      vertex 8.96891 1.75 2.8
    endloop
  endfacet
  facet normal -0.896873 0.442288 0
    outer loop
      vertex 8.96891 1.75 5.8
      vertex 8.76642 1.33939 2.8
      vertex 8.76642 1.33939 5.8
    endloop
  endfacet
  facet normal -0.555572 0.831468 0
    outer loop
      vertex 10.25 3.03109 2.8
      vertex 9.86934 2.77674 5.8
      vertex 10.25 3.03109 5.8
    endloop
  endfacet
  facet normal -0.555572 0.831468 0
    outer loop
      vertex 9.86934 2.77674 5.8
      vertex 10.25 3.03109 2.8
      vertex 9.86934 2.77674 2.8
    endloop
  endfacet
  facet normal -0.659353 0.751833 0
    outer loop
      vertex 9.86934 2.77674 2.8
      vertex 9.52513 2.47487 5.8
      vertex 9.86934 2.77674 5.8
    endloop
  endfacet
  facet normal -0.659353 0.751833 0
    outer loop
      vertex 9.52513 2.47487 5.8
      vertex 9.86934 2.77674 2.8
      vertex 9.52513 2.47487 2.8
    endloop
  endfacet
  facet normal -0.751833 0.659353 0
    outer loop
      vertex 9.22326 2.13066 2.8
      vertex 9.52513 2.47487 5.8
      vertex 9.52513 2.47487 2.8
    endloop
  endfacet
  facet normal -0.751833 0.659353 0
    outer loop
      vertex 9.52513 2.47487 5.8
      vertex 9.22326 2.13066 2.8
      vertex 9.22326 2.13066 5.8
    endloop
  endfacet
  facet normal 0.946971 -0.32132 0
    outer loop
      vertex 15.2336 -1.33939 5.8
      vertex 15.3807 -0.905867 2.8
      vertex 15.3807 -0.905867 5.8
    endloop
  endfacet
  facet normal 0.946971 -0.32132 0
    outer loop
      vertex 15.3807 -0.905867 2.8
      vertex 15.2336 -1.33939 5.8
      vertex 15.2336 -1.33939 2.8
    endloop
  endfacet
  facet normal -0.997859 0.0653967 0
    outer loop
      vertex 8.5 0 2.8
      vertex 8.52994 0.456841 5.8
      vertex 8.52994 0.456841 2.8
    endloop
  endfacet
  facet normal -0.997859 0.0653967 0
    outer loop
      vertex 8.52994 0.456841 5.8
      vertex 8.5 0 2.8
      vertex 8.5 0 5.8
    endloop
  endfacet
  facet normal 0.555532 0.831495 -0
    outer loop
      vertex 14.1307 2.77674 2.8
      vertex 13.75 3.03109 5.8
      vertex 14.1307 2.77674 5.8
    endloop
  endfacet
  facet normal 0.555532 0.831495 0
    outer loop
      vertex 13.75 3.03109 5.8
      vertex 14.1307 2.77674 2.8
      vertex 13.75 3.03109 2.8
    endloop
  endfacet
  facet normal -0.321452 -0.946926 0
    outer loop
      vertex 10.6606 -3.23358 2.8
      vertex 11.0941 -3.38074 5.8
      vertex 10.6606 -3.23358 5.8
    endloop
  endfacet
  facet normal -0.321452 -0.946926 -0
    outer loop
      vertex 11.0941 -3.38074 5.8
      vertex 10.6606 -3.23358 2.8
      vertex 11.0941 -3.38074 2.8
    endloop
  endfacet
  facet normal -0.751833 -0.659353 0
    outer loop
      vertex 9.52513 -2.47487 2.8
      vertex 9.22326 -2.13066 5.8
      vertex 9.22326 -2.13066 2.8
    endloop
  endfacet
  facet normal -0.751833 -0.659353 0
    outer loop
      vertex 9.22326 -2.13066 5.8
      vertex 9.52513 -2.47487 2.8
      vertex 9.52513 -2.47487 5.8
    endloop
  endfacet
  facet normal 0.195066 -0.98079 0
    outer loop
      vertex 12.4568 -3.47006 2.8
      vertex 12.9059 -3.38074 5.8
      vertex 12.4568 -3.47006 5.8
    endloop
  endfacet
  facet normal 0.195066 -0.98079 0
    outer loop
      vertex 12.9059 -3.38074 5.8
      vertex 12.4568 -3.47006 2.8
      vertex 12.9059 -3.38074 2.8
    endloop
  endfacet
  facet normal -0.321452 0.946926 0
    outer loop
      vertex 11.0941 3.38074 2.8
      vertex 10.6606 3.23358 5.8
      vertex 11.0941 3.38074 5.8
    endloop
  endfacet
  facet normal -0.321452 0.946926 0
    outer loop
      vertex 10.6606 3.23358 5.8
      vertex 11.0941 3.38074 2.8
      vertex 10.6606 3.23358 2.8
    endloop
  endfacet
  facet normal -0.831468 -0.555572 0
    outer loop
      vertex 9.22326 -2.13066 2.8
      vertex 8.96891 -1.75 5.8
      vertex 8.96891 -1.75 2.8
    endloop
  endfacet
  facet normal -0.831468 -0.555572 0
    outer loop
      vertex 8.96891 -1.75 5.8
      vertex 9.22326 -2.13066 2.8
      vertex 9.22326 -2.13066 5.8
    endloop
  endfacet
  facet normal 0.555532 -0.831495 0
    outer loop
      vertex 13.75 -3.03109 2.8
      vertex 14.1307 -2.77674 5.8
      vertex 13.75 -3.03109 5.8
    endloop
  endfacet
  facet normal 0.555532 -0.831495 0
    outer loop
      vertex 14.1307 -2.77674 5.8
      vertex 13.75 -3.03109 2.8
      vertex 14.1307 -2.77674 2.8
    endloop
  endfacet
  facet normal -0.946931 0.321437 0
    outer loop
      vertex 8.61926 0.905867 2.8
      vertex 8.76642 1.33939 5.8
      vertex 8.76642 1.33939 2.8
    endloop
  endfacet
  facet normal -0.946931 0.321437 0
    outer loop
      vertex 8.76642 1.33939 5.8
      vertex 8.61926 0.905867 2.8
      vertex 8.61926 0.905867 5.8
    endloop
  endfacet
  facet normal 0.321452 0.946926 -0
    outer loop
      vertex 13.3394 3.23358 2.8
      vertex 12.9059 3.38074 5.8
      vertex 13.3394 3.23358 5.8
    endloop
  endfacet
  facet normal 0.321452 0.946926 0
    outer loop
      vertex 12.9059 3.38074 5.8
      vertex 13.3394 3.23358 2.8
      vertex 12.9059 3.38074 2.8
    endloop
  endfacet
  facet normal 0.0654026 0.997859 -0
    outer loop
      vertex 12.4568 3.47006 2.8
      vertex 12 3.5 5.8
      vertex 12.4568 3.47006 5.8
    endloop
  endfacet
  facet normal 0.0654026 0.997859 0
    outer loop
      vertex 12 3.5 5.8
      vertex 12.4568 3.47006 2.8
      vertex 12 3.5 2.8
    endloop
  endfacet
  facet normal -0.442297 0.896869 0
    outer loop
      vertex 10.6606 3.23358 2.8
      vertex 10.25 3.03109 5.8
      vertex 10.6606 3.23358 5.8
    endloop
  endfacet
  facet normal -0.442297 0.896869 0
    outer loop
      vertex 10.25 3.03109 5.8
      vertex 10.6606 3.23358 2.8
      vertex 10.25 3.03109 2.8
    endloop
  endfacet
  facet normal 0.831418 -0.555647 0
    outer loop
      vertex 14.7767 -2.13066 5.8
      vertex 15.0311 -1.75 2.8
      vertex 15.0311 -1.75 5.8
    endloop
  endfacet
  facet normal 0.831418 -0.555647 0
    outer loop
      vertex 15.0311 -1.75 2.8
      vertex 14.7767 -2.13066 5.8
      vertex 14.7767 -2.13066 2.8
    endloop
  endfacet
  facet normal -0.997859 -0.0653967 0
    outer loop
      vertex 8.52994 -0.456841 2.8
      vertex 8.5 0 5.8
      vertex 8.5 0 2.8
    endloop
  endfacet
  facet normal -0.997859 -0.0653967 0
    outer loop
      vertex 8.5 0 5.8
      vertex 8.52994 -0.456841 2.8
      vertex 8.52994 -0.456841 5.8
    endloop
  endfacet
  facet normal -0.946931 -0.321437 0
    outer loop
      vertex 8.76642 -1.33939 2.8
      vertex 8.61926 -0.905867 5.8
      vertex 8.61926 -0.905867 2.8
    endloop
  endfacet
  facet normal -0.946931 -0.321437 0
    outer loop
      vertex 8.61926 -0.905867 5.8
      vertex 8.76642 -1.33939 2.8
      vertex 8.76642 -1.33939 5.8
    endloop
  endfacet
  facet normal -0.659353 -0.751833 0
    outer loop
      vertex 9.52513 -2.47487 2.8
      vertex 9.86934 -2.77674 5.8
      vertex 9.52513 -2.47487 5.8
    endloop
  endfacet
  facet normal -0.659353 -0.751833 -0
    outer loop
      vertex 9.86934 -2.77674 5.8
      vertex 9.52513 -2.47487 2.8
      vertex 9.86934 -2.77674 2.8
    endloop
  endfacet
  facet normal 0.442297 0.896869 -0
    outer loop
      vertex 13.75 3.03109 2.8
      vertex 13.3394 3.23358 5.8
      vertex 13.75 3.03109 5.8
    endloop
  endfacet
  facet normal 0.442297 0.896869 0
    outer loop
      vertex 13.3394 3.23358 5.8
      vertex 13.75 3.03109 2.8
      vertex 13.3394 3.23358 2.8
    endloop
  endfacet
  facet normal -0.195066 0.98079 0
    outer loop
      vertex 11.5432 3.47006 2.8
      vertex 11.0941 3.38074 5.8
      vertex 11.5432 3.47006 5.8
    endloop
  endfacet
  facet normal -0.195066 0.98079 0
    outer loop
      vertex 11.0941 3.38074 5.8
      vertex 11.5432 3.47006 2.8
      vertex 11.0941 3.38074 2.8
    endloop
  endfacet
  facet normal 0.751909 0.659267 0
    outer loop
      vertex 14.7767 2.13066 5.8
      vertex 14.4749 2.47487 2.8
      vertex 14.4749 2.47487 5.8
    endloop
  endfacet
  facet normal 0.751909 0.659267 0
    outer loop
      vertex 14.4749 2.47487 2.8
      vertex 14.7767 2.13066 5.8
      vertex 14.7767 2.13066 2.8
    endloop
  endfacet
  facet normal 0.195066 0.98079 -0
    outer loop
      vertex 12.9059 3.38074 2.8
      vertex 12.4568 3.47006 5.8
      vertex 12.9059 3.38074 5.8
    endloop
  endfacet
  facet normal 0.195066 0.98079 0
    outer loop
      vertex 12.4568 3.47006 5.8
      vertex 12.9059 3.38074 2.8
      vertex 12.4568 3.47006 2.8
    endloop
  endfacet
  facet normal 0.751909 -0.659267 0
    outer loop
      vertex 14.4749 -2.47487 5.8
      vertex 14.7767 -2.13066 2.8
      vertex 14.7767 -2.13066 5.8
    endloop
  endfacet
  facet normal 0.751909 -0.659267 0
    outer loop
      vertex 14.7767 -2.13066 2.8
      vertex 14.4749 -2.47487 5.8
      vertex 14.4749 -2.47487 2.8
    endloop
  endfacet
  facet normal -0.442297 -0.896869 0
    outer loop
      vertex 10.25 -3.03109 2.8
      vertex 10.6606 -3.23358 5.8
      vertex 10.25 -3.03109 5.8
    endloop
  endfacet
  facet normal -0.442297 -0.896869 -0
    outer loop
      vertex 10.6606 -3.23358 5.8
      vertex 10.25 -3.03109 2.8
      vertex 10.6606 -3.23358 2.8
    endloop
  endfacet
  facet normal -0.980784 0.195097 0
    outer loop
      vertex 8.52994 0.456841 2.8
      vertex 8.61926 0.905867 5.8
      vertex 8.61926 0.905867 2.8
    endloop
  endfacet
  facet normal -0.980784 0.195097 0
    outer loop
      vertex 8.61926 0.905867 5.8
      vertex 8.52994 0.456841 2.8
      vertex 8.52994 0.456841 5.8
    endloop
  endfacet
  facet normal 0.0654026 -0.997859 0
    outer loop
      vertex 12 -3.5 2.8
      vertex 12.4568 -3.47006 5.8
      vertex 12 -3.5 5.8
    endloop
  endfacet
  facet normal 0.0654026 -0.997859 0
    outer loop
      vertex 12.4568 -3.47006 5.8
      vertex 12 -3.5 2.8
      vertex 12.4568 -3.47006 2.8
    endloop
  endfacet
  facet normal 0.442297 -0.896869 0
    outer loop
      vertex 13.3394 -3.23358 2.8
      vertex 13.75 -3.03109 5.8
      vertex 13.3394 -3.23358 5.8
    endloop
  endfacet
  facet normal 0.442297 -0.896869 0
    outer loop
      vertex 13.75 -3.03109 5.8
      vertex 13.3394 -3.23358 2.8
      vertex 13.75 -3.03109 2.8
    endloop
  endfacet
  facet normal 0.659364 -0.751824 0
    outer loop
      vertex 14.1307 -2.77674 2.8
      vertex 14.4749 -2.47487 5.8
      vertex 14.1307 -2.77674 5.8
    endloop
  endfacet
  facet normal 0.659364 -0.751824 0
    outer loop
      vertex 14.4749 -2.47487 5.8
      vertex 14.1307 -2.77674 2.8
      vertex 14.4749 -2.47487 2.8
    endloop
  endfacet
  facet normal -0.896873 -0.442288 0
    outer loop
      vertex 8.96891 -1.75 2.8
      vertex 8.76642 -1.33939 5.8
      vertex 8.76642 -1.33939 2.8
    endloop
  endfacet
  facet normal -0.896873 -0.442288 0
    outer loop
      vertex 8.76642 -1.33939 5.8
      vertex 8.96891 -1.75 2.8
      vertex 8.96891 -1.75 5.8
    endloop
  endfacet
  facet normal 0.896864 -0.442305 0
    outer loop
      vertex 15.0311 -1.75 5.8
      vertex 15.2336 -1.33939 2.8
      vertex 15.2336 -1.33939 5.8
    endloop
  endfacet
  facet normal 0.896864 -0.442305 0
    outer loop
      vertex 15.2336 -1.33939 2.8
      vertex 15.0311 -1.75 5.8
      vertex 15.0311 -1.75 2.8
    endloop
  endfacet
  facet normal 0.659364 0.751824 -0
    outer loop
      vertex 14.4749 2.47487 2.8
      vertex 14.1307 2.77674 5.8
      vertex 14.4749 2.47487 5.8
    endloop
  endfacet
  facet normal 0.659364 0.751824 0
    outer loop
      vertex 14.1307 2.77674 5.8
      vertex 14.4749 2.47487 2.8
      vertex 14.1307 2.77674 2.8
    endloop
  endfacet
  facet normal 0.997865 -0.0653097 0
    outer loop
      vertex 15.4701 -0.456841 5.8
      vertex 15.5 0 2.8
      vertex 15.5 0 5.8
    endloop
  endfacet
  facet normal 0.997865 -0.0653097 0
    outer loop
      vertex 15.5 0 2.8
      vertex 15.4701 -0.456841 5.8
      vertex 15.4701 -0.456841 2.8
    endloop
  endfacet
  facet normal -0.555572 -0.831468 0
    outer loop
      vertex 9.86934 -2.77674 2.8
      vertex 10.25 -3.03109 5.8
      vertex 9.86934 -2.77674 5.8
    endloop
  endfacet
  facet normal -0.555572 -0.831468 -0
    outer loop
      vertex 10.25 -3.03109 5.8
      vertex 9.86934 -2.77674 2.8
      vertex 10.25 -3.03109 2.8
    endloop
  endfacet
  facet normal 0.896864 0.442305 0
    outer loop
      vertex 15.2336 1.33939 5.8
      vertex 15.0311 1.75 2.8
      vertex 15.0311 1.75 5.8
    endloop
  endfacet
  facet normal 0.896864 0.442305 0
    outer loop
      vertex 15.0311 1.75 2.8
      vertex 15.2336 1.33939 5.8
      vertex 15.2336 1.33939 2.8
    endloop
  endfacet
  facet normal 0.980751 -0.195265 0
    outer loop
      vertex 15.3807 -0.905867 5.8
      vertex 15.4701 -0.456841 2.8
      vertex 15.4701 -0.456841 5.8
    endloop
  endfacet
  facet normal 0.980751 -0.195265 0
    outer loop
      vertex 15.4701 -0.456841 2.8
      vertex 15.3807 -0.905867 5.8
      vertex 15.3807 -0.905867 2.8
    endloop
  endfacet
  facet normal 0.946971 0.32132 0
    outer loop
      vertex 15.3807 0.905867 5.8
      vertex 15.2336 1.33939 2.8
      vertex 15.2336 1.33939 5.8
    endloop
  endfacet
  facet normal 0.946971 0.32132 0
    outer loop
      vertex 15.2336 1.33939 2.8
      vertex 15.3807 0.905867 5.8
      vertex 15.3807 0.905867 2.8
    endloop
  endfacet
  facet normal -0.0654026 0.997859 0
    outer loop
      vertex 12 3.5 2.8
      vertex 11.5432 3.47006 5.8
      vertex 12 3.5 5.8
    endloop
  endfacet
  facet normal -0.0654026 0.997859 0
    outer loop
      vertex 11.5432 3.47006 5.8
      vertex 12 3.5 2.8
      vertex 11.5432 3.47006 2.8
    endloop
  endfacet
  facet normal -0.980784 -0.195097 0
    outer loop
      vertex 8.61926 -0.905867 2.8
      vertex 8.52994 -0.456841 5.8
      vertex 8.52994 -0.456841 2.8
    endloop
  endfacet
  facet normal -0.980784 -0.195097 0
    outer loop
      vertex 8.52994 -0.456841 5.8
      vertex 8.61926 -0.905867 2.8
      vertex 8.61926 -0.905867 5.8
    endloop
  endfacet
  facet normal 0 0 1
    outer loop
      vertex 13.225 0 5.8
      vertex 15.5 0 5.8
      vertex 15.4701 0.456841 5.8
    endloop
  endfacet
  facet normal 0 0 1
    outer loop
      vertex 13.2145 0.159894 5.8
      vertex 15.4701 0.456841 5.8
      vertex 15.3807 0.905867 5.8
    endloop
  endfacet
  facet normal 0 0 1
    outer loop
      vertex 15.5 0 5.8
      vertex 13.225 0 5.8
      vertex 15.4701 -0.456841 5.8
    endloop
  endfacet
  facet normal 0 0 1
    outer loop
      vertex 13.1833 0.317053 5.8
      vertex 15.3807 0.905867 5.8
      vertex 15.2336 1.33939 5.8
    endloop
  endfacet
  facet normal -0 0 1
    outer loop
      vertex 13.2145 -0.159894 5.8
      vertex 15.4701 -0.456841 5.8
      vertex 13.225 0 5.8
    endloop
  endfacet
  facet normal 0 0 1
    outer loop
      vertex 13.1318 0.468787 5.8
      vertex 15.2336 1.33939 5.8
      vertex 15.0311 1.75 5.8
    endloop
  endfacet
  facet normal 0 0 1
    outer loop
      vertex 15.4701 -0.456841 5.8
      vertex 13.2145 -0.159894 5.8
      vertex 15.3807 -0.905867 5.8
    endloop
  endfacet
  facet normal 0 0 1
    outer loop
      vertex 13.0609 0.612499 5.8
      vertex 15.0311 1.75 5.8
      vertex 14.7767 2.13066 5.8
    endloop
  endfacet
  facet normal -0 0 1
    outer loop
      vertex 13.1833 -0.317053 5.8
      vertex 15.3807 -0.905867 5.8
      vertex 13.2145 -0.159894 5.8
    endloop
  endfacet
  facet normal 0 0 1
    outer loop
      vertex 12.9719 0.745732 5.8
      vertex 14.7767 2.13066 5.8
      vertex 14.4749 2.47487 5.8
    endloop
  endfacet
  facet normal 0 0 1
    outer loop
      vertex 15.3807 -0.905867 5.8
      vertex 13.1833 -0.317053 5.8
      vertex 15.2336 -1.33939 5.8
    endloop
  endfacet
  facet normal 0 0 1
    outer loop
      vertex 12.8662 0.866205 5.8
      vertex 14.4749 2.47487 5.8
      vertex 14.1307 2.77674 5.8
    endloop
  endfacet
  facet normal -0 0 1
    outer loop
      vertex 13.1318 -0.468787 5.8
      vertex 15.2336 -1.33939 5.8
      vertex 13.1833 -0.317053 5.8
    endloop
  endfacet
  facet normal 0 0 1
    outer loop
      vertex 12.7457 0.971857 5.8
      vertex 14.1307 2.77674 5.8
      vertex 13.75 3.03109 5.8
    endloop
  endfacet
  facet normal 0 0 1
    outer loop
      vertex 15.2336 -1.33939 5.8
      vertex 13.1318 -0.468787 5.8
      vertex 15.0311 -1.75 5.8
    endloop
  endfacet
  facet normal 0 0 1
    outer loop
      vertex 12.6125 1.06088 5.8
      vertex 13.75 3.03109 5.8
      vertex 13.3394 3.23358 5.8
    endloop
  endfacet
  facet normal -0 0 1
    outer loop
      vertex 13.0609 -0.612499 5.8
      vertex 15.0311 -1.75 5.8
      vertex 13.1318 -0.468787 5.8
    endloop
  endfacet
  facet normal 0 0 1
    outer loop
      vertex 15.0311 -1.75 5.8
      vertex 13.0609 -0.612499 5.8
      vertex 14.7767 -2.13066 5.8
    endloop
  endfacet
  facet normal 0 0 1
    outer loop
      vertex 15.4701 0.456841 5.8
      vertex 13.2145 0.159894 5.8
      vertex 13.225 0 5.8
    endloop
  endfacet
  facet normal 0 0 1
    outer loop
      vertex 15.3807 0.905867 5.8
      vertex 13.1833 0.317053 5.8
      vertex 13.2145 0.159894 5.8
    endloop
  endfacet
  facet normal 0 0 1
    outer loop
      vertex 15.2336 1.33939 5.8
      vertex 13.1318 0.468787 5.8
      vertex 13.1833 0.317053 5.8
    endloop
  endfacet
  facet normal 0 0 1
    outer loop
      vertex 15.0311 1.75 5.8
      vertex 13.0609 0.612499 5.8
      vertex 13.1318 0.468787 5.8
    endloop
  endfacet
  facet normal 0 0 1
    outer loop
      vertex 14.7767 2.13066 5.8
      vertex 12.9719 0.745732 5.8
      vertex 13.0609 0.612499 5.8
    endloop
  endfacet
  facet normal 0 0 1
    outer loop
      vertex 12.4688 1.13175 5.8
      vertex 13.3394 3.23358 5.8
      vertex 12.9059 3.38074 5.8
    endloop
  endfacet
  facet normal 0 0 1
    outer loop
      vertex 14.4749 2.47487 5.8
      vertex 12.8662 0.866205 5.8
      vertex 12.9719 0.745732 5.8
    endloop
  endfacet
  facet normal 0 0 1
    outer loop
      vertex 14.1307 2.77674 5.8
      vertex 12.7457 0.971857 5.8
      vertex 12.8662 0.866205 5.8
    endloop
  endfacet
  facet normal 0 0 1
    outer loop
      vertex 13.75 3.03109 5.8
      vertex 12.6125 1.06088 5.8
      vertex 12.7457 0.971857 5.8
    endloop
  endfacet
  facet normal 0 0 1
    outer loop
      vertex 13.3394 3.23358 5.8
      vertex 12.4688 1.13175 5.8
      vertex 12.6125 1.06088 5.8
    endloop
  endfacet
  facet normal 0 0 1
    outer loop
      vertex 12.3171 1.18326 5.8
      vertex 12.9059 3.38074 5.8
      vertex 12.4568 3.47006 5.8
    endloop
  endfacet
  facet normal 0 0 1
    outer loop
      vertex 12.9059 3.38074 5.8
      vertex 12.3171 1.18326 5.8
      vertex 12.4688 1.13175 5.8
    endloop
  endfacet
  facet normal 0 0 1
    outer loop
      vertex 12.4568 3.47006 5.8
      vertex 12.1599 1.21452 5.8
      vertex 12.3171 1.18326 5.8
    endloop
  endfacet
  facet normal 0 0 1
    outer loop
      vertex 12 3.5 5.8
      vertex 12.1599 1.21452 5.8
      vertex 12.4568 3.47006 5.8
    endloop
  endfacet
  facet normal 0 0 1
    outer loop
      vertex 12 3.5 5.8
      vertex 12 1.225 5.8
      vertex 12.1599 1.21452 5.8
    endloop
  endfacet
  facet normal 0 0 1
    outer loop
      vertex 12 3.5 5.8
      vertex 11.8401 1.21452 5.8
      vertex 12 1.225 5.8
    endloop
  endfacet
  facet normal -0 0 1
    outer loop
      vertex 11.5432 3.47006 5.8
      vertex 11.8401 1.21452 5.8
      vertex 12 3.5 5.8
    endloop
  endfacet
  facet normal 0 0 1
    outer loop
      vertex 11.8401 1.21452 5.8
      vertex 11.5432 3.47006 5.8
      vertex 11.6829 1.18326 5.8
    endloop
  endfacet
  facet normal -0 0 1
    outer loop
      vertex 11.0941 3.38074 5.8
      vertex 11.6829 1.18326 5.8
      vertex 11.5432 3.47006 5.8
    endloop
  endfacet
  facet normal 0 0 1
    outer loop
      vertex 11.6829 1.18326 5.8
      vertex 11.0941 3.38074 5.8
      vertex 11.5312 1.13175 5.8
    endloop
  endfacet
  facet normal -0 0 1
    outer loop
      vertex 10.6606 3.23358 5.8
      vertex 11.5312 1.13175 5.8
      vertex 11.0941 3.38074 5.8
    endloop
  endfacet
  facet normal 0 0 1
    outer loop
      vertex 11.5312 1.13175 5.8
      vertex 10.6606 3.23358 5.8
      vertex 11.3875 1.06088 5.8
    endloop
  endfacet
  facet normal -0 0 1
    outer loop
      vertex 10.25 3.03109 5.8
      vertex 11.3875 1.06088 5.8
      vertex 10.6606 3.23358 5.8
    endloop
  endfacet
  facet normal 0 0 1
    outer loop
      vertex 11.3875 1.06088 5.8
      vertex 10.25 3.03109 5.8
      vertex 11.2543 0.971857 5.8
    endloop
  endfacet
  facet normal -0 0 1
    outer loop
      vertex 9.86934 2.77674 5.8
      vertex 11.2543 0.971857 5.8
      vertex 10.25 3.03109 5.8
    endloop
  endfacet
  facet normal 0 0 1
    outer loop
      vertex 11.2543 0.971857 5.8
      vertex 9.86934 2.77674 5.8
      vertex 11.1338 0.866205 5.8
    endloop
  endfacet
  facet normal -0 0 1
    outer loop
      vertex 9.52513 2.47487 5.8
      vertex 11.1338 0.866205 5.8
      vertex 9.86934 2.77674 5.8
    endloop
  endfacet
  facet normal 0 0 1
    outer loop
      vertex 11.1338 0.866205 5.8
      vertex 9.52513 2.47487 5.8
      vertex 11.0281 0.745732 5.8
    endloop
  endfacet
  facet normal 0 0 1
    outer loop
      vertex 11.0281 0.745732 5.8
      vertex 9.22326 2.13066 5.8
      vertex 10.9391 0.612499 5.8
    endloop
  endfacet
  facet normal -0 0 1
    outer loop
      vertex 9.22326 2.13066 5.8
      vertex 11.0281 0.745732 5.8
      vertex 9.52513 2.47487 5.8
    endloop
  endfacet
  facet normal -0 0 1
    outer loop
      vertex 12.9719 -0.745732 5.8
      vertex 14.7767 -2.13066 5.8
      vertex 13.0609 -0.612499 5.8
    endloop
  endfacet
  facet normal 0 0 1
    outer loop
      vertex 14.7767 -2.13066 5.8
      vertex 12.9719 -0.745732 5.8
      vertex 14.4749 -2.47487 5.8
    endloop
  endfacet
  facet normal -0 0 1
    outer loop
      vertex 12.8662 -0.866205 5.8
      vertex 14.4749 -2.47487 5.8
      vertex 12.9719 -0.745732 5.8
    endloop
  endfacet
  facet normal 0 0 1
    outer loop
      vertex 14.4749 -2.47487 5.8
      vertex 12.8662 -0.866205 5.8
      vertex 14.1307 -2.77674 5.8
    endloop
  endfacet
  facet normal -0 0 1
    outer loop
      vertex 12.7457 -0.971857 5.8
      vertex 14.1307 -2.77674 5.8
      vertex 12.8662 -0.866205 5.8
    endloop
  endfacet
  facet normal 0 0 1
    outer loop
      vertex 14.1307 -2.77674 5.8
      vertex 12.7457 -0.971857 5.8
      vertex 13.75 -3.03109 5.8
    endloop
  endfacet
  facet normal -0 0 1
    outer loop
      vertex 12.6125 -1.06088 5.8
      vertex 13.75 -3.03109 5.8
      vertex 12.7457 -0.971857 5.8
    endloop
  endfacet
  facet normal 0 0 1
    outer loop
      vertex 13.75 -3.03109 5.8
      vertex 12.6125 -1.06088 5.8
      vertex 13.3394 -3.23358 5.8
    endloop
  endfacet
  facet normal -0 0 1
    outer loop
      vertex 12.4688 -1.13175 5.8
      vertex 13.3394 -3.23358 5.8
      vertex 12.6125 -1.06088 5.8
    endloop
  endfacet
  facet normal 0 0 1
    outer loop
      vertex 13.3394 -3.23358 5.8
      vertex 12.4688 -1.13175 5.8
      vertex 12.9059 -3.38074 5.8
    endloop
  endfacet
  facet normal -0 0 1
    outer loop
      vertex 12.3171 -1.18326 5.8
      vertex 12.9059 -3.38074 5.8
      vertex 12.4688 -1.13175 5.8
    endloop
  endfacet
  facet normal 0 0 1
    outer loop
      vertex 12.9059 -3.38074 5.8
      vertex 12.3171 -1.18326 5.8
      vertex 12.4568 -3.47006 5.8
    endloop
  endfacet
  facet normal -0 0 1
    outer loop
      vertex 12.1599 -1.21452 5.8
      vertex 12.4568 -3.47006 5.8
      vertex 12.3171 -1.18326 5.8
    endloop
  endfacet
  facet normal -0 0 1
    outer loop
      vertex 12 -1.225 5.8
      vertex 12.4568 -3.47006 5.8
      vertex 12.1599 -1.21452 5.8
    endloop
  endfacet
  facet normal 0 0 1
    outer loop
      vertex 12 -1.225 5.8
      vertex 12 -3.5 5.8
      vertex 12.4568 -3.47006 5.8
    endloop
  endfacet
  facet normal 0 0 1
    outer loop
      vertex 11.8401 -1.21452 5.8
      vertex 12 -3.5 5.8
      vertex 12 -1.225 5.8
    endloop
  endfacet
  facet normal 0 0 1
    outer loop
      vertex 11.5432 -3.47006 5.8
      vertex 11.8401 -1.21452 5.8
      vertex 11.6829 -1.18326 5.8
    endloop
  endfacet
  facet normal 0 0 1
    outer loop
      vertex 11.8401 -1.21452 5.8
      vertex 11.5432 -3.47006 5.8
      vertex 12 -3.5 5.8
    endloop
  endfacet
  facet normal 0 0 1
    outer loop
      vertex 11.0941 -3.38074 5.8
      vertex 11.6829 -1.18326 5.8
      vertex 11.5312 -1.13175 5.8
    endloop
  endfacet
  facet normal 0 0 1
    outer loop
      vertex 10.6606 -3.23358 5.8
      vertex 11.5312 -1.13175 5.8
      vertex 11.3875 -1.06088 5.8
    endloop
  endfacet
  facet normal 0 0 1
    outer loop
      vertex 10.25 -3.03109 5.8
      vertex 11.3875 -1.06088 5.8
      vertex 11.2543 -0.971857 5.8
    endloop
  endfacet
  facet normal 0 0 1
    outer loop
      vertex 9.86934 -2.77674 5.8
      vertex 11.2543 -0.971857 5.8
      vertex 11.1338 -0.866205 5.8
    endloop
  endfacet
  facet normal 0 0 1
    outer loop
      vertex 11.6829 -1.18326 5.8
      vertex 11.0941 -3.38074 5.8
      vertex 11.5432 -3.47006 5.8
    endloop
  endfacet
  facet normal 0 0 1
    outer loop
      vertex 9.52513 -2.47487 5.8
      vertex 11.1338 -0.866205 5.8
      vertex 11.0281 -0.745732 5.8
    endloop
  endfacet
  facet normal 0 0 1
    outer loop
      vertex 9.22326 -2.13066 5.8
      vertex 11.0281 -0.745732 5.8
      vertex 10.9391 -0.612499 5.8
    endloop
  endfacet
  facet normal 0 0 1
    outer loop
      vertex 8.96891 -1.75 5.8
      vertex 10.9391 -0.612499 5.8
      vertex 10.8682 -0.468787 5.8
    endloop
  endfacet
  facet normal 0 0 1
    outer loop
      vertex 8.76642 -1.33939 5.8
      vertex 10.8682 -0.468787 5.8
      vertex 10.8167 -0.317053 5.8
    endloop
  endfacet
  facet normal 0 0 1
    outer loop
      vertex 8.61926 -0.905867 5.8
      vertex 10.8167 -0.317053 5.8
      vertex 10.7855 -0.159894 5.8
    endloop
  endfacet
  facet normal 0 0 1
    outer loop
      vertex 11.5312 -1.13175 5.8
      vertex 10.6606 -3.23358 5.8
      vertex 11.0941 -3.38074 5.8
    endloop
  endfacet
  facet normal 0 0 1
    outer loop
      vertex 8.52994 -0.456841 5.8
      vertex 10.7855 -0.159894 5.8
      vertex 10.775 0 5.8
    endloop
  endfacet
  facet normal -0 0 1
    outer loop
      vertex 8.96891 1.75 5.8
      vertex 10.9391 0.612499 5.8
      vertex 9.22326 2.13066 5.8
    endloop
  endfacet
  facet normal 0 0 1
    outer loop
      vertex 10.9391 0.612499 5.8
      vertex 8.96891 1.75 5.8
      vertex 10.8682 0.468787 5.8
    endloop
  endfacet
  facet normal 0 0 1
    outer loop
      vertex 11.3875 -1.06088 5.8
      vertex 10.25 -3.03109 5.8
      vertex 10.6606 -3.23358 5.8
    endloop
  endfacet
  facet normal -0 0 1
    outer loop
      vertex 8.76642 1.33939 5.8
      vertex 10.8682 0.468787 5.8
      vertex 8.96891 1.75 5.8
    endloop
  endfacet
  facet normal 0 0 1
    outer loop
      vertex 11.2543 -0.971857 5.8
      vertex 9.86934 -2.77674 5.8
      vertex 10.25 -3.03109 5.8
    endloop
  endfacet
  facet normal 0 0 1
    outer loop
      vertex 10.8682 0.468787 5.8
      vertex 8.76642 1.33939 5.8
      vertex 10.8167 0.317053 5.8
    endloop
  endfacet
  facet normal 0 0 1
    outer loop
      vertex 11.1338 -0.866205 5.8
      vertex 9.52513 -2.47487 5.8
      vertex 9.86934 -2.77674 5.8
    endloop
  endfacet
  facet normal -0 0 1
    outer loop
      vertex 8.61926 0.905867 5.8
      vertex 10.8167 0.317053 5.8
      vertex 8.76642 1.33939 5.8
    endloop
  endfacet
  facet normal 0 0 1
    outer loop
      vertex 11.0281 -0.745732 5.8
      vertex 9.22326 -2.13066 5.8
      vertex 9.52513 -2.47487 5.8
    endloop
  endfacet
  facet normal 0 0 1
    outer loop
      vertex 10.8167 0.317053 5.8
      vertex 8.61926 0.905867 5.8
      vertex 10.7855 0.159894 5.8
    endloop
  endfacet
  facet normal 0 0 1
    outer loop
      vertex 10.9391 -0.612499 5.8
      vertex 8.96891 -1.75 5.8
      vertex 9.22326 -2.13066 5.8
    endloop
  endfacet
  facet normal -0 0 1
    outer loop
      vertex 8.52994 0.456841 5.8
      vertex 10.7855 0.159894 5.8
      vertex 8.61926 0.905867 5.8
    endloop
  endfacet
  facet normal 0 0 1
    outer loop
      vertex 10.8682 -0.468787 5.8
      vertex 8.76642 -1.33939 5.8
      vertex 8.96891 -1.75 5.8
    endloop
  endfacet
  facet normal 0 0 1
    outer loop
      vertex 10.7855 0.159894 5.8
      vertex 8.52994 0.456841 5.8
      vertex 10.775 0 5.8
    endloop
  endfacet
  facet normal 0 0 1
    outer loop
      vertex 10.8167 -0.317053 5.8
      vertex 8.61926 -0.905867 5.8
      vertex 8.76642 -1.33939 5.8
    endloop
  endfacet
  facet normal 0 0 1
    outer loop
      vertex 8.5 0 5.8
      vertex 10.775 0 5.8
      vertex 8.52994 0.456841 5.8
    endloop
  endfacet
  facet normal 0 0 1
    outer loop
      vertex 10.7855 -0.159894 5.8
      vertex 8.52994 -0.456841 5.8
      vertex 8.61926 -0.905867 5.8
    endloop
  endfacet
  facet normal 0 0 1
    outer loop
      vertex 10.775 0 5.8
      vertex 8.5 0 5.8
      vertex 8.52994 -0.456841 5.8
    endloop
  endfacet
  facet normal -0.195066 -0.98079 0
    outer loop
      vertex 11.0941 -3.38074 2.8
      vertex 11.5432 -3.47006 5.8
      vertex 11.0941 -3.38074 5.8
    endloop
  endfacet
  facet normal -0.195066 -0.98079 -0
    outer loop
      vertex 11.5432 -3.47006 5.8
      vertex 11.0941 -3.38074 2.8
      vertex 11.5432 -3.47006 2.8
    endloop
  endfacet
  facet normal -0.831468 0.555572 0
    outer loop
      vertex 8.96891 1.75 2.8
      vertex 9.22326 2.13066 5.8
      vertex 9.22326 2.13066 2.8
    endloop
  endfacet
  facet normal -0.831468 0.555572 0
    outer loop
      vertex 9.22326 2.13066 5.8
      vertex 8.96891 1.75 2.8
      vertex 8.96891 1.75 5.8
    endloop
  endfacet
  facet normal -0.0654026 -0.997859 0
    outer loop
      vertex 11.5432 -3.47006 2.8
      vertex 12 -3.5 5.8
      vertex 11.5432 -3.47006 5.8
    endloop
  endfacet
  facet normal -0.0654026 -0.997859 -0
    outer loop
      vertex 12 -3.5 5.8
      vertex 11.5432 -3.47006 2.8
      vertex 12 -3.5 2.8
    endloop
  endfacet
  facet normal 0.980858 0.194725 0
    outer loop
      vertex 13.2145 0.159894 8.8
      vertex 13.1833 0.317053 5.8
      vertex 13.1833 0.317053 8.8
    endloop
  endfacet
  facet normal 0.980858 0.194725 0
    outer loop
      vertex 13.1833 0.317053 5.8
      vertex 13.2145 0.159894 8.8
      vertex 13.2145 0.159894 5.8
    endloop
  endfacet
  facet normal 0.997851 0.0655274 0
    outer loop
      vertex 13.225 0 8.8
      vertex 13.2145 0.159894 5.8
      vertex 13.2145 0.159894 8.8
    endloop
  endfacet
  facet normal 0.997851 0.0655274 0
    outer loop
      vertex 13.2145 0.159894 5.8
      vertex 13.225 0 8.8
      vertex 13.225 0 5.8
    endloop
  endfacet
  facet normal 0.831537 0.555469 0
    outer loop
      vertex 13.0609 0.612499 8.8
      vertex 12.9719 0.745732 5.8
      vertex 12.9719 0.745732 8.8
    endloop
  endfacet
  facet normal 0.831537 0.555469 0
    outer loop
      vertex 12.9719 0.745732 5.8
      vertex 13.0609 0.612499 8.8
      vertex 13.0609 0.612499 5.8
    endloop
  endfacet
  facet normal 0.896801 -0.442435 0
    outer loop
      vertex 13.0609 -0.612499 8.8
      vertex 13.1318 -0.468787 5.8
      vertex 13.1318 -0.468787 8.8
    endloop
  endfacet
  facet normal 0.896801 -0.442435 0
    outer loop
      vertex 13.1318 -0.468787 5.8
      vertex 13.0609 -0.612499 8.8
      vertex 13.0609 -0.612499 5.8
    endloop
  endfacet
  facet normal 0.659262 0.751913 -0
    outer loop
      vertex 12.8662 0.866205 5.8
      vertex 12.7457 0.971857 8.8
      vertex 12.8662 0.866205 8.8
    endloop
  endfacet
  facet normal 0.659262 0.751913 0
    outer loop
      vertex 12.7457 0.971857 8.8
      vertex 12.8662 0.866205 5.8
      vertex 12.7457 0.971857 5.8
    endloop
  endfacet
  facet normal -0.555663 -0.831407 0
    outer loop
      vertex 11.2543 -0.971857 5.8
      vertex 11.3875 -1.06088 8.8
      vertex 11.2543 -0.971857 8.8
    endloop
  endfacet
  facet normal -0.555663 -0.831407 -0
    outer loop
      vertex 11.3875 -1.06088 8.8
      vertex 11.2543 -0.971857 5.8
      vertex 11.3875 -1.06088 5.8
    endloop
  endfacet
  facet normal 0.555663 0.831407 -0
    outer loop
      vertex 12.7457 0.971857 5.8
      vertex 12.6125 1.06088 8.8
      vertex 12.7457 0.971857 8.8
    endloop
  endfacet
  facet normal 0.555663 0.831407 0
    outer loop
      vertex 12.6125 1.06088 8.8
      vertex 12.7457 0.971857 5.8
      vertex 12.6125 1.06088 5.8
    endloop
  endfacet
  facet normal 0.659262 -0.751913 0
    outer loop
      vertex 12.7457 -0.971857 5.8
      vertex 12.8662 -0.866205 8.8
      vertex 12.7457 -0.971857 8.8
    endloop
  endfacet
  facet normal 0.659262 -0.751913 0
    outer loop
      vertex 12.8662 -0.866205 8.8
      vertex 12.7457 -0.971857 5.8
      vertex 12.8662 -0.866205 5.8
    endloop
  endfacet
  facet normal 0.831537 -0.555469 0
    outer loop
      vertex 12.9719 -0.745732 8.8
      vertex 13.0609 -0.612499 5.8
      vertex 13.0609 -0.612499 8.8
    endloop
  endfacet
  facet normal 0.831537 -0.555469 0
    outer loop
      vertex 13.0609 -0.612499 5.8
      vertex 12.9719 -0.745732 8.8
      vertex 12.9719 -0.745732 5.8
    endloop
  endfacet
  facet normal -0.321522 -0.946902 0
    outer loop
      vertex 11.5312 -1.13175 5.8
      vertex 11.6829 -1.18326 8.8
      vertex 11.5312 -1.13175 8.8
    endloop
  endfacet
  facet normal -0.321522 -0.946902 -0
    outer loop
      vertex 11.6829 -1.18326 8.8
      vertex 11.5312 -1.13175 5.8
      vertex 11.6829 -1.18326 5.8
    endloop
  endfacet
  facet normal 0.946943 -0.321402 0
    outer loop
      vertex 13.1318 -0.468787 8.8
      vertex 13.1833 -0.317053 5.8
      vertex 13.1833 -0.317053 8.8
    endloop
  endfacet
  facet normal 0.946943 -0.321402 0
    outer loop
      vertex 13.1833 -0.317053 5.8
      vertex 13.1318 -0.468787 8.8
      vertex 13.1318 -0.468787 5.8
    endloop
  endfacet
  facet normal 0.321522 0.946902 -0
    outer loop
      vertex 12.4688 1.13175 5.8
      vertex 12.3171 1.18326 8.8
      vertex 12.4688 1.13175 8.8
    endloop
  endfacet
  facet normal 0.321522 0.946902 0
    outer loop
      vertex 12.3171 1.18326 8.8
      vertex 12.4688 1.13175 5.8
      vertex 12.3171 1.18326 5.8
    endloop
  endfacet
  facet normal -0.997851 0.0655274 0
    outer loop
      vertex 10.775 0 5.8
      vertex 10.7855 0.159894 8.8
      vertex 10.7855 0.159894 5.8
    endloop
  endfacet
  facet normal -0.997851 0.0655274 0
    outer loop
      vertex 10.7855 0.159894 8.8
      vertex 10.775 0 5.8
      vertex 10.775 0 8.8
    endloop
  endfacet
  facet normal -0.980858 -0.194725 0
    outer loop
      vertex 10.8167 -0.317053 5.8
      vertex 10.7855 -0.159894 8.8
      vertex 10.7855 -0.159894 5.8
    endloop
  endfacet
  facet normal -0.980858 -0.194725 0
    outer loop
      vertex 10.7855 -0.159894 8.8
      vertex 10.8167 -0.317053 5.8
      vertex 10.8167 -0.317053 8.8
    endloop
  endfacet
  facet normal -0.442314 -0.89686 0
    outer loop
      vertex 11.3875 -1.06088 5.8
      vertex 11.5312 -1.13175 8.8
      vertex 11.3875 -1.06088 8.8
    endloop
  endfacet
  facet normal -0.442314 -0.89686 -0
    outer loop
      vertex 11.5312 -1.13175 8.8
      vertex 11.3875 -1.06088 5.8
      vertex 11.5312 -1.13175 5.8
    endloop
  endfacet
  facet normal 0.195036 -0.980796 0
    outer loop
      vertex 12.1599 -1.21452 5.8
      vertex 12.3171 -1.18326 8.8
      vertex 12.1599 -1.21452 8.8
    endloop
  endfacet
  facet normal 0.195036 -0.980796 0
    outer loop
      vertex 12.3171 -1.18326 8.8
      vertex 12.1599 -1.21452 5.8
      vertex 12.3171 -1.18326 5.8
    endloop
  endfacet
  facet normal 0.751691 -0.659515 0
    outer loop
      vertex 12.8662 -0.866205 8.8
      vertex 12.9719 -0.745732 5.8
      vertex 12.9719 -0.745732 8.8
    endloop
  endfacet
  facet normal 0.751691 -0.659515 0
    outer loop
      vertex 12.9719 -0.745732 5.8
      vertex 12.8662 -0.866205 8.8
      vertex 12.8662 -0.866205 5.8
    endloop
  endfacet
  facet normal -0.659262 -0.751913 0
    outer loop
      vertex 11.1338 -0.866205 5.8
      vertex 11.2543 -0.971857 8.8
      vertex 11.1338 -0.866205 8.8
    endloop
  endfacet
  facet normal -0.659262 -0.751913 -0
    outer loop
      vertex 11.2543 -0.971857 8.8
      vertex 11.1338 -0.866205 5.8
      vertex 11.2543 -0.971857 5.8
    endloop
  endfacet
  facet normal -0.659262 0.751913 0
    outer loop
      vertex 11.2543 0.971857 5.8
      vertex 11.1338 0.866205 8.8
      vertex 11.2543 0.971857 8.8
    endloop
  endfacet
  facet normal -0.659262 0.751913 0
    outer loop
      vertex 11.1338 0.866205 8.8
      vertex 11.2543 0.971857 5.8
      vertex 11.1338 0.866205 5.8
    endloop
  endfacet
  facet normal 0.980858 -0.194725 0
    outer loop
      vertex 13.1833 -0.317053 8.8
      vertex 13.2145 -0.159894 5.8
      vertex 13.2145 -0.159894 8.8
    endloop
  endfacet
  facet normal 0.980858 -0.194725 0
    outer loop
      vertex 13.2145 -0.159894 5.8
      vertex 13.1833 -0.317053 8.8
      vertex 13.1833 -0.317053 5.8
    endloop
  endfacet
  facet normal -0.831537 -0.555469 0
    outer loop
      vertex 11.0281 -0.745732 5.8
      vertex 10.9391 -0.612499 8.8
      vertex 10.9391 -0.612499 5.8
    endloop
  endfacet
  facet normal -0.831537 -0.555469 0
    outer loop
      vertex 10.9391 -0.612499 8.8
      vertex 11.0281 -0.745732 5.8
      vertex 11.0281 -0.745732 8.8
    endloop
  endfacet
  facet normal 0.997851 -0.0655274 0
    outer loop
      vertex 13.2145 -0.159894 8.8
      vertex 13.225 0 5.8
      vertex 13.225 0 8.8
    endloop
  endfacet
  facet normal 0.997851 -0.0655274 0
    outer loop
      vertex 13.225 0 5.8
      vertex 13.2145 -0.159894 8.8
      vertex 13.2145 -0.159894 5.8
    endloop
  endfacet
  facet normal 0.321522 -0.946902 0
    outer loop
      vertex 12.3171 -1.18326 5.8
      vertex 12.4688 -1.13175 8.8
      vertex 12.3171 -1.18326 8.8
    endloop
  endfacet
  facet normal 0.321522 -0.946902 0
    outer loop
      vertex 12.4688 -1.13175 8.8
      vertex 12.3171 -1.18326 5.8
      vertex 12.4688 -1.13175 5.8
    endloop
  endfacet
  facet normal 0.442314 -0.89686 0
    outer loop
      vertex 12.4688 -1.13175 5.8
      vertex 12.6125 -1.06088 8.8
      vertex 12.4688 -1.13175 8.8
    endloop
  endfacet
  facet normal 0.442314 -0.89686 0
    outer loop
      vertex 12.6125 -1.06088 8.8
      vertex 12.4688 -1.13175 5.8
      vertex 12.6125 -1.06088 5.8
    endloop
  endfacet
  facet normal 0.896801 0.442435 0
    outer loop
      vertex 13.1318 0.468787 8.8
      vertex 13.0609 0.612499 5.8
      vertex 13.0609 0.612499 8.8
    endloop
  endfacet
  facet normal 0.896801 0.442435 0
    outer loop
      vertex 13.0609 0.612499 5.8
      vertex 13.1318 0.468787 8.8
      vertex 13.1318 0.468787 5.8
    endloop
  endfacet
  facet normal 0.442314 0.89686 -0
    outer loop
      vertex 12.6125 1.06088 5.8
      vertex 12.4688 1.13175 8.8
      vertex 12.6125 1.06088 8.8
    endloop
  endfacet
  facet normal 0.442314 0.89686 0
    outer loop
      vertex 12.4688 1.13175 8.8
      vertex 12.6125 1.06088 5.8
      vertex 12.4688 1.13175 5.8
    endloop
  endfacet
  facet normal -0.555663 0.831407 0
    outer loop
      vertex 11.3875 1.06088 5.8
      vertex 11.2543 0.971857 8.8
      vertex 11.3875 1.06088 8.8
    endloop
  endfacet
  facet normal -0.555663 0.831407 0
    outer loop
      vertex 11.2543 0.971857 8.8
      vertex 11.3875 1.06088 5.8
      vertex 11.2543 0.971857 5.8
    endloop
  endfacet
  facet normal 0.195036 0.980796 -0
    outer loop
      vertex 12.3171 1.18326 5.8
      vertex 12.1599 1.21452 8.8
      vertex 12.3171 1.18326 8.8
    endloop
  endfacet
  facet normal 0.195036 0.980796 0
    outer loop
      vertex 12.1599 1.21452 8.8
      vertex 12.3171 1.18326 5.8
      vertex 12.1599 1.21452 5.8
    endloop
  endfacet
  facet normal -0.831537 0.555469 0
    outer loop
      vertex 10.9391 0.612499 5.8
      vertex 11.0281 0.745732 8.8
      vertex 11.0281 0.745732 5.8
    endloop
  endfacet
  facet normal -0.831537 0.555469 0
    outer loop
      vertex 11.0281 0.745732 8.8
      vertex 10.9391 0.612499 5.8
      vertex 10.9391 0.612499 8.8
    endloop
  endfacet
  facet normal -0.321522 0.946902 0
    outer loop
      vertex 11.6829 1.18326 5.8
      vertex 11.5312 1.13175 8.8
      vertex 11.6829 1.18326 8.8
    endloop
  endfacet
  facet normal -0.321522 0.946902 0
    outer loop
      vertex 11.5312 1.13175 8.8
      vertex 11.6829 1.18326 5.8
      vertex 11.5312 1.13175 5.8
    endloop
  endfacet
  facet normal -0.195036 0.980796 0
    outer loop
      vertex 11.8401 1.21452 5.8
      vertex 11.6829 1.18326 8.8
      vertex 11.8401 1.21452 8.8
    endloop
  endfacet
  facet normal -0.195036 0.980796 0
    outer loop
      vertex 11.6829 1.18326 8.8
      vertex 11.8401 1.21452 5.8
      vertex 11.6829 1.18326 5.8
    endloop
  endfacet
  facet normal -0.946943 -0.321402 0
    outer loop
      vertex 10.8682 -0.468787 5.8
      vertex 10.8167 -0.317053 8.8
      vertex 10.8167 -0.317053 5.8
    endloop
  endfacet
  facet normal -0.946943 -0.321402 0
    outer loop
      vertex 10.8167 -0.317053 8.8
      vertex 10.8682 -0.468787 5.8
      vertex 10.8682 -0.468787 8.8
    endloop
  endfacet
  facet normal 0.0654006 -0.997859 0
    outer loop
      vertex 12 -1.225 5.8
      vertex 12.1599 -1.21452 8.8
      vertex 12 -1.225 8.8
    endloop
  endfacet
  facet normal 0.0654006 -0.997859 0
    outer loop
      vertex 12.1599 -1.21452 8.8
      vertex 12 -1.225 5.8
      vertex 12.1599 -1.21452 5.8
    endloop
  endfacet
  facet normal -0.0654006 0.997859 0
    outer loop
      vertex 12 1.225 5.8
      vertex 11.8401 1.21452 8.8
      vertex 12 1.225 8.8
    endloop
  endfacet
  facet normal -0.0654006 0.997859 0
    outer loop
      vertex 11.8401 1.21452 8.8
      vertex 12 1.225 5.8
      vertex 11.8401 1.21452 5.8
    endloop
  endfacet
  facet normal -0.751691 -0.659515 0
    outer loop
      vertex 11.1338 -0.866205 5.8
      vertex 11.0281 -0.745732 8.8
      vertex 11.0281 -0.745732 5.8
    endloop
  endfacet
  facet normal -0.751691 -0.659515 0
    outer loop
      vertex 11.0281 -0.745732 8.8
      vertex 11.1338 -0.866205 5.8
      vertex 11.1338 -0.866205 8.8
    endloop
  endfacet
  facet normal 0.0654006 0.997859 -0
    outer loop
      vertex 12.1599 1.21452 5.8
      vertex 12 1.225 8.8
      vertex 12.1599 1.21452 8.8
    endloop
  endfacet
  facet normal 0.0654006 0.997859 0
    outer loop
      vertex 12 1.225 8.8
      vertex 12.1599 1.21452 5.8
      vertex 12 1.225 5.8
    endloop
  endfacet
  facet normal -0.980858 0.194725 0
    outer loop
      vertex 10.7855 0.159894 5.8
      vertex 10.8167 0.317053 8.8
      vertex 10.8167 0.317053 5.8
    endloop
  endfacet
  facet normal -0.980858 0.194725 0
    outer loop
      vertex 10.8167 0.317053 8.8
      vertex 10.7855 0.159894 5.8
      vertex 10.7855 0.159894 8.8
    endloop
  endfacet
  facet normal -0.946943 0.321402 0
    outer loop
      vertex 10.8167 0.317053 5.8
      vertex 10.8682 0.468787 8.8
      vertex 10.8682 0.468787 5.8
    endloop
  endfacet
  facet normal -0.946943 0.321402 0
    outer loop
      vertex 10.8682 0.468787 8.8
      vertex 10.8167 0.317053 5.8
      vertex 10.8167 0.317053 8.8
    endloop
  endfacet
  facet normal -0.195036 -0.980796 0
    outer loop
      vertex 11.6829 -1.18326 5.8
      vertex 11.8401 -1.21452 8.8
      vertex 11.6829 -1.18326 8.8
    endloop
  endfacet
  facet normal -0.195036 -0.980796 -0
    outer loop
      vertex 11.8401 -1.21452 8.8
      vertex 11.6829 -1.18326 5.8
      vertex 11.8401 -1.21452 5.8
    endloop
  endfacet
  facet normal -0.896801 0.442435 0
    outer loop
      vertex 10.8682 0.468787 5.8
      vertex 10.9391 0.612499 8.8
      vertex 10.9391 0.612499 5.8
    endloop
  endfacet
  facet normal -0.896801 0.442435 0
    outer loop
      vertex 10.9391 0.612499 8.8
      vertex 10.8682 0.468787 5.8
      vertex 10.8682 0.468787 8.8
    endloop
  endfacet
  facet normal 0.751691 0.659515 0
    outer loop
      vertex 12.9719 0.745732 8.8
      vertex 12.8662 0.866205 5.8
      vertex 12.8662 0.866205 8.8
    endloop
  endfacet
  facet normal 0.751691 0.659515 0
    outer loop
      vertex 12.8662 0.866205 5.8
      vertex 12.9719 0.745732 8.8
      vertex 12.9719 0.745732 5.8
    endloop
  endfacet
  facet normal 0.555663 -0.831407 0
    outer loop
      vertex 12.6125 -1.06088 5.8
      vertex 12.7457 -0.971857 8.8
      vertex 12.6125 -1.06088 8.8
    endloop
  endfacet
  facet normal 0.555663 -0.831407 0
    outer loop
      vertex 12.7457 -0.971857 8.8
      vertex 12.6125 -1.06088 5.8
      vertex 12.7457 -0.971857 5.8
    endloop
  endfacet
  facet normal 0.946943 0.321402 0
    outer loop
      vertex 13.1833 0.317053 8.8
      vertex 13.1318 0.468787 5.8
      vertex 13.1318 0.468787 8.8
    endloop
  endfacet
  facet normal 0.946943 0.321402 0
    outer loop
      vertex 13.1318 0.468787 5.8
      vertex 13.1833 0.317053 8.8
      vertex 13.1833 0.317053 5.8
    endloop
  endfacet
  facet normal -0.751691 0.659515 0
    outer loop
      vertex 11.0281 0.745732 5.8
      vertex 11.1338 0.866205 8.8
      vertex 11.1338 0.866205 5.8
    endloop
  endfacet
  facet normal -0.751691 0.659515 0
    outer loop
      vertex 11.1338 0.866205 8.8
      vertex 11.0281 0.745732 5.8
      vertex 11.0281 0.745732 8.8
    endloop
  endfacet
  facet normal -0.896801 -0.442435 0
    outer loop
      vertex 10.9391 -0.612499 5.8
      vertex 10.8682 -0.468787 8.8
      vertex 10.8682 -0.468787 5.8
    endloop
  endfacet
  facet normal -0.896801 -0.442435 0
    outer loop
      vertex 10.8682 -0.468787 8.8
      vertex 10.9391 -0.612499 5.8
      vertex 10.9391 -0.612499 8.8
    endloop
  endfacet
  facet normal -0.442314 0.89686 0
    outer loop
      vertex 11.5312 1.13175 5.8
      vertex 11.3875 1.06088 8.8
      vertex 11.5312 1.13175 8.8
    endloop
  endfacet
  facet normal -0.442314 0.89686 0
    outer loop
      vertex 11.3875 1.06088 8.8
      vertex 11.5312 1.13175 5.8
      vertex 11.3875 1.06088 5.8
    endloop
  endfacet
  facet normal -0.997851 -0.0655274 0
    outer loop
      vertex 10.7855 -0.159894 5.8
      vertex 10.775 0 8.8
      vertex 10.775 0 5.8
    endloop
  endfacet
  facet normal -0.997851 -0.0655274 0
    outer loop
      vertex 10.775 0 8.8
      vertex 10.7855 -0.159894 5.8
      vertex 10.7855 -0.159894 8.8
    endloop
  endfacet
  facet normal -0.0654006 -0.997859 0
    outer loop
      vertex 11.8401 -1.21452 5.8
      vertex 12 -1.225 8.8
      vertex 11.8401 -1.21452 8.8
    endloop
  endfacet
  facet normal -0.0654006 -0.997859 -0
    outer loop
      vertex 12 -1.225 8.8
      vertex 11.8401 -1.21452 5.8
      vertex 12 -1.225 5.8
    endloop
  endfacet
  facet normal 0.471208 0.705666 0.529149
    outer loop
      vertex 12.7457 0.971857 8.8
      vertex 12.3 0.519615 9.8
      vertex 12.3653 0.476011 9.8
    endloop
  endfacet
  facet normal 0.165491 0.832211 0.529186
    outer loop
      vertex 12.3171 1.18326 8.8
      vertex 12.0783 0.594867 9.8
      vertex 12.1553 0.579555 9.8
    endloop
  endfacet
  facet normal 0.846708 0.0551392 0.529193
    outer loop
      vertex 13.225 0 8.8
      vertex 12.5949 0.0783148 9.8
      vertex 12.6 0 9.8
    endloop
  endfacet
  facet normal 0.846703 0.0556017 0.529153
    outer loop
      vertex 13.2145 0.159894 8.8
      vertex 12.5949 0.0783148 9.8
      vertex 13.225 0 8.8
    endloop
  endfacet
  facet normal -0.705556 -0.471313 0.529203
    outer loop
      vertex 11.4804 -0.299999 9.8
      vertex 10.9391 -0.612499 8.8
      vertex 11.0281 -0.745732 8.8
    endloop
  endfacet
  facet normal -0.761032 0.375164 0.529227
    outer loop
      vertex 11.4804 0.299999 9.8
      vertex 10.8682 0.468787 8.8
      vertex 11.4457 0.229609 9.8
    endloop
  endfacet
  facet normal -0.559398 0.638014 0.529162
    outer loop
      vertex 11.2543 0.971857 8.8
      vertex 11.1338 0.866205 8.8
      vertex 11.5757 0.424264 9.8
    endloop
  endfacet
  facet normal 0.375307 0.760993 0.529182
    outer loop
      vertex 12.4688 1.13175 8.8
      vertex 12.3 0.519615 9.8
      vertex 12.6125 1.06088 8.8
    endloop
  endfacet
  facet normal -0.471486 -0.705458 0.529179
    outer loop
      vertex 11.7 -0.519615 9.8
      vertex 11.2543 -0.971857 8.8
      vertex 11.3875 -1.06088 8.8
    endloop
  endfacet
  facet normal 0.055493 -0.846691 0.529183
    outer loop
      vertex 12.0783 -0.594867 9.8
      vertex 12 -1.225 8.8
      vertex 12.1599 -1.21452 8.8
    endloop
  endfacet
  facet normal -0.637823 -0.55961 0.529168
    outer loop
      vertex 11.5757 -0.424264 9.8
      vertex 11.0281 -0.745732 8.8
      vertex 11.1338 -0.866205 8.8
    endloop
  endfacet
  facet normal 0 0 1
    outer loop
      vertex 12.5949 0.0783148 9.8
      vertex 12.5949 -0.0783148 9.8
      vertex 12.6 0 9.8
    endloop
  endfacet
  facet normal 0 0 1
    outer loop
      vertex 12.5796 0.155291 9.8
      vertex 12.5949 -0.0783148 9.8
      vertex 12.5949 0.0783148 9.8
    endloop
  endfacet
  facet normal 0 0 1
    outer loop
      vertex 12.5796 0.155291 9.8
      vertex 12.5796 -0.155291 9.8
      vertex 12.5949 -0.0783148 9.8
    endloop
  endfacet
  facet normal 0 0 1
    outer loop
      vertex 12.5543 0.229609 9.8
      vertex 12.5796 -0.155291 9.8
      vertex 12.5796 0.155291 9.8
    endloop
  endfacet
  facet normal 0 0 1
    outer loop
      vertex 12.5543 0.229609 9.8
      vertex 12.5543 -0.229609 9.8
      vertex 12.5796 -0.155291 9.8
    endloop
  endfacet
  facet normal 0 0 1
    outer loop
      vertex 12.5196 0.299999 9.8
      vertex 12.5543 -0.229609 9.8
      vertex 12.5543 0.229609 9.8
    endloop
  endfacet
  facet normal 0 0 1
    outer loop
      vertex 12.5196 0.299999 9.8
      vertex 12.5196 -0.299999 9.8
      vertex 12.5543 -0.229609 9.8
    endloop
  endfacet
  facet normal 0 0 1
    outer loop
      vertex 12.476 0.365256 9.8
      vertex 12.5196 -0.299999 9.8
      vertex 12.5196 0.299999 9.8
    endloop
  endfacet
  facet normal 0 0 1
    outer loop
      vertex 12.476 0.365256 9.8
      vertex 12.476 -0.365256 9.8
      vertex 12.5196 -0.299999 9.8
    endloop
  endfacet
  facet normal 0 0 1
    outer loop
      vertex 12.4243 0.424264 9.8
      vertex 12.476 -0.365256 9.8
      vertex 12.476 0.365256 9.8
    endloop
  endfacet
  facet normal 0 0 1
    outer loop
      vertex 12.4243 0.424264 9.8
      vertex 12.4243 -0.424264 9.8
      vertex 12.476 -0.365256 9.8
    endloop
  endfacet
  facet normal 0 0 1
    outer loop
      vertex 12.3653 0.476011 9.8
      vertex 12.4243 -0.424264 9.8
      vertex 12.4243 0.424264 9.8
    endloop
  endfacet
  facet normal 0 0 1
    outer loop
      vertex 12.3653 0.476011 9.8
      vertex 12.3653 -0.476011 9.8
      vertex 12.4243 -0.424264 9.8
    endloop
  endfacet
  facet normal 0 0 1
    outer loop
      vertex 12.3 0.519615 9.8
      vertex 12.3653 -0.476011 9.8
      vertex 12.3653 0.476011 9.8
    endloop
  endfacet
  facet normal 0 0 1
    outer loop
      vertex 12.3 0.519615 9.8
      vertex 12.3 -0.519615 9.8
      vertex 12.3653 -0.476011 9.8
    endloop
  endfacet
  facet normal 0 0 1
    outer loop
      vertex 12.2296 0.554327 9.8
      vertex 12.3 -0.519615 9.8
      vertex 12.3 0.519615 9.8
    endloop
  endfacet
  facet normal 0 0 1
    outer loop
      vertex 12.2296 0.554327 9.8
      vertex 12.2296 -0.554327 9.8
      vertex 12.3 -0.519615 9.8
    endloop
  endfacet
  facet normal 0 0 1
    outer loop
      vertex 12.1553 0.579555 9.8
      vertex 12.2296 -0.554327 9.8
      vertex 12.2296 0.554327 9.8
    endloop
  endfacet
  facet normal 0 0 1
    outer loop
      vertex 12.1553 0.579555 9.8
      vertex 12.1553 -0.579555 9.8
      vertex 12.2296 -0.554327 9.8
    endloop
  endfacet
  facet normal 0 0 1
    outer loop
      vertex 12.0783 0.594867 9.8
      vertex 12.1553 -0.579555 9.8
      vertex 12.1553 0.579555 9.8
    endloop
  endfacet
  facet normal 0 0 1
    outer loop
      vertex 12.0783 0.594867 9.8
      vertex 12.0783 -0.594867 9.8
      vertex 12.1553 -0.579555 9.8
    endloop
  endfacet
  facet normal 0 0 1
    outer loop
      vertex 12 0.599999 9.8
      vertex 12.0783 -0.594867 9.8
      vertex 12.0783 0.594867 9.8
    endloop
  endfacet
  facet normal 0 0 1
    outer loop
      vertex 12 0.599999 9.8
      vertex 12 -0.599999 9.8
      vertex 12.0783 -0.594867 9.8
    endloop
  endfacet
  facet normal -0 0 1
    outer loop
      vertex 11.9217 0.594867 9.8
      vertex 12 -0.599999 9.8
      vertex 12 0.599999 9.8
    endloop
  endfacet
  facet normal 0 0 1
    outer loop
      vertex 11.9217 0.594867 9.8
      vertex 11.9217 -0.594867 9.8
      vertex 12 -0.599999 9.8
    endloop
  endfacet
  facet normal -0 0 1
    outer loop
      vertex 11.8447 0.579555 9.8
      vertex 11.9217 -0.594867 9.8
      vertex 11.9217 0.594867 9.8
    endloop
  endfacet
  facet normal 0 0 1
    outer loop
      vertex 11.8447 0.579555 9.8
      vertex 11.8447 -0.579555 9.8
      vertex 11.9217 -0.594867 9.8
    endloop
  endfacet
  facet normal -0 0 1
    outer loop
      vertex 11.7704 0.554327 9.8
      vertex 11.8447 -0.579555 9.8
      vertex 11.8447 0.579555 9.8
    endloop
  endfacet
  facet normal 0 0 1
    outer loop
      vertex 11.7704 0.554327 9.8
      vertex 11.7704 -0.554327 9.8
      vertex 11.8447 -0.579555 9.8
    endloop
  endfacet
  facet normal -0 0 1
    outer loop
      vertex 11.7 0.519615 9.8
      vertex 11.7704 -0.554327 9.8
      vertex 11.7704 0.554327 9.8
    endloop
  endfacet
  facet normal 0 0 1
    outer loop
      vertex 11.7 0.519615 9.8
      vertex 11.7 -0.519615 9.8
      vertex 11.7704 -0.554327 9.8
    endloop
  endfacet
  facet normal -0 0 1
    outer loop
      vertex 11.6347 0.476011 9.8
      vertex 11.7 -0.519615 9.8
      vertex 11.7 0.519615 9.8
    endloop
  endfacet
  facet normal 0 0 1
    outer loop
      vertex 11.6347 0.476011 9.8
      vertex 11.6347 -0.476011 9.8
      vertex 11.7 -0.519615 9.8
    endloop
  endfacet
  facet normal -0 0 1
    outer loop
      vertex 11.5757 0.424264 9.8
      vertex 11.6347 -0.476011 9.8
      vertex 11.6347 0.476011 9.8
    endloop
  endfacet
  facet normal 0 0 1
    outer loop
      vertex 11.5757 0.424264 9.8
      vertex 11.5757 -0.424264 9.8
      vertex 11.6347 -0.476011 9.8
    endloop
  endfacet
  facet normal -0 0 1
    outer loop
      vertex 11.524 0.365256 9.8
      vertex 11.5757 -0.424264 9.8
      vertex 11.5757 0.424264 9.8
    endloop
  endfacet
  facet normal 0 0 1
    outer loop
      vertex 11.524 0.365256 9.8
      vertex 11.524 -0.365256 9.8
      vertex 11.5757 -0.424264 9.8
    endloop
  endfacet
  facet normal -0 0 1
    outer loop
      vertex 11.4804 0.299999 9.8
      vertex 11.524 -0.365256 9.8
      vertex 11.524 0.365256 9.8
    endloop
  endfacet
  facet normal 0 0 1
    outer loop
      vertex 11.4804 0.299999 9.8
      vertex 11.4804 -0.299999 9.8
      vertex 11.524 -0.365256 9.8
    endloop
  endfacet
  facet normal -0 0 1
    outer loop
      vertex 11.4457 0.229609 9.8
      vertex 11.4804 -0.299999 9.8
      vertex 11.4804 0.299999 9.8
    endloop
  endfacet
  facet normal 0 0 1
    outer loop
      vertex 11.4457 0.229609 9.8
      vertex 11.4457 -0.229609 9.8
      vertex 11.4804 -0.299999 9.8
    endloop
  endfacet
  facet normal -0 0 1
    outer loop
      vertex 11.4204 0.155291 9.8
      vertex 11.4457 -0.229609 9.8
      vertex 11.4457 0.229609 9.8
    endloop
  endfacet
  facet normal 0 0 1
    outer loop
      vertex 11.4204 0.155291 9.8
      vertex 11.4204 -0.155291 9.8
      vertex 11.4457 -0.229609 9.8
    endloop
  endfacet
  facet normal -0 0 1
    outer loop
      vertex 11.4051 0.0783148 9.8
      vertex 11.4204 -0.155291 9.8
      vertex 11.4204 0.155291 9.8
    endloop
  endfacet
  facet normal 0 0 1
    outer loop
      vertex 11.4051 0.0783148 9.8
      vertex 11.4051 -0.0783148 9.8
      vertex 11.4204 -0.155291 9.8
    endloop
  endfacet
  facet normal 0 -0 1
    outer loop
      vertex 11.4051 -0.0783148 9.8
      vertex 11.4051 0.0783148 9.8
      vertex 11.4 0 9.8
    endloop
  endfacet
  facet normal 0.471208 -0.705666 0.529149
    outer loop
      vertex 12.3653 -0.476011 9.8
      vertex 12.3 -0.519615 9.8
      vertex 12.7457 -0.971857 8.8
    endloop
  endfacet
  facet normal -0.83228 -0.165228 0.52916
    outer loop
      vertex 11.4051 -0.0783148 9.8
      vertex 10.7855 -0.159894 8.8
      vertex 10.8167 -0.317053 8.8
    endloop
  endfacet
  facet normal -0.846703 0.0556017 0.529153
    outer loop
      vertex 10.7855 0.159894 8.8
      vertex 10.775 0 8.8
      vertex 11.4051 0.0783148 9.8
    endloop
  endfacet
  facet normal 0.375236 -0.761023 0.529189
    outer loop
      vertex 12.3 -0.519615 9.8
      vertex 12.2296 -0.554327 9.8
      vertex 12.4688 -1.13175 8.8
    endloop
  endfacet
  facet normal -0.165491 0.832211 0.529186
    outer loop
      vertex 11.9217 0.594867 9.8
      vertex 11.6829 1.18326 8.8
      vertex 11.8447 0.579555 9.8
    endloop
  endfacet
  facet normal 0.055493 0.846691 0.529183
    outer loop
      vertex 12.1599 1.21452 8.8
      vertex 12 1.225 8.8
      vertex 12.0783 0.594867 9.8
    endloop
  endfacet
  facet normal -0.846708 0.0551392 0.529193
    outer loop
      vertex 11.4051 0.0783148 9.8
      vertex 10.775 0 8.8
      vertex 11.4 0 9.8
    endloop
  endfacet
  facet normal 0.832232 0.165417 0.529176
    outer loop
      vertex 13.1833 0.317053 8.8
      vertex 12.5796 0.155291 9.8
      vertex 12.5949 0.0783148 9.8
    endloop
  endfacet
  facet normal 0.761032 -0.375164 0.529227
    outer loop
      vertex 12.5543 -0.229609 9.8
      vertex 12.5196 -0.299999 9.8
      vertex 13.1318 -0.468787 8.8
    endloop
  endfacet
  facet normal 0.83228 -0.165228 0.52916
    outer loop
      vertex 13.2145 -0.159894 8.8
      vertex 12.5949 -0.0783148 9.8
      vertex 13.1833 -0.317053 8.8
    endloop
  endfacet
  facet normal -0.559398 -0.638014 0.529162
    outer loop
      vertex 11.5757 -0.424264 9.8
      vertex 11.1338 -0.866205 8.8
      vertex 11.2543 -0.971857 8.8
    endloop
  endfacet
  facet normal 0.272806 0.803453 0.529188
    outer loop
      vertex 12.3171 1.18326 8.8
      vertex 12.1553 0.579555 9.8
      vertex 12.2296 0.554327 9.8
    endloop
  endfacet
  facet normal 0.559398 0.638014 0.529162
    outer loop
      vertex 12.7457 0.971857 8.8
      vertex 12.4243 0.424264 9.8
      vertex 12.8662 0.866205 8.8
    endloop
  endfacet
  facet normal -0.055493 0.846691 0.529183
    outer loop
      vertex 12 1.225 8.8
      vertex 11.8401 1.21452 8.8
      vertex 11.9217 0.594867 9.8
    endloop
  endfacet
  facet normal 0.375307 -0.760993 0.529182
    outer loop
      vertex 12.6125 -1.06088 8.8
      vertex 12.3 -0.519615 9.8
      vertex 12.4688 -1.13175 8.8
    endloop
  endfacet
  facet normal -0.76093 -0.375403 0.529205
    outer loop
      vertex 11.4804 -0.299999 9.8
      vertex 10.8682 -0.468787 8.8
      vertex 10.9391 -0.612499 8.8
    endloop
  endfacet
  facet normal 0.83228 0.165228 0.52916
    outer loop
      vertex 13.1833 0.317053 8.8
      vertex 12.5949 0.0783148 9.8
      vertex 13.2145 0.159894 8.8
    endloop
  endfacet
  facet normal 0.637823 -0.55961 0.529168
    outer loop
      vertex 12.9719 -0.745732 8.8
      vertex 12.4243 -0.424264 9.8
      vertex 12.8662 -0.866205 8.8
    endloop
  endfacet
  facet normal 0.705556 0.471313 0.529203
    outer loop
      vertex 12.9719 0.745732 8.8
      vertex 12.5196 0.299999 9.8
      vertex 13.0609 0.612499 8.8
    endloop
  endfacet
  facet normal 0.705556 -0.471313 0.529203
    outer loop
      vertex 13.0609 -0.612499 8.8
      vertex 12.5196 -0.299999 9.8
      vertex 12.9719 -0.745732 8.8
    endloop
  endfacet
  facet normal 0.638186 0.559148 0.529219
    outer loop
      vertex 12.9719 0.745732 8.8
      vertex 12.4243 0.424264 9.8
      vertex 12.476 0.365256 9.8
    endloop
  endfacet
  facet normal -0.846703 -0.0556017 0.529153
    outer loop
      vertex 11.4051 -0.0783148 9.8
      vertex 10.775 0 8.8
      vertex 10.7855 -0.159894 8.8
    endloop
  endfacet
  facet normal 0.761032 0.375164 0.529227
    outer loop
      vertex 13.1318 0.468787 8.8
      vertex 12.5196 0.299999 9.8
      vertex 12.5543 0.229609 9.8
    endloop
  endfacet
  facet normal -0.272806 0.803453 0.529188
    outer loop
      vertex 11.8447 0.579555 9.8
      vertex 11.6829 1.18326 8.8
      vertex 11.7704 0.554327 9.8
    endloop
  endfacet
  facet normal -0.637823 0.55961 0.529168
    outer loop
      vertex 11.1338 0.866205 8.8
      vertex 11.0281 0.745732 8.8
      vertex 11.5757 0.424264 9.8
    endloop
  endfacet
  facet normal 0.272813 0.803451 0.529188
    outer loop
      vertex 12.3171 1.18326 8.8
      vertex 12.2296 0.554327 9.8
      vertex 12.4688 1.13175 8.8
    endloop
  endfacet
  facet normal -0.761032 -0.375164 0.529227
    outer loop
      vertex 11.4457 -0.229609 9.8
      vertex 10.8682 -0.468787 8.8
      vertex 11.4804 -0.299999 9.8
    endloop
  endfacet
  facet normal -0.638186 -0.559148 0.529219
    outer loop
      vertex 11.524 -0.365256 9.8
      vertex 11.0281 -0.745732 8.8
      vertex 11.5757 -0.424264 9.8
    endloop
  endfacet
  facet normal -0.832232 -0.165417 0.529176
    outer loop
      vertex 11.4051 -0.0783148 9.8
      vertex 10.8167 -0.317053 8.8
      vertex 11.4204 -0.155291 9.8
    endloop
  endfacet
  facet normal 0.803254 0.273451 0.529158
    outer loop
      vertex 13.1833 0.317053 8.8
      vertex 12.5543 0.229609 9.8
      vertex 12.5796 0.155291 9.8
    endloop
  endfacet
  facet normal 0.0554945 -0.846691 0.529183
    outer loop
      vertex 12 -0.599999 9.8
      vertex 12 -1.225 8.8
      vertex 12.0783 -0.594867 9.8
    endloop
  endfacet
  facet normal 0.375236 0.761023 0.529189
    outer loop
      vertex 12.4688 1.13175 8.8
      vertex 12.2296 0.554327 9.8
      vertex 12.3 0.519615 9.8
    endloop
  endfacet
  facet normal 0.803464 -0.272703 0.529225
    outer loop
      vertex 13.1833 -0.317053 8.8
      vertex 12.5543 -0.229609 9.8
      vertex 13.1318 -0.468787 8.8
    endloop
  endfacet
  facet normal -0.375236 0.761023 0.529189
    outer loop
      vertex 11.7704 0.554327 9.8
      vertex 11.5312 1.13175 8.8
      vertex 11.7 0.519615 9.8
    endloop
  endfacet
  facet normal -0.803464 -0.272703 0.529225
    outer loop
      vertex 11.4457 -0.229609 9.8
      vertex 10.8167 -0.317053 8.8
      vertex 10.8682 -0.468787 8.8
    endloop
  endfacet
  facet normal 0.803254 -0.273451 0.529158
    outer loop
      vertex 12.5796 -0.155291 9.8
      vertex 12.5543 -0.229609 9.8
      vertex 13.1833 -0.317053 8.8
    endloop
  endfacet
  facet normal -0.375236 -0.761023 0.529189
    outer loop
      vertex 11.7 -0.519615 9.8
      vertex 11.5312 -1.13175 8.8
      vertex 11.7704 -0.554327 9.8
    endloop
  endfacet
  facet normal 0.637823 0.55961 0.529168
    outer loop
      vertex 12.8662 0.866205 8.8
      vertex 12.4243 0.424264 9.8
      vertex 12.9719 0.745732 8.8
    endloop
  endfacet
  facet normal -0.803254 -0.273451 0.529158
    outer loop
      vertex 11.4204 -0.155291 9.8
      vertex 10.8167 -0.317053 8.8
      vertex 11.4457 -0.229609 9.8
    endloop
  endfacet
  facet normal -0.272813 -0.803451 0.529188
    outer loop
      vertex 11.7704 -0.554327 9.8
      vertex 11.5312 -1.13175 8.8
      vertex 11.6829 -1.18326 8.8
    endloop
  endfacet
  facet normal -0.83228 0.165228 0.52916
    outer loop
      vertex 10.8167 0.317053 8.8
      vertex 10.7855 0.159894 8.8
      vertex 11.4051 0.0783148 9.8
    endloop
  endfacet
  facet normal -0.0554945 -0.846691 0.529183
    outer loop
      vertex 12 -0.599999 9.8
      vertex 11.9217 -0.594867 9.8
      vertex 12 -1.225 8.8
    endloop
  endfacet
  facet normal 0.165491 -0.832211 0.529186
    outer loop
      vertex 12.1553 -0.579555 9.8
      vertex 12.0783 -0.594867 9.8
      vertex 12.3171 -1.18326 8.8
    endloop
  endfacet
  facet normal 0.559398 -0.638014 0.529162
    outer loop
      vertex 12.8662 -0.866205 8.8
      vertex 12.4243 -0.424264 9.8
      vertex 12.7457 -0.971857 8.8
    endloop
  endfacet
  facet normal -0.846708 -0.0551392 0.529193
    outer loop
      vertex 11.4 0 9.8
      vertex 10.775 0 8.8
      vertex 11.4051 -0.0783148 9.8
    endloop
  endfacet
  facet normal 0.76093 -0.375403 0.529205
    outer loop
      vertex 13.1318 -0.468787 8.8
      vertex 12.5196 -0.299999 9.8
      vertex 13.0609 -0.612499 8.8
    endloop
  endfacet
  facet normal 0.165489 0.832211 0.529186
    outer loop
      vertex 12.1599 1.21452 8.8
      vertex 12.0783 0.594867 9.8
      vertex 12.3171 1.18326 8.8
    endloop
  endfacet
  facet normal 0.471486 -0.705458 0.529179
    outer loop
      vertex 12.7457 -0.971857 8.8
      vertex 12.3 -0.519615 9.8
      vertex 12.6125 -1.06088 8.8
    endloop
  endfacet
  facet normal -0.471208 -0.705666 0.529149
    outer loop
      vertex 11.6347 -0.476011 9.8
      vertex 11.2543 -0.971857 8.8
      vertex 11.7 -0.519615 9.8
    endloop
  endfacet
  facet normal 0.846703 -0.0556017 0.529153
    outer loop
      vertex 13.225 0 8.8
      vertex 12.5949 -0.0783148 9.8
      vertex 13.2145 -0.159894 8.8
    endloop
  endfacet
  facet normal 0.846708 -0.0551392 0.529193
    outer loop
      vertex 12.6 0 9.8
      vertex 12.5949 -0.0783148 9.8
      vertex 13.225 0 8.8
    endloop
  endfacet
  facet normal 0.705512 0.471372 0.529209
    outer loop
      vertex 12.9719 0.745732 8.8
      vertex 12.476 0.365256 9.8
      vertex 12.5196 0.299999 9.8
    endloop
  endfacet
  facet normal 0.471486 0.705458 0.529179
    outer loop
      vertex 12.6125 1.06088 8.8
      vertex 12.3 0.519615 9.8
      vertex 12.7457 0.971857 8.8
    endloop
  endfacet
  facet normal -0.165489 -0.832211 0.529186
    outer loop
      vertex 11.9217 -0.594867 9.8
      vertex 11.6829 -1.18326 8.8
      vertex 11.8401 -1.21452 8.8
    endloop
  endfacet
  facet normal 0.76093 0.375403 0.529205
    outer loop
      vertex 13.0609 0.612499 8.8
      vertex 12.5196 0.299999 9.8
      vertex 13.1318 0.468787 8.8
    endloop
  endfacet
  facet normal 0.559506 0.637928 0.52915
    outer loop
      vertex 12.7457 0.971857 8.8
      vertex 12.3653 0.476011 9.8
      vertex 12.4243 0.424264 9.8
    endloop
  endfacet
  facet normal -0.705512 -0.471372 0.529209
    outer loop
      vertex 11.4804 -0.299999 9.8
      vertex 11.0281 -0.745732 8.8
      vertex 11.524 -0.365256 9.8
    endloop
  endfacet
  facet normal 0.803464 0.272703 0.529225
    outer loop
      vertex 13.1318 0.468787 8.8
      vertex 12.5543 0.229609 9.8
      vertex 13.1833 0.317053 8.8
    endloop
  endfacet
  facet normal -0.272813 0.803451 0.529188
    outer loop
      vertex 11.6829 1.18326 8.8
      vertex 11.5312 1.13175 8.8
      vertex 11.7704 0.554327 9.8
    endloop
  endfacet
  facet normal -0.375307 0.760993 0.529182
    outer loop
      vertex 11.5312 1.13175 8.8
      vertex 11.3875 1.06088 8.8
      vertex 11.7 0.519615 9.8
    endloop
  endfacet
  facet normal -0.705556 0.471313 0.529203
    outer loop
      vertex 11.0281 0.745732 8.8
      vertex 10.9391 0.612499 8.8
      vertex 11.4804 0.299999 9.8
    endloop
  endfacet
  facet normal 0.0554945 0.846691 0.529183
    outer loop
      vertex 12 1.225 8.8
      vertex 12 0.599999 9.8
      vertex 12.0783 0.594867 9.8
    endloop
  endfacet
  facet normal -0.272806 -0.803453 0.529188
    outer loop
      vertex 11.7704 -0.554327 9.8
      vertex 11.6829 -1.18326 8.8
      vertex 11.8447 -0.579555 9.8
    endloop
  endfacet
  facet normal -0.559506 0.637928 0.52915
    outer loop
      vertex 11.6347 0.476011 9.8
      vertex 11.2543 0.971857 8.8
      vertex 11.5757 0.424264 9.8
    endloop
  endfacet
  facet normal -0.165489 0.832211 0.529186
    outer loop
      vertex 11.8401 1.21452 8.8
      vertex 11.6829 1.18326 8.8
      vertex 11.9217 0.594867 9.8
    endloop
  endfacet
  facet normal -0.803464 0.272703 0.529225
    outer loop
      vertex 10.8682 0.468787 8.8
      vertex 10.8167 0.317053 8.8
      vertex 11.4457 0.229609 9.8
    endloop
  endfacet
  facet normal 0.705512 -0.471372 0.529209
    outer loop
      vertex 12.5196 -0.299999 9.8
      vertex 12.476 -0.365256 9.8
      vertex 12.9719 -0.745732 8.8
    endloop
  endfacet
  facet normal 0.165489 -0.832211 0.529186
    outer loop
      vertex 12.3171 -1.18326 8.8
      vertex 12.0783 -0.594867 9.8
      vertex 12.1599 -1.21452 8.8
    endloop
  endfacet
  facet normal 0.272813 -0.803451 0.529188
    outer loop
      vertex 12.4688 -1.13175 8.8
      vertex 12.2296 -0.554327 9.8
      vertex 12.3171 -1.18326 8.8
    endloop
  endfacet
  facet normal 0.272806 -0.803453 0.529188
    outer loop
      vertex 12.2296 -0.554327 9.8
      vertex 12.1553 -0.579555 9.8
      vertex 12.3171 -1.18326 8.8
    endloop
  endfacet
  facet normal -0.76093 0.375403 0.529205
    outer loop
      vertex 10.9391 0.612499 8.8
      vertex 10.8682 0.468787 8.8
      vertex 11.4804 0.299999 9.8
    endloop
  endfacet
  facet normal 0.638186 -0.559148 0.529219
    outer loop
      vertex 12.476 -0.365256 9.8
      vertex 12.4243 -0.424264 9.8
      vertex 12.9719 -0.745732 8.8
    endloop
  endfacet
  facet normal -0.471486 0.705458 0.529179
    outer loop
      vertex 11.3875 1.06088 8.8
      vertex 11.2543 0.971857 8.8
      vertex 11.7 0.519615 9.8
    endloop
  endfacet
  facet normal 0.559506 -0.637928 0.52915
    outer loop
      vertex 12.4243 -0.424264 9.8
      vertex 12.3653 -0.476011 9.8
      vertex 12.7457 -0.971857 8.8
    endloop
  endfacet
  facet normal 0.832232 -0.165417 0.529176
    outer loop
      vertex 12.5949 -0.0783148 9.8
      vertex 12.5796 -0.155291 9.8
      vertex 13.1833 -0.317053 8.8
    endloop
  endfacet
  facet normal -0.832232 0.165417 0.529176
    outer loop
      vertex 11.4204 0.155291 9.8
      vertex 10.8167 0.317053 8.8
      vertex 11.4051 0.0783148 9.8
    endloop
  endfacet
  facet normal -0.375307 -0.760993 0.529182
    outer loop
      vertex 11.7 -0.519615 9.8
      vertex 11.3875 -1.06088 8.8
      vertex 11.5312 -1.13175 8.8
    endloop
  endfacet
  facet normal -0.471208 0.705666 0.529149
    outer loop
      vertex 11.7 0.519615 9.8
      vertex 11.2543 0.971857 8.8
      vertex 11.6347 0.476011 9.8
    endloop
  endfacet
  facet normal -0.0554945 0.846691 0.529183
    outer loop
      vertex 12 1.225 8.8
      vertex 11.9217 0.594867 9.8
      vertex 12 0.599999 9.8
    endloop
  endfacet
  facet normal -0.803254 0.273451 0.529158
    outer loop
      vertex 11.4457 0.229609 9.8
      vertex 10.8167 0.317053 8.8
      vertex 11.4204 0.155291 9.8
    endloop
  endfacet
  facet normal -0.705512 0.471372 0.529209
    outer loop
      vertex 11.524 0.365256 9.8
      vertex 11.0281 0.745732 8.8
      vertex 11.4804 0.299999 9.8
    endloop
  endfacet
  facet normal -0.638186 0.559148 0.529219
    outer loop
      vertex 11.5757 0.424264 9.8
      vertex 11.0281 0.745732 8.8
      vertex 11.524 0.365256 9.8
    endloop
  endfacet
  facet normal -0.055493 -0.846691 0.529183
    outer loop
      vertex 11.9217 -0.594867 9.8
      vertex 11.8401 -1.21452 8.8
      vertex 12 -1.225 8.8
    endloop
  endfacet
  facet normal -0.165491 -0.832211 0.529186
    outer loop
      vertex 11.8447 -0.579555 9.8
      vertex 11.6829 -1.18326 8.8
      vertex 11.9217 -0.594867 9.8
    endloop
  endfacet
  facet normal -0.559506 -0.637928 0.52915
    outer loop
      vertex 11.5757 -0.424264 9.8
      vertex 11.2543 -0.971857 8.8
      vertex 11.6347 -0.476011 9.8
    endloop
  endfacet
  facet normal 0.980813 0.194951 0
    outer loop
      vertex 25.9829 0.261052 2.8
      vertex 25.9319 0.517637 0
      vertex 25.9319 0.517637 2.8
    endloop
  endfacet
  facet normal 0.980813 0.194951 0
    outer loop
      vertex 25.9319 0.517637 0
      vertex 25.9829 0.261052 2.8
      vertex 25.9829 0.261052 0
    endloop
  endfacet
  facet normal 0.997861 0.0653641 0
    outer loop
      vertex 26 0 2.8
      vertex 25.9829 0.261052 0
      vertex 25.9829 0.261052 2.8
    endloop
  endfacet
  facet normal 0.997861 0.0653641 0
    outer loop
      vertex 25.9829 0.261052 0
      vertex 26 0 2.8
      vertex 26 0 0
    endloop
  endfacet
  facet normal 0.0653902 0.99786 -0
    outer loop
      vertex 24.2611 1.98289 0
      vertex 24 2 2.8
      vertex 24.2611 1.98289 2.8
    endloop
  endfacet
  facet normal 0.0653902 0.99786 0
    outer loop
      vertex 24 2 2.8
      vertex 24.2611 1.98289 0
      vertex 24 2 0
    endloop
  endfacet
  facet normal -0.19516 0.980771 0
    outer loop
      vertex 23.7389 1.98289 0
      vertex 23.4824 1.93185 2.8
      vertex 23.7389 1.98289 2.8
    endloop
  endfacet
  facet normal -0.19516 0.980771 0
    outer loop
      vertex 23.4824 1.93185 2.8
      vertex 23.7389 1.98289 0
      vertex 23.4824 1.93185 0
    endloop
  endfacet
  facet normal 0.5556 -0.83145 0
    outer loop
      vertex 25 -1.73205 0
      vertex 25.2175 -1.58671 2.8
      vertex 25 -1.73205 2.8
    endloop
  endfacet
  facet normal 0.5556 -0.83145 0
    outer loop
      vertex 25.2175 -1.58671 2.8
      vertex 25 -1.73205 0
      vertex 25.2175 -1.58671 0
    endloop
  endfacet
  facet normal -0.896734 0.442571 0
    outer loop
      vertex 22.1522 0.765367 0
      vertex 22.268 1 2.8
      vertex 22.268 1 0
    endloop
  endfacet
  facet normal -0.896734 0.442571 0
    outer loop
      vertex 22.268 1 2.8
      vertex 22.1522 0.765367 0
      vertex 22.1522 0.765367 2.8
    endloop
  endfacet
  facet normal -0.946922 0.321463 0
    outer loop
      vertex 22.0681 0.517637 0
      vertex 22.1522 0.765367 2.8
      vertex 22.1522 0.765367 0
    endloop
  endfacet
  facet normal -0.946922 0.321463 0
    outer loop
      vertex 22.1522 0.765367 2.8
      vertex 22.0681 0.517637 0
      vertex 22.0681 0.517637 2.8
    endloop
  endfacet
  facet normal -0.321348 0.946961 0
    outer loop
      vertex 23.4824 1.93185 0
      vertex 23.2346 1.84776 2.8
      vertex 23.4824 1.93185 2.8
    endloop
  endfacet
  facet normal -0.321348 0.946961 0
    outer loop
      vertex 23.2346 1.84776 2.8
      vertex 23.4824 1.93185 0
      vertex 23.2346 1.84776 0
    endloop
  endfacet
  facet normal 0.997861 -0.0653641 0
    outer loop
      vertex 25.9829 -0.261052 2.8
      vertex 26 0 0
      vertex 26 0 2.8
    endloop
  endfacet
  facet normal 0.997861 -0.0653641 0
    outer loop
      vertex 26 0 0
      vertex 25.9829 -0.261052 2.8
      vertex 25.9829 -0.261052 0
    endloop
  endfacet
  facet normal -0.946922 -0.321463 0
    outer loop
      vertex 22.1522 -0.765367 0
      vertex 22.0681 -0.517637 2.8
      vertex 22.0681 -0.517637 0
    endloop
  endfacet
  facet normal -0.946922 -0.321463 0
    outer loop
      vertex 22.0681 -0.517637 2.8
      vertex 22.1522 -0.765367 0
      vertex 22.1522 -0.765367 2.8
    endloop
  endfacet
  facet normal -0.831544 0.555459 0
    outer loop
      vertex 22.268 1 0
      vertex 22.4133 1.21752 2.8
      vertex 22.4133 1.21752 0
    endloop
  endfacet
  facet normal -0.831544 0.555459 0
    outer loop
      vertex 22.4133 1.21752 2.8
      vertex 22.268 1 0
      vertex 22.268 1 2.8
    endloop
  endfacet
  facet normal -0.980813 0.194951 0
    outer loop
      vertex 22.0171 0.261052 0
      vertex 22.0681 0.517637 2.8
      vertex 22.0681 0.517637 0
    endloop
  endfacet
  facet normal -0.980813 0.194951 0
    outer loop
      vertex 22.0681 0.517637 2.8
      vertex 22.0171 0.261052 0
      vertex 22.0171 0.261052 2.8
    endloop
  endfacet
  facet normal 0.946922 -0.321463 0
    outer loop
      vertex 25.8478 -0.765367 2.8
      vertex 25.9319 -0.517637 0
      vertex 25.9319 -0.517637 2.8
    endloop
  endfacet
  facet normal 0.946922 -0.321463 0
    outer loop
      vertex 25.9319 -0.517637 0
      vertex 25.8478 -0.765367 2.8
      vertex 25.8478 -0.765367 0
    endloop
  endfacet
  facet normal 0.659343 -0.751842 0
    outer loop
      vertex 25.2175 -1.58671 0
      vertex 25.4142 -1.41421 2.8
      vertex 25.2175 -1.58671 2.8
    endloop
  endfacet
  facet normal 0.659343 -0.751842 0
    outer loop
      vertex 25.4142 -1.41421 2.8
      vertex 25.2175 -1.58671 0
      vertex 25.4142 -1.41421 0
    endloop
  endfacet
  facet normal 0.321348 0.946961 -0
    outer loop
      vertex 24.7654 1.84776 0
      vertex 24.5176 1.93185 2.8
      vertex 24.7654 1.84776 2.8
    endloop
  endfacet
  facet normal 0.321348 0.946961 0
    outer loop
      vertex 24.5176 1.93185 2.8
      vertex 24.7654 1.84776 0
      vertex 24.5176 1.93185 0
    endloop
  endfacet
  facet normal -0.751826 -0.659362 0
    outer loop
      vertex 22.5858 -1.41421 0
      vertex 22.4133 -1.21752 2.8
      vertex 22.4133 -1.21752 0
    endloop
  endfacet
  facet normal -0.751826 -0.659362 0
    outer loop
      vertex 22.4133 -1.21752 2.8
      vertex 22.5858 -1.41421 0
      vertex 22.5858 -1.41421 2.8
    endloop
  endfacet
  facet normal -0.659343 0.751842 0
    outer loop
      vertex 22.7825 1.58671 0
      vertex 22.5858 1.41421 2.8
      vertex 22.7825 1.58671 2.8
    endloop
  endfacet
  facet normal -0.659343 0.751842 0
    outer loop
      vertex 22.5858 1.41421 2.8
      vertex 22.7825 1.58671 0
      vertex 22.5858 1.41421 0
    endloop
  endfacet
  facet normal -0.997861 0.0653641 0
    outer loop
      vertex 22 0 0
      vertex 22.0171 0.261052 2.8
      vertex 22.0171 0.261052 0
    endloop
  endfacet
  facet normal -0.997861 0.0653641 0
    outer loop
      vertex 22.0171 0.261052 2.8
      vertex 22 0 0
      vertex 22 0 2.8
    endloop
  endfacet
  facet normal 0.5556 0.83145 -0
    outer loop
      vertex 25.2175 1.58671 0
      vertex 25 1.73205 2.8
      vertex 25.2175 1.58671 2.8
    endloop
  endfacet
  facet normal 0.5556 0.83145 0
    outer loop
      vertex 25 1.73205 2.8
      vertex 25.2175 1.58671 0
      vertex 25 1.73205 0
    endloop
  endfacet
  facet normal 0.831544 -0.555459 0
    outer loop
      vertex 25.5867 -1.21752 2.8
      vertex 25.732 -1 0
      vertex 25.732 -1 2.8
    endloop
  endfacet
  facet normal 0.831544 -0.555459 0
    outer loop
      vertex 25.732 -1 0
      vertex 25.5867 -1.21752 2.8
      vertex 25.5867 -1.21752 0
    endloop
  endfacet
  facet normal 0.831544 0.555459 0
    outer loop
      vertex 25.732 1 2.8
      vertex 25.5867 1.21752 0
      vertex 25.5867 1.21752 2.8
    endloop
  endfacet
  facet normal 0.831544 0.555459 0
    outer loop
      vertex 25.5867 1.21752 0
      vertex 25.732 1 2.8
      vertex 25.732 1 0
    endloop
  endfacet
  facet normal -0.751826 0.659362 0
    outer loop
      vertex 22.4133 1.21752 0
      vertex 22.5858 1.41421 2.8
      vertex 22.5858 1.41421 0
    endloop
  endfacet
  facet normal -0.751826 0.659362 0
    outer loop
      vertex 22.5858 1.41421 2.8
      vertex 22.4133 1.21752 0
      vertex 22.4133 1.21752 2.8
    endloop
  endfacet
  facet normal 0.321348 -0.946961 0
    outer loop
      vertex 24.5176 -1.93185 0
      vertex 24.7654 -1.84776 2.8
      vertex 24.5176 -1.93185 2.8
    endloop
  endfacet
  facet normal 0.321348 -0.946961 0
    outer loop
      vertex 24.7654 -1.84776 2.8
      vertex 24.5176 -1.93185 0
      vertex 24.7654 -1.84776 0
    endloop
  endfacet
  facet normal 0.442344 -0.896845 0
    outer loop
      vertex 24.7654 -1.84776 0
      vertex 25 -1.73205 2.8
      vertex 24.7654 -1.84776 2.8
    endloop
  endfacet
  facet normal 0.442344 -0.896845 0
    outer loop
      vertex 25 -1.73205 2.8
      vertex 24.7654 -1.84776 0
      vertex 25 -1.73205 0
    endloop
  endfacet
  facet normal 0.751826 0.659362 0
    outer loop
      vertex 25.5867 1.21752 2.8
      vertex 25.4142 1.41421 0
      vertex 25.4142 1.41421 2.8
    endloop
  endfacet
  facet normal 0.751826 0.659362 0
    outer loop
      vertex 25.4142 1.41421 0
      vertex 25.5867 1.21752 2.8
      vertex 25.5867 1.21752 0
    endloop
  endfacet
  facet normal 0.0653902 -0.99786 0
    outer loop
      vertex 24 -2 0
      vertex 24.2611 -1.98289 2.8
      vertex 24 -2 2.8
    endloop
  endfacet
  facet normal 0.0653902 -0.99786 0
    outer loop
      vertex 24.2611 -1.98289 2.8
      vertex 24 -2 0
      vertex 24.2611 -1.98289 0
    endloop
  endfacet
  facet normal 0.659343 0.751842 -0
    outer loop
      vertex 25.4142 1.41421 0
      vertex 25.2175 1.58671 2.8
      vertex 25.4142 1.41421 2.8
    endloop
  endfacet
  facet normal 0.659343 0.751842 0
    outer loop
      vertex 25.2175 1.58671 2.8
      vertex 25.4142 1.41421 0
      vertex 25.2175 1.58671 0
    endloop
  endfacet
  facet normal -0.997861 -0.0653641 0
    outer loop
      vertex 22.0171 -0.261052 0
      vertex 22 0 2.8
      vertex 22 0 0
    endloop
  endfacet
  facet normal -0.997861 -0.0653641 0
    outer loop
      vertex 22 0 2.8
      vertex 22.0171 -0.261052 0
      vertex 22.0171 -0.261052 2.8
    endloop
  endfacet
  facet normal -0.659343 -0.751842 0
    outer loop
      vertex 22.5858 -1.41421 0
      vertex 22.7825 -1.58671 2.8
      vertex 22.5858 -1.41421 2.8
    endloop
  endfacet
  facet normal -0.659343 -0.751842 -0
    outer loop
      vertex 22.7825 -1.58671 2.8
      vertex 22.5858 -1.41421 0
      vertex 22.7825 -1.58671 0
    endloop
  endfacet
  facet normal -0.5556 0.83145 0
    outer loop
      vertex 23 1.73205 0
      vertex 22.7825 1.58671 2.8
      vertex 23 1.73205 2.8
    endloop
  endfacet
  facet normal -0.5556 0.83145 0
    outer loop
      vertex 22.7825 1.58671 2.8
      vertex 23 1.73205 0
      vertex 22.7825 1.58671 0
    endloop
  endfacet
  facet normal 0.896734 0.442571 0
    outer loop
      vertex 25.8478 0.765367 2.8
      vertex 25.732 1 0
      vertex 25.732 1 2.8
    endloop
  endfacet
  facet normal 0.896734 0.442571 0
    outer loop
      vertex 25.732 1 0
      vertex 25.8478 0.765367 2.8
      vertex 25.8478 0.765367 0
    endloop
  endfacet
  facet normal -0.0653902 -0.99786 0
    outer loop
      vertex 23.7389 -1.98289 0
      vertex 24 -2 2.8
      vertex 23.7389 -1.98289 2.8
    endloop
  endfacet
  facet normal -0.0653902 -0.99786 -0
    outer loop
      vertex 24 -2 2.8
      vertex 23.7389 -1.98289 0
      vertex 24 -2 0
    endloop
  endfacet
  facet normal 0.19516 -0.980771 0
    outer loop
      vertex 24.2611 -1.98289 0
      vertex 24.5176 -1.93185 2.8
      vertex 24.2611 -1.98289 2.8
    endloop
  endfacet
  facet normal 0.19516 -0.980771 0
    outer loop
      vertex 24.5176 -1.93185 2.8
      vertex 24.2611 -1.98289 0
      vertex 24.5176 -1.93185 0
    endloop
  endfacet
  facet normal 0.442344 0.896845 -0
    outer loop
      vertex 25 1.73205 0
      vertex 24.7654 1.84776 2.8
      vertex 25 1.73205 2.8
    endloop
  endfacet
  facet normal 0.442344 0.896845 0
    outer loop
      vertex 24.7654 1.84776 2.8
      vertex 25 1.73205 0
      vertex 24.7654 1.84776 0
    endloop
  endfacet
  facet normal 0.896734 -0.442571 0
    outer loop
      vertex 25.732 -1 2.8
      vertex 25.8478 -0.765367 0
      vertex 25.8478 -0.765367 2.8
    endloop
  endfacet
  facet normal 0.896734 -0.442571 0
    outer loop
      vertex 25.8478 -0.765367 0
      vertex 25.732 -1 2.8
      vertex 25.732 -1 0
    endloop
  endfacet
  facet normal 0.980813 -0.194951 0
    outer loop
      vertex 25.9319 -0.517637 2.8
      vertex 25.9829 -0.261052 0
      vertex 25.9829 -0.261052 2.8
    endloop
  endfacet
  facet normal 0.980813 -0.194951 0
    outer loop
      vertex 25.9829 -0.261052 0
      vertex 25.9319 -0.517637 2.8
      vertex 25.9319 -0.517637 0
    endloop
  endfacet
  facet normal -0.980813 -0.194951 0
    outer loop
      vertex 22.0681 -0.517637 0
      vertex 22.0171 -0.261052 2.8
      vertex 22.0171 -0.261052 0
    endloop
  endfacet
  facet normal -0.980813 -0.194951 0
    outer loop
      vertex 22.0171 -0.261052 2.8
      vertex 22.0681 -0.517637 0
      vertex 22.0681 -0.517637 2.8
    endloop
  endfacet
  facet normal -0.19516 -0.980771 0
    outer loop
      vertex 23.4824 -1.93185 0
      vertex 23.7389 -1.98289 2.8
      vertex 23.4824 -1.93185 2.8
    endloop
  endfacet
  facet normal -0.19516 -0.980771 -0
    outer loop
      vertex 23.7389 -1.98289 2.8
      vertex 23.4824 -1.93185 0
      vertex 23.7389 -1.98289 0
    endloop
  endfacet
  facet normal 0.19516 0.980771 -0
    outer loop
      vertex 24.5176 1.93185 0
      vertex 24.2611 1.98289 2.8
      vertex 24.5176 1.93185 2.8
    endloop
  endfacet
  facet normal 0.19516 0.980771 0
    outer loop
      vertex 24.2611 1.98289 2.8
      vertex 24.5176 1.93185 0
      vertex 24.2611 1.98289 0
    endloop
  endfacet
  facet normal 0.946922 0.321463 0
    outer loop
      vertex 25.9319 0.517637 2.8
      vertex 25.8478 0.765367 0
      vertex 25.8478 0.765367 2.8
    endloop
  endfacet
  facet normal 0.946922 0.321463 0
    outer loop
      vertex 25.8478 0.765367 0
      vertex 25.9319 0.517637 2.8
      vertex 25.9319 0.517637 0
    endloop
  endfacet
  facet normal 0.751826 -0.659362 0
    outer loop
      vertex 25.4142 -1.41421 2.8
      vertex 25.5867 -1.21752 0
      vertex 25.5867 -1.21752 2.8
    endloop
  endfacet
  facet normal 0.751826 -0.659362 0
    outer loop
      vertex 25.5867 -1.21752 0
      vertex 25.4142 -1.41421 2.8
      vertex 25.4142 -1.41421 0
    endloop
  endfacet
  facet normal -0.831544 -0.555459 0
    outer loop
      vertex 22.4133 -1.21752 0
      vertex 22.268 -1 2.8
      vertex 22.268 -1 0
    endloop
  endfacet
  facet normal -0.831544 -0.555459 0
    outer loop
      vertex 22.268 -1 2.8
      vertex 22.4133 -1.21752 0
      vertex 22.4133 -1.21752 2.8
    endloop
  endfacet
  facet normal -0.0653902 0.99786 0
    outer loop
      vertex 24 2 0
      vertex 23.7389 1.98289 2.8
      vertex 24 2 2.8
    endloop
  endfacet
  facet normal -0.0653902 0.99786 0
    outer loop
      vertex 23.7389 1.98289 2.8
      vertex 24 2 0
      vertex 23.7389 1.98289 0
    endloop
  endfacet
  facet normal -0.321348 -0.946961 0
    outer loop
      vertex 23.2346 -1.84776 0
      vertex 23.4824 -1.93185 2.8
      vertex 23.2346 -1.84776 2.8
    endloop
  endfacet
  facet normal -0.321348 -0.946961 -0
    outer loop
      vertex 23.4824 -1.93185 2.8
      vertex 23.2346 -1.84776 0
      vertex 23.4824 -1.93185 0
    endloop
  endfacet
  facet normal -0.442344 0.896845 0
    outer loop
      vertex 23.2346 1.84776 0
      vertex 23 1.73205 2.8
      vertex 23.2346 1.84776 2.8
    endloop
  endfacet
  facet normal -0.442344 0.896845 0
    outer loop
      vertex 23 1.73205 2.8
      vertex 23.2346 1.84776 0
      vertex 23 1.73205 0
    endloop
  endfacet
  facet normal -0.442344 -0.896845 0
    outer loop
      vertex 23 -1.73205 0
      vertex 23.2346 -1.84776 2.8
      vertex 23 -1.73205 2.8
    endloop
  endfacet
  facet normal -0.442344 -0.896845 -0
    outer loop
      vertex 23.2346 -1.84776 2.8
      vertex 23 -1.73205 0
      vertex 23.2346 -1.84776 0
    endloop
  endfacet
  facet normal -0.896734 -0.442571 0
    outer loop
      vertex 22.268 -1 0
      vertex 22.1522 -0.765367 2.8
      vertex 22.1522 -0.765367 0
    endloop
  endfacet
  facet normal -0.896734 -0.442571 0
    outer loop
      vertex 22.1522 -0.765367 2.8
      vertex 22.268 -1 0
      vertex 22.268 -1 2.8
    endloop
  endfacet
  facet normal 0 0 -1
    outer loop
      vertex 25.9829 -0.261052 0
      vertex 25.9829 0.261052 0
      vertex 26 0 0
    endloop
  endfacet
  facet normal 0 0 -1
    outer loop
      vertex 25.9319 -0.517637 0
      vertex 25.9829 0.261052 0
      vertex 25.9829 -0.261052 0
    endloop
  endfacet
  facet normal 0 0 -1
    outer loop
      vertex 25.9319 -0.517637 0
      vertex 25.9319 0.517637 0
      vertex 25.9829 0.261052 0
    endloop
  endfacet
  facet normal 0 0 -1
    outer loop
      vertex 25.8478 -0.765367 0
      vertex 25.9319 0.517637 0
      vertex 25.9319 -0.517637 0
    endloop
  endfacet
  facet normal 0 0 -1
    outer loop
      vertex 25.8478 -0.765367 0
      vertex 25.8478 0.765367 0
      vertex 25.9319 0.517637 0
    endloop
  endfacet
  facet normal 0 0 -1
    outer loop
      vertex 25.732 -1 0
      vertex 25.8478 0.765367 0
      vertex 25.8478 -0.765367 0
    endloop
  endfacet
  facet normal 0 0 -1
    outer loop
      vertex 25.732 -1 0
      vertex 25.732 1 0
      vertex 25.8478 0.765367 0
    endloop
  endfacet
  facet normal 0 0 -1
    outer loop
      vertex 25.5867 -1.21752 0
      vertex 25.732 1 0
      vertex 25.732 -1 0
    endloop
  endfacet
  facet normal 0 0 -1
    outer loop
      vertex 25.5867 -1.21752 0
      vertex 25.5867 1.21752 0
      vertex 25.732 1 0
    endloop
  endfacet
  facet normal 0 0 -1
    outer loop
      vertex 25.4142 -1.41421 0
      vertex 25.5867 1.21752 0
      vertex 25.5867 -1.21752 0
    endloop
  endfacet
  facet normal 0 0 -1
    outer loop
      vertex 25.4142 -1.41421 0
      vertex 25.4142 1.41421 0
      vertex 25.5867 1.21752 0
    endloop
  endfacet
  facet normal 0 0 -1
    outer loop
      vertex 25.2175 -1.58671 0
      vertex 25.4142 1.41421 0
      vertex 25.4142 -1.41421 0
    endloop
  endfacet
  facet normal 0 0 -1
    outer loop
      vertex 25.2175 -1.58671 0
      vertex 25.2175 1.58671 0
      vertex 25.4142 1.41421 0
    endloop
  endfacet
  facet normal 0 0 -1
    outer loop
      vertex 25 -1.73205 0
      vertex 25.2175 1.58671 0
      vertex 25.2175 -1.58671 0
    endloop
  endfacet
  facet normal 0 0 -1
    outer loop
      vertex 25 -1.73205 0
      vertex 25 1.73205 0
      vertex 25.2175 1.58671 0
    endloop
  endfacet
  facet normal 0 0 -1
    outer loop
      vertex 24.7654 -1.84776 0
      vertex 25 1.73205 0
      vertex 25 -1.73205 0
    endloop
  endfacet
  facet normal 0 0 -1
    outer loop
      vertex 24.7654 -1.84776 0
      vertex 24.7654 1.84776 0
      vertex 25 1.73205 0
    endloop
  endfacet
  facet normal 0 0 -1
    outer loop
      vertex 24.5176 -1.93185 0
      vertex 24.7654 1.84776 0
      vertex 24.7654 -1.84776 0
    endloop
  endfacet
  facet normal 0 0 -1
    outer loop
      vertex 24.5176 -1.93185 0
      vertex 24.5176 1.93185 0
      vertex 24.7654 1.84776 0
    endloop
  endfacet
  facet normal 0 0 -1
    outer loop
      vertex 24.2611 -1.98289 0
      vertex 24.5176 1.93185 0
      vertex 24.5176 -1.93185 0
    endloop
  endfacet
  facet normal 0 0 -1
    outer loop
      vertex 24.2611 -1.98289 0
      vertex 24.2611 1.98289 0
      vertex 24.5176 1.93185 0
    endloop
  endfacet
  facet normal 0 0 -1
    outer loop
      vertex 24 -2 0
      vertex 24.2611 1.98289 0
      vertex 24.2611 -1.98289 0
    endloop
  endfacet
  facet normal 0 0 -1
    outer loop
      vertex 24 -2 0
      vertex 24 2 0
      vertex 24.2611 1.98289 0
    endloop
  endfacet
  facet normal 0 0 -1
    outer loop
      vertex 23.7389 -1.98289 0
      vertex 24 2 0
      vertex 24 -2 0
    endloop
  endfacet
  facet normal 0 0 -1
    outer loop
      vertex 23.7389 -1.98289 0
      vertex 23.7389 1.98289 0
      vertex 24 2 0
    endloop
  endfacet
  facet normal 0 0 -1
    outer loop
      vertex 23.4824 -1.93185 0
      vertex 23.7389 1.98289 0
      vertex 23.7389 -1.98289 0
    endloop
  endfacet
  facet normal 0 0 -1
    outer loop
      vertex 23.4824 -1.93185 0
      vertex 23.4824 1.93185 0
      vertex 23.7389 1.98289 0
    endloop
  endfacet
  facet normal 0 0 -1
    outer loop
      vertex 23.2346 -1.84776 0
      vertex 23.4824 1.93185 0
      vertex 23.4824 -1.93185 0
    endloop
  endfacet
  facet normal 0 0 -1
    outer loop
      vertex 23.2346 -1.84776 0
      vertex 23.2346 1.84776 0
      vertex 23.4824 1.93185 0
    endloop
  endfacet
  facet normal 0 0 -1
    outer loop
      vertex 23 -1.73205 0
      vertex 23.2346 1.84776 0
      vertex 23.2346 -1.84776 0
    endloop
  endfacet
  facet normal 0 0 -1
    outer loop
      vertex 23 -1.73205 0
      vertex 23 1.73205 0
      vertex 23.2346 1.84776 0
    endloop
  endfacet
  facet normal 0 0 -1
    outer loop
      vertex 22.7825 -1.58671 0
      vertex 23 1.73205 0
      vertex 23 -1.73205 0
    endloop
  endfacet
  facet normal 0 0 -1
    outer loop
      vertex 22.7825 -1.58671 0
      vertex 22.7825 1.58671 0
      vertex 23 1.73205 0
    endloop
  endfacet
  facet normal 0 0 -1
    outer loop
      vertex 22.5858 -1.41421 0
      vertex 22.7825 1.58671 0
      vertex 22.7825 -1.58671 0
    endloop
  endfacet
  facet normal 0 0 -1
    outer loop
      vertex 22.5858 -1.41421 0
      vertex 22.5858 1.41421 0
      vertex 22.7825 1.58671 0
    endloop
  endfacet
  facet normal 0 0 -1
    outer loop
      vertex 22.4133 -1.21752 0
      vertex 22.5858 1.41421 0
      vertex 22.5858 -1.41421 0
    endloop
  endfacet
  facet normal 0 0 -1
    outer loop
      vertex 22.4133 -1.21752 0
      vertex 22.4133 1.21752 0
      vertex 22.5858 1.41421 0
    endloop
  endfacet
  facet normal 0 0 -1
    outer loop
      vertex 22.268 -1 0
      vertex 22.4133 1.21752 0
      vertex 22.4133 -1.21752 0
    endloop
  endfacet
  facet normal 0 0 -1
    outer loop
      vertex 22.268 -1 0
      vertex 22.268 1 0
      vertex 22.4133 1.21752 0
    endloop
  endfacet
  facet normal 0 0 -1
    outer loop
      vertex 22.1522 -0.765367 0
      vertex 22.268 1 0
      vertex 22.268 -1 0
    endloop
  endfacet
  facet normal 0 0 -1
    outer loop
      vertex 22.1522 -0.765367 0
      vertex 22.1522 0.765367 0
      vertex 22.268 1 0
    endloop
  endfacet
  facet normal 0 0 -1
    outer loop
      vertex 22.0681 -0.517637 0
      vertex 22.1522 0.765367 0
      vertex 22.1522 -0.765367 0
    endloop
  endfacet
  facet normal 0 0 -1
    outer loop
      vertex 22.0681 -0.517637 0
      vertex 22.0681 0.517637 0
      vertex 22.1522 0.765367 0
    endloop
  endfacet
  facet normal 0 0 -1
    outer loop
      vertex 22.0171 -0.261052 0
      vertex 22.0681 0.517637 0
      vertex 22.0681 -0.517637 0
    endloop
  endfacet
  facet normal 0 0 -1
    outer loop
      vertex 22.0171 -0.261052 0
      vertex 22.0171 0.261052 0
      vertex 22.0681 0.517637 0
    endloop
  endfacet
  facet normal 0 -0 -1
    outer loop
      vertex 22.0171 0.261052 0
      vertex 22.0171 -0.261052 0
      vertex 22 0 0
    endloop
  endfacet
  facet normal -0.5556 -0.83145 0
    outer loop
      vertex 22.7825 -1.58671 0
      vertex 23 -1.73205 2.8
      vertex 22.7825 -1.58671 2.8
    endloop
  endfacet
  facet normal -0.5556 -0.83145 -0
    outer loop
      vertex 23 -1.73205 2.8
      vertex 22.7825 -1.58671 0
      vertex 23 -1.73205 0
    endloop
  endfacet
  facet normal 0 0 -1
    outer loop
      vertex 26 0 2.8
      vertex 27.5 0 2.8
      vertex 27.4701 -0.456841 2.8
    endloop
  endfacet
  facet normal 0 0 -1
    outer loop
      vertex 25.9829 -0.261052 2.8
      vertex 27.4701 -0.456841 2.8
      vertex 27.3807 -0.905867 2.8
    endloop
  endfacet
  facet normal 0 0 -1
    outer loop
      vertex 27.5 0 2.8
      vertex 26 0 2.8
      vertex 27.4701 0.456841 2.8
    endloop
  endfacet
  facet normal 0 0 -1
    outer loop
      vertex 25.9319 -0.517637 2.8
      vertex 27.3807 -0.905867 2.8
      vertex 27.2336 -1.33939 2.8
    endloop
  endfacet
  facet normal 0 0 -1
    outer loop
      vertex 25.9829 0.261052 2.8
      vertex 27.4701 0.456841 2.8
      vertex 26 0 2.8
    endloop
  endfacet
  facet normal 0 0 -1
    outer loop
      vertex 25.8478 -0.765367 2.8
      vertex 27.2336 -1.33939 2.8
      vertex 27.0311 -1.75 2.8
    endloop
  endfacet
  facet normal -0 0 -1
    outer loop
      vertex 27.4701 0.456841 2.8
      vertex 25.9829 0.261052 2.8
      vertex 27.3807 0.905867 2.8
    endloop
  endfacet
  facet normal 0 0 -1
    outer loop
      vertex 25.732 -1 2.8
      vertex 27.0311 -1.75 2.8
      vertex 26.7767 -2.13066 2.8
    endloop
  endfacet
  facet normal 0 0 -1
    outer loop
      vertex 25.9319 0.517637 2.8
      vertex 27.3807 0.905867 2.8
      vertex 25.9829 0.261052 2.8
    endloop
  endfacet
  facet normal 0 0 -1
    outer loop
      vertex 25.5867 -1.21752 2.8
      vertex 26.7767 -2.13066 2.8
      vertex 26.4749 -2.47487 2.8
    endloop
  endfacet
  facet normal -0 0 -1
    outer loop
      vertex 27.3807 0.905867 2.8
      vertex 25.9319 0.517637 2.8
      vertex 27.2336 1.33939 2.8
    endloop
  endfacet
  facet normal 0 0 -1
    outer loop
      vertex 25.4142 -1.41421 2.8
      vertex 26.4749 -2.47487 2.8
      vertex 26.1307 -2.77674 2.8
    endloop
  endfacet
  facet normal 0 0 -1
    outer loop
      vertex 25.8478 0.765367 2.8
      vertex 27.2336 1.33939 2.8
      vertex 25.9319 0.517637 2.8
    endloop
  endfacet
  facet normal -0 0 -1
    outer loop
      vertex 27.2336 1.33939 2.8
      vertex 25.8478 0.765367 2.8
      vertex 27.0311 1.75 2.8
    endloop
  endfacet
  facet normal 0 0 -1
    outer loop
      vertex 27.4701 -0.456841 2.8
      vertex 25.9829 -0.261052 2.8
      vertex 26 0 2.8
    endloop
  endfacet
  facet normal 0 0 -1
    outer loop
      vertex 27.3807 -0.905867 2.8
      vertex 25.9319 -0.517637 2.8
      vertex 25.9829 -0.261052 2.8
    endloop
  endfacet
  facet normal 0 0 -1
    outer loop
      vertex 27.2336 -1.33939 2.8
      vertex 25.8478 -0.765367 2.8
      vertex 25.9319 -0.517637 2.8
    endloop
  endfacet
  facet normal 0 0 -1
    outer loop
      vertex 25.2175 -1.58671 2.8
      vertex 26.1307 -2.77674 2.8
      vertex 25.75 -3.03109 2.8
    endloop
  endfacet
  facet normal 0 0 -1
    outer loop
      vertex 27.0311 -1.75 2.8
      vertex 25.732 -1 2.8
      vertex 25.8478 -0.765367 2.8
    endloop
  endfacet
  facet normal 0 0 -1
    outer loop
      vertex 26.7767 -2.13066 2.8
      vertex 25.5867 -1.21752 2.8
      vertex 25.732 -1 2.8
    endloop
  endfacet
  facet normal 0 0 -1
    outer loop
      vertex 26.4749 -2.47487 2.8
      vertex 25.4142 -1.41421 2.8
      vertex 25.5867 -1.21752 2.8
    endloop
  endfacet
  facet normal 0 0 -1
    outer loop
      vertex 25 -1.73205 2.8
      vertex 25.75 -3.03109 2.8
      vertex 25.3394 -3.23358 2.8
    endloop
  endfacet
  facet normal 0 0 -1
    outer loop
      vertex 26.1307 -2.77674 2.8
      vertex 25.2175 -1.58671 2.8
      vertex 25.4142 -1.41421 2.8
    endloop
  endfacet
  facet normal 0 0 -1
    outer loop
      vertex 25.75 -3.03109 2.8
      vertex 25 -1.73205 2.8
      vertex 25.2175 -1.58671 2.8
    endloop
  endfacet
  facet normal 0 0 -1
    outer loop
      vertex 24.7654 -1.84776 2.8
      vertex 25.3394 -3.23358 2.8
      vertex 24.9059 -3.38074 2.8
    endloop
  endfacet
  facet normal 0 0 -1
    outer loop
      vertex 25.3394 -3.23358 2.8
      vertex 24.7654 -1.84776 2.8
      vertex 25 -1.73205 2.8
    endloop
  endfacet
  facet normal 0 0 -1
    outer loop
      vertex 24.9059 -3.38074 2.8
      vertex 24.5176 -1.93185 2.8
      vertex 24.7654 -1.84776 2.8
    endloop
  endfacet
  facet normal 0 0 -1
    outer loop
      vertex 24.4568 -3.47006 2.8
      vertex 24.5176 -1.93185 2.8
      vertex 24.9059 -3.38074 2.8
    endloop
  endfacet
  facet normal 0 0 -1
    outer loop
      vertex 24.4568 -3.47006 2.8
      vertex 24.2611 -1.98289 2.8
      vertex 24.5176 -1.93185 2.8
    endloop
  endfacet
  facet normal 0 0 -1
    outer loop
      vertex 24 -3.5 2.8
      vertex 24.2611 -1.98289 2.8
      vertex 24.4568 -3.47006 2.8
    endloop
  endfacet
  facet normal 0 0 -1
    outer loop
      vertex 24 -3.5 2.8
      vertex 24 -2 2.8
      vertex 24.2611 -1.98289 2.8
    endloop
  endfacet
  facet normal 0 0 -1
    outer loop
      vertex 24 -3.5 2.8
      vertex 23.7389 -1.98289 2.8
      vertex 24 -2 2.8
    endloop
  endfacet
  facet normal 0 0 -1
    outer loop
      vertex 23.5432 -3.47006 2.8
      vertex 23.7389 -1.98289 2.8
      vertex 24 -3.5 2.8
    endloop
  endfacet
  facet normal 0 0 -1
    outer loop
      vertex 23.5432 -3.47006 2.8
      vertex 23.4824 -1.93185 2.8
      vertex 23.7389 -1.98289 2.8
    endloop
  endfacet
  facet normal 0 0 -1
    outer loop
      vertex 23.0941 -3.38074 2.8
      vertex 23.4824 -1.93185 2.8
      vertex 23.5432 -3.47006 2.8
    endloop
  endfacet
  facet normal -0 0 -1
    outer loop
      vertex 23.4824 -1.93185 2.8
      vertex 23.0941 -3.38074 2.8
      vertex 23.2346 -1.84776 2.8
    endloop
  endfacet
  facet normal 0 0 -1
    outer loop
      vertex 22.6606 -3.23358 2.8
      vertex 23.2346 -1.84776 2.8
      vertex 23.0941 -3.38074 2.8
    endloop
  endfacet
  facet normal -0 0 -1
    outer loop
      vertex 23.2346 -1.84776 2.8
      vertex 22.6606 -3.23358 2.8
      vertex 23 -1.73205 2.8
    endloop
  endfacet
  facet normal 0 0 -1
    outer loop
      vertex 22.25 -3.03109 2.8
      vertex 23 -1.73205 2.8
      vertex 22.6606 -3.23358 2.8
    endloop
  endfacet
  facet normal -0 0 -1
    outer loop
      vertex 23 -1.73205 2.8
      vertex 22.25 -3.03109 2.8
      vertex 22.7825 -1.58671 2.8
    endloop
  endfacet
  facet normal 0 0 -1
    outer loop
      vertex 21.8693 -2.77674 2.8
      vertex 22.7825 -1.58671 2.8
      vertex 22.25 -3.03109 2.8
    endloop
  endfacet
  facet normal -0 0 -1
    outer loop
      vertex 22.7825 -1.58671 2.8
      vertex 21.8693 -2.77674 2.8
      vertex 22.5858 -1.41421 2.8
    endloop
  endfacet
  facet normal 0 0 -1
    outer loop
      vertex 21.5251 -2.47487 2.8
      vertex 22.5858 -1.41421 2.8
      vertex 21.8693 -2.77674 2.8
    endloop
  endfacet
  facet normal -0 0 -1
    outer loop
      vertex 22.5858 -1.41421 2.8
      vertex 21.5251 -2.47487 2.8
      vertex 22.4133 -1.21752 2.8
    endloop
  endfacet
  facet normal 0 0 -1
    outer loop
      vertex 21.2233 -2.13066 2.8
      vertex 22.4133 -1.21752 2.8
      vertex 21.5251 -2.47487 2.8
    endloop
  endfacet
  facet normal -0 0 -1
    outer loop
      vertex 22.4133 -1.21752 2.8
      vertex 21.2233 -2.13066 2.8
      vertex 22.268 -1 2.8
    endloop
  endfacet
  facet normal -0 0 -1
    outer loop
      vertex 22.268 -1 2.8
      vertex 20.9689 -1.75 2.8
      vertex 22.1522 -0.765367 2.8
    endloop
  endfacet
  facet normal 0 0 -1
    outer loop
      vertex 20.9689 -1.75 2.8
      vertex 22.268 -1 2.8
      vertex 21.2233 -2.13066 2.8
    endloop
  endfacet
  facet normal 0 0 -1
    outer loop
      vertex 25.732 1 2.8
      vertex 27.0311 1.75 2.8
      vertex 25.8478 0.765367 2.8
    endloop
  endfacet
  facet normal -0 0 -1
    outer loop
      vertex 27.0311 1.75 2.8
      vertex 25.732 1 2.8
      vertex 26.7767 2.13066 2.8
    endloop
  endfacet
  facet normal 0 0 -1
    outer loop
      vertex 25.5867 1.21752 2.8
      vertex 26.7767 2.13066 2.8
      vertex 25.732 1 2.8
    endloop
  endfacet
  facet normal -0 0 -1
    outer loop
      vertex 26.7767 2.13066 2.8
      vertex 25.5867 1.21752 2.8
      vertex 26.4749 2.47487 2.8
    endloop
  endfacet
  facet normal 0 0 -1
    outer loop
      vertex 25.4142 1.41421 2.8
      vertex 26.4749 2.47487 2.8
      vertex 25.5867 1.21752 2.8
    endloop
  endfacet
  facet normal -0 0 -1
    outer loop
      vertex 26.4749 2.47487 2.8
      vertex 25.4142 1.41421 2.8
      vertex 26.1307 2.77674 2.8
    endloop
  endfacet
  facet normal 0 0 -1
    outer loop
      vertex 25.2175 1.58671 2.8
      vertex 26.1307 2.77674 2.8
      vertex 25.4142 1.41421 2.8
    endloop
  endfacet
  facet normal -0 0 -1
    outer loop
      vertex 26.1307 2.77674 2.8
      vertex 25.2175 1.58671 2.8
      vertex 25.75 3.03109 2.8
    endloop
  endfacet
  facet normal 0 0 -1
    outer loop
      vertex 25 1.73205 2.8
      vertex 25.75 3.03109 2.8
      vertex 25.2175 1.58671 2.8
    endloop
  endfacet
  facet normal -0 0 -1
    outer loop
      vertex 25.75 3.03109 2.8
      vertex 25 1.73205 2.8
      vertex 25.3394 3.23358 2.8
    endloop
  endfacet
  facet normal 0 0 -1
    outer loop
      vertex 24.7654 1.84776 2.8
      vertex 25.3394 3.23358 2.8
      vertex 25 1.73205 2.8
    endloop
  endfacet
  facet normal -0 0 -1
    outer loop
      vertex 25.3394 3.23358 2.8
      vertex 24.7654 1.84776 2.8
      vertex 24.9059 3.38074 2.8
    endloop
  endfacet
  facet normal 0 0 -1
    outer loop
      vertex 24.5176 1.93185 2.8
      vertex 24.9059 3.38074 2.8
      vertex 24.7654 1.84776 2.8
    endloop
  endfacet
  facet normal 0 0 -1
    outer loop
      vertex 24.5176 1.93185 2.8
      vertex 24.4568 3.47006 2.8
      vertex 24.9059 3.38074 2.8
    endloop
  endfacet
  facet normal 0 0 -1
    outer loop
      vertex 24.2611 1.98289 2.8
      vertex 24.4568 3.47006 2.8
      vertex 24.5176 1.93185 2.8
    endloop
  endfacet
  facet normal 0 0 -1
    outer loop
      vertex 24 2 2.8
      vertex 24.4568 3.47006 2.8
      vertex 24.2611 1.98289 2.8
    endloop
  endfacet
  facet normal 0 0 -1
    outer loop
      vertex 24 2 2.8
      vertex 24 3.5 2.8
      vertex 24.4568 3.47006 2.8
    endloop
  endfacet
  facet normal 0 0 -1
    outer loop
      vertex 23.7389 1.98289 2.8
      vertex 24 3.5 2.8
      vertex 24 2 2.8
    endloop
  endfacet
  facet normal 0 0 -1
    outer loop
      vertex 23.7389 1.98289 2.8
      vertex 23.5432 3.47006 2.8
      vertex 24 3.5 2.8
    endloop
  endfacet
  facet normal 0 0 -1
    outer loop
      vertex 23.4824 1.93185 2.8
      vertex 23.5432 3.47006 2.8
      vertex 23.7389 1.98289 2.8
    endloop
  endfacet
  facet normal 0 0 -1
    outer loop
      vertex 23.0941 3.38074 2.8
      vertex 23.4824 1.93185 2.8
      vertex 23.2346 1.84776 2.8
    endloop
  endfacet
  facet normal 0 0 -1
    outer loop
      vertex 23.4824 1.93185 2.8
      vertex 23.0941 3.38074 2.8
      vertex 23.5432 3.47006 2.8
    endloop
  endfacet
  facet normal 0 0 -1
    outer loop
      vertex 22.6606 3.23358 2.8
      vertex 23.2346 1.84776 2.8
      vertex 23 1.73205 2.8
    endloop
  endfacet
  facet normal 0 0 -1
    outer loop
      vertex 22.25 3.03109 2.8
      vertex 23 1.73205 2.8
      vertex 22.7825 1.58671 2.8
    endloop
  endfacet
  facet normal 0 0 -1
    outer loop
      vertex 23.2346 1.84776 2.8
      vertex 22.6606 3.23358 2.8
      vertex 23.0941 3.38074 2.8
    endloop
  endfacet
  facet normal 0 0 -1
    outer loop
      vertex 21.8693 2.77674 2.8
      vertex 22.7825 1.58671 2.8
      vertex 22.5858 1.41421 2.8
    endloop
  endfacet
  facet normal 0 0 -1
    outer loop
      vertex 21.5251 2.47487 2.8
      vertex 22.5858 1.41421 2.8
      vertex 22.4133 1.21752 2.8
    endloop
  endfacet
  facet normal 0 0 -1
    outer loop
      vertex 21.2233 2.13066 2.8
      vertex 22.4133 1.21752 2.8
      vertex 22.268 1 2.8
    endloop
  endfacet
  facet normal 0 0 -1
    outer loop
      vertex 23 1.73205 2.8
      vertex 22.25 3.03109 2.8
      vertex 22.6606 3.23358 2.8
    endloop
  endfacet
  facet normal 0 0 -1
    outer loop
      vertex 20.9689 1.75 2.8
      vertex 22.268 1 2.8
      vertex 22.1522 0.765367 2.8
    endloop
  endfacet
  facet normal 0 0 -1
    outer loop
      vertex 20.7664 1.33939 2.8
      vertex 22.1522 0.765367 2.8
      vertex 22.0681 0.517637 2.8
    endloop
  endfacet
  facet normal 0 0 -1
    outer loop
      vertex 20.6193 0.905867 2.8
      vertex 22.0681 0.517637 2.8
      vertex 22.0171 0.261052 2.8
    endloop
  endfacet
  facet normal 0 0 -1
    outer loop
      vertex 22.7825 1.58671 2.8
      vertex 21.8693 2.77674 2.8
      vertex 22.25 3.03109 2.8
    endloop
  endfacet
  facet normal 0 0 -1
    outer loop
      vertex 20.5299 0.456841 2.8
      vertex 22.0171 0.261052 2.8
      vertex 22 0 2.8
    endloop
  endfacet
  facet normal 0 0 -1
    outer loop
      vertex 20.7664 -1.33939 2.8
      vertex 22.1522 -0.765367 2.8
      vertex 20.9689 -1.75 2.8
    endloop
  endfacet
  facet normal -0 0 -1
    outer loop
      vertex 22.1522 -0.765367 2.8
      vertex 20.7664 -1.33939 2.8
      vertex 22.0681 -0.517637 2.8
    endloop
  endfacet
  facet normal 0 0 -1
    outer loop
      vertex 22.5858 1.41421 2.8
      vertex 21.5251 2.47487 2.8
      vertex 21.8693 2.77674 2.8
    endloop
  endfacet
  facet normal 0 0 -1
    outer loop
      vertex 20.6193 -0.905867 2.8
      vertex 22.0681 -0.517637 2.8
      vertex 20.7664 -1.33939 2.8
    endloop
  endfacet
  facet normal 0 0 -1
    outer loop
      vertex 22.4133 1.21752 2.8
      vertex 21.2233 2.13066 2.8
      vertex 21.5251 2.47487 2.8
    endloop
  endfacet
  facet normal -0 0 -1
    outer loop
      vertex 22.0681 -0.517637 2.8
      vertex 20.6193 -0.905867 2.8
      vertex 22.0171 -0.261052 2.8
    endloop
  endfacet
  facet normal 0 0 -1
    outer loop
      vertex 22.268 1 2.8
      vertex 20.9689 1.75 2.8
      vertex 21.2233 2.13066 2.8
    endloop
  endfacet
  facet normal 0 0 -1
    outer loop
      vertex 20.5299 -0.456841 2.8
      vertex 22.0171 -0.261052 2.8
      vertex 20.6193 -0.905867 2.8
    endloop
  endfacet
  facet normal 0 0 -1
    outer loop
      vertex 22.1522 0.765367 2.8
      vertex 20.7664 1.33939 2.8
      vertex 20.9689 1.75 2.8
    endloop
  endfacet
  facet normal -0 0 -1
    outer loop
      vertex 22.0171 -0.261052 2.8
      vertex 20.5299 -0.456841 2.8
      vertex 22 0 2.8
    endloop
  endfacet
  facet normal 0 0 -1
    outer loop
      vertex 22.0681 0.517637 2.8
      vertex 20.6193 0.905867 2.8
      vertex 20.7664 1.33939 2.8
    endloop
  endfacet
  facet normal 0 0 -1
    outer loop
      vertex 20.5 0 2.8
      vertex 22 0 2.8
      vertex 20.5299 -0.456841 2.8
    endloop
  endfacet
  facet normal 0 0 -1
    outer loop
      vertex 22.0171 0.261052 2.8
      vertex 20.5299 0.456841 2.8
      vertex 20.6193 0.905867 2.8
    endloop
  endfacet
  facet normal 0 0 -1
    outer loop
      vertex 22 0 2.8
      vertex 20.5 0 2.8
      vertex 20.5299 0.456841 2.8
    endloop
  endfacet
  facet normal 0.980751 0.195265 0
    outer loop
      vertex 27.4701 0.456841 5.8
      vertex 27.3807 0.905867 2.8
      vertex 27.3807 0.905867 5.8
    endloop
  endfacet
  facet normal 0.980751 0.195265 0
    outer loop
      vertex 27.3807 0.905867 2.8
      vertex 27.4701 0.456841 5.8
      vertex 27.4701 0.456841 2.8
    endloop
  endfacet
  facet normal 0.997865 0.0653097 0
    outer loop
      vertex 27.5 0 5.8
      vertex 27.4701 0.456841 2.8
      vertex 27.4701 0.456841 5.8
    endloop
  endfacet
  facet normal 0.997865 0.0653097 0
    outer loop
      vertex 27.4701 0.456841 2.8
      vertex 27.5 0 5.8
      vertex 27.5 0 2.8
    endloop
  endfacet
  facet normal 0.321452 -0.946926 0
    outer loop
      vertex 24.9059 -3.38074 2.8
      vertex 25.3394 -3.23358 5.8
      vertex 24.9059 -3.38074 5.8
    endloop
  endfacet
  facet normal 0.321452 -0.946926 0
    outer loop
      vertex 25.3394 -3.23358 5.8
      vertex 24.9059 -3.38074 2.8
      vertex 25.3394 -3.23358 2.8
    endloop
  endfacet
  facet normal 0.831418 0.555647 0
    outer loop
      vertex 27.0311 1.75 5.8
      vertex 26.7767 2.13066 2.8
      vertex 26.7767 2.13066 5.8
    endloop
  endfacet
  facet normal 0.831418 0.555647 0
    outer loop
      vertex 26.7767 2.13066 2.8
      vertex 27.0311 1.75 5.8
      vertex 27.0311 1.75 2.8
    endloop
  endfacet
  facet normal -0.896864 0.442305 0
    outer loop
      vertex 20.7664 1.33939 2.8
      vertex 20.9689 1.75 5.8
      vertex 20.9689 1.75 2.8
    endloop
  endfacet
  facet normal -0.896864 0.442305 0
    outer loop
      vertex 20.9689 1.75 5.8
      vertex 20.7664 1.33939 2.8
      vertex 20.7664 1.33939 5.8
    endloop
  endfacet
  facet normal -0.555532 0.831495 0
    outer loop
      vertex 22.25 3.03109 2.8
      vertex 21.8693 2.77674 5.8
      vertex 22.25 3.03109 5.8
    endloop
  endfacet
  facet normal -0.555532 0.831495 0
    outer loop
      vertex 21.8693 2.77674 5.8
      vertex 22.25 3.03109 2.8
      vertex 21.8693 2.77674 2.8
    endloop
  endfacet
  facet normal -0.659364 0.751824 0
    outer loop
      vertex 21.8693 2.77674 2.8
      vertex 21.5251 2.47487 5.8
      vertex 21.8693 2.77674 5.8
    endloop
  endfacet
  facet normal -0.659364 0.751824 0
    outer loop
      vertex 21.5251 2.47487 5.8
      vertex 21.8693 2.77674 2.8
      vertex 21.5251 2.47487 2.8
    endloop
  endfacet
  facet normal -0.751909 0.659267 0
    outer loop
      vertex 21.2233 2.13066 2.8
      vertex 21.5251 2.47487 5.8
      vertex 21.5251 2.47487 2.8
    endloop
  endfacet
  facet normal -0.751909 0.659267 0
    outer loop
      vertex 21.5251 2.47487 5.8
      vertex 21.2233 2.13066 2.8
      vertex 21.2233 2.13066 5.8
    endloop
  endfacet
  facet normal 0.946971 -0.32132 0
    outer loop
      vertex 27.2336 -1.33939 5.8
      vertex 27.3807 -0.905867 2.8
      vertex 27.3807 -0.905867 5.8
    endloop
  endfacet
  facet normal 0.946971 -0.32132 0
    outer loop
      vertex 27.3807 -0.905867 2.8
      vertex 27.2336 -1.33939 5.8
      vertex 27.2336 -1.33939 2.8
    endloop
  endfacet
  facet normal -0.997865 0.0653097 0
    outer loop
      vertex 20.5 0 2.8
      vertex 20.5299 0.456841 5.8
      vertex 20.5299 0.456841 2.8
    endloop
  endfacet
  facet normal -0.997865 0.0653097 0
    outer loop
      vertex 20.5299 0.456841 5.8
      vertex 20.5 0 2.8
      vertex 20.5 0 5.8
    endloop
  endfacet
  facet normal 0.555532 0.831495 -0
    outer loop
      vertex 26.1307 2.77674 2.8
      vertex 25.75 3.03109 5.8
      vertex 26.1307 2.77674 5.8
    endloop
  endfacet
  facet normal 0.555532 0.831495 0
    outer loop
      vertex 25.75 3.03109 5.8
      vertex 26.1307 2.77674 2.8
      vertex 25.75 3.03109 2.8
    endloop
  endfacet
  facet normal -0.321452 -0.946926 0
    outer loop
      vertex 22.6606 -3.23358 2.8
      vertex 23.0941 -3.38074 5.8
      vertex 22.6606 -3.23358 5.8
    endloop
  endfacet
  facet normal -0.321452 -0.946926 -0
    outer loop
      vertex 23.0941 -3.38074 5.8
      vertex 22.6606 -3.23358 2.8
      vertex 23.0941 -3.38074 2.8
    endloop
  endfacet
  facet normal -0.751909 -0.659267 0
    outer loop
      vertex 21.5251 -2.47487 2.8
      vertex 21.2233 -2.13066 5.8
      vertex 21.2233 -2.13066 2.8
    endloop
  endfacet
  facet normal -0.751909 -0.659267 0
    outer loop
      vertex 21.2233 -2.13066 5.8
      vertex 21.5251 -2.47487 2.8
      vertex 21.5251 -2.47487 5.8
    endloop
  endfacet
  facet normal 0.195066 -0.98079 0
    outer loop
      vertex 24.4568 -3.47006 2.8
      vertex 24.9059 -3.38074 5.8
      vertex 24.4568 -3.47006 5.8
    endloop
  endfacet
  facet normal 0.195066 -0.98079 0
    outer loop
      vertex 24.9059 -3.38074 5.8
      vertex 24.4568 -3.47006 2.8
      vertex 24.9059 -3.38074 2.8
    endloop
  endfacet
  facet normal -0.321452 0.946926 0
    outer loop
      vertex 23.0941 3.38074 2.8
      vertex 22.6606 3.23358 5.8
      vertex 23.0941 3.38074 5.8
    endloop
  endfacet
  facet normal -0.321452 0.946926 0
    outer loop
      vertex 22.6606 3.23358 5.8
      vertex 23.0941 3.38074 2.8
      vertex 22.6606 3.23358 2.8
    endloop
  endfacet
  facet normal -0.831418 -0.555647 0
    outer loop
      vertex 21.2233 -2.13066 2.8
      vertex 20.9689 -1.75 5.8
      vertex 20.9689 -1.75 2.8
    endloop
  endfacet
  facet normal -0.831418 -0.555647 0
    outer loop
      vertex 20.9689 -1.75 5.8
      vertex 21.2233 -2.13066 2.8
      vertex 21.2233 -2.13066 5.8
    endloop
  endfacet
  facet normal 0.555532 -0.831495 0
    outer loop
      vertex 25.75 -3.03109 2.8
      vertex 26.1307 -2.77674 5.8
      vertex 25.75 -3.03109 5.8
    endloop
  endfacet
  facet normal 0.555532 -0.831495 0
    outer loop
      vertex 26.1307 -2.77674 5.8
      vertex 25.75 -3.03109 2.8
      vertex 26.1307 -2.77674 2.8
    endloop
  endfacet
  facet normal -0.946971 0.32132 0
    outer loop
      vertex 20.6193 0.905867 2.8
      vertex 20.7664 1.33939 5.8
      vertex 20.7664 1.33939 2.8
    endloop
  endfacet
  facet normal -0.946971 0.32132 0
    outer loop
      vertex 20.7664 1.33939 5.8
      vertex 20.6193 0.905867 2.8
      vertex 20.6193 0.905867 5.8
    endloop
  endfacet
  facet normal 0.321452 0.946926 -0
    outer loop
      vertex 25.3394 3.23358 2.8
      vertex 24.9059 3.38074 5.8
      vertex 25.3394 3.23358 5.8
    endloop
  endfacet
  facet normal 0.321452 0.946926 0
    outer loop
      vertex 24.9059 3.38074 5.8
      vertex 25.3394 3.23358 2.8
      vertex 24.9059 3.38074 2.8
    endloop
  endfacet
  facet normal 0.0654026 0.997859 -0
    outer loop
      vertex 24.4568 3.47006 2.8
      vertex 24 3.5 5.8
      vertex 24.4568 3.47006 5.8
    endloop
  endfacet
  facet normal 0.0654026 0.997859 0
    outer loop
      vertex 24 3.5 5.8
      vertex 24.4568 3.47006 2.8
      vertex 24 3.5 2.8
    endloop
  endfacet
  facet normal -0.442297 0.896869 0
    outer loop
      vertex 22.6606 3.23358 2.8
      vertex 22.25 3.03109 5.8
      vertex 22.6606 3.23358 5.8
    endloop
  endfacet
  facet normal -0.442297 0.896869 0
    outer loop
      vertex 22.25 3.03109 5.8
      vertex 22.6606 3.23358 2.8
      vertex 22.25 3.03109 2.8
    endloop
  endfacet
  facet normal 0.831418 -0.555647 0
    outer loop
      vertex 26.7767 -2.13066 5.8
      vertex 27.0311 -1.75 2.8
      vertex 27.0311 -1.75 5.8
    endloop
  endfacet
  facet normal 0.831418 -0.555647 0
    outer loop
      vertex 27.0311 -1.75 2.8
      vertex 26.7767 -2.13066 5.8
      vertex 26.7767 -2.13066 2.8
    endloop
  endfacet
  facet normal -0.997865 -0.0653097 0
    outer loop
      vertex 20.5299 -0.456841 2.8
      vertex 20.5 0 5.8
      vertex 20.5 0 2.8
    endloop
  endfacet
  facet normal -0.997865 -0.0653097 0
    outer loop
      vertex 20.5 0 5.8
      vertex 20.5299 -0.456841 2.8
      vertex 20.5299 -0.456841 5.8
    endloop
  endfacet
  facet normal -0.946971 -0.32132 0
    outer loop
      vertex 20.7664 -1.33939 2.8
      vertex 20.6193 -0.905867 5.8
      vertex 20.6193 -0.905867 2.8
    endloop
  endfacet
  facet normal -0.946971 -0.32132 0
    outer loop
      vertex 20.6193 -0.905867 5.8
      vertex 20.7664 -1.33939 2.8
      vertex 20.7664 -1.33939 5.8
    endloop
  endfacet
  facet normal -0.659364 -0.751824 0
    outer loop
      vertex 21.5251 -2.47487 2.8
      vertex 21.8693 -2.77674 5.8
      vertex 21.5251 -2.47487 5.8
    endloop
  endfacet
  facet normal -0.659364 -0.751824 -0
    outer loop
      vertex 21.8693 -2.77674 5.8
      vertex 21.5251 -2.47487 2.8
      vertex 21.8693 -2.77674 2.8
    endloop
  endfacet
  facet normal 0.442297 0.896869 -0
    outer loop
      vertex 25.75 3.03109 2.8
      vertex 25.3394 3.23358 5.8
      vertex 25.75 3.03109 5.8
    endloop
  endfacet
  facet normal 0.442297 0.896869 0
    outer loop
      vertex 25.3394 3.23358 5.8
      vertex 25.75 3.03109 2.8
      vertex 25.3394 3.23358 2.8
    endloop
  endfacet
  facet normal -0.195066 0.98079 0
    outer loop
      vertex 23.5432 3.47006 2.8
      vertex 23.0941 3.38074 5.8
      vertex 23.5432 3.47006 5.8
    endloop
  endfacet
  facet normal -0.195066 0.98079 0
    outer loop
      vertex 23.0941 3.38074 5.8
      vertex 23.5432 3.47006 2.8
      vertex 23.0941 3.38074 2.8
    endloop
  endfacet
  facet normal 0.751909 0.659267 0
    outer loop
      vertex 26.7767 2.13066 5.8
      vertex 26.4749 2.47487 2.8
      vertex 26.4749 2.47487 5.8
    endloop
  endfacet
  facet normal 0.751909 0.659267 0
    outer loop
      vertex 26.4749 2.47487 2.8
      vertex 26.7767 2.13066 5.8
      vertex 26.7767 2.13066 2.8
    endloop
  endfacet
  facet normal 0.195066 0.98079 -0
    outer loop
      vertex 24.9059 3.38074 2.8
      vertex 24.4568 3.47006 5.8
      vertex 24.9059 3.38074 5.8
    endloop
  endfacet
  facet normal 0.195066 0.98079 0
    outer loop
      vertex 24.4568 3.47006 5.8
      vertex 24.9059 3.38074 2.8
      vertex 24.4568 3.47006 2.8
    endloop
  endfacet
  facet normal 0.751909 -0.659267 0
    outer loop
      vertex 26.4749 -2.47487 5.8
      vertex 26.7767 -2.13066 2.8
      vertex 26.7767 -2.13066 5.8
    endloop
  endfacet
  facet normal 0.751909 -0.659267 0
    outer loop
      vertex 26.7767 -2.13066 2.8
      vertex 26.4749 -2.47487 5.8
      vertex 26.4749 -2.47487 2.8
    endloop
  endfacet
  facet normal -0.442297 -0.896869 0
    outer loop
      vertex 22.25 -3.03109 2.8
      vertex 22.6606 -3.23358 5.8
      vertex 22.25 -3.03109 5.8
    endloop
  endfacet
  facet normal -0.442297 -0.896869 -0
    outer loop
      vertex 22.6606 -3.23358 5.8
      vertex 22.25 -3.03109 2.8
      vertex 22.6606 -3.23358 2.8
    endloop
  endfacet
  facet normal -0.980751 0.195265 0
    outer loop
      vertex 20.5299 0.456841 2.8
      vertex 20.6193 0.905867 5.8
      vertex 20.6193 0.905867 2.8
    endloop
  endfacet
  facet normal -0.980751 0.195265 0
    outer loop
      vertex 20.6193 0.905867 5.8
      vertex 20.5299 0.456841 2.8
      vertex 20.5299 0.456841 5.8
    endloop
  endfacet
  facet normal 0.0654026 -0.997859 0
    outer loop
      vertex 24 -3.5 2.8
      vertex 24.4568 -3.47006 5.8
      vertex 24 -3.5 5.8
    endloop
  endfacet
  facet normal 0.0654026 -0.997859 0
    outer loop
      vertex 24.4568 -3.47006 5.8
      vertex 24 -3.5 2.8
      vertex 24.4568 -3.47006 2.8
    endloop
  endfacet
  facet normal 0.442297 -0.896869 0
    outer loop
      vertex 25.3394 -3.23358 2.8
      vertex 25.75 -3.03109 5.8
      vertex 25.3394 -3.23358 5.8
    endloop
  endfacet
  facet normal 0.442297 -0.896869 0
    outer loop
      vertex 25.75 -3.03109 5.8
      vertex 25.3394 -3.23358 2.8
      vertex 25.75 -3.03109 2.8
    endloop
  endfacet
  facet normal 0.659364 -0.751824 0
    outer loop
      vertex 26.1307 -2.77674 2.8
      vertex 26.4749 -2.47487 5.8
      vertex 26.1307 -2.77674 5.8
    endloop
  endfacet
  facet normal 0.659364 -0.751824 0
    outer loop
      vertex 26.4749 -2.47487 5.8
      vertex 26.1307 -2.77674 2.8
      vertex 26.4749 -2.47487 2.8
    endloop
  endfacet
  facet normal -0.896864 -0.442305 0
    outer loop
      vertex 20.9689 -1.75 2.8
      vertex 20.7664 -1.33939 5.8
      vertex 20.7664 -1.33939 2.8
    endloop
  endfacet
  facet normal -0.896864 -0.442305 0
    outer loop
      vertex 20.7664 -1.33939 5.8
      vertex 20.9689 -1.75 2.8
      vertex 20.9689 -1.75 5.8
    endloop
  endfacet
  facet normal 0.896864 -0.442305 0
    outer loop
      vertex 27.0311 -1.75 5.8
      vertex 27.2336 -1.33939 2.8
      vertex 27.2336 -1.33939 5.8
    endloop
  endfacet
  facet normal 0.896864 -0.442305 0
    outer loop
      vertex 27.2336 -1.33939 2.8
      vertex 27.0311 -1.75 5.8
      vertex 27.0311 -1.75 2.8
    endloop
  endfacet
  facet normal 0.659364 0.751824 -0
    outer loop
      vertex 26.4749 2.47487 2.8
      vertex 26.1307 2.77674 5.8
      vertex 26.4749 2.47487 5.8
    endloop
  endfacet
  facet normal 0.659364 0.751824 0
    outer loop
      vertex 26.1307 2.77674 5.8
      vertex 26.4749 2.47487 2.8
      vertex 26.1307 2.77674 2.8
    endloop
  endfacet
  facet normal 0.997865 -0.0653097 0
    outer loop
      vertex 27.4701 -0.456841 5.8
      vertex 27.5 0 2.8
      vertex 27.5 0 5.8
    endloop
  endfacet
  facet normal 0.997865 -0.0653097 0
    outer loop
      vertex 27.5 0 2.8
      vertex 27.4701 -0.456841 5.8
      vertex 27.4701 -0.456841 2.8
    endloop
  endfacet
  facet normal -0.555532 -0.831495 0
    outer loop
      vertex 21.8693 -2.77674 2.8
      vertex 22.25 -3.03109 5.8
      vertex 21.8693 -2.77674 5.8
    endloop
  endfacet
  facet normal -0.555532 -0.831495 -0
    outer loop
      vertex 22.25 -3.03109 5.8
      vertex 21.8693 -2.77674 2.8
      vertex 22.25 -3.03109 2.8
    endloop
  endfacet
  facet normal 0.896864 0.442305 0
    outer loop
      vertex 27.2336 1.33939 5.8
      vertex 27.0311 1.75 2.8
      vertex 27.0311 1.75 5.8
    endloop
  endfacet
  facet normal 0.896864 0.442305 0
    outer loop
      vertex 27.0311 1.75 2.8
      vertex 27.2336 1.33939 5.8
      vertex 27.2336 1.33939 2.8
    endloop
  endfacet
  facet normal 0.980751 -0.195265 0
    outer loop
      vertex 27.3807 -0.905867 5.8
      vertex 27.4701 -0.456841 2.8
      vertex 27.4701 -0.456841 5.8
    endloop
  endfacet
  facet normal 0.980751 -0.195265 0
    outer loop
      vertex 27.4701 -0.456841 2.8
      vertex 27.3807 -0.905867 5.8
      vertex 27.3807 -0.905867 2.8
    endloop
  endfacet
  facet normal 0.946971 0.32132 0
    outer loop
      vertex 27.3807 0.905867 5.8
      vertex 27.2336 1.33939 2.8
      vertex 27.2336 1.33939 5.8
    endloop
  endfacet
  facet normal 0.946971 0.32132 0
    outer loop
      vertex 27.2336 1.33939 2.8
      vertex 27.3807 0.905867 5.8
      vertex 27.3807 0.905867 2.8
    endloop
  endfacet
  facet normal -0.0654026 0.997859 0
    outer loop
      vertex 24 3.5 2.8
      vertex 23.5432 3.47006 5.8
      vertex 24 3.5 5.8
    endloop
  endfacet
  facet normal -0.0654026 0.997859 0
    outer loop
      vertex 23.5432 3.47006 5.8
      vertex 24 3.5 2.8
      vertex 23.5432 3.47006 2.8
    endloop
  endfacet
  facet normal -0.980751 -0.195265 0
    outer loop
      vertex 20.6193 -0.905867 2.8
      vertex 20.5299 -0.456841 5.8
      vertex 20.5299 -0.456841 2.8
    endloop
  endfacet
  facet normal -0.980751 -0.195265 0
    outer loop
      vertex 20.5299 -0.456841 5.8
      vertex 20.6193 -0.905867 2.8
      vertex 20.6193 -0.905867 5.8
    endloop
  endfacet
  facet normal 0 0 1
    outer loop
      vertex 25.225 0 5.8
      vertex 27.5 0 5.8
      vertex 27.4701 0.456841 5.8
    endloop
  endfacet
  facet normal 0 0 1
    outer loop
      vertex 25.2145 0.159894 5.8
      vertex 27.4701 0.456841 5.8
      vertex 27.3807 0.905867 5.8
    endloop
  endfacet
  facet normal 0 0 1
    outer loop
      vertex 27.5 0 5.8
      vertex 25.225 0 5.8
      vertex 27.4701 -0.456841 5.8
    endloop
  endfacet
  facet normal 0 0 1
    outer loop
      vertex 25.1833 0.317053 5.8
      vertex 27.3807 0.905867 5.8
      vertex 27.2336 1.33939 5.8
    endloop
  endfacet
  facet normal -0 0 1
    outer loop
      vertex 25.2145 -0.159894 5.8
      vertex 27.4701 -0.456841 5.8
      vertex 25.225 0 5.8
    endloop
  endfacet
  facet normal 0 0 1
    outer loop
      vertex 25.1318 0.468787 5.8
      vertex 27.2336 1.33939 5.8
      vertex 27.0311 1.75 5.8
    endloop
  endfacet
  facet normal 0 0 1
    outer loop
      vertex 27.4701 -0.456841 5.8
      vertex 25.2145 -0.159894 5.8
      vertex 27.3807 -0.905867 5.8
    endloop
  endfacet
  facet normal 0 0 1
    outer loop
      vertex 25.0609 0.612499 5.8
      vertex 27.0311 1.75 5.8
      vertex 26.7767 2.13066 5.8
    endloop
  endfacet
  facet normal -0 0 1
    outer loop
      vertex 25.1833 -0.317053 5.8
      vertex 27.3807 -0.905867 5.8
      vertex 25.2145 -0.159894 5.8
    endloop
  endfacet
  facet normal 0 0 1
    outer loop
      vertex 24.9719 0.745732 5.8
      vertex 26.7767 2.13066 5.8
      vertex 26.4749 2.47487 5.8
    endloop
  endfacet
  facet normal 0 0 1
    outer loop
      vertex 27.3807 -0.905867 5.8
      vertex 25.1833 -0.317053 5.8
      vertex 27.2336 -1.33939 5.8
    endloop
  endfacet
  facet normal 0 0 1
    outer loop
      vertex 24.8662 0.866205 5.8
      vertex 26.4749 2.47487 5.8
      vertex 26.1307 2.77674 5.8
    endloop
  endfacet
  facet normal -0 0 1
    outer loop
      vertex 25.1318 -0.468787 5.8
      vertex 27.2336 -1.33939 5.8
      vertex 25.1833 -0.317053 5.8
    endloop
  endfacet
  facet normal 0 0 1
    outer loop
      vertex 24.7457 0.971857 5.8
      vertex 26.1307 2.77674 5.8
      vertex 25.75 3.03109 5.8
    endloop
  endfacet
  facet normal 0 0 1
    outer loop
      vertex 27.2336 -1.33939 5.8
      vertex 25.1318 -0.468787 5.8
      vertex 27.0311 -1.75 5.8
    endloop
  endfacet
  facet normal 0 0 1
    outer loop
      vertex 24.6125 1.06088 5.8
      vertex 25.75 3.03109 5.8
      vertex 25.3394 3.23358 5.8
    endloop
  endfacet
  facet normal -0 0 1
    outer loop
      vertex 25.0609 -0.612499 5.8
      vertex 27.0311 -1.75 5.8
      vertex 25.1318 -0.468787 5.8
    endloop
  endfacet
  facet normal 0 0 1
    outer loop
      vertex 27.0311 -1.75 5.8
      vertex 25.0609 -0.612499 5.8
      vertex 26.7767 -2.13066 5.8
    endloop
  endfacet
  facet normal 0 0 1
    outer loop
      vertex 27.4701 0.456841 5.8
      vertex 25.2145 0.159894 5.8
      vertex 25.225 0 5.8
    endloop
  endfacet
  facet normal 0 0 1
    outer loop
      vertex 27.3807 0.905867 5.8
      vertex 25.1833 0.317053 5.8
      vertex 25.2145 0.159894 5.8
    endloop
  endfacet
  facet normal 0 0 1
    outer loop
      vertex 27.2336 1.33939 5.8
      vertex 25.1318 0.468787 5.8
      vertex 25.1833 0.317053 5.8
    endloop
  endfacet
  facet normal 0 0 1
    outer loop
      vertex 27.0311 1.75 5.8
      vertex 25.0609 0.612499 5.8
      vertex 25.1318 0.468787 5.8
    endloop
  endfacet
  facet normal 0 0 1
    outer loop
      vertex 26.7767 2.13066 5.8
      vertex 24.9719 0.745732 5.8
      vertex 25.0609 0.612499 5.8
    endloop
  endfacet
  facet normal 0 0 1
    outer loop
      vertex 24.4688 1.13175 5.8
      vertex 25.3394 3.23358 5.8
      vertex 24.9059 3.38074 5.8
    endloop
  endfacet
  facet normal 0 0 1
    outer loop
      vertex 26.4749 2.47487 5.8
      vertex 24.8662 0.866205 5.8
      vertex 24.9719 0.745732 5.8
    endloop
  endfacet
  facet normal 0 0 1
    outer loop
      vertex 26.1307 2.77674 5.8
      vertex 24.7457 0.971857 5.8
      vertex 24.8662 0.866205 5.8
    endloop
  endfacet
  facet normal 0 0 1
    outer loop
      vertex 25.75 3.03109 5.8
      vertex 24.6125 1.06088 5.8
      vertex 24.7457 0.971857 5.8
    endloop
  endfacet
  facet normal 0 0 1
    outer loop
      vertex 25.3394 3.23358 5.8
      vertex 24.4688 1.13175 5.8
      vertex 24.6125 1.06088 5.8
    endloop
  endfacet
  facet normal 0 0 1
    outer loop
      vertex 24.3171 1.18326 5.8
      vertex 24.9059 3.38074 5.8
      vertex 24.4568 3.47006 5.8
    endloop
  endfacet
  facet normal 0 0 1
    outer loop
      vertex 24.9059 3.38074 5.8
      vertex 24.3171 1.18326 5.8
      vertex 24.4688 1.13175 5.8
    endloop
  endfacet
  facet normal 0 0 1
    outer loop
      vertex 24.4568 3.47006 5.8
      vertex 24.1599 1.21452 5.8
      vertex 24.3171 1.18326 5.8
    endloop
  endfacet
  facet normal 0 0 1
    outer loop
      vertex 24 3.5 5.8
      vertex 24.1599 1.21452 5.8
      vertex 24.4568 3.47006 5.8
    endloop
  endfacet
  facet normal 0 0 1
    outer loop
      vertex 24 3.5 5.8
      vertex 24 1.225 5.8
      vertex 24.1599 1.21452 5.8
    endloop
  endfacet
  facet normal 0 0 1
    outer loop
      vertex 24 3.5 5.8
      vertex 23.8401 1.21452 5.8
      vertex 24 1.225 5.8
    endloop
  endfacet
  facet normal -0 0 1
    outer loop
      vertex 23.5432 3.47006 5.8
      vertex 23.8401 1.21452 5.8
      vertex 24 3.5 5.8
    endloop
  endfacet
  facet normal 0 0 1
    outer loop
      vertex 23.8401 1.21452 5.8
      vertex 23.5432 3.47006 5.8
      vertex 23.6829 1.18326 5.8
    endloop
  endfacet
  facet normal -0 0 1
    outer loop
      vertex 23.0941 3.38074 5.8
      vertex 23.6829 1.18326 5.8
      vertex 23.5432 3.47006 5.8
    endloop
  endfacet
  facet normal 0 0 1
    outer loop
      vertex 23.6829 1.18326 5.8
      vertex 23.0941 3.38074 5.8
      vertex 23.5312 1.13175 5.8
    endloop
  endfacet
  facet normal -0 0 1
    outer loop
      vertex 22.6606 3.23358 5.8
      vertex 23.5312 1.13175 5.8
      vertex 23.0941 3.38074 5.8
    endloop
  endfacet
  facet normal 0 0 1
    outer loop
      vertex 23.5312 1.13175 5.8
      vertex 22.6606 3.23358 5.8
      vertex 23.3875 1.06088 5.8
    endloop
  endfacet
  facet normal -0 0 1
    outer loop
      vertex 22.25 3.03109 5.8
      vertex 23.3875 1.06088 5.8
      vertex 22.6606 3.23358 5.8
    endloop
  endfacet
  facet normal 0 0 1
    outer loop
      vertex 23.3875 1.06088 5.8
      vertex 22.25 3.03109 5.8
      vertex 23.2543 0.971857 5.8
    endloop
  endfacet
  facet normal -0 0 1
    outer loop
      vertex 21.8693 2.77674 5.8
      vertex 23.2543 0.971857 5.8
      vertex 22.25 3.03109 5.8
    endloop
  endfacet
  facet normal 0 0 1
    outer loop
      vertex 23.2543 0.971857 5.8
      vertex 21.8693 2.77674 5.8
      vertex 23.1338 0.866205 5.8
    endloop
  endfacet
  facet normal -0 0 1
    outer loop
      vertex 21.5251 2.47487 5.8
      vertex 23.1338 0.866205 5.8
      vertex 21.8693 2.77674 5.8
    endloop
  endfacet
  facet normal 0 0 1
    outer loop
      vertex 23.1338 0.866205 5.8
      vertex 21.5251 2.47487 5.8
      vertex 23.0281 0.745732 5.8
    endloop
  endfacet
  facet normal 0 0 1
    outer loop
      vertex 23.0281 0.745732 5.8
      vertex 21.2233 2.13066 5.8
      vertex 22.9391 0.612499 5.8
    endloop
  endfacet
  facet normal -0 0 1
    outer loop
      vertex 21.2233 2.13066 5.8
      vertex 23.0281 0.745732 5.8
      vertex 21.5251 2.47487 5.8
    endloop
  endfacet
  facet normal -0 0 1
    outer loop
      vertex 24.9719 -0.745732 5.8
      vertex 26.7767 -2.13066 5.8
      vertex 25.0609 -0.612499 5.8
    endloop
  endfacet
  facet normal 0 0 1
    outer loop
      vertex 26.7767 -2.13066 5.8
      vertex 24.9719 -0.745732 5.8
      vertex 26.4749 -2.47487 5.8
    endloop
  endfacet
  facet normal -0 0 1
    outer loop
      vertex 24.8662 -0.866205 5.8
      vertex 26.4749 -2.47487 5.8
      vertex 24.9719 -0.745732 5.8
    endloop
  endfacet
  facet normal 0 0 1
    outer loop
      vertex 26.4749 -2.47487 5.8
      vertex 24.8662 -0.866205 5.8
      vertex 26.1307 -2.77674 5.8
    endloop
  endfacet
  facet normal -0 0 1
    outer loop
      vertex 24.7457 -0.971857 5.8
      vertex 26.1307 -2.77674 5.8
      vertex 24.8662 -0.866205 5.8
    endloop
  endfacet
  facet normal 0 0 1
    outer loop
      vertex 26.1307 -2.77674 5.8
      vertex 24.7457 -0.971857 5.8
      vertex 25.75 -3.03109 5.8
    endloop
  endfacet
  facet normal -0 0 1
    outer loop
      vertex 24.6125 -1.06088 5.8
      vertex 25.75 -3.03109 5.8
      vertex 24.7457 -0.971857 5.8
    endloop
  endfacet
  facet normal 0 0 1
    outer loop
      vertex 25.75 -3.03109 5.8
      vertex 24.6125 -1.06088 5.8
      vertex 25.3394 -3.23358 5.8
    endloop
  endfacet
  facet normal -0 0 1
    outer loop
      vertex 24.4688 -1.13175 5.8
      vertex 25.3394 -3.23358 5.8
      vertex 24.6125 -1.06088 5.8
    endloop
  endfacet
  facet normal 0 0 1
    outer loop
      vertex 25.3394 -3.23358 5.8
      vertex 24.4688 -1.13175 5.8
      vertex 24.9059 -3.38074 5.8
    endloop
  endfacet
  facet normal -0 0 1
    outer loop
      vertex 24.3171 -1.18326 5.8
      vertex 24.9059 -3.38074 5.8
      vertex 24.4688 -1.13175 5.8
    endloop
  endfacet
  facet normal 0 0 1
    outer loop
      vertex 24.9059 -3.38074 5.8
      vertex 24.3171 -1.18326 5.8
      vertex 24.4568 -3.47006 5.8
    endloop
  endfacet
  facet normal -0 0 1
    outer loop
      vertex 24.1599 -1.21452 5.8
      vertex 24.4568 -3.47006 5.8
      vertex 24.3171 -1.18326 5.8
    endloop
  endfacet
  facet normal -0 0 1
    outer loop
      vertex 24 -1.225 5.8
      vertex 24.4568 -3.47006 5.8
      vertex 24.1599 -1.21452 5.8
    endloop
  endfacet
  facet normal 0 0 1
    outer loop
      vertex 24 -1.225 5.8
      vertex 24 -3.5 5.8
      vertex 24.4568 -3.47006 5.8
    endloop
  endfacet
  facet normal 0 0 1
    outer loop
      vertex 23.8401 -1.21452 5.8
      vertex 24 -3.5 5.8
      vertex 24 -1.225 5.8
    endloop
  endfacet
  facet normal 0 0 1
    outer loop
      vertex 23.5432 -3.47006 5.8
      vertex 23.8401 -1.21452 5.8
      vertex 23.6829 -1.18326 5.8
    endloop
  endfacet
  facet normal 0 0 1
    outer loop
      vertex 23.8401 -1.21452 5.8
      vertex 23.5432 -3.47006 5.8
      vertex 24 -3.5 5.8
    endloop
  endfacet
  facet normal 0 0 1
    outer loop
      vertex 23.0941 -3.38074 5.8
      vertex 23.6829 -1.18326 5.8
      vertex 23.5312 -1.13175 5.8
    endloop
  endfacet
  facet normal 0 0 1
    outer loop
      vertex 22.6606 -3.23358 5.8
      vertex 23.5312 -1.13175 5.8
      vertex 23.3875 -1.06088 5.8
    endloop
  endfacet
  facet normal 0 0 1
    outer loop
      vertex 22.25 -3.03109 5.8
      vertex 23.3875 -1.06088 5.8
      vertex 23.2543 -0.971857 5.8
    endloop
  endfacet
  facet normal 0 0 1
    outer loop
      vertex 21.8693 -2.77674 5.8
      vertex 23.2543 -0.971857 5.8
      vertex 23.1338 -0.866205 5.8
    endloop
  endfacet
  facet normal 0 0 1
    outer loop
      vertex 23.6829 -1.18326 5.8
      vertex 23.0941 -3.38074 5.8
      vertex 23.5432 -3.47006 5.8
    endloop
  endfacet
  facet normal 0 0 1
    outer loop
      vertex 21.5251 -2.47487 5.8
      vertex 23.1338 -0.866205 5.8
      vertex 23.0281 -0.745732 5.8
    endloop
  endfacet
  facet normal 0 0 1
    outer loop
      vertex 21.2233 -2.13066 5.8
      vertex 23.0281 -0.745732 5.8
      vertex 22.9391 -0.612499 5.8
    endloop
  endfacet
  facet normal 0 0 1
    outer loop
      vertex 20.9689 -1.75 5.8
      vertex 22.9391 -0.612499 5.8
      vertex 22.8682 -0.468787 5.8
    endloop
  endfacet
  facet normal 0 0 1
    outer loop
      vertex 20.7664 -1.33939 5.8
      vertex 22.8682 -0.468787 5.8
      vertex 22.8167 -0.317053 5.8
    endloop
  endfacet
  facet normal 0 0 1
    outer loop
      vertex 20.6193 -0.905867 5.8
      vertex 22.8167 -0.317053 5.8
      vertex 22.7855 -0.159894 5.8
    endloop
  endfacet
  facet normal 0 0 1
    outer loop
      vertex 23.5312 -1.13175 5.8
      vertex 22.6606 -3.23358 5.8
      vertex 23.0941 -3.38074 5.8
    endloop
  endfacet
  facet normal 0 0 1
    outer loop
      vertex 20.5299 -0.456841 5.8
      vertex 22.7855 -0.159894 5.8
      vertex 22.775 0 5.8
    endloop
  endfacet
  facet normal -0 0 1
    outer loop
      vertex 20.9689 1.75 5.8
      vertex 22.9391 0.612499 5.8
      vertex 21.2233 2.13066 5.8
    endloop
  endfacet
  facet normal 0 0 1
    outer loop
      vertex 22.9391 0.612499 5.8
      vertex 20.9689 1.75 5.8
      vertex 22.8682 0.468787 5.8
    endloop
  endfacet
  facet normal 0 0 1
    outer loop
      vertex 23.3875 -1.06088 5.8
      vertex 22.25 -3.03109 5.8
      vertex 22.6606 -3.23358 5.8
    endloop
  endfacet
  facet normal -0 0 1
    outer loop
      vertex 20.7664 1.33939 5.8
      vertex 22.8682 0.468787 5.8
      vertex 20.9689 1.75 5.8
    endloop
  endfacet
  facet normal 0 0 1
    outer loop
      vertex 23.2543 -0.971857 5.8
      vertex 21.8693 -2.77674 5.8
      vertex 22.25 -3.03109 5.8
    endloop
  endfacet
  facet normal 0 0 1
    outer loop
      vertex 22.8682 0.468787 5.8
      vertex 20.7664 1.33939 5.8
      vertex 22.8167 0.317053 5.8
    endloop
  endfacet
  facet normal 0 0 1
    outer loop
      vertex 23.1338 -0.866205 5.8
      vertex 21.5251 -2.47487 5.8
      vertex 21.8693 -2.77674 5.8
    endloop
  endfacet
  facet normal -0 0 1
    outer loop
      vertex 20.6193 0.905867 5.8
      vertex 22.8167 0.317053 5.8
      vertex 20.7664 1.33939 5.8
    endloop
  endfacet
  facet normal 0 0 1
    outer loop
      vertex 23.0281 -0.745732 5.8
      vertex 21.2233 -2.13066 5.8
      vertex 21.5251 -2.47487 5.8
    endloop
  endfacet
  facet normal 0 0 1
    outer loop
      vertex 22.8167 0.317053 5.8
      vertex 20.6193 0.905867 5.8
      vertex 22.7855 0.159894 5.8
    endloop
  endfacet
  facet normal 0 0 1
    outer loop
      vertex 22.9391 -0.612499 5.8
      vertex 20.9689 -1.75 5.8
      vertex 21.2233 -2.13066 5.8
    endloop
  endfacet
  facet normal -0 0 1
    outer loop
      vertex 20.5299 0.456841 5.8
      vertex 22.7855 0.159894 5.8
      vertex 20.6193 0.905867 5.8
    endloop
  endfacet
  facet normal 0 0 1
    outer loop
      vertex 22.8682 -0.468787 5.8
      vertex 20.7664 -1.33939 5.8
      vertex 20.9689 -1.75 5.8
    endloop
  endfacet
  facet normal 0 0 1
    outer loop
      vertex 22.7855 0.159894 5.8
      vertex 20.5299 0.456841 5.8
      vertex 22.775 0 5.8
    endloop
  endfacet
  facet normal 0 0 1
    outer loop
      vertex 22.8167 -0.317053 5.8
      vertex 20.6193 -0.905867 5.8
      vertex 20.7664 -1.33939 5.8
    endloop
  endfacet
  facet normal 0 0 1
    outer loop
      vertex 20.5 0 5.8
      vertex 22.775 0 5.8
      vertex 20.5299 0.456841 5.8
    endloop
  endfacet
  facet normal 0 0 1
    outer loop
      vertex 22.7855 -0.159894 5.8
      vertex 20.5299 -0.456841 5.8
      vertex 20.6193 -0.905867 5.8
    endloop
  endfacet
  facet normal 0 0 1
    outer loop
      vertex 22.775 0 5.8
      vertex 20.5 0 5.8
      vertex 20.5299 -0.456841 5.8
    endloop
  endfacet
  facet normal -0.195066 -0.98079 0
    outer loop
      vertex 23.0941 -3.38074 2.8
      vertex 23.5432 -3.47006 5.8
      vertex 23.0941 -3.38074 5.8
    endloop
  endfacet
  facet normal -0.195066 -0.98079 -0
    outer loop
      vertex 23.5432 -3.47006 5.8
      vertex 23.0941 -3.38074 2.8
      vertex 23.5432 -3.47006 2.8
    endloop
  endfacet
  facet normal -0.831418 0.555647 0
    outer loop
      vertex 20.9689 1.75 2.8
      vertex 21.2233 2.13066 5.8
      vertex 21.2233 2.13066 2.8
    endloop
  endfacet
  facet normal -0.831418 0.555647 0
    outer loop
      vertex 21.2233 2.13066 5.8
      vertex 20.9689 1.75 2.8
      vertex 20.9689 1.75 5.8
    endloop
  endfacet
  facet normal -0.0654026 -0.997859 0
    outer loop
      vertex 23.5432 -3.47006 2.8
      vertex 24 -3.5 5.8
      vertex 23.5432 -3.47006 5.8
    endloop
  endfacet
  facet normal -0.0654026 -0.997859 -0
    outer loop
      vertex 24 -3.5 5.8
      vertex 23.5432 -3.47006 2.8
      vertex 24 -3.5 2.8
    endloop
  endfacet
  facet normal 0.980858 0.194725 0
    outer loop
      vertex 25.2145 0.159894 8.8
      vertex 25.1833 0.317053 5.8
      vertex 25.1833 0.317053 8.8
    endloop
  endfacet
  facet normal 0.980858 0.194725 0
    outer loop
      vertex 25.1833 0.317053 5.8
      vertex 25.2145 0.159894 8.8
      vertex 25.2145 0.159894 5.8
    endloop
  endfacet
  facet normal 0.997851 0.0655274 0
    outer loop
      vertex 25.225 0 8.8
      vertex 25.2145 0.159894 5.8
      vertex 25.2145 0.159894 8.8
    endloop
  endfacet
  facet normal 0.997851 0.0655274 0
    outer loop
      vertex 25.2145 0.159894 5.8
      vertex 25.225 0 8.8
      vertex 25.225 0 5.8
    endloop
  endfacet
  facet normal 0.831537 0.555469 0
    outer loop
      vertex 25.0609 0.612499 8.8
      vertex 24.9719 0.745732 5.8
      vertex 24.9719 0.745732 8.8
    endloop
  endfacet
  facet normal 0.831537 0.555469 0
    outer loop
      vertex 24.9719 0.745732 5.8
      vertex 25.0609 0.612499 8.8
      vertex 25.0609 0.612499 5.8
    endloop
  endfacet
  facet normal 0.896801 -0.442435 0
    outer loop
      vertex 25.0609 -0.612499 8.8
      vertex 25.1318 -0.468787 5.8
      vertex 25.1318 -0.468787 8.8
    endloop
  endfacet
  facet normal 0.896801 -0.442435 0
    outer loop
      vertex 25.1318 -0.468787 5.8
      vertex 25.0609 -0.612499 8.8
      vertex 25.0609 -0.612499 5.8
    endloop
  endfacet
  facet normal 0.659262 0.751913 -0
    outer loop
      vertex 24.8662 0.866205 5.8
      vertex 24.7457 0.971857 8.8
      vertex 24.8662 0.866205 8.8
    endloop
  endfacet
  facet normal 0.659262 0.751913 0
    outer loop
      vertex 24.7457 0.971857 8.8
      vertex 24.8662 0.866205 5.8
      vertex 24.7457 0.971857 5.8
    endloop
  endfacet
  facet normal -0.555663 -0.831407 0
    outer loop
      vertex 23.2543 -0.971857 5.8
      vertex 23.3875 -1.06088 8.8
      vertex 23.2543 -0.971857 8.8
    endloop
  endfacet
  facet normal -0.555663 -0.831407 -0
    outer loop
      vertex 23.3875 -1.06088 8.8
      vertex 23.2543 -0.971857 5.8
      vertex 23.3875 -1.06088 5.8
    endloop
  endfacet
  facet normal 0.555663 0.831407 -0
    outer loop
      vertex 24.7457 0.971857 5.8
      vertex 24.6125 1.06088 8.8
      vertex 24.7457 0.971857 8.8
    endloop
  endfacet
  facet normal 0.555663 0.831407 0
    outer loop
      vertex 24.6125 1.06088 8.8
      vertex 24.7457 0.971857 5.8
      vertex 24.6125 1.06088 5.8
    endloop
  endfacet
  facet normal 0.659262 -0.751913 0
    outer loop
      vertex 24.7457 -0.971857 5.8
      vertex 24.8662 -0.866205 8.8
      vertex 24.7457 -0.971857 8.8
    endloop
  endfacet
  facet normal 0.659262 -0.751913 0
    outer loop
      vertex 24.8662 -0.866205 8.8
      vertex 24.7457 -0.971857 5.8
      vertex 24.8662 -0.866205 5.8
    endloop
  endfacet
  facet normal 0.831537 -0.555469 0
    outer loop
      vertex 24.9719 -0.745732 8.8
      vertex 25.0609 -0.612499 5.8
      vertex 25.0609 -0.612499 8.8
    endloop
  endfacet
  facet normal 0.831537 -0.555469 0
    outer loop
      vertex 25.0609 -0.612499 5.8
      vertex 24.9719 -0.745732 8.8
      vertex 24.9719 -0.745732 5.8
    endloop
  endfacet
  facet normal -0.321522 -0.946902 0
    outer loop
      vertex 23.5312 -1.13175 5.8
      vertex 23.6829 -1.18326 8.8
      vertex 23.5312 -1.13175 8.8
    endloop
  endfacet
  facet normal -0.321522 -0.946902 -0
    outer loop
      vertex 23.6829 -1.18326 8.8
      vertex 23.5312 -1.13175 5.8
      vertex 23.6829 -1.18326 5.8
    endloop
  endfacet
  facet normal 0.946943 -0.321402 0
    outer loop
      vertex 25.1318 -0.468787 8.8
      vertex 25.1833 -0.317053 5.8
      vertex 25.1833 -0.317053 8.8
    endloop
  endfacet
  facet normal 0.946943 -0.321402 0
    outer loop
      vertex 25.1833 -0.317053 5.8
      vertex 25.1318 -0.468787 8.8
      vertex 25.1318 -0.468787 5.8
    endloop
  endfacet
  facet normal 0.321522 0.946902 -0
    outer loop
      vertex 24.4688 1.13175 5.8
      vertex 24.3171 1.18326 8.8
      vertex 24.4688 1.13175 8.8
    endloop
  endfacet
  facet normal 0.321522 0.946902 0
    outer loop
      vertex 24.3171 1.18326 8.8
      vertex 24.4688 1.13175 5.8
      vertex 24.3171 1.18326 5.8
    endloop
  endfacet
  facet normal -0.997851 0.0655274 0
    outer loop
      vertex 22.775 0 5.8
      vertex 22.7855 0.159894 8.8
      vertex 22.7855 0.159894 5.8
    endloop
  endfacet
  facet normal -0.997851 0.0655274 0
    outer loop
      vertex 22.7855 0.159894 8.8
      vertex 22.775 0 5.8
      vertex 22.775 0 8.8
    endloop
  endfacet
  facet normal -0.980858 -0.194725 0
    outer loop
      vertex 22.8167 -0.317053 5.8
      vertex 22.7855 -0.159894 8.8
      vertex 22.7855 -0.159894 5.8
    endloop
  endfacet
  facet normal -0.980858 -0.194725 0
    outer loop
      vertex 22.7855 -0.159894 8.8
      vertex 22.8167 -0.317053 5.8
      vertex 22.8167 -0.317053 8.8
    endloop
  endfacet
  facet normal -0.442314 -0.89686 0
    outer loop
      vertex 23.3875 -1.06088 5.8
      vertex 23.5312 -1.13175 8.8
      vertex 23.3875 -1.06088 8.8
    endloop
  endfacet
  facet normal -0.442314 -0.89686 -0
    outer loop
      vertex 23.5312 -1.13175 8.8
      vertex 23.3875 -1.06088 5.8
      vertex 23.5312 -1.13175 5.8
    endloop
  endfacet
  facet normal 0.195036 -0.980796 0
    outer loop
      vertex 24.1599 -1.21452 5.8
      vertex 24.3171 -1.18326 8.8
      vertex 24.1599 -1.21452 8.8
    endloop
  endfacet
  facet normal 0.195036 -0.980796 0
    outer loop
      vertex 24.3171 -1.18326 8.8
      vertex 24.1599 -1.21452 5.8
      vertex 24.3171 -1.18326 5.8
    endloop
  endfacet
  facet normal 0.751691 -0.659515 0
    outer loop
      vertex 24.8662 -0.866205 8.8
      vertex 24.9719 -0.745732 5.8
      vertex 24.9719 -0.745732 8.8
    endloop
  endfacet
  facet normal 0.751691 -0.659515 0
    outer loop
      vertex 24.9719 -0.745732 5.8
      vertex 24.8662 -0.866205 8.8
      vertex 24.8662 -0.866205 5.8
    endloop
  endfacet
  facet normal -0.659262 -0.751913 0
    outer loop
      vertex 23.1338 -0.866205 5.8
      vertex 23.2543 -0.971857 8.8
      vertex 23.1338 -0.866205 8.8
    endloop
  endfacet
  facet normal -0.659262 -0.751913 -0
    outer loop
      vertex 23.2543 -0.971857 8.8
      vertex 23.1338 -0.866205 5.8
      vertex 23.2543 -0.971857 5.8
    endloop
  endfacet
  facet normal -0.659262 0.751913 0
    outer loop
      vertex 23.2543 0.971857 5.8
      vertex 23.1338 0.866205 8.8
      vertex 23.2543 0.971857 8.8
    endloop
  endfacet
  facet normal -0.659262 0.751913 0
    outer loop
      vertex 23.1338 0.866205 8.8
      vertex 23.2543 0.971857 5.8
      vertex 23.1338 0.866205 5.8
    endloop
  endfacet
  facet normal 0.980858 -0.194725 0
    outer loop
      vertex 25.1833 -0.317053 8.8
      vertex 25.2145 -0.159894 5.8
      vertex 25.2145 -0.159894 8.8
    endloop
  endfacet
  facet normal 0.980858 -0.194725 0
    outer loop
      vertex 25.2145 -0.159894 5.8
      vertex 25.1833 -0.317053 8.8
      vertex 25.1833 -0.317053 5.8
    endloop
  endfacet
  facet normal -0.831537 -0.555469 0
    outer loop
      vertex 23.0281 -0.745732 5.8
      vertex 22.9391 -0.612499 8.8
      vertex 22.9391 -0.612499 5.8
    endloop
  endfacet
  facet normal -0.831537 -0.555469 0
    outer loop
      vertex 22.9391 -0.612499 8.8
      vertex 23.0281 -0.745732 5.8
      vertex 23.0281 -0.745732 8.8
    endloop
  endfacet
  facet normal 0.997851 -0.0655274 0
    outer loop
      vertex 25.2145 -0.159894 8.8
      vertex 25.225 0 5.8
      vertex 25.225 0 8.8
    endloop
  endfacet
  facet normal 0.997851 -0.0655274 0
    outer loop
      vertex 25.225 0 5.8
      vertex 25.2145 -0.159894 8.8
      vertex 25.2145 -0.159894 5.8
    endloop
  endfacet
  facet normal 0.321522 -0.946902 0
    outer loop
      vertex 24.3171 -1.18326 5.8
      vertex 24.4688 -1.13175 8.8
      vertex 24.3171 -1.18326 8.8
    endloop
  endfacet
  facet normal 0.321522 -0.946902 0
    outer loop
      vertex 24.4688 -1.13175 8.8
      vertex 24.3171 -1.18326 5.8
      vertex 24.4688 -1.13175 5.8
    endloop
  endfacet
  facet normal 0.442314 -0.89686 0
    outer loop
      vertex 24.4688 -1.13175 5.8
      vertex 24.6125 -1.06088 8.8
      vertex 24.4688 -1.13175 8.8
    endloop
  endfacet
  facet normal 0.442314 -0.89686 0
    outer loop
      vertex 24.6125 -1.06088 8.8
      vertex 24.4688 -1.13175 5.8
      vertex 24.6125 -1.06088 5.8
    endloop
  endfacet
  facet normal 0.896801 0.442435 0
    outer loop
      vertex 25.1318 0.468787 8.8
      vertex 25.0609 0.612499 5.8
      vertex 25.0609 0.612499 8.8
    endloop
  endfacet
  facet normal 0.896801 0.442435 0
    outer loop
      vertex 25.0609 0.612499 5.8
      vertex 25.1318 0.468787 8.8
      vertex 25.1318 0.468787 5.8
    endloop
  endfacet
  facet normal 0.442314 0.89686 -0
    outer loop
      vertex 24.6125 1.06088 5.8
      vertex 24.4688 1.13175 8.8
      vertex 24.6125 1.06088 8.8
    endloop
  endfacet
  facet normal 0.442314 0.89686 0
    outer loop
      vertex 24.4688 1.13175 8.8
      vertex 24.6125 1.06088 5.8
      vertex 24.4688 1.13175 5.8
    endloop
  endfacet
  facet normal -0.555663 0.831407 0
    outer loop
      vertex 23.3875 1.06088 5.8
      vertex 23.2543 0.971857 8.8
      vertex 23.3875 1.06088 8.8
    endloop
  endfacet
  facet normal -0.555663 0.831407 0
    outer loop
      vertex 23.2543 0.971857 8.8
      vertex 23.3875 1.06088 5.8
      vertex 23.2543 0.971857 5.8
    endloop
  endfacet
  facet normal 0.195036 0.980796 -0
    outer loop
      vertex 24.3171 1.18326 5.8
      vertex 24.1599 1.21452 8.8
      vertex 24.3171 1.18326 8.8
    endloop
  endfacet
  facet normal 0.195036 0.980796 0
    outer loop
      vertex 24.1599 1.21452 8.8
      vertex 24.3171 1.18326 5.8
      vertex 24.1599 1.21452 5.8
    endloop
  endfacet
  facet normal -0.831537 0.555469 0
    outer loop
      vertex 22.9391 0.612499 5.8
      vertex 23.0281 0.745732 8.8
      vertex 23.0281 0.745732 5.8
    endloop
  endfacet
  facet normal -0.831537 0.555469 0
    outer loop
      vertex 23.0281 0.745732 8.8
      vertex 22.9391 0.612499 5.8
      vertex 22.9391 0.612499 8.8
    endloop
  endfacet
  facet normal -0.321522 0.946902 0
    outer loop
      vertex 23.6829 1.18326 5.8
      vertex 23.5312 1.13175 8.8
      vertex 23.6829 1.18326 8.8
    endloop
  endfacet
  facet normal -0.321522 0.946902 0
    outer loop
      vertex 23.5312 1.13175 8.8
      vertex 23.6829 1.18326 5.8
      vertex 23.5312 1.13175 5.8
    endloop
  endfacet
  facet normal -0.195036 0.980796 0
    outer loop
      vertex 23.8401 1.21452 5.8
      vertex 23.6829 1.18326 8.8
      vertex 23.8401 1.21452 8.8
    endloop
  endfacet
  facet normal -0.195036 0.980796 0
    outer loop
      vertex 23.6829 1.18326 8.8
      vertex 23.8401 1.21452 5.8
      vertex 23.6829 1.18326 5.8
    endloop
  endfacet
  facet normal -0.946943 -0.321402 0
    outer loop
      vertex 22.8682 -0.468787 5.8
      vertex 22.8167 -0.317053 8.8
      vertex 22.8167 -0.317053 5.8
    endloop
  endfacet
  facet normal -0.946943 -0.321402 0
    outer loop
      vertex 22.8167 -0.317053 8.8
      vertex 22.8682 -0.468787 5.8
      vertex 22.8682 -0.468787 8.8
    endloop
  endfacet
  facet normal 0.0654006 -0.997859 0
    outer loop
      vertex 24 -1.225 5.8
      vertex 24.1599 -1.21452 8.8
      vertex 24 -1.225 8.8
    endloop
  endfacet
  facet normal 0.0654006 -0.997859 0
    outer loop
      vertex 24.1599 -1.21452 8.8
      vertex 24 -1.225 5.8
      vertex 24.1599 -1.21452 5.8
    endloop
  endfacet
  facet normal -0.0654006 0.997859 0
    outer loop
      vertex 24 1.225 5.8
      vertex 23.8401 1.21452 8.8
      vertex 24 1.225 8.8
    endloop
  endfacet
  facet normal -0.0654006 0.997859 0
    outer loop
      vertex 23.8401 1.21452 8.8
      vertex 24 1.225 5.8
      vertex 23.8401 1.21452 5.8
    endloop
  endfacet
  facet normal -0.751691 -0.659515 0
    outer loop
      vertex 23.1338 -0.866205 5.8
      vertex 23.0281 -0.745732 8.8
      vertex 23.0281 -0.745732 5.8
    endloop
  endfacet
  facet normal -0.751691 -0.659515 0
    outer loop
      vertex 23.0281 -0.745732 8.8
      vertex 23.1338 -0.866205 5.8
      vertex 23.1338 -0.866205 8.8
    endloop
  endfacet
  facet normal 0.0654006 0.997859 -0
    outer loop
      vertex 24.1599 1.21452 5.8
      vertex 24 1.225 8.8
      vertex 24.1599 1.21452 8.8
    endloop
  endfacet
  facet normal 0.0654006 0.997859 0
    outer loop
      vertex 24 1.225 8.8
      vertex 24.1599 1.21452 5.8
      vertex 24 1.225 5.8
    endloop
  endfacet
  facet normal -0.980858 0.194725 0
    outer loop
      vertex 22.7855 0.159894 5.8
      vertex 22.8167 0.317053 8.8
      vertex 22.8167 0.317053 5.8
    endloop
  endfacet
  facet normal -0.980858 0.194725 0
    outer loop
      vertex 22.8167 0.317053 8.8
      vertex 22.7855 0.159894 5.8
      vertex 22.7855 0.159894 8.8
    endloop
  endfacet
  facet normal -0.946943 0.321402 0
    outer loop
      vertex 22.8167 0.317053 5.8
      vertex 22.8682 0.468787 8.8
      vertex 22.8682 0.468787 5.8
    endloop
  endfacet
  facet normal -0.946943 0.321402 0
    outer loop
      vertex 22.8682 0.468787 8.8
      vertex 22.8167 0.317053 5.8
      vertex 22.8167 0.317053 8.8
    endloop
  endfacet
  facet normal -0.195036 -0.980796 0
    outer loop
      vertex 23.6829 -1.18326 5.8
      vertex 23.8401 -1.21452 8.8
      vertex 23.6829 -1.18326 8.8
    endloop
  endfacet
  facet normal -0.195036 -0.980796 -0
    outer loop
      vertex 23.8401 -1.21452 8.8
      vertex 23.6829 -1.18326 5.8
      vertex 23.8401 -1.21452 5.8
    endloop
  endfacet
  facet normal -0.896801 0.442435 0
    outer loop
      vertex 22.8682 0.468787 5.8
      vertex 22.9391 0.612499 8.8
      vertex 22.9391 0.612499 5.8
    endloop
  endfacet
  facet normal -0.896801 0.442435 0
    outer loop
      vertex 22.9391 0.612499 8.8
      vertex 22.8682 0.468787 5.8
      vertex 22.8682 0.468787 8.8
    endloop
  endfacet
  facet normal 0.751691 0.659515 0
    outer loop
      vertex 24.9719 0.745732 8.8
      vertex 24.8662 0.866205 5.8
      vertex 24.8662 0.866205 8.8
    endloop
  endfacet
  facet normal 0.751691 0.659515 0
    outer loop
      vertex 24.8662 0.866205 5.8
      vertex 24.9719 0.745732 8.8
      vertex 24.9719 0.745732 5.8
    endloop
  endfacet
  facet normal 0.555663 -0.831407 0
    outer loop
      vertex 24.6125 -1.06088 5.8
      vertex 24.7457 -0.971857 8.8
      vertex 24.6125 -1.06088 8.8
    endloop
  endfacet
  facet normal 0.555663 -0.831407 0
    outer loop
      vertex 24.7457 -0.971857 8.8
      vertex 24.6125 -1.06088 5.8
      vertex 24.7457 -0.971857 5.8
    endloop
  endfacet
  facet normal 0.946943 0.321402 0
    outer loop
      vertex 25.1833 0.317053 8.8
      vertex 25.1318 0.468787 5.8
      vertex 25.1318 0.468787 8.8
    endloop
  endfacet
  facet normal 0.946943 0.321402 0
    outer loop
      vertex 25.1318 0.468787 5.8
      vertex 25.1833 0.317053 8.8
      vertex 25.1833 0.317053 5.8
    endloop
  endfacet
  facet normal -0.751691 0.659515 0
    outer loop
      vertex 23.0281 0.745732 5.8
      vertex 23.1338 0.866205 8.8
      vertex 23.1338 0.866205 5.8
    endloop
  endfacet
  facet normal -0.751691 0.659515 0
    outer loop
      vertex 23.1338 0.866205 8.8
      vertex 23.0281 0.745732 5.8
      vertex 23.0281 0.745732 8.8
    endloop
  endfacet
  facet normal -0.896801 -0.442435 0
    outer loop
      vertex 22.9391 -0.612499 5.8
      vertex 22.8682 -0.468787 8.8
      vertex 22.8682 -0.468787 5.8
    endloop
  endfacet
  facet normal -0.896801 -0.442435 0
    outer loop
      vertex 22.8682 -0.468787 8.8
      vertex 22.9391 -0.612499 5.8
      vertex 22.9391 -0.612499 8.8
    endloop
  endfacet
  facet normal -0.442314 0.89686 0
    outer loop
      vertex 23.5312 1.13175 5.8
      vertex 23.3875 1.06088 8.8
      vertex 23.5312 1.13175 8.8
    endloop
  endfacet
  facet normal -0.442314 0.89686 0
    outer loop
      vertex 23.3875 1.06088 8.8
      vertex 23.5312 1.13175 5.8
      vertex 23.3875 1.06088 5.8
    endloop
  endfacet
  facet normal -0.997851 -0.0655274 0
    outer loop
      vertex 22.7855 -0.159894 5.8
      vertex 22.775 0 8.8
      vertex 22.775 0 5.8
    endloop
  endfacet
  facet normal -0.997851 -0.0655274 0
    outer loop
      vertex 22.775 0 8.8
      vertex 22.7855 -0.159894 5.8
      vertex 22.7855 -0.159894 8.8
    endloop
  endfacet
  facet normal -0.0654006 -0.997859 0
    outer loop
      vertex 23.8401 -1.21452 5.8
      vertex 24 -1.225 8.8
      vertex 23.8401 -1.21452 8.8
    endloop
  endfacet
  facet normal -0.0654006 -0.997859 -0
    outer loop
      vertex 24 -1.225 8.8
      vertex 23.8401 -1.21452 5.8
      vertex 24 -1.225 5.8
    endloop
  endfacet
  facet normal 0.471208 0.705666 0.529149
    outer loop
      vertex 24.7457 0.971857 8.8
      vertex 24.3 0.519615 9.8
      vertex 24.3653 0.476011 9.8
    endloop
  endfacet
  facet normal 0.165491 0.832211 0.529186
    outer loop
      vertex 24.3171 1.18326 8.8
      vertex 24.0783 0.594867 9.8
      vertex 24.1553 0.579555 9.8
    endloop
  endfacet
  facet normal 0.846708 0.0551392 0.529193
    outer loop
      vertex 25.225 0 8.8
      vertex 24.5949 0.0783148 9.8
      vertex 24.6 0 9.8
    endloop
  endfacet
  facet normal 0.846703 0.0556017 0.529153
    outer loop
      vertex 25.2145 0.159894 8.8
      vertex 24.5949 0.0783148 9.8
      vertex 25.225 0 8.8
    endloop
  endfacet
  facet normal -0.705556 -0.471313 0.529203
    outer loop
      vertex 23.4804 -0.299999 9.8
      vertex 22.9391 -0.612499 8.8
      vertex 23.0281 -0.745732 8.8
    endloop
  endfacet
  facet normal -0.761032 0.375164 0.529227
    outer loop
      vertex 23.4804 0.299999 9.8
      vertex 22.8682 0.468787 8.8
      vertex 23.4457 0.229609 9.8
    endloop
  endfacet
  facet normal -0.559398 0.638014 0.529162
    outer loop
      vertex 23.2543 0.971857 8.8
      vertex 23.1338 0.866205 8.8
      vertex 23.5757 0.424264 9.8
    endloop
  endfacet
  facet normal 0.375307 0.760993 0.529182
    outer loop
      vertex 24.4688 1.13175 8.8
      vertex 24.3 0.519615 9.8
      vertex 24.6125 1.06088 8.8
    endloop
  endfacet
  facet normal -0.471486 -0.705458 0.529179
    outer loop
      vertex 23.7 -0.519615 9.8
      vertex 23.2543 -0.971857 8.8
      vertex 23.3875 -1.06088 8.8
    endloop
  endfacet
  facet normal 0.055493 -0.846691 0.529183
    outer loop
      vertex 24.0783 -0.594867 9.8
      vertex 24 -1.225 8.8
      vertex 24.1599 -1.21452 8.8
    endloop
  endfacet
  facet normal -0.637823 -0.55961 0.529168
    outer loop
      vertex 23.5757 -0.424264 9.8
      vertex 23.0281 -0.745732 8.8
      vertex 23.1338 -0.866205 8.8
    endloop
  endfacet
  facet normal 0 0 1
    outer loop
      vertex 24.5949 0.0783148 9.8
      vertex 24.5949 -0.0783148 9.8
      vertex 24.6 0 9.8
    endloop
  endfacet
  facet normal 0 0 1
    outer loop
      vertex 24.5796 0.155291 9.8
      vertex 24.5949 -0.0783148 9.8
      vertex 24.5949 0.0783148 9.8
    endloop
  endfacet
  facet normal 0 0 1
    outer loop
      vertex 24.5796 0.155291 9.8
      vertex 24.5796 -0.155291 9.8
      vertex 24.5949 -0.0783148 9.8
    endloop
  endfacet
  facet normal 0 0 1
    outer loop
      vertex 24.5543 0.229609 9.8
      vertex 24.5796 -0.155291 9.8
      vertex 24.5796 0.155291 9.8
    endloop
  endfacet
  facet normal 0 0 1
    outer loop
      vertex 24.5543 0.229609 9.8
      vertex 24.5543 -0.229609 9.8
      vertex 24.5796 -0.155291 9.8
    endloop
  endfacet
  facet normal 0 0 1
    outer loop
      vertex 24.5196 0.299999 9.8
      vertex 24.5543 -0.229609 9.8
      vertex 24.5543 0.229609 9.8
    endloop
  endfacet
  facet normal 0 0 1
    outer loop
      vertex 24.5196 0.299999 9.8
      vertex 24.5196 -0.299999 9.8
      vertex 24.5543 -0.229609 9.8
    endloop
  endfacet
  facet normal 0 0 1
    outer loop
      vertex 24.476 0.365256 9.8
      vertex 24.5196 -0.299999 9.8
      vertex 24.5196 0.299999 9.8
    endloop
  endfacet
  facet normal 0 0 1
    outer loop
      vertex 24.476 0.365256 9.8
      vertex 24.476 -0.365256 9.8
      vertex 24.5196 -0.299999 9.8
    endloop
  endfacet
  facet normal 0 0 1
    outer loop
      vertex 24.4243 0.424264 9.8
      vertex 24.476 -0.365256 9.8
      vertex 24.476 0.365256 9.8
    endloop
  endfacet
  facet normal 0 0 1
    outer loop
      vertex 24.4243 0.424264 9.8
      vertex 24.4243 -0.424264 9.8
      vertex 24.476 -0.365256 9.8
    endloop
  endfacet
  facet normal 0 0 1
    outer loop
      vertex 24.3653 0.476011 9.8
      vertex 24.4243 -0.424264 9.8
      vertex 24.4243 0.424264 9.8
    endloop
  endfacet
  facet normal 0 0 1
    outer loop
      vertex 24.3653 0.476011 9.8
      vertex 24.3653 -0.476011 9.8
      vertex 24.4243 -0.424264 9.8
    endloop
  endfacet
  facet normal 0 0 1
    outer loop
      vertex 24.3 0.519615 9.8
      vertex 24.3653 -0.476011 9.8
      vertex 24.3653 0.476011 9.8
    endloop
  endfacet
  facet normal 0 0 1
    outer loop
      vertex 24.3 0.519615 9.8
      vertex 24.3 -0.519615 9.8
      vertex 24.3653 -0.476011 9.8
    endloop
  endfacet
  facet normal 0 0 1
    outer loop
      vertex 24.2296 0.554327 9.8
      vertex 24.3 -0.519615 9.8
      vertex 24.3 0.519615 9.8
    endloop
  endfacet
  facet normal 0 0 1
    outer loop
      vertex 24.2296 0.554327 9.8
      vertex 24.2296 -0.554327 9.8
      vertex 24.3 -0.519615 9.8
    endloop
  endfacet
  facet normal 0 0 1
    outer loop
      vertex 24.1553 0.579555 9.8
      vertex 24.2296 -0.554327 9.8
      vertex 24.2296 0.554327 9.8
    endloop
  endfacet
  facet normal 0 0 1
    outer loop
      vertex 24.1553 0.579555 9.8
      vertex 24.1553 -0.579555 9.8
      vertex 24.2296 -0.554327 9.8
    endloop
  endfacet
  facet normal 0 0 1
    outer loop
      vertex 24.0783 0.594867 9.8
      vertex 24.1553 -0.579555 9.8
      vertex 24.1553 0.579555 9.8
    endloop
  endfacet
  facet normal 0 0 1
    outer loop
      vertex 24.0783 0.594867 9.8
      vertex 24.0783 -0.594867 9.8
      vertex 24.1553 -0.579555 9.8
    endloop
  endfacet
  facet normal 0 0 1
    outer loop
      vertex 24 0.599999 9.8
      vertex 24.0783 -0.594867 9.8
      vertex 24.0783 0.594867 9.8
    endloop
  endfacet
  facet normal 0 0 1
    outer loop
      vertex 24 0.599999 9.8
      vertex 24 -0.599999 9.8
      vertex 24.0783 -0.594867 9.8
    endloop
  endfacet
  facet normal -0 0 1
    outer loop
      vertex 23.9217 0.594867 9.8
      vertex 24 -0.599999 9.8
      vertex 24 0.599999 9.8
    endloop
  endfacet
  facet normal 0 0 1
    outer loop
      vertex 23.9217 0.594867 9.8
      vertex 23.9217 -0.594867 9.8
      vertex 24 -0.599999 9.8
    endloop
  endfacet
  facet normal -0 0 1
    outer loop
      vertex 23.8447 0.579555 9.8
      vertex 23.9217 -0.594867 9.8
      vertex 23.9217 0.594867 9.8
    endloop
  endfacet
  facet normal 0 0 1
    outer loop
      vertex 23.8447 0.579555 9.8
      vertex 23.8447 -0.579555 9.8
      vertex 23.9217 -0.594867 9.8
    endloop
  endfacet
  facet normal -0 0 1
    outer loop
      vertex 23.7704 0.554327 9.8
      vertex 23.8447 -0.579555 9.8
      vertex 23.8447 0.579555 9.8
    endloop
  endfacet
  facet normal 0 0 1
    outer loop
      vertex 23.7704 0.554327 9.8
      vertex 23.7704 -0.554327 9.8
      vertex 23.8447 -0.579555 9.8
    endloop
  endfacet
  facet normal -0 0 1
    outer loop
      vertex 23.7 0.519615 9.8
      vertex 23.7704 -0.554327 9.8
      vertex 23.7704 0.554327 9.8
    endloop
  endfacet
  facet normal 0 0 1
    outer loop
      vertex 23.7 0.519615 9.8
      vertex 23.7 -0.519615 9.8
      vertex 23.7704 -0.554327 9.8
    endloop
  endfacet
  facet normal -0 0 1
    outer loop
      vertex 23.6347 0.476011 9.8
      vertex 23.7 -0.519615 9.8
      vertex 23.7 0.519615 9.8
    endloop
  endfacet
  facet normal 0 0 1
    outer loop
      vertex 23.6347 0.476011 9.8
      vertex 23.6347 -0.476011 9.8
      vertex 23.7 -0.519615 9.8
    endloop
  endfacet
  facet normal -0 0 1
    outer loop
      vertex 23.5757 0.424264 9.8
      vertex 23.6347 -0.476011 9.8
      vertex 23.6347 0.476011 9.8
    endloop
  endfacet
  facet normal 0 0 1
    outer loop
      vertex 23.5757 0.424264 9.8
      vertex 23.5757 -0.424264 9.8
      vertex 23.6347 -0.476011 9.8
    endloop
  endfacet
  facet normal -0 0 1
    outer loop
      vertex 23.524 0.365256 9.8
      vertex 23.5757 -0.424264 9.8
      vertex 23.5757 0.424264 9.8
    endloop
  endfacet
  facet normal 0 0 1
    outer loop
      vertex 23.524 0.365256 9.8
      vertex 23.524 -0.365256 9.8
      vertex 23.5757 -0.424264 9.8
    endloop
  endfacet
  facet normal -0 0 1
    outer loop
      vertex 23.4804 0.299999 9.8
      vertex 23.524 -0.365256 9.8
      vertex 23.524 0.365256 9.8
    endloop
  endfacet
  facet normal 0 0 1
    outer loop
      vertex 23.4804 0.299999 9.8
      vertex 23.4804 -0.299999 9.8
      vertex 23.524 -0.365256 9.8
    endloop
  endfacet
  facet normal -0 0 1
    outer loop
      vertex 23.4457 0.229609 9.8
      vertex 23.4804 -0.299999 9.8
      vertex 23.4804 0.299999 9.8
    endloop
  endfacet
  facet normal 0 0 1
    outer loop
      vertex 23.4457 0.229609 9.8
      vertex 23.4457 -0.229609 9.8
      vertex 23.4804 -0.299999 9.8
    endloop
  endfacet
  facet normal -0 0 1
    outer loop
      vertex 23.4204 0.155291 9.8
      vertex 23.4457 -0.229609 9.8
      vertex 23.4457 0.229609 9.8
    endloop
  endfacet
  facet normal 0 0 1
    outer loop
      vertex 23.4204 0.155291 9.8
      vertex 23.4204 -0.155291 9.8
      vertex 23.4457 -0.229609 9.8
    endloop
  endfacet
  facet normal -0 0 1
    outer loop
      vertex 23.4051 0.0783148 9.8
      vertex 23.4204 -0.155291 9.8
      vertex 23.4204 0.155291 9.8
    endloop
  endfacet
  facet normal 0 0 1
    outer loop
      vertex 23.4051 0.0783148 9.8
      vertex 23.4051 -0.0783148 9.8
      vertex 23.4204 -0.155291 9.8
    endloop
  endfacet
  facet normal 0 -0 1
    outer loop
      vertex 23.4051 -0.0783148 9.8
      vertex 23.4051 0.0783148 9.8
      vertex 23.4 0 9.8
    endloop
  endfacet
  facet normal 0.471208 -0.705666 0.529149
    outer loop
      vertex 24.3653 -0.476011 9.8
      vertex 24.3 -0.519615 9.8
      vertex 24.7457 -0.971857 8.8
    endloop
  endfacet
  facet normal -0.83228 -0.165228 0.52916
    outer loop
      vertex 23.4051 -0.0783148 9.8
      vertex 22.7855 -0.159894 8.8
      vertex 22.8167 -0.317053 8.8
    endloop
  endfacet
  facet normal -0.846703 0.0556017 0.529153
    outer loop
      vertex 22.7855 0.159894 8.8
      vertex 22.775 0 8.8
      vertex 23.4051 0.0783148 9.8
    endloop
  endfacet
  facet normal 0.375236 -0.761023 0.529189
    outer loop
      vertex 24.3 -0.519615 9.8
      vertex 24.2296 -0.554327 9.8
      vertex 24.4688 -1.13175 8.8
    endloop
  endfacet
  facet normal -0.165491 0.832211 0.529186
    outer loop
      vertex 23.9217 0.594867 9.8
      vertex 23.6829 1.18326 8.8
      vertex 23.8447 0.579555 9.8
    endloop
  endfacet
  facet normal 0.055493 0.846691 0.529183
    outer loop
      vertex 24.1599 1.21452 8.8
      vertex 24 1.225 8.8
      vertex 24.0783 0.594867 9.8
    endloop
  endfacet
  facet normal -0.846708 0.0551392 0.529193
    outer loop
      vertex 23.4051 0.0783148 9.8
      vertex 22.775 0 8.8
      vertex 23.4 0 9.8
    endloop
  endfacet
  facet normal 0.832232 0.165417 0.529176
    outer loop
      vertex 25.1833 0.317053 8.8
      vertex 24.5796 0.155291 9.8
      vertex 24.5949 0.0783148 9.8
    endloop
  endfacet
  facet normal 0.761032 -0.375164 0.529227
    outer loop
      vertex 24.5543 -0.229609 9.8
      vertex 24.5196 -0.299999 9.8
      vertex 25.1318 -0.468787 8.8
    endloop
  endfacet
  facet normal 0.83228 -0.165228 0.52916
    outer loop
      vertex 25.2145 -0.159894 8.8
      vertex 24.5949 -0.0783148 9.8
      vertex 25.1833 -0.317053 8.8
    endloop
  endfacet
  facet normal -0.559398 -0.638014 0.529162
    outer loop
      vertex 23.5757 -0.424264 9.8
      vertex 23.1338 -0.866205 8.8
      vertex 23.2543 -0.971857 8.8
    endloop
  endfacet
  facet normal 0.272806 0.803453 0.529188
    outer loop
      vertex 24.3171 1.18326 8.8
      vertex 24.1553 0.579555 9.8
      vertex 24.2296 0.554327 9.8
    endloop
  endfacet
  facet normal 0.559398 0.638014 0.529162
    outer loop
      vertex 24.7457 0.971857 8.8
      vertex 24.4243 0.424264 9.8
      vertex 24.8662 0.866205 8.8
    endloop
  endfacet
  facet normal -0.055493 0.846691 0.529183
    outer loop
      vertex 24 1.225 8.8
      vertex 23.8401 1.21452 8.8
      vertex 23.9217 0.594867 9.8
    endloop
  endfacet
  facet normal 0.375307 -0.760993 0.529182
    outer loop
      vertex 24.6125 -1.06088 8.8
      vertex 24.3 -0.519615 9.8
      vertex 24.4688 -1.13175 8.8
    endloop
  endfacet
  facet normal -0.76093 -0.375403 0.529205
    outer loop
      vertex 23.4804 -0.299999 9.8
      vertex 22.8682 -0.468787 8.8
      vertex 22.9391 -0.612499 8.8
    endloop
  endfacet
  facet normal 0.83228 0.165228 0.52916
    outer loop
      vertex 25.1833 0.317053 8.8
      vertex 24.5949 0.0783148 9.8
      vertex 25.2145 0.159894 8.8
    endloop
  endfacet
  facet normal 0.637823 -0.55961 0.529168
    outer loop
      vertex 24.9719 -0.745732 8.8
      vertex 24.4243 -0.424264 9.8
      vertex 24.8662 -0.866205 8.8
    endloop
  endfacet
  facet normal 0.705556 0.471313 0.529203
    outer loop
      vertex 24.9719 0.745732 8.8
      vertex 24.5196 0.299999 9.8
      vertex 25.0609 0.612499 8.8
    endloop
  endfacet
  facet normal 0.705556 -0.471313 0.529203
    outer loop
      vertex 25.0609 -0.612499 8.8
      vertex 24.5196 -0.299999 9.8
      vertex 24.9719 -0.745732 8.8
    endloop
  endfacet
  facet normal 0.638186 0.559148 0.529219
    outer loop
      vertex 24.9719 0.745732 8.8
      vertex 24.4243 0.424264 9.8
      vertex 24.476 0.365256 9.8
    endloop
  endfacet
  facet normal -0.846703 -0.0556017 0.529153
    outer loop
      vertex 23.4051 -0.0783148 9.8
      vertex 22.775 0 8.8
      vertex 22.7855 -0.159894 8.8
    endloop
  endfacet
  facet normal 0.761032 0.375164 0.529227
    outer loop
      vertex 25.1318 0.468787 8.8
      vertex 24.5196 0.299999 9.8
      vertex 24.5543 0.229609 9.8
    endloop
  endfacet
  facet normal -0.272806 0.803453 0.529188
    outer loop
      vertex 23.8447 0.579555 9.8
      vertex 23.6829 1.18326 8.8
      vertex 23.7704 0.554327 9.8
    endloop
  endfacet
  facet normal -0.637823 0.55961 0.529168
    outer loop
      vertex 23.1338 0.866205 8.8
      vertex 23.0281 0.745732 8.8
      vertex 23.5757 0.424264 9.8
    endloop
  endfacet
  facet normal 0.272813 0.803451 0.529188
    outer loop
      vertex 24.3171 1.18326 8.8
      vertex 24.2296 0.554327 9.8
      vertex 24.4688 1.13175 8.8
    endloop
  endfacet
  facet normal -0.761032 -0.375164 0.529227
    outer loop
      vertex 23.4457 -0.229609 9.8
      vertex 22.8682 -0.468787 8.8
      vertex 23.4804 -0.299999 9.8
    endloop
  endfacet
  facet normal -0.638186 -0.559148 0.529219
    outer loop
      vertex 23.524 -0.365256 9.8
      vertex 23.0281 -0.745732 8.8
      vertex 23.5757 -0.424264 9.8
    endloop
  endfacet
  facet normal -0.832232 -0.165417 0.529176
    outer loop
      vertex 23.4051 -0.0783148 9.8
      vertex 22.8167 -0.317053 8.8
      vertex 23.4204 -0.155291 9.8
    endloop
  endfacet
  facet normal 0.803254 0.273451 0.529158
    outer loop
      vertex 25.1833 0.317053 8.8
      vertex 24.5543 0.229609 9.8
      vertex 24.5796 0.155291 9.8
    endloop
  endfacet
  facet normal 0.0554945 -0.846691 0.529183
    outer loop
      vertex 24 -0.599999 9.8
      vertex 24 -1.225 8.8
      vertex 24.0783 -0.594867 9.8
    endloop
  endfacet
  facet normal 0.375236 0.761023 0.529189
    outer loop
      vertex 24.4688 1.13175 8.8
      vertex 24.2296 0.554327 9.8
      vertex 24.3 0.519615 9.8
    endloop
  endfacet
  facet normal 0.803464 -0.272703 0.529225
    outer loop
      vertex 25.1833 -0.317053 8.8
      vertex 24.5543 -0.229609 9.8
      vertex 25.1318 -0.468787 8.8
    endloop
  endfacet
  facet normal -0.375236 0.761023 0.529189
    outer loop
      vertex 23.7704 0.554327 9.8
      vertex 23.5312 1.13175 8.8
      vertex 23.7 0.519615 9.8
    endloop
  endfacet
  facet normal -0.803464 -0.272703 0.529225
    outer loop
      vertex 23.4457 -0.229609 9.8
      vertex 22.8167 -0.317053 8.8
      vertex 22.8682 -0.468787 8.8
    endloop
  endfacet
  facet normal 0.803254 -0.273451 0.529158
    outer loop
      vertex 24.5796 -0.155291 9.8
      vertex 24.5543 -0.229609 9.8
      vertex 25.1833 -0.317053 8.8
    endloop
  endfacet
  facet normal -0.375236 -0.761023 0.529189
    outer loop
      vertex 23.7 -0.519615 9.8
      vertex 23.5312 -1.13175 8.8
      vertex 23.7704 -0.554327 9.8
    endloop
  endfacet
  facet normal 0.637823 0.55961 0.529168
    outer loop
      vertex 24.8662 0.866205 8.8
      vertex 24.4243 0.424264 9.8
      vertex 24.9719 0.745732 8.8
    endloop
  endfacet
  facet normal -0.803254 -0.273451 0.529158
    outer loop
      vertex 23.4204 -0.155291 9.8
      vertex 22.8167 -0.317053 8.8
      vertex 23.4457 -0.229609 9.8
    endloop
  endfacet
  facet normal -0.272813 -0.803451 0.529188
    outer loop
      vertex 23.7704 -0.554327 9.8
      vertex 23.5312 -1.13175 8.8
      vertex 23.6829 -1.18326 8.8
    endloop
  endfacet
  facet normal -0.83228 0.165228 0.52916
    outer loop
      vertex 22.8167 0.317053 8.8
      vertex 22.7855 0.159894 8.8
      vertex 23.4051 0.0783148 9.8
    endloop
  endfacet
  facet normal -0.0554945 -0.846691 0.529183
    outer loop
      vertex 24 -0.599999 9.8
      vertex 23.9217 -0.594867 9.8
      vertex 24 -1.225 8.8
    endloop
  endfacet
  facet normal 0.165491 -0.832211 0.529186
    outer loop
      vertex 24.1553 -0.579555 9.8
      vertex 24.0783 -0.594867 9.8
      vertex 24.3171 -1.18326 8.8
    endloop
  endfacet
  facet normal 0.559398 -0.638014 0.529162
    outer loop
      vertex 24.8662 -0.866205 8.8
      vertex 24.4243 -0.424264 9.8
      vertex 24.7457 -0.971857 8.8
    endloop
  endfacet
  facet normal -0.846708 -0.0551392 0.529193
    outer loop
      vertex 23.4 0 9.8
      vertex 22.775 0 8.8
      vertex 23.4051 -0.0783148 9.8
    endloop
  endfacet
  facet normal 0.76093 -0.375403 0.529205
    outer loop
      vertex 25.1318 -0.468787 8.8
      vertex 24.5196 -0.299999 9.8
      vertex 25.0609 -0.612499 8.8
    endloop
  endfacet
  facet normal 0.165489 0.832211 0.529186
    outer loop
      vertex 24.1599 1.21452 8.8
      vertex 24.0783 0.594867 9.8
      vertex 24.3171 1.18326 8.8
    endloop
  endfacet
  facet normal 0.471486 -0.705458 0.529179
    outer loop
      vertex 24.7457 -0.971857 8.8
      vertex 24.3 -0.519615 9.8
      vertex 24.6125 -1.06088 8.8
    endloop
  endfacet
  facet normal -0.471208 -0.705666 0.529149
    outer loop
      vertex 23.6347 -0.476011 9.8
      vertex 23.2543 -0.971857 8.8
      vertex 23.7 -0.519615 9.8
    endloop
  endfacet
  facet normal 0.846703 -0.0556017 0.529153
    outer loop
      vertex 25.225 0 8.8
      vertex 24.5949 -0.0783148 9.8
      vertex 25.2145 -0.159894 8.8
    endloop
  endfacet
  facet normal 0.846708 -0.0551392 0.529193
    outer loop
      vertex 24.6 0 9.8
      vertex 24.5949 -0.0783148 9.8
      vertex 25.225 0 8.8
    endloop
  endfacet
  facet normal 0.705512 0.471372 0.529209
    outer loop
      vertex 24.9719 0.745732 8.8
      vertex 24.476 0.365256 9.8
      vertex 24.5196 0.299999 9.8
    endloop
  endfacet
  facet normal 0.471486 0.705458 0.529179
    outer loop
      vertex 24.6125 1.06088 8.8
      vertex 24.3 0.519615 9.8
      vertex 24.7457 0.971857 8.8
    endloop
  endfacet
  facet normal -0.165489 -0.832211 0.529186
    outer loop
      vertex 23.9217 -0.594867 9.8
      vertex 23.6829 -1.18326 8.8
      vertex 23.8401 -1.21452 8.8
    endloop
  endfacet
  facet normal 0.76093 0.375403 0.529205
    outer loop
      vertex 25.0609 0.612499 8.8
      vertex 24.5196 0.299999 9.8
      vertex 25.1318 0.468787 8.8
    endloop
  endfacet
  facet normal 0.559506 0.637928 0.52915
    outer loop
      vertex 24.7457 0.971857 8.8
      vertex 24.3653 0.476011 9.8
      vertex 24.4243 0.424264 9.8
    endloop
  endfacet
  facet normal -0.705512 -0.471372 0.529209
    outer loop
      vertex 23.4804 -0.299999 9.8
      vertex 23.0281 -0.745732 8.8
      vertex 23.524 -0.365256 9.8
    endloop
  endfacet
  facet normal 0.803464 0.272703 0.529225
    outer loop
      vertex 25.1318 0.468787 8.8
      vertex 24.5543 0.229609 9.8
      vertex 25.1833 0.317053 8.8
    endloop
  endfacet
  facet normal -0.272813 0.803451 0.529188
    outer loop
      vertex 23.6829 1.18326 8.8
      vertex 23.5312 1.13175 8.8
      vertex 23.7704 0.554327 9.8
    endloop
  endfacet
  facet normal -0.375307 0.760993 0.529182
    outer loop
      vertex 23.5312 1.13175 8.8
      vertex 23.3875 1.06088 8.8
      vertex 23.7 0.519615 9.8
    endloop
  endfacet
  facet normal -0.705556 0.471313 0.529203
    outer loop
      vertex 23.0281 0.745732 8.8
      vertex 22.9391 0.612499 8.8
      vertex 23.4804 0.299999 9.8
    endloop
  endfacet
  facet normal 0.0554945 0.846691 0.529183
    outer loop
      vertex 24 1.225 8.8
      vertex 24 0.599999 9.8
      vertex 24.0783 0.594867 9.8
    endloop
  endfacet
  facet normal -0.272806 -0.803453 0.529188
    outer loop
      vertex 23.7704 -0.554327 9.8
      vertex 23.6829 -1.18326 8.8
      vertex 23.8447 -0.579555 9.8
    endloop
  endfacet
  facet normal -0.559506 0.637928 0.52915
    outer loop
      vertex 23.6347 0.476011 9.8
      vertex 23.2543 0.971857 8.8
      vertex 23.5757 0.424264 9.8
    endloop
  endfacet
  facet normal -0.165489 0.832211 0.529186
    outer loop
      vertex 23.8401 1.21452 8.8
      vertex 23.6829 1.18326 8.8
      vertex 23.9217 0.594867 9.8
    endloop
  endfacet
  facet normal -0.803464 0.272703 0.529225
    outer loop
      vertex 22.8682 0.468787 8.8
      vertex 22.8167 0.317053 8.8
      vertex 23.4457 0.229609 9.8
    endloop
  endfacet
  facet normal 0.705512 -0.471372 0.529209
    outer loop
      vertex 24.5196 -0.299999 9.8
      vertex 24.476 -0.365256 9.8
      vertex 24.9719 -0.745732 8.8
    endloop
  endfacet
  facet normal 0.165489 -0.832211 0.529186
    outer loop
      vertex 24.3171 -1.18326 8.8
      vertex 24.0783 -0.594867 9.8
      vertex 24.1599 -1.21452 8.8
    endloop
  endfacet
  facet normal 0.272813 -0.803451 0.529188
    outer loop
      vertex 24.4688 -1.13175 8.8
      vertex 24.2296 -0.554327 9.8
      vertex 24.3171 -1.18326 8.8
    endloop
  endfacet
  facet normal 0.272806 -0.803453 0.529188
    outer loop
      vertex 24.2296 -0.554327 9.8
      vertex 24.1553 -0.579555 9.8
      vertex 24.3171 -1.18326 8.8
    endloop
  endfacet
  facet normal -0.76093 0.375403 0.529205
    outer loop
      vertex 22.9391 0.612499 8.8
      vertex 22.8682 0.468787 8.8
      vertex 23.4804 0.299999 9.8
    endloop
  endfacet
  facet normal 0.638186 -0.559148 0.529219
    outer loop
      vertex 24.476 -0.365256 9.8
      vertex 24.4243 -0.424264 9.8
      vertex 24.9719 -0.745732 8.8
    endloop
  endfacet
  facet normal -0.471486 0.705458 0.529179
    outer loop
      vertex 23.3875 1.06088 8.8
      vertex 23.2543 0.971857 8.8
      vertex 23.7 0.519615 9.8
    endloop
  endfacet
  facet normal 0.559506 -0.637928 0.52915
    outer loop
      vertex 24.4243 -0.424264 9.8
      vertex 24.3653 -0.476011 9.8
      vertex 24.7457 -0.971857 8.8
    endloop
  endfacet
  facet normal 0.832232 -0.165417 0.529176
    outer loop
      vertex 24.5949 -0.0783148 9.8
      vertex 24.5796 -0.155291 9.8
      vertex 25.1833 -0.317053 8.8
    endloop
  endfacet
  facet normal -0.832232 0.165417 0.529176
    outer loop
      vertex 23.4204 0.155291 9.8
      vertex 22.8167 0.317053 8.8
      vertex 23.4051 0.0783148 9.8
    endloop
  endfacet
  facet normal -0.375307 -0.760993 0.529182
    outer loop
      vertex 23.7 -0.519615 9.8
      vertex 23.3875 -1.06088 8.8
      vertex 23.5312 -1.13175 8.8
    endloop
  endfacet
  facet normal -0.471208 0.705666 0.529149
    outer loop
      vertex 23.7 0.519615 9.8
      vertex 23.2543 0.971857 8.8
      vertex 23.6347 0.476011 9.8
    endloop
  endfacet
  facet normal -0.0554945 0.846691 0.529183
    outer loop
      vertex 24 1.225 8.8
      vertex 23.9217 0.594867 9.8
      vertex 24 0.599999 9.8
    endloop
  endfacet
  facet normal -0.803254 0.273451 0.529158
    outer loop
      vertex 23.4457 0.229609 9.8
      vertex 22.8167 0.317053 8.8
      vertex 23.4204 0.155291 9.8
    endloop
  endfacet
  facet normal -0.705512 0.471372 0.529209
    outer loop
      vertex 23.524 0.365256 9.8
      vertex 23.0281 0.745732 8.8
      vertex 23.4804 0.299999 9.8
    endloop
  endfacet
  facet normal -0.638186 0.559148 0.529219
    outer loop
      vertex 23.5757 0.424264 9.8
      vertex 23.0281 0.745732 8.8
      vertex 23.524 0.365256 9.8
    endloop
  endfacet
  facet normal -0.055493 -0.846691 0.529183
    outer loop
      vertex 23.9217 -0.594867 9.8
      vertex 23.8401 -1.21452 8.8
      vertex 24 -1.225 8.8
    endloop
  endfacet
  facet normal -0.165491 -0.832211 0.529186
    outer loop
      vertex 23.8447 -0.579555 9.8
      vertex 23.6829 -1.18326 8.8
      vertex 23.9217 -0.594867 9.8
    endloop
  endfacet
  facet normal -0.559506 -0.637928 0.52915
    outer loop
      vertex 23.5757 -0.424264 9.8
      vertex 23.2543 -0.971857 8.8
      vertex 23.6347 -0.476011 9.8
    endloop
  endfacet
  facet normal 0.980771 0.19516 0
    outer loop
      vertex 1.98289 12.2611 2.8
      vertex 1.93185 12.5176 0
      vertex 1.93185 12.5176 2.8
    endloop
  endfacet
  facet normal 0.980771 0.19516 0
    outer loop
      vertex 1.93185 12.5176 0
      vertex 1.98289 12.2611 2.8
      vertex 1.98289 12.2611 0
    endloop
  endfacet
  facet normal 0.99786 0.0653902 0
    outer loop
      vertex 2 12 2.8
      vertex 1.98289 12.2611 0
      vertex 1.98289 12.2611 2.8
    endloop
  endfacet
  facet normal 0.99786 0.0653902 0
    outer loop
      vertex 1.98289 12.2611 0
      vertex 2 12 2.8
      vertex 2 12 0
    endloop
  endfacet
  facet normal 0.0653641 0.997861 -0
    outer loop
      vertex 0.261052 13.9829 0
      vertex 0 14 2.8
      vertex 0.261052 13.9829 2.8
    endloop
  endfacet
  facet normal 0.0653641 0.997861 0
    outer loop
      vertex 0 14 2.8
      vertex 0.261052 13.9829 0
      vertex 0 14 0
    endloop
  endfacet
  facet normal -0.194951 0.980813 0
    outer loop
      vertex -0.261052 13.9829 0
      vertex -0.517637 13.9319 2.8
      vertex -0.261052 13.9829 2.8
    endloop
  endfacet
  facet normal -0.194951 0.980813 0
    outer loop
      vertex -0.517637 13.9319 2.8
      vertex -0.261052 13.9829 0
      vertex -0.517637 13.9319 0
    endloop
  endfacet
  facet normal 0.555459 -0.831544 0
    outer loop
      vertex 1 10.268 0
      vertex 1.21752 10.4133 2.8
      vertex 1 10.268 2.8
    endloop
  endfacet
  facet normal 0.555459 -0.831544 0
    outer loop
      vertex 1.21752 10.4133 2.8
      vertex 1 10.268 0
      vertex 1.21752 10.4133 0
    endloop
  endfacet
  facet normal -0.896845 0.442344 0
    outer loop
      vertex -1.84776 12.7654 0
      vertex -1.73205 13 2.8
      vertex -1.73205 13 0
    endloop
  endfacet
  facet normal -0.896845 0.442344 0
    outer loop
      vertex -1.73205 13 2.8
      vertex -1.84776 12.7654 0
      vertex -1.84776 12.7654 2.8
    endloop
  endfacet
  facet normal -0.946961 0.321348 0
    outer loop
      vertex -1.93185 12.5176 0
      vertex -1.84776 12.7654 2.8
      vertex -1.84776 12.7654 0
    endloop
  endfacet
  facet normal -0.946961 0.321348 0
    outer loop
      vertex -1.84776 12.7654 2.8
      vertex -1.93185 12.5176 0
      vertex -1.93185 12.5176 2.8
    endloop
  endfacet
  facet normal -0.321463 0.946922 0
    outer loop
      vertex -0.517637 13.9319 0
      vertex -0.765367 13.8478 2.8
      vertex -0.517637 13.9319 2.8
    endloop
  endfacet
  facet normal -0.321463 0.946922 0
    outer loop
      vertex -0.765367 13.8478 2.8
      vertex -0.517637 13.9319 0
      vertex -0.765367 13.8478 0
    endloop
  endfacet
  facet normal 0.99786 -0.0653902 0
    outer loop
      vertex 1.98289 11.7389 2.8
      vertex 2 12 0
      vertex 2 12 2.8
    endloop
  endfacet
  facet normal 0.99786 -0.0653902 0
    outer loop
      vertex 2 12 0
      vertex 1.98289 11.7389 2.8
      vertex 1.98289 11.7389 0
    endloop
  endfacet
  facet normal -0.946961 -0.321348 0
    outer loop
      vertex -1.84776 11.2346 0
      vertex -1.93185 11.4824 2.8
      vertex -1.93185 11.4824 0
    endloop
  endfacet
  facet normal -0.946961 -0.321348 0
    outer loop
      vertex -1.93185 11.4824 2.8
      vertex -1.84776 11.2346 0
      vertex -1.84776 11.2346 2.8
    endloop
  endfacet
  facet normal -0.83145 0.5556 0
    outer loop
      vertex -1.73205 13 0
      vertex -1.58671 13.2175 2.8
      vertex -1.58671 13.2175 0
    endloop
  endfacet
  facet normal -0.83145 0.5556 0
    outer loop
      vertex -1.58671 13.2175 2.8
      vertex -1.73205 13 0
      vertex -1.73205 13 2.8
    endloop
  endfacet
  facet normal -0.980771 0.19516 0
    outer loop
      vertex -1.98289 12.2611 0
      vertex -1.93185 12.5176 2.8
      vertex -1.93185 12.5176 0
    endloop
  endfacet
  facet normal -0.980771 0.19516 0
    outer loop
      vertex -1.93185 12.5176 2.8
      vertex -1.98289 12.2611 0
      vertex -1.98289 12.2611 2.8
    endloop
  endfacet
  facet normal 0.946961 -0.321348 0
    outer loop
      vertex 1.84776 11.2346 2.8
      vertex 1.93185 11.4824 0
      vertex 1.93185 11.4824 2.8
    endloop
  endfacet
  facet normal 0.946961 -0.321348 0
    outer loop
      vertex 1.93185 11.4824 0
      vertex 1.84776 11.2346 2.8
      vertex 1.84776 11.2346 0
    endloop
  endfacet
  facet normal 0.659362 -0.751826 0
    outer loop
      vertex 1.21752 10.4133 0
      vertex 1.41421 10.5858 2.8
      vertex 1.21752 10.4133 2.8
    endloop
  endfacet
  facet normal 0.659362 -0.751826 0
    outer loop
      vertex 1.41421 10.5858 2.8
      vertex 1.21752 10.4133 0
      vertex 1.41421 10.5858 0
    endloop
  endfacet
  facet normal 0.321463 0.946922 -0
    outer loop
      vertex 0.765367 13.8478 0
      vertex 0.517637 13.9319 2.8
      vertex 0.765367 13.8478 2.8
    endloop
  endfacet
  facet normal 0.321463 0.946922 0
    outer loop
      vertex 0.517637 13.9319 2.8
      vertex 0.765367 13.8478 0
      vertex 0.517637 13.9319 0
    endloop
  endfacet
  facet normal -0.751842 -0.659343 0
    outer loop
      vertex -1.41421 10.5858 0
      vertex -1.58671 10.7825 2.8
      vertex -1.58671 10.7825 0
    endloop
  endfacet
  facet normal -0.751842 -0.659343 0
    outer loop
      vertex -1.58671 10.7825 2.8
      vertex -1.41421 10.5858 0
      vertex -1.41421 10.5858 2.8
    endloop
  endfacet
  facet normal -0.659362 0.751826 0
    outer loop
      vertex -1.21752 13.5867 0
      vertex -1.41421 13.4142 2.8
      vertex -1.21752 13.5867 2.8
    endloop
  endfacet
  facet normal -0.659362 0.751826 0
    outer loop
      vertex -1.41421 13.4142 2.8
      vertex -1.21752 13.5867 0
      vertex -1.41421 13.4142 0
    endloop
  endfacet
  facet normal -0.99786 0.0653902 0
    outer loop
      vertex -2 12 0
      vertex -1.98289 12.2611 2.8
      vertex -1.98289 12.2611 0
    endloop
  endfacet
  facet normal -0.99786 0.0653902 0
    outer loop
      vertex -1.98289 12.2611 2.8
      vertex -2 12 0
      vertex -2 12 2.8
    endloop
  endfacet
  facet normal 0.555459 0.831544 -0
    outer loop
      vertex 1.21752 13.5867 0
      vertex 1 13.732 2.8
      vertex 1.21752 13.5867 2.8
    endloop
  endfacet
  facet normal 0.555459 0.831544 0
    outer loop
      vertex 1 13.732 2.8
      vertex 1.21752 13.5867 0
      vertex 1 13.732 0
    endloop
  endfacet
  facet normal 0.83145 -0.5556 0
    outer loop
      vertex 1.58671 10.7825 2.8
      vertex 1.73205 11 0
      vertex 1.73205 11 2.8
    endloop
  endfacet
  facet normal 0.83145 -0.5556 0
    outer loop
      vertex 1.73205 11 0
      vertex 1.58671 10.7825 2.8
      vertex 1.58671 10.7825 0
    endloop
  endfacet
  facet normal 0.83145 0.5556 0
    outer loop
      vertex 1.73205 13 2.8
      vertex 1.58671 13.2175 0
      vertex 1.58671 13.2175 2.8
    endloop
  endfacet
  facet normal 0.83145 0.5556 0
    outer loop
      vertex 1.58671 13.2175 0
      vertex 1.73205 13 2.8
      vertex 1.73205 13 0
    endloop
  endfacet
  facet normal -0.751842 0.659343 0
    outer loop
      vertex -1.58671 13.2175 0
      vertex -1.41421 13.4142 2.8
      vertex -1.41421 13.4142 0
    endloop
  endfacet
  facet normal -0.751842 0.659343 0
    outer loop
      vertex -1.41421 13.4142 2.8
      vertex -1.58671 13.2175 0
      vertex -1.58671 13.2175 2.8
    endloop
  endfacet
  facet normal 0.321463 -0.946922 0
    outer loop
      vertex 0.517637 10.0681 0
      vertex 0.765367 10.1522 2.8
      vertex 0.517637 10.0681 2.8
    endloop
  endfacet
  facet normal 0.321463 -0.946922 0
    outer loop
      vertex 0.765367 10.1522 2.8
      vertex 0.517637 10.0681 0
      vertex 0.765367 10.1522 0
    endloop
  endfacet
  facet normal 0.442571 -0.896734 0
    outer loop
      vertex 0.765367 10.1522 0
      vertex 1 10.268 2.8
      vertex 0.765367 10.1522 2.8
    endloop
  endfacet
  facet normal 0.442571 -0.896734 0
    outer loop
      vertex 1 10.268 2.8
      vertex 0.765367 10.1522 0
      vertex 1 10.268 0
    endloop
  endfacet
  facet normal 0.751842 0.659343 0
    outer loop
      vertex 1.58671 13.2175 2.8
      vertex 1.41421 13.4142 0
      vertex 1.41421 13.4142 2.8
    endloop
  endfacet
  facet normal 0.751842 0.659343 0
    outer loop
      vertex 1.41421 13.4142 0
      vertex 1.58671 13.2175 2.8
      vertex 1.58671 13.2175 0
    endloop
  endfacet
  facet normal 0.0653641 -0.997861 0
    outer loop
      vertex 0 10 0
      vertex 0.261052 10.0171 2.8
      vertex 0 10 2.8
    endloop
  endfacet
  facet normal 0.0653641 -0.997861 0
    outer loop
      vertex 0.261052 10.0171 2.8
      vertex 0 10 0
      vertex 0.261052 10.0171 0
    endloop
  endfacet
  facet normal 0.659362 0.751826 -0
    outer loop
      vertex 1.41421 13.4142 0
      vertex 1.21752 13.5867 2.8
      vertex 1.41421 13.4142 2.8
    endloop
  endfacet
  facet normal 0.659362 0.751826 0
    outer loop
      vertex 1.21752 13.5867 2.8
      vertex 1.41421 13.4142 0
      vertex 1.21752 13.5867 0
    endloop
  endfacet
  facet normal -0.99786 -0.0653902 0
    outer loop
      vertex -1.98289 11.7389 0
      vertex -2 12 2.8
      vertex -2 12 0
    endloop
  endfacet
  facet normal -0.99786 -0.0653902 0
    outer loop
      vertex -2 12 2.8
      vertex -1.98289 11.7389 0
      vertex -1.98289 11.7389 2.8
    endloop
  endfacet
  facet normal -0.659362 -0.751826 0
    outer loop
      vertex -1.41421 10.5858 0
      vertex -1.21752 10.4133 2.8
      vertex -1.41421 10.5858 2.8
    endloop
  endfacet
  facet normal -0.659362 -0.751826 -0
    outer loop
      vertex -1.21752 10.4133 2.8
      vertex -1.41421 10.5858 0
      vertex -1.21752 10.4133 0
    endloop
  endfacet
  facet normal -0.555459 0.831544 0
    outer loop
      vertex -1 13.732 0
      vertex -1.21752 13.5867 2.8
      vertex -1 13.732 2.8
    endloop
  endfacet
  facet normal -0.555459 0.831544 0
    outer loop
      vertex -1.21752 13.5867 2.8
      vertex -1 13.732 0
      vertex -1.21752 13.5867 0
    endloop
  endfacet
  facet normal 0.896845 0.442344 0
    outer loop
      vertex 1.84776 12.7654 2.8
      vertex 1.73205 13 0
      vertex 1.73205 13 2.8
    endloop
  endfacet
  facet normal 0.896845 0.442344 0
    outer loop
      vertex 1.73205 13 0
      vertex 1.84776 12.7654 2.8
      vertex 1.84776 12.7654 0
    endloop
  endfacet
  facet normal -0.0653641 -0.997861 0
    outer loop
      vertex -0.261052 10.0171 0
      vertex 0 10 2.8
      vertex -0.261052 10.0171 2.8
    endloop
  endfacet
  facet normal -0.0653641 -0.997861 -0
    outer loop
      vertex 0 10 2.8
      vertex -0.261052 10.0171 0
      vertex 0 10 0
    endloop
  endfacet
  facet normal 0.194951 -0.980813 0
    outer loop
      vertex 0.261052 10.0171 0
      vertex 0.517637 10.0681 2.8
      vertex 0.261052 10.0171 2.8
    endloop
  endfacet
  facet normal 0.194951 -0.980813 0
    outer loop
      vertex 0.517637 10.0681 2.8
      vertex 0.261052 10.0171 0
      vertex 0.517637 10.0681 0
    endloop
  endfacet
  facet normal 0.442571 0.896734 -0
    outer loop
      vertex 1 13.732 0
      vertex 0.765367 13.8478 2.8
      vertex 1 13.732 2.8
    endloop
  endfacet
  facet normal 0.442571 0.896734 0
    outer loop
      vertex 0.765367 13.8478 2.8
      vertex 1 13.732 0
      vertex 0.765367 13.8478 0
    endloop
  endfacet
  facet normal 0.896845 -0.442344 0
    outer loop
      vertex 1.73205 11 2.8
      vertex 1.84776 11.2346 0
      vertex 1.84776 11.2346 2.8
    endloop
  endfacet
  facet normal 0.896845 -0.442344 0
    outer loop
      vertex 1.84776 11.2346 0
      vertex 1.73205 11 2.8
      vertex 1.73205 11 0
    endloop
  endfacet
  facet normal 0.980771 -0.19516 0
    outer loop
      vertex 1.93185 11.4824 2.8
      vertex 1.98289 11.7389 0
      vertex 1.98289 11.7389 2.8
    endloop
  endfacet
  facet normal 0.980771 -0.19516 0
    outer loop
      vertex 1.98289 11.7389 0
      vertex 1.93185 11.4824 2.8
      vertex 1.93185 11.4824 0
    endloop
  endfacet
  facet normal -0.980771 -0.19516 0
    outer loop
      vertex -1.93185 11.4824 0
      vertex -1.98289 11.7389 2.8
      vertex -1.98289 11.7389 0
    endloop
  endfacet
  facet normal -0.980771 -0.19516 0
    outer loop
      vertex -1.98289 11.7389 2.8
      vertex -1.93185 11.4824 0
      vertex -1.93185 11.4824 2.8
    endloop
  endfacet
  facet normal -0.194951 -0.980813 0
    outer loop
      vertex -0.517637 10.0681 0
      vertex -0.261052 10.0171 2.8
      vertex -0.517637 10.0681 2.8
    endloop
  endfacet
  facet normal -0.194951 -0.980813 -0
    outer loop
      vertex -0.261052 10.0171 2.8
      vertex -0.517637 10.0681 0
      vertex -0.261052 10.0171 0
    endloop
  endfacet
  facet normal 0.194951 0.980813 -0
    outer loop
      vertex 0.517637 13.9319 0
      vertex 0.261052 13.9829 2.8
      vertex 0.517637 13.9319 2.8
    endloop
  endfacet
  facet normal 0.194951 0.980813 0
    outer loop
      vertex 0.261052 13.9829 2.8
      vertex 0.517637 13.9319 0
      vertex 0.261052 13.9829 0
    endloop
  endfacet
  facet normal 0.946961 0.321348 0
    outer loop
      vertex 1.93185 12.5176 2.8
      vertex 1.84776 12.7654 0
      vertex 1.84776 12.7654 2.8
    endloop
  endfacet
  facet normal 0.946961 0.321348 0
    outer loop
      vertex 1.84776 12.7654 0
      vertex 1.93185 12.5176 2.8
      vertex 1.93185 12.5176 0
    endloop
  endfacet
  facet normal 0.751842 -0.659343 0
    outer loop
      vertex 1.41421 10.5858 2.8
      vertex 1.58671 10.7825 0
      vertex 1.58671 10.7825 2.8
    endloop
  endfacet
  facet normal 0.751842 -0.659343 0
    outer loop
      vertex 1.58671 10.7825 0
      vertex 1.41421 10.5858 2.8
      vertex 1.41421 10.5858 0
    endloop
  endfacet
  facet normal -0.83145 -0.5556 0
    outer loop
      vertex -1.58671 10.7825 0
      vertex -1.73205 11 2.8
      vertex -1.73205 11 0
    endloop
  endfacet
  facet normal -0.83145 -0.5556 0
    outer loop
      vertex -1.73205 11 2.8
      vertex -1.58671 10.7825 0
      vertex -1.58671 10.7825 2.8
    endloop
  endfacet
  facet normal -0.0653641 0.997861 0
    outer loop
      vertex 0 14 0
      vertex -0.261052 13.9829 2.8
      vertex 0 14 2.8
    endloop
  endfacet
  facet normal -0.0653641 0.997861 0
    outer loop
      vertex -0.261052 13.9829 2.8
      vertex 0 14 0
      vertex -0.261052 13.9829 0
    endloop
  endfacet
  facet normal -0.321463 -0.946922 0
    outer loop
      vertex -0.765367 10.1522 0
      vertex -0.517637 10.0681 2.8
      vertex -0.765367 10.1522 2.8
    endloop
  endfacet
  facet normal -0.321463 -0.946922 -0
    outer loop
      vertex -0.517637 10.0681 2.8
      vertex -0.765367 10.1522 0
      vertex -0.517637 10.0681 0
    endloop
  endfacet
  facet normal -0.442571 0.896734 0
    outer loop
      vertex -0.765367 13.8478 0
      vertex -1 13.732 2.8
      vertex -0.765367 13.8478 2.8
    endloop
  endfacet
  facet normal -0.442571 0.896734 0
    outer loop
      vertex -1 13.732 2.8
      vertex -0.765367 13.8478 0
      vertex -1 13.732 0
    endloop
  endfacet
  facet normal -0.442571 -0.896734 0
    outer loop
      vertex -1 10.268 0
      vertex -0.765367 10.1522 2.8
      vertex -1 10.268 2.8
    endloop
  endfacet
  facet normal -0.442571 -0.896734 -0
    outer loop
      vertex -0.765367 10.1522 2.8
      vertex -1 10.268 0
      vertex -0.765367 10.1522 0
    endloop
  endfacet
  facet normal -0.896845 -0.442344 0
    outer loop
      vertex -1.73205 11 0
      vertex -1.84776 11.2346 2.8
      vertex -1.84776 11.2346 0
    endloop
  endfacet
  facet normal -0.896845 -0.442344 0
    outer loop
      vertex -1.84776 11.2346 2.8
      vertex -1.73205 11 0
      vertex -1.73205 11 2.8
    endloop
  endfacet
  facet normal 0 0 -1
    outer loop
      vertex 1.98289 11.7389 0
      vertex 1.98289 12.2611 0
      vertex 2 12 0
    endloop
  endfacet
  facet normal 0 0 -1
    outer loop
      vertex 1.93185 11.4824 0
      vertex 1.98289 12.2611 0
      vertex 1.98289 11.7389 0
    endloop
  endfacet
  facet normal 0 0 -1
    outer loop
      vertex 1.93185 11.4824 0
      vertex 1.93185 12.5176 0
      vertex 1.98289 12.2611 0
    endloop
  endfacet
  facet normal 0 0 -1
    outer loop
      vertex 1.84776 11.2346 0
      vertex 1.93185 12.5176 0
      vertex 1.93185 11.4824 0
    endloop
  endfacet
  facet normal 0 0 -1
    outer loop
      vertex 1.84776 11.2346 0
      vertex 1.84776 12.7654 0
      vertex 1.93185 12.5176 0
    endloop
  endfacet
  facet normal 0 0 -1
    outer loop
      vertex 1.73205 11 0
      vertex 1.84776 12.7654 0
      vertex 1.84776 11.2346 0
    endloop
  endfacet
  facet normal 0 0 -1
    outer loop
      vertex 1.73205 11 0
      vertex 1.73205 13 0
      vertex 1.84776 12.7654 0
    endloop
  endfacet
  facet normal 0 0 -1
    outer loop
      vertex 1.58671 10.7825 0
      vertex 1.73205 13 0
      vertex 1.73205 11 0
    endloop
  endfacet
  facet normal 0 0 -1
    outer loop
      vertex 1.58671 10.7825 0
      vertex 1.58671 13.2175 0
      vertex 1.73205 13 0
    endloop
  endfacet
  facet normal 0 0 -1
    outer loop
      vertex 1.41421 10.5858 0
      vertex 1.58671 13.2175 0
      vertex 1.58671 10.7825 0
    endloop
  endfacet
  facet normal 0 0 -1
    outer loop
      vertex 1.41421 10.5858 0
      vertex 1.41421 13.4142 0
      vertex 1.58671 13.2175 0
    endloop
  endfacet
  facet normal 0 0 -1
    outer loop
      vertex 1.21752 10.4133 0
      vertex 1.41421 13.4142 0
      vertex 1.41421 10.5858 0
    endloop
  endfacet
  facet normal 0 0 -1
    outer loop
      vertex 1.21752 10.4133 0
      vertex 1.21752 13.5867 0
      vertex 1.41421 13.4142 0
    endloop
  endfacet
  facet normal 0 0 -1
    outer loop
      vertex 1 10.268 0
      vertex 1.21752 13.5867 0
      vertex 1.21752 10.4133 0
    endloop
  endfacet
  facet normal 0 0 -1
    outer loop
      vertex 1 10.268 0
      vertex 1 13.732 0
      vertex 1.21752 13.5867 0
    endloop
  endfacet
  facet normal 0 0 -1
    outer loop
      vertex 0.765367 10.1522 0
      vertex 1 13.732 0
      vertex 1 10.268 0
    endloop
  endfacet
  facet normal 0 0 -1
    outer loop
      vertex 0.765367 10.1522 0
      vertex 0.765367 13.8478 0
      vertex 1 13.732 0
    endloop
  endfacet
  facet normal 0 0 -1
    outer loop
      vertex 0.517637 10.0681 0
      vertex 0.765367 13.8478 0
      vertex 0.765367 10.1522 0
    endloop
  endfacet
  facet normal 0 0 -1
    outer loop
      vertex 0.517637 10.0681 0
      vertex 0.517637 13.9319 0
      vertex 0.765367 13.8478 0
    endloop
  endfacet
  facet normal 0 0 -1
    outer loop
      vertex 0.261052 10.0171 0
      vertex 0.517637 13.9319 0
      vertex 0.517637 10.0681 0
    endloop
  endfacet
  facet normal 0 0 -1
    outer loop
      vertex 0.261052 10.0171 0
      vertex 0.261052 13.9829 0
      vertex 0.517637 13.9319 0
    endloop
  endfacet
  facet normal 0 0 -1
    outer loop
      vertex 0 10 0
      vertex 0.261052 13.9829 0
      vertex 0.261052 10.0171 0
    endloop
  endfacet
  facet normal 0 0 -1
    outer loop
      vertex 0 10 0
      vertex 0 14 0
      vertex 0.261052 13.9829 0
    endloop
  endfacet
  facet normal 0 0 -1
    outer loop
      vertex -0.261052 10.0171 0
      vertex 0 14 0
      vertex 0 10 0
    endloop
  endfacet
  facet normal 0 0 -1
    outer loop
      vertex -0.261052 10.0171 0
      vertex -0.261052 13.9829 0
      vertex 0 14 0
    endloop
  endfacet
  facet normal 0 0 -1
    outer loop
      vertex -0.517637 10.0681 0
      vertex -0.261052 13.9829 0
      vertex -0.261052 10.0171 0
    endloop
  endfacet
  facet normal 0 0 -1
    outer loop
      vertex -0.517637 10.0681 0
      vertex -0.517637 13.9319 0
      vertex -0.261052 13.9829 0
    endloop
  endfacet
  facet normal 0 0 -1
    outer loop
      vertex -0.765367 10.1522 0
      vertex -0.517637 13.9319 0
      vertex -0.517637 10.0681 0
    endloop
  endfacet
  facet normal 0 0 -1
    outer loop
      vertex -0.765367 10.1522 0
      vertex -0.765367 13.8478 0
      vertex -0.517637 13.9319 0
    endloop
  endfacet
  facet normal 0 0 -1
    outer loop
      vertex -1 10.268 0
      vertex -0.765367 13.8478 0
      vertex -0.765367 10.1522 0
    endloop
  endfacet
  facet normal 0 0 -1
    outer loop
      vertex -1 10.268 0
      vertex -1 13.732 0
      vertex -0.765367 13.8478 0
    endloop
  endfacet
  facet normal 0 0 -1
    outer loop
      vertex -1.21752 10.4133 0
      vertex -1 13.732 0
      vertex -1 10.268 0
    endloop
  endfacet
  facet normal 0 0 -1
    outer loop
      vertex -1.21752 10.4133 0
      vertex -1.21752 13.5867 0
      vertex -1 13.732 0
    endloop
  endfacet
  facet normal 0 0 -1
    outer loop
      vertex -1.41421 10.5858 0
      vertex -1.21752 13.5867 0
      vertex -1.21752 10.4133 0
    endloop
  endfacet
  facet normal 0 0 -1
    outer loop
      vertex -1.41421 10.5858 0
      vertex -1.41421 13.4142 0
      vertex -1.21752 13.5867 0
    endloop
  endfacet
  facet normal 0 0 -1
    outer loop
      vertex -1.58671 10.7825 0
      vertex -1.41421 13.4142 0
      vertex -1.41421 10.5858 0
    endloop
  endfacet
  facet normal 0 0 -1
    outer loop
      vertex -1.58671 10.7825 0
      vertex -1.58671 13.2175 0
      vertex -1.41421 13.4142 0
    endloop
  endfacet
  facet normal 0 0 -1
    outer loop
      vertex -1.73205 11 0
      vertex -1.58671 13.2175 0
      vertex -1.58671 10.7825 0
    endloop
  endfacet
  facet normal 0 0 -1
    outer loop
      vertex -1.73205 11 0
      vertex -1.73205 13 0
      vertex -1.58671 13.2175 0
    endloop
  endfacet
  facet normal 0 0 -1
    outer loop
      vertex -1.84776 11.2346 0
      vertex -1.73205 13 0
      vertex -1.73205 11 0
    endloop
  endfacet
  facet normal 0 0 -1
    outer loop
      vertex -1.84776 11.2346 0
      vertex -1.84776 12.7654 0
      vertex -1.73205 13 0
    endloop
  endfacet
  facet normal 0 0 -1
    outer loop
      vertex -1.93185 11.4824 0
      vertex -1.84776 12.7654 0
      vertex -1.84776 11.2346 0
    endloop
  endfacet
  facet normal 0 0 -1
    outer loop
      vertex -1.93185 11.4824 0
      vertex -1.93185 12.5176 0
      vertex -1.84776 12.7654 0
    endloop
  endfacet
  facet normal 0 0 -1
    outer loop
      vertex -1.98289 11.7389 0
      vertex -1.93185 12.5176 0
      vertex -1.93185 11.4824 0
    endloop
  endfacet
  facet normal 0 0 -1
    outer loop
      vertex -1.98289 11.7389 0
      vertex -1.98289 12.2611 0
      vertex -1.93185 12.5176 0
    endloop
  endfacet
  facet normal 0 -0 -1
    outer loop
      vertex -1.98289 12.2611 0
      vertex -1.98289 11.7389 0
      vertex -2 12 0
    endloop
  endfacet
  facet normal -0.555459 -0.831544 0
    outer loop
      vertex -1.21752 10.4133 0
      vertex -1 10.268 2.8
      vertex -1.21752 10.4133 2.8
    endloop
  endfacet
  facet normal -0.555459 -0.831544 -0
    outer loop
      vertex -1 10.268 2.8
      vertex -1.21752 10.4133 0
      vertex -1 10.268 0
    endloop
  endfacet
  facet normal 0 0 -1
    outer loop
      vertex 2 12 2.8
      vertex 3.5 12 2.8
      vertex 3.47006 11.5432 2.8
    endloop
  endfacet
  facet normal 0 0 -1
    outer loop
      vertex 1.98289 11.7389 2.8
      vertex 3.47006 11.5432 2.8
      vertex 3.38074 11.0941 2.8
    endloop
  endfacet
  facet normal 0 0 -1
    outer loop
      vertex 3.5 12 2.8
      vertex 2 12 2.8
      vertex 3.47006 12.4568 2.8
    endloop
  endfacet
  facet normal 0 0 -1
    outer loop
      vertex 1.93185 11.4824 2.8
      vertex 3.38074 11.0941 2.8
      vertex 3.23358 10.6606 2.8
    endloop
  endfacet
  facet normal 0 0 -1
    outer loop
      vertex 1.98289 12.2611 2.8
      vertex 3.47006 12.4568 2.8
      vertex 2 12 2.8
    endloop
  endfacet
  facet normal 0 0 -1
    outer loop
      vertex 1.84776 11.2346 2.8
      vertex 3.23358 10.6606 2.8
      vertex 3.03109 10.25 2.8
    endloop
  endfacet
  facet normal -0 0 -1
    outer loop
      vertex 3.47006 12.4568 2.8
      vertex 1.98289 12.2611 2.8
      vertex 3.38074 12.9059 2.8
    endloop
  endfacet
  facet normal 0 0 -1
    outer loop
      vertex 1.73205 11 2.8
      vertex 3.03109 10.25 2.8
      vertex 2.77674 9.86934 2.8
    endloop
  endfacet
  facet normal 0 0 -1
    outer loop
      vertex 1.93185 12.5176 2.8
      vertex 3.38074 12.9059 2.8
      vertex 1.98289 12.2611 2.8
    endloop
  endfacet
  facet normal 0 0 -1
    outer loop
      vertex 1.58671 10.7825 2.8
      vertex 2.77674 9.86934 2.8
      vertex 2.47487 9.52513 2.8
    endloop
  endfacet
  facet normal -0 0 -1
    outer loop
      vertex 3.38074 12.9059 2.8
      vertex 1.93185 12.5176 2.8
      vertex 3.23358 13.3394 2.8
    endloop
  endfacet
  facet normal 0 0 -1
    outer loop
      vertex 1.41421 10.5858 2.8
      vertex 2.47487 9.52513 2.8
      vertex 2.13066 9.22326 2.8
    endloop
  endfacet
  facet normal 0 0 -1
    outer loop
      vertex 1.84776 12.7654 2.8
      vertex 3.23358 13.3394 2.8
      vertex 1.93185 12.5176 2.8
    endloop
  endfacet
  facet normal -0 0 -1
    outer loop
      vertex 3.23358 13.3394 2.8
      vertex 1.84776 12.7654 2.8
      vertex 3.03109 13.75 2.8
    endloop
  endfacet
  facet normal 0 0 -1
    outer loop
      vertex 3.47006 11.5432 2.8
      vertex 1.98289 11.7389 2.8
      vertex 2 12 2.8
    endloop
  endfacet
  facet normal 0 0 -1
    outer loop
      vertex 3.38074 11.0941 2.8
      vertex 1.93185 11.4824 2.8
      vertex 1.98289 11.7389 2.8
    endloop
  endfacet
  facet normal 0 0 -1
    outer loop
      vertex 3.23358 10.6606 2.8
      vertex 1.84776 11.2346 2.8
      vertex 1.93185 11.4824 2.8
    endloop
  endfacet
  facet normal 0 0 -1
    outer loop
      vertex 1.21752 10.4133 2.8
      vertex 2.13066 9.22326 2.8
      vertex 1.75 8.96891 2.8
    endloop
  endfacet
  facet normal 0 0 -1
    outer loop
      vertex 3.03109 10.25 2.8
      vertex 1.73205 11 2.8
      vertex 1.84776 11.2346 2.8
    endloop
  endfacet
  facet normal 0 0 -1
    outer loop
      vertex 2.77674 9.86934 2.8
      vertex 1.58671 10.7825 2.8
      vertex 1.73205 11 2.8
    endloop
  endfacet
  facet normal 0 0 -1
    outer loop
      vertex 2.47487 9.52513 2.8
      vertex 1.41421 10.5858 2.8
      vertex 1.58671 10.7825 2.8
    endloop
  endfacet
  facet normal 0 0 -1
    outer loop
      vertex 1 10.268 2.8
      vertex 1.75 8.96891 2.8
      vertex 1.33939 8.76642 2.8
    endloop
  endfacet
  facet normal 0 0 -1
    outer loop
      vertex 2.13066 9.22326 2.8
      vertex 1.21752 10.4133 2.8
      vertex 1.41421 10.5858 2.8
    endloop
  endfacet
  facet normal 0 0 -1
    outer loop
      vertex 1.75 8.96891 2.8
      vertex 1 10.268 2.8
      vertex 1.21752 10.4133 2.8
    endloop
  endfacet
  facet normal 0 0 -1
    outer loop
      vertex 0.765367 10.1522 2.8
      vertex 1.33939 8.76642 2.8
      vertex 0.905867 8.61926 2.8
    endloop
  endfacet
  facet normal 0 0 -1
    outer loop
      vertex 1.33939 8.76642 2.8
      vertex 0.765367 10.1522 2.8
      vertex 1 10.268 2.8
    endloop
  endfacet
  facet normal 0 0 -1
    outer loop
      vertex 0.905867 8.61926 2.8
      vertex 0.517637 10.0681 2.8
      vertex 0.765367 10.1522 2.8
    endloop
  endfacet
  facet normal 0 0 -1
    outer loop
      vertex 0.456841 8.52994 2.8
      vertex 0.517637 10.0681 2.8
      vertex 0.905867 8.61926 2.8
    endloop
  endfacet
  facet normal 0 0 -1
    outer loop
      vertex 0.456841 8.52994 2.8
      vertex 0.261052 10.0171 2.8
      vertex 0.517637 10.0681 2.8
    endloop
  endfacet
  facet normal 0 0 -1
    outer loop
      vertex 0 8.5 2.8
      vertex 0.261052 10.0171 2.8
      vertex 0.456841 8.52994 2.8
    endloop
  endfacet
  facet normal 0 0 -1
    outer loop
      vertex 0 8.5 2.8
      vertex 0 10 2.8
      vertex 0.261052 10.0171 2.8
    endloop
  endfacet
  facet normal 0 0 -1
    outer loop
      vertex 0 8.5 2.8
      vertex -0.261052 10.0171 2.8
      vertex 0 10 2.8
    endloop
  endfacet
  facet normal 0 0 -1
    outer loop
      vertex -0.456841 8.52994 2.8
      vertex -0.261052 10.0171 2.8
      vertex 0 8.5 2.8
    endloop
  endfacet
  facet normal 0 0 -1
    outer loop
      vertex -0.456841 8.52994 2.8
      vertex -0.517637 10.0681 2.8
      vertex -0.261052 10.0171 2.8
    endloop
  endfacet
  facet normal 0 0 -1
    outer loop
      vertex -0.905867 8.61926 2.8
      vertex -0.517637 10.0681 2.8
      vertex -0.456841 8.52994 2.8
    endloop
  endfacet
  facet normal -0 0 -1
    outer loop
      vertex -0.517637 10.0681 2.8
      vertex -0.905867 8.61926 2.8
      vertex -0.765367 10.1522 2.8
    endloop
  endfacet
  facet normal 0 0 -1
    outer loop
      vertex -1.33939 8.76642 2.8
      vertex -0.765367 10.1522 2.8
      vertex -0.905867 8.61926 2.8
    endloop
  endfacet
  facet normal -0 0 -1
    outer loop
      vertex -0.765367 10.1522 2.8
      vertex -1.33939 8.76642 2.8
      vertex -1 10.268 2.8
    endloop
  endfacet
  facet normal 0 0 -1
    outer loop
      vertex -1.75 8.96891 2.8
      vertex -1 10.268 2.8
      vertex -1.33939 8.76642 2.8
    endloop
  endfacet
  facet normal -0 0 -1
    outer loop
      vertex -1 10.268 2.8
      vertex -1.75 8.96891 2.8
      vertex -1.21752 10.4133 2.8
    endloop
  endfacet
  facet normal 0 0 -1
    outer loop
      vertex -2.13066 9.22326 2.8
      vertex -1.21752 10.4133 2.8
      vertex -1.75 8.96891 2.8
    endloop
  endfacet
  facet normal -0 0 -1
    outer loop
      vertex -1.21752 10.4133 2.8
      vertex -2.13066 9.22326 2.8
      vertex -1.41421 10.5858 2.8
    endloop
  endfacet
  facet normal 0 0 -1
    outer loop
      vertex -2.47487 9.52513 2.8
      vertex -1.41421 10.5858 2.8
      vertex -2.13066 9.22326 2.8
    endloop
  endfacet
  facet normal -0 0 -1
    outer loop
      vertex -1.41421 10.5858 2.8
      vertex -2.47487 9.52513 2.8
      vertex -1.58671 10.7825 2.8
    endloop
  endfacet
  facet normal 0 0 -1
    outer loop
      vertex -2.77674 9.86934 2.8
      vertex -1.58671 10.7825 2.8
      vertex -2.47487 9.52513 2.8
    endloop
  endfacet
  facet normal -0 0 -1
    outer loop
      vertex -1.58671 10.7825 2.8
      vertex -2.77674 9.86934 2.8
      vertex -1.73205 11 2.8
    endloop
  endfacet
  facet normal -0 0 -1
    outer loop
      vertex -1.73205 11 2.8
      vertex -3.03109 10.25 2.8
      vertex -1.84776 11.2346 2.8
    endloop
  endfacet
  facet normal 0 0 -1
    outer loop
      vertex -3.03109 10.25 2.8
      vertex -1.73205 11 2.8
      vertex -2.77674 9.86934 2.8
    endloop
  endfacet
  facet normal 0 0 -1
    outer loop
      vertex 1.73205 13 2.8
      vertex 3.03109 13.75 2.8
      vertex 1.84776 12.7654 2.8
    endloop
  endfacet
  facet normal -0 0 -1
    outer loop
      vertex 3.03109 13.75 2.8
      vertex 1.73205 13 2.8
      vertex 2.77674 14.1307 2.8
    endloop
  endfacet
  facet normal 0 0 -1
    outer loop
      vertex 1.58671 13.2175 2.8
      vertex 2.77674 14.1307 2.8
      vertex 1.73205 13 2.8
    endloop
  endfacet
  facet normal -0 0 -1
    outer loop
      vertex 2.77674 14.1307 2.8
      vertex 1.58671 13.2175 2.8
      vertex 2.47487 14.4749 2.8
    endloop
  endfacet
  facet normal 0 0 -1
    outer loop
      vertex 1.41421 13.4142 2.8
      vertex 2.47487 14.4749 2.8
      vertex 1.58671 13.2175 2.8
    endloop
  endfacet
  facet normal -0 0 -1
    outer loop
      vertex 2.47487 14.4749 2.8
      vertex 1.41421 13.4142 2.8
      vertex 2.13066 14.7767 2.8
    endloop
  endfacet
  facet normal 0 0 -1
    outer loop
      vertex 1.21752 13.5867 2.8
      vertex 2.13066 14.7767 2.8
      vertex 1.41421 13.4142 2.8
    endloop
  endfacet
  facet normal -0 0 -1
    outer loop
      vertex 2.13066 14.7767 2.8
      vertex 1.21752 13.5867 2.8
      vertex 1.75 15.0311 2.8
    endloop
  endfacet
  facet normal 0 0 -1
    outer loop
      vertex 1 13.732 2.8
      vertex 1.75 15.0311 2.8
      vertex 1.21752 13.5867 2.8
    endloop
  endfacet
  facet normal -0 0 -1
    outer loop
      vertex 1.75 15.0311 2.8
      vertex 1 13.732 2.8
      vertex 1.33939 15.2336 2.8
    endloop
  endfacet
  facet normal 0 0 -1
    outer loop
      vertex 0.765367 13.8478 2.8
      vertex 1.33939 15.2336 2.8
      vertex 1 13.732 2.8
    endloop
  endfacet
  facet normal -0 0 -1
    outer loop
      vertex 1.33939 15.2336 2.8
      vertex 0.765367 13.8478 2.8
      vertex 0.905867 15.3807 2.8
    endloop
  endfacet
  facet normal 0 0 -1
    outer loop
      vertex 0.517637 13.9319 2.8
      vertex 0.905867 15.3807 2.8
      vertex 0.765367 13.8478 2.8
    endloop
  endfacet
  facet normal 0 0 -1
    outer loop
      vertex 0.517637 13.9319 2.8
      vertex 0.456841 15.4701 2.8
      vertex 0.905867 15.3807 2.8
    endloop
  endfacet
  facet normal 0 0 -1
    outer loop
      vertex 0.261052 13.9829 2.8
      vertex 0.456841 15.4701 2.8
      vertex 0.517637 13.9319 2.8
    endloop
  endfacet
  facet normal 0 0 -1
    outer loop
      vertex 0 14 2.8
      vertex 0.456841 15.4701 2.8
      vertex 0.261052 13.9829 2.8
    endloop
  endfacet
  facet normal 0 0 -1
    outer loop
      vertex 0 14 2.8
      vertex 0 15.5 2.8
      vertex 0.456841 15.4701 2.8
    endloop
  endfacet
  facet normal 0 0 -1
    outer loop
      vertex -0.261052 13.9829 2.8
      vertex 0 15.5 2.8
      vertex 0 14 2.8
    endloop
  endfacet
  facet normal 0 0 -1
    outer loop
      vertex -0.261052 13.9829 2.8
      vertex -0.456841 15.4701 2.8
      vertex 0 15.5 2.8
    endloop
  endfacet
  facet normal 0 0 -1
    outer loop
      vertex -0.517637 13.9319 2.8
      vertex -0.456841 15.4701 2.8
      vertex -0.261052 13.9829 2.8
    endloop
  endfacet
  facet normal 0 0 -1
    outer loop
      vertex -0.905867 15.3807 2.8
      vertex -0.517637 13.9319 2.8
      vertex -0.765367 13.8478 2.8
    endloop
  endfacet
  facet normal 0 0 -1
    outer loop
      vertex -0.517637 13.9319 2.8
      vertex -0.905867 15.3807 2.8
      vertex -0.456841 15.4701 2.8
    endloop
  endfacet
  facet normal 0 0 -1
    outer loop
      vertex -1.33939 15.2336 2.8
      vertex -0.765367 13.8478 2.8
      vertex -1 13.732 2.8
    endloop
  endfacet
  facet normal 0 0 -1
    outer loop
      vertex -1.75 15.0311 2.8
      vertex -1 13.732 2.8
      vertex -1.21752 13.5867 2.8
    endloop
  endfacet
  facet normal 0 0 -1
    outer loop
      vertex -0.765367 13.8478 2.8
      vertex -1.33939 15.2336 2.8
      vertex -0.905867 15.3807 2.8
    endloop
  endfacet
  facet normal 0 0 -1
    outer loop
      vertex -2.13066 14.7767 2.8
      vertex -1.21752 13.5867 2.8
      vertex -1.41421 13.4142 2.8
    endloop
  endfacet
  facet normal 0 0 -1
    outer loop
      vertex -2.47487 14.4749 2.8
      vertex -1.41421 13.4142 2.8
      vertex -1.58671 13.2175 2.8
    endloop
  endfacet
  facet normal 0 0 -1
    outer loop
      vertex -2.77674 14.1307 2.8
      vertex -1.58671 13.2175 2.8
      vertex -1.73205 13 2.8
    endloop
  endfacet
  facet normal 0 0 -1
    outer loop
      vertex -1 13.732 2.8
      vertex -1.75 15.0311 2.8
      vertex -1.33939 15.2336 2.8
    endloop
  endfacet
  facet normal 0 0 -1
    outer loop
      vertex -3.03109 13.75 2.8
      vertex -1.73205 13 2.8
      vertex -1.84776 12.7654 2.8
    endloop
  endfacet
  facet normal 0 0 -1
    outer loop
      vertex -3.23358 13.3394 2.8
      vertex -1.84776 12.7654 2.8
      vertex -1.93185 12.5176 2.8
    endloop
  endfacet
  facet normal 0 0 -1
    outer loop
      vertex -3.38074 12.9059 2.8
      vertex -1.93185 12.5176 2.8
      vertex -1.98289 12.2611 2.8
    endloop
  endfacet
  facet normal 0 0 -1
    outer loop
      vertex -1.21752 13.5867 2.8
      vertex -2.13066 14.7767 2.8
      vertex -1.75 15.0311 2.8
    endloop
  endfacet
  facet normal 0 0 -1
    outer loop
      vertex -3.47006 12.4568 2.8
      vertex -1.98289 12.2611 2.8
      vertex -2 12 2.8
    endloop
  endfacet
  facet normal 0 0 -1
    outer loop
      vertex -3.23358 10.6606 2.8
      vertex -1.84776 11.2346 2.8
      vertex -3.03109 10.25 2.8
    endloop
  endfacet
  facet normal -0 0 -1
    outer loop
      vertex -1.84776 11.2346 2.8
      vertex -3.23358 10.6606 2.8
      vertex -1.93185 11.4824 2.8
    endloop
  endfacet
  facet normal 0 0 -1
    outer loop
      vertex -1.41421 13.4142 2.8
      vertex -2.47487 14.4749 2.8
      vertex -2.13066 14.7767 2.8
    endloop
  endfacet
  facet normal 0 0 -1
    outer loop
      vertex -3.38074 11.0941 2.8
      vertex -1.93185 11.4824 2.8
      vertex -3.23358 10.6606 2.8
    endloop
  endfacet
  facet normal 0 0 -1
    outer loop
      vertex -1.58671 13.2175 2.8
      vertex -2.77674 14.1307 2.8
      vertex -2.47487 14.4749 2.8
    endloop
  endfacet
  facet normal -0 0 -1
    outer loop
      vertex -1.93185 11.4824 2.8
      vertex -3.38074 11.0941 2.8
      vertex -1.98289 11.7389 2.8
    endloop
  endfacet
  facet normal 0 0 -1
    outer loop
      vertex -1.73205 13 2.8
      vertex -3.03109 13.75 2.8
      vertex -2.77674 14.1307 2.8
    endloop
  endfacet
  facet normal 0 0 -1
    outer loop
      vertex -3.47006 11.5432 2.8
      vertex -1.98289 11.7389 2.8
      vertex -3.38074 11.0941 2.8
    endloop
  endfacet
  facet normal 0 0 -1
    outer loop
      vertex -1.84776 12.7654 2.8
      vertex -3.23358 13.3394 2.8
      vertex -3.03109 13.75 2.8
    endloop
  endfacet
  facet normal -0 0 -1
    outer loop
      vertex -1.98289 11.7389 2.8
      vertex -3.47006 11.5432 2.8
      vertex -2 12 2.8
    endloop
  endfacet
  facet normal 0 0 -1
    outer loop
      vertex -1.93185 12.5176 2.8
      vertex -3.38074 12.9059 2.8
      vertex -3.23358 13.3394 2.8
    endloop
  endfacet
  facet normal 0 0 -1
    outer loop
      vertex -3.5 12 2.8
      vertex -2 12 2.8
      vertex -3.47006 11.5432 2.8
    endloop
  endfacet
  facet normal 0 0 -1
    outer loop
      vertex -1.98289 12.2611 2.8
      vertex -3.47006 12.4568 2.8
      vertex -3.38074 12.9059 2.8
    endloop
  endfacet
  facet normal 0 0 -1
    outer loop
      vertex -2 12 2.8
      vertex -3.5 12 2.8
      vertex -3.47006 12.4568 2.8
    endloop
  endfacet
  facet normal 0.98079 0.195066 0
    outer loop
      vertex 3.47006 12.4568 5.8
      vertex 3.38074 12.9059 2.8
      vertex 3.38074 12.9059 5.8
    endloop
  endfacet
  facet normal 0.98079 0.195066 0
    outer loop
      vertex 3.38074 12.9059 2.8
      vertex 3.47006 12.4568 5.8
      vertex 3.47006 12.4568 2.8
    endloop
  endfacet
  facet normal 0.997859 0.0654026 0
    outer loop
      vertex 3.5 12 5.8
      vertex 3.47006 12.4568 2.8
      vertex 3.47006 12.4568 5.8
    endloop
  endfacet
  facet normal 0.997859 0.0654026 0
    outer loop
      vertex 3.47006 12.4568 2.8
      vertex 3.5 12 5.8
      vertex 3.5 12 2.8
    endloop
  endfacet
  facet normal 0.321437 -0.946931 0
    outer loop
      vertex 0.905867 8.61926 2.8
      vertex 1.33939 8.76642 5.8
      vertex 0.905867 8.61926 5.8
    endloop
  endfacet
  facet normal 0.321437 -0.946931 0
    outer loop
      vertex 1.33939 8.76642 5.8
      vertex 0.905867 8.61926 2.8
      vertex 1.33939 8.76642 2.8
    endloop
  endfacet
  facet normal 0.831495 0.555532 0
    outer loop
      vertex 3.03109 13.75 5.8
      vertex 2.77674 14.1307 2.8
      vertex 2.77674 14.1307 5.8
    endloop
  endfacet
  facet normal 0.831495 0.555532 0
    outer loop
      vertex 2.77674 14.1307 2.8
      vertex 3.03109 13.75 5.8
      vertex 3.03109 13.75 2.8
    endloop
  endfacet
  facet normal -0.896869 0.442297 0
    outer loop
      vertex -3.23358 13.3394 2.8
      vertex -3.03109 13.75 5.8
      vertex -3.03109 13.75 2.8
    endloop
  endfacet
  facet normal -0.896869 0.442297 0
    outer loop
      vertex -3.03109 13.75 5.8
      vertex -3.23358 13.3394 2.8
      vertex -3.23358 13.3394 5.8
    endloop
  endfacet
  facet normal -0.555647 0.831418 0
    outer loop
      vertex -1.75 15.0311 2.8
      vertex -2.13066 14.7767 5.8
      vertex -1.75 15.0311 5.8
    endloop
  endfacet
  facet normal -0.555647 0.831418 0
    outer loop
      vertex -2.13066 14.7767 5.8
      vertex -1.75 15.0311 2.8
      vertex -2.13066 14.7767 2.8
    endloop
  endfacet
  facet normal -0.659267 0.751909 0
    outer loop
      vertex -2.13066 14.7767 2.8
      vertex -2.47487 14.4749 5.8
      vertex -2.13066 14.7767 5.8
    endloop
  endfacet
  facet normal -0.659267 0.751909 0
    outer loop
      vertex -2.47487 14.4749 5.8
      vertex -2.13066 14.7767 2.8
      vertex -2.47487 14.4749 2.8
    endloop
  endfacet
  facet normal -0.751824 0.659364 0
    outer loop
      vertex -2.77674 14.1307 2.8
      vertex -2.47487 14.4749 5.8
      vertex -2.47487 14.4749 2.8
    endloop
  endfacet
  facet normal -0.751824 0.659364 0
    outer loop
      vertex -2.47487 14.4749 5.8
      vertex -2.77674 14.1307 2.8
      vertex -2.77674 14.1307 5.8
    endloop
  endfacet
  facet normal 0.946926 -0.321452 0
    outer loop
      vertex 3.23358 10.6606 5.8
      vertex 3.38074 11.0941 2.8
      vertex 3.38074 11.0941 5.8
    endloop
  endfacet
  facet normal 0.946926 -0.321452 0
    outer loop
      vertex 3.38074 11.0941 2.8
      vertex 3.23358 10.6606 5.8
      vertex 3.23358 10.6606 2.8
    endloop
  endfacet
  facet normal -0.997859 0.0654026 0
    outer loop
      vertex -3.5 12 2.8
      vertex -3.47006 12.4568 5.8
      vertex -3.47006 12.4568 2.8
    endloop
  endfacet
  facet normal -0.997859 0.0654026 0
    outer loop
      vertex -3.47006 12.4568 5.8
      vertex -3.5 12 2.8
      vertex -3.5 12 5.8
    endloop
  endfacet
  facet normal 0.555647 0.831418 -0
    outer loop
      vertex 2.13066 14.7767 2.8
      vertex 1.75 15.0311 5.8
      vertex 2.13066 14.7767 5.8
    endloop
  endfacet
  facet normal 0.555647 0.831418 0
    outer loop
      vertex 1.75 15.0311 5.8
      vertex 2.13066 14.7767 2.8
      vertex 1.75 15.0311 2.8
    endloop
  endfacet
  facet normal -0.321437 -0.946931 0
    outer loop
      vertex -1.33939 8.76642 2.8
      vertex -0.905867 8.61926 5.8
      vertex -1.33939 8.76642 5.8
    endloop
  endfacet
  facet normal -0.321437 -0.946931 -0
    outer loop
      vertex -0.905867 8.61926 5.8
      vertex -1.33939 8.76642 2.8
      vertex -0.905867 8.61926 2.8
    endloop
  endfacet
  facet normal -0.751833 -0.659353 0
    outer loop
      vertex -2.47487 9.52513 2.8
      vertex -2.77674 9.86934 5.8
      vertex -2.77674 9.86934 2.8
    endloop
  endfacet
  facet normal -0.751833 -0.659353 0
    outer loop
      vertex -2.77674 9.86934 5.8
      vertex -2.47487 9.52513 2.8
      vertex -2.47487 9.52513 5.8
    endloop
  endfacet
  facet normal 0.195097 -0.980784 0
    outer loop
      vertex 0.456841 8.52994 2.8
      vertex 0.905867 8.61926 5.8
      vertex 0.456841 8.52994 5.8
    endloop
  endfacet
  facet normal 0.195097 -0.980784 0
    outer loop
      vertex 0.905867 8.61926 5.8
      vertex 0.456841 8.52994 2.8
      vertex 0.905867 8.61926 2.8
    endloop
  endfacet
  facet normal -0.32132 0.946971 0
    outer loop
      vertex -0.905867 15.3807 2.8
      vertex -1.33939 15.2336 5.8
      vertex -0.905867 15.3807 5.8
    endloop
  endfacet
  facet normal -0.32132 0.946971 0
    outer loop
      vertex -1.33939 15.2336 5.8
      vertex -0.905867 15.3807 2.8
      vertex -1.33939 15.2336 2.8
    endloop
  endfacet
  facet normal -0.831468 -0.555572 0
    outer loop
      vertex -2.77674 9.86934 2.8
      vertex -3.03109 10.25 5.8
      vertex -3.03109 10.25 2.8
    endloop
  endfacet
  facet normal -0.831468 -0.555572 0
    outer loop
      vertex -3.03109 10.25 5.8
      vertex -2.77674 9.86934 2.8
      vertex -2.77674 9.86934 5.8
    endloop
  endfacet
  facet normal 0.555572 -0.831468 0
    outer loop
      vertex 1.75 8.96891 2.8
      vertex 2.13066 9.22326 5.8
      vertex 1.75 8.96891 5.8
    endloop
  endfacet
  facet normal 0.555572 -0.831468 0
    outer loop
      vertex 2.13066 9.22326 5.8
      vertex 1.75 8.96891 2.8
      vertex 2.13066 9.22326 2.8
    endloop
  endfacet
  facet normal -0.946926 0.321452 0
    outer loop
      vertex -3.38074 12.9059 2.8
      vertex -3.23358 13.3394 5.8
      vertex -3.23358 13.3394 2.8
    endloop
  endfacet
  facet normal -0.946926 0.321452 0
    outer loop
      vertex -3.23358 13.3394 5.8
      vertex -3.38074 12.9059 2.8
      vertex -3.38074 12.9059 5.8
    endloop
  endfacet
  facet normal 0.32132 0.946971 -0
    outer loop
      vertex 1.33939 15.2336 2.8
      vertex 0.905867 15.3807 5.8
      vertex 1.33939 15.2336 5.8
    endloop
  endfacet
  facet normal 0.32132 0.946971 0
    outer loop
      vertex 0.905867 15.3807 5.8
      vertex 1.33939 15.2336 2.8
      vertex 0.905867 15.3807 2.8
    endloop
  endfacet
  facet normal 0.0653097 0.997865 -0
    outer loop
      vertex 0.456841 15.4701 2.8
      vertex 0 15.5 5.8
      vertex 0.456841 15.4701 5.8
    endloop
  endfacet
  facet normal 0.0653097 0.997865 0
    outer loop
      vertex 0 15.5 5.8
      vertex 0.456841 15.4701 2.8
      vertex 0 15.5 2.8
    endloop
  endfacet
  facet normal -0.442305 0.896864 0
    outer loop
      vertex -1.33939 15.2336 2.8
      vertex -1.75 15.0311 5.8
      vertex -1.33939 15.2336 5.8
    endloop
  endfacet
  facet normal -0.442305 0.896864 0
    outer loop
      vertex -1.75 15.0311 5.8
      vertex -1.33939 15.2336 2.8
      vertex -1.75 15.0311 2.8
    endloop
  endfacet
  facet normal 0.831468 -0.555572 0
    outer loop
      vertex 2.77674 9.86934 5.8
      vertex 3.03109 10.25 2.8
      vertex 3.03109 10.25 5.8
    endloop
  endfacet
  facet normal 0.831468 -0.555572 0
    outer loop
      vertex 3.03109 10.25 2.8
      vertex 2.77674 9.86934 5.8
      vertex 2.77674 9.86934 2.8
    endloop
  endfacet
  facet normal -0.997859 -0.0654026 0
    outer loop
      vertex -3.47006 11.5432 2.8
      vertex -3.5 12 5.8
      vertex -3.5 12 2.8
    endloop
  endfacet
  facet normal -0.997859 -0.0654026 0
    outer loop
      vertex -3.5 12 5.8
      vertex -3.47006 11.5432 2.8
      vertex -3.47006 11.5432 5.8
    endloop
  endfacet
  facet normal -0.946926 -0.321452 0
    outer loop
      vertex -3.23358 10.6606 2.8
      vertex -3.38074 11.0941 5.8
      vertex -3.38074 11.0941 2.8
    endloop
  endfacet
  facet normal -0.946926 -0.321452 0
    outer loop
      vertex -3.38074 11.0941 5.8
      vertex -3.23358 10.6606 2.8
      vertex -3.23358 10.6606 5.8
    endloop
  endfacet
  facet normal -0.659353 -0.751833 0
    outer loop
      vertex -2.47487 9.52513 2.8
      vertex -2.13066 9.22326 5.8
      vertex -2.47487 9.52513 5.8
    endloop
  endfacet
  facet normal -0.659353 -0.751833 -0
    outer loop
      vertex -2.13066 9.22326 5.8
      vertex -2.47487 9.52513 2.8
      vertex -2.13066 9.22326 2.8
    endloop
  endfacet
  facet normal 0.442305 0.896864 -0
    outer loop
      vertex 1.75 15.0311 2.8
      vertex 1.33939 15.2336 5.8
      vertex 1.75 15.0311 5.8
    endloop
  endfacet
  facet normal 0.442305 0.896864 0
    outer loop
      vertex 1.33939 15.2336 5.8
      vertex 1.75 15.0311 2.8
      vertex 1.33939 15.2336 2.8
    endloop
  endfacet
  facet normal -0.195265 0.980751 0
    outer loop
      vertex -0.456841 15.4701 2.8
      vertex -0.905867 15.3807 5.8
      vertex -0.456841 15.4701 5.8
    endloop
  endfacet
  facet normal -0.195265 0.980751 0
    outer loop
      vertex -0.905867 15.3807 5.8
      vertex -0.456841 15.4701 2.8
      vertex -0.905867 15.3807 2.8
    endloop
  endfacet
  facet normal 0.751824 0.659364 0
    outer loop
      vertex 2.77674 14.1307 5.8
      vertex 2.47487 14.4749 2.8
      vertex 2.47487 14.4749 5.8
    endloop
  endfacet
  facet normal 0.751824 0.659364 0
    outer loop
      vertex 2.47487 14.4749 2.8
      vertex 2.77674 14.1307 5.8
      vertex 2.77674 14.1307 2.8
    endloop
  endfacet
  facet normal 0.195265 0.980751 -0
    outer loop
      vertex 0.905867 15.3807 2.8
      vertex 0.456841 15.4701 5.8
      vertex 0.905867 15.3807 5.8
    endloop
  endfacet
  facet normal 0.195265 0.980751 0
    outer loop
      vertex 0.456841 15.4701 5.8
      vertex 0.905867 15.3807 2.8
      vertex 0.456841 15.4701 2.8
    endloop
  endfacet
  facet normal 0.751833 -0.659353 0
    outer loop
      vertex 2.47487 9.52513 5.8
      vertex 2.77674 9.86934 2.8
      vertex 2.77674 9.86934 5.8
    endloop
  endfacet
  facet normal 0.751833 -0.659353 0
    outer loop
      vertex 2.77674 9.86934 2.8
      vertex 2.47487 9.52513 5.8
      vertex 2.47487 9.52513 2.8
    endloop
  endfacet
  facet normal -0.442288 -0.896873 0
    outer loop
      vertex -1.75 8.96891 2.8
      vertex -1.33939 8.76642 5.8
      vertex -1.75 8.96891 5.8
    endloop
  endfacet
  facet normal -0.442288 -0.896873 -0
    outer loop
      vertex -1.33939 8.76642 5.8
      vertex -1.75 8.96891 2.8
      vertex -1.33939 8.76642 2.8
    endloop
  endfacet
  facet normal -0.98079 0.195066 0
    outer loop
      vertex -3.47006 12.4568 2.8
      vertex -3.38074 12.9059 5.8
      vertex -3.38074 12.9059 2.8
    endloop
  endfacet
  facet normal -0.98079 0.195066 0
    outer loop
      vertex -3.38074 12.9059 5.8
      vertex -3.47006 12.4568 2.8
      vertex -3.47006 12.4568 5.8
    endloop
  endfacet
  facet normal 0.0653967 -0.997859 0
    outer loop
      vertex 0 8.5 2.8
      vertex 0.456841 8.52994 5.8
      vertex 0 8.5 5.8
    endloop
  endfacet
  facet normal 0.0653967 -0.997859 0
    outer loop
      vertex 0.456841 8.52994 5.8
      vertex 0 8.5 2.8
      vertex 0.456841 8.52994 2.8
    endloop
  endfacet
  facet normal 0.442288 -0.896873 0
    outer loop
      vertex 1.33939 8.76642 2.8
      vertex 1.75 8.96891 5.8
      vertex 1.33939 8.76642 5.8
    endloop
  endfacet
  facet normal 0.442288 -0.896873 0
    outer loop
      vertex 1.75 8.96891 5.8
      vertex 1.33939 8.76642 2.8
      vertex 1.75 8.96891 2.8
    endloop
  endfacet
  facet normal 0.659353 -0.751833 0
    outer loop
      vertex 2.13066 9.22326 2.8
      vertex 2.47487 9.52513 5.8
      vertex 2.13066 9.22326 5.8
    endloop
  endfacet
  facet normal 0.659353 -0.751833 0
    outer loop
      vertex 2.47487 9.52513 5.8
      vertex 2.13066 9.22326 2.8
      vertex 2.47487 9.52513 2.8
    endloop
  endfacet
  facet normal -0.896869 -0.442297 0
    outer loop
      vertex -3.03109 10.25 2.8
      vertex -3.23358 10.6606 5.8
      vertex -3.23358 10.6606 2.8
    endloop
  endfacet
  facet normal -0.896869 -0.442297 0
    outer loop
      vertex -3.23358 10.6606 5.8
      vertex -3.03109 10.25 2.8
      vertex -3.03109 10.25 5.8
    endloop
  endfacet
  facet normal 0.896869 -0.442297 0
    outer loop
      vertex 3.03109 10.25 5.8
      vertex 3.23358 10.6606 2.8
      vertex 3.23358 10.6606 5.8
    endloop
  endfacet
  facet normal 0.896869 -0.442297 0
    outer loop
      vertex 3.23358 10.6606 2.8
      vertex 3.03109 10.25 5.8
      vertex 3.03109 10.25 2.8
    endloop
  endfacet
  facet normal 0.659267 0.751909 -0
    outer loop
      vertex 2.47487 14.4749 2.8
      vertex 2.13066 14.7767 5.8
      vertex 2.47487 14.4749 5.8
    endloop
  endfacet
  facet normal 0.659267 0.751909 0
    outer loop
      vertex 2.13066 14.7767 5.8
      vertex 2.47487 14.4749 2.8
      vertex 2.13066 14.7767 2.8
    endloop
  endfacet
  facet normal 0.997859 -0.0654026 0
    outer loop
      vertex 3.47006 11.5432 5.8
      vertex 3.5 12 2.8
      vertex 3.5 12 5.8
    endloop
  endfacet
  facet normal 0.997859 -0.0654026 0
    outer loop
      vertex 3.5 12 2.8
      vertex 3.47006 11.5432 5.8
      vertex 3.47006 11.5432 2.8
    endloop
  endfacet
  facet normal -0.555572 -0.831468 0
    outer loop
      vertex -2.13066 9.22326 2.8
      vertex -1.75 8.96891 5.8
      vertex -2.13066 9.22326 5.8
    endloop
  endfacet
  facet normal -0.555572 -0.831468 -0
    outer loop
      vertex -1.75 8.96891 5.8
      vertex -2.13066 9.22326 2.8
      vertex -1.75 8.96891 2.8
    endloop
  endfacet
  facet normal 0.896869 0.442297 0
    outer loop
      vertex 3.23358 13.3394 5.8
      vertex 3.03109 13.75 2.8
      vertex 3.03109 13.75 5.8
    endloop
  endfacet
  facet normal 0.896869 0.442297 0
    outer loop
      vertex 3.03109 13.75 2.8
      vertex 3.23358 13.3394 5.8
      vertex 3.23358 13.3394 2.8
    endloop
  endfacet
  facet normal 0.98079 -0.195066 0
    outer loop
      vertex 3.38074 11.0941 5.8
      vertex 3.47006 11.5432 2.8
      vertex 3.47006 11.5432 5.8
    endloop
  endfacet
  facet normal 0.98079 -0.195066 0
    outer loop
      vertex 3.47006 11.5432 2.8
      vertex 3.38074 11.0941 5.8
      vertex 3.38074 11.0941 2.8
    endloop
  endfacet
  facet normal 0.946926 0.321452 0
    outer loop
      vertex 3.38074 12.9059 5.8
      vertex 3.23358 13.3394 2.8
      vertex 3.23358 13.3394 5.8
    endloop
  endfacet
  facet normal 0.946926 0.321452 0
    outer loop
      vertex 3.23358 13.3394 2.8
      vertex 3.38074 12.9059 5.8
      vertex 3.38074 12.9059 2.8
    endloop
  endfacet
  facet normal -0.0653097 0.997865 0
    outer loop
      vertex 0 15.5 2.8
      vertex -0.456841 15.4701 5.8
      vertex 0 15.5 5.8
    endloop
  endfacet
  facet normal -0.0653097 0.997865 0
    outer loop
      vertex -0.456841 15.4701 5.8
      vertex 0 15.5 2.8
      vertex -0.456841 15.4701 2.8
    endloop
  endfacet
  facet normal -0.98079 -0.195066 0
    outer loop
      vertex -3.38074 11.0941 2.8
      vertex -3.47006 11.5432 5.8
      vertex -3.47006 11.5432 2.8
    endloop
  endfacet
  facet normal -0.98079 -0.195066 0
    outer loop
      vertex -3.47006 11.5432 5.8
      vertex -3.38074 11.0941 2.8
      vertex -3.38074 11.0941 5.8
    endloop
  endfacet
  facet normal 0 0 1
    outer loop
      vertex 1.225 12 5.8
      vertex 3.5 12 5.8
      vertex 3.47006 12.4568 5.8
    endloop
  endfacet
  facet normal 0 0 1
    outer loop
      vertex 1.21452 12.1599 5.8
      vertex 3.47006 12.4568 5.8
      vertex 3.38074 12.9059 5.8
    endloop
  endfacet
  facet normal 0 0 1
    outer loop
      vertex 3.5 12 5.8
      vertex 1.225 12 5.8
      vertex 3.47006 11.5432 5.8
    endloop
  endfacet
  facet normal 0 0 1
    outer loop
      vertex 1.18326 12.3171 5.8
      vertex 3.38074 12.9059 5.8
      vertex 3.23358 13.3394 5.8
    endloop
  endfacet
  facet normal -0 0 1
    outer loop
      vertex 1.21452 11.8401 5.8
      vertex 3.47006 11.5432 5.8
      vertex 1.225 12 5.8
    endloop
  endfacet
  facet normal 0 0 1
    outer loop
      vertex 1.13175 12.4688 5.8
      vertex 3.23358 13.3394 5.8
      vertex 3.03109 13.75 5.8
    endloop
  endfacet
  facet normal 0 0 1
    outer loop
      vertex 3.47006 11.5432 5.8
      vertex 1.21452 11.8401 5.8
      vertex 3.38074 11.0941 5.8
    endloop
  endfacet
  facet normal 0 0 1
    outer loop
      vertex 1.06088 12.6125 5.8
      vertex 3.03109 13.75 5.8
      vertex 2.77674 14.1307 5.8
    endloop
  endfacet
  facet normal -0 0 1
    outer loop
      vertex 1.18326 11.6829 5.8
      vertex 3.38074 11.0941 5.8
      vertex 1.21452 11.8401 5.8
    endloop
  endfacet
  facet normal 0 0 1
    outer loop
      vertex 0.971857 12.7457 5.8
      vertex 2.77674 14.1307 5.8
      vertex 2.47487 14.4749 5.8
    endloop
  endfacet
  facet normal 0 0 1
    outer loop
      vertex 3.38074 11.0941 5.8
      vertex 1.18326 11.6829 5.8
      vertex 3.23358 10.6606 5.8
    endloop
  endfacet
  facet normal 0 0 1
    outer loop
      vertex 0.866205 12.8662 5.8
      vertex 2.47487 14.4749 5.8
      vertex 2.13066 14.7767 5.8
    endloop
  endfacet
  facet normal -0 0 1
    outer loop
      vertex 1.13175 11.5312 5.8
      vertex 3.23358 10.6606 5.8
      vertex 1.18326 11.6829 5.8
    endloop
  endfacet
  facet normal 0 0 1
    outer loop
      vertex 0.745732 12.9719 5.8
      vertex 2.13066 14.7767 5.8
      vertex 1.75 15.0311 5.8
    endloop
  endfacet
  facet normal 0 0 1
    outer loop
      vertex 3.23358 10.6606 5.8
      vertex 1.13175 11.5312 5.8
      vertex 3.03109 10.25 5.8
    endloop
  endfacet
  facet normal 0 0 1
    outer loop
      vertex 0.612499 13.0609 5.8
      vertex 1.75 15.0311 5.8
      vertex 1.33939 15.2336 5.8
    endloop
  endfacet
  facet normal -0 0 1
    outer loop
      vertex 1.06088 11.3875 5.8
      vertex 3.03109 10.25 5.8
      vertex 1.13175 11.5312 5.8
    endloop
  endfacet
  facet normal 0 0 1
    outer loop
      vertex 3.03109 10.25 5.8
      vertex 1.06088 11.3875 5.8
      vertex 2.77674 9.86934 5.8
    endloop
  endfacet
  facet normal 0 0 1
    outer loop
      vertex 3.47006 12.4568 5.8
      vertex 1.21452 12.1599 5.8
      vertex 1.225 12 5.8
    endloop
  endfacet
  facet normal 0 0 1
    outer loop
      vertex 3.38074 12.9059 5.8
      vertex 1.18326 12.3171 5.8
      vertex 1.21452 12.1599 5.8
    endloop
  endfacet
  facet normal 0 0 1
    outer loop
      vertex 3.23358 13.3394 5.8
      vertex 1.13175 12.4688 5.8
      vertex 1.18326 12.3171 5.8
    endloop
  endfacet
  facet normal 0 0 1
    outer loop
      vertex 3.03109 13.75 5.8
      vertex 1.06088 12.6125 5.8
      vertex 1.13175 12.4688 5.8
    endloop
  endfacet
  facet normal 0 0 1
    outer loop
      vertex 2.77674 14.1307 5.8
      vertex 0.971857 12.7457 5.8
      vertex 1.06088 12.6125 5.8
    endloop
  endfacet
  facet normal 0 0 1
    outer loop
      vertex 0.468787 13.1318 5.8
      vertex 1.33939 15.2336 5.8
      vertex 0.905867 15.3807 5.8
    endloop
  endfacet
  facet normal 0 0 1
    outer loop
      vertex 2.47487 14.4749 5.8
      vertex 0.866205 12.8662 5.8
      vertex 0.971857 12.7457 5.8
    endloop
  endfacet
  facet normal 0 0 1
    outer loop
      vertex 2.13066 14.7767 5.8
      vertex 0.745732 12.9719 5.8
      vertex 0.866205 12.8662 5.8
    endloop
  endfacet
  facet normal 0 0 1
    outer loop
      vertex 1.75 15.0311 5.8
      vertex 0.612499 13.0609 5.8
      vertex 0.745732 12.9719 5.8
    endloop
  endfacet
  facet normal 0 0 1
    outer loop
      vertex 1.33939 15.2336 5.8
      vertex 0.468787 13.1318 5.8
      vertex 0.612499 13.0609 5.8
    endloop
  endfacet
  facet normal 0 0 1
    outer loop
      vertex 0.317053 13.1833 5.8
      vertex 0.905867 15.3807 5.8
      vertex 0.456841 15.4701 5.8
    endloop
  endfacet
  facet normal 0 0 1
    outer loop
      vertex 0.905867 15.3807 5.8
      vertex 0.317053 13.1833 5.8
      vertex 0.468787 13.1318 5.8
    endloop
  endfacet
  facet normal 0 0 1
    outer loop
      vertex 0.456841 15.4701 5.8
      vertex 0.159894 13.2145 5.8
      vertex 0.317053 13.1833 5.8
    endloop
  endfacet
  facet normal 0 0 1
    outer loop
      vertex 0 15.5 5.8
      vertex 0.159894 13.2145 5.8
      vertex 0.456841 15.4701 5.8
    endloop
  endfacet
  facet normal 0 0 1
    outer loop
      vertex 0 15.5 5.8
      vertex 0 13.225 5.8
      vertex 0.159894 13.2145 5.8
    endloop
  endfacet
  facet normal 0 0 1
    outer loop
      vertex 0 15.5 5.8
      vertex -0.159894 13.2145 5.8
      vertex 0 13.225 5.8
    endloop
  endfacet
  facet normal -0 0 1
    outer loop
      vertex -0.456841 15.4701 5.8
      vertex -0.159894 13.2145 5.8
      vertex 0 15.5 5.8
    endloop
  endfacet
  facet normal 0 0 1
    outer loop
      vertex -0.159894 13.2145 5.8
      vertex -0.456841 15.4701 5.8
      vertex -0.317053 13.1833 5.8
    endloop
  endfacet
  facet normal -0 0 1
    outer loop
      vertex -0.905867 15.3807 5.8
      vertex -0.317053 13.1833 5.8
      vertex -0.456841 15.4701 5.8
    endloop
  endfacet
  facet normal 0 0 1
    outer loop
      vertex -0.317053 13.1833 5.8
      vertex -0.905867 15.3807 5.8
      vertex -0.468787 13.1318 5.8
    endloop
  endfacet
  facet normal -0 0 1
    outer loop
      vertex -1.33939 15.2336 5.8
      vertex -0.468787 13.1318 5.8
      vertex -0.905867 15.3807 5.8
    endloop
  endfacet
  facet normal 0 0 1
    outer loop
      vertex -0.468787 13.1318 5.8
      vertex -1.33939 15.2336 5.8
      vertex -0.612499 13.0609 5.8
    endloop
  endfacet
  facet normal -0 0 1
    outer loop
      vertex -1.75 15.0311 5.8
      vertex -0.612499 13.0609 5.8
      vertex -1.33939 15.2336 5.8
    endloop
  endfacet
  facet normal 0 0 1
    outer loop
      vertex -0.612499 13.0609 5.8
      vertex -1.75 15.0311 5.8
      vertex -0.745732 12.9719 5.8
    endloop
  endfacet
  facet normal -0 0 1
    outer loop
      vertex -2.13066 14.7767 5.8
      vertex -0.745732 12.9719 5.8
      vertex -1.75 15.0311 5.8
    endloop
  endfacet
  facet normal 0 0 1
    outer loop
      vertex -0.745732 12.9719 5.8
      vertex -2.13066 14.7767 5.8
      vertex -0.866205 12.8662 5.8
    endloop
  endfacet
  facet normal -0 0 1
    outer loop
      vertex -2.47487 14.4749 5.8
      vertex -0.866205 12.8662 5.8
      vertex -2.13066 14.7767 5.8
    endloop
  endfacet
  facet normal 0 0 1
    outer loop
      vertex -0.866205 12.8662 5.8
      vertex -2.47487 14.4749 5.8
      vertex -0.971857 12.7457 5.8
    endloop
  endfacet
  facet normal 0 0 1
    outer loop
      vertex -0.971857 12.7457 5.8
      vertex -2.77674 14.1307 5.8
      vertex -1.06088 12.6125 5.8
    endloop
  endfacet
  facet normal -0 0 1
    outer loop
      vertex -2.77674 14.1307 5.8
      vertex -0.971857 12.7457 5.8
      vertex -2.47487 14.4749 5.8
    endloop
  endfacet
  facet normal -0 0 1
    outer loop
      vertex 0.971857 11.2543 5.8
      vertex 2.77674 9.86934 5.8
      vertex 1.06088 11.3875 5.8
    endloop
  endfacet
  facet normal 0 0 1
    outer loop
      vertex 2.77674 9.86934 5.8
      vertex 0.971857 11.2543 5.8
      vertex 2.47487 9.52513 5.8
    endloop
  endfacet
  facet normal -0 0 1
    outer loop
      vertex 0.866205 11.1338 5.8
      vertex 2.47487 9.52513 5.8
      vertex 0.971857 11.2543 5.8
    endloop
  endfacet
  facet normal 0 0 1
    outer loop
      vertex 2.47487 9.52513 5.8
      vertex 0.866205 11.1338 5.8
      vertex 2.13066 9.22326 5.8
    endloop
  endfacet
  facet normal -0 0 1
    outer loop
      vertex 0.745732 11.0281 5.8
      vertex 2.13066 9.22326 5.8
      vertex 0.866205 11.1338 5.8
    endloop
  endfacet
  facet normal 0 0 1
    outer loop
      vertex 2.13066 9.22326 5.8
      vertex 0.745732 11.0281 5.8
      vertex 1.75 8.96891 5.8
    endloop
  endfacet
  facet normal -0 0 1
    outer loop
      vertex 0.612499 10.9391 5.8
      vertex 1.75 8.96891 5.8
      vertex 0.745732 11.0281 5.8
    endloop
  endfacet
  facet normal 0 0 1
    outer loop
      vertex 1.75 8.96891 5.8
      vertex 0.612499 10.9391 5.8
      vertex 1.33939 8.76642 5.8
    endloop
  endfacet
  facet normal -0 0 1
    outer loop
      vertex 0.468787 10.8682 5.8
      vertex 1.33939 8.76642 5.8
      vertex 0.612499 10.9391 5.8
    endloop
  endfacet
  facet normal 0 0 1
    outer loop
      vertex 1.33939 8.76642 5.8
      vertex 0.468787 10.8682 5.8
      vertex 0.905867 8.61926 5.8
    endloop
  endfacet
  facet normal -0 0 1
    outer loop
      vertex 0.317053 10.8167 5.8
      vertex 0.905867 8.61926 5.8
      vertex 0.468787 10.8682 5.8
    endloop
  endfacet
  facet normal 0 0 1
    outer loop
      vertex 0.905867 8.61926 5.8
      vertex 0.317053 10.8167 5.8
      vertex 0.456841 8.52994 5.8
    endloop
  endfacet
  facet normal -0 0 1
    outer loop
      vertex 0.159894 10.7855 5.8
      vertex 0.456841 8.52994 5.8
      vertex 0.317053 10.8167 5.8
    endloop
  endfacet
  facet normal -0 0 1
    outer loop
      vertex 0 10.775 5.8
      vertex 0.456841 8.52994 5.8
      vertex 0.159894 10.7855 5.8
    endloop
  endfacet
  facet normal 0 0 1
    outer loop
      vertex 0 10.775 5.8
      vertex 0 8.5 5.8
      vertex 0.456841 8.52994 5.8
    endloop
  endfacet
  facet normal 0 0 1
    outer loop
      vertex -0.159894 10.7855 5.8
      vertex 0 8.5 5.8
      vertex 0 10.775 5.8
    endloop
  endfacet
  facet normal 0 0 1
    outer loop
      vertex -0.456841 8.52994 5.8
      vertex -0.159894 10.7855 5.8
      vertex -0.317053 10.8167 5.8
    endloop
  endfacet
  facet normal 0 0 1
    outer loop
      vertex -0.159894 10.7855 5.8
      vertex -0.456841 8.52994 5.8
      vertex 0 8.5 5.8
    endloop
  endfacet
  facet normal 0 0 1
    outer loop
      vertex -0.905867 8.61926 5.8
      vertex -0.317053 10.8167 5.8
      vertex -0.468787 10.8682 5.8
    endloop
  endfacet
  facet normal 0 0 1
    outer loop
      vertex -1.33939 8.76642 5.8
      vertex -0.468787 10.8682 5.8
      vertex -0.612499 10.9391 5.8
    endloop
  endfacet
  facet normal 0 0 1
    outer loop
      vertex -1.75 8.96891 5.8
      vertex -0.612499 10.9391 5.8
      vertex -0.745732 11.0281 5.8
    endloop
  endfacet
  facet normal 0 0 1
    outer loop
      vertex -2.13066 9.22326 5.8
      vertex -0.745732 11.0281 5.8
      vertex -0.866205 11.1338 5.8
    endloop
  endfacet
  facet normal 0 0 1
    outer loop
      vertex -0.317053 10.8167 5.8
      vertex -0.905867 8.61926 5.8
      vertex -0.456841 8.52994 5.8
    endloop
  endfacet
  facet normal 0 0 1
    outer loop
      vertex -2.47487 9.52513 5.8
      vertex -0.866205 11.1338 5.8
      vertex -0.971857 11.2543 5.8
    endloop
  endfacet
  facet normal 0 0 1
    outer loop
      vertex -2.77674 9.86934 5.8
      vertex -0.971857 11.2543 5.8
      vertex -1.06088 11.3875 5.8
    endloop
  endfacet
  facet normal 0 0 1
    outer loop
      vertex -3.03109 10.25 5.8
      vertex -1.06088 11.3875 5.8
      vertex -1.13175 11.5312 5.8
    endloop
  endfacet
  facet normal 0 0 1
    outer loop
      vertex -3.23358 10.6606 5.8
      vertex -1.13175 11.5312 5.8
      vertex -1.18326 11.6829 5.8
    endloop
  endfacet
  facet normal 0 0 1
    outer loop
      vertex -3.38074 11.0941 5.8
      vertex -1.18326 11.6829 5.8
      vertex -1.21452 11.8401 5.8
    endloop
  endfacet
  facet normal 0 0 1
    outer loop
      vertex -0.468787 10.8682 5.8
      vertex -1.33939 8.76642 5.8
      vertex -0.905867 8.61926 5.8
    endloop
  endfacet
  facet normal 0 0 1
    outer loop
      vertex -3.47006 11.5432 5.8
      vertex -1.21452 11.8401 5.8
      vertex -1.225 12 5.8
    endloop
  endfacet
  facet normal -0 0 1
    outer loop
      vertex -3.03109 13.75 5.8
      vertex -1.06088 12.6125 5.8
      vertex -2.77674 14.1307 5.8
    endloop
  endfacet
  facet normal 0 0 1
    outer loop
      vertex -1.06088 12.6125 5.8
      vertex -3.03109 13.75 5.8
      vertex -1.13175 12.4688 5.8
    endloop
  endfacet
  facet normal 0 0 1
    outer loop
      vertex -0.612499 10.9391 5.8
      vertex -1.75 8.96891 5.8
      vertex -1.33939 8.76642 5.8
    endloop
  endfacet
  facet normal -0 0 1
    outer loop
      vertex -3.23358 13.3394 5.8
      vertex -1.13175 12.4688 5.8
      vertex -3.03109 13.75 5.8
    endloop
  endfacet
  facet normal 0 0 1
    outer loop
      vertex -0.745732 11.0281 5.8
      vertex -2.13066 9.22326 5.8
      vertex -1.75 8.96891 5.8
    endloop
  endfacet
  facet normal 0 0 1
    outer loop
      vertex -1.13175 12.4688 5.8
      vertex -3.23358 13.3394 5.8
      vertex -1.18326 12.3171 5.8
    endloop
  endfacet
  facet normal 0 0 1
    outer loop
      vertex -0.866205 11.1338 5.8
      vertex -2.47487 9.52513 5.8
      vertex -2.13066 9.22326 5.8
    endloop
  endfacet
  facet normal -0 0 1
    outer loop
      vertex -3.38074 12.9059 5.8
      vertex -1.18326 12.3171 5.8
      vertex -3.23358 13.3394 5.8
    endloop
  endfacet
  facet normal 0 0 1
    outer loop
      vertex -0.971857 11.2543 5.8
      vertex -2.77674 9.86934 5.8
      vertex -2.47487 9.52513 5.8
    endloop
  endfacet
  facet normal 0 0 1
    outer loop
      vertex -1.18326 12.3171 5.8
      vertex -3.38074 12.9059 5.8
      vertex -1.21452 12.1599 5.8
    endloop
  endfacet
  facet normal 0 0 1
    outer loop
      vertex -1.06088 11.3875 5.8
      vertex -3.03109 10.25 5.8
      vertex -2.77674 9.86934 5.8
    endloop
  endfacet
  facet normal -0 0 1
    outer loop
      vertex -3.47006 12.4568 5.8
      vertex -1.21452 12.1599 5.8
      vertex -3.38074 12.9059 5.8
    endloop
  endfacet
  facet normal 0 0 1
    outer loop
      vertex -1.13175 11.5312 5.8
      vertex -3.23358 10.6606 5.8
      vertex -3.03109 10.25 5.8
    endloop
  endfacet
  facet normal 0 0 1
    outer loop
      vertex -1.21452 12.1599 5.8
      vertex -3.47006 12.4568 5.8
      vertex -1.225 12 5.8
    endloop
  endfacet
  facet normal 0 0 1
    outer loop
      vertex -1.18326 11.6829 5.8
      vertex -3.38074 11.0941 5.8
      vertex -3.23358 10.6606 5.8
    endloop
  endfacet
  facet normal 0 0 1
    outer loop
      vertex -3.5 12 5.8
      vertex -1.225 12 5.8
      vertex -3.47006 12.4568 5.8
    endloop
  endfacet
  facet normal 0 0 1
    outer loop
      vertex -1.21452 11.8401 5.8
      vertex -3.47006 11.5432 5.8
      vertex -3.38074 11.0941 5.8
    endloop
  endfacet
  facet normal 0 0 1
    outer loop
      vertex -1.225 12 5.8
      vertex -3.5 12 5.8
      vertex -3.47006 11.5432 5.8
    endloop
  endfacet
  facet normal -0.195097 -0.980784 0
    outer loop
      vertex -0.905867 8.61926 2.8
      vertex -0.456841 8.52994 5.8
      vertex -0.905867 8.61926 5.8
    endloop
  endfacet
  facet normal -0.195097 -0.980784 -0
    outer loop
      vertex -0.456841 8.52994 5.8
      vertex -0.905867 8.61926 2.8
      vertex -0.456841 8.52994 2.8
    endloop
  endfacet
  facet normal -0.831495 0.555532 0
    outer loop
      vertex -3.03109 13.75 2.8
      vertex -2.77674 14.1307 5.8
      vertex -2.77674 14.1307 2.8
    endloop
  endfacet
  facet normal -0.831495 0.555532 0
    outer loop
      vertex -2.77674 14.1307 5.8
      vertex -3.03109 13.75 2.8
      vertex -3.03109 13.75 5.8
    endloop
  endfacet
  facet normal -0.0653967 -0.997859 0
    outer loop
      vertex -0.456841 8.52994 2.8
      vertex 0 8.5 5.8
      vertex -0.456841 8.52994 5.8
    endloop
  endfacet
  facet normal -0.0653967 -0.997859 -0
    outer loop
      vertex 0 8.5 5.8
      vertex -0.456841 8.52994 2.8
      vertex 0 8.5 2.8
    endloop
  endfacet
  facet normal 0.980796 0.195036 0
    outer loop
      vertex 1.21452 12.1599 8.8
      vertex 1.18326 12.3171 5.8
      vertex 1.18326 12.3171 8.8
    endloop
  endfacet
  facet normal 0.980796 0.195036 0
    outer loop
      vertex 1.18326 12.3171 5.8
      vertex 1.21452 12.1599 8.8
      vertex 1.21452 12.1599 5.8
    endloop
  endfacet
  facet normal 0.997859 0.0654006 0
    outer loop
      vertex 1.225 12 8.8
      vertex 1.21452 12.1599 5.8
      vertex 1.21452 12.1599 8.8
    endloop
  endfacet
  facet normal 0.997859 0.0654006 0
    outer loop
      vertex 1.21452 12.1599 5.8
      vertex 1.225 12 8.8
      vertex 1.225 12 5.8
    endloop
  endfacet
  facet normal 0.831407 0.555663 0
    outer loop
      vertex 1.06088 12.6125 8.8
      vertex 0.971857 12.7457 5.8
      vertex 0.971857 12.7457 8.8
    endloop
  endfacet
  facet normal 0.831407 0.555663 0
    outer loop
      vertex 0.971857 12.7457 5.8
      vertex 1.06088 12.6125 8.8
      vertex 1.06088 12.6125 5.8
    endloop
  endfacet
  facet normal 0.89686 -0.442314 0
    outer loop
      vertex 1.06088 11.3875 8.8
      vertex 1.13175 11.5312 5.8
      vertex 1.13175 11.5312 8.8
    endloop
  endfacet
  facet normal 0.89686 -0.442314 0
    outer loop
      vertex 1.13175 11.5312 5.8
      vertex 1.06088 11.3875 8.8
      vertex 1.06088 11.3875 5.8
    endloop
  endfacet
  facet normal 0.659515 0.751691 -0
    outer loop
      vertex 0.866205 12.8662 5.8
      vertex 0.745732 12.9719 8.8
      vertex 0.866205 12.8662 8.8
    endloop
  endfacet
  facet normal 0.659515 0.751691 0
    outer loop
      vertex 0.745732 12.9719 8.8
      vertex 0.866205 12.8662 5.8
      vertex 0.745732 12.9719 5.8
    endloop
  endfacet
  facet normal -0.555469 -0.831537 0
    outer loop
      vertex -0.745732 11.0281 5.8
      vertex -0.612499 10.9391 8.8
      vertex -0.745732 11.0281 8.8
    endloop
  endfacet
  facet normal -0.555469 -0.831537 -0
    outer loop
      vertex -0.612499 10.9391 8.8
      vertex -0.745732 11.0281 5.8
      vertex -0.612499 10.9391 5.8
    endloop
  endfacet
  facet normal 0.555469 0.831537 -0
    outer loop
      vertex 0.745732 12.9719 5.8
      vertex 0.612499 13.0609 8.8
      vertex 0.745732 12.9719 8.8
    endloop
  endfacet
  facet normal 0.555469 0.831537 0
    outer loop
      vertex 0.612499 13.0609 8.8
      vertex 0.745732 12.9719 5.8
      vertex 0.612499 13.0609 5.8
    endloop
  endfacet
  facet normal 0.659515 -0.751691 0
    outer loop
      vertex 0.745732 11.0281 5.8
      vertex 0.866205 11.1338 8.8
      vertex 0.745732 11.0281 8.8
    endloop
  endfacet
  facet normal 0.659515 -0.751691 0
    outer loop
      vertex 0.866205 11.1338 8.8
      vertex 0.745732 11.0281 5.8
      vertex 0.866205 11.1338 5.8
    endloop
  endfacet
  facet normal 0.831407 -0.555663 0
    outer loop
      vertex 0.971857 11.2543 8.8
      vertex 1.06088 11.3875 5.8
      vertex 1.06088 11.3875 8.8
    endloop
  endfacet
  facet normal 0.831407 -0.555663 0
    outer loop
      vertex 1.06088 11.3875 5.8
      vertex 0.971857 11.2543 8.8
      vertex 0.971857 11.2543 5.8
    endloop
  endfacet
  facet normal -0.321402 -0.946943 0
    outer loop
      vertex -0.468787 10.8682 5.8
      vertex -0.317053 10.8167 8.8
      vertex -0.468787 10.8682 8.8
    endloop
  endfacet
  facet normal -0.321402 -0.946943 -0
    outer loop
      vertex -0.317053 10.8167 8.8
      vertex -0.468787 10.8682 5.8
      vertex -0.317053 10.8167 5.8
    endloop
  endfacet
  facet normal 0.946902 -0.321522 0
    outer loop
      vertex 1.13175 11.5312 8.8
      vertex 1.18326 11.6829 5.8
      vertex 1.18326 11.6829 8.8
    endloop
  endfacet
  facet normal 0.946902 -0.321522 0
    outer loop
      vertex 1.18326 11.6829 5.8
      vertex 1.13175 11.5312 8.8
      vertex 1.13175 11.5312 5.8
    endloop
  endfacet
  facet normal 0.321402 0.946943 -0
    outer loop
      vertex 0.468787 13.1318 5.8
      vertex 0.317053 13.1833 8.8
      vertex 0.468787 13.1318 8.8
    endloop
  endfacet
  facet normal 0.321402 0.946943 0
    outer loop
      vertex 0.317053 13.1833 8.8
      vertex 0.468787 13.1318 5.8
      vertex 0.317053 13.1833 5.8
    endloop
  endfacet
  facet normal -0.997859 0.0654006 0
    outer loop
      vertex -1.225 12 5.8
      vertex -1.21452 12.1599 8.8
      vertex -1.21452 12.1599 5.8
    endloop
  endfacet
  facet normal -0.997859 0.0654006 0
    outer loop
      vertex -1.21452 12.1599 8.8
      vertex -1.225 12 5.8
      vertex -1.225 12 8.8
    endloop
  endfacet
  facet normal -0.980796 -0.195036 0
    outer loop
      vertex -1.18326 11.6829 5.8
      vertex -1.21452 11.8401 8.8
      vertex -1.21452 11.8401 5.8
    endloop
  endfacet
  facet normal -0.980796 -0.195036 0
    outer loop
      vertex -1.21452 11.8401 8.8
      vertex -1.18326 11.6829 5.8
      vertex -1.18326 11.6829 8.8
    endloop
  endfacet
  facet normal -0.442435 -0.896801 0
    outer loop
      vertex -0.612499 10.9391 5.8
      vertex -0.468787 10.8682 8.8
      vertex -0.612499 10.9391 8.8
    endloop
  endfacet
  facet normal -0.442435 -0.896801 -0
    outer loop
      vertex -0.468787 10.8682 8.8
      vertex -0.612499 10.9391 5.8
      vertex -0.468787 10.8682 5.8
    endloop
  endfacet
  facet normal 0.194725 -0.980858 0
    outer loop
      vertex 0.159894 10.7855 5.8
      vertex 0.317053 10.8167 8.8
      vertex 0.159894 10.7855 8.8
    endloop
  endfacet
  facet normal 0.194725 -0.980858 0
    outer loop
      vertex 0.317053 10.8167 8.8
      vertex 0.159894 10.7855 5.8
      vertex 0.317053 10.8167 5.8
    endloop
  endfacet
  facet normal 0.751913 -0.659262 0
    outer loop
      vertex 0.866205 11.1338 8.8
      vertex 0.971857 11.2543 5.8
      vertex 0.971857 11.2543 8.8
    endloop
  endfacet
  facet normal 0.751913 -0.659262 0
    outer loop
      vertex 0.971857 11.2543 5.8
      vertex 0.866205 11.1338 8.8
      vertex 0.866205 11.1338 5.8
    endloop
  endfacet
  facet normal -0.659515 -0.751691 0
    outer loop
      vertex -0.866205 11.1338 5.8
      vertex -0.745732 11.0281 8.8
      vertex -0.866205 11.1338 8.8
    endloop
  endfacet
  facet normal -0.659515 -0.751691 -0
    outer loop
      vertex -0.745732 11.0281 8.8
      vertex -0.866205 11.1338 5.8
      vertex -0.745732 11.0281 5.8
    endloop
  endfacet
  facet normal -0.659515 0.751691 0
    outer loop
      vertex -0.745732 12.9719 5.8
      vertex -0.866205 12.8662 8.8
      vertex -0.745732 12.9719 8.8
    endloop
  endfacet
  facet normal -0.659515 0.751691 0
    outer loop
      vertex -0.866205 12.8662 8.8
      vertex -0.745732 12.9719 5.8
      vertex -0.866205 12.8662 5.8
    endloop
  endfacet
  facet normal 0.980796 -0.195036 0
    outer loop
      vertex 1.18326 11.6829 8.8
      vertex 1.21452 11.8401 5.8
      vertex 1.21452 11.8401 8.8
    endloop
  endfacet
  facet normal 0.980796 -0.195036 0
    outer loop
      vertex 1.21452 11.8401 5.8
      vertex 1.18326 11.6829 8.8
      vertex 1.18326 11.6829 5.8
    endloop
  endfacet
  facet normal -0.831407 -0.555663 0
    outer loop
      vertex -0.971857 11.2543 5.8
      vertex -1.06088 11.3875 8.8
      vertex -1.06088 11.3875 5.8
    endloop
  endfacet
  facet normal -0.831407 -0.555663 0
    outer loop
      vertex -1.06088 11.3875 8.8
      vertex -0.971857 11.2543 5.8
      vertex -0.971857 11.2543 8.8
    endloop
  endfacet
  facet normal 0.997859 -0.0654006 0
    outer loop
      vertex 1.21452 11.8401 8.8
      vertex 1.225 12 5.8
      vertex 1.225 12 8.8
    endloop
  endfacet
  facet normal 0.997859 -0.0654006 0
    outer loop
      vertex 1.225 12 5.8
      vertex 1.21452 11.8401 8.8
      vertex 1.21452 11.8401 5.8
    endloop
  endfacet
  facet normal 0.321402 -0.946943 0
    outer loop
      vertex 0.317053 10.8167 5.8
      vertex 0.468787 10.8682 8.8
      vertex 0.317053 10.8167 8.8
    endloop
  endfacet
  facet normal 0.321402 -0.946943 0
    outer loop
      vertex 0.468787 10.8682 8.8
      vertex 0.317053 10.8167 5.8
      vertex 0.468787 10.8682 5.8
    endloop
  endfacet
  facet normal 0.442435 -0.896801 0
    outer loop
      vertex 0.468787 10.8682 5.8
      vertex 0.612499 10.9391 8.8
      vertex 0.468787 10.8682 8.8
    endloop
  endfacet
  facet normal 0.442435 -0.896801 0
    outer loop
      vertex 0.612499 10.9391 8.8
      vertex 0.468787 10.8682 5.8
      vertex 0.612499 10.9391 5.8
    endloop
  endfacet
  facet normal 0.89686 0.442314 0
    outer loop
      vertex 1.13175 12.4688 8.8
      vertex 1.06088 12.6125 5.8
      vertex 1.06088 12.6125 8.8
    endloop
  endfacet
  facet normal 0.89686 0.442314 0
    outer loop
      vertex 1.06088 12.6125 5.8
      vertex 1.13175 12.4688 8.8
      vertex 1.13175 12.4688 5.8
    endloop
  endfacet
  facet normal 0.442435 0.896801 -0
    outer loop
      vertex 0.612499 13.0609 5.8
      vertex 0.468787 13.1318 8.8
      vertex 0.612499 13.0609 8.8
    endloop
  endfacet
  facet normal 0.442435 0.896801 0
    outer loop
      vertex 0.468787 13.1318 8.8
      vertex 0.612499 13.0609 5.8
      vertex 0.468787 13.1318 5.8
    endloop
  endfacet
  facet normal -0.555469 0.831537 0
    outer loop
      vertex -0.612499 13.0609 5.8
      vertex -0.745732 12.9719 8.8
      vertex -0.612499 13.0609 8.8
    endloop
  endfacet
  facet normal -0.555469 0.831537 0
    outer loop
      vertex -0.745732 12.9719 8.8
      vertex -0.612499 13.0609 5.8
      vertex -0.745732 12.9719 5.8
    endloop
  endfacet
  facet normal 0.194725 0.980858 -0
    outer loop
      vertex 0.317053 13.1833 5.8
      vertex 0.159894 13.2145 8.8
      vertex 0.317053 13.1833 8.8
    endloop
  endfacet
  facet normal 0.194725 0.980858 0
    outer loop
      vertex 0.159894 13.2145 8.8
      vertex 0.317053 13.1833 5.8
      vertex 0.159894 13.2145 5.8
    endloop
  endfacet
  facet normal -0.831407 0.555663 0
    outer loop
      vertex -1.06088 12.6125 5.8
      vertex -0.971857 12.7457 8.8
      vertex -0.971857 12.7457 5.8
    endloop
  endfacet
  facet normal -0.831407 0.555663 0
    outer loop
      vertex -0.971857 12.7457 8.8
      vertex -1.06088 12.6125 5.8
      vertex -1.06088 12.6125 8.8
    endloop
  endfacet
  facet normal -0.321402 0.946943 0
    outer loop
      vertex -0.317053 13.1833 5.8
      vertex -0.468787 13.1318 8.8
      vertex -0.317053 13.1833 8.8
    endloop
  endfacet
  facet normal -0.321402 0.946943 0
    outer loop
      vertex -0.468787 13.1318 8.8
      vertex -0.317053 13.1833 5.8
      vertex -0.468787 13.1318 5.8
    endloop
  endfacet
  facet normal -0.194725 0.980858 0
    outer loop
      vertex -0.159894 13.2145 5.8
      vertex -0.317053 13.1833 8.8
      vertex -0.159894 13.2145 8.8
    endloop
  endfacet
  facet normal -0.194725 0.980858 0
    outer loop
      vertex -0.317053 13.1833 8.8
      vertex -0.159894 13.2145 5.8
      vertex -0.317053 13.1833 5.8
    endloop
  endfacet
  facet normal -0.946902 -0.321522 0
    outer loop
      vertex -1.13175 11.5312 5.8
      vertex -1.18326 11.6829 8.8
      vertex -1.18326 11.6829 5.8
    endloop
  endfacet
  facet normal -0.946902 -0.321522 0
    outer loop
      vertex -1.18326 11.6829 8.8
      vertex -1.13175 11.5312 5.8
      vertex -1.13175 11.5312 8.8
    endloop
  endfacet
  facet normal 0.0655274 -0.997851 0
    outer loop
      vertex 0 10.775 5.8
      vertex 0.159894 10.7855 8.8
      vertex 0 10.775 8.8
    endloop
  endfacet
  facet normal 0.0655274 -0.997851 0
    outer loop
      vertex 0.159894 10.7855 8.8
      vertex 0 10.775 5.8
      vertex 0.159894 10.7855 5.8
    endloop
  endfacet
  facet normal -0.0655274 0.997851 0
    outer loop
      vertex 0 13.225 5.8
      vertex -0.159894 13.2145 8.8
      vertex 0 13.225 8.8
    endloop
  endfacet
  facet normal -0.0655274 0.997851 0
    outer loop
      vertex -0.159894 13.2145 8.8
      vertex 0 13.225 5.8
      vertex -0.159894 13.2145 5.8
    endloop
  endfacet
  facet normal -0.751913 -0.659262 0
    outer loop
      vertex -0.866205 11.1338 5.8
      vertex -0.971857 11.2543 8.8
      vertex -0.971857 11.2543 5.8
    endloop
  endfacet
  facet normal -0.751913 -0.659262 0
    outer loop
      vertex -0.971857 11.2543 8.8
      vertex -0.866205 11.1338 5.8
      vertex -0.866205 11.1338 8.8
    endloop
  endfacet
  facet normal 0.0655274 0.997851 -0
    outer loop
      vertex 0.159894 13.2145 5.8
      vertex 0 13.225 8.8
      vertex 0.159894 13.2145 8.8
    endloop
  endfacet
  facet normal 0.0655274 0.997851 0
    outer loop
      vertex 0 13.225 8.8
      vertex 0.159894 13.2145 5.8
      vertex 0 13.225 5.8
    endloop
  endfacet
  facet normal -0.980796 0.195036 0
    outer loop
      vertex -1.21452 12.1599 5.8
      vertex -1.18326 12.3171 8.8
      vertex -1.18326 12.3171 5.8
    endloop
  endfacet
  facet normal -0.980796 0.195036 0
    outer loop
      vertex -1.18326 12.3171 8.8
      vertex -1.21452 12.1599 5.8
      vertex -1.21452 12.1599 8.8
    endloop
  endfacet
  facet normal -0.946902 0.321522 0
    outer loop
      vertex -1.18326 12.3171 5.8
      vertex -1.13175 12.4688 8.8
      vertex -1.13175 12.4688 5.8
    endloop
  endfacet
  facet normal -0.946902 0.321522 0
    outer loop
      vertex -1.13175 12.4688 8.8
      vertex -1.18326 12.3171 5.8
      vertex -1.18326 12.3171 8.8
    endloop
  endfacet
  facet normal -0.194725 -0.980858 0
    outer loop
      vertex -0.317053 10.8167 5.8
      vertex -0.159894 10.7855 8.8
      vertex -0.317053 10.8167 8.8
    endloop
  endfacet
  facet normal -0.194725 -0.980858 -0
    outer loop
      vertex -0.159894 10.7855 8.8
      vertex -0.317053 10.8167 5.8
      vertex -0.159894 10.7855 5.8
    endloop
  endfacet
  facet normal -0.89686 0.442314 0
    outer loop
      vertex -1.13175 12.4688 5.8
      vertex -1.06088 12.6125 8.8
      vertex -1.06088 12.6125 5.8
    endloop
  endfacet
  facet normal -0.89686 0.442314 0
    outer loop
      vertex -1.06088 12.6125 8.8
      vertex -1.13175 12.4688 5.8
      vertex -1.13175 12.4688 8.8
    endloop
  endfacet
  facet normal 0.751913 0.659262 0
    outer loop
      vertex 0.971857 12.7457 8.8
      vertex 0.866205 12.8662 5.8
      vertex 0.866205 12.8662 8.8
    endloop
  endfacet
  facet normal 0.751913 0.659262 0
    outer loop
      vertex 0.866205 12.8662 5.8
      vertex 0.971857 12.7457 8.8
      vertex 0.971857 12.7457 5.8
    endloop
  endfacet
  facet normal 0.555469 -0.831537 0
    outer loop
      vertex 0.612499 10.9391 5.8
      vertex 0.745732 11.0281 8.8
      vertex 0.612499 10.9391 8.8
    endloop
  endfacet
  facet normal 0.555469 -0.831537 0
    outer loop
      vertex 0.745732 11.0281 8.8
      vertex 0.612499 10.9391 5.8
      vertex 0.745732 11.0281 5.8
    endloop
  endfacet
  facet normal 0.946902 0.321522 0
    outer loop
      vertex 1.18326 12.3171 8.8
      vertex 1.13175 12.4688 5.8
      vertex 1.13175 12.4688 8.8
    endloop
  endfacet
  facet normal 0.946902 0.321522 0
    outer loop
      vertex 1.13175 12.4688 5.8
      vertex 1.18326 12.3171 8.8
      vertex 1.18326 12.3171 5.8
    endloop
  endfacet
  facet normal -0.751913 0.659262 0
    outer loop
      vertex -0.971857 12.7457 5.8
      vertex -0.866205 12.8662 8.8
      vertex -0.866205 12.8662 5.8
    endloop
  endfacet
  facet normal -0.751913 0.659262 0
    outer loop
      vertex -0.866205 12.8662 8.8
      vertex -0.971857 12.7457 5.8
      vertex -0.971857 12.7457 8.8
    endloop
  endfacet
  facet normal -0.89686 -0.442314 0
    outer loop
      vertex -1.06088 11.3875 5.8
      vertex -1.13175 11.5312 8.8
      vertex -1.13175 11.5312 5.8
    endloop
  endfacet
  facet normal -0.89686 -0.442314 0
    outer loop
      vertex -1.13175 11.5312 8.8
      vertex -1.06088 11.3875 5.8
      vertex -1.06088 11.3875 8.8
    endloop
  endfacet
  facet normal -0.442435 0.896801 0
    outer loop
      vertex -0.468787 13.1318 5.8
      vertex -0.612499 13.0609 8.8
      vertex -0.468787 13.1318 8.8
    endloop
  endfacet
  facet normal -0.442435 0.896801 0
    outer loop
      vertex -0.612499 13.0609 8.8
      vertex -0.468787 13.1318 5.8
      vertex -0.612499 13.0609 5.8
    endloop
  endfacet
  facet normal -0.997859 -0.0654006 0
    outer loop
      vertex -1.21452 11.8401 5.8
      vertex -1.225 12 8.8
      vertex -1.225 12 5.8
    endloop
  endfacet
  facet normal -0.997859 -0.0654006 0
    outer loop
      vertex -1.225 12 8.8
      vertex -1.21452 11.8401 5.8
      vertex -1.21452 11.8401 8.8
    endloop
  endfacet
  facet normal -0.0655274 -0.997851 0
    outer loop
      vertex -0.159894 10.7855 5.8
      vertex 0 10.775 8.8
      vertex -0.159894 10.7855 8.8
    endloop
  endfacet
  facet normal -0.0655274 -0.997851 -0
    outer loop
      vertex 0 10.775 8.8
      vertex -0.159894 10.7855 5.8
      vertex 0 10.775 5.8
    endloop
  endfacet
  facet normal 0.471372 0.705512 0.529209
    outer loop
      vertex 0.745732 12.9719 8.8
      vertex 0.299999 12.5196 9.8
      vertex 0.365256 12.476 9.8
    endloop
  endfacet
  facet normal 0.165417 0.832232 0.529176
    outer loop
      vertex 0.317053 13.1833 8.8
      vertex 0.0783148 12.5949 9.8
      vertex 0.155291 12.5796 9.8
    endloop
  endfacet
  facet normal 0.846691 0.0554945 0.529183
    outer loop
      vertex 1.225 12 8.8
      vertex 0.594867 12.0783 9.8
      vertex 0.599999 12 9.8
    endloop
  endfacet
  facet normal 0.846691 0.055493 0.529183
    outer loop
      vertex 1.21452 12.1599 8.8
      vertex 0.594867 12.0783 9.8
      vertex 1.225 12 8.8
    endloop
  endfacet
  facet normal -0.705458 -0.471486 0.529179
    outer loop
      vertex -0.519615 11.7 9.8
      vertex -1.06088 11.3875 8.8
      vertex -0.971857 11.2543 8.8
    endloop
  endfacet
  facet normal -0.761023 0.375236 0.529189
    outer loop
      vertex -0.519615 12.3 9.8
      vertex -1.13175 12.4688 8.8
      vertex -0.554327 12.2296 9.8
    endloop
  endfacet
  facet normal -0.55961 0.637823 0.529168
    outer loop
      vertex -0.745732 12.9719 8.8
      vertex -0.866205 12.8662 8.8
      vertex -0.424264 12.4243 9.8
    endloop
  endfacet
  facet normal 0.375403 0.76093 0.529205
    outer loop
      vertex 0.468787 13.1318 8.8
      vertex 0.299999 12.5196 9.8
      vertex 0.612499 13.0609 8.8
    endloop
  endfacet
  facet normal -0.471313 -0.705556 0.529203
    outer loop
      vertex -0.299999 11.4804 9.8
      vertex -0.745732 11.0281 8.8
      vertex -0.612499 10.9391 8.8
    endloop
  endfacet
  facet normal 0.0556017 -0.846703 0.529153
    outer loop
      vertex 0.0783148 11.4051 9.8
      vertex 0 10.775 8.8
      vertex 0.159894 10.7855 8.8
    endloop
  endfacet
  facet normal -0.638014 -0.559398 0.529162
    outer loop
      vertex -0.424264 11.5757 9.8
      vertex -0.971857 11.2543 8.8
      vertex -0.866205 11.1338 8.8
    endloop
  endfacet
  facet normal 0 0 1
    outer loop
      vertex 0.594867 12.0783 9.8
      vertex 0.594867 11.9217 9.8
      vertex 0.599999 12 9.8
    endloop
  endfacet
  facet normal 0 0 1
    outer loop
      vertex 0.579555 12.1553 9.8
      vertex 0.594867 11.9217 9.8
      vertex 0.594867 12.0783 9.8
    endloop
  endfacet
  facet normal 0 0 1
    outer loop
      vertex 0.579555 12.1553 9.8
      vertex 0.579555 11.8447 9.8
      vertex 0.594867 11.9217 9.8
    endloop
  endfacet
  facet normal 0 0 1
    outer loop
      vertex 0.554327 12.2296 9.8
      vertex 0.579555 11.8447 9.8
      vertex 0.579555 12.1553 9.8
    endloop
  endfacet
  facet normal 0 0 1
    outer loop
      vertex 0.554327 12.2296 9.8
      vertex 0.554327 11.7704 9.8
      vertex 0.579555 11.8447 9.8
    endloop
  endfacet
  facet normal 0 0 1
    outer loop
      vertex 0.519615 12.3 9.8
      vertex 0.554327 11.7704 9.8
      vertex 0.554327 12.2296 9.8
    endloop
  endfacet
  facet normal 0 0 1
    outer loop
      vertex 0.519615 12.3 9.8
      vertex 0.519615 11.7 9.8
      vertex 0.554327 11.7704 9.8
    endloop
  endfacet
  facet normal 0 0 1
    outer loop
      vertex 0.476011 12.3653 9.8
      vertex 0.519615 11.7 9.8
      vertex 0.519615 12.3 9.8
    endloop
  endfacet
  facet normal 0 0 1
    outer loop
      vertex 0.476011 12.3653 9.8
      vertex 0.476011 11.6347 9.8
      vertex 0.519615 11.7 9.8
    endloop
  endfacet
  facet normal 0 0 1
    outer loop
      vertex 0.424264 12.4243 9.8
      vertex 0.476011 11.6347 9.8
      vertex 0.476011 12.3653 9.8
    endloop
  endfacet
  facet normal 0 0 1
    outer loop
      vertex 0.424264 12.4243 9.8
      vertex 0.424264 11.5757 9.8
      vertex 0.476011 11.6347 9.8
    endloop
  endfacet
  facet normal 0 0 1
    outer loop
      vertex 0.365256 12.476 9.8
      vertex 0.424264 11.5757 9.8
      vertex 0.424264 12.4243 9.8
    endloop
  endfacet
  facet normal 0 0 1
    outer loop
      vertex 0.365256 12.476 9.8
      vertex 0.365256 11.524 9.8
      vertex 0.424264 11.5757 9.8
    endloop
  endfacet
  facet normal 0 0 1
    outer loop
      vertex 0.299999 12.5196 9.8
      vertex 0.365256 11.524 9.8
      vertex 0.365256 12.476 9.8
    endloop
  endfacet
  facet normal 0 0 1
    outer loop
      vertex 0.299999 12.5196 9.8
      vertex 0.299999 11.4804 9.8
      vertex 0.365256 11.524 9.8
    endloop
  endfacet
  facet normal 0 0 1
    outer loop
      vertex 0.229609 12.5543 9.8
      vertex 0.299999 11.4804 9.8
      vertex 0.299999 12.5196 9.8
    endloop
  endfacet
  facet normal 0 0 1
    outer loop
      vertex 0.229609 12.5543 9.8
      vertex 0.229609 11.4457 9.8
      vertex 0.299999 11.4804 9.8
    endloop
  endfacet
  facet normal 0 0 1
    outer loop
      vertex 0.155291 12.5796 9.8
      vertex 0.229609 11.4457 9.8
      vertex 0.229609 12.5543 9.8
    endloop
  endfacet
  facet normal 0 0 1
    outer loop
      vertex 0.155291 12.5796 9.8
      vertex 0.155291 11.4204 9.8
      vertex 0.229609 11.4457 9.8
    endloop
  endfacet
  facet normal 0 0 1
    outer loop
      vertex 0.0783148 12.5949 9.8
      vertex 0.155291 11.4204 9.8
      vertex 0.155291 12.5796 9.8
    endloop
  endfacet
  facet normal 0 0 1
    outer loop
      vertex 0.0783148 12.5949 9.8
      vertex 0.0783148 11.4051 9.8
      vertex 0.155291 11.4204 9.8
    endloop
  endfacet
  facet normal 0 0 1
    outer loop
      vertex 0 12.6 9.8
      vertex 0.0783148 11.4051 9.8
      vertex 0.0783148 12.5949 9.8
    endloop
  endfacet
  facet normal 0 0 1
    outer loop
      vertex 0 12.6 9.8
      vertex 0 11.4 9.8
      vertex 0.0783148 11.4051 9.8
    endloop
  endfacet
  facet normal -0 0 1
    outer loop
      vertex -0.0783148 12.5949 9.8
      vertex 0 11.4 9.8
      vertex 0 12.6 9.8
    endloop
  endfacet
  facet normal 0 0 1
    outer loop
      vertex -0.0783148 12.5949 9.8
      vertex -0.0783148 11.4051 9.8
      vertex 0 11.4 9.8
    endloop
  endfacet
  facet normal -0 0 1
    outer loop
      vertex -0.155291 12.5796 9.8
      vertex -0.0783148 11.4051 9.8
      vertex -0.0783148 12.5949 9.8
    endloop
  endfacet
  facet normal 0 0 1
    outer loop
      vertex -0.155291 12.5796 9.8
      vertex -0.155291 11.4204 9.8
      vertex -0.0783148 11.4051 9.8
    endloop
  endfacet
  facet normal -0 0 1
    outer loop
      vertex -0.229609 12.5543 9.8
      vertex -0.155291 11.4204 9.8
      vertex -0.155291 12.5796 9.8
    endloop
  endfacet
  facet normal 0 0 1
    outer loop
      vertex -0.229609 12.5543 9.8
      vertex -0.229609 11.4457 9.8
      vertex -0.155291 11.4204 9.8
    endloop
  endfacet
  facet normal -0 0 1
    outer loop
      vertex -0.299999 12.5196 9.8
      vertex -0.229609 11.4457 9.8
      vertex -0.229609 12.5543 9.8
    endloop
  endfacet
  facet normal 0 0 1
    outer loop
      vertex -0.299999 12.5196 9.8
      vertex -0.299999 11.4804 9.8
      vertex -0.229609 11.4457 9.8
    endloop
  endfacet
  facet normal -0 0 1
    outer loop
      vertex -0.365256 12.476 9.8
      vertex -0.299999 11.4804 9.8
      vertex -0.299999 12.5196 9.8
    endloop
  endfacet
  facet normal 0 0 1
    outer loop
      vertex -0.365256 12.476 9.8
      vertex -0.365256 11.524 9.8
      vertex -0.299999 11.4804 9.8
    endloop
  endfacet
  facet normal -0 0 1
    outer loop
      vertex -0.424264 12.4243 9.8
      vertex -0.365256 11.524 9.8
      vertex -0.365256 12.476 9.8
    endloop
  endfacet
  facet normal 0 0 1
    outer loop
      vertex -0.424264 12.4243 9.8
      vertex -0.424264 11.5757 9.8
      vertex -0.365256 11.524 9.8
    endloop
  endfacet
  facet normal -0 0 1
    outer loop
      vertex -0.476011 12.3653 9.8
      vertex -0.424264 11.5757 9.8
      vertex -0.424264 12.4243 9.8
    endloop
  endfacet
  facet normal 0 0 1
    outer loop
      vertex -0.476011 12.3653 9.8
      vertex -0.476011 11.6347 9.8
      vertex -0.424264 11.5757 9.8
    endloop
  endfacet
  facet normal -0 0 1
    outer loop
      vertex -0.519615 12.3 9.8
      vertex -0.476011 11.6347 9.8
      vertex -0.476011 12.3653 9.8
    endloop
  endfacet
  facet normal 0 0 1
    outer loop
      vertex -0.519615 12.3 9.8
      vertex -0.519615 11.7 9.8
      vertex -0.476011 11.6347 9.8
    endloop
  endfacet
  facet normal -0 0 1
    outer loop
      vertex -0.554327 12.2296 9.8
      vertex -0.519615 11.7 9.8
      vertex -0.519615 12.3 9.8
    endloop
  endfacet
  facet normal 0 0 1
    outer loop
      vertex -0.554327 12.2296 9.8
      vertex -0.554327 11.7704 9.8
      vertex -0.519615 11.7 9.8
    endloop
  endfacet
  facet normal -0 0 1
    outer loop
      vertex -0.579555 12.1553 9.8
      vertex -0.554327 11.7704 9.8
      vertex -0.554327 12.2296 9.8
    endloop
  endfacet
  facet normal 0 0 1
    outer loop
      vertex -0.579555 12.1553 9.8
      vertex -0.579555 11.8447 9.8
      vertex -0.554327 11.7704 9.8
    endloop
  endfacet
  facet normal -0 0 1
    outer loop
      vertex -0.594867 12.0783 9.8
      vertex -0.579555 11.8447 9.8
      vertex -0.579555 12.1553 9.8
    endloop
  endfacet
  facet normal 0 0 1
    outer loop
      vertex -0.594867 12.0783 9.8
      vertex -0.594867 11.9217 9.8
      vertex -0.579555 11.8447 9.8
    endloop
  endfacet
  facet normal 0 -0 1
    outer loop
      vertex -0.594867 11.9217 9.8
      vertex -0.594867 12.0783 9.8
      vertex -0.599999 12 9.8
    endloop
  endfacet
  facet normal 0.471372 -0.705512 0.529209
    outer loop
      vertex 0.365256 11.524 9.8
      vertex 0.299999 11.4804 9.8
      vertex 0.745732 11.0281 8.8
    endloop
  endfacet
  facet normal -0.832211 -0.165489 0.529186
    outer loop
      vertex -0.594867 11.9217 9.8
      vertex -1.21452 11.8401 8.8
      vertex -1.18326 11.6829 8.8
    endloop
  endfacet
  facet normal -0.846691 0.055493 0.529183
    outer loop
      vertex -1.21452 12.1599 8.8
      vertex -1.225 12 8.8
      vertex -0.594867 12.0783 9.8
    endloop
  endfacet
  facet normal 0.375164 -0.761032 0.529227
    outer loop
      vertex 0.299999 11.4804 9.8
      vertex 0.229609 11.4457 9.8
      vertex 0.468787 10.8682 8.8
    endloop
  endfacet
  facet normal -0.165417 0.832232 0.529176
    outer loop
      vertex -0.0783148 12.5949 9.8
      vertex -0.317053 13.1833 8.8
      vertex -0.155291 12.5796 9.8
    endloop
  endfacet
  facet normal 0.0556017 0.846703 0.529153
    outer loop
      vertex 0.159894 13.2145 8.8
      vertex 0 13.225 8.8
      vertex 0.0783148 12.5949 9.8
    endloop
  endfacet
  facet normal -0.846691 0.0554945 0.529183
    outer loop
      vertex -0.594867 12.0783 9.8
      vertex -1.225 12 8.8
      vertex -0.599999 12 9.8
    endloop
  endfacet
  facet normal 0.832211 0.165491 0.529186
    outer loop
      vertex 1.18326 12.3171 8.8
      vertex 0.579555 12.1553 9.8
      vertex 0.594867 12.0783 9.8
    endloop
  endfacet
  facet normal 0.761023 -0.375236 0.529189
    outer loop
      vertex 0.554327 11.7704 9.8
      vertex 0.519615 11.7 9.8
      vertex 1.13175 11.5312 8.8
    endloop
  endfacet
  facet normal 0.832211 -0.165489 0.529186
    outer loop
      vertex 1.21452 11.8401 8.8
      vertex 0.594867 11.9217 9.8
      vertex 1.18326 11.6829 8.8
    endloop
  endfacet
  facet normal -0.55961 -0.637823 0.529168
    outer loop
      vertex -0.424264 11.5757 9.8
      vertex -0.866205 11.1338 8.8
      vertex -0.745732 11.0281 8.8
    endloop
  endfacet
  facet normal 0.273451 0.803254 0.529158
    outer loop
      vertex 0.317053 13.1833 8.8
      vertex 0.155291 12.5796 9.8
      vertex 0.229609 12.5543 9.8
    endloop
  endfacet
  facet normal 0.55961 0.637823 0.529168
    outer loop
      vertex 0.745732 12.9719 8.8
      vertex 0.424264 12.4243 9.8
      vertex 0.866205 12.8662 8.8
    endloop
  endfacet
  facet normal -0.0556017 0.846703 0.529153
    outer loop
      vertex 0 13.225 8.8
      vertex -0.159894 13.2145 8.8
      vertex -0.0783148 12.5949 9.8
    endloop
  endfacet
  facet normal 0.375403 -0.76093 0.529205
    outer loop
      vertex 0.612499 10.9391 8.8
      vertex 0.299999 11.4804 9.8
      vertex 0.468787 10.8682 8.8
    endloop
  endfacet
  facet normal -0.760993 -0.375307 0.529182
    outer loop
      vertex -0.519615 11.7 9.8
      vertex -1.13175 11.5312 8.8
      vertex -1.06088 11.3875 8.8
    endloop
  endfacet
  facet normal 0.832211 0.165489 0.529186
    outer loop
      vertex 1.18326 12.3171 8.8
      vertex 0.594867 12.0783 9.8
      vertex 1.21452 12.1599 8.8
    endloop
  endfacet
  facet normal 0.638014 -0.559398 0.529162
    outer loop
      vertex 0.971857 11.2543 8.8
      vertex 0.424264 11.5757 9.8
      vertex 0.866205 11.1338 8.8
    endloop
  endfacet
  facet normal 0.705458 0.471486 0.529179
    outer loop
      vertex 0.971857 12.7457 8.8
      vertex 0.519615 12.3 9.8
      vertex 1.06088 12.6125 8.8
    endloop
  endfacet
  facet normal 0.705458 -0.471486 0.529179
    outer loop
      vertex 1.06088 11.3875 8.8
      vertex 0.519615 11.7 9.8
      vertex 0.971857 11.2543 8.8
    endloop
  endfacet
  facet normal 0.637928 0.559506 0.52915
    outer loop
      vertex 0.971857 12.7457 8.8
      vertex 0.424264 12.4243 9.8
      vertex 0.476011 12.3653 9.8
    endloop
  endfacet
  facet normal -0.846691 -0.055493 0.529183
    outer loop
      vertex -0.594867 11.9217 9.8
      vertex -1.225 12 8.8
      vertex -1.21452 11.8401 8.8
    endloop
  endfacet
  facet normal 0.761023 0.375236 0.529189
    outer loop
      vertex 1.13175 12.4688 8.8
      vertex 0.519615 12.3 9.8
      vertex 0.554327 12.2296 9.8
    endloop
  endfacet
  facet normal -0.273451 0.803254 0.529158
    outer loop
      vertex -0.155291 12.5796 9.8
      vertex -0.317053 13.1833 8.8
      vertex -0.229609 12.5543 9.8
    endloop
  endfacet
  facet normal -0.638014 0.559398 0.529162
    outer loop
      vertex -0.866205 12.8662 8.8
      vertex -0.971857 12.7457 8.8
      vertex -0.424264 12.4243 9.8
    endloop
  endfacet
  facet normal 0.272703 0.803464 0.529225
    outer loop
      vertex 0.317053 13.1833 8.8
      vertex 0.229609 12.5543 9.8
      vertex 0.468787 13.1318 8.8
    endloop
  endfacet
  facet normal -0.761023 -0.375236 0.529189
    outer loop
      vertex -0.554327 11.7704 9.8
      vertex -1.13175 11.5312 8.8
      vertex -0.519615 11.7 9.8
    endloop
  endfacet
  facet normal -0.637928 -0.559506 0.52915
    outer loop
      vertex -0.476011 11.6347 9.8
      vertex -0.971857 11.2543 8.8
      vertex -0.424264 11.5757 9.8
    endloop
  endfacet
  facet normal -0.832211 -0.165491 0.529186
    outer loop
      vertex -0.594867 11.9217 9.8
      vertex -1.18326 11.6829 8.8
      vertex -0.579555 11.8447 9.8
    endloop
  endfacet
  facet normal 0.803453 0.272806 0.529188
    outer loop
      vertex 1.18326 12.3171 8.8
      vertex 0.554327 12.2296 9.8
      vertex 0.579555 12.1553 9.8
    endloop
  endfacet
  facet normal 0.0551392 -0.846708 0.529193
    outer loop
      vertex 0 11.4 9.8
      vertex 0 10.775 8.8
      vertex 0.0783148 11.4051 9.8
    endloop
  endfacet
  facet normal 0.375164 0.761032 0.529227
    outer loop
      vertex 0.468787 13.1318 8.8
      vertex 0.229609 12.5543 9.8
      vertex 0.299999 12.5196 9.8
    endloop
  endfacet
  facet normal 0.803451 -0.272813 0.529188
    outer loop
      vertex 1.18326 11.6829 8.8
      vertex 0.554327 11.7704 9.8
      vertex 1.13175 11.5312 8.8
    endloop
  endfacet
  facet normal -0.375164 0.761032 0.529227
    outer loop
      vertex -0.229609 12.5543 9.8
      vertex -0.468787 13.1318 8.8
      vertex -0.299999 12.5196 9.8
    endloop
  endfacet
  facet normal -0.803451 -0.272813 0.529188
    outer loop
      vertex -0.554327 11.7704 9.8
      vertex -1.18326 11.6829 8.8
      vertex -1.13175 11.5312 8.8
    endloop
  endfacet
  facet normal 0.803453 -0.272806 0.529188
    outer loop
      vertex 0.579555 11.8447 9.8
      vertex 0.554327 11.7704 9.8
      vertex 1.18326 11.6829 8.8
    endloop
  endfacet
  facet normal -0.375164 -0.761032 0.529227
    outer loop
      vertex -0.299999 11.4804 9.8
      vertex -0.468787 10.8682 8.8
      vertex -0.229609 11.4457 9.8
    endloop
  endfacet
  facet normal 0.638014 0.559398 0.529162
    outer loop
      vertex 0.866205 12.8662 8.8
      vertex 0.424264 12.4243 9.8
      vertex 0.971857 12.7457 8.8
    endloop
  endfacet
  facet normal -0.803453 -0.272806 0.529188
    outer loop
      vertex -0.579555 11.8447 9.8
      vertex -1.18326 11.6829 8.8
      vertex -0.554327 11.7704 9.8
    endloop
  endfacet
  facet normal -0.272703 -0.803464 0.529225
    outer loop
      vertex -0.229609 11.4457 9.8
      vertex -0.468787 10.8682 8.8
      vertex -0.317053 10.8167 8.8
    endloop
  endfacet
  facet normal -0.832211 0.165489 0.529186
    outer loop
      vertex -1.18326 12.3171 8.8
      vertex -1.21452 12.1599 8.8
      vertex -0.594867 12.0783 9.8
    endloop
  endfacet
  facet normal -0.0551392 -0.846708 0.529193
    outer loop
      vertex 0 11.4 9.8
      vertex -0.0783148 11.4051 9.8
      vertex 0 10.775 8.8
    endloop
  endfacet
  facet normal 0.165417 -0.832232 0.529176
    outer loop
      vertex 0.155291 11.4204 9.8
      vertex 0.0783148 11.4051 9.8
      vertex 0.317053 10.8167 8.8
    endloop
  endfacet
  facet normal 0.55961 -0.637823 0.529168
    outer loop
      vertex 0.866205 11.1338 8.8
      vertex 0.424264 11.5757 9.8
      vertex 0.745732 11.0281 8.8
    endloop
  endfacet
  facet normal -0.846691 -0.0554945 0.529183
    outer loop
      vertex -0.599999 12 9.8
      vertex -1.225 12 8.8
      vertex -0.594867 11.9217 9.8
    endloop
  endfacet
  facet normal 0.760993 -0.375307 0.529182
    outer loop
      vertex 1.13175 11.5312 8.8
      vertex 0.519615 11.7 9.8
      vertex 1.06088 11.3875 8.8
    endloop
  endfacet
  facet normal 0.165228 0.83228 0.52916
    outer loop
      vertex 0.159894 13.2145 8.8
      vertex 0.0783148 12.5949 9.8
      vertex 0.317053 13.1833 8.8
    endloop
  endfacet
  facet normal 0.471313 -0.705556 0.529203
    outer loop
      vertex 0.745732 11.0281 8.8
      vertex 0.299999 11.4804 9.8
      vertex 0.612499 10.9391 8.8
    endloop
  endfacet
  facet normal -0.471372 -0.705512 0.529209
    outer loop
      vertex -0.365256 11.524 9.8
      vertex -0.745732 11.0281 8.8
      vertex -0.299999 11.4804 9.8
    endloop
  endfacet
  facet normal 0.846691 -0.055493 0.529183
    outer loop
      vertex 1.225 12 8.8
      vertex 0.594867 11.9217 9.8
      vertex 1.21452 11.8401 8.8
    endloop
  endfacet
  facet normal 0.846691 -0.0554945 0.529183
    outer loop
      vertex 0.599999 12 9.8
      vertex 0.594867 11.9217 9.8
      vertex 1.225 12 8.8
    endloop
  endfacet
  facet normal 0.705666 0.471208 0.529149
    outer loop
      vertex 0.971857 12.7457 8.8
      vertex 0.476011 12.3653 9.8
      vertex 0.519615 12.3 9.8
    endloop
  endfacet
  facet normal 0.471313 0.705556 0.529203
    outer loop
      vertex 0.612499 13.0609 8.8
      vertex 0.299999 12.5196 9.8
      vertex 0.745732 12.9719 8.8
    endloop
  endfacet
  facet normal -0.165228 -0.83228 0.52916
    outer loop
      vertex -0.0783148 11.4051 9.8
      vertex -0.317053 10.8167 8.8
      vertex -0.159894 10.7855 8.8
    endloop
  endfacet
  facet normal 0.760993 0.375307 0.529182
    outer loop
      vertex 1.06088 12.6125 8.8
      vertex 0.519615 12.3 9.8
      vertex 1.13175 12.4688 8.8
    endloop
  endfacet
  facet normal 0.559148 0.638186 0.529219
    outer loop
      vertex 0.745732 12.9719 8.8
      vertex 0.365256 12.476 9.8
      vertex 0.424264 12.4243 9.8
    endloop
  endfacet
  facet normal -0.705666 -0.471208 0.529149
    outer loop
      vertex -0.519615 11.7 9.8
      vertex -0.971857 11.2543 8.8
      vertex -0.476011 11.6347 9.8
    endloop
  endfacet
  facet normal 0.803451 0.272813 0.529188
    outer loop
      vertex 1.13175 12.4688 8.8
      vertex 0.554327 12.2296 9.8
      vertex 1.18326 12.3171 8.8
    endloop
  endfacet
  facet normal -0.272703 0.803464 0.529225
    outer loop
      vertex -0.317053 13.1833 8.8
      vertex -0.468787 13.1318 8.8
      vertex -0.229609 12.5543 9.8
    endloop
  endfacet
  facet normal -0.375403 0.76093 0.529205
    outer loop
      vertex -0.468787 13.1318 8.8
      vertex -0.612499 13.0609 8.8
      vertex -0.299999 12.5196 9.8
    endloop
  endfacet
  facet normal -0.705458 0.471486 0.529179
    outer loop
      vertex -0.971857 12.7457 8.8
      vertex -1.06088 12.6125 8.8
      vertex -0.519615 12.3 9.8
    endloop
  endfacet
  facet normal 0.0551392 0.846708 0.529193
    outer loop
      vertex 0 13.225 8.8
      vertex 0 12.6 9.8
      vertex 0.0783148 12.5949 9.8
    endloop
  endfacet
  facet normal -0.273451 -0.803254 0.529158
    outer loop
      vertex -0.229609 11.4457 9.8
      vertex -0.317053 10.8167 8.8
      vertex -0.155291 11.4204 9.8
    endloop
  endfacet
  facet normal -0.559148 0.638186 0.529219
    outer loop
      vertex -0.365256 12.476 9.8
      vertex -0.745732 12.9719 8.8
      vertex -0.424264 12.4243 9.8
    endloop
  endfacet
  facet normal -0.165228 0.83228 0.52916
    outer loop
      vertex -0.159894 13.2145 8.8
      vertex -0.317053 13.1833 8.8
      vertex -0.0783148 12.5949 9.8
    endloop
  endfacet
  facet normal -0.803451 0.272813 0.529188
    outer loop
      vertex -1.13175 12.4688 8.8
      vertex -1.18326 12.3171 8.8
      vertex -0.554327 12.2296 9.8
    endloop
  endfacet
  facet normal 0.705666 -0.471208 0.529149
    outer loop
      vertex 0.519615 11.7 9.8
      vertex 0.476011 11.6347 9.8
      vertex 0.971857 11.2543 8.8
    endloop
  endfacet
  facet normal 0.165228 -0.83228 0.52916
    outer loop
      vertex 0.317053 10.8167 8.8
      vertex 0.0783148 11.4051 9.8
      vertex 0.159894 10.7855 8.8
    endloop
  endfacet
  facet normal 0.272703 -0.803464 0.529225
    outer loop
      vertex 0.468787 10.8682 8.8
      vertex 0.229609 11.4457 9.8
      vertex 0.317053 10.8167 8.8
    endloop
  endfacet
  facet normal 0.273451 -0.803254 0.529158
    outer loop
      vertex 0.229609 11.4457 9.8
      vertex 0.155291 11.4204 9.8
      vertex 0.317053 10.8167 8.8
    endloop
  endfacet
  facet normal -0.760993 0.375307 0.529182
    outer loop
      vertex -1.06088 12.6125 8.8
      vertex -1.13175 12.4688 8.8
      vertex -0.519615 12.3 9.8
    endloop
  endfacet
  facet normal 0.637928 -0.559506 0.52915
    outer loop
      vertex 0.476011 11.6347 9.8
      vertex 0.424264 11.5757 9.8
      vertex 0.971857 11.2543 8.8
    endloop
  endfacet
  facet normal -0.471313 0.705556 0.529203
    outer loop
      vertex -0.612499 13.0609 8.8
      vertex -0.745732 12.9719 8.8
      vertex -0.299999 12.5196 9.8
    endloop
  endfacet
  facet normal 0.559148 -0.638186 0.529219
    outer loop
      vertex 0.424264 11.5757 9.8
      vertex 0.365256 11.524 9.8
      vertex 0.745732 11.0281 8.8
    endloop
  endfacet
  facet normal 0.832211 -0.165491 0.529186
    outer loop
      vertex 0.594867 11.9217 9.8
      vertex 0.579555 11.8447 9.8
      vertex 1.18326 11.6829 8.8
    endloop
  endfacet
  facet normal -0.832211 0.165491 0.529186
    outer loop
      vertex -0.579555 12.1553 9.8
      vertex -1.18326 12.3171 8.8
      vertex -0.594867 12.0783 9.8
    endloop
  endfacet
  facet normal -0.375403 -0.76093 0.529205
    outer loop
      vertex -0.299999 11.4804 9.8
      vertex -0.612499 10.9391 8.8
      vertex -0.468787 10.8682 8.8
    endloop
  endfacet
  facet normal -0.471372 0.705512 0.529209
    outer loop
      vertex -0.299999 12.5196 9.8
      vertex -0.745732 12.9719 8.8
      vertex -0.365256 12.476 9.8
    endloop
  endfacet
  facet normal -0.0551392 0.846708 0.529193
    outer loop
      vertex 0 13.225 8.8
      vertex -0.0783148 12.5949 9.8
      vertex 0 12.6 9.8
    endloop
  endfacet
  facet normal -0.803453 0.272806 0.529188
    outer loop
      vertex -0.554327 12.2296 9.8
      vertex -1.18326 12.3171 8.8
      vertex -0.579555 12.1553 9.8
    endloop
  endfacet
  facet normal -0.705666 0.471208 0.529149
    outer loop
      vertex -0.476011 12.3653 9.8
      vertex -0.971857 12.7457 8.8
      vertex -0.519615 12.3 9.8
    endloop
  endfacet
  facet normal -0.637928 0.559506 0.52915
    outer loop
      vertex -0.424264 12.4243 9.8
      vertex -0.971857 12.7457 8.8
      vertex -0.476011 12.3653 9.8
    endloop
  endfacet
  facet normal -0.0556017 -0.846703 0.529153
    outer loop
      vertex -0.0783148 11.4051 9.8
      vertex -0.159894 10.7855 8.8
      vertex 0 10.775 8.8
    endloop
  endfacet
  facet normal -0.165417 -0.832232 0.529176
    outer loop
      vertex -0.155291 11.4204 9.8
      vertex -0.317053 10.8167 8.8
      vertex -0.0783148 11.4051 9.8
    endloop
  endfacet
  facet normal -0.559148 -0.638186 0.529219
    outer loop
      vertex -0.424264 11.5757 9.8
      vertex -0.745732 11.0281 8.8
      vertex -0.365256 11.524 9.8
    endloop
  endfacet
  facet normal 0.980801 0.195013 0
    outer loop
      vertex 13.9829 12.2611 2.8
      vertex 13.9319 12.5176 0
      vertex 13.9319 12.5176 2.8
    endloop
  endfacet
  facet normal 0.980801 0.195013 0
    outer loop
      vertex 13.9319 12.5176 0
      vertex 13.9829 12.2611 2.8
      vertex 13.9829 12.2611 0
    endloop
  endfacet
  facet normal 0.997862 0.0653521 0
    outer loop
      vertex 14 12 2.8
      vertex 13.9829 12.2611 0
      vertex 13.9829 12.2611 2.8
    endloop
  endfacet
  facet normal 0.997862 0.0653521 0
    outer loop
      vertex 13.9829 12.2611 0
      vertex 14 12 2.8
      vertex 14 12 0
    endloop
  endfacet
  facet normal 0.0653521 0.997862 -0
    outer loop
      vertex 12.2611 13.9829 0
      vertex 12 14 2.8
      vertex 12.2611 13.9829 2.8
    endloop
  endfacet
  facet normal 0.0653521 0.997862 0
    outer loop
      vertex 12 14 2.8
      vertex 12.2611 13.9829 0
      vertex 12 14 0
    endloop
  endfacet
  facet normal -0.195013 0.980801 0
    outer loop
      vertex 11.7389 13.9829 0
      vertex 11.4824 13.9319 2.8
      vertex 11.7389 13.9829 2.8
    endloop
  endfacet
  facet normal -0.195013 0.980801 0
    outer loop
      vertex 11.4824 13.9319 2.8
      vertex 11.7389 13.9829 0
      vertex 11.4824 13.9319 0
    endloop
  endfacet
  facet normal 0.555494 -0.831521 0
    outer loop
      vertex 13 10.268 0
      vertex 13.2175 10.4133 2.8
      vertex 13 10.268 2.8
    endloop
  endfacet
  facet normal 0.555494 -0.831521 0
    outer loop
      vertex 13.2175 10.4133 2.8
      vertex 13 10.268 0
      vertex 13.2175 10.4133 0
    endloop
  endfacet
  facet normal -0.896709 0.442621 0
    outer loop
      vertex 10.1522 12.7654 0
      vertex 10.268 13 2.8
      vertex 10.268 13 0
    endloop
  endfacet
  facet normal -0.896709 0.442621 0
    outer loop
      vertex 10.268 13 2.8
      vertex 10.1522 12.7654 0
      vertex 10.1522 12.7654 2.8
    endloop
  endfacet
  facet normal -0.94695 0.321382 0
    outer loop
      vertex 10.0681 12.5176 0
      vertex 10.1522 12.7654 2.8
      vertex 10.1522 12.7654 0
    endloop
  endfacet
  facet normal -0.94695 0.321382 0
    outer loop
      vertex 10.1522 12.7654 2.8
      vertex 10.0681 12.5176 0
      vertex 10.0681 12.5176 2.8
    endloop
  endfacet
  facet normal -0.321382 0.94695 0
    outer loop
      vertex 11.4824 13.9319 0
      vertex 11.2346 13.8478 2.8
      vertex 11.4824 13.9319 2.8
    endloop
  endfacet
  facet normal -0.321382 0.94695 0
    outer loop
      vertex 11.2346 13.8478 2.8
      vertex 11.4824 13.9319 0
      vertex 11.2346 13.8478 0
    endloop
  endfacet
  facet normal 0.997862 -0.0653521 0
    outer loop
      vertex 13.9829 11.7389 2.8
      vertex 14 12 0
      vertex 14 12 2.8
    endloop
  endfacet
  facet normal 0.997862 -0.0653521 0
    outer loop
      vertex 14 12 0
      vertex 13.9829 11.7389 2.8
      vertex 13.9829 11.7389 0
    endloop
  endfacet
  facet normal -0.94695 -0.321382 0
    outer loop
      vertex 10.1522 11.2346 0
      vertex 10.0681 11.4824 2.8
      vertex 10.0681 11.4824 0
    endloop
  endfacet
  facet normal -0.94695 -0.321382 0
    outer loop
      vertex 10.0681 11.4824 2.8
      vertex 10.1522 11.2346 0
      vertex 10.1522 11.2346 2.8
    endloop
  endfacet
  facet normal -0.831521 0.555494 0
    outer loop
      vertex 10.268 13 0
      vertex 10.4133 13.2175 2.8
      vertex 10.4133 13.2175 0
    endloop
  endfacet
  facet normal -0.831521 0.555494 0
    outer loop
      vertex 10.4133 13.2175 2.8
      vertex 10.268 13 0
      vertex 10.268 13 2.8
    endloop
  endfacet
  facet normal -0.980801 0.195013 0
    outer loop
      vertex 10.0171 12.2611 0
      vertex 10.0681 12.5176 2.8
      vertex 10.0681 12.5176 0
    endloop
  endfacet
  facet normal -0.980801 0.195013 0
    outer loop
      vertex 10.0681 12.5176 2.8
      vertex 10.0171 12.2611 0
      vertex 10.0171 12.2611 2.8
    endloop
  endfacet
  facet normal 0.94695 -0.321382 0
    outer loop
      vertex 13.8478 11.2346 2.8
      vertex 13.9319 11.4824 0
      vertex 13.9319 11.4824 2.8
    endloop
  endfacet
  facet normal 0.94695 -0.321382 0
    outer loop
      vertex 13.9319 11.4824 0
      vertex 13.8478 11.2346 2.8
      vertex 13.8478 11.2346 0
    endloop
  endfacet
  facet normal 0.659343 -0.751842 0
    outer loop
      vertex 13.2175 10.4133 0
      vertex 13.4142 10.5858 2.8
      vertex 13.2175 10.4133 2.8
    endloop
  endfacet
  facet normal 0.659343 -0.751842 0
    outer loop
      vertex 13.4142 10.5858 2.8
      vertex 13.2175 10.4133 0
      vertex 13.4142 10.5858 0
    endloop
  endfacet
  facet normal 0.321382 0.94695 -0
    outer loop
      vertex 12.7654 13.8478 0
      vertex 12.5176 13.9319 2.8
      vertex 12.7654 13.8478 2.8
    endloop
  endfacet
  facet normal 0.321382 0.94695 0
    outer loop
      vertex 12.5176 13.9319 2.8
      vertex 12.7654 13.8478 0
      vertex 12.5176 13.9319 0
    endloop
  endfacet
  facet normal -0.751842 -0.659343 0
    outer loop
      vertex 10.5858 10.5858 0
      vertex 10.4133 10.7825 2.8
      vertex 10.4133 10.7825 0
    endloop
  endfacet
  facet normal -0.751842 -0.659343 0
    outer loop
      vertex 10.4133 10.7825 2.8
      vertex 10.5858 10.5858 0
      vertex 10.5858 10.5858 2.8
    endloop
  endfacet
  facet normal -0.659343 0.751842 0
    outer loop
      vertex 10.7825 13.5867 0
      vertex 10.5858 13.4142 2.8
      vertex 10.7825 13.5867 2.8
    endloop
  endfacet
  facet normal -0.659343 0.751842 0
    outer loop
      vertex 10.5858 13.4142 2.8
      vertex 10.7825 13.5867 0
      vertex 10.5858 13.4142 0
    endloop
  endfacet
  facet normal -0.997862 0.0653521 0
    outer loop
      vertex 10 12 0
      vertex 10.0171 12.2611 2.8
      vertex 10.0171 12.2611 0
    endloop
  endfacet
  facet normal -0.997862 0.0653521 0
    outer loop
      vertex 10.0171 12.2611 2.8
      vertex 10 12 0
      vertex 10 12 2.8
    endloop
  endfacet
  facet normal 0.555494 0.831521 -0
    outer loop
      vertex 13.2175 13.5867 0
      vertex 13 13.732 2.8
      vertex 13.2175 13.5867 2.8
    endloop
  endfacet
  facet normal 0.555494 0.831521 0
    outer loop
      vertex 13 13.732 2.8
      vertex 13.2175 13.5867 0
      vertex 13 13.732 0
    endloop
  endfacet
  facet normal 0.831521 -0.555494 0
    outer loop
      vertex 13.5867 10.7825 2.8
      vertex 13.732 11 0
      vertex 13.732 11 2.8
    endloop
  endfacet
  facet normal 0.831521 -0.555494 0
    outer loop
      vertex 13.732 11 0
      vertex 13.5867 10.7825 2.8
      vertex 13.5867 10.7825 0
    endloop
  endfacet
  facet normal 0.831521 0.555494 0
    outer loop
      vertex 13.732 13 2.8
      vertex 13.5867 13.2175 0
      vertex 13.5867 13.2175 2.8
    endloop
  endfacet
  facet normal 0.831521 0.555494 0
    outer loop
      vertex 13.5867 13.2175 0
      vertex 13.732 13 2.8
      vertex 13.732 13 0
    endloop
  endfacet
  facet normal -0.751842 0.659343 0
    outer loop
      vertex 10.4133 13.2175 0
      vertex 10.5858 13.4142 2.8
      vertex 10.5858 13.4142 0
    endloop
  endfacet
  facet normal -0.751842 0.659343 0
    outer loop
      vertex 10.5858 13.4142 2.8
      vertex 10.4133 13.2175 0
      vertex 10.4133 13.2175 2.8
    endloop
  endfacet
  facet normal 0.321382 -0.94695 0
    outer loop
      vertex 12.5176 10.0681 0
      vertex 12.7654 10.1522 2.8
      vertex 12.5176 10.0681 2.8
    endloop
  endfacet
  facet normal 0.321382 -0.94695 0
    outer loop
      vertex 12.7654 10.1522 2.8
      vertex 12.5176 10.0681 0
      vertex 12.7654 10.1522 0
    endloop
  endfacet
  facet normal 0.442621 -0.896709 0
    outer loop
      vertex 12.7654 10.1522 0
      vertex 13 10.268 2.8
      vertex 12.7654 10.1522 2.8
    endloop
  endfacet
  facet normal 0.442621 -0.896709 0
    outer loop
      vertex 13 10.268 2.8
      vertex 12.7654 10.1522 0
      vertex 13 10.268 0
    endloop
  endfacet
  facet normal 0.751842 0.659343 0
    outer loop
      vertex 13.5867 13.2175 2.8
      vertex 13.4142 13.4142 0
      vertex 13.4142 13.4142 2.8
    endloop
  endfacet
  facet normal 0.751842 0.659343 0
    outer loop
      vertex 13.4142 13.4142 0
      vertex 13.5867 13.2175 2.8
      vertex 13.5867 13.2175 0
    endloop
  endfacet
  facet normal 0.0653521 -0.997862 0
    outer loop
      vertex 12 10 0
      vertex 12.2611 10.0171 2.8
      vertex 12 10 2.8
    endloop
  endfacet
  facet normal 0.0653521 -0.997862 0
    outer loop
      vertex 12.2611 10.0171 2.8
      vertex 12 10 0
      vertex 12.2611 10.0171 0
    endloop
  endfacet
  facet normal 0.659343 0.751842 -0
    outer loop
      vertex 13.4142 13.4142 0
      vertex 13.2175 13.5867 2.8
      vertex 13.4142 13.4142 2.8
    endloop
  endfacet
  facet normal 0.659343 0.751842 0
    outer loop
      vertex 13.2175 13.5867 2.8
      vertex 13.4142 13.4142 0
      vertex 13.2175 13.5867 0
    endloop
  endfacet
  facet normal -0.997862 -0.0653521 0
    outer loop
      vertex 10.0171 11.7389 0
      vertex 10 12 2.8
      vertex 10 12 0
    endloop
  endfacet
  facet normal -0.997862 -0.0653521 0
    outer loop
      vertex 10 12 2.8
      vertex 10.0171 11.7389 0
      vertex 10.0171 11.7389 2.8
    endloop
  endfacet
  facet normal -0.659343 -0.751842 0
    outer loop
      vertex 10.5858 10.5858 0
      vertex 10.7825 10.4133 2.8
      vertex 10.5858 10.5858 2.8
    endloop
  endfacet
  facet normal -0.659343 -0.751842 -0
    outer loop
      vertex 10.7825 10.4133 2.8
      vertex 10.5858 10.5858 0
      vertex 10.7825 10.4133 0
    endloop
  endfacet
  facet normal -0.555494 0.831521 0
    outer loop
      vertex 11 13.732 0
      vertex 10.7825 13.5867 2.8
      vertex 11 13.732 2.8
    endloop
  endfacet
  facet normal -0.555494 0.831521 0
    outer loop
      vertex 10.7825 13.5867 2.8
      vertex 11 13.732 0
      vertex 10.7825 13.5867 0
    endloop
  endfacet
  facet normal 0.896709 0.442621 0
    outer loop
      vertex 13.8478 12.7654 2.8
      vertex 13.732 13 0
      vertex 13.732 13 2.8
    endloop
  endfacet
  facet normal 0.896709 0.442621 0
    outer loop
      vertex 13.732 13 0
      vertex 13.8478 12.7654 2.8
      vertex 13.8478 12.7654 0
    endloop
  endfacet
  facet normal -0.0653521 -0.997862 0
    outer loop
      vertex 11.7389 10.0171 0
      vertex 12 10 2.8
      vertex 11.7389 10.0171 2.8
    endloop
  endfacet
  facet normal -0.0653521 -0.997862 -0
    outer loop
      vertex 12 10 2.8
      vertex 11.7389 10.0171 0
      vertex 12 10 0
    endloop
  endfacet
  facet normal 0.195013 -0.980801 0
    outer loop
      vertex 12.2611 10.0171 0
      vertex 12.5176 10.0681 2.8
      vertex 12.2611 10.0171 2.8
    endloop
  endfacet
  facet normal 0.195013 -0.980801 0
    outer loop
      vertex 12.5176 10.0681 2.8
      vertex 12.2611 10.0171 0
      vertex 12.5176 10.0681 0
    endloop
  endfacet
  facet normal 0.442621 0.896709 -0
    outer loop
      vertex 13 13.732 0
      vertex 12.7654 13.8478 2.8
      vertex 13 13.732 2.8
    endloop
  endfacet
  facet normal 0.442621 0.896709 0
    outer loop
      vertex 12.7654 13.8478 2.8
      vertex 13 13.732 0
      vertex 12.7654 13.8478 0
    endloop
  endfacet
  facet normal 0.896709 -0.442621 0
    outer loop
      vertex 13.732 11 2.8
      vertex 13.8478 11.2346 0
      vertex 13.8478 11.2346 2.8
    endloop
  endfacet
  facet normal 0.896709 -0.442621 0
    outer loop
      vertex 13.8478 11.2346 0
      vertex 13.732 11 2.8
      vertex 13.732 11 0
    endloop
  endfacet
  facet normal 0.980801 -0.195013 0
    outer loop
      vertex 13.9319 11.4824 2.8
      vertex 13.9829 11.7389 0
      vertex 13.9829 11.7389 2.8
    endloop
  endfacet
  facet normal 0.980801 -0.195013 0
    outer loop
      vertex 13.9829 11.7389 0
      vertex 13.9319 11.4824 2.8
      vertex 13.9319 11.4824 0
    endloop
  endfacet
  facet normal -0.980801 -0.195013 0
    outer loop
      vertex 10.0681 11.4824 0
      vertex 10.0171 11.7389 2.8
      vertex 10.0171 11.7389 0
    endloop
  endfacet
  facet normal -0.980801 -0.195013 0
    outer loop
      vertex 10.0171 11.7389 2.8
      vertex 10.0681 11.4824 0
      vertex 10.0681 11.4824 2.8
    endloop
  endfacet
  facet normal -0.195013 -0.980801 0
    outer loop
      vertex 11.4824 10.0681 0
      vertex 11.7389 10.0171 2.8
      vertex 11.4824 10.0681 2.8
    endloop
  endfacet
  facet normal -0.195013 -0.980801 -0
    outer loop
      vertex 11.7389 10.0171 2.8
      vertex 11.4824 10.0681 0
      vertex 11.7389 10.0171 0
    endloop
  endfacet
  facet normal 0.195013 0.980801 -0
    outer loop
      vertex 12.5176 13.9319 0
      vertex 12.2611 13.9829 2.8
      vertex 12.5176 13.9319 2.8
    endloop
  endfacet
  facet normal 0.195013 0.980801 0
    outer loop
      vertex 12.2611 13.9829 2.8
      vertex 12.5176 13.9319 0
      vertex 12.2611 13.9829 0
    endloop
  endfacet
  facet normal 0.94695 0.321382 0
    outer loop
      vertex 13.9319 12.5176 2.8
      vertex 13.8478 12.7654 0
      vertex 13.8478 12.7654 2.8
    endloop
  endfacet
  facet normal 0.94695 0.321382 0
    outer loop
      vertex 13.8478 12.7654 0
      vertex 13.9319 12.5176 2.8
      vertex 13.9319 12.5176 0
    endloop
  endfacet
  facet normal 0.751842 -0.659343 0
    outer loop
      vertex 13.4142 10.5858 2.8
      vertex 13.5867 10.7825 0
      vertex 13.5867 10.7825 2.8
    endloop
  endfacet
  facet normal 0.751842 -0.659343 0
    outer loop
      vertex 13.5867 10.7825 0
      vertex 13.4142 10.5858 2.8
      vertex 13.4142 10.5858 0
    endloop
  endfacet
  facet normal -0.831521 -0.555494 0
    outer loop
      vertex 10.4133 10.7825 0
      vertex 10.268 11 2.8
      vertex 10.268 11 0
    endloop
  endfacet
  facet normal -0.831521 -0.555494 0
    outer loop
      vertex 10.268 11 2.8
      vertex 10.4133 10.7825 0
      vertex 10.4133 10.7825 2.8
    endloop
  endfacet
  facet normal -0.0653521 0.997862 0
    outer loop
      vertex 12 14 0
      vertex 11.7389 13.9829 2.8
      vertex 12 14 2.8
    endloop
  endfacet
  facet normal -0.0653521 0.997862 0
    outer loop
      vertex 11.7389 13.9829 2.8
      vertex 12 14 0
      vertex 11.7389 13.9829 0
    endloop
  endfacet
  facet normal -0.321382 -0.94695 0
    outer loop
      vertex 11.2346 10.1522 0
      vertex 11.4824 10.0681 2.8
      vertex 11.2346 10.1522 2.8
    endloop
  endfacet
  facet normal -0.321382 -0.94695 -0
    outer loop
      vertex 11.4824 10.0681 2.8
      vertex 11.2346 10.1522 0
      vertex 11.4824 10.0681 0
    endloop
  endfacet
  facet normal -0.442621 0.896709 0
    outer loop
      vertex 11.2346 13.8478 0
      vertex 11 13.732 2.8
      vertex 11.2346 13.8478 2.8
    endloop
  endfacet
  facet normal -0.442621 0.896709 0
    outer loop
      vertex 11 13.732 2.8
      vertex 11.2346 13.8478 0
      vertex 11 13.732 0
    endloop
  endfacet
  facet normal -0.442621 -0.896709 0
    outer loop
      vertex 11 10.268 0
      vertex 11.2346 10.1522 2.8
      vertex 11 10.268 2.8
    endloop
  endfacet
  facet normal -0.442621 -0.896709 -0
    outer loop
      vertex 11.2346 10.1522 2.8
      vertex 11 10.268 0
      vertex 11.2346 10.1522 0
    endloop
  endfacet
  facet normal -0.896709 -0.442621 0
    outer loop
      vertex 10.268 11 0
      vertex 10.1522 11.2346 2.8
      vertex 10.1522 11.2346 0
    endloop
  endfacet
  facet normal -0.896709 -0.442621 0
    outer loop
      vertex 10.1522 11.2346 2.8
      vertex 10.268 11 0
      vertex 10.268 11 2.8
    endloop
  endfacet
  facet normal 0 0 -1
    outer loop
      vertex 13.9829 11.7389 0
      vertex 13.9829 12.2611 0
      vertex 14 12 0
    endloop
  endfacet
  facet normal 0 0 -1
    outer loop
      vertex 13.9319 11.4824 0
      vertex 13.9829 12.2611 0
      vertex 13.9829 11.7389 0
    endloop
  endfacet
  facet normal 0 0 -1
    outer loop
      vertex 13.9319 11.4824 0
      vertex 13.9319 12.5176 0
      vertex 13.9829 12.2611 0
    endloop
  endfacet
  facet normal 0 0 -1
    outer loop
      vertex 13.8478 11.2346 0
      vertex 13.9319 12.5176 0
      vertex 13.9319 11.4824 0
    endloop
  endfacet
  facet normal 0 0 -1
    outer loop
      vertex 13.8478 11.2346 0
      vertex 13.8478 12.7654 0
      vertex 13.9319 12.5176 0
    endloop
  endfacet
  facet normal 0 0 -1
    outer loop
      vertex 13.732 11 0
      vertex 13.8478 12.7654 0
      vertex 13.8478 11.2346 0
    endloop
  endfacet
  facet normal 0 0 -1
    outer loop
      vertex 13.732 11 0
      vertex 13.732 13 0
      vertex 13.8478 12.7654 0
    endloop
  endfacet
  facet normal 0 0 -1
    outer loop
      vertex 13.5867 10.7825 0
      vertex 13.732 13 0
      vertex 13.732 11 0
    endloop
  endfacet
  facet normal 0 0 -1
    outer loop
      vertex 13.5867 10.7825 0
      vertex 13.5867 13.2175 0
      vertex 13.732 13 0
    endloop
  endfacet
  facet normal 0 0 -1
    outer loop
      vertex 13.4142 10.5858 0
      vertex 13.5867 13.2175 0
      vertex 13.5867 10.7825 0
    endloop
  endfacet
  facet normal 0 0 -1
    outer loop
      vertex 13.4142 10.5858 0
      vertex 13.4142 13.4142 0
      vertex 13.5867 13.2175 0
    endloop
  endfacet
  facet normal 0 0 -1
    outer loop
      vertex 13.2175 10.4133 0
      vertex 13.4142 13.4142 0
      vertex 13.4142 10.5858 0
    endloop
  endfacet
  facet normal 0 0 -1
    outer loop
      vertex 13.2175 10.4133 0
      vertex 13.2175 13.5867 0
      vertex 13.4142 13.4142 0
    endloop
  endfacet
  facet normal 0 0 -1
    outer loop
      vertex 13 10.268 0
      vertex 13.2175 13.5867 0
      vertex 13.2175 10.4133 0
    endloop
  endfacet
  facet normal 0 0 -1
    outer loop
      vertex 13 10.268 0
      vertex 13 13.732 0
      vertex 13.2175 13.5867 0
    endloop
  endfacet
  facet normal 0 0 -1
    outer loop
      vertex 12.7654 10.1522 0
      vertex 13 13.732 0
      vertex 13 10.268 0
    endloop
  endfacet
  facet normal 0 0 -1
    outer loop
      vertex 12.7654 10.1522 0
      vertex 12.7654 13.8478 0
      vertex 13 13.732 0
    endloop
  endfacet
  facet normal 0 0 -1
    outer loop
      vertex 12.5176 10.0681 0
      vertex 12.7654 13.8478 0
      vertex 12.7654 10.1522 0
    endloop
  endfacet
  facet normal 0 0 -1
    outer loop
      vertex 12.5176 10.0681 0
      vertex 12.5176 13.9319 0
      vertex 12.7654 13.8478 0
    endloop
  endfacet
  facet normal 0 0 -1
    outer loop
      vertex 12.2611 10.0171 0
      vertex 12.5176 13.9319 0
      vertex 12.5176 10.0681 0
    endloop
  endfacet
  facet normal 0 0 -1
    outer loop
      vertex 12.2611 10.0171 0
      vertex 12.2611 13.9829 0
      vertex 12.5176 13.9319 0
    endloop
  endfacet
  facet normal 0 0 -1
    outer loop
      vertex 12 10 0
      vertex 12.2611 13.9829 0
      vertex 12.2611 10.0171 0
    endloop
  endfacet
  facet normal 0 0 -1
    outer loop
      vertex 12 10 0
      vertex 12 14 0
      vertex 12.2611 13.9829 0
    endloop
  endfacet
  facet normal 0 0 -1
    outer loop
      vertex 11.7389 10.0171 0
      vertex 12 14 0
      vertex 12 10 0
    endloop
  endfacet
  facet normal 0 0 -1
    outer loop
      vertex 11.7389 10.0171 0
      vertex 11.7389 13.9829 0
      vertex 12 14 0
    endloop
  endfacet
  facet normal 0 0 -1
    outer loop
      vertex 11.4824 10.0681 0
      vertex 11.7389 13.9829 0
      vertex 11.7389 10.0171 0
    endloop
  endfacet
  facet normal 0 0 -1
    outer loop
      vertex 11.4824 10.0681 0
      vertex 11.4824 13.9319 0
      vertex 11.7389 13.9829 0
    endloop
  endfacet
  facet normal 0 0 -1
    outer loop
      vertex 11.2346 10.1522 0
      vertex 11.4824 13.9319 0
      vertex 11.4824 10.0681 0
    endloop
  endfacet
  facet normal 0 0 -1
    outer loop
      vertex 11.2346 10.1522 0
      vertex 11.2346 13.8478 0
      vertex 11.4824 13.9319 0
    endloop
  endfacet
  facet normal 0 0 -1
    outer loop
      vertex 11 10.268 0
      vertex 11.2346 13.8478 0
      vertex 11.2346 10.1522 0
    endloop
  endfacet
  facet normal 0 0 -1
    outer loop
      vertex 11 10.268 0
      vertex 11 13.732 0
      vertex 11.2346 13.8478 0
    endloop
  endfacet
  facet normal 0 0 -1
    outer loop
      vertex 10.7825 10.4133 0
      vertex 11 13.732 0
      vertex 11 10.268 0
    endloop
  endfacet
  facet normal 0 0 -1
    outer loop
      vertex 10.7825 10.4133 0
      vertex 10.7825 13.5867 0
      vertex 11 13.732 0
    endloop
  endfacet
  facet normal 0 0 -1
    outer loop
      vertex 10.5858 10.5858 0
      vertex 10.7825 13.5867 0
      vertex 10.7825 10.4133 0
    endloop
  endfacet
  facet normal 0 0 -1
    outer loop
      vertex 10.5858 10.5858 0
      vertex 10.5858 13.4142 0
      vertex 10.7825 13.5867 0
    endloop
  endfacet
  facet normal 0 0 -1
    outer loop
      vertex 10.4133 10.7825 0
      vertex 10.5858 13.4142 0
      vertex 10.5858 10.5858 0
    endloop
  endfacet
  facet normal 0 0 -1
    outer loop
      vertex 10.4133 10.7825 0
      vertex 10.4133 13.2175 0
      vertex 10.5858 13.4142 0
    endloop
  endfacet
  facet normal 0 0 -1
    outer loop
      vertex 10.268 11 0
      vertex 10.4133 13.2175 0
      vertex 10.4133 10.7825 0
    endloop
  endfacet
  facet normal 0 0 -1
    outer loop
      vertex 10.268 11 0
      vertex 10.268 13 0
      vertex 10.4133 13.2175 0
    endloop
  endfacet
  facet normal 0 0 -1
    outer loop
      vertex 10.1522 11.2346 0
      vertex 10.268 13 0
      vertex 10.268 11 0
    endloop
  endfacet
  facet normal 0 0 -1
    outer loop
      vertex 10.1522 11.2346 0
      vertex 10.1522 12.7654 0
      vertex 10.268 13 0
    endloop
  endfacet
  facet normal 0 0 -1
    outer loop
      vertex 10.0681 11.4824 0
      vertex 10.1522 12.7654 0
      vertex 10.1522 11.2346 0
    endloop
  endfacet
  facet normal 0 0 -1
    outer loop
      vertex 10.0681 11.4824 0
      vertex 10.0681 12.5176 0
      vertex 10.1522 12.7654 0
    endloop
  endfacet
  facet normal 0 0 -1
    outer loop
      vertex 10.0171 11.7389 0
      vertex 10.0681 12.5176 0
      vertex 10.0681 11.4824 0
    endloop
  endfacet
  facet normal 0 0 -1
    outer loop
      vertex 10.0171 11.7389 0
      vertex 10.0171 12.2611 0
      vertex 10.0681 12.5176 0
    endloop
  endfacet
  facet normal 0 -0 -1
    outer loop
      vertex 10.0171 12.2611 0
      vertex 10.0171 11.7389 0
      vertex 10 12 0
    endloop
  endfacet
  facet normal -0.555494 -0.831521 0
    outer loop
      vertex 10.7825 10.4133 0
      vertex 11 10.268 2.8
      vertex 10.7825 10.4133 2.8
    endloop
  endfacet
  facet normal -0.555494 -0.831521 -0
    outer loop
      vertex 11 10.268 2.8
      vertex 10.7825 10.4133 0
      vertex 11 10.268 0
    endloop
  endfacet
  facet normal 0 0 -1
    outer loop
      vertex 14 12 2.8
      vertex 15.5 12 2.8
      vertex 15.4701 11.5432 2.8
    endloop
  endfacet
  facet normal 0 0 -1
    outer loop
      vertex 13.9829 11.7389 2.8
      vertex 15.4701 11.5432 2.8
      vertex 15.3807 11.0941 2.8
    endloop
  endfacet
  facet normal 0 0 -1
    outer loop
      vertex 15.5 12 2.8
      vertex 14 12 2.8
      vertex 15.4701 12.4568 2.8
    endloop
  endfacet
  facet normal 0 0 -1
    outer loop
      vertex 13.9319 11.4824 2.8
      vertex 15.3807 11.0941 2.8
      vertex 15.2336 10.6606 2.8
    endloop
  endfacet
  facet normal 0 0 -1
    outer loop
      vertex 13.9829 12.2611 2.8
      vertex 15.4701 12.4568 2.8
      vertex 14 12 2.8
    endloop
  endfacet
  facet normal 0 0 -1
    outer loop
      vertex 13.8478 11.2346 2.8
      vertex 15.2336 10.6606 2.8
      vertex 15.0311 10.25 2.8
    endloop
  endfacet
  facet normal -0 0 -1
    outer loop
      vertex 15.4701 12.4568 2.8
      vertex 13.9829 12.2611 2.8
      vertex 15.3807 12.9059 2.8
    endloop
  endfacet
  facet normal 0 0 -1
    outer loop
      vertex 13.732 11 2.8
      vertex 15.0311 10.25 2.8
      vertex 14.7767 9.86934 2.8
    endloop
  endfacet
  facet normal 0 0 -1
    outer loop
      vertex 13.9319 12.5176 2.8
      vertex 15.3807 12.9059 2.8
      vertex 13.9829 12.2611 2.8
    endloop
  endfacet
  facet normal 0 0 -1
    outer loop
      vertex 13.5867 10.7825 2.8
      vertex 14.7767 9.86934 2.8
      vertex 14.4749 9.52513 2.8
    endloop
  endfacet
  facet normal -0 0 -1
    outer loop
      vertex 15.3807 12.9059 2.8
      vertex 13.9319 12.5176 2.8
      vertex 15.2336 13.3394 2.8
    endloop
  endfacet
  facet normal 0 0 -1
    outer loop
      vertex 13.4142 10.5858 2.8
      vertex 14.4749 9.52513 2.8
      vertex 14.1307 9.22326 2.8
    endloop
  endfacet
  facet normal 0 0 -1
    outer loop
      vertex 13.8478 12.7654 2.8
      vertex 15.2336 13.3394 2.8
      vertex 13.9319 12.5176 2.8
    endloop
  endfacet
  facet normal -0 0 -1
    outer loop
      vertex 15.2336 13.3394 2.8
      vertex 13.8478 12.7654 2.8
      vertex 15.0311 13.75 2.8
    endloop
  endfacet
  facet normal 0 0 -1
    outer loop
      vertex 15.4701 11.5432 2.8
      vertex 13.9829 11.7389 2.8
      vertex 14 12 2.8
    endloop
  endfacet
  facet normal 0 0 -1
    outer loop
      vertex 15.3807 11.0941 2.8
      vertex 13.9319 11.4824 2.8
      vertex 13.9829 11.7389 2.8
    endloop
  endfacet
  facet normal 0 0 -1
    outer loop
      vertex 15.2336 10.6606 2.8
      vertex 13.8478 11.2346 2.8
      vertex 13.9319 11.4824 2.8
    endloop
  endfacet
  facet normal 0 0 -1
    outer loop
      vertex 13.2175 10.4133 2.8
      vertex 14.1307 9.22326 2.8
      vertex 13.75 8.96891 2.8
    endloop
  endfacet
  facet normal 0 0 -1
    outer loop
      vertex 15.0311 10.25 2.8
      vertex 13.732 11 2.8
      vertex 13.8478 11.2346 2.8
    endloop
  endfacet
  facet normal 0 0 -1
    outer loop
      vertex 14.7767 9.86934 2.8
      vertex 13.5867 10.7825 2.8
      vertex 13.732 11 2.8
    endloop
  endfacet
  facet normal 0 0 -1
    outer loop
      vertex 14.4749 9.52513 2.8
      vertex 13.4142 10.5858 2.8
      vertex 13.5867 10.7825 2.8
    endloop
  endfacet
  facet normal 0 0 -1
    outer loop
      vertex 13 10.268 2.8
      vertex 13.75 8.96891 2.8
      vertex 13.3394 8.76642 2.8
    endloop
  endfacet
  facet normal 0 0 -1
    outer loop
      vertex 14.1307 9.22326 2.8
      vertex 13.2175 10.4133 2.8
      vertex 13.4142 10.5858 2.8
    endloop
  endfacet
  facet normal 0 0 -1
    outer loop
      vertex 13.75 8.96891 2.8
      vertex 13 10.268 2.8
      vertex 13.2175 10.4133 2.8
    endloop
  endfacet
  facet normal 0 0 -1
    outer loop
      vertex 12.7654 10.1522 2.8
      vertex 13.3394 8.76642 2.8
      vertex 12.9059 8.61926 2.8
    endloop
  endfacet
  facet normal 0 0 -1
    outer loop
      vertex 13.3394 8.76642 2.8
      vertex 12.7654 10.1522 2.8
      vertex 13 10.268 2.8
    endloop
  endfacet
  facet normal 0 0 -1
    outer loop
      vertex 12.9059 8.61926 2.8
      vertex 12.5176 10.0681 2.8
      vertex 12.7654 10.1522 2.8
    endloop
  endfacet
  facet normal 0 0 -1
    outer loop
      vertex 12.4568 8.52994 2.8
      vertex 12.5176 10.0681 2.8
      vertex 12.9059 8.61926 2.8
    endloop
  endfacet
  facet normal 0 0 -1
    outer loop
      vertex 12.4568 8.52994 2.8
      vertex 12.2611 10.0171 2.8
      vertex 12.5176 10.0681 2.8
    endloop
  endfacet
  facet normal 0 0 -1
    outer loop
      vertex 12 8.5 2.8
      vertex 12.2611 10.0171 2.8
      vertex 12.4568 8.52994 2.8
    endloop
  endfacet
  facet normal 0 0 -1
    outer loop
      vertex 12 8.5 2.8
      vertex 12 10 2.8
      vertex 12.2611 10.0171 2.8
    endloop
  endfacet
  facet normal 0 0 -1
    outer loop
      vertex 12 8.5 2.8
      vertex 11.7389 10.0171 2.8
      vertex 12 10 2.8
    endloop
  endfacet
  facet normal 0 0 -1
    outer loop
      vertex 11.5432 8.52994 2.8
      vertex 11.7389 10.0171 2.8
      vertex 12 8.5 2.8
    endloop
  endfacet
  facet normal 0 0 -1
    outer loop
      vertex 11.5432 8.52994 2.8
      vertex 11.4824 10.0681 2.8
      vertex 11.7389 10.0171 2.8
    endloop
  endfacet
  facet normal 0 0 -1
    outer loop
      vertex 11.0941 8.61926 2.8
      vertex 11.4824 10.0681 2.8
      vertex 11.5432 8.52994 2.8
    endloop
  endfacet
  facet normal -0 0 -1
    outer loop
      vertex 11.4824 10.0681 2.8
      vertex 11.0941 8.61926 2.8
      vertex 11.2346 10.1522 2.8
    endloop
  endfacet
  facet normal 0 0 -1
    outer loop
      vertex 10.6606 8.76642 2.8
      vertex 11.2346 10.1522 2.8
      vertex 11.0941 8.61926 2.8
    endloop
  endfacet
  facet normal -0 0 -1
    outer loop
      vertex 11.2346 10.1522 2.8
      vertex 10.6606 8.76642 2.8
      vertex 11 10.268 2.8
    endloop
  endfacet
  facet normal 0 0 -1
    outer loop
      vertex 10.25 8.96891 2.8
      vertex 11 10.268 2.8
      vertex 10.6606 8.76642 2.8
    endloop
  endfacet
  facet normal -0 0 -1
    outer loop
      vertex 11 10.268 2.8
      vertex 10.25 8.96891 2.8
      vertex 10.7825 10.4133 2.8
    endloop
  endfacet
  facet normal 0 0 -1
    outer loop
      vertex 9.86934 9.22326 2.8
      vertex 10.7825 10.4133 2.8
      vertex 10.25 8.96891 2.8
    endloop
  endfacet
  facet normal -0 0 -1
    outer loop
      vertex 10.7825 10.4133 2.8
      vertex 9.86934 9.22326 2.8
      vertex 10.5858 10.5858 2.8
    endloop
  endfacet
  facet normal 0 0 -1
    outer loop
      vertex 9.52513 9.52513 2.8
      vertex 10.5858 10.5858 2.8
      vertex 9.86934 9.22326 2.8
    endloop
  endfacet
  facet normal -0 0 -1
    outer loop
      vertex 10.5858 10.5858 2.8
      vertex 9.52513 9.52513 2.8
      vertex 10.4133 10.7825 2.8
    endloop
  endfacet
  facet normal 0 0 -1
    outer loop
      vertex 9.22326 9.86934 2.8
      vertex 10.4133 10.7825 2.8
      vertex 9.52513 9.52513 2.8
    endloop
  endfacet
  facet normal -0 0 -1
    outer loop
      vertex 10.4133 10.7825 2.8
      vertex 9.22326 9.86934 2.8
      vertex 10.268 11 2.8
    endloop
  endfacet
  facet normal -0 0 -1
    outer loop
      vertex 10.268 11 2.8
      vertex 8.96891 10.25 2.8
      vertex 10.1522 11.2346 2.8
    endloop
  endfacet
  facet normal 0 0 -1
    outer loop
      vertex 8.96891 10.25 2.8
      vertex 10.268 11 2.8
      vertex 9.22326 9.86934 2.8
    endloop
  endfacet
  facet normal 0 0 -1
    outer loop
      vertex 13.732 13 2.8
      vertex 15.0311 13.75 2.8
      vertex 13.8478 12.7654 2.8
    endloop
  endfacet
  facet normal -0 0 -1
    outer loop
      vertex 15.0311 13.75 2.8
      vertex 13.732 13 2.8
      vertex 14.7767 14.1307 2.8
    endloop
  endfacet
  facet normal 0 0 -1
    outer loop
      vertex 13.5867 13.2175 2.8
      vertex 14.7767 14.1307 2.8
      vertex 13.732 13 2.8
    endloop
  endfacet
  facet normal -0 0 -1
    outer loop
      vertex 14.7767 14.1307 2.8
      vertex 13.5867 13.2175 2.8
      vertex 14.4749 14.4749 2.8
    endloop
  endfacet
  facet normal 0 0 -1
    outer loop
      vertex 13.4142 13.4142 2.8
      vertex 14.4749 14.4749 2.8
      vertex 13.5867 13.2175 2.8
    endloop
  endfacet
  facet normal -0 0 -1
    outer loop
      vertex 14.4749 14.4749 2.8
      vertex 13.4142 13.4142 2.8
      vertex 14.1307 14.7767 2.8
    endloop
  endfacet
  facet normal 0 0 -1
    outer loop
      vertex 13.2175 13.5867 2.8
      vertex 14.1307 14.7767 2.8
      vertex 13.4142 13.4142 2.8
    endloop
  endfacet
  facet normal -0 0 -1
    outer loop
      vertex 14.1307 14.7767 2.8
      vertex 13.2175 13.5867 2.8
      vertex 13.75 15.0311 2.8
    endloop
  endfacet
  facet normal 0 0 -1
    outer loop
      vertex 13 13.732 2.8
      vertex 13.75 15.0311 2.8
      vertex 13.2175 13.5867 2.8
    endloop
  endfacet
  facet normal -0 0 -1
    outer loop
      vertex 13.75 15.0311 2.8
      vertex 13 13.732 2.8
      vertex 13.3394 15.2336 2.8
    endloop
  endfacet
  facet normal 0 0 -1
    outer loop
      vertex 12.7654 13.8478 2.8
      vertex 13.3394 15.2336 2.8
      vertex 13 13.732 2.8
    endloop
  endfacet
  facet normal -0 0 -1
    outer loop
      vertex 13.3394 15.2336 2.8
      vertex 12.7654 13.8478 2.8
      vertex 12.9059 15.3807 2.8
    endloop
  endfacet
  facet normal 0 0 -1
    outer loop
      vertex 12.5176 13.9319 2.8
      vertex 12.9059 15.3807 2.8
      vertex 12.7654 13.8478 2.8
    endloop
  endfacet
  facet normal 0 0 -1
    outer loop
      vertex 12.5176 13.9319 2.8
      vertex 12.4568 15.4701 2.8
      vertex 12.9059 15.3807 2.8
    endloop
  endfacet
  facet normal 0 0 -1
    outer loop
      vertex 12.2611 13.9829 2.8
      vertex 12.4568 15.4701 2.8
      vertex 12.5176 13.9319 2.8
    endloop
  endfacet
  facet normal 0 0 -1
    outer loop
      vertex 12 14 2.8
      vertex 12.4568 15.4701 2.8
      vertex 12.2611 13.9829 2.8
    endloop
  endfacet
  facet normal 0 0 -1
    outer loop
      vertex 12 14 2.8
      vertex 12 15.5 2.8
      vertex 12.4568 15.4701 2.8
    endloop
  endfacet
  facet normal 0 0 -1
    outer loop
      vertex 11.7389 13.9829 2.8
      vertex 12 15.5 2.8
      vertex 12 14 2.8
    endloop
  endfacet
  facet normal 0 0 -1
    outer loop
      vertex 11.7389 13.9829 2.8
      vertex 11.5432 15.4701 2.8
      vertex 12 15.5 2.8
    endloop
  endfacet
  facet normal 0 0 -1
    outer loop
      vertex 11.4824 13.9319 2.8
      vertex 11.5432 15.4701 2.8
      vertex 11.7389 13.9829 2.8
    endloop
  endfacet
  facet normal 0 0 -1
    outer loop
      vertex 11.0941 15.3807 2.8
      vertex 11.4824 13.9319 2.8
      vertex 11.2346 13.8478 2.8
    endloop
  endfacet
  facet normal 0 0 -1
    outer loop
      vertex 11.4824 13.9319 2.8
      vertex 11.0941 15.3807 2.8
      vertex 11.5432 15.4701 2.8
    endloop
  endfacet
  facet normal 0 0 -1
    outer loop
      vertex 10.6606 15.2336 2.8
      vertex 11.2346 13.8478 2.8
      vertex 11 13.732 2.8
    endloop
  endfacet
  facet normal 0 0 -1
    outer loop
      vertex 10.25 15.0311 2.8
      vertex 11 13.732 2.8
      vertex 10.7825 13.5867 2.8
    endloop
  endfacet
  facet normal 0 0 -1
    outer loop
      vertex 11.2346 13.8478 2.8
      vertex 10.6606 15.2336 2.8
      vertex 11.0941 15.3807 2.8
    endloop
  endfacet
  facet normal 0 0 -1
    outer loop
      vertex 9.86934 14.7767 2.8
      vertex 10.7825 13.5867 2.8
      vertex 10.5858 13.4142 2.8
    endloop
  endfacet
  facet normal 0 0 -1
    outer loop
      vertex 9.52513 14.4749 2.8
      vertex 10.5858 13.4142 2.8
      vertex 10.4133 13.2175 2.8
    endloop
  endfacet
  facet normal 0 0 -1
    outer loop
      vertex 9.22326 14.1307 2.8
      vertex 10.4133 13.2175 2.8
      vertex 10.268 13 2.8
    endloop
  endfacet
  facet normal 0 0 -1
    outer loop
      vertex 11 13.732 2.8
      vertex 10.25 15.0311 2.8
      vertex 10.6606 15.2336 2.8
    endloop
  endfacet
  facet normal 0 0 -1
    outer loop
      vertex 8.96891 13.75 2.8
      vertex 10.268 13 2.8
      vertex 10.1522 12.7654 2.8
    endloop
  endfacet
  facet normal 0 0 -1
    outer loop
      vertex 8.76642 13.3394 2.8
      vertex 10.1522 12.7654 2.8
      vertex 10.0681 12.5176 2.8
    endloop
  endfacet
  facet normal 0 0 -1
    outer loop
      vertex 8.61926 12.9059 2.8
      vertex 10.0681 12.5176 2.8
      vertex 10.0171 12.2611 2.8
    endloop
  endfacet
  facet normal 0 0 -1
    outer loop
      vertex 10.7825 13.5867 2.8
      vertex 9.86934 14.7767 2.8
      vertex 10.25 15.0311 2.8
    endloop
  endfacet
  facet normal 0 0 -1
    outer loop
      vertex 8.52994 12.4568 2.8
      vertex 10.0171 12.2611 2.8
      vertex 10 12 2.8
    endloop
  endfacet
  facet normal 0 0 -1
    outer loop
      vertex 8.76642 10.6606 2.8
      vertex 10.1522 11.2346 2.8
      vertex 8.96891 10.25 2.8
    endloop
  endfacet
  facet normal -0 0 -1
    outer loop
      vertex 10.1522 11.2346 2.8
      vertex 8.76642 10.6606 2.8
      vertex 10.0681 11.4824 2.8
    endloop
  endfacet
  facet normal 0 0 -1
    outer loop
      vertex 10.5858 13.4142 2.8
      vertex 9.52513 14.4749 2.8
      vertex 9.86934 14.7767 2.8
    endloop
  endfacet
  facet normal 0 0 -1
    outer loop
      vertex 8.61926 11.0941 2.8
      vertex 10.0681 11.4824 2.8
      vertex 8.76642 10.6606 2.8
    endloop
  endfacet
  facet normal 0 0 -1
    outer loop
      vertex 10.4133 13.2175 2.8
      vertex 9.22326 14.1307 2.8
      vertex 9.52513 14.4749 2.8
    endloop
  endfacet
  facet normal -0 0 -1
    outer loop
      vertex 10.0681 11.4824 2.8
      vertex 8.61926 11.0941 2.8
      vertex 10.0171 11.7389 2.8
    endloop
  endfacet
  facet normal 0 0 -1
    outer loop
      vertex 10.268 13 2.8
      vertex 8.96891 13.75 2.8
      vertex 9.22326 14.1307 2.8
    endloop
  endfacet
  facet normal 0 0 -1
    outer loop
      vertex 8.52994 11.5432 2.8
      vertex 10.0171 11.7389 2.8
      vertex 8.61926 11.0941 2.8
    endloop
  endfacet
  facet normal 0 0 -1
    outer loop
      vertex 10.1522 12.7654 2.8
      vertex 8.76642 13.3394 2.8
      vertex 8.96891 13.75 2.8
    endloop
  endfacet
  facet normal -0 0 -1
    outer loop
      vertex 10.0171 11.7389 2.8
      vertex 8.52994 11.5432 2.8
      vertex 10 12 2.8
    endloop
  endfacet
  facet normal 0 0 -1
    outer loop
      vertex 10.0681 12.5176 2.8
      vertex 8.61926 12.9059 2.8
      vertex 8.76642 13.3394 2.8
    endloop
  endfacet
  facet normal 0 0 -1
    outer loop
      vertex 8.5 12 2.8
      vertex 10 12 2.8
      vertex 8.52994 11.5432 2.8
    endloop
  endfacet
  facet normal 0 0 -1
    outer loop
      vertex 10.0171 12.2611 2.8
      vertex 8.52994 12.4568 2.8
      vertex 8.61926 12.9059 2.8
    endloop
  endfacet
  facet normal 0 0 -1
    outer loop
      vertex 10 12 2.8
      vertex 8.5 12 2.8
      vertex 8.52994 12.4568 2.8
    endloop
  endfacet
  facet normal 0.980757 0.195234 0
    outer loop
      vertex 15.4701 12.4568 5.8
      vertex 15.3807 12.9059 2.8
      vertex 15.3807 12.9059 5.8
    endloop
  endfacet
  facet normal 0.980757 0.195234 0
    outer loop
      vertex 15.3807 12.9059 2.8
      vertex 15.4701 12.4568 5.8
      vertex 15.4701 12.4568 2.8
    endloop
  endfacet
  facet normal 0.997865 0.0653156 0
    outer loop
      vertex 15.5 12 5.8
      vertex 15.4701 12.4568 2.8
      vertex 15.4701 12.4568 5.8
    endloop
  endfacet
  facet normal 0.997865 0.0653156 0
    outer loop
      vertex 15.4701 12.4568 2.8
      vertex 15.5 12 5.8
      vertex 15.5 12 2.8
    endloop
  endfacet
  facet normal 0.321452 -0.946926 0
    outer loop
      vertex 12.9059 8.61926 2.8
      vertex 13.3394 8.76642 5.8
      vertex 12.9059 8.61926 5.8
    endloop
  endfacet
  facet normal 0.321452 -0.946926 0
    outer loop
      vertex 13.3394 8.76642 5.8
      vertex 12.9059 8.61926 2.8
      vertex 13.3394 8.76642 2.8
    endloop
  endfacet
  facet normal 0.831445 0.555607 0
    outer loop
      vertex 15.0311 13.75 5.8
      vertex 14.7767 14.1307 2.8
      vertex 14.7767 14.1307 5.8
    endloop
  endfacet
  facet normal 0.831445 0.555607 0
    outer loop
      vertex 14.7767 14.1307 2.8
      vertex 15.0311 13.75 5.8
      vertex 15.0311 13.75 2.8
    endloop
  endfacet
  facet normal -0.896869 0.442297 0
    outer loop
      vertex 8.76642 13.3394 2.8
      vertex 8.96891 13.75 5.8
      vertex 8.96891 13.75 2.8
    endloop
  endfacet
  facet normal -0.896869 0.442297 0
    outer loop
      vertex 8.96891 13.75 5.8
      vertex 8.76642 13.3394 2.8
      vertex 8.76642 13.3394 5.8
    endloop
  endfacet
  facet normal -0.555647 0.831418 0
    outer loop
      vertex 10.25 15.0311 2.8
      vertex 9.86934 14.7767 5.8
      vertex 10.25 15.0311 5.8
    endloop
  endfacet
  facet normal -0.555647 0.831418 0
    outer loop
      vertex 9.86934 14.7767 5.8
      vertex 10.25 15.0311 2.8
      vertex 9.86934 14.7767 2.8
    endloop
  endfacet
  facet normal -0.659267 0.751909 0
    outer loop
      vertex 9.86934 14.7767 2.8
      vertex 9.52513 14.4749 5.8
      vertex 9.86934 14.7767 5.8
    endloop
  endfacet
  facet normal -0.659267 0.751909 0
    outer loop
      vertex 9.52513 14.4749 5.8
      vertex 9.86934 14.7767 2.8
      vertex 9.52513 14.4749 2.8
    endloop
  endfacet
  facet normal -0.751824 0.659364 0
    outer loop
      vertex 9.22326 14.1307 2.8
      vertex 9.52513 14.4749 5.8
      vertex 9.52513 14.4749 2.8
    endloop
  endfacet
  facet normal -0.751824 0.659364 0
    outer loop
      vertex 9.52513 14.4749 5.8
      vertex 9.22326 14.1307 2.8
      vertex 9.22326 14.1307 5.8
    endloop
  endfacet
  facet normal 0.946966 -0.321335 0
    outer loop
      vertex 15.2336 10.6606 5.8
      vertex 15.3807 11.0941 2.8
      vertex 15.3807 11.0941 5.8
    endloop
  endfacet
  facet normal 0.946966 -0.321335 0
    outer loop
      vertex 15.3807 11.0941 2.8
      vertex 15.2336 10.6606 5.8
      vertex 15.2336 10.6606 2.8
    endloop
  endfacet
  facet normal -0.997859 0.0654026 0
    outer loop
      vertex 8.5 12 2.8
      vertex 8.52994 12.4568 5.8
      vertex 8.52994 12.4568 2.8
    endloop
  endfacet
  facet normal -0.997859 0.0654026 0
    outer loop
      vertex 8.52994 12.4568 5.8
      vertex 8.5 12 2.8
      vertex 8.5 12 5.8
    endloop
  endfacet
  facet normal 0.555607 0.831445 -0
    outer loop
      vertex 14.1307 14.7767 2.8
      vertex 13.75 15.0311 5.8
      vertex 14.1307 14.7767 5.8
    endloop
  endfacet
  facet normal 0.555607 0.831445 0
    outer loop
      vertex 13.75 15.0311 5.8
      vertex 14.1307 14.7767 2.8
      vertex 13.75 15.0311 2.8
    endloop
  endfacet
  facet normal -0.321452 -0.946926 0
    outer loop
      vertex 10.6606 8.76642 2.8
      vertex 11.0941 8.61926 5.8
      vertex 10.6606 8.76642 5.8
    endloop
  endfacet
  facet normal -0.321452 -0.946926 -0
    outer loop
      vertex 11.0941 8.61926 5.8
      vertex 10.6606 8.76642 2.8
      vertex 11.0941 8.61926 2.8
    endloop
  endfacet
  facet normal -0.751833 -0.659353 0
    outer loop
      vertex 9.52513 9.52513 2.8
      vertex 9.22326 9.86934 5.8
      vertex 9.22326 9.86934 2.8
    endloop
  endfacet
  facet normal -0.751833 -0.659353 0
    outer loop
      vertex 9.22326 9.86934 5.8
      vertex 9.52513 9.52513 2.8
      vertex 9.52513 9.52513 5.8
    endloop
  endfacet
  facet normal 0.195066 -0.98079 0
    outer loop
      vertex 12.4568 8.52994 2.8
      vertex 12.9059 8.61926 5.8
      vertex 12.4568 8.52994 5.8
    endloop
  endfacet
  facet normal 0.195066 -0.98079 0
    outer loop
      vertex 12.9059 8.61926 5.8
      vertex 12.4568 8.52994 2.8
      vertex 12.9059 8.61926 2.8
    endloop
  endfacet
  facet normal -0.321335 0.946966 0
    outer loop
      vertex 11.0941 15.3807 2.8
      vertex 10.6606 15.2336 5.8
      vertex 11.0941 15.3807 5.8
    endloop
  endfacet
  facet normal -0.321335 0.946966 0
    outer loop
      vertex 10.6606 15.2336 5.8
      vertex 11.0941 15.3807 2.8
      vertex 10.6606 15.2336 2.8
    endloop
  endfacet
  facet normal -0.831468 -0.555572 0
    outer loop
      vertex 9.22326 9.86934 2.8
      vertex 8.96891 10.25 5.8
      vertex 8.96891 10.25 2.8
    endloop
  endfacet
  facet normal -0.831468 -0.555572 0
    outer loop
      vertex 8.96891 10.25 5.8
      vertex 9.22326 9.86934 2.8
      vertex 9.22326 9.86934 5.8
    endloop
  endfacet
  facet normal 0.555532 -0.831495 0
    outer loop
      vertex 13.75 8.96891 2.8
      vertex 14.1307 9.22326 5.8
      vertex 13.75 8.96891 5.8
    endloop
  endfacet
  facet normal 0.555532 -0.831495 0
    outer loop
      vertex 14.1307 9.22326 5.8
      vertex 13.75 8.96891 2.8
      vertex 14.1307 9.22326 2.8
    endloop
  endfacet
  facet normal -0.946926 0.321452 0
    outer loop
      vertex 8.61926 12.9059 2.8
      vertex 8.76642 13.3394 5.8
      vertex 8.76642 13.3394 2.8
    endloop
  endfacet
  facet normal -0.946926 0.321452 0
    outer loop
      vertex 8.76642 13.3394 5.8
      vertex 8.61926 12.9059 2.8
      vertex 8.61926 12.9059 5.8
    endloop
  endfacet
  facet normal 0.321335 0.946966 -0
    outer loop
      vertex 13.3394 15.2336 2.8
      vertex 12.9059 15.3807 5.8
      vertex 13.3394 15.2336 5.8
    endloop
  endfacet
  facet normal 0.321335 0.946966 0
    outer loop
      vertex 12.9059 15.3807 5.8
      vertex 13.3394 15.2336 2.8
      vertex 12.9059 15.3807 2.8
    endloop
  endfacet
  facet normal 0.0653156 0.997865 -0
    outer loop
      vertex 12.4568 15.4701 2.8
      vertex 12 15.5 5.8
      vertex 12.4568 15.4701 5.8
    endloop
  endfacet
  facet normal 0.0653156 0.997865 0
    outer loop
      vertex 12 15.5 5.8
      vertex 12.4568 15.4701 2.8
      vertex 12 15.5 2.8
    endloop
  endfacet
  facet normal -0.442314 0.89686 0
    outer loop
      vertex 10.6606 15.2336 2.8
      vertex 10.25 15.0311 5.8
      vertex 10.6606 15.2336 5.8
    endloop
  endfacet
  facet normal -0.442314 0.89686 0
    outer loop
      vertex 10.25 15.0311 5.8
      vertex 10.6606 15.2336 2.8
      vertex 10.25 15.0311 2.8
    endloop
  endfacet
  facet normal 0.831418 -0.555647 0
    outer loop
      vertex 14.7767 9.86934 5.8
      vertex 15.0311 10.25 2.8
      vertex 15.0311 10.25 5.8
    endloop
  endfacet
  facet normal 0.831418 -0.555647 0
    outer loop
      vertex 15.0311 10.25 2.8
      vertex 14.7767 9.86934 5.8
      vertex 14.7767 9.86934 2.8
    endloop
  endfacet
  facet normal -0.997859 -0.0654026 0
    outer loop
      vertex 8.52994 11.5432 2.8
      vertex 8.5 12 5.8
      vertex 8.5 12 2.8
    endloop
  endfacet
  facet normal -0.997859 -0.0654026 0
    outer loop
      vertex 8.5 12 5.8
      vertex 8.52994 11.5432 2.8
      vertex 8.52994 11.5432 5.8
    endloop
  endfacet
  facet normal -0.946926 -0.321452 0
    outer loop
      vertex 8.76642 10.6606 2.8
      vertex 8.61926 11.0941 5.8
      vertex 8.61926 11.0941 2.8
    endloop
  endfacet
  facet normal -0.946926 -0.321452 0
    outer loop
      vertex 8.61926 11.0941 5.8
      vertex 8.76642 10.6606 2.8
      vertex 8.76642 10.6606 5.8
    endloop
  endfacet
  facet normal -0.659353 -0.751833 0
    outer loop
      vertex 9.52513 9.52513 2.8
      vertex 9.86934 9.22326 5.8
      vertex 9.52513 9.52513 5.8
    endloop
  endfacet
  facet normal -0.659353 -0.751833 -0
    outer loop
      vertex 9.86934 9.22326 5.8
      vertex 9.52513 9.52513 2.8
      vertex 9.86934 9.22326 2.8
    endloop
  endfacet
  facet normal 0.442314 0.89686 -0
    outer loop
      vertex 13.75 15.0311 2.8
      vertex 13.3394 15.2336 5.8
      vertex 13.75 15.0311 5.8
    endloop
  endfacet
  facet normal 0.442314 0.89686 0
    outer loop
      vertex 13.3394 15.2336 5.8
      vertex 13.75 15.0311 2.8
      vertex 13.3394 15.2336 2.8
    endloop
  endfacet
  facet normal -0.195234 0.980757 0
    outer loop
      vertex 11.5432 15.4701 2.8
      vertex 11.0941 15.3807 5.8
      vertex 11.5432 15.4701 5.8
    endloop
  endfacet
  facet normal -0.195234 0.980757 0
    outer loop
      vertex 11.0941 15.3807 5.8
      vertex 11.5432 15.4701 2.8
      vertex 11.0941 15.3807 2.8
    endloop
  endfacet
  facet normal 0.7519 0.659278 0
    outer loop
      vertex 14.7767 14.1307 5.8
      vertex 14.4749 14.4749 2.8
      vertex 14.4749 14.4749 5.8
    endloop
  endfacet
  facet normal 0.7519 0.659278 0
    outer loop
      vertex 14.4749 14.4749 2.8
      vertex 14.7767 14.1307 5.8
      vertex 14.7767 14.1307 2.8
    endloop
  endfacet
  facet normal 0.195234 0.980757 -0
    outer loop
      vertex 12.9059 15.3807 2.8
      vertex 12.4568 15.4701 5.8
      vertex 12.9059 15.3807 5.8
    endloop
  endfacet
  facet normal 0.195234 0.980757 0
    outer loop
      vertex 12.4568 15.4701 5.8
      vertex 12.9059 15.3807 2.8
      vertex 12.4568 15.4701 2.8
    endloop
  endfacet
  facet normal 0.751909 -0.659267 0
    outer loop
      vertex 14.4749 9.52513 5.8
      vertex 14.7767 9.86934 2.8
      vertex 14.7767 9.86934 5.8
    endloop
  endfacet
  facet normal 0.751909 -0.659267 0
    outer loop
      vertex 14.7767 9.86934 2.8
      vertex 14.4749 9.52513 5.8
      vertex 14.4749 9.52513 2.8
    endloop
  endfacet
  facet normal -0.442297 -0.896869 0
    outer loop
      vertex 10.25 8.96891 2.8
      vertex 10.6606 8.76642 5.8
      vertex 10.25 8.96891 5.8
    endloop
  endfacet
  facet normal -0.442297 -0.896869 -0
    outer loop
      vertex 10.6606 8.76642 5.8
      vertex 10.25 8.96891 2.8
      vertex 10.6606 8.76642 2.8
    endloop
  endfacet
  facet normal -0.98079 0.195066 0
    outer loop
      vertex 8.52994 12.4568 2.8
      vertex 8.61926 12.9059 5.8
      vertex 8.61926 12.9059 2.8
    endloop
  endfacet
  facet normal -0.98079 0.195066 0
    outer loop
      vertex 8.61926 12.9059 5.8
      vertex 8.52994 12.4568 2.8
      vertex 8.52994 12.4568 5.8
    endloop
  endfacet
  facet normal 0.0654026 -0.997859 0
    outer loop
      vertex 12 8.5 2.8
      vertex 12.4568 8.52994 5.8
      vertex 12 8.5 5.8
    endloop
  endfacet
  facet normal 0.0654026 -0.997859 0
    outer loop
      vertex 12.4568 8.52994 5.8
      vertex 12 8.5 2.8
      vertex 12.4568 8.52994 2.8
    endloop
  endfacet
  facet normal 0.442297 -0.896869 0
    outer loop
      vertex 13.3394 8.76642 2.8
      vertex 13.75 8.96891 5.8
      vertex 13.3394 8.76642 5.8
    endloop
  endfacet
  facet normal 0.442297 -0.896869 0
    outer loop
      vertex 13.75 8.96891 5.8
      vertex 13.3394 8.76642 2.8
      vertex 13.75 8.96891 2.8
    endloop
  endfacet
  facet normal 0.659364 -0.751824 0
    outer loop
      vertex 14.1307 9.22326 2.8
      vertex 14.4749 9.52513 5.8
      vertex 14.1307 9.22326 5.8
    endloop
  endfacet
  facet normal 0.659364 -0.751824 0
    outer loop
      vertex 14.4749 9.52513 5.8
      vertex 14.1307 9.22326 2.8
      vertex 14.4749 9.52513 2.8
    endloop
  endfacet
  facet normal -0.896869 -0.442297 0
    outer loop
      vertex 8.96891 10.25 2.8
      vertex 8.76642 10.6606 5.8
      vertex 8.76642 10.6606 2.8
    endloop
  endfacet
  facet normal -0.896869 -0.442297 0
    outer loop
      vertex 8.76642 10.6606 5.8
      vertex 8.96891 10.25 2.8
      vertex 8.96891 10.25 5.8
    endloop
  endfacet
  facet normal 0.89686 -0.442314 0
    outer loop
      vertex 15.0311 10.25 5.8
      vertex 15.2336 10.6606 2.8
      vertex 15.2336 10.6606 5.8
    endloop
  endfacet
  facet normal 0.89686 -0.442314 0
    outer loop
      vertex 15.2336 10.6606 2.8
      vertex 15.0311 10.25 5.8
      vertex 15.0311 10.25 2.8
    endloop
  endfacet
  facet normal 0.659278 0.7519 -0
    outer loop
      vertex 14.4749 14.4749 2.8
      vertex 14.1307 14.7767 5.8
      vertex 14.4749 14.4749 5.8
    endloop
  endfacet
  facet normal 0.659278 0.7519 0
    outer loop
      vertex 14.1307 14.7767 5.8
      vertex 14.4749 14.4749 2.8
      vertex 14.1307 14.7767 2.8
    endloop
  endfacet
  facet normal 0.997865 -0.0653156 0
    outer loop
      vertex 15.4701 11.5432 5.8
      vertex 15.5 12 2.8
      vertex 15.5 12 5.8
    endloop
  endfacet
  facet normal 0.997865 -0.0653156 0
    outer loop
      vertex 15.5 12 2.8
      vertex 15.4701 11.5432 5.8
      vertex 15.4701 11.5432 2.8
    endloop
  endfacet
  facet normal -0.555572 -0.831468 0
    outer loop
      vertex 9.86934 9.22326 2.8
      vertex 10.25 8.96891 5.8
      vertex 9.86934 9.22326 5.8
    endloop
  endfacet
  facet normal -0.555572 -0.831468 -0
    outer loop
      vertex 10.25 8.96891 5.8
      vertex 9.86934 9.22326 2.8
      vertex 10.25 8.96891 2.8
    endloop
  endfacet
  facet normal 0.89686 0.442314 0
    outer loop
      vertex 15.2336 13.3394 5.8
      vertex 15.0311 13.75 2.8
      vertex 15.0311 13.75 5.8
    endloop
  endfacet
  facet normal 0.89686 0.442314 0
    outer loop
      vertex 15.0311 13.75 2.8
      vertex 15.2336 13.3394 5.8
      vertex 15.2336 13.3394 2.8
    endloop
  endfacet
  facet normal 0.980757 -0.195234 0
    outer loop
      vertex 15.3807 11.0941 5.8
      vertex 15.4701 11.5432 2.8
      vertex 15.4701 11.5432 5.8
    endloop
  endfacet
  facet normal 0.980757 -0.195234 0
    outer loop
      vertex 15.4701 11.5432 2.8
      vertex 15.3807 11.0941 5.8
      vertex 15.3807 11.0941 2.8
    endloop
  endfacet
  facet normal 0.946966 0.321335 0
    outer loop
      vertex 15.3807 12.9059 5.8
      vertex 15.2336 13.3394 2.8
      vertex 15.2336 13.3394 5.8
    endloop
  endfacet
  facet normal 0.946966 0.321335 0
    outer loop
      vertex 15.2336 13.3394 2.8
      vertex 15.3807 12.9059 5.8
      vertex 15.3807 12.9059 2.8
    endloop
  endfacet
  facet normal -0.0653156 0.997865 0
    outer loop
      vertex 12 15.5 2.8
      vertex 11.5432 15.4701 5.8
      vertex 12 15.5 5.8
    endloop
  endfacet
  facet normal -0.0653156 0.997865 0
    outer loop
      vertex 11.5432 15.4701 5.8
      vertex 12 15.5 2.8
      vertex 11.5432 15.4701 2.8
    endloop
  endfacet
  facet normal -0.98079 -0.195066 0
    outer loop
      vertex 8.61926 11.0941 2.8
      vertex 8.52994 11.5432 5.8
      vertex 8.52994 11.5432 2.8
    endloop
  endfacet
  facet normal -0.98079 -0.195066 0
    outer loop
      vertex 8.52994 11.5432 5.8
      vertex 8.61926 11.0941 2.8
      vertex 8.61926 11.0941 5.8
    endloop
  endfacet
  facet normal 0 0 1
    outer loop
      vertex 13.225 12 5.8
      vertex 15.5 12 5.8
      vertex 15.4701 12.4568 5.8
    endloop
  endfacet
  facet normal 0 0 1
    outer loop
      vertex 13.2145 12.1599 5.8
      vertex 15.4701 12.4568 5.8
      vertex 15.3807 12.9059 5.8
    endloop
  endfacet
  facet normal 0 0 1
    outer loop
      vertex 15.5 12 5.8
      vertex 13.225 12 5.8
      vertex 15.4701 11.5432 5.8
    endloop
  endfacet
  facet normal 0 0 1
    outer loop
      vertex 13.1833 12.3171 5.8
      vertex 15.3807 12.9059 5.8
      vertex 15.2336 13.3394 5.8
    endloop
  endfacet
  facet normal -0 0 1
    outer loop
      vertex 13.2145 11.8401 5.8
      vertex 15.4701 11.5432 5.8
      vertex 13.225 12 5.8
    endloop
  endfacet
  facet normal 0 0 1
    outer loop
      vertex 13.1318 12.4688 5.8
      vertex 15.2336 13.3394 5.8
      vertex 15.0311 13.75 5.8
    endloop
  endfacet
  facet normal 0 0 1
    outer loop
      vertex 15.4701 11.5432 5.8
      vertex 13.2145 11.8401 5.8
      vertex 15.3807 11.0941 5.8
    endloop
  endfacet
  facet normal 0 0 1
    outer loop
      vertex 13.0609 12.6125 5.8
      vertex 15.0311 13.75 5.8
      vertex 14.7767 14.1307 5.8
    endloop
  endfacet
  facet normal -0 0 1
    outer loop
      vertex 13.1833 11.6829 5.8
      vertex 15.3807 11.0941 5.8
      vertex 13.2145 11.8401 5.8
    endloop
  endfacet
  facet normal 0 0 1
    outer loop
      vertex 12.9719 12.7457 5.8
      vertex 14.7767 14.1307 5.8
      vertex 14.4749 14.4749 5.8
    endloop
  endfacet
  facet normal 0 0 1
    outer loop
      vertex 15.3807 11.0941 5.8
      vertex 13.1833 11.6829 5.8
      vertex 15.2336 10.6606 5.8
    endloop
  endfacet
  facet normal 0 0 1
    outer loop
      vertex 12.8662 12.8662 5.8
      vertex 14.4749 14.4749 5.8
      vertex 14.1307 14.7767 5.8
    endloop
  endfacet
  facet normal -0 0 1
    outer loop
      vertex 13.1318 11.5312 5.8
      vertex 15.2336 10.6606 5.8
      vertex 13.1833 11.6829 5.8
    endloop
  endfacet
  facet normal 0 0 1
    outer loop
      vertex 12.7457 12.9719 5.8
      vertex 14.1307 14.7767 5.8
      vertex 13.75 15.0311 5.8
    endloop
  endfacet
  facet normal 0 0 1
    outer loop
      vertex 15.2336 10.6606 5.8
      vertex 13.1318 11.5312 5.8
      vertex 15.0311 10.25 5.8
    endloop
  endfacet
  facet normal 0 0 1
    outer loop
      vertex 12.6125 13.0609 5.8
      vertex 13.75 15.0311 5.8
      vertex 13.3394 15.2336 5.8
    endloop
  endfacet
  facet normal -0 0 1
    outer loop
      vertex 13.0609 11.3875 5.8
      vertex 15.0311 10.25 5.8
      vertex 13.1318 11.5312 5.8
    endloop
  endfacet
  facet normal 0 0 1
    outer loop
      vertex 15.0311 10.25 5.8
      vertex 13.0609 11.3875 5.8
      vertex 14.7767 9.86934 5.8
    endloop
  endfacet
  facet normal 0 0 1
    outer loop
      vertex 15.4701 12.4568 5.8
      vertex 13.2145 12.1599 5.8
      vertex 13.225 12 5.8
    endloop
  endfacet
  facet normal 0 0 1
    outer loop
      vertex 15.3807 12.9059 5.8
      vertex 13.1833 12.3171 5.8
      vertex 13.2145 12.1599 5.8
    endloop
  endfacet
  facet normal 0 0 1
    outer loop
      vertex 15.2336 13.3394 5.8
      vertex 13.1318 12.4688 5.8
      vertex 13.1833 12.3171 5.8
    endloop
  endfacet
  facet normal 0 0 1
    outer loop
      vertex 15.0311 13.75 5.8
      vertex 13.0609 12.6125 5.8
      vertex 13.1318 12.4688 5.8
    endloop
  endfacet
  facet normal 0 0 1
    outer loop
      vertex 14.7767 14.1307 5.8
      vertex 12.9719 12.7457 5.8
      vertex 13.0609 12.6125 5.8
    endloop
  endfacet
  facet normal 0 0 1
    outer loop
      vertex 12.4688 13.1318 5.8
      vertex 13.3394 15.2336 5.8
      vertex 12.9059 15.3807 5.8
    endloop
  endfacet
  facet normal 0 0 1
    outer loop
      vertex 14.4749 14.4749 5.8
      vertex 12.8662 12.8662 5.8
      vertex 12.9719 12.7457 5.8
    endloop
  endfacet
  facet normal 0 0 1
    outer loop
      vertex 14.1307 14.7767 5.8
      vertex 12.7457 12.9719 5.8
      vertex 12.8662 12.8662 5.8
    endloop
  endfacet
  facet normal 0 0 1
    outer loop
      vertex 13.75 15.0311 5.8
      vertex 12.6125 13.0609 5.8
      vertex 12.7457 12.9719 5.8
    endloop
  endfacet
  facet normal 0 0 1
    outer loop
      vertex 13.3394 15.2336 5.8
      vertex 12.4688 13.1318 5.8
      vertex 12.6125 13.0609 5.8
    endloop
  endfacet
  facet normal 0 0 1
    outer loop
      vertex 12.3171 13.1833 5.8
      vertex 12.9059 15.3807 5.8
      vertex 12.4568 15.4701 5.8
    endloop
  endfacet
  facet normal 0 0 1
    outer loop
      vertex 12.9059 15.3807 5.8
      vertex 12.3171 13.1833 5.8
      vertex 12.4688 13.1318 5.8
    endloop
  endfacet
  facet normal 0 0 1
    outer loop
      vertex 12.4568 15.4701 5.8
      vertex 12.1599 13.2145 5.8
      vertex 12.3171 13.1833 5.8
    endloop
  endfacet
  facet normal 0 0 1
    outer loop
      vertex 12 15.5 5.8
      vertex 12.1599 13.2145 5.8
      vertex 12.4568 15.4701 5.8
    endloop
  endfacet
  facet normal 0 0 1
    outer loop
      vertex 12 15.5 5.8
      vertex 12 13.225 5.8
      vertex 12.1599 13.2145 5.8
    endloop
  endfacet
  facet normal 0 0 1
    outer loop
      vertex 12 15.5 5.8
      vertex 11.8401 13.2145 5.8
      vertex 12 13.225 5.8
    endloop
  endfacet
  facet normal -0 0 1
    outer loop
      vertex 11.5432 15.4701 5.8
      vertex 11.8401 13.2145 5.8
      vertex 12 15.5 5.8
    endloop
  endfacet
  facet normal 0 0 1
    outer loop
      vertex 11.8401 13.2145 5.8
      vertex 11.5432 15.4701 5.8
      vertex 11.6829 13.1833 5.8
    endloop
  endfacet
  facet normal -0 0 1
    outer loop
      vertex 11.0941 15.3807 5.8
      vertex 11.6829 13.1833 5.8
      vertex 11.5432 15.4701 5.8
    endloop
  endfacet
  facet normal 0 0 1
    outer loop
      vertex 11.6829 13.1833 5.8
      vertex 11.0941 15.3807 5.8
      vertex 11.5312 13.1318 5.8
    endloop
  endfacet
  facet normal -0 0 1
    outer loop
      vertex 10.6606 15.2336 5.8
      vertex 11.5312 13.1318 5.8
      vertex 11.0941 15.3807 5.8
    endloop
  endfacet
  facet normal 0 0 1
    outer loop
      vertex 11.5312 13.1318 5.8
      vertex 10.6606 15.2336 5.8
      vertex 11.3875 13.0609 5.8
    endloop
  endfacet
  facet normal -0 0 1
    outer loop
      vertex 10.25 15.0311 5.8
      vertex 11.3875 13.0609 5.8
      vertex 10.6606 15.2336 5.8
    endloop
  endfacet
  facet normal 0 0 1
    outer loop
      vertex 11.3875 13.0609 5.8
      vertex 10.25 15.0311 5.8
      vertex 11.2543 12.9719 5.8
    endloop
  endfacet
  facet normal -0 0 1
    outer loop
      vertex 9.86934 14.7767 5.8
      vertex 11.2543 12.9719 5.8
      vertex 10.25 15.0311 5.8
    endloop
  endfacet
  facet normal 0 0 1
    outer loop
      vertex 11.2543 12.9719 5.8
      vertex 9.86934 14.7767 5.8
      vertex 11.1338 12.8662 5.8
    endloop
  endfacet
  facet normal -0 0 1
    outer loop
      vertex 9.52513 14.4749 5.8
      vertex 11.1338 12.8662 5.8
      vertex 9.86934 14.7767 5.8
    endloop
  endfacet
  facet normal 0 0 1
    outer loop
      vertex 11.1338 12.8662 5.8
      vertex 9.52513 14.4749 5.8
      vertex 11.0281 12.7457 5.8
    endloop
  endfacet
  facet normal 0 0 1
    outer loop
      vertex 11.0281 12.7457 5.8
      vertex 9.22326 14.1307 5.8
      vertex 10.9391 12.6125 5.8
    endloop
  endfacet
  facet normal -0 0 1
    outer loop
      vertex 9.22326 14.1307 5.8
      vertex 11.0281 12.7457 5.8
      vertex 9.52513 14.4749 5.8
    endloop
  endfacet
  facet normal -0 0 1
    outer loop
      vertex 12.9719 11.2543 5.8
      vertex 14.7767 9.86934 5.8
      vertex 13.0609 11.3875 5.8
    endloop
  endfacet
  facet normal 0 0 1
    outer loop
      vertex 14.7767 9.86934 5.8
      vertex 12.9719 11.2543 5.8
      vertex 14.4749 9.52513 5.8
    endloop
  endfacet
  facet normal -0 0 1
    outer loop
      vertex 12.8662 11.1338 5.8
      vertex 14.4749 9.52513 5.8
      vertex 12.9719 11.2543 5.8
    endloop
  endfacet
  facet normal 0 0 1
    outer loop
      vertex 14.4749 9.52513 5.8
      vertex 12.8662 11.1338 5.8
      vertex 14.1307 9.22326 5.8
    endloop
  endfacet
  facet normal -0 0 1
    outer loop
      vertex 12.7457 11.0281 5.8
      vertex 14.1307 9.22326 5.8
      vertex 12.8662 11.1338 5.8
    endloop
  endfacet
  facet normal 0 0 1
    outer loop
      vertex 14.1307 9.22326 5.8
      vertex 12.7457 11.0281 5.8
      vertex 13.75 8.96891 5.8
    endloop
  endfacet
  facet normal -0 0 1
    outer loop
      vertex 12.6125 10.9391 5.8
      vertex 13.75 8.96891 5.8
      vertex 12.7457 11.0281 5.8
    endloop
  endfacet
  facet normal 0 0 1
    outer loop
      vertex 13.75 8.96891 5.8
      vertex 12.6125 10.9391 5.8
      vertex 13.3394 8.76642 5.8
    endloop
  endfacet
  facet normal -0 0 1
    outer loop
      vertex 12.4688 10.8682 5.8
      vertex 13.3394 8.76642 5.8
      vertex 12.6125 10.9391 5.8
    endloop
  endfacet
  facet normal 0 0 1
    outer loop
      vertex 13.3394 8.76642 5.8
      vertex 12.4688 10.8682 5.8
      vertex 12.9059 8.61926 5.8
    endloop
  endfacet
  facet normal -0 0 1
    outer loop
      vertex 12.3171 10.8167 5.8
      vertex 12.9059 8.61926 5.8
      vertex 12.4688 10.8682 5.8
    endloop
  endfacet
  facet normal 0 0 1
    outer loop
      vertex 12.9059 8.61926 5.8
      vertex 12.3171 10.8167 5.8
      vertex 12.4568 8.52994 5.8
    endloop
  endfacet
  facet normal -0 0 1
    outer loop
      vertex 12.1599 10.7855 5.8
      vertex 12.4568 8.52994 5.8
      vertex 12.3171 10.8167 5.8
    endloop
  endfacet
  facet normal -0 0 1
    outer loop
      vertex 12 10.775 5.8
      vertex 12.4568 8.52994 5.8
      vertex 12.1599 10.7855 5.8
    endloop
  endfacet
  facet normal 0 0 1
    outer loop
      vertex 12 10.775 5.8
      vertex 12 8.5 5.8
      vertex 12.4568 8.52994 5.8
    endloop
  endfacet
  facet normal 0 0 1
    outer loop
      vertex 11.8401 10.7855 5.8
      vertex 12 8.5 5.8
      vertex 12 10.775 5.8
    endloop
  endfacet
  facet normal 0 0 1
    outer loop
      vertex 11.5432 8.52994 5.8
      vertex 11.8401 10.7855 5.8
      vertex 11.6829 10.8167 5.8
    endloop
  endfacet
  facet normal 0 0 1
    outer loop
      vertex 11.8401 10.7855 5.8
      vertex 11.5432 8.52994 5.8
      vertex 12 8.5 5.8
    endloop
  endfacet
  facet normal 0 0 1
    outer loop
      vertex 11.0941 8.61926 5.8
      vertex 11.6829 10.8167 5.8
      vertex 11.5312 10.8682 5.8
    endloop
  endfacet
  facet normal 0 0 1
    outer loop
      vertex 10.6606 8.76642 5.8
      vertex 11.5312 10.8682 5.8
      vertex 11.3875 10.9391 5.8
    endloop
  endfacet
  facet normal 0 0 1
    outer loop
      vertex 10.25 8.96891 5.8
      vertex 11.3875 10.9391 5.8
      vertex 11.2543 11.0281 5.8
    endloop
  endfacet
  facet normal 0 0 1
    outer loop
      vertex 9.86934 9.22326 5.8
      vertex 11.2543 11.0281 5.8
      vertex 11.1338 11.1338 5.8
    endloop
  endfacet
  facet normal 0 0 1
    outer loop
      vertex 11.6829 10.8167 5.8
      vertex 11.0941 8.61926 5.8
      vertex 11.5432 8.52994 5.8
    endloop
  endfacet
  facet normal 0 0 1
    outer loop
      vertex 9.52513 9.52513 5.8
      vertex 11.1338 11.1338 5.8
      vertex 11.0281 11.2543 5.8
    endloop
  endfacet
  facet normal 0 0 1
    outer loop
      vertex 9.22326 9.86934 5.8
      vertex 11.0281 11.2543 5.8
      vertex 10.9391 11.3875 5.8
    endloop
  endfacet
  facet normal 0 0 1
    outer loop
      vertex 8.96891 10.25 5.8
      vertex 10.9391 11.3875 5.8
      vertex 10.8682 11.5312 5.8
    endloop
  endfacet
  facet normal 0 0 1
    outer loop
      vertex 8.76642 10.6606 5.8
      vertex 10.8682 11.5312 5.8
      vertex 10.8167 11.6829 5.8
    endloop
  endfacet
  facet normal 0 0 1
    outer loop
      vertex 8.61926 11.0941 5.8
      vertex 10.8167 11.6829 5.8
      vertex 10.7855 11.8401 5.8
    endloop
  endfacet
  facet normal 0 0 1
    outer loop
      vertex 11.5312 10.8682 5.8
      vertex 10.6606 8.76642 5.8
      vertex 11.0941 8.61926 5.8
    endloop
  endfacet
  facet normal 0 0 1
    outer loop
      vertex 8.52994 11.5432 5.8
      vertex 10.7855 11.8401 5.8
      vertex 10.775 12 5.8
    endloop
  endfacet
  facet normal -0 0 1
    outer loop
      vertex 8.96891 13.75 5.8
      vertex 10.9391 12.6125 5.8
      vertex 9.22326 14.1307 5.8
    endloop
  endfacet
  facet normal 0 0 1
    outer loop
      vertex 10.9391 12.6125 5.8
      vertex 8.96891 13.75 5.8
      vertex 10.8682 12.4688 5.8
    endloop
  endfacet
  facet normal 0 0 1
    outer loop
      vertex 11.3875 10.9391 5.8
      vertex 10.25 8.96891 5.8
      vertex 10.6606 8.76642 5.8
    endloop
  endfacet
  facet normal -0 0 1
    outer loop
      vertex 8.76642 13.3394 5.8
      vertex 10.8682 12.4688 5.8
      vertex 8.96891 13.75 5.8
    endloop
  endfacet
  facet normal 0 0 1
    outer loop
      vertex 11.2543 11.0281 5.8
      vertex 9.86934 9.22326 5.8
      vertex 10.25 8.96891 5.8
    endloop
  endfacet
  facet normal 0 0 1
    outer loop
      vertex 10.8682 12.4688 5.8
      vertex 8.76642 13.3394 5.8
      vertex 10.8167 12.3171 5.8
    endloop
  endfacet
  facet normal 0 0 1
    outer loop
      vertex 11.1338 11.1338 5.8
      vertex 9.52513 9.52513 5.8
      vertex 9.86934 9.22326 5.8
    endloop
  endfacet
  facet normal -0 0 1
    outer loop
      vertex 8.61926 12.9059 5.8
      vertex 10.8167 12.3171 5.8
      vertex 8.76642 13.3394 5.8
    endloop
  endfacet
  facet normal 0 0 1
    outer loop
      vertex 11.0281 11.2543 5.8
      vertex 9.22326 9.86934 5.8
      vertex 9.52513 9.52513 5.8
    endloop
  endfacet
  facet normal 0 0 1
    outer loop
      vertex 10.8167 12.3171 5.8
      vertex 8.61926 12.9059 5.8
      vertex 10.7855 12.1599 5.8
    endloop
  endfacet
  facet normal 0 0 1
    outer loop
      vertex 10.9391 11.3875 5.8
      vertex 8.96891 10.25 5.8
      vertex 9.22326 9.86934 5.8
    endloop
  endfacet
  facet normal -0 0 1
    outer loop
      vertex 8.52994 12.4568 5.8
      vertex 10.7855 12.1599 5.8
      vertex 8.61926 12.9059 5.8
    endloop
  endfacet
  facet normal 0 0 1
    outer loop
      vertex 10.8682 11.5312 5.8
      vertex 8.76642 10.6606 5.8
      vertex 8.96891 10.25 5.8
    endloop
  endfacet
  facet normal 0 0 1
    outer loop
      vertex 10.7855 12.1599 5.8
      vertex 8.52994 12.4568 5.8
      vertex 10.775 12 5.8
    endloop
  endfacet
  facet normal 0 0 1
    outer loop
      vertex 10.8167 11.6829 5.8
      vertex 8.61926 11.0941 5.8
      vertex 8.76642 10.6606 5.8
    endloop
  endfacet
  facet normal 0 0 1
    outer loop
      vertex 8.5 12 5.8
      vertex 10.775 12 5.8
      vertex 8.52994 12.4568 5.8
    endloop
  endfacet
  facet normal 0 0 1
    outer loop
      vertex 10.7855 11.8401 5.8
      vertex 8.52994 11.5432 5.8
      vertex 8.61926 11.0941 5.8
    endloop
  endfacet
  facet normal 0 0 1
    outer loop
      vertex 10.775 12 5.8
      vertex 8.5 12 5.8
      vertex 8.52994 11.5432 5.8
    endloop
  endfacet
  facet normal -0.195066 -0.98079 0
    outer loop
      vertex 11.0941 8.61926 2.8
      vertex 11.5432 8.52994 5.8
      vertex 11.0941 8.61926 5.8
    endloop
  endfacet
  facet normal -0.195066 -0.98079 -0
    outer loop
      vertex 11.5432 8.52994 5.8
      vertex 11.0941 8.61926 2.8
      vertex 11.5432 8.52994 2.8
    endloop
  endfacet
  facet normal -0.831495 0.555532 0
    outer loop
      vertex 8.96891 13.75 2.8
      vertex 9.22326 14.1307 5.8
      vertex 9.22326 14.1307 2.8
    endloop
  endfacet
  facet normal -0.831495 0.555532 0
    outer loop
      vertex 9.22326 14.1307 5.8
      vertex 8.96891 13.75 2.8
      vertex 8.96891 13.75 5.8
    endloop
  endfacet
  facet normal -0.0654026 -0.997859 0
    outer loop
      vertex 11.5432 8.52994 2.8
      vertex 12 8.5 5.8
      vertex 11.5432 8.52994 5.8
    endloop
  endfacet
  facet normal -0.0654026 -0.997859 -0
    outer loop
      vertex 12 8.5 5.8
      vertex 11.5432 8.52994 2.8
      vertex 12 8.5 2.8
    endloop
  endfacet
  facet normal 0.980868 0.194676 0
    outer loop
      vertex 13.2145 12.1599 8.8
      vertex 13.1833 12.3171 5.8
      vertex 13.1833 12.3171 8.8
    endloop
  endfacet
  facet normal 0.980868 0.194676 0
    outer loop
      vertex 13.1833 12.3171 5.8
      vertex 13.2145 12.1599 8.8
      vertex 13.2145 12.1599 5.8
    endloop
  endfacet
  facet normal 0.997851 0.0655249 0
    outer loop
      vertex 13.225 12 8.8
      vertex 13.2145 12.1599 5.8
      vertex 13.2145 12.1599 8.8
    endloop
  endfacet
  facet normal 0.997851 0.0655249 0
    outer loop
      vertex 13.2145 12.1599 5.8
      vertex 13.225 12 8.8
      vertex 13.225 12 5.8
    endloop
  endfacet
  facet normal 0.831474 0.555564 0
    outer loop
      vertex 13.0609 12.6125 8.8
      vertex 12.9719 12.7457 5.8
      vertex 12.9719 12.7457 8.8
    endloop
  endfacet
  facet normal 0.831474 0.555564 0
    outer loop
      vertex 12.9719 12.7457 5.8
      vertex 13.0609 12.6125 8.8
      vertex 13.0609 12.6125 5.8
    endloop
  endfacet
  facet normal 0.896786 -0.442464 0
    outer loop
      vertex 13.0609 11.3875 8.8
      vertex 13.1318 11.5312 5.8
      vertex 13.1318 11.5312 8.8
    endloop
  endfacet
  facet normal 0.896786 -0.442464 0
    outer loop
      vertex 13.1318 11.5312 5.8
      vertex 13.0609 11.3875 8.8
      vertex 13.0609 11.3875 5.8
    endloop
  endfacet
  facet normal 0.659432 0.751765 -0
    outer loop
      vertex 12.8662 12.8662 5.8
      vertex 12.7457 12.9719 8.8
      vertex 12.8662 12.8662 8.8
    endloop
  endfacet
  facet normal 0.659432 0.751765 0
    outer loop
      vertex 12.7457 12.9719 8.8
      vertex 12.8662 12.8662 5.8
      vertex 12.7457 12.9719 5.8
    endloop
  endfacet
  facet normal -0.555564 -0.831474 0
    outer loop
      vertex 11.2543 11.0281 5.8
      vertex 11.3875 10.9391 8.8
      vertex 11.2543 11.0281 8.8
    endloop
  endfacet
  facet normal -0.555564 -0.831474 -0
    outer loop
      vertex 11.3875 10.9391 8.8
      vertex 11.2543 11.0281 5.8
      vertex 11.3875 10.9391 5.8
    endloop
  endfacet
  facet normal 0.555564 0.831474 -0
    outer loop
      vertex 12.7457 12.9719 5.8
      vertex 12.6125 13.0609 8.8
      vertex 12.7457 12.9719 8.8
    endloop
  endfacet
  facet normal 0.555564 0.831474 0
    outer loop
      vertex 12.6125 13.0609 8.8
      vertex 12.7457 12.9719 5.8
      vertex 12.6125 13.0609 5.8
    endloop
  endfacet
  facet normal 0.659432 -0.751765 0
    outer loop
      vertex 12.7457 11.0281 5.8
      vertex 12.8662 11.1338 8.8
      vertex 12.7457 11.0281 8.8
    endloop
  endfacet
  facet normal 0.659432 -0.751765 0
    outer loop
      vertex 12.8662 11.1338 8.8
      vertex 12.7457 11.0281 5.8
      vertex 12.8662 11.1338 5.8
    endloop
  endfacet
  facet normal 0.831474 -0.555564 0
    outer loop
      vertex 12.9719 11.2543 8.8
      vertex 13.0609 11.3875 5.8
      vertex 13.0609 11.3875 8.8
    endloop
  endfacet
  facet normal 0.831474 -0.555564 0
    outer loop
      vertex 13.0609 11.3875 5.8
      vertex 12.9719 11.2543 8.8
      vertex 12.9719 11.2543 5.8
    endloop
  endfacet
  facet normal -0.321466 -0.946921 0
    outer loop
      vertex 11.5312 10.8682 5.8
      vertex 11.6829 10.8167 8.8
      vertex 11.5312 10.8682 8.8
    endloop
  endfacet
  facet normal -0.321466 -0.946921 -0
    outer loop
      vertex 11.6829 10.8167 8.8
      vertex 11.5312 10.8682 5.8
      vertex 11.6829 10.8167 5.8
    endloop
  endfacet
  facet normal 0.946921 -0.321466 0
    outer loop
      vertex 13.1318 11.5312 8.8
      vertex 13.1833 11.6829 5.8
      vertex 13.1833 11.6829 8.8
    endloop
  endfacet
  facet normal 0.946921 -0.321466 0
    outer loop
      vertex 13.1833 11.6829 5.8
      vertex 13.1318 11.5312 8.8
      vertex 13.1318 11.5312 5.8
    endloop
  endfacet
  facet normal 0.321466 0.946921 -0
    outer loop
      vertex 12.4688 13.1318 5.8
      vertex 12.3171 13.1833 8.8
      vertex 12.4688 13.1318 8.8
    endloop
  endfacet
  facet normal 0.321466 0.946921 0
    outer loop
      vertex 12.3171 13.1833 8.8
      vertex 12.4688 13.1318 5.8
      vertex 12.3171 13.1833 5.8
    endloop
  endfacet
  facet normal -0.997851 0.0655249 0
    outer loop
      vertex 10.775 12 5.8
      vertex 10.7855 12.1599 8.8
      vertex 10.7855 12.1599 5.8
    endloop
  endfacet
  facet normal -0.997851 0.0655249 0
    outer loop
      vertex 10.7855 12.1599 8.8
      vertex 10.775 12 5.8
      vertex 10.775 12 8.8
    endloop
  endfacet
  facet normal -0.980868 -0.194676 0
    outer loop
      vertex 10.8167 11.6829 5.8
      vertex 10.7855 11.8401 8.8
      vertex 10.7855 11.8401 5.8
    endloop
  endfacet
  facet normal -0.980868 -0.194676 0
    outer loop
      vertex 10.7855 11.8401 8.8
      vertex 10.8167 11.6829 5.8
      vertex 10.8167 11.6829 8.8
    endloop
  endfacet
  facet normal -0.442464 -0.896786 0
    outer loop
      vertex 11.3875 10.9391 5.8
      vertex 11.5312 10.8682 8.8
      vertex 11.3875 10.9391 8.8
    endloop
  endfacet
  facet normal -0.442464 -0.896786 -0
    outer loop
      vertex 11.5312 10.8682 8.8
      vertex 11.3875 10.9391 5.8
      vertex 11.5312 10.8682 5.8
    endloop
  endfacet
  facet normal 0.194676 -0.980868 0
    outer loop
      vertex 12.1599 10.7855 5.8
      vertex 12.3171 10.8167 8.8
      vertex 12.1599 10.7855 8.8
    endloop
  endfacet
  facet normal 0.194676 -0.980868 0
    outer loop
      vertex 12.3171 10.8167 8.8
      vertex 12.1599 10.7855 5.8
      vertex 12.3171 10.8167 5.8
    endloop
  endfacet
  facet normal 0.751765 -0.659432 0
    outer loop
      vertex 12.8662 11.1338 8.8
      vertex 12.9719 11.2543 5.8
      vertex 12.9719 11.2543 8.8
    endloop
  endfacet
  facet normal 0.751765 -0.659432 0
    outer loop
      vertex 12.9719 11.2543 5.8
      vertex 12.8662 11.1338 8.8
      vertex 12.8662 11.1338 5.8
    endloop
  endfacet
  facet normal -0.659432 -0.751765 0
    outer loop
      vertex 11.1338 11.1338 5.8
      vertex 11.2543 11.0281 8.8
      vertex 11.1338 11.1338 8.8
    endloop
  endfacet
  facet normal -0.659432 -0.751765 -0
    outer loop
      vertex 11.2543 11.0281 8.8
      vertex 11.1338 11.1338 5.8
      vertex 11.2543 11.0281 5.8
    endloop
  endfacet
  facet normal -0.659432 0.751765 0
    outer loop
      vertex 11.2543 12.9719 5.8
      vertex 11.1338 12.8662 8.8
      vertex 11.2543 12.9719 8.8
    endloop
  endfacet
  facet normal -0.659432 0.751765 0
    outer loop
      vertex 11.1338 12.8662 8.8
      vertex 11.2543 12.9719 5.8
      vertex 11.1338 12.8662 5.8
    endloop
  endfacet
  facet normal 0.980868 -0.194676 0
    outer loop
      vertex 13.1833 11.6829 8.8
      vertex 13.2145 11.8401 5.8
      vertex 13.2145 11.8401 8.8
    endloop
  endfacet
  facet normal 0.980868 -0.194676 0
    outer loop
      vertex 13.2145 11.8401 5.8
      vertex 13.1833 11.6829 8.8
      vertex 13.1833 11.6829 5.8
    endloop
  endfacet
  facet normal -0.831474 -0.555564 0
    outer loop
      vertex 11.0281 11.2543 5.8
      vertex 10.9391 11.3875 8.8
      vertex 10.9391 11.3875 5.8
    endloop
  endfacet
  facet normal -0.831474 -0.555564 0
    outer loop
      vertex 10.9391 11.3875 8.8
      vertex 11.0281 11.2543 5.8
      vertex 11.0281 11.2543 8.8
    endloop
  endfacet
  facet normal 0.997851 -0.0655249 0
    outer loop
      vertex 13.2145 11.8401 8.8
      vertex 13.225 12 5.8
      vertex 13.225 12 8.8
    endloop
  endfacet
  facet normal 0.997851 -0.0655249 0
    outer loop
      vertex 13.225 12 5.8
      vertex 13.2145 11.8401 8.8
      vertex 13.2145 11.8401 5.8
    endloop
  endfacet
  facet normal 0.321466 -0.946921 0
    outer loop
      vertex 12.3171 10.8167 5.8
      vertex 12.4688 10.8682 8.8
      vertex 12.3171 10.8167 8.8
    endloop
  endfacet
  facet normal 0.321466 -0.946921 0
    outer loop
      vertex 12.4688 10.8682 8.8
      vertex 12.3171 10.8167 5.8
      vertex 12.4688 10.8682 5.8
    endloop
  endfacet
  facet normal 0.442464 -0.896786 0
    outer loop
      vertex 12.4688 10.8682 5.8
      vertex 12.6125 10.9391 8.8
      vertex 12.4688 10.8682 8.8
    endloop
  endfacet
  facet normal 0.442464 -0.896786 0
    outer loop
      vertex 12.6125 10.9391 8.8
      vertex 12.4688 10.8682 5.8
      vertex 12.6125 10.9391 5.8
    endloop
  endfacet
  facet normal 0.896786 0.442464 0
    outer loop
      vertex 13.1318 12.4688 8.8
      vertex 13.0609 12.6125 5.8
      vertex 13.0609 12.6125 8.8
    endloop
  endfacet
  facet normal 0.896786 0.442464 0
    outer loop
      vertex 13.0609 12.6125 5.8
      vertex 13.1318 12.4688 8.8
      vertex 13.1318 12.4688 5.8
    endloop
  endfacet
  facet normal 0.442464 0.896786 -0
    outer loop
      vertex 12.6125 13.0609 5.8
      vertex 12.4688 13.1318 8.8
      vertex 12.6125 13.0609 8.8
    endloop
  endfacet
  facet normal 0.442464 0.896786 0
    outer loop
      vertex 12.4688 13.1318 8.8
      vertex 12.6125 13.0609 5.8
      vertex 12.4688 13.1318 5.8
    endloop
  endfacet
  facet normal -0.555564 0.831474 0
    outer loop
      vertex 11.3875 13.0609 5.8
      vertex 11.2543 12.9719 8.8
      vertex 11.3875 13.0609 8.8
    endloop
  endfacet
  facet normal -0.555564 0.831474 0
    outer loop
      vertex 11.2543 12.9719 8.8
      vertex 11.3875 13.0609 5.8
      vertex 11.2543 12.9719 5.8
    endloop
  endfacet
  facet normal 0.194676 0.980868 -0
    outer loop
      vertex 12.3171 13.1833 5.8
      vertex 12.1599 13.2145 8.8
      vertex 12.3171 13.1833 8.8
    endloop
  endfacet
  facet normal 0.194676 0.980868 0
    outer loop
      vertex 12.1599 13.2145 8.8
      vertex 12.3171 13.1833 5.8
      vertex 12.1599 13.2145 5.8
    endloop
  endfacet
  facet normal -0.831474 0.555564 0
    outer loop
      vertex 10.9391 12.6125 5.8
      vertex 11.0281 12.7457 8.8
      vertex 11.0281 12.7457 5.8
    endloop
  endfacet
  facet normal -0.831474 0.555564 0
    outer loop
      vertex 11.0281 12.7457 8.8
      vertex 10.9391 12.6125 5.8
      vertex 10.9391 12.6125 8.8
    endloop
  endfacet
  facet normal -0.321466 0.946921 0
    outer loop
      vertex 11.6829 13.1833 5.8
      vertex 11.5312 13.1318 8.8
      vertex 11.6829 13.1833 8.8
    endloop
  endfacet
  facet normal -0.321466 0.946921 0
    outer loop
      vertex 11.5312 13.1318 8.8
      vertex 11.6829 13.1833 5.8
      vertex 11.5312 13.1318 5.8
    endloop
  endfacet
  facet normal -0.194676 0.980868 0
    outer loop
      vertex 11.8401 13.2145 5.8
      vertex 11.6829 13.1833 8.8
      vertex 11.8401 13.2145 8.8
    endloop
  endfacet
  facet normal -0.194676 0.980868 0
    outer loop
      vertex 11.6829 13.1833 8.8
      vertex 11.8401 13.2145 5.8
      vertex 11.6829 13.1833 5.8
    endloop
  endfacet
  facet normal -0.946921 -0.321466 0
    outer loop
      vertex 10.8682 11.5312 5.8
      vertex 10.8167 11.6829 8.8
      vertex 10.8167 11.6829 5.8
    endloop
  endfacet
  facet normal -0.946921 -0.321466 0
    outer loop
      vertex 10.8167 11.6829 8.8
      vertex 10.8682 11.5312 5.8
      vertex 10.8682 11.5312 8.8
    endloop
  endfacet
  facet normal 0.0655249 -0.997851 0
    outer loop
      vertex 12 10.775 5.8
      vertex 12.1599 10.7855 8.8
      vertex 12 10.775 8.8
    endloop
  endfacet
  facet normal 0.0655249 -0.997851 0
    outer loop
      vertex 12.1599 10.7855 8.8
      vertex 12 10.775 5.8
      vertex 12.1599 10.7855 5.8
    endloop
  endfacet
  facet normal -0.0655249 0.997851 0
    outer loop
      vertex 12 13.225 5.8
      vertex 11.8401 13.2145 8.8
      vertex 12 13.225 8.8
    endloop
  endfacet
  facet normal -0.0655249 0.997851 0
    outer loop
      vertex 11.8401 13.2145 8.8
      vertex 12 13.225 5.8
      vertex 11.8401 13.2145 5.8
    endloop
  endfacet
  facet normal -0.751765 -0.659432 0
    outer loop
      vertex 11.1338 11.1338 5.8
      vertex 11.0281 11.2543 8.8
      vertex 11.0281 11.2543 5.8
    endloop
  endfacet
  facet normal -0.751765 -0.659432 0
    outer loop
      vertex 11.0281 11.2543 8.8
      vertex 11.1338 11.1338 5.8
      vertex 11.1338 11.1338 8.8
    endloop
  endfacet
  facet normal 0.0655249 0.997851 -0
    outer loop
      vertex 12.1599 13.2145 5.8
      vertex 12 13.225 8.8
      vertex 12.1599 13.2145 8.8
    endloop
  endfacet
  facet normal 0.0655249 0.997851 0
    outer loop
      vertex 12 13.225 8.8
      vertex 12.1599 13.2145 5.8
      vertex 12 13.225 5.8
    endloop
  endfacet
  facet normal -0.980868 0.194676 0
    outer loop
      vertex 10.7855 12.1599 5.8
      vertex 10.8167 12.3171 8.8
      vertex 10.8167 12.3171 5.8
    endloop
  endfacet
  facet normal -0.980868 0.194676 0
    outer loop
      vertex 10.8167 12.3171 8.8
      vertex 10.7855 12.1599 5.8
      vertex 10.7855 12.1599 8.8
    endloop
  endfacet
  facet normal -0.946921 0.321466 0
    outer loop
      vertex 10.8167 12.3171 5.8
      vertex 10.8682 12.4688 8.8
      vertex 10.8682 12.4688 5.8
    endloop
  endfacet
  facet normal -0.946921 0.321466 0
    outer loop
      vertex 10.8682 12.4688 8.8
      vertex 10.8167 12.3171 5.8
      vertex 10.8167 12.3171 8.8
    endloop
  endfacet
  facet normal -0.194676 -0.980868 0
    outer loop
      vertex 11.6829 10.8167 5.8
      vertex 11.8401 10.7855 8.8
      vertex 11.6829 10.8167 8.8
    endloop
  endfacet
  facet normal -0.194676 -0.980868 -0
    outer loop
      vertex 11.8401 10.7855 8.8
      vertex 11.6829 10.8167 5.8
      vertex 11.8401 10.7855 5.8
    endloop
  endfacet
  facet normal -0.896786 0.442464 0
    outer loop
      vertex 10.8682 12.4688 5.8
      vertex 10.9391 12.6125 8.8
      vertex 10.9391 12.6125 5.8
    endloop
  endfacet
  facet normal -0.896786 0.442464 0
    outer loop
      vertex 10.9391 12.6125 8.8
      vertex 10.8682 12.4688 5.8
      vertex 10.8682 12.4688 8.8
    endloop
  endfacet
  facet normal 0.751765 0.659432 0
    outer loop
      vertex 12.9719 12.7457 8.8
      vertex 12.8662 12.8662 5.8
      vertex 12.8662 12.8662 8.8
    endloop
  endfacet
  facet normal 0.751765 0.659432 0
    outer loop
      vertex 12.8662 12.8662 5.8
      vertex 12.9719 12.7457 8.8
      vertex 12.9719 12.7457 5.8
    endloop
  endfacet
  facet normal 0.555564 -0.831474 0
    outer loop
      vertex 12.6125 10.9391 5.8
      vertex 12.7457 11.0281 8.8
      vertex 12.6125 10.9391 8.8
    endloop
  endfacet
  facet normal 0.555564 -0.831474 0
    outer loop
      vertex 12.7457 11.0281 8.8
      vertex 12.6125 10.9391 5.8
      vertex 12.7457 11.0281 5.8
    endloop
  endfacet
  facet normal 0.946921 0.321466 0
    outer loop
      vertex 13.1833 12.3171 8.8
      vertex 13.1318 12.4688 5.8
      vertex 13.1318 12.4688 8.8
    endloop
  endfacet
  facet normal 0.946921 0.321466 0
    outer loop
      vertex 13.1318 12.4688 5.8
      vertex 13.1833 12.3171 8.8
      vertex 13.1833 12.3171 5.8
    endloop
  endfacet
  facet normal -0.751765 0.659432 0
    outer loop
      vertex 11.0281 12.7457 5.8
      vertex 11.1338 12.8662 8.8
      vertex 11.1338 12.8662 5.8
    endloop
  endfacet
  facet normal -0.751765 0.659432 0
    outer loop
      vertex 11.1338 12.8662 8.8
      vertex 11.0281 12.7457 5.8
      vertex 11.0281 12.7457 8.8
    endloop
  endfacet
  facet normal -0.896786 -0.442464 0
    outer loop
      vertex 10.9391 11.3875 5.8
      vertex 10.8682 11.5312 8.8
      vertex 10.8682 11.5312 5.8
    endloop
  endfacet
  facet normal -0.896786 -0.442464 0
    outer loop
      vertex 10.8682 11.5312 8.8
      vertex 10.9391 11.3875 5.8
      vertex 10.9391 11.3875 8.8
    endloop
  endfacet
  facet normal -0.442464 0.896786 0
    outer loop
      vertex 11.5312 13.1318 5.8
      vertex 11.3875 13.0609 8.8
      vertex 11.5312 13.1318 8.8
    endloop
  endfacet
  facet normal -0.442464 0.896786 0
    outer loop
      vertex 11.3875 13.0609 8.8
      vertex 11.5312 13.1318 5.8
      vertex 11.3875 13.0609 5.8
    endloop
  endfacet
  facet normal -0.997851 -0.0655249 0
    outer loop
      vertex 10.7855 11.8401 5.8
      vertex 10.775 12 8.8
      vertex 10.775 12 5.8
    endloop
  endfacet
  facet normal -0.997851 -0.0655249 0
    outer loop
      vertex 10.775 12 8.8
      vertex 10.7855 11.8401 5.8
      vertex 10.7855 11.8401 8.8
    endloop
  endfacet
  facet normal -0.0655249 -0.997851 0
    outer loop
      vertex 11.8401 10.7855 5.8
      vertex 12 10.775 8.8
      vertex 11.8401 10.7855 8.8
    endloop
  endfacet
  facet normal -0.0655249 -0.997851 -0
    outer loop
      vertex 12 10.775 8.8
      vertex 11.8401 10.7855 5.8
      vertex 12 10.775 5.8
    endloop
  endfacet
  facet normal 0.471169 0.705672 0.529175
    outer loop
      vertex 12.7457 12.9719 8.8
      vertex 12.3 12.5196 9.8
      vertex 12.3653 12.476 9.8
    endloop
  endfacet
  facet normal 0.165367 0.83224 0.529179
    outer loop
      vertex 12.3171 13.1833 8.8
      vertex 12.0783 12.5949 9.8
      vertex 12.1553 12.5796 9.8
    endloop
  endfacet
  facet normal 0.846708 0.0551495 0.529192
    outer loop
      vertex 13.225 12 8.8
      vertex 12.5949 12.0783 9.8
      vertex 12.6 12 9.8
    endloop
  endfacet
  facet normal 0.846702 0.0555996 0.529154
    outer loop
      vertex 13.2145 12.1599 8.8
      vertex 12.5949 12.0783 9.8
      vertex 13.225 12 8.8
    endloop
  endfacet
  facet normal -0.705503 -0.471395 0.5292
    outer loop
      vertex 11.4804 11.7 9.8
      vertex 10.9391 11.3875 8.8
      vertex 11.0281 11.2543 8.8
    endloop
  endfacet
  facet normal -0.761049 0.375119 0.529235
    outer loop
      vertex 11.4804 12.3 9.8
      vertex 10.8682 12.4688 8.8
      vertex 11.4457 12.2296 9.8
    endloop
  endfacet
  facet normal -0.559547 0.637894 0.529149
    outer loop
      vertex 11.2543 12.9719 8.8
      vertex 11.1338 12.8662 8.8
      vertex 11.5757 12.4243 9.8
    endloop
  endfacet
  facet normal 0.375428 0.760917 0.529206
    outer loop
      vertex 12.4688 13.1318 8.8
      vertex 12.3 12.5196 9.8
      vertex 12.6125 13.0609 8.8
    endloop
  endfacet
  facet normal -0.471395 -0.705503 0.5292
    outer loop
      vertex 11.7 11.4804 9.8
      vertex 11.2543 11.0281 8.8
      vertex 11.3875 10.9391 8.8
    endloop
  endfacet
  facet normal 0.0555996 -0.846702 0.529154
    outer loop
      vertex 12.0783 11.4051 9.8
      vertex 12 10.775 8.8
      vertex 12.1599 10.7855 8.8
    endloop
  endfacet
  facet normal -0.637894 -0.559547 0.529149
    outer loop
      vertex 11.5757 11.5757 9.8
      vertex 11.0281 11.2543 8.8
      vertex 11.1338 11.1338 8.8
    endloop
  endfacet
  facet normal 0 0 1
    outer loop
      vertex 12.5949 12.0783 9.8
      vertex 12.5949 11.9217 9.8
      vertex 12.6 12 9.8
    endloop
  endfacet
  facet normal 0 0 1
    outer loop
      vertex 12.5796 12.1553 9.8
      vertex 12.5949 11.9217 9.8
      vertex 12.5949 12.0783 9.8
    endloop
  endfacet
  facet normal 0 0 1
    outer loop
      vertex 12.5796 12.1553 9.8
      vertex 12.5796 11.8447 9.8
      vertex 12.5949 11.9217 9.8
    endloop
  endfacet
  facet normal 0 0 1
    outer loop
      vertex 12.5543 12.2296 9.8
      vertex 12.5796 11.8447 9.8
      vertex 12.5796 12.1553 9.8
    endloop
  endfacet
  facet normal 0 0 1
    outer loop
      vertex 12.5543 12.2296 9.8
      vertex 12.5543 11.7704 9.8
      vertex 12.5796 11.8447 9.8
    endloop
  endfacet
  facet normal 0 0 1
    outer loop
      vertex 12.5196 12.3 9.8
      vertex 12.5543 11.7704 9.8
      vertex 12.5543 12.2296 9.8
    endloop
  endfacet
  facet normal 0 0 1
    outer loop
      vertex 12.5196 12.3 9.8
      vertex 12.5196 11.7 9.8
      vertex 12.5543 11.7704 9.8
    endloop
  endfacet
  facet normal 0 0 1
    outer loop
      vertex 12.476 12.3653 9.8
      vertex 12.5196 11.7 9.8
      vertex 12.5196 12.3 9.8
    endloop
  endfacet
  facet normal 0 0 1
    outer loop
      vertex 12.476 12.3653 9.8
      vertex 12.476 11.6347 9.8
      vertex 12.5196 11.7 9.8
    endloop
  endfacet
  facet normal 0 0 1
    outer loop
      vertex 12.4243 12.4243 9.8
      vertex 12.476 11.6347 9.8
      vertex 12.476 12.3653 9.8
    endloop
  endfacet
  facet normal 0 0 1
    outer loop
      vertex 12.4243 12.4243 9.8
      vertex 12.4243 11.5757 9.8
      vertex 12.476 11.6347 9.8
    endloop
  endfacet
  facet normal 0 0 1
    outer loop
      vertex 12.3653 12.476 9.8
      vertex 12.4243 11.5757 9.8
      vertex 12.4243 12.4243 9.8
    endloop
  endfacet
  facet normal 0 0 1
    outer loop
      vertex 12.3653 12.476 9.8
      vertex 12.3653 11.524 9.8
      vertex 12.4243 11.5757 9.8
    endloop
  endfacet
  facet normal 0 0 1
    outer loop
      vertex 12.3 12.5196 9.8
      vertex 12.3653 11.524 9.8
      vertex 12.3653 12.476 9.8
    endloop
  endfacet
  facet normal 0 0 1
    outer loop
      vertex 12.3 12.5196 9.8
      vertex 12.3 11.4804 9.8
      vertex 12.3653 11.524 9.8
    endloop
  endfacet
  facet normal 0 0 1
    outer loop
      vertex 12.2296 12.5543 9.8
      vertex 12.3 11.4804 9.8
      vertex 12.3 12.5196 9.8
    endloop
  endfacet
  facet normal 0 0 1
    outer loop
      vertex 12.2296 12.5543 9.8
      vertex 12.2296 11.4457 9.8
      vertex 12.3 11.4804 9.8
    endloop
  endfacet
  facet normal 0 0 1
    outer loop
      vertex 12.1553 12.5796 9.8
      vertex 12.2296 11.4457 9.8
      vertex 12.2296 12.5543 9.8
    endloop
  endfacet
  facet normal 0 0 1
    outer loop
      vertex 12.1553 12.5796 9.8
      vertex 12.1553 11.4204 9.8
      vertex 12.2296 11.4457 9.8
    endloop
  endfacet
  facet normal 0 0 1
    outer loop
      vertex 12.0783 12.5949 9.8
      vertex 12.1553 11.4204 9.8
      vertex 12.1553 12.5796 9.8
    endloop
  endfacet
  facet normal 0 0 1
    outer loop
      vertex 12.0783 12.5949 9.8
      vertex 12.0783 11.4051 9.8
      vertex 12.1553 11.4204 9.8
    endloop
  endfacet
  facet normal 0 0 1
    outer loop
      vertex 12 12.6 9.8
      vertex 12.0783 11.4051 9.8
      vertex 12.0783 12.5949 9.8
    endloop
  endfacet
  facet normal 0 0 1
    outer loop
      vertex 12 12.6 9.8
      vertex 12 11.4 9.8
      vertex 12.0783 11.4051 9.8
    endloop
  endfacet
  facet normal -0 0 1
    outer loop
      vertex 11.9217 12.5949 9.8
      vertex 12 11.4 9.8
      vertex 12 12.6 9.8
    endloop
  endfacet
  facet normal 0 0 1
    outer loop
      vertex 11.9217 12.5949 9.8
      vertex 11.9217 11.4051 9.8
      vertex 12 11.4 9.8
    endloop
  endfacet
  facet normal -0 0 1
    outer loop
      vertex 11.8447 12.5796 9.8
      vertex 11.9217 11.4051 9.8
      vertex 11.9217 12.5949 9.8
    endloop
  endfacet
  facet normal 0 0 1
    outer loop
      vertex 11.8447 12.5796 9.8
      vertex 11.8447 11.4204 9.8
      vertex 11.9217 11.4051 9.8
    endloop
  endfacet
  facet normal -0 0 1
    outer loop
      vertex 11.7704 12.5543 9.8
      vertex 11.8447 11.4204 9.8
      vertex 11.8447 12.5796 9.8
    endloop
  endfacet
  facet normal 0 0 1
    outer loop
      vertex 11.7704 12.5543 9.8
      vertex 11.7704 11.4457 9.8
      vertex 11.8447 11.4204 9.8
    endloop
  endfacet
  facet normal -0 0 1
    outer loop
      vertex 11.7 12.5196 9.8
      vertex 11.7704 11.4457 9.8
      vertex 11.7704 12.5543 9.8
    endloop
  endfacet
  facet normal 0 0 1
    outer loop
      vertex 11.7 12.5196 9.8
      vertex 11.7 11.4804 9.8
      vertex 11.7704 11.4457 9.8
    endloop
  endfacet
  facet normal -0 0 1
    outer loop
      vertex 11.6347 12.476 9.8
      vertex 11.7 11.4804 9.8
      vertex 11.7 12.5196 9.8
    endloop
  endfacet
  facet normal 0 0 1
    outer loop
      vertex 11.6347 12.476 9.8
      vertex 11.6347 11.524 9.8
      vertex 11.7 11.4804 9.8
    endloop
  endfacet
  facet normal -0 0 1
    outer loop
      vertex 11.5757 12.4243 9.8
      vertex 11.6347 11.524 9.8
      vertex 11.6347 12.476 9.8
    endloop
  endfacet
  facet normal 0 0 1
    outer loop
      vertex 11.5757 12.4243 9.8
      vertex 11.5757 11.5757 9.8
      vertex 11.6347 11.524 9.8
    endloop
  endfacet
  facet normal -0 0 1
    outer loop
      vertex 11.524 12.3653 9.8
      vertex 11.5757 11.5757 9.8
      vertex 11.5757 12.4243 9.8
    endloop
  endfacet
  facet normal 0 0 1
    outer loop
      vertex 11.524 12.3653 9.8
      vertex 11.524 11.6347 9.8
      vertex 11.5757 11.5757 9.8
    endloop
  endfacet
  facet normal -0 0 1
    outer loop
      vertex 11.4804 12.3 9.8
      vertex 11.524 11.6347 9.8
      vertex 11.524 12.3653 9.8
    endloop
  endfacet
  facet normal 0 0 1
    outer loop
      vertex 11.4804 12.3 9.8
      vertex 11.4804 11.7 9.8
      vertex 11.524 11.6347 9.8
    endloop
  endfacet
  facet normal -0 0 1
    outer loop
      vertex 11.4457 12.2296 9.8
      vertex 11.4804 11.7 9.8
      vertex 11.4804 12.3 9.8
    endloop
  endfacet
  facet normal 0 0 1
    outer loop
      vertex 11.4457 12.2296 9.8
      vertex 11.4457 11.7704 9.8
      vertex 11.4804 11.7 9.8
    endloop
  endfacet
  facet normal -0 0 1
    outer loop
      vertex 11.4204 12.1553 9.8
      vertex 11.4457 11.7704 9.8
      vertex 11.4457 12.2296 9.8
    endloop
  endfacet
  facet normal 0 0 1
    outer loop
      vertex 11.4204 12.1553 9.8
      vertex 11.4204 11.8447 9.8
      vertex 11.4457 11.7704 9.8
    endloop
  endfacet
  facet normal -0 0 1
    outer loop
      vertex 11.4051 12.0783 9.8
      vertex 11.4204 11.8447 9.8
      vertex 11.4204 12.1553 9.8
    endloop
  endfacet
  facet normal 0 0 1
    outer loop
      vertex 11.4051 12.0783 9.8
      vertex 11.4051 11.9217 9.8
      vertex 11.4204 11.8447 9.8
    endloop
  endfacet
  facet normal 0 -0 1
    outer loop
      vertex 11.4051 11.9217 9.8
      vertex 11.4051 12.0783 9.8
      vertex 11.4 12 9.8
    endloop
  endfacet
  facet normal 0.471169 -0.705672 0.529175
    outer loop
      vertex 12.3653 11.524 9.8
      vertex 12.3 11.4804 9.8
      vertex 12.7457 11.0281 8.8
    endloop
  endfacet
  facet normal -0.832286 -0.165186 0.529163
    outer loop
      vertex 11.4051 11.9217 9.8
      vertex 10.7855 11.8401 8.8
      vertex 10.8167 11.6829 8.8
    endloop
  endfacet
  facet normal -0.846702 0.0555996 0.529154
    outer loop
      vertex 10.7855 12.1599 8.8
      vertex 10.775 12 8.8
      vertex 11.4051 12.0783 9.8
    endloop
  endfacet
  facet normal 0.375119 -0.761049 0.529235
    outer loop
      vertex 12.3 11.4804 9.8
      vertex 12.2296 11.4457 9.8
      vertex 12.4688 10.8682 8.8
    endloop
  endfacet
  facet normal -0.165367 0.83224 0.529179
    outer loop
      vertex 11.9217 12.5949 9.8
      vertex 11.6829 13.1833 8.8
      vertex 11.8447 12.5796 9.8
    endloop
  endfacet
  facet normal 0.0555996 0.846702 0.529154
    outer loop
      vertex 12.1599 13.2145 8.8
      vertex 12 13.225 8.8
      vertex 12.0783 12.5949 9.8
    endloop
  endfacet
  facet normal -0.846708 0.0551495 0.529192
    outer loop
      vertex 11.4051 12.0783 9.8
      vertex 10.775 12 8.8
      vertex 11.4 12 9.8
    endloop
  endfacet
  facet normal 0.83224 0.165367 0.529179
    outer loop
      vertex 13.1833 12.3171 8.8
      vertex 12.5796 12.1553 9.8
      vertex 12.5949 12.0783 9.8
    endloop
  endfacet
  facet normal 0.761049 -0.375119 0.529235
    outer loop
      vertex 12.5543 11.7704 9.8
      vertex 12.5196 11.7 9.8
      vertex 13.1318 11.5312 8.8
    endloop
  endfacet
  facet normal 0.832286 -0.165186 0.529163
    outer loop
      vertex 13.2145 11.8401 8.8
      vertex 12.5949 11.9217 9.8
      vertex 13.1833 11.6829 8.8
    endloop
  endfacet
  facet normal -0.559547 -0.637894 0.529149
    outer loop
      vertex 11.5757 11.5757 9.8
      vertex 11.1338 11.1338 8.8
      vertex 11.2543 11.0281 8.8
    endloop
  endfacet
  facet normal 0.273509 0.80323 0.529164
    outer loop
      vertex 12.3171 13.1833 8.8
      vertex 12.1553 12.5796 9.8
      vertex 12.2296 12.5543 9.8
    endloop
  endfacet
  facet normal 0.559547 0.637894 0.529149
    outer loop
      vertex 12.7457 12.9719 8.8
      vertex 12.4243 12.4243 9.8
      vertex 12.8662 12.8662 8.8
    endloop
  endfacet
  facet normal -0.0555996 0.846702 0.529154
    outer loop
      vertex 12 13.225 8.8
      vertex 11.8401 13.2145 8.8
      vertex 11.9217 12.5949 9.8
    endloop
  endfacet
  facet normal 0.375428 -0.760917 0.529206
    outer loop
      vertex 12.6125 10.9391 8.8
      vertex 12.3 11.4804 9.8
      vertex 12.4688 10.8682 8.8
    endloop
  endfacet
  facet normal -0.760917 -0.375428 0.529206
    outer loop
      vertex 11.4804 11.7 9.8
      vertex 10.8682 11.5312 8.8
      vertex 10.9391 11.3875 8.8
    endloop
  endfacet
  facet normal 0.832286 0.165186 0.529163
    outer loop
      vertex 13.1833 12.3171 8.8
      vertex 12.5949 12.0783 9.8
      vertex 13.2145 12.1599 8.8
    endloop
  endfacet
  facet normal 0.637894 -0.559547 0.529149
    outer loop
      vertex 12.9719 11.2543 8.8
      vertex 12.4243 11.5757 9.8
      vertex 12.8662 11.1338 8.8
    endloop
  endfacet
  facet normal 0.705503 0.471395 0.5292
    outer loop
      vertex 12.9719 12.7457 8.8
      vertex 12.5196 12.3 9.8
      vertex 13.0609 12.6125 8.8
    endloop
  endfacet
  facet normal 0.705503 -0.471395 0.5292
    outer loop
      vertex 13.0609 11.3875 8.8
      vertex 12.5196 11.7 9.8
      vertex 12.9719 11.2543 8.8
    endloop
  endfacet
  facet normal 0.638163 0.559204 0.529186
    outer loop
      vertex 12.9719 12.7457 8.8
      vertex 12.4243 12.4243 9.8
      vertex 12.476 12.3653 9.8
    endloop
  endfacet
  facet normal -0.846702 -0.0555996 0.529154
    outer loop
      vertex 11.4051 11.9217 9.8
      vertex 10.775 12 8.8
      vertex 10.7855 11.8401 8.8
    endloop
  endfacet
  facet normal 0.761049 0.375119 0.529235
    outer loop
      vertex 13.1318 12.4688 8.8
      vertex 12.5196 12.3 9.8
      vertex 12.5543 12.2296 9.8
    endloop
  endfacet
  facet normal -0.273509 0.80323 0.529164
    outer loop
      vertex 11.8447 12.5796 9.8
      vertex 11.6829 13.1833 8.8
      vertex 11.7704 12.5543 9.8
    endloop
  endfacet
  facet normal -0.637894 0.559547 0.529149
    outer loop
      vertex 11.1338 12.8662 8.8
      vertex 11.0281 12.7457 8.8
      vertex 11.5757 12.4243 9.8
    endloop
  endfacet
  facet normal 0.272757 0.803441 0.529231
    outer loop
      vertex 12.3171 13.1833 8.8
      vertex 12.2296 12.5543 9.8
      vertex 12.4688 13.1318 8.8
    endloop
  endfacet
  facet normal -0.761049 -0.375119 0.529235
    outer loop
      vertex 11.4457 11.7704 9.8
      vertex 10.8682 11.5312 8.8
      vertex 11.4804 11.7 9.8
    endloop
  endfacet
  facet normal -0.638163 -0.559204 0.529186
    outer loop
      vertex 11.524 11.6347 9.8
      vertex 11.0281 11.2543 8.8
      vertex 11.5757 11.5757 9.8
    endloop
  endfacet
  facet normal -0.83224 -0.165367 0.529179
    outer loop
      vertex 11.4051 11.9217 9.8
      vertex 10.8167 11.6829 8.8
      vertex 11.4204 11.8447 9.8
    endloop
  endfacet
  facet normal 0.80323 0.273509 0.529164
    outer loop
      vertex 13.1833 12.3171 8.8
      vertex 12.5543 12.2296 9.8
      vertex 12.5796 12.1553 9.8
    endloop
  endfacet
  facet normal 0.0551495 -0.846708 0.529192
    outer loop
      vertex 12 11.4 9.8
      vertex 12 10.775 8.8
      vertex 12.0783 11.4051 9.8
    endloop
  endfacet
  facet normal 0.375119 0.761049 0.529235
    outer loop
      vertex 12.4688 13.1318 8.8
      vertex 12.2296 12.5543 9.8
      vertex 12.3 12.5196 9.8
    endloop
  endfacet
  facet normal 0.803441 -0.272757 0.529231
    outer loop
      vertex 13.1833 11.6829 8.8
      vertex 12.5543 11.7704 9.8
      vertex 13.1318 11.5312 8.8
    endloop
  endfacet
  facet normal -0.375119 0.761049 0.529235
    outer loop
      vertex 11.7704 12.5543 9.8
      vertex 11.5312 13.1318 8.8
      vertex 11.7 12.5196 9.8
    endloop
  endfacet
  facet normal -0.803441 -0.272757 0.529231
    outer loop
      vertex 11.4457 11.7704 9.8
      vertex 10.8167 11.6829 8.8
      vertex 10.8682 11.5312 8.8
    endloop
  endfacet
  facet normal 0.80323 -0.273509 0.529164
    outer loop
      vertex 12.5796 11.8447 9.8
      vertex 12.5543 11.7704 9.8
      vertex 13.1833 11.6829 8.8
    endloop
  endfacet
  facet normal -0.375119 -0.761049 0.529235
    outer loop
      vertex 11.7 11.4804 9.8
      vertex 11.5312 10.8682 8.8
      vertex 11.7704 11.4457 9.8
    endloop
  endfacet
  facet normal 0.637894 0.559547 0.529149
    outer loop
      vertex 12.8662 12.8662 8.8
      vertex 12.4243 12.4243 9.8
      vertex 12.9719 12.7457 8.8
    endloop
  endfacet
  facet normal -0.80323 -0.273509 0.529164
    outer loop
      vertex 11.4204 11.8447 9.8
      vertex 10.8167 11.6829 8.8
      vertex 11.4457 11.7704 9.8
    endloop
  endfacet
  facet normal -0.272757 -0.803441 0.529231
    outer loop
      vertex 11.7704 11.4457 9.8
      vertex 11.5312 10.8682 8.8
      vertex 11.6829 10.8167 8.8
    endloop
  endfacet
  facet normal -0.832286 0.165186 0.529163
    outer loop
      vertex 10.8167 12.3171 8.8
      vertex 10.7855 12.1599 8.8
      vertex 11.4051 12.0783 9.8
    endloop
  endfacet
  facet normal -0.0551495 -0.846708 0.529192
    outer loop
      vertex 12 11.4 9.8
      vertex 11.9217 11.4051 9.8
      vertex 12 10.775 8.8
    endloop
  endfacet
  facet normal 0.165367 -0.83224 0.529179
    outer loop
      vertex 12.1553 11.4204 9.8
      vertex 12.0783 11.4051 9.8
      vertex 12.3171 10.8167 8.8
    endloop
  endfacet
  facet normal 0.559547 -0.637894 0.529149
    outer loop
      vertex 12.8662 11.1338 8.8
      vertex 12.4243 11.5757 9.8
      vertex 12.7457 11.0281 8.8
    endloop
  endfacet
  facet normal -0.846708 -0.0551495 0.529192
    outer loop
      vertex 11.4 12 9.8
      vertex 10.775 12 8.8
      vertex 11.4051 11.9217 9.8
    endloop
  endfacet
  facet normal 0.760917 -0.375428 0.529206
    outer loop
      vertex 13.1318 11.5312 8.8
      vertex 12.5196 11.7 9.8
      vertex 13.0609 11.3875 8.8
    endloop
  endfacet
  facet normal 0.165186 0.832286 0.529163
    outer loop
      vertex 12.1599 13.2145 8.8
      vertex 12.0783 12.5949 9.8
      vertex 12.3171 13.1833 8.8
    endloop
  endfacet
  facet normal 0.471395 -0.705503 0.5292
    outer loop
      vertex 12.7457 11.0281 8.8
      vertex 12.3 11.4804 9.8
      vertex 12.6125 10.9391 8.8
    endloop
  endfacet
  facet normal -0.471169 -0.705672 0.529175
    outer loop
      vertex 11.6347 11.524 9.8
      vertex 11.2543 11.0281 8.8
      vertex 11.7 11.4804 9.8
    endloop
  endfacet
  facet normal 0.846702 -0.0555996 0.529154
    outer loop
      vertex 13.225 12 8.8
      vertex 12.5949 11.9217 9.8
      vertex 13.2145 11.8401 8.8
    endloop
  endfacet
  facet normal 0.846708 -0.0551495 0.529192
    outer loop
      vertex 12.6 12 9.8
      vertex 12.5949 11.9217 9.8
      vertex 13.225 12 8.8
    endloop
  endfacet
  facet normal 0.705672 0.471169 0.529175
    outer loop
      vertex 12.9719 12.7457 8.8
      vertex 12.476 12.3653 9.8
      vertex 12.5196 12.3 9.8
    endloop
  endfacet
  facet normal 0.471395 0.705503 0.5292
    outer loop
      vertex 12.6125 13.0609 8.8
      vertex 12.3 12.5196 9.8
      vertex 12.7457 12.9719 8.8
    endloop
  endfacet
  facet normal -0.165186 -0.832286 0.529163
    outer loop
      vertex 11.9217 11.4051 9.8
      vertex 11.6829 10.8167 8.8
      vertex 11.8401 10.7855 8.8
    endloop
  endfacet
  facet normal 0.760917 0.375428 0.529206
    outer loop
      vertex 13.0609 12.6125 8.8
      vertex 12.5196 12.3 9.8
      vertex 13.1318 12.4688 8.8
    endloop
  endfacet
  facet normal 0.559204 0.638163 0.529186
    outer loop
      vertex 12.7457 12.9719 8.8
      vertex 12.3653 12.476 9.8
      vertex 12.4243 12.4243 9.8
    endloop
  endfacet
  facet normal -0.705672 -0.471169 0.529175
    outer loop
      vertex 11.4804 11.7 9.8
      vertex 11.0281 11.2543 8.8
      vertex 11.524 11.6347 9.8
    endloop
  endfacet
  facet normal 0.803441 0.272757 0.529231
    outer loop
      vertex 13.1318 12.4688 8.8
      vertex 12.5543 12.2296 9.8
      vertex 13.1833 12.3171 8.8
    endloop
  endfacet
  facet normal -0.272757 0.803441 0.529231
    outer loop
      vertex 11.6829 13.1833 8.8
      vertex 11.5312 13.1318 8.8
      vertex 11.7704 12.5543 9.8
    endloop
  endfacet
  facet normal -0.375428 0.760917 0.529206
    outer loop
      vertex 11.5312 13.1318 8.8
      vertex 11.3875 13.0609 8.8
      vertex 11.7 12.5196 9.8
    endloop
  endfacet
  facet normal -0.705503 0.471395 0.5292
    outer loop
      vertex 11.0281 12.7457 8.8
      vertex 10.9391 12.6125 8.8
      vertex 11.4804 12.3 9.8
    endloop
  endfacet
  facet normal 0.0551495 0.846708 0.529192
    outer loop
      vertex 12 13.225 8.8
      vertex 12 12.6 9.8
      vertex 12.0783 12.5949 9.8
    endloop
  endfacet
  facet normal -0.273509 -0.80323 0.529164
    outer loop
      vertex 11.7704 11.4457 9.8
      vertex 11.6829 10.8167 8.8
      vertex 11.8447 11.4204 9.8
    endloop
  endfacet
  facet normal -0.559204 0.638163 0.529186
    outer loop
      vertex 11.6347 12.476 9.8
      vertex 11.2543 12.9719 8.8
      vertex 11.5757 12.4243 9.8
    endloop
  endfacet
  facet normal -0.165186 0.832286 0.529163
    outer loop
      vertex 11.8401 13.2145 8.8
      vertex 11.6829 13.1833 8.8
      vertex 11.9217 12.5949 9.8
    endloop
  endfacet
  facet normal -0.803441 0.272757 0.529231
    outer loop
      vertex 10.8682 12.4688 8.8
      vertex 10.8167 12.3171 8.8
      vertex 11.4457 12.2296 9.8
    endloop
  endfacet
  facet normal 0.705672 -0.471169 0.529175
    outer loop
      vertex 12.5196 11.7 9.8
      vertex 12.476 11.6347 9.8
      vertex 12.9719 11.2543 8.8
    endloop
  endfacet
  facet normal 0.165186 -0.832286 0.529163
    outer loop
      vertex 12.3171 10.8167 8.8
      vertex 12.0783 11.4051 9.8
      vertex 12.1599 10.7855 8.8
    endloop
  endfacet
  facet normal 0.272757 -0.803441 0.529231
    outer loop
      vertex 12.4688 10.8682 8.8
      vertex 12.2296 11.4457 9.8
      vertex 12.3171 10.8167 8.8
    endloop
  endfacet
  facet normal 0.273509 -0.80323 0.529164
    outer loop
      vertex 12.2296 11.4457 9.8
      vertex 12.1553 11.4204 9.8
      vertex 12.3171 10.8167 8.8
    endloop
  endfacet
  facet normal -0.760917 0.375428 0.529206
    outer loop
      vertex 10.9391 12.6125 8.8
      vertex 10.8682 12.4688 8.8
      vertex 11.4804 12.3 9.8
    endloop
  endfacet
  facet normal 0.638163 -0.559204 0.529186
    outer loop
      vertex 12.476 11.6347 9.8
      vertex 12.4243 11.5757 9.8
      vertex 12.9719 11.2543 8.8
    endloop
  endfacet
  facet normal -0.471395 0.705503 0.5292
    outer loop
      vertex 11.3875 13.0609 8.8
      vertex 11.2543 12.9719 8.8
      vertex 11.7 12.5196 9.8
    endloop
  endfacet
  facet normal 0.559204 -0.638163 0.529186
    outer loop
      vertex 12.4243 11.5757 9.8
      vertex 12.3653 11.524 9.8
      vertex 12.7457 11.0281 8.8
    endloop
  endfacet
  facet normal 0.83224 -0.165367 0.529179
    outer loop
      vertex 12.5949 11.9217 9.8
      vertex 12.5796 11.8447 9.8
      vertex 13.1833 11.6829 8.8
    endloop
  endfacet
  facet normal -0.83224 0.165367 0.529179
    outer loop
      vertex 11.4204 12.1553 9.8
      vertex 10.8167 12.3171 8.8
      vertex 11.4051 12.0783 9.8
    endloop
  endfacet
  facet normal -0.375428 -0.760917 0.529206
    outer loop
      vertex 11.7 11.4804 9.8
      vertex 11.3875 10.9391 8.8
      vertex 11.5312 10.8682 8.8
    endloop
  endfacet
  facet normal -0.471169 0.705672 0.529175
    outer loop
      vertex 11.7 12.5196 9.8
      vertex 11.2543 12.9719 8.8
      vertex 11.6347 12.476 9.8
    endloop
  endfacet
  facet normal -0.0551495 0.846708 0.529192
    outer loop
      vertex 12 13.225 8.8
      vertex 11.9217 12.5949 9.8
      vertex 12 12.6 9.8
    endloop
  endfacet
  facet normal -0.80323 0.273509 0.529164
    outer loop
      vertex 11.4457 12.2296 9.8
      vertex 10.8167 12.3171 8.8
      vertex 11.4204 12.1553 9.8
    endloop
  endfacet
  facet normal -0.705672 0.471169 0.529175
    outer loop
      vertex 11.524 12.3653 9.8
      vertex 11.0281 12.7457 8.8
      vertex 11.4804 12.3 9.8
    endloop
  endfacet
  facet normal -0.638163 0.559204 0.529186
    outer loop
      vertex 11.5757 12.4243 9.8
      vertex 11.0281 12.7457 8.8
      vertex 11.524 12.3653 9.8
    endloop
  endfacet
  facet normal -0.0555996 -0.846702 0.529154
    outer loop
      vertex 11.9217 11.4051 9.8
      vertex 11.8401 10.7855 8.8
      vertex 12 10.775 8.8
    endloop
  endfacet
  facet normal -0.165367 -0.83224 0.529179
    outer loop
      vertex 11.8447 11.4204 9.8
      vertex 11.6829 10.8167 8.8
      vertex 11.9217 11.4051 9.8
    endloop
  endfacet
  facet normal -0.559204 -0.638163 0.529186
    outer loop
      vertex 11.5757 11.5757 9.8
      vertex 11.2543 11.0281 8.8
      vertex 11.6347 11.524 9.8
    endloop
  endfacet
  facet normal 0.980801 0.195013 0
    outer loop
      vertex 25.9829 12.2611 2.8
      vertex 25.9319 12.5176 0
      vertex 25.9319 12.5176 2.8
    endloop
  endfacet
  facet normal 0.980801 0.195013 0
    outer loop
      vertex 25.9319 12.5176 0
      vertex 25.9829 12.2611 2.8
      vertex 25.9829 12.2611 0
    endloop
  endfacet
  facet normal 0.997862 0.0653521 0
    outer loop
      vertex 26 12 2.8
      vertex 25.9829 12.2611 0
      vertex 25.9829 12.2611 2.8
    endloop
  endfacet
  facet normal 0.997862 0.0653521 0
    outer loop
      vertex 25.9829 12.2611 0
      vertex 26 12 2.8
      vertex 26 12 0
    endloop
  endfacet
  facet normal 0.0653521 0.997862 -0
    outer loop
      vertex 24.2611 13.9829 0
      vertex 24 14 2.8
      vertex 24.2611 13.9829 2.8
    endloop
  endfacet
  facet normal 0.0653521 0.997862 0
    outer loop
      vertex 24 14 2.8
      vertex 24.2611 13.9829 0
      vertex 24 14 0
    endloop
  endfacet
  facet normal -0.195013 0.980801 0
    outer loop
      vertex 23.7389 13.9829 0
      vertex 23.4824 13.9319 2.8
      vertex 23.7389 13.9829 2.8
    endloop
  endfacet
  facet normal -0.195013 0.980801 0
    outer loop
      vertex 23.4824 13.9319 2.8
      vertex 23.7389 13.9829 0
      vertex 23.4824 13.9319 0
    endloop
  endfacet
  facet normal 0.555494 -0.831521 0
    outer loop
      vertex 25 10.268 0
      vertex 25.2175 10.4133 2.8
      vertex 25 10.268 2.8
    endloop
  endfacet
  facet normal 0.555494 -0.831521 0
    outer loop
      vertex 25.2175 10.4133 2.8
      vertex 25 10.268 0
      vertex 25.2175 10.4133 0
    endloop
  endfacet
  facet normal -0.896709 0.442621 0
    outer loop
      vertex 22.1522 12.7654 0
      vertex 22.268 13 2.8
      vertex 22.268 13 0
    endloop
  endfacet
  facet normal -0.896709 0.442621 0
    outer loop
      vertex 22.268 13 2.8
      vertex 22.1522 12.7654 0
      vertex 22.1522 12.7654 2.8
    endloop
  endfacet
  facet normal -0.94695 0.321382 0
    outer loop
      vertex 22.0681 12.5176 0
      vertex 22.1522 12.7654 2.8
      vertex 22.1522 12.7654 0
    endloop
  endfacet
  facet normal -0.94695 0.321382 0
    outer loop
      vertex 22.1522 12.7654 2.8
      vertex 22.0681 12.5176 0
      vertex 22.0681 12.5176 2.8
    endloop
  endfacet
  facet normal -0.321382 0.94695 0
    outer loop
      vertex 23.4824 13.9319 0
      vertex 23.2346 13.8478 2.8
      vertex 23.4824 13.9319 2.8
    endloop
  endfacet
  facet normal -0.321382 0.94695 0
    outer loop
      vertex 23.2346 13.8478 2.8
      vertex 23.4824 13.9319 0
      vertex 23.2346 13.8478 0
    endloop
  endfacet
  facet normal 0.997862 -0.0653521 0
    outer loop
      vertex 25.9829 11.7389 2.8
      vertex 26 12 0
      vertex 26 12 2.8
    endloop
  endfacet
  facet normal 0.997862 -0.0653521 0
    outer loop
      vertex 26 12 0
      vertex 25.9829 11.7389 2.8
      vertex 25.9829 11.7389 0
    endloop
  endfacet
  facet normal -0.94695 -0.321382 0
    outer loop
      vertex 22.1522 11.2346 0
      vertex 22.0681 11.4824 2.8
      vertex 22.0681 11.4824 0
    endloop
  endfacet
  facet normal -0.94695 -0.321382 0
    outer loop
      vertex 22.0681 11.4824 2.8
      vertex 22.1522 11.2346 0
      vertex 22.1522 11.2346 2.8
    endloop
  endfacet
  facet normal -0.831521 0.555494 0
    outer loop
      vertex 22.268 13 0
      vertex 22.4133 13.2175 2.8
      vertex 22.4133 13.2175 0
    endloop
  endfacet
  facet normal -0.831521 0.555494 0
    outer loop
      vertex 22.4133 13.2175 2.8
      vertex 22.268 13 0
      vertex 22.268 13 2.8
    endloop
  endfacet
  facet normal -0.980801 0.195013 0
    outer loop
      vertex 22.0171 12.2611 0
      vertex 22.0681 12.5176 2.8
      vertex 22.0681 12.5176 0
    endloop
  endfacet
  facet normal -0.980801 0.195013 0
    outer loop
      vertex 22.0681 12.5176 2.8
      vertex 22.0171 12.2611 0
      vertex 22.0171 12.2611 2.8
    endloop
  endfacet
  facet normal 0.94695 -0.321382 0
    outer loop
      vertex 25.8478 11.2346 2.8
      vertex 25.9319 11.4824 0
      vertex 25.9319 11.4824 2.8
    endloop
  endfacet
  facet normal 0.94695 -0.321382 0
    outer loop
      vertex 25.9319 11.4824 0
      vertex 25.8478 11.2346 2.8
      vertex 25.8478 11.2346 0
    endloop
  endfacet
  facet normal 0.659343 -0.751842 0
    outer loop
      vertex 25.2175 10.4133 0
      vertex 25.4142 10.5858 2.8
      vertex 25.2175 10.4133 2.8
    endloop
  endfacet
  facet normal 0.659343 -0.751842 0
    outer loop
      vertex 25.4142 10.5858 2.8
      vertex 25.2175 10.4133 0
      vertex 25.4142 10.5858 0
    endloop
  endfacet
  facet normal 0.321382 0.94695 -0
    outer loop
      vertex 24.7654 13.8478 0
      vertex 24.5176 13.9319 2.8
      vertex 24.7654 13.8478 2.8
    endloop
  endfacet
  facet normal 0.321382 0.94695 0
    outer loop
      vertex 24.5176 13.9319 2.8
      vertex 24.7654 13.8478 0
      vertex 24.5176 13.9319 0
    endloop
  endfacet
  facet normal -0.751842 -0.659343 0
    outer loop
      vertex 22.5858 10.5858 0
      vertex 22.4133 10.7825 2.8
      vertex 22.4133 10.7825 0
    endloop
  endfacet
  facet normal -0.751842 -0.659343 0
    outer loop
      vertex 22.4133 10.7825 2.8
      vertex 22.5858 10.5858 0
      vertex 22.5858 10.5858 2.8
    endloop
  endfacet
  facet normal -0.659343 0.751842 0
    outer loop
      vertex 22.7825 13.5867 0
      vertex 22.5858 13.4142 2.8
      vertex 22.7825 13.5867 2.8
    endloop
  endfacet
  facet normal -0.659343 0.751842 0
    outer loop
      vertex 22.5858 13.4142 2.8
      vertex 22.7825 13.5867 0
      vertex 22.5858 13.4142 0
    endloop
  endfacet
  facet normal -0.997862 0.0653521 0
    outer loop
      vertex 22 12 0
      vertex 22.0171 12.2611 2.8
      vertex 22.0171 12.2611 0
    endloop
  endfacet
  facet normal -0.997862 0.0653521 0
    outer loop
      vertex 22.0171 12.2611 2.8
      vertex 22 12 0
      vertex 22 12 2.8
    endloop
  endfacet
  facet normal 0.555494 0.831521 -0
    outer loop
      vertex 25.2175 13.5867 0
      vertex 25 13.732 2.8
      vertex 25.2175 13.5867 2.8
    endloop
  endfacet
  facet normal 0.555494 0.831521 0
    outer loop
      vertex 25 13.732 2.8
      vertex 25.2175 13.5867 0
      vertex 25 13.732 0
    endloop
  endfacet
  facet normal 0.831521 -0.555494 0
    outer loop
      vertex 25.5867 10.7825 2.8
      vertex 25.732 11 0
      vertex 25.732 11 2.8
    endloop
  endfacet
  facet normal 0.831521 -0.555494 0
    outer loop
      vertex 25.732 11 0
      vertex 25.5867 10.7825 2.8
      vertex 25.5867 10.7825 0
    endloop
  endfacet
  facet normal 0.831521 0.555494 0
    outer loop
      vertex 25.732 13 2.8
      vertex 25.5867 13.2175 0
      vertex 25.5867 13.2175 2.8
    endloop
  endfacet
  facet normal 0.831521 0.555494 0
    outer loop
      vertex 25.5867 13.2175 0
      vertex 25.732 13 2.8
      vertex 25.732 13 0
    endloop
  endfacet
  facet normal -0.751842 0.659343 0
    outer loop
      vertex 22.4133 13.2175 0
      vertex 22.5858 13.4142 2.8
      vertex 22.5858 13.4142 0
    endloop
  endfacet
  facet normal -0.751842 0.659343 0
    outer loop
      vertex 22.5858 13.4142 2.8
      vertex 22.4133 13.2175 0
      vertex 22.4133 13.2175 2.8
    endloop
  endfacet
  facet normal 0.321382 -0.94695 0
    outer loop
      vertex 24.5176 10.0681 0
      vertex 24.7654 10.1522 2.8
      vertex 24.5176 10.0681 2.8
    endloop
  endfacet
  facet normal 0.321382 -0.94695 0
    outer loop
      vertex 24.7654 10.1522 2.8
      vertex 24.5176 10.0681 0
      vertex 24.7654 10.1522 0
    endloop
  endfacet
  facet normal 0.442621 -0.896709 0
    outer loop
      vertex 24.7654 10.1522 0
      vertex 25 10.268 2.8
      vertex 24.7654 10.1522 2.8
    endloop
  endfacet
  facet normal 0.442621 -0.896709 0
    outer loop
      vertex 25 10.268 2.8
      vertex 24.7654 10.1522 0
      vertex 25 10.268 0
    endloop
  endfacet
  facet normal 0.751842 0.659343 0
    outer loop
      vertex 25.5867 13.2175 2.8
      vertex 25.4142 13.4142 0
      vertex 25.4142 13.4142 2.8
    endloop
  endfacet
  facet normal 0.751842 0.659343 0
    outer loop
      vertex 25.4142 13.4142 0
      vertex 25.5867 13.2175 2.8
      vertex 25.5867 13.2175 0
    endloop
  endfacet
  facet normal 0.0653521 -0.997862 0
    outer loop
      vertex 24 10 0
      vertex 24.2611 10.0171 2.8
      vertex 24 10 2.8
    endloop
  endfacet
  facet normal 0.0653521 -0.997862 0
    outer loop
      vertex 24.2611 10.0171 2.8
      vertex 24 10 0
      vertex 24.2611 10.0171 0
    endloop
  endfacet
  facet normal 0.659343 0.751842 -0
    outer loop
      vertex 25.4142 13.4142 0
      vertex 25.2175 13.5867 2.8
      vertex 25.4142 13.4142 2.8
    endloop
  endfacet
  facet normal 0.659343 0.751842 0
    outer loop
      vertex 25.2175 13.5867 2.8
      vertex 25.4142 13.4142 0
      vertex 25.2175 13.5867 0
    endloop
  endfacet
  facet normal -0.997862 -0.0653521 0
    outer loop
      vertex 22.0171 11.7389 0
      vertex 22 12 2.8
      vertex 22 12 0
    endloop
  endfacet
  facet normal -0.997862 -0.0653521 0
    outer loop
      vertex 22 12 2.8
      vertex 22.0171 11.7389 0
      vertex 22.0171 11.7389 2.8
    endloop
  endfacet
  facet normal -0.659343 -0.751842 0
    outer loop
      vertex 22.5858 10.5858 0
      vertex 22.7825 10.4133 2.8
      vertex 22.5858 10.5858 2.8
    endloop
  endfacet
  facet normal -0.659343 -0.751842 -0
    outer loop
      vertex 22.7825 10.4133 2.8
      vertex 22.5858 10.5858 0
      vertex 22.7825 10.4133 0
    endloop
  endfacet
  facet normal -0.555494 0.831521 0
    outer loop
      vertex 23 13.732 0
      vertex 22.7825 13.5867 2.8
      vertex 23 13.732 2.8
    endloop
  endfacet
  facet normal -0.555494 0.831521 0
    outer loop
      vertex 22.7825 13.5867 2.8
      vertex 23 13.732 0
      vertex 22.7825 13.5867 0
    endloop
  endfacet
  facet normal 0.896709 0.442621 0
    outer loop
      vertex 25.8478 12.7654 2.8
      vertex 25.732 13 0
      vertex 25.732 13 2.8
    endloop
  endfacet
  facet normal 0.896709 0.442621 0
    outer loop
      vertex 25.732 13 0
      vertex 25.8478 12.7654 2.8
      vertex 25.8478 12.7654 0
    endloop
  endfacet
  facet normal -0.0653521 -0.997862 0
    outer loop
      vertex 23.7389 10.0171 0
      vertex 24 10 2.8
      vertex 23.7389 10.0171 2.8
    endloop
  endfacet
  facet normal -0.0653521 -0.997862 -0
    outer loop
      vertex 24 10 2.8
      vertex 23.7389 10.0171 0
      vertex 24 10 0
    endloop
  endfacet
  facet normal 0.195013 -0.980801 0
    outer loop
      vertex 24.2611 10.0171 0
      vertex 24.5176 10.0681 2.8
      vertex 24.2611 10.0171 2.8
    endloop
  endfacet
  facet normal 0.195013 -0.980801 0
    outer loop
      vertex 24.5176 10.0681 2.8
      vertex 24.2611 10.0171 0
      vertex 24.5176 10.0681 0
    endloop
  endfacet
  facet normal 0.442621 0.896709 -0
    outer loop
      vertex 25 13.732 0
      vertex 24.7654 13.8478 2.8
      vertex 25 13.732 2.8
    endloop
  endfacet
  facet normal 0.442621 0.896709 0
    outer loop
      vertex 24.7654 13.8478 2.8
      vertex 25 13.732 0
      vertex 24.7654 13.8478 0
    endloop
  endfacet
  facet normal 0.896709 -0.442621 0
    outer loop
      vertex 25.732 11 2.8
      vertex 25.8478 11.2346 0
      vertex 25.8478 11.2346 2.8
    endloop
  endfacet
  facet normal 0.896709 -0.442621 0
    outer loop
      vertex 25.8478 11.2346 0
      vertex 25.732 11 2.8
      vertex 25.732 11 0
    endloop
  endfacet
  facet normal 0.980801 -0.195013 0
    outer loop
      vertex 25.9319 11.4824 2.8
      vertex 25.9829 11.7389 0
      vertex 25.9829 11.7389 2.8
    endloop
  endfacet
  facet normal 0.980801 -0.195013 0
    outer loop
      vertex 25.9829 11.7389 0
      vertex 25.9319 11.4824 2.8
      vertex 25.9319 11.4824 0
    endloop
  endfacet
  facet normal -0.980801 -0.195013 0
    outer loop
      vertex 22.0681 11.4824 0
      vertex 22.0171 11.7389 2.8
      vertex 22.0171 11.7389 0
    endloop
  endfacet
  facet normal -0.980801 -0.195013 0
    outer loop
      vertex 22.0171 11.7389 2.8
      vertex 22.0681 11.4824 0
      vertex 22.0681 11.4824 2.8
    endloop
  endfacet
  facet normal -0.195013 -0.980801 0
    outer loop
      vertex 23.4824 10.0681 0
      vertex 23.7389 10.0171 2.8
      vertex 23.4824 10.0681 2.8
    endloop
  endfacet
  facet normal -0.195013 -0.980801 -0
    outer loop
      vertex 23.7389 10.0171 2.8
      vertex 23.4824 10.0681 0
      vertex 23.7389 10.0171 0
    endloop
  endfacet
  facet normal 0.195013 0.980801 -0
    outer loop
      vertex 24.5176 13.9319 0
      vertex 24.2611 13.9829 2.8
      vertex 24.5176 13.9319 2.8
    endloop
  endfacet
  facet normal 0.195013 0.980801 0
    outer loop
      vertex 24.2611 13.9829 2.8
      vertex 24.5176 13.9319 0
      vertex 24.2611 13.9829 0
    endloop
  endfacet
  facet normal 0.94695 0.321382 0
    outer loop
      vertex 25.9319 12.5176 2.8
      vertex 25.8478 12.7654 0
      vertex 25.8478 12.7654 2.8
    endloop
  endfacet
  facet normal 0.94695 0.321382 0
    outer loop
      vertex 25.8478 12.7654 0
      vertex 25.9319 12.5176 2.8
      vertex 25.9319 12.5176 0
    endloop
  endfacet
  facet normal 0.751842 -0.659343 0
    outer loop
      vertex 25.4142 10.5858 2.8
      vertex 25.5867 10.7825 0
      vertex 25.5867 10.7825 2.8
    endloop
  endfacet
  facet normal 0.751842 -0.659343 0
    outer loop
      vertex 25.5867 10.7825 0
      vertex 25.4142 10.5858 2.8
      vertex 25.4142 10.5858 0
    endloop
  endfacet
  facet normal -0.831521 -0.555494 0
    outer loop
      vertex 22.4133 10.7825 0
      vertex 22.268 11 2.8
      vertex 22.268 11 0
    endloop
  endfacet
  facet normal -0.831521 -0.555494 0
    outer loop
      vertex 22.268 11 2.8
      vertex 22.4133 10.7825 0
      vertex 22.4133 10.7825 2.8
    endloop
  endfacet
  facet normal -0.0653521 0.997862 0
    outer loop
      vertex 24 14 0
      vertex 23.7389 13.9829 2.8
      vertex 24 14 2.8
    endloop
  endfacet
  facet normal -0.0653521 0.997862 0
    outer loop
      vertex 23.7389 13.9829 2.8
      vertex 24 14 0
      vertex 23.7389 13.9829 0
    endloop
  endfacet
  facet normal -0.321382 -0.94695 0
    outer loop
      vertex 23.2346 10.1522 0
      vertex 23.4824 10.0681 2.8
      vertex 23.2346 10.1522 2.8
    endloop
  endfacet
  facet normal -0.321382 -0.94695 -0
    outer loop
      vertex 23.4824 10.0681 2.8
      vertex 23.2346 10.1522 0
      vertex 23.4824 10.0681 0
    endloop
  endfacet
  facet normal -0.442621 0.896709 0
    outer loop
      vertex 23.2346 13.8478 0
      vertex 23 13.732 2.8
      vertex 23.2346 13.8478 2.8
    endloop
  endfacet
  facet normal -0.442621 0.896709 0
    outer loop
      vertex 23 13.732 2.8
      vertex 23.2346 13.8478 0
      vertex 23 13.732 0
    endloop
  endfacet
  facet normal -0.442621 -0.896709 0
    outer loop
      vertex 23 10.268 0
      vertex 23.2346 10.1522 2.8
      vertex 23 10.268 2.8
    endloop
  endfacet
  facet normal -0.442621 -0.896709 -0
    outer loop
      vertex 23.2346 10.1522 2.8
      vertex 23 10.268 0
      vertex 23.2346 10.1522 0
    endloop
  endfacet
  facet normal -0.896709 -0.442621 0
    outer loop
      vertex 22.268 11 0
      vertex 22.1522 11.2346 2.8
      vertex 22.1522 11.2346 0
    endloop
  endfacet
  facet normal -0.896709 -0.442621 0
    outer loop
      vertex 22.1522 11.2346 2.8
      vertex 22.268 11 0
      vertex 22.268 11 2.8
    endloop
  endfacet
  facet normal 0 0 -1
    outer loop
      vertex 25.9829 11.7389 0
      vertex 25.9829 12.2611 0
      vertex 26 12 0
    endloop
  endfacet
  facet normal 0 0 -1
    outer loop
      vertex 25.9319 11.4824 0
      vertex 25.9829 12.2611 0
      vertex 25.9829 11.7389 0
    endloop
  endfacet
  facet normal 0 0 -1
    outer loop
      vertex 25.9319 11.4824 0
      vertex 25.9319 12.5176 0
      vertex 25.9829 12.2611 0
    endloop
  endfacet
  facet normal 0 0 -1
    outer loop
      vertex 25.8478 11.2346 0
      vertex 25.9319 12.5176 0
      vertex 25.9319 11.4824 0
    endloop
  endfacet
  facet normal 0 0 -1
    outer loop
      vertex 25.8478 11.2346 0
      vertex 25.8478 12.7654 0
      vertex 25.9319 12.5176 0
    endloop
  endfacet
  facet normal 0 0 -1
    outer loop
      vertex 25.732 11 0
      vertex 25.8478 12.7654 0
      vertex 25.8478 11.2346 0
    endloop
  endfacet
  facet normal 0 0 -1
    outer loop
      vertex 25.732 11 0
      vertex 25.732 13 0
      vertex 25.8478 12.7654 0
    endloop
  endfacet
  facet normal 0 0 -1
    outer loop
      vertex 25.5867 10.7825 0
      vertex 25.732 13 0
      vertex 25.732 11 0
    endloop
  endfacet
  facet normal 0 0 -1
    outer loop
      vertex 25.5867 10.7825 0
      vertex 25.5867 13.2175 0
      vertex 25.732 13 0
    endloop
  endfacet
  facet normal 0 0 -1
    outer loop
      vertex 25.4142 10.5858 0
      vertex 25.5867 13.2175 0
      vertex 25.5867 10.7825 0
    endloop
  endfacet
  facet normal 0 0 -1
    outer loop
      vertex 25.4142 10.5858 0
      vertex 25.4142 13.4142 0
      vertex 25.5867 13.2175 0
    endloop
  endfacet
  facet normal 0 0 -1
    outer loop
      vertex 25.2175 10.4133 0
      vertex 25.4142 13.4142 0
      vertex 25.4142 10.5858 0
    endloop
  endfacet
  facet normal 0 0 -1
    outer loop
      vertex 25.2175 10.4133 0
      vertex 25.2175 13.5867 0
      vertex 25.4142 13.4142 0
    endloop
  endfacet
  facet normal 0 0 -1
    outer loop
      vertex 25 10.268 0
      vertex 25.2175 13.5867 0
      vertex 25.2175 10.4133 0
    endloop
  endfacet
  facet normal 0 0 -1
    outer loop
      vertex 25 10.268 0
      vertex 25 13.732 0
      vertex 25.2175 13.5867 0
    endloop
  endfacet
  facet normal 0 0 -1
    outer loop
      vertex 24.7654 10.1522 0
      vertex 25 13.732 0
      vertex 25 10.268 0
    endloop
  endfacet
  facet normal 0 0 -1
    outer loop
      vertex 24.7654 10.1522 0
      vertex 24.7654 13.8478 0
      vertex 25 13.732 0
    endloop
  endfacet
  facet normal 0 0 -1
    outer loop
      vertex 24.5176 10.0681 0
      vertex 24.7654 13.8478 0
      vertex 24.7654 10.1522 0
    endloop
  endfacet
  facet normal 0 0 -1
    outer loop
      vertex 24.5176 10.0681 0
      vertex 24.5176 13.9319 0
      vertex 24.7654 13.8478 0
    endloop
  endfacet
  facet normal 0 0 -1
    outer loop
      vertex 24.2611 10.0171 0
      vertex 24.5176 13.9319 0
      vertex 24.5176 10.0681 0
    endloop
  endfacet
  facet normal 0 0 -1
    outer loop
      vertex 24.2611 10.0171 0
      vertex 24.2611 13.9829 0
      vertex 24.5176 13.9319 0
    endloop
  endfacet
  facet normal 0 0 -1
    outer loop
      vertex 24 10 0
      vertex 24.2611 13.9829 0
      vertex 24.2611 10.0171 0
    endloop
  endfacet
  facet normal 0 0 -1
    outer loop
      vertex 24 10 0
      vertex 24 14 0
      vertex 24.2611 13.9829 0
    endloop
  endfacet
  facet normal 0 0 -1
    outer loop
      vertex 23.7389 10.0171 0
      vertex 24 14 0
      vertex 24 10 0
    endloop
  endfacet
  facet normal 0 0 -1
    outer loop
      vertex 23.7389 10.0171 0
      vertex 23.7389 13.9829 0
      vertex 24 14 0
    endloop
  endfacet
  facet normal 0 0 -1
    outer loop
      vertex 23.4824 10.0681 0
      vertex 23.7389 13.9829 0
      vertex 23.7389 10.0171 0
    endloop
  endfacet
  facet normal 0 0 -1
    outer loop
      vertex 23.4824 10.0681 0
      vertex 23.4824 13.9319 0
      vertex 23.7389 13.9829 0
    endloop
  endfacet
  facet normal 0 0 -1
    outer loop
      vertex 23.2346 10.1522 0
      vertex 23.4824 13.9319 0
      vertex 23.4824 10.0681 0
    endloop
  endfacet
  facet normal 0 0 -1
    outer loop
      vertex 23.2346 10.1522 0
      vertex 23.2346 13.8478 0
      vertex 23.4824 13.9319 0
    endloop
  endfacet
  facet normal 0 0 -1
    outer loop
      vertex 23 10.268 0
      vertex 23.2346 13.8478 0
      vertex 23.2346 10.1522 0
    endloop
  endfacet
  facet normal 0 0 -1
    outer loop
      vertex 23 10.268 0
      vertex 23 13.732 0
      vertex 23.2346 13.8478 0
    endloop
  endfacet
  facet normal 0 0 -1
    outer loop
      vertex 22.7825 10.4133 0
      vertex 23 13.732 0
      vertex 23 10.268 0
    endloop
  endfacet
  facet normal 0 0 -1
    outer loop
      vertex 22.7825 10.4133 0
      vertex 22.7825 13.5867 0
      vertex 23 13.732 0
    endloop
  endfacet
  facet normal 0 0 -1
    outer loop
      vertex 22.5858 10.5858 0
      vertex 22.7825 13.5867 0
      vertex 22.7825 10.4133 0
    endloop
  endfacet
  facet normal 0 0 -1
    outer loop
      vertex 22.5858 10.5858 0
      vertex 22.5858 13.4142 0
      vertex 22.7825 13.5867 0
    endloop
  endfacet
  facet normal 0 0 -1
    outer loop
      vertex 22.4133 10.7825 0
      vertex 22.5858 13.4142 0
      vertex 22.5858 10.5858 0
    endloop
  endfacet
  facet normal 0 0 -1
    outer loop
      vertex 22.4133 10.7825 0
      vertex 22.4133 13.2175 0
      vertex 22.5858 13.4142 0
    endloop
  endfacet
  facet normal 0 0 -1
    outer loop
      vertex 22.268 11 0
      vertex 22.4133 13.2175 0
      vertex 22.4133 10.7825 0
    endloop
  endfacet
  facet normal 0 0 -1
    outer loop
      vertex 22.268 11 0
      vertex 22.268 13 0
      vertex 22.4133 13.2175 0
    endloop
  endfacet
  facet normal 0 0 -1
    outer loop
      vertex 22.1522 11.2346 0
      vertex 22.268 13 0
      vertex 22.268 11 0
    endloop
  endfacet
  facet normal 0 0 -1
    outer loop
      vertex 22.1522 11.2346 0
      vertex 22.1522 12.7654 0
      vertex 22.268 13 0
    endloop
  endfacet
  facet normal 0 0 -1
    outer loop
      vertex 22.0681 11.4824 0
      vertex 22.1522 12.7654 0
      vertex 22.1522 11.2346 0
    endloop
  endfacet
  facet normal 0 0 -1
    outer loop
      vertex 22.0681 11.4824 0
      vertex 22.0681 12.5176 0
      vertex 22.1522 12.7654 0
    endloop
  endfacet
  facet normal 0 0 -1
    outer loop
      vertex 22.0171 11.7389 0
      vertex 22.0681 12.5176 0
      vertex 22.0681 11.4824 0
    endloop
  endfacet
  facet normal 0 0 -1
    outer loop
      vertex 22.0171 11.7389 0
      vertex 22.0171 12.2611 0
      vertex 22.0681 12.5176 0
    endloop
  endfacet
  facet normal 0 -0 -1
    outer loop
      vertex 22.0171 12.2611 0
      vertex 22.0171 11.7389 0
      vertex 22 12 0
    endloop
  endfacet
  facet normal -0.555494 -0.831521 0
    outer loop
      vertex 22.7825 10.4133 0
      vertex 23 10.268 2.8
      vertex 22.7825 10.4133 2.8
    endloop
  endfacet
  facet normal -0.555494 -0.831521 -0
    outer loop
      vertex 23 10.268 2.8
      vertex 22.7825 10.4133 0
      vertex 23 10.268 0
    endloop
  endfacet
  facet normal 0 0 -1
    outer loop
      vertex 26 12 2.8
      vertex 27.5 12 2.8
      vertex 27.4701 11.5432 2.8
    endloop
  endfacet
  facet normal 0 0 -1
    outer loop
      vertex 25.9829 11.7389 2.8
      vertex 27.4701 11.5432 2.8
      vertex 27.3807 11.0941 2.8
    endloop
  endfacet
  facet normal 0 0 -1
    outer loop
      vertex 27.5 12 2.8
      vertex 26 12 2.8
      vertex 27.4701 12.4568 2.8
    endloop
  endfacet
  facet normal 0 0 -1
    outer loop
      vertex 25.9319 11.4824 2.8
      vertex 27.3807 11.0941 2.8
      vertex 27.2336 10.6606 2.8
    endloop
  endfacet
  facet normal 0 0 -1
    outer loop
      vertex 25.9829 12.2611 2.8
      vertex 27.4701 12.4568 2.8
      vertex 26 12 2.8
    endloop
  endfacet
  facet normal 0 0 -1
    outer loop
      vertex 25.8478 11.2346 2.8
      vertex 27.2336 10.6606 2.8
      vertex 27.0311 10.25 2.8
    endloop
  endfacet
  facet normal -0 0 -1
    outer loop
      vertex 27.4701 12.4568 2.8
      vertex 25.9829 12.2611 2.8
      vertex 27.3807 12.9059 2.8
    endloop
  endfacet
  facet normal 0 0 -1
    outer loop
      vertex 25.732 11 2.8
      vertex 27.0311 10.25 2.8
      vertex 26.7767 9.86934 2.8
    endloop
  endfacet
  facet normal 0 0 -1
    outer loop
      vertex 25.9319 12.5176 2.8
      vertex 27.3807 12.9059 2.8
      vertex 25.9829 12.2611 2.8
    endloop
  endfacet
  facet normal 0 0 -1
    outer loop
      vertex 25.5867 10.7825 2.8
      vertex 26.7767 9.86934 2.8
      vertex 26.4749 9.52513 2.8
    endloop
  endfacet
  facet normal -0 0 -1
    outer loop
      vertex 27.3807 12.9059 2.8
      vertex 25.9319 12.5176 2.8
      vertex 27.2336 13.3394 2.8
    endloop
  endfacet
  facet normal 0 0 -1
    outer loop
      vertex 25.4142 10.5858 2.8
      vertex 26.4749 9.52513 2.8
      vertex 26.1307 9.22326 2.8
    endloop
  endfacet
  facet normal 0 0 -1
    outer loop
      vertex 25.8478 12.7654 2.8
      vertex 27.2336 13.3394 2.8
      vertex 25.9319 12.5176 2.8
    endloop
  endfacet
  facet normal -0 0 -1
    outer loop
      vertex 27.2336 13.3394 2.8
      vertex 25.8478 12.7654 2.8
      vertex 27.0311 13.75 2.8
    endloop
  endfacet
  facet normal 0 0 -1
    outer loop
      vertex 27.4701 11.5432 2.8
      vertex 25.9829 11.7389 2.8
      vertex 26 12 2.8
    endloop
  endfacet
  facet normal 0 0 -1
    outer loop
      vertex 27.3807 11.0941 2.8
      vertex 25.9319 11.4824 2.8
      vertex 25.9829 11.7389 2.8
    endloop
  endfacet
  facet normal 0 0 -1
    outer loop
      vertex 27.2336 10.6606 2.8
      vertex 25.8478 11.2346 2.8
      vertex 25.9319 11.4824 2.8
    endloop
  endfacet
  facet normal 0 0 -1
    outer loop
      vertex 25.2175 10.4133 2.8
      vertex 26.1307 9.22326 2.8
      vertex 25.75 8.96891 2.8
    endloop
  endfacet
  facet normal 0 0 -1
    outer loop
      vertex 27.0311 10.25 2.8
      vertex 25.732 11 2.8
      vertex 25.8478 11.2346 2.8
    endloop
  endfacet
  facet normal 0 0 -1
    outer loop
      vertex 26.7767 9.86934 2.8
      vertex 25.5867 10.7825 2.8
      vertex 25.732 11 2.8
    endloop
  endfacet
  facet normal 0 0 -1
    outer loop
      vertex 26.4749 9.52513 2.8
      vertex 25.4142 10.5858 2.8
      vertex 25.5867 10.7825 2.8
    endloop
  endfacet
  facet normal 0 0 -1
    outer loop
      vertex 25 10.268 2.8
      vertex 25.75 8.96891 2.8
      vertex 25.3394 8.76642 2.8
    endloop
  endfacet
  facet normal 0 0 -1
    outer loop
      vertex 26.1307 9.22326 2.8
      vertex 25.2175 10.4133 2.8
      vertex 25.4142 10.5858 2.8
    endloop
  endfacet
  facet normal 0 0 -1
    outer loop
      vertex 25.75 8.96891 2.8
      vertex 25 10.268 2.8
      vertex 25.2175 10.4133 2.8
    endloop
  endfacet
  facet normal 0 0 -1
    outer loop
      vertex 24.7654 10.1522 2.8
      vertex 25.3394 8.76642 2.8
      vertex 24.9059 8.61926 2.8
    endloop
  endfacet
  facet normal 0 0 -1
    outer loop
      vertex 25.3394 8.76642 2.8
      vertex 24.7654 10.1522 2.8
      vertex 25 10.268 2.8
    endloop
  endfacet
  facet normal 0 0 -1
    outer loop
      vertex 24.9059 8.61926 2.8
      vertex 24.5176 10.0681 2.8
      vertex 24.7654 10.1522 2.8
    endloop
  endfacet
  facet normal 0 0 -1
    outer loop
      vertex 24.4568 8.52994 2.8
      vertex 24.5176 10.0681 2.8
      vertex 24.9059 8.61926 2.8
    endloop
  endfacet
  facet normal 0 0 -1
    outer loop
      vertex 24.4568 8.52994 2.8
      vertex 24.2611 10.0171 2.8
      vertex 24.5176 10.0681 2.8
    endloop
  endfacet
  facet normal 0 0 -1
    outer loop
      vertex 24 8.5 2.8
      vertex 24.2611 10.0171 2.8
      vertex 24.4568 8.52994 2.8
    endloop
  endfacet
  facet normal 0 0 -1
    outer loop
      vertex 24 8.5 2.8
      vertex 24 10 2.8
      vertex 24.2611 10.0171 2.8
    endloop
  endfacet
  facet normal 0 0 -1
    outer loop
      vertex 24 8.5 2.8
      vertex 23.7389 10.0171 2.8
      vertex 24 10 2.8
    endloop
  endfacet
  facet normal 0 0 -1
    outer loop
      vertex 23.5432 8.52994 2.8
      vertex 23.7389 10.0171 2.8
      vertex 24 8.5 2.8
    endloop
  endfacet
  facet normal 0 0 -1
    outer loop
      vertex 23.5432 8.52994 2.8
      vertex 23.4824 10.0681 2.8
      vertex 23.7389 10.0171 2.8
    endloop
  endfacet
  facet normal 0 0 -1
    outer loop
      vertex 23.0941 8.61926 2.8
      vertex 23.4824 10.0681 2.8
      vertex 23.5432 8.52994 2.8
    endloop
  endfacet
  facet normal -0 0 -1
    outer loop
      vertex 23.4824 10.0681 2.8
      vertex 23.0941 8.61926 2.8
      vertex 23.2346 10.1522 2.8
    endloop
  endfacet
  facet normal 0 0 -1
    outer loop
      vertex 22.6606 8.76642 2.8
      vertex 23.2346 10.1522 2.8
      vertex 23.0941 8.61926 2.8
    endloop
  endfacet
  facet normal -0 0 -1
    outer loop
      vertex 23.2346 10.1522 2.8
      vertex 22.6606 8.76642 2.8
      vertex 23 10.268 2.8
    endloop
  endfacet
  facet normal 0 0 -1
    outer loop
      vertex 22.25 8.96891 2.8
      vertex 23 10.268 2.8
      vertex 22.6606 8.76642 2.8
    endloop
  endfacet
  facet normal -0 0 -1
    outer loop
      vertex 23 10.268 2.8
      vertex 22.25 8.96891 2.8
      vertex 22.7825 10.4133 2.8
    endloop
  endfacet
  facet normal 0 0 -1
    outer loop
      vertex 21.8693 9.22326 2.8
      vertex 22.7825 10.4133 2.8
      vertex 22.25 8.96891 2.8
    endloop
  endfacet
  facet normal -0 0 -1
    outer loop
      vertex 22.7825 10.4133 2.8
      vertex 21.8693 9.22326 2.8
      vertex 22.5858 10.5858 2.8
    endloop
  endfacet
  facet normal 0 0 -1
    outer loop
      vertex 21.5251 9.52513 2.8
      vertex 22.5858 10.5858 2.8
      vertex 21.8693 9.22326 2.8
    endloop
  endfacet
  facet normal -0 0 -1
    outer loop
      vertex 22.5858 10.5858 2.8
      vertex 21.5251 9.52513 2.8
      vertex 22.4133 10.7825 2.8
    endloop
  endfacet
  facet normal 0 0 -1
    outer loop
      vertex 21.2233 9.86934 2.8
      vertex 22.4133 10.7825 2.8
      vertex 21.5251 9.52513 2.8
    endloop
  endfacet
  facet normal -0 0 -1
    outer loop
      vertex 22.4133 10.7825 2.8
      vertex 21.2233 9.86934 2.8
      vertex 22.268 11 2.8
    endloop
  endfacet
  facet normal -0 0 -1
    outer loop
      vertex 22.268 11 2.8
      vertex 20.9689 10.25 2.8
      vertex 22.1522 11.2346 2.8
    endloop
  endfacet
  facet normal 0 0 -1
    outer loop
      vertex 20.9689 10.25 2.8
      vertex 22.268 11 2.8
      vertex 21.2233 9.86934 2.8
    endloop
  endfacet
  facet normal 0 0 -1
    outer loop
      vertex 25.732 13 2.8
      vertex 27.0311 13.75 2.8
      vertex 25.8478 12.7654 2.8
    endloop
  endfacet
  facet normal -0 0 -1
    outer loop
      vertex 27.0311 13.75 2.8
      vertex 25.732 13 2.8
      vertex 26.7767 14.1307 2.8
    endloop
  endfacet
  facet normal 0 0 -1
    outer loop
      vertex 25.5867 13.2175 2.8
      vertex 26.7767 14.1307 2.8
      vertex 25.732 13 2.8
    endloop
  endfacet
  facet normal -0 0 -1
    outer loop
      vertex 26.7767 14.1307 2.8
      vertex 25.5867 13.2175 2.8
      vertex 26.4749 14.4749 2.8
    endloop
  endfacet
  facet normal 0 0 -1
    outer loop
      vertex 25.4142 13.4142 2.8
      vertex 26.4749 14.4749 2.8
      vertex 25.5867 13.2175 2.8
    endloop
  endfacet
  facet normal -0 0 -1
    outer loop
      vertex 26.4749 14.4749 2.8
      vertex 25.4142 13.4142 2.8
      vertex 26.1307 14.7767 2.8
    endloop
  endfacet
  facet normal 0 0 -1
    outer loop
      vertex 25.2175 13.5867 2.8
      vertex 26.1307 14.7767 2.8
      vertex 25.4142 13.4142 2.8
    endloop
  endfacet
  facet normal -0 0 -1
    outer loop
      vertex 26.1307 14.7767 2.8
      vertex 25.2175 13.5867 2.8
      vertex 25.75 15.0311 2.8
    endloop
  endfacet
  facet normal 0 0 -1
    outer loop
      vertex 25 13.732 2.8
      vertex 25.75 15.0311 2.8
      vertex 25.2175 13.5867 2.8
    endloop
  endfacet
  facet normal -0 0 -1
    outer loop
      vertex 25.75 15.0311 2.8
      vertex 25 13.732 2.8
      vertex 25.3394 15.2336 2.8
    endloop
  endfacet
  facet normal 0 0 -1
    outer loop
      vertex 24.7654 13.8478 2.8
      vertex 25.3394 15.2336 2.8
      vertex 25 13.732 2.8
    endloop
  endfacet
  facet normal -0 0 -1
    outer loop
      vertex 25.3394 15.2336 2.8
      vertex 24.7654 13.8478 2.8
      vertex 24.9059 15.3807 2.8
    endloop
  endfacet
  facet normal 0 0 -1
    outer loop
      vertex 24.5176 13.9319 2.8
      vertex 24.9059 15.3807 2.8
      vertex 24.7654 13.8478 2.8
    endloop
  endfacet
  facet normal 0 0 -1
    outer loop
      vertex 24.5176 13.9319 2.8
      vertex 24.4568 15.4701 2.8
      vertex 24.9059 15.3807 2.8
    endloop
  endfacet
  facet normal 0 0 -1
    outer loop
      vertex 24.2611 13.9829 2.8
      vertex 24.4568 15.4701 2.8
      vertex 24.5176 13.9319 2.8
    endloop
  endfacet
  facet normal 0 0 -1
    outer loop
      vertex 24 14 2.8
      vertex 24.4568 15.4701 2.8
      vertex 24.2611 13.9829 2.8
    endloop
  endfacet
  facet normal 0 0 -1
    outer loop
      vertex 24 14 2.8
      vertex 24 15.5 2.8
      vertex 24.4568 15.4701 2.8
    endloop
  endfacet
  facet normal 0 0 -1
    outer loop
      vertex 23.7389 13.9829 2.8
      vertex 24 15.5 2.8
      vertex 24 14 2.8
    endloop
  endfacet
  facet normal 0 0 -1
    outer loop
      vertex 23.7389 13.9829 2.8
      vertex 23.5432 15.4701 2.8
      vertex 24 15.5 2.8
    endloop
  endfacet
  facet normal 0 0 -1
    outer loop
      vertex 23.4824 13.9319 2.8
      vertex 23.5432 15.4701 2.8
      vertex 23.7389 13.9829 2.8
    endloop
  endfacet
  facet normal 0 0 -1
    outer loop
      vertex 23.0941 15.3807 2.8
      vertex 23.4824 13.9319 2.8
      vertex 23.2346 13.8478 2.8
    endloop
  endfacet
  facet normal 0 0 -1
    outer loop
      vertex 23.4824 13.9319 2.8
      vertex 23.0941 15.3807 2.8
      vertex 23.5432 15.4701 2.8
    endloop
  endfacet
  facet normal 0 0 -1
    outer loop
      vertex 22.6606 15.2336 2.8
      vertex 23.2346 13.8478 2.8
      vertex 23 13.732 2.8
    endloop
  endfacet
  facet normal 0 0 -1
    outer loop
      vertex 22.25 15.0311 2.8
      vertex 23 13.732 2.8
      vertex 22.7825 13.5867 2.8
    endloop
  endfacet
  facet normal 0 0 -1
    outer loop
      vertex 23.2346 13.8478 2.8
      vertex 22.6606 15.2336 2.8
      vertex 23.0941 15.3807 2.8
    endloop
  endfacet
  facet normal 0 0 -1
    outer loop
      vertex 21.8693 14.7767 2.8
      vertex 22.7825 13.5867 2.8
      vertex 22.5858 13.4142 2.8
    endloop
  endfacet
  facet normal 0 0 -1
    outer loop
      vertex 21.5251 14.4749 2.8
      vertex 22.5858 13.4142 2.8
      vertex 22.4133 13.2175 2.8
    endloop
  endfacet
  facet normal 0 0 -1
    outer loop
      vertex 21.2233 14.1307 2.8
      vertex 22.4133 13.2175 2.8
      vertex 22.268 13 2.8
    endloop
  endfacet
  facet normal 0 0 -1
    outer loop
      vertex 23 13.732 2.8
      vertex 22.25 15.0311 2.8
      vertex 22.6606 15.2336 2.8
    endloop
  endfacet
  facet normal 0 0 -1
    outer loop
      vertex 20.9689 13.75 2.8
      vertex 22.268 13 2.8
      vertex 22.1522 12.7654 2.8
    endloop
  endfacet
  facet normal 0 0 -1
    outer loop
      vertex 20.7664 13.3394 2.8
      vertex 22.1522 12.7654 2.8
      vertex 22.0681 12.5176 2.8
    endloop
  endfacet
  facet normal 0 0 -1
    outer loop
      vertex 20.6193 12.9059 2.8
      vertex 22.0681 12.5176 2.8
      vertex 22.0171 12.2611 2.8
    endloop
  endfacet
  facet normal 0 0 -1
    outer loop
      vertex 22.7825 13.5867 2.8
      vertex 21.8693 14.7767 2.8
      vertex 22.25 15.0311 2.8
    endloop
  endfacet
  facet normal 0 0 -1
    outer loop
      vertex 20.5299 12.4568 2.8
      vertex 22.0171 12.2611 2.8
      vertex 22 12 2.8
    endloop
  endfacet
  facet normal 0 0 -1
    outer loop
      vertex 20.7664 10.6606 2.8
      vertex 22.1522 11.2346 2.8
      vertex 20.9689 10.25 2.8
    endloop
  endfacet
  facet normal -0 0 -1
    outer loop
      vertex 22.1522 11.2346 2.8
      vertex 20.7664 10.6606 2.8
      vertex 22.0681 11.4824 2.8
    endloop
  endfacet
  facet normal 0 0 -1
    outer loop
      vertex 22.5858 13.4142 2.8
      vertex 21.5251 14.4749 2.8
      vertex 21.8693 14.7767 2.8
    endloop
  endfacet
  facet normal 0 0 -1
    outer loop
      vertex 20.6193 11.0941 2.8
      vertex 22.0681 11.4824 2.8
      vertex 20.7664 10.6606 2.8
    endloop
  endfacet
  facet normal 0 0 -1
    outer loop
      vertex 22.4133 13.2175 2.8
      vertex 21.2233 14.1307 2.8
      vertex 21.5251 14.4749 2.8
    endloop
  endfacet
  facet normal -0 0 -1
    outer loop
      vertex 22.0681 11.4824 2.8
      vertex 20.6193 11.0941 2.8
      vertex 22.0171 11.7389 2.8
    endloop
  endfacet
  facet normal 0 0 -1
    outer loop
      vertex 22.268 13 2.8
      vertex 20.9689 13.75 2.8
      vertex 21.2233 14.1307 2.8
    endloop
  endfacet
  facet normal 0 0 -1
    outer loop
      vertex 20.5299 11.5432 2.8
      vertex 22.0171 11.7389 2.8
      vertex 20.6193 11.0941 2.8
    endloop
  endfacet
  facet normal 0 0 -1
    outer loop
      vertex 22.1522 12.7654 2.8
      vertex 20.7664 13.3394 2.8
      vertex 20.9689 13.75 2.8
    endloop
  endfacet
  facet normal -0 0 -1
    outer loop
      vertex 22.0171 11.7389 2.8
      vertex 20.5299 11.5432 2.8
      vertex 22 12 2.8
    endloop
  endfacet
  facet normal 0 0 -1
    outer loop
      vertex 22.0681 12.5176 2.8
      vertex 20.6193 12.9059 2.8
      vertex 20.7664 13.3394 2.8
    endloop
  endfacet
  facet normal 0 0 -1
    outer loop
      vertex 20.5 12 2.8
      vertex 22 12 2.8
      vertex 20.5299 11.5432 2.8
    endloop
  endfacet
  facet normal 0 0 -1
    outer loop
      vertex 22.0171 12.2611 2.8
      vertex 20.5299 12.4568 2.8
      vertex 20.6193 12.9059 2.8
    endloop
  endfacet
  facet normal 0 0 -1
    outer loop
      vertex 22 12 2.8
      vertex 20.5 12 2.8
      vertex 20.5299 12.4568 2.8
    endloop
  endfacet
  facet normal 0.980757 0.195234 0
    outer loop
      vertex 27.4701 12.4568 5.8
      vertex 27.3807 12.9059 2.8
      vertex 27.3807 12.9059 5.8
    endloop
  endfacet
  facet normal 0.980757 0.195234 0
    outer loop
      vertex 27.3807 12.9059 2.8
      vertex 27.4701 12.4568 5.8
      vertex 27.4701 12.4568 2.8
    endloop
  endfacet
  facet normal 0.997865 0.0653156 0
    outer loop
      vertex 27.5 12 5.8
      vertex 27.4701 12.4568 2.8
      vertex 27.4701 12.4568 5.8
    endloop
  endfacet
  facet normal 0.997865 0.0653156 0
    outer loop
      vertex 27.4701 12.4568 2.8
      vertex 27.5 12 5.8
      vertex 27.5 12 2.8
    endloop
  endfacet
  facet normal 0.321452 -0.946926 0
    outer loop
      vertex 24.9059 8.61926 2.8
      vertex 25.3394 8.76642 5.8
      vertex 24.9059 8.61926 5.8
    endloop
  endfacet
  facet normal 0.321452 -0.946926 0
    outer loop
      vertex 25.3394 8.76642 5.8
      vertex 24.9059 8.61926 2.8
      vertex 25.3394 8.76642 2.8
    endloop
  endfacet
  facet normal 0.831445 0.555607 0
    outer loop
      vertex 27.0311 13.75 5.8
      vertex 26.7767 14.1307 2.8
      vertex 26.7767 14.1307 5.8
    endloop
  endfacet
  facet normal 0.831445 0.555607 0
    outer loop
      vertex 26.7767 14.1307 2.8
      vertex 27.0311 13.75 5.8
      vertex 27.0311 13.75 2.8
    endloop
  endfacet
  facet normal -0.89686 0.442314 0
    outer loop
      vertex 20.7664 13.3394 2.8
      vertex 20.9689 13.75 5.8
      vertex 20.9689 13.75 2.8
    endloop
  endfacet
  facet normal -0.89686 0.442314 0
    outer loop
      vertex 20.9689 13.75 5.8
      vertex 20.7664 13.3394 2.8
      vertex 20.7664 13.3394 5.8
    endloop
  endfacet
  facet normal -0.555607 0.831445 0
    outer loop
      vertex 22.25 15.0311 2.8
      vertex 21.8693 14.7767 5.8
      vertex 22.25 15.0311 5.8
    endloop
  endfacet
  facet normal -0.555607 0.831445 0
    outer loop
      vertex 21.8693 14.7767 5.8
      vertex 22.25 15.0311 2.8
      vertex 21.8693 14.7767 2.8
    endloop
  endfacet
  facet normal -0.659278 0.7519 0
    outer loop
      vertex 21.8693 14.7767 2.8
      vertex 21.5251 14.4749 5.8
      vertex 21.8693 14.7767 5.8
    endloop
  endfacet
  facet normal -0.659278 0.7519 0
    outer loop
      vertex 21.5251 14.4749 5.8
      vertex 21.8693 14.7767 2.8
      vertex 21.5251 14.4749 2.8
    endloop
  endfacet
  facet normal -0.7519 0.659278 0
    outer loop
      vertex 21.2233 14.1307 2.8
      vertex 21.5251 14.4749 5.8
      vertex 21.5251 14.4749 2.8
    endloop
  endfacet
  facet normal -0.7519 0.659278 0
    outer loop
      vertex 21.5251 14.4749 5.8
      vertex 21.2233 14.1307 2.8
      vertex 21.2233 14.1307 5.8
    endloop
  endfacet
  facet normal 0.946966 -0.321335 0
    outer loop
      vertex 27.2336 10.6606 5.8
      vertex 27.3807 11.0941 2.8
      vertex 27.3807 11.0941 5.8
    endloop
  endfacet
  facet normal 0.946966 -0.321335 0
    outer loop
      vertex 27.3807 11.0941 2.8
      vertex 27.2336 10.6606 5.8
      vertex 27.2336 10.6606 2.8
    endloop
  endfacet
  facet normal -0.997865 0.0653156 0
    outer loop
      vertex 20.5 12 2.8
      vertex 20.5299 12.4568 5.8
      vertex 20.5299 12.4568 2.8
    endloop
  endfacet
  facet normal -0.997865 0.0653156 0
    outer loop
      vertex 20.5299 12.4568 5.8
      vertex 20.5 12 2.8
      vertex 20.5 12 5.8
    endloop
  endfacet
  facet normal 0.555607 0.831445 -0
    outer loop
      vertex 26.1307 14.7767 2.8
      vertex 25.75 15.0311 5.8
      vertex 26.1307 14.7767 5.8
    endloop
  endfacet
  facet normal 0.555607 0.831445 0
    outer loop
      vertex 25.75 15.0311 5.8
      vertex 26.1307 14.7767 2.8
      vertex 25.75 15.0311 2.8
    endloop
  endfacet
  facet normal -0.321452 -0.946926 0
    outer loop
      vertex 22.6606 8.76642 2.8
      vertex 23.0941 8.61926 5.8
      vertex 22.6606 8.76642 5.8
    endloop
  endfacet
  facet normal -0.321452 -0.946926 -0
    outer loop
      vertex 23.0941 8.61926 5.8
      vertex 22.6606 8.76642 2.8
      vertex 23.0941 8.61926 2.8
    endloop
  endfacet
  facet normal -0.751909 -0.659267 0
    outer loop
      vertex 21.5251 9.52513 2.8
      vertex 21.2233 9.86934 5.8
      vertex 21.2233 9.86934 2.8
    endloop
  endfacet
  facet normal -0.751909 -0.659267 0
    outer loop
      vertex 21.2233 9.86934 5.8
      vertex 21.5251 9.52513 2.8
      vertex 21.5251 9.52513 5.8
    endloop
  endfacet
  facet normal 0.195066 -0.98079 0
    outer loop
      vertex 24.4568 8.52994 2.8
      vertex 24.9059 8.61926 5.8
      vertex 24.4568 8.52994 5.8
    endloop
  endfacet
  facet normal 0.195066 -0.98079 0
    outer loop
      vertex 24.9059 8.61926 5.8
      vertex 24.4568 8.52994 2.8
      vertex 24.9059 8.61926 2.8
    endloop
  endfacet
  facet normal -0.321335 0.946966 0
    outer loop
      vertex 23.0941 15.3807 2.8
      vertex 22.6606 15.2336 5.8
      vertex 23.0941 15.3807 5.8
    endloop
  endfacet
  facet normal -0.321335 0.946966 0
    outer loop
      vertex 22.6606 15.2336 5.8
      vertex 23.0941 15.3807 2.8
      vertex 22.6606 15.2336 2.8
    endloop
  endfacet
  facet normal -0.831418 -0.555647 0
    outer loop
      vertex 21.2233 9.86934 2.8
      vertex 20.9689 10.25 5.8
      vertex 20.9689 10.25 2.8
    endloop
  endfacet
  facet normal -0.831418 -0.555647 0
    outer loop
      vertex 20.9689 10.25 5.8
      vertex 21.2233 9.86934 2.8
      vertex 21.2233 9.86934 5.8
    endloop
  endfacet
  facet normal 0.555532 -0.831495 0
    outer loop
      vertex 25.75 8.96891 2.8
      vertex 26.1307 9.22326 5.8
      vertex 25.75 8.96891 5.8
    endloop
  endfacet
  facet normal 0.555532 -0.831495 0
    outer loop
      vertex 26.1307 9.22326 5.8
      vertex 25.75 8.96891 2.8
      vertex 26.1307 9.22326 2.8
    endloop
  endfacet
  facet normal -0.946966 0.321335 0
    outer loop
      vertex 20.6193 12.9059 2.8
      vertex 20.7664 13.3394 5.8
      vertex 20.7664 13.3394 2.8
    endloop
  endfacet
  facet normal -0.946966 0.321335 0
    outer loop
      vertex 20.7664 13.3394 5.8
      vertex 20.6193 12.9059 2.8
      vertex 20.6193 12.9059 5.8
    endloop
  endfacet
  facet normal 0.321335 0.946966 -0
    outer loop
      vertex 25.3394 15.2336 2.8
      vertex 24.9059 15.3807 5.8
      vertex 25.3394 15.2336 5.8
    endloop
  endfacet
  facet normal 0.321335 0.946966 0
    outer loop
      vertex 24.9059 15.3807 5.8
      vertex 25.3394 15.2336 2.8
      vertex 24.9059 15.3807 2.8
    endloop
  endfacet
  facet normal 0.0653156 0.997865 -0
    outer loop
      vertex 24.4568 15.4701 2.8
      vertex 24 15.5 5.8
      vertex 24.4568 15.4701 5.8
    endloop
  endfacet
  facet normal 0.0653156 0.997865 0
    outer loop
      vertex 24 15.5 5.8
      vertex 24.4568 15.4701 2.8
      vertex 24 15.5 2.8
    endloop
  endfacet
  facet normal -0.442314 0.89686 0
    outer loop
      vertex 22.6606 15.2336 2.8
      vertex 22.25 15.0311 5.8
      vertex 22.6606 15.2336 5.8
    endloop
  endfacet
  facet normal -0.442314 0.89686 0
    outer loop
      vertex 22.25 15.0311 5.8
      vertex 22.6606 15.2336 2.8
      vertex 22.25 15.0311 2.8
    endloop
  endfacet
  facet normal 0.831418 -0.555647 0
    outer loop
      vertex 26.7767 9.86934 5.8
      vertex 27.0311 10.25 2.8
      vertex 27.0311 10.25 5.8
    endloop
  endfacet
  facet normal 0.831418 -0.555647 0
    outer loop
      vertex 27.0311 10.25 2.8
      vertex 26.7767 9.86934 5.8
      vertex 26.7767 9.86934 2.8
    endloop
  endfacet
  facet normal -0.997865 -0.0653156 0
    outer loop
      vertex 20.5299 11.5432 2.8
      vertex 20.5 12 5.8
      vertex 20.5 12 2.8
    endloop
  endfacet
  facet normal -0.997865 -0.0653156 0
    outer loop
      vertex 20.5 12 5.8
      vertex 20.5299 11.5432 2.8
      vertex 20.5299 11.5432 5.8
    endloop
  endfacet
  facet normal -0.946966 -0.321335 0
    outer loop
      vertex 20.7664 10.6606 2.8
      vertex 20.6193 11.0941 5.8
      vertex 20.6193 11.0941 2.8
    endloop
  endfacet
  facet normal -0.946966 -0.321335 0
    outer loop
      vertex 20.6193 11.0941 5.8
      vertex 20.7664 10.6606 2.8
      vertex 20.7664 10.6606 5.8
    endloop
  endfacet
  facet normal -0.659364 -0.751824 0
    outer loop
      vertex 21.5251 9.52513 2.8
      vertex 21.8693 9.22326 5.8
      vertex 21.5251 9.52513 5.8
    endloop
  endfacet
  facet normal -0.659364 -0.751824 -0
    outer loop
      vertex 21.8693 9.22326 5.8
      vertex 21.5251 9.52513 2.8
      vertex 21.8693 9.22326 2.8
    endloop
  endfacet
  facet normal 0.442314 0.89686 -0
    outer loop
      vertex 25.75 15.0311 2.8
      vertex 25.3394 15.2336 5.8
      vertex 25.75 15.0311 5.8
    endloop
  endfacet
  facet normal 0.442314 0.89686 0
    outer loop
      vertex 25.3394 15.2336 5.8
      vertex 25.75 15.0311 2.8
      vertex 25.3394 15.2336 2.8
    endloop
  endfacet
  facet normal -0.195234 0.980757 0
    outer loop
      vertex 23.5432 15.4701 2.8
      vertex 23.0941 15.3807 5.8
      vertex 23.5432 15.4701 5.8
    endloop
  endfacet
  facet normal -0.195234 0.980757 0
    outer loop
      vertex 23.0941 15.3807 5.8
      vertex 23.5432 15.4701 2.8
      vertex 23.0941 15.3807 2.8
    endloop
  endfacet
  facet normal 0.7519 0.659278 0
    outer loop
      vertex 26.7767 14.1307 5.8
      vertex 26.4749 14.4749 2.8
      vertex 26.4749 14.4749 5.8
    endloop
  endfacet
  facet normal 0.7519 0.659278 0
    outer loop
      vertex 26.4749 14.4749 2.8
      vertex 26.7767 14.1307 5.8
      vertex 26.7767 14.1307 2.8
    endloop
  endfacet
  facet normal 0.195234 0.980757 -0
    outer loop
      vertex 24.9059 15.3807 2.8
      vertex 24.4568 15.4701 5.8
      vertex 24.9059 15.3807 5.8
    endloop
  endfacet
  facet normal 0.195234 0.980757 0
    outer loop
      vertex 24.4568 15.4701 5.8
      vertex 24.9059 15.3807 2.8
      vertex 24.4568 15.4701 2.8
    endloop
  endfacet
  facet normal 0.751909 -0.659267 0
    outer loop
      vertex 26.4749 9.52513 5.8
      vertex 26.7767 9.86934 2.8
      vertex 26.7767 9.86934 5.8
    endloop
  endfacet
  facet normal 0.751909 -0.659267 0
    outer loop
      vertex 26.7767 9.86934 2.8
      vertex 26.4749 9.52513 5.8
      vertex 26.4749 9.52513 2.8
    endloop
  endfacet
  facet normal -0.442297 -0.896869 0
    outer loop
      vertex 22.25 8.96891 2.8
      vertex 22.6606 8.76642 5.8
      vertex 22.25 8.96891 5.8
    endloop
  endfacet
  facet normal -0.442297 -0.896869 -0
    outer loop
      vertex 22.6606 8.76642 5.8
      vertex 22.25 8.96891 2.8
      vertex 22.6606 8.76642 2.8
    endloop
  endfacet
  facet normal -0.980757 0.195234 0
    outer loop
      vertex 20.5299 12.4568 2.8
      vertex 20.6193 12.9059 5.8
      vertex 20.6193 12.9059 2.8
    endloop
  endfacet
  facet normal -0.980757 0.195234 0
    outer loop
      vertex 20.6193 12.9059 5.8
      vertex 20.5299 12.4568 2.8
      vertex 20.5299 12.4568 5.8
    endloop
  endfacet
  facet normal 0.0654026 -0.997859 0
    outer loop
      vertex 24 8.5 2.8
      vertex 24.4568 8.52994 5.8
      vertex 24 8.5 5.8
    endloop
  endfacet
  facet normal 0.0654026 -0.997859 0
    outer loop
      vertex 24.4568 8.52994 5.8
      vertex 24 8.5 2.8
      vertex 24.4568 8.52994 2.8
    endloop
  endfacet
  facet normal 0.442297 -0.896869 0
    outer loop
      vertex 25.3394 8.76642 2.8
      vertex 25.75 8.96891 5.8
      vertex 25.3394 8.76642 5.8
    endloop
  endfacet
  facet normal 0.442297 -0.896869 0
    outer loop
      vertex 25.75 8.96891 5.8
      vertex 25.3394 8.76642 2.8
      vertex 25.75 8.96891 2.8
    endloop
  endfacet
  facet normal 0.659364 -0.751824 0
    outer loop
      vertex 26.1307 9.22326 2.8
      vertex 26.4749 9.52513 5.8
      vertex 26.1307 9.22326 5.8
    endloop
  endfacet
  facet normal 0.659364 -0.751824 0
    outer loop
      vertex 26.4749 9.52513 5.8
      vertex 26.1307 9.22326 2.8
      vertex 26.4749 9.52513 2.8
    endloop
  endfacet
  facet normal -0.89686 -0.442314 0
    outer loop
      vertex 20.9689 10.25 2.8
      vertex 20.7664 10.6606 5.8
      vertex 20.7664 10.6606 2.8
    endloop
  endfacet
  facet normal -0.89686 -0.442314 0
    outer loop
      vertex 20.7664 10.6606 5.8
      vertex 20.9689 10.25 2.8
      vertex 20.9689 10.25 5.8
    endloop
  endfacet
  facet normal 0.89686 -0.442314 0
    outer loop
      vertex 27.0311 10.25 5.8
      vertex 27.2336 10.6606 2.8
      vertex 27.2336 10.6606 5.8
    endloop
  endfacet
  facet normal 0.89686 -0.442314 0
    outer loop
      vertex 27.2336 10.6606 2.8
      vertex 27.0311 10.25 5.8
      vertex 27.0311 10.25 2.8
    endloop
  endfacet
  facet normal 0.659278 0.7519 -0
    outer loop
      vertex 26.4749 14.4749 2.8
      vertex 26.1307 14.7767 5.8
      vertex 26.4749 14.4749 5.8
    endloop
  endfacet
  facet normal 0.659278 0.7519 0
    outer loop
      vertex 26.1307 14.7767 5.8
      vertex 26.4749 14.4749 2.8
      vertex 26.1307 14.7767 2.8
    endloop
  endfacet
  facet normal 0.997865 -0.0653156 0
    outer loop
      vertex 27.4701 11.5432 5.8
      vertex 27.5 12 2.8
      vertex 27.5 12 5.8
    endloop
  endfacet
  facet normal 0.997865 -0.0653156 0
    outer loop
      vertex 27.5 12 2.8
      vertex 27.4701 11.5432 5.8
      vertex 27.4701 11.5432 2.8
    endloop
  endfacet
  facet normal -0.555532 -0.831495 0
    outer loop
      vertex 21.8693 9.22326 2.8
      vertex 22.25 8.96891 5.8
      vertex 21.8693 9.22326 5.8
    endloop
  endfacet
  facet normal -0.555532 -0.831495 -0
    outer loop
      vertex 22.25 8.96891 5.8
      vertex 21.8693 9.22326 2.8
      vertex 22.25 8.96891 2.8
    endloop
  endfacet
  facet normal 0.89686 0.442314 0
    outer loop
      vertex 27.2336 13.3394 5.8
      vertex 27.0311 13.75 2.8
      vertex 27.0311 13.75 5.8
    endloop
  endfacet
  facet normal 0.89686 0.442314 0
    outer loop
      vertex 27.0311 13.75 2.8
      vertex 27.2336 13.3394 5.8
      vertex 27.2336 13.3394 2.8
    endloop
  endfacet
  facet normal 0.980757 -0.195234 0
    outer loop
      vertex 27.3807 11.0941 5.8
      vertex 27.4701 11.5432 2.8
      vertex 27.4701 11.5432 5.8
    endloop
  endfacet
  facet normal 0.980757 -0.195234 0
    outer loop
      vertex 27.4701 11.5432 2.8
      vertex 27.3807 11.0941 5.8
      vertex 27.3807 11.0941 2.8
    endloop
  endfacet
  facet normal 0.946966 0.321335 0
    outer loop
      vertex 27.3807 12.9059 5.8
      vertex 27.2336 13.3394 2.8
      vertex 27.2336 13.3394 5.8
    endloop
  endfacet
  facet normal 0.946966 0.321335 0
    outer loop
      vertex 27.2336 13.3394 2.8
      vertex 27.3807 12.9059 5.8
      vertex 27.3807 12.9059 2.8
    endloop
  endfacet
  facet normal -0.0653156 0.997865 0
    outer loop
      vertex 24 15.5 2.8
      vertex 23.5432 15.4701 5.8
      vertex 24 15.5 5.8
    endloop
  endfacet
  facet normal -0.0653156 0.997865 0
    outer loop
      vertex 23.5432 15.4701 5.8
      vertex 24 15.5 2.8
      vertex 23.5432 15.4701 2.8
    endloop
  endfacet
  facet normal -0.980757 -0.195234 0
    outer loop
      vertex 20.6193 11.0941 2.8
      vertex 20.5299 11.5432 5.8
      vertex 20.5299 11.5432 2.8
    endloop
  endfacet
  facet normal -0.980757 -0.195234 0
    outer loop
      vertex 20.5299 11.5432 5.8
      vertex 20.6193 11.0941 2.8
      vertex 20.6193 11.0941 5.8
    endloop
  endfacet
  facet normal 0 0 1
    outer loop
      vertex 25.225 12 5.8
      vertex 27.5 12 5.8
      vertex 27.4701 12.4568 5.8
    endloop
  endfacet
  facet normal 0 0 1
    outer loop
      vertex 25.2145 12.1599 5.8
      vertex 27.4701 12.4568 5.8
      vertex 27.3807 12.9059 5.8
    endloop
  endfacet
  facet normal 0 0 1
    outer loop
      vertex 27.5 12 5.8
      vertex 25.225 12 5.8
      vertex 27.4701 11.5432 5.8
    endloop
  endfacet
  facet normal 0 0 1
    outer loop
      vertex 25.1833 12.3171 5.8
      vertex 27.3807 12.9059 5.8
      vertex 27.2336 13.3394 5.8
    endloop
  endfacet
  facet normal -0 0 1
    outer loop
      vertex 25.2145 11.8401 5.8
      vertex 27.4701 11.5432 5.8
      vertex 25.225 12 5.8
    endloop
  endfacet
  facet normal 0 0 1
    outer loop
      vertex 25.1318 12.4688 5.8
      vertex 27.2336 13.3394 5.8
      vertex 27.0311 13.75 5.8
    endloop
  endfacet
  facet normal 0 0 1
    outer loop
      vertex 27.4701 11.5432 5.8
      vertex 25.2145 11.8401 5.8
      vertex 27.3807 11.0941 5.8
    endloop
  endfacet
  facet normal 0 0 1
    outer loop
      vertex 25.0609 12.6125 5.8
      vertex 27.0311 13.75 5.8
      vertex 26.7767 14.1307 5.8
    endloop
  endfacet
  facet normal -0 0 1
    outer loop
      vertex 25.1833 11.6829 5.8
      vertex 27.3807 11.0941 5.8
      vertex 25.2145 11.8401 5.8
    endloop
  endfacet
  facet normal 0 0 1
    outer loop
      vertex 24.9719 12.7457 5.8
      vertex 26.7767 14.1307 5.8
      vertex 26.4749 14.4749 5.8
    endloop
  endfacet
  facet normal 0 0 1
    outer loop
      vertex 27.3807 11.0941 5.8
      vertex 25.1833 11.6829 5.8
      vertex 27.2336 10.6606 5.8
    endloop
  endfacet
  facet normal 0 0 1
    outer loop
      vertex 24.8662 12.8662 5.8
      vertex 26.4749 14.4749 5.8
      vertex 26.1307 14.7767 5.8
    endloop
  endfacet
  facet normal -0 0 1
    outer loop
      vertex 25.1318 11.5312 5.8
      vertex 27.2336 10.6606 5.8
      vertex 25.1833 11.6829 5.8
    endloop
  endfacet
  facet normal 0 0 1
    outer loop
      vertex 24.7457 12.9719 5.8
      vertex 26.1307 14.7767 5.8
      vertex 25.75 15.0311 5.8
    endloop
  endfacet
  facet normal 0 0 1
    outer loop
      vertex 27.2336 10.6606 5.8
      vertex 25.1318 11.5312 5.8
      vertex 27.0311 10.25 5.8
    endloop
  endfacet
  facet normal 0 0 1
    outer loop
      vertex 24.6125 13.0609 5.8
      vertex 25.75 15.0311 5.8
      vertex 25.3394 15.2336 5.8
    endloop
  endfacet
  facet normal -0 0 1
    outer loop
      vertex 25.0609 11.3875 5.8
      vertex 27.0311 10.25 5.8
      vertex 25.1318 11.5312 5.8
    endloop
  endfacet
  facet normal 0 0 1
    outer loop
      vertex 27.0311 10.25 5.8
      vertex 25.0609 11.3875 5.8
      vertex 26.7767 9.86934 5.8
    endloop
  endfacet
  facet normal 0 0 1
    outer loop
      vertex 27.4701 12.4568 5.8
      vertex 25.2145 12.1599 5.8
      vertex 25.225 12 5.8
    endloop
  endfacet
  facet normal 0 0 1
    outer loop
      vertex 27.3807 12.9059 5.8
      vertex 25.1833 12.3171 5.8
      vertex 25.2145 12.1599 5.8
    endloop
  endfacet
  facet normal 0 0 1
    outer loop
      vertex 27.2336 13.3394 5.8
      vertex 25.1318 12.4688 5.8
      vertex 25.1833 12.3171 5.8
    endloop
  endfacet
  facet normal 0 0 1
    outer loop
      vertex 27.0311 13.75 5.8
      vertex 25.0609 12.6125 5.8
      vertex 25.1318 12.4688 5.8
    endloop
  endfacet
  facet normal 0 0 1
    outer loop
      vertex 26.7767 14.1307 5.8
      vertex 24.9719 12.7457 5.8
      vertex 25.0609 12.6125 5.8
    endloop
  endfacet
  facet normal 0 0 1
    outer loop
      vertex 24.4688 13.1318 5.8
      vertex 25.3394 15.2336 5.8
      vertex 24.9059 15.3807 5.8
    endloop
  endfacet
  facet normal 0 0 1
    outer loop
      vertex 26.4749 14.4749 5.8
      vertex 24.8662 12.8662 5.8
      vertex 24.9719 12.7457 5.8
    endloop
  endfacet
  facet normal 0 0 1
    outer loop
      vertex 26.1307 14.7767 5.8
      vertex 24.7457 12.9719 5.8
      vertex 24.8662 12.8662 5.8
    endloop
  endfacet
  facet normal 0 0 1
    outer loop
      vertex 25.75 15.0311 5.8
      vertex 24.6125 13.0609 5.8
      vertex 24.7457 12.9719 5.8
    endloop
  endfacet
  facet normal 0 0 1
    outer loop
      vertex 25.3394 15.2336 5.8
      vertex 24.4688 13.1318 5.8
      vertex 24.6125 13.0609 5.8
    endloop
  endfacet
  facet normal 0 0 1
    outer loop
      vertex 24.3171 13.1833 5.8
      vertex 24.9059 15.3807 5.8
      vertex 24.4568 15.4701 5.8
    endloop
  endfacet
  facet normal 0 0 1
    outer loop
      vertex 24.9059 15.3807 5.8
      vertex 24.3171 13.1833 5.8
      vertex 24.4688 13.1318 5.8
    endloop
  endfacet
  facet normal 0 0 1
    outer loop
      vertex 24.4568 15.4701 5.8
      vertex 24.1599 13.2145 5.8
      vertex 24.3171 13.1833 5.8
    endloop
  endfacet
  facet normal 0 0 1
    outer loop
      vertex 24 15.5 5.8
      vertex 24.1599 13.2145 5.8
      vertex 24.4568 15.4701 5.8
    endloop
  endfacet
  facet normal 0 0 1
    outer loop
      vertex 24 15.5 5.8
      vertex 24 13.225 5.8
      vertex 24.1599 13.2145 5.8
    endloop
  endfacet
  facet normal 0 0 1
    outer loop
      vertex 24 15.5 5.8
      vertex 23.8401 13.2145 5.8
      vertex 24 13.225 5.8
    endloop
  endfacet
  facet normal -0 0 1
    outer loop
      vertex 23.5432 15.4701 5.8
      vertex 23.8401 13.2145 5.8
      vertex 24 15.5 5.8
    endloop
  endfacet
  facet normal 0 0 1
    outer loop
      vertex 23.8401 13.2145 5.8
      vertex 23.5432 15.4701 5.8
      vertex 23.6829 13.1833 5.8
    endloop
  endfacet
  facet normal -0 0 1
    outer loop
      vertex 23.0941 15.3807 5.8
      vertex 23.6829 13.1833 5.8
      vertex 23.5432 15.4701 5.8
    endloop
  endfacet
  facet normal 0 0 1
    outer loop
      vertex 23.6829 13.1833 5.8
      vertex 23.0941 15.3807 5.8
      vertex 23.5312 13.1318 5.8
    endloop
  endfacet
  facet normal -0 0 1
    outer loop
      vertex 22.6606 15.2336 5.8
      vertex 23.5312 13.1318 5.8
      vertex 23.0941 15.3807 5.8
    endloop
  endfacet
  facet normal 0 0 1
    outer loop
      vertex 23.5312 13.1318 5.8
      vertex 22.6606 15.2336 5.8
      vertex 23.3875 13.0609 5.8
    endloop
  endfacet
  facet normal -0 0 1
    outer loop
      vertex 22.25 15.0311 5.8
      vertex 23.3875 13.0609 5.8
      vertex 22.6606 15.2336 5.8
    endloop
  endfacet
  facet normal 0 0 1
    outer loop
      vertex 23.3875 13.0609 5.8
      vertex 22.25 15.0311 5.8
      vertex 23.2543 12.9719 5.8
    endloop
  endfacet
  facet normal -0 0 1
    outer loop
      vertex 21.8693 14.7767 5.8
      vertex 23.2543 12.9719 5.8
      vertex 22.25 15.0311 5.8
    endloop
  endfacet
  facet normal 0 0 1
    outer loop
      vertex 23.2543 12.9719 5.8
      vertex 21.8693 14.7767 5.8
      vertex 23.1338 12.8662 5.8
    endloop
  endfacet
  facet normal -0 0 1
    outer loop
      vertex 21.5251 14.4749 5.8
      vertex 23.1338 12.8662 5.8
      vertex 21.8693 14.7767 5.8
    endloop
  endfacet
  facet normal 0 0 1
    outer loop
      vertex 23.1338 12.8662 5.8
      vertex 21.5251 14.4749 5.8
      vertex 23.0281 12.7457 5.8
    endloop
  endfacet
  facet normal 0 0 1
    outer loop
      vertex 23.0281 12.7457 5.8
      vertex 21.2233 14.1307 5.8
      vertex 22.9391 12.6125 5.8
    endloop
  endfacet
  facet normal -0 0 1
    outer loop
      vertex 21.2233 14.1307 5.8
      vertex 23.0281 12.7457 5.8
      vertex 21.5251 14.4749 5.8
    endloop
  endfacet
  facet normal -0 0 1
    outer loop
      vertex 24.9719 11.2543 5.8
      vertex 26.7767 9.86934 5.8
      vertex 25.0609 11.3875 5.8
    endloop
  endfacet
  facet normal 0 0 1
    outer loop
      vertex 26.7767 9.86934 5.8
      vertex 24.9719 11.2543 5.8
      vertex 26.4749 9.52513 5.8
    endloop
  endfacet
  facet normal -0 0 1
    outer loop
      vertex 24.8662 11.1338 5.8
      vertex 26.4749 9.52513 5.8
      vertex 24.9719 11.2543 5.8
    endloop
  endfacet
  facet normal 0 0 1
    outer loop
      vertex 26.4749 9.52513 5.8
      vertex 24.8662 11.1338 5.8
      vertex 26.1307 9.22326 5.8
    endloop
  endfacet
  facet normal -0 0 1
    outer loop
      vertex 24.7457 11.0281 5.8
      vertex 26.1307 9.22326 5.8
      vertex 24.8662 11.1338 5.8
    endloop
  endfacet
  facet normal 0 0 1
    outer loop
      vertex 26.1307 9.22326 5.8
      vertex 24.7457 11.0281 5.8
      vertex 25.75 8.96891 5.8
    endloop
  endfacet
  facet normal -0 0 1
    outer loop
      vertex 24.6125 10.9391 5.8
      vertex 25.75 8.96891 5.8
      vertex 24.7457 11.0281 5.8
    endloop
  endfacet
  facet normal 0 0 1
    outer loop
      vertex 25.75 8.96891 5.8
      vertex 24.6125 10.9391 5.8
      vertex 25.3394 8.76642 5.8
    endloop
  endfacet
  facet normal -0 0 1
    outer loop
      vertex 24.4688 10.8682 5.8
      vertex 25.3394 8.76642 5.8
      vertex 24.6125 10.9391 5.8
    endloop
  endfacet
  facet normal 0 0 1
    outer loop
      vertex 25.3394 8.76642 5.8
      vertex 24.4688 10.8682 5.8
      vertex 24.9059 8.61926 5.8
    endloop
  endfacet
  facet normal -0 0 1
    outer loop
      vertex 24.3171 10.8167 5.8
      vertex 24.9059 8.61926 5.8
      vertex 24.4688 10.8682 5.8
    endloop
  endfacet
  facet normal 0 0 1
    outer loop
      vertex 24.9059 8.61926 5.8
      vertex 24.3171 10.8167 5.8
      vertex 24.4568 8.52994 5.8
    endloop
  endfacet
  facet normal -0 0 1
    outer loop
      vertex 24.1599 10.7855 5.8
      vertex 24.4568 8.52994 5.8
      vertex 24.3171 10.8167 5.8
    endloop
  endfacet
  facet normal -0 0 1
    outer loop
      vertex 24 10.775 5.8
      vertex 24.4568 8.52994 5.8
      vertex 24.1599 10.7855 5.8
    endloop
  endfacet
  facet normal 0 0 1
    outer loop
      vertex 24 10.775 5.8
      vertex 24 8.5 5.8
      vertex 24.4568 8.52994 5.8
    endloop
  endfacet
  facet normal 0 0 1
    outer loop
      vertex 23.8401 10.7855 5.8
      vertex 24 8.5 5.8
      vertex 24 10.775 5.8
    endloop
  endfacet
  facet normal 0 0 1
    outer loop
      vertex 23.5432 8.52994 5.8
      vertex 23.8401 10.7855 5.8
      vertex 23.6829 10.8167 5.8
    endloop
  endfacet
  facet normal 0 0 1
    outer loop
      vertex 23.8401 10.7855 5.8
      vertex 23.5432 8.52994 5.8
      vertex 24 8.5 5.8
    endloop
  endfacet
  facet normal 0 0 1
    outer loop
      vertex 23.0941 8.61926 5.8
      vertex 23.6829 10.8167 5.8
      vertex 23.5312 10.8682 5.8
    endloop
  endfacet
  facet normal 0 0 1
    outer loop
      vertex 22.6606 8.76642 5.8
      vertex 23.5312 10.8682 5.8
      vertex 23.3875 10.9391 5.8
    endloop
  endfacet
  facet normal 0 0 1
    outer loop
      vertex 22.25 8.96891 5.8
      vertex 23.3875 10.9391 5.8
      vertex 23.2543 11.0281 5.8
    endloop
  endfacet
  facet normal 0 0 1
    outer loop
      vertex 21.8693 9.22326 5.8
      vertex 23.2543 11.0281 5.8
      vertex 23.1338 11.1338 5.8
    endloop
  endfacet
  facet normal 0 0 1
    outer loop
      vertex 23.6829 10.8167 5.8
      vertex 23.0941 8.61926 5.8
      vertex 23.5432 8.52994 5.8
    endloop
  endfacet
  facet normal 0 0 1
    outer loop
      vertex 21.5251 9.52513 5.8
      vertex 23.1338 11.1338 5.8
      vertex 23.0281 11.2543 5.8
    endloop
  endfacet
  facet normal 0 0 1
    outer loop
      vertex 21.2233 9.86934 5.8
      vertex 23.0281 11.2543 5.8
      vertex 22.9391 11.3875 5.8
    endloop
  endfacet
  facet normal 0 0 1
    outer loop
      vertex 20.9689 10.25 5.8
      vertex 22.9391 11.3875 5.8
      vertex 22.8682 11.5312 5.8
    endloop
  endfacet
  facet normal 0 0 1
    outer loop
      vertex 20.7664 10.6606 5.8
      vertex 22.8682 11.5312 5.8
      vertex 22.8167 11.6829 5.8
    endloop
  endfacet
  facet normal 0 0 1
    outer loop
      vertex 20.6193 11.0941 5.8
      vertex 22.8167 11.6829 5.8
      vertex 22.7855 11.8401 5.8
    endloop
  endfacet
  facet normal 0 0 1
    outer loop
      vertex 23.5312 10.8682 5.8
      vertex 22.6606 8.76642 5.8
      vertex 23.0941 8.61926 5.8
    endloop
  endfacet
  facet normal 0 0 1
    outer loop
      vertex 20.5299 11.5432 5.8
      vertex 22.7855 11.8401 5.8
      vertex 22.775 12 5.8
    endloop
  endfacet
  facet normal -0 0 1
    outer loop
      vertex 20.9689 13.75 5.8
      vertex 22.9391 12.6125 5.8
      vertex 21.2233 14.1307 5.8
    endloop
  endfacet
  facet normal 0 0 1
    outer loop
      vertex 22.9391 12.6125 5.8
      vertex 20.9689 13.75 5.8
      vertex 22.8682 12.4688 5.8
    endloop
  endfacet
  facet normal 0 0 1
    outer loop
      vertex 23.3875 10.9391 5.8
      vertex 22.25 8.96891 5.8
      vertex 22.6606 8.76642 5.8
    endloop
  endfacet
  facet normal -0 0 1
    outer loop
      vertex 20.7664 13.3394 5.8
      vertex 22.8682 12.4688 5.8
      vertex 20.9689 13.75 5.8
    endloop
  endfacet
  facet normal 0 0 1
    outer loop
      vertex 23.2543 11.0281 5.8
      vertex 21.8693 9.22326 5.8
      vertex 22.25 8.96891 5.8
    endloop
  endfacet
  facet normal 0 0 1
    outer loop
      vertex 22.8682 12.4688 5.8
      vertex 20.7664 13.3394 5.8
      vertex 22.8167 12.3171 5.8
    endloop
  endfacet
  facet normal 0 0 1
    outer loop
      vertex 23.1338 11.1338 5.8
      vertex 21.5251 9.52513 5.8
      vertex 21.8693 9.22326 5.8
    endloop
  endfacet
  facet normal -0 0 1
    outer loop
      vertex 20.6193 12.9059 5.8
      vertex 22.8167 12.3171 5.8
      vertex 20.7664 13.3394 5.8
    endloop
  endfacet
  facet normal 0 0 1
    outer loop
      vertex 23.0281 11.2543 5.8
      vertex 21.2233 9.86934 5.8
      vertex 21.5251 9.52513 5.8
    endloop
  endfacet
  facet normal 0 0 1
    outer loop
      vertex 22.8167 12.3171 5.8
      vertex 20.6193 12.9059 5.8
      vertex 22.7855 12.1599 5.8
    endloop
  endfacet
  facet normal 0 0 1
    outer loop
      vertex 22.9391 11.3875 5.8
      vertex 20.9689 10.25 5.8
      vertex 21.2233 9.86934 5.8
    endloop
  endfacet
  facet normal -0 0 1
    outer loop
      vertex 20.5299 12.4568 5.8
      vertex 22.7855 12.1599 5.8
      vertex 20.6193 12.9059 5.8
    endloop
  endfacet
  facet normal 0 0 1
    outer loop
      vertex 22.8682 11.5312 5.8
      vertex 20.7664 10.6606 5.8
      vertex 20.9689 10.25 5.8
    endloop
  endfacet
  facet normal 0 0 1
    outer loop
      vertex 22.7855 12.1599 5.8
      vertex 20.5299 12.4568 5.8
      vertex 22.775 12 5.8
    endloop
  endfacet
  facet normal 0 0 1
    outer loop
      vertex 22.8167 11.6829 5.8
      vertex 20.6193 11.0941 5.8
      vertex 20.7664 10.6606 5.8
    endloop
  endfacet
  facet normal 0 0 1
    outer loop
      vertex 20.5 12 5.8
      vertex 22.775 12 5.8
      vertex 20.5299 12.4568 5.8
    endloop
  endfacet
  facet normal 0 0 1
    outer loop
      vertex 22.7855 11.8401 5.8
      vertex 20.5299 11.5432 5.8
      vertex 20.6193 11.0941 5.8
    endloop
  endfacet
  facet normal 0 0 1
    outer loop
      vertex 22.775 12 5.8
      vertex 20.5 12 5.8
      vertex 20.5299 11.5432 5.8
    endloop
  endfacet
  facet normal -0.195066 -0.98079 0
    outer loop
      vertex 23.0941 8.61926 2.8
      vertex 23.5432 8.52994 5.8
      vertex 23.0941 8.61926 5.8
    endloop
  endfacet
  facet normal -0.195066 -0.98079 -0
    outer loop
      vertex 23.5432 8.52994 5.8
      vertex 23.0941 8.61926 2.8
      vertex 23.5432 8.52994 2.8
    endloop
  endfacet
  facet normal -0.831445 0.555607 0
    outer loop
      vertex 20.9689 13.75 2.8
      vertex 21.2233 14.1307 5.8
      vertex 21.2233 14.1307 2.8
    endloop
  endfacet
  facet normal -0.831445 0.555607 0
    outer loop
      vertex 21.2233 14.1307 5.8
      vertex 20.9689 13.75 2.8
      vertex 20.9689 13.75 5.8
    endloop
  endfacet
  facet normal -0.0654026 -0.997859 0
    outer loop
      vertex 23.5432 8.52994 2.8
      vertex 24 8.5 5.8
      vertex 23.5432 8.52994 5.8
    endloop
  endfacet
  facet normal -0.0654026 -0.997859 -0
    outer loop
      vertex 24 8.5 5.8
      vertex 23.5432 8.52994 2.8
      vertex 24 8.5 2.8
    endloop
  endfacet
  facet normal 0.980868 0.194676 0
    outer loop
      vertex 25.2145 12.1599 8.8
      vertex 25.1833 12.3171 5.8
      vertex 25.1833 12.3171 8.8
    endloop
  endfacet
  facet normal 0.980868 0.194676 0
    outer loop
      vertex 25.1833 12.3171 5.8
      vertex 25.2145 12.1599 8.8
      vertex 25.2145 12.1599 5.8
    endloop
  endfacet
  facet normal 0.997851 0.0655249 0
    outer loop
      vertex 25.225 12 8.8
      vertex 25.2145 12.1599 5.8
      vertex 25.2145 12.1599 8.8
    endloop
  endfacet
  facet normal 0.997851 0.0655249 0
    outer loop
      vertex 25.2145 12.1599 5.8
      vertex 25.225 12 8.8
      vertex 25.225 12 5.8
    endloop
  endfacet
  facet normal 0.831474 0.555564 0
    outer loop
      vertex 25.0609 12.6125 8.8
      vertex 24.9719 12.7457 5.8
      vertex 24.9719 12.7457 8.8
    endloop
  endfacet
  facet normal 0.831474 0.555564 0
    outer loop
      vertex 24.9719 12.7457 5.8
      vertex 25.0609 12.6125 8.8
      vertex 25.0609 12.6125 5.8
    endloop
  endfacet
  facet normal 0.896786 -0.442464 0
    outer loop
      vertex 25.0609 11.3875 8.8
      vertex 25.1318 11.5312 5.8
      vertex 25.1318 11.5312 8.8
    endloop
  endfacet
  facet normal 0.896786 -0.442464 0
    outer loop
      vertex 25.1318 11.5312 5.8
      vertex 25.0609 11.3875 8.8
      vertex 25.0609 11.3875 5.8
    endloop
  endfacet
  facet normal 0.659432 0.751765 -0
    outer loop
      vertex 24.8662 12.8662 5.8
      vertex 24.7457 12.9719 8.8
      vertex 24.8662 12.8662 8.8
    endloop
  endfacet
  facet normal 0.659432 0.751765 0
    outer loop
      vertex 24.7457 12.9719 8.8
      vertex 24.8662 12.8662 5.8
      vertex 24.7457 12.9719 5.8
    endloop
  endfacet
  facet normal -0.555564 -0.831474 0
    outer loop
      vertex 23.2543 11.0281 5.8
      vertex 23.3875 10.9391 8.8
      vertex 23.2543 11.0281 8.8
    endloop
  endfacet
  facet normal -0.555564 -0.831474 -0
    outer loop
      vertex 23.3875 10.9391 8.8
      vertex 23.2543 11.0281 5.8
      vertex 23.3875 10.9391 5.8
    endloop
  endfacet
  facet normal 0.555564 0.831474 -0
    outer loop
      vertex 24.7457 12.9719 5.8
      vertex 24.6125 13.0609 8.8
      vertex 24.7457 12.9719 8.8
    endloop
  endfacet
  facet normal 0.555564 0.831474 0
    outer loop
      vertex 24.6125 13.0609 8.8
      vertex 24.7457 12.9719 5.8
      vertex 24.6125 13.0609 5.8
    endloop
  endfacet
  facet normal 0.659432 -0.751765 0
    outer loop
      vertex 24.7457 11.0281 5.8
      vertex 24.8662 11.1338 8.8
      vertex 24.7457 11.0281 8.8
    endloop
  endfacet
  facet normal 0.659432 -0.751765 0
    outer loop
      vertex 24.8662 11.1338 8.8
      vertex 24.7457 11.0281 5.8
      vertex 24.8662 11.1338 5.8
    endloop
  endfacet
  facet normal 0.831474 -0.555564 0
    outer loop
      vertex 24.9719 11.2543 8.8
      vertex 25.0609 11.3875 5.8
      vertex 25.0609 11.3875 8.8
    endloop
  endfacet
  facet normal 0.831474 -0.555564 0
    outer loop
      vertex 25.0609 11.3875 5.8
      vertex 24.9719 11.2543 8.8
      vertex 24.9719 11.2543 5.8
    endloop
  endfacet
  facet normal -0.321466 -0.946921 0
    outer loop
      vertex 23.5312 10.8682 5.8
      vertex 23.6829 10.8167 8.8
      vertex 23.5312 10.8682 8.8
    endloop
  endfacet
  facet normal -0.321466 -0.946921 -0
    outer loop
      vertex 23.6829 10.8167 8.8
      vertex 23.5312 10.8682 5.8
      vertex 23.6829 10.8167 5.8
    endloop
  endfacet
  facet normal 0.946921 -0.321466 0
    outer loop
      vertex 25.1318 11.5312 8.8
      vertex 25.1833 11.6829 5.8
      vertex 25.1833 11.6829 8.8
    endloop
  endfacet
  facet normal 0.946921 -0.321466 0
    outer loop
      vertex 25.1833 11.6829 5.8
      vertex 25.1318 11.5312 8.8
      vertex 25.1318 11.5312 5.8
    endloop
  endfacet
  facet normal 0.321466 0.946921 -0
    outer loop
      vertex 24.4688 13.1318 5.8
      vertex 24.3171 13.1833 8.8
      vertex 24.4688 13.1318 8.8
    endloop
  endfacet
  facet normal 0.321466 0.946921 0
    outer loop
      vertex 24.3171 13.1833 8.8
      vertex 24.4688 13.1318 5.8
      vertex 24.3171 13.1833 5.8
    endloop
  endfacet
  facet normal -0.997851 0.0655249 0
    outer loop
      vertex 22.775 12 5.8
      vertex 22.7855 12.1599 8.8
      vertex 22.7855 12.1599 5.8
    endloop
  endfacet
  facet normal -0.997851 0.0655249 0
    outer loop
      vertex 22.7855 12.1599 8.8
      vertex 22.775 12 5.8
      vertex 22.775 12 8.8
    endloop
  endfacet
  facet normal -0.980868 -0.194676 0
    outer loop
      vertex 22.8167 11.6829 5.8
      vertex 22.7855 11.8401 8.8
      vertex 22.7855 11.8401 5.8
    endloop
  endfacet
  facet normal -0.980868 -0.194676 0
    outer loop
      vertex 22.7855 11.8401 8.8
      vertex 22.8167 11.6829 5.8
      vertex 22.8167 11.6829 8.8
    endloop
  endfacet
  facet normal -0.442464 -0.896786 0
    outer loop
      vertex 23.3875 10.9391 5.8
      vertex 23.5312 10.8682 8.8
      vertex 23.3875 10.9391 8.8
    endloop
  endfacet
  facet normal -0.442464 -0.896786 -0
    outer loop
      vertex 23.5312 10.8682 8.8
      vertex 23.3875 10.9391 5.8
      vertex 23.5312 10.8682 5.8
    endloop
  endfacet
  facet normal 0.194676 -0.980868 0
    outer loop
      vertex 24.1599 10.7855 5.8
      vertex 24.3171 10.8167 8.8
      vertex 24.1599 10.7855 8.8
    endloop
  endfacet
  facet normal 0.194676 -0.980868 0
    outer loop
      vertex 24.3171 10.8167 8.8
      vertex 24.1599 10.7855 5.8
      vertex 24.3171 10.8167 5.8
    endloop
  endfacet
  facet normal 0.751765 -0.659432 0
    outer loop
      vertex 24.8662 11.1338 8.8
      vertex 24.9719 11.2543 5.8
      vertex 24.9719 11.2543 8.8
    endloop
  endfacet
  facet normal 0.751765 -0.659432 0
    outer loop
      vertex 24.9719 11.2543 5.8
      vertex 24.8662 11.1338 8.8
      vertex 24.8662 11.1338 5.8
    endloop
  endfacet
  facet normal -0.659432 -0.751765 0
    outer loop
      vertex 23.1338 11.1338 5.8
      vertex 23.2543 11.0281 8.8
      vertex 23.1338 11.1338 8.8
    endloop
  endfacet
  facet normal -0.659432 -0.751765 -0
    outer loop
      vertex 23.2543 11.0281 8.8
      vertex 23.1338 11.1338 5.8
      vertex 23.2543 11.0281 5.8
    endloop
  endfacet
  facet normal -0.659432 0.751765 0
    outer loop
      vertex 23.2543 12.9719 5.8
      vertex 23.1338 12.8662 8.8
      vertex 23.2543 12.9719 8.8
    endloop
  endfacet
  facet normal -0.659432 0.751765 0
    outer loop
      vertex 23.1338 12.8662 8.8
      vertex 23.2543 12.9719 5.8
      vertex 23.1338 12.8662 5.8
    endloop
  endfacet
  facet normal 0.980868 -0.194676 0
    outer loop
      vertex 25.1833 11.6829 8.8
      vertex 25.2145 11.8401 5.8
      vertex 25.2145 11.8401 8.8
    endloop
  endfacet
  facet normal 0.980868 -0.194676 0
    outer loop
      vertex 25.2145 11.8401 5.8
      vertex 25.1833 11.6829 8.8
      vertex 25.1833 11.6829 5.8
    endloop
  endfacet
  facet normal -0.831474 -0.555564 0
    outer loop
      vertex 23.0281 11.2543 5.8
      vertex 22.9391 11.3875 8.8
      vertex 22.9391 11.3875 5.8
    endloop
  endfacet
  facet normal -0.831474 -0.555564 0
    outer loop
      vertex 22.9391 11.3875 8.8
      vertex 23.0281 11.2543 5.8
      vertex 23.0281 11.2543 8.8
    endloop
  endfacet
  facet normal 0.997851 -0.0655249 0
    outer loop
      vertex 25.2145 11.8401 8.8
      vertex 25.225 12 5.8
      vertex 25.225 12 8.8
    endloop
  endfacet
  facet normal 0.997851 -0.0655249 0
    outer loop
      vertex 25.225 12 5.8
      vertex 25.2145 11.8401 8.8
      vertex 25.2145 11.8401 5.8
    endloop
  endfacet
  facet normal 0.321466 -0.946921 0
    outer loop
      vertex 24.3171 10.8167 5.8
      vertex 24.4688 10.8682 8.8
      vertex 24.3171 10.8167 8.8
    endloop
  endfacet
  facet normal 0.321466 -0.946921 0
    outer loop
      vertex 24.4688 10.8682 8.8
      vertex 24.3171 10.8167 5.8
      vertex 24.4688 10.8682 5.8
    endloop
  endfacet
  facet normal 0.442464 -0.896786 0
    outer loop
      vertex 24.4688 10.8682 5.8
      vertex 24.6125 10.9391 8.8
      vertex 24.4688 10.8682 8.8
    endloop
  endfacet
  facet normal 0.442464 -0.896786 0
    outer loop
      vertex 24.6125 10.9391 8.8
      vertex 24.4688 10.8682 5.8
      vertex 24.6125 10.9391 5.8
    endloop
  endfacet
  facet normal 0.896786 0.442464 0
    outer loop
      vertex 25.1318 12.4688 8.8
      vertex 25.0609 12.6125 5.8
      vertex 25.0609 12.6125 8.8
    endloop
  endfacet
  facet normal 0.896786 0.442464 0
    outer loop
      vertex 25.0609 12.6125 5.8
      vertex 25.1318 12.4688 8.8
      vertex 25.1318 12.4688 5.8
    endloop
  endfacet
  facet normal 0.442464 0.896786 -0
    outer loop
      vertex 24.6125 13.0609 5.8
      vertex 24.4688 13.1318 8.8
      vertex 24.6125 13.0609 8.8
    endloop
  endfacet
  facet normal 0.442464 0.896786 0
    outer loop
      vertex 24.4688 13.1318 8.8
      vertex 24.6125 13.0609 5.8
      vertex 24.4688 13.1318 5.8
    endloop
  endfacet
  facet normal -0.555564 0.831474 0
    outer loop
      vertex 23.3875 13.0609 5.8
      vertex 23.2543 12.9719 8.8
      vertex 23.3875 13.0609 8.8
    endloop
  endfacet
  facet normal -0.555564 0.831474 0
    outer loop
      vertex 23.2543 12.9719 8.8
      vertex 23.3875 13.0609 5.8
      vertex 23.2543 12.9719 5.8
    endloop
  endfacet
  facet normal 0.194676 0.980868 -0
    outer loop
      vertex 24.3171 13.1833 5.8
      vertex 24.1599 13.2145 8.8
      vertex 24.3171 13.1833 8.8
    endloop
  endfacet
  facet normal 0.194676 0.980868 0
    outer loop
      vertex 24.1599 13.2145 8.8
      vertex 24.3171 13.1833 5.8
      vertex 24.1599 13.2145 5.8
    endloop
  endfacet
  facet normal -0.831474 0.555564 0
    outer loop
      vertex 22.9391 12.6125 5.8
      vertex 23.0281 12.7457 8.8
      vertex 23.0281 12.7457 5.8
    endloop
  endfacet
  facet normal -0.831474 0.555564 0
    outer loop
      vertex 23.0281 12.7457 8.8
      vertex 22.9391 12.6125 5.8
      vertex 22.9391 12.6125 8.8
    endloop
  endfacet
  facet normal -0.321466 0.946921 0
    outer loop
      vertex 23.6829 13.1833 5.8
      vertex 23.5312 13.1318 8.8
      vertex 23.6829 13.1833 8.8
    endloop
  endfacet
  facet normal -0.321466 0.946921 0
    outer loop
      vertex 23.5312 13.1318 8.8
      vertex 23.6829 13.1833 5.8
      vertex 23.5312 13.1318 5.8
    endloop
  endfacet
  facet normal -0.194676 0.980868 0
    outer loop
      vertex 23.8401 13.2145 5.8
      vertex 23.6829 13.1833 8.8
      vertex 23.8401 13.2145 8.8
    endloop
  endfacet
  facet normal -0.194676 0.980868 0
    outer loop
      vertex 23.6829 13.1833 8.8
      vertex 23.8401 13.2145 5.8
      vertex 23.6829 13.1833 5.8
    endloop
  endfacet
  facet normal -0.946921 -0.321466 0
    outer loop
      vertex 22.8682 11.5312 5.8
      vertex 22.8167 11.6829 8.8
      vertex 22.8167 11.6829 5.8
    endloop
  endfacet
  facet normal -0.946921 -0.321466 0
    outer loop
      vertex 22.8167 11.6829 8.8
      vertex 22.8682 11.5312 5.8
      vertex 22.8682 11.5312 8.8
    endloop
  endfacet
  facet normal 0.0655249 -0.997851 0
    outer loop
      vertex 24 10.775 5.8
      vertex 24.1599 10.7855 8.8
      vertex 24 10.775 8.8
    endloop
  endfacet
  facet normal 0.0655249 -0.997851 0
    outer loop
      vertex 24.1599 10.7855 8.8
      vertex 24 10.775 5.8
      vertex 24.1599 10.7855 5.8
    endloop
  endfacet
  facet normal -0.0655249 0.997851 0
    outer loop
      vertex 24 13.225 5.8
      vertex 23.8401 13.2145 8.8
      vertex 24 13.225 8.8
    endloop
  endfacet
  facet normal -0.0655249 0.997851 0
    outer loop
      vertex 23.8401 13.2145 8.8
      vertex 24 13.225 5.8
      vertex 23.8401 13.2145 5.8
    endloop
  endfacet
  facet normal -0.751765 -0.659432 0
    outer loop
      vertex 23.1338 11.1338 5.8
      vertex 23.0281 11.2543 8.8
      vertex 23.0281 11.2543 5.8
    endloop
  endfacet
  facet normal -0.751765 -0.659432 0
    outer loop
      vertex 23.0281 11.2543 8.8
      vertex 23.1338 11.1338 5.8
      vertex 23.1338 11.1338 8.8
    endloop
  endfacet
  facet normal 0.0655249 0.997851 -0
    outer loop
      vertex 24.1599 13.2145 5.8
      vertex 24 13.225 8.8
      vertex 24.1599 13.2145 8.8
    endloop
  endfacet
  facet normal 0.0655249 0.997851 0
    outer loop
      vertex 24 13.225 8.8
      vertex 24.1599 13.2145 5.8
      vertex 24 13.225 5.8
    endloop
  endfacet
  facet normal -0.980868 0.194676 0
    outer loop
      vertex 22.7855 12.1599 5.8
      vertex 22.8167 12.3171 8.8
      vertex 22.8167 12.3171 5.8
    endloop
  endfacet
  facet normal -0.980868 0.194676 0
    outer loop
      vertex 22.8167 12.3171 8.8
      vertex 22.7855 12.1599 5.8
      vertex 22.7855 12.1599 8.8
    endloop
  endfacet
  facet normal -0.946921 0.321466 0
    outer loop
      vertex 22.8167 12.3171 5.8
      vertex 22.8682 12.4688 8.8
      vertex 22.8682 12.4688 5.8
    endloop
  endfacet
  facet normal -0.946921 0.321466 0
    outer loop
      vertex 22.8682 12.4688 8.8
      vertex 22.8167 12.3171 5.8
      vertex 22.8167 12.3171 8.8
    endloop
  endfacet
  facet normal -0.194676 -0.980868 0
    outer loop
      vertex 23.6829 10.8167 5.8
      vertex 23.8401 10.7855 8.8
      vertex 23.6829 10.8167 8.8
    endloop
  endfacet
  facet normal -0.194676 -0.980868 -0
    outer loop
      vertex 23.8401 10.7855 8.8
      vertex 23.6829 10.8167 5.8
      vertex 23.8401 10.7855 5.8
    endloop
  endfacet
  facet normal -0.896786 0.442464 0
    outer loop
      vertex 22.8682 12.4688 5.8
      vertex 22.9391 12.6125 8.8
      vertex 22.9391 12.6125 5.8
    endloop
  endfacet
  facet normal -0.896786 0.442464 0
    outer loop
      vertex 22.9391 12.6125 8.8
      vertex 22.8682 12.4688 5.8
      vertex 22.8682 12.4688 8.8
    endloop
  endfacet
  facet normal 0.751765 0.659432 0
    outer loop
      vertex 24.9719 12.7457 8.8
      vertex 24.8662 12.8662 5.8
      vertex 24.8662 12.8662 8.8
    endloop
  endfacet
  facet normal 0.751765 0.659432 0
    outer loop
      vertex 24.8662 12.8662 5.8
      vertex 24.9719 12.7457 8.8
      vertex 24.9719 12.7457 5.8
    endloop
  endfacet
  facet normal 0.555564 -0.831474 0
    outer loop
      vertex 24.6125 10.9391 5.8
      vertex 24.7457 11.0281 8.8
      vertex 24.6125 10.9391 8.8
    endloop
  endfacet
  facet normal 0.555564 -0.831474 0
    outer loop
      vertex 24.7457 11.0281 8.8
      vertex 24.6125 10.9391 5.8
      vertex 24.7457 11.0281 5.8
    endloop
  endfacet
  facet normal 0.946921 0.321466 0
    outer loop
      vertex 25.1833 12.3171 8.8
      vertex 25.1318 12.4688 5.8
      vertex 25.1318 12.4688 8.8
    endloop
  endfacet
  facet normal 0.946921 0.321466 0
    outer loop
      vertex 25.1318 12.4688 5.8
      vertex 25.1833 12.3171 8.8
      vertex 25.1833 12.3171 5.8
    endloop
  endfacet
  facet normal -0.751765 0.659432 0
    outer loop
      vertex 23.0281 12.7457 5.8
      vertex 23.1338 12.8662 8.8
      vertex 23.1338 12.8662 5.8
    endloop
  endfacet
  facet normal -0.751765 0.659432 0
    outer loop
      vertex 23.1338 12.8662 8.8
      vertex 23.0281 12.7457 5.8
      vertex 23.0281 12.7457 8.8
    endloop
  endfacet
  facet normal -0.896786 -0.442464 0
    outer loop
      vertex 22.9391 11.3875 5.8
      vertex 22.8682 11.5312 8.8
      vertex 22.8682 11.5312 5.8
    endloop
  endfacet
  facet normal -0.896786 -0.442464 0
    outer loop
      vertex 22.8682 11.5312 8.8
      vertex 22.9391 11.3875 5.8
      vertex 22.9391 11.3875 8.8
    endloop
  endfacet
  facet normal -0.442464 0.896786 0
    outer loop
      vertex 23.5312 13.1318 5.8
      vertex 23.3875 13.0609 8.8
      vertex 23.5312 13.1318 8.8
    endloop
  endfacet
  facet normal -0.442464 0.896786 0
    outer loop
      vertex 23.3875 13.0609 8.8
      vertex 23.5312 13.1318 5.8
      vertex 23.3875 13.0609 5.8
    endloop
  endfacet
  facet normal -0.997851 -0.0655249 0
    outer loop
      vertex 22.7855 11.8401 5.8
      vertex 22.775 12 8.8
      vertex 22.775 12 5.8
    endloop
  endfacet
  facet normal -0.997851 -0.0655249 0
    outer loop
      vertex 22.775 12 8.8
      vertex 22.7855 11.8401 5.8
      vertex 22.7855 11.8401 8.8
    endloop
  endfacet
  facet normal -0.0655249 -0.997851 0
    outer loop
      vertex 23.8401 10.7855 5.8
      vertex 24 10.775 8.8
      vertex 23.8401 10.7855 8.8
    endloop
  endfacet
  facet normal -0.0655249 -0.997851 -0
    outer loop
      vertex 24 10.775 8.8
      vertex 23.8401 10.7855 5.8
      vertex 24 10.775 5.8
    endloop
  endfacet
  facet normal 0.471169 0.705672 0.529175
    outer loop
      vertex 24.7457 12.9719 8.8
      vertex 24.3 12.5196 9.8
      vertex 24.3653 12.476 9.8
    endloop
  endfacet
  facet normal 0.165367 0.83224 0.529179
    outer loop
      vertex 24.3171 13.1833 8.8
      vertex 24.0783 12.5949 9.8
      vertex 24.1553 12.5796 9.8
    endloop
  endfacet
  facet normal 0.846708 0.0551495 0.529192
    outer loop
      vertex 25.225 12 8.8
      vertex 24.5949 12.0783 9.8
      vertex 24.6 12 9.8
    endloop
  endfacet
  facet normal 0.846702 0.0555996 0.529154
    outer loop
      vertex 25.2145 12.1599 8.8
      vertex 24.5949 12.0783 9.8
      vertex 25.225 12 8.8
    endloop
  endfacet
  facet normal -0.705503 -0.471395 0.5292
    outer loop
      vertex 23.4804 11.7 9.8
      vertex 22.9391 11.3875 8.8
      vertex 23.0281 11.2543 8.8
    endloop
  endfacet
  facet normal -0.761049 0.375119 0.529235
    outer loop
      vertex 23.4804 12.3 9.8
      vertex 22.8682 12.4688 8.8
      vertex 23.4457 12.2296 9.8
    endloop
  endfacet
  facet normal -0.559547 0.637894 0.529149
    outer loop
      vertex 23.2543 12.9719 8.8
      vertex 23.1338 12.8662 8.8
      vertex 23.5757 12.4243 9.8
    endloop
  endfacet
  facet normal 0.375428 0.760917 0.529206
    outer loop
      vertex 24.4688 13.1318 8.8
      vertex 24.3 12.5196 9.8
      vertex 24.6125 13.0609 8.8
    endloop
  endfacet
  facet normal -0.471395 -0.705503 0.5292
    outer loop
      vertex 23.7 11.4804 9.8
      vertex 23.2543 11.0281 8.8
      vertex 23.3875 10.9391 8.8
    endloop
  endfacet
  facet normal 0.0555996 -0.846702 0.529154
    outer loop
      vertex 24.0783 11.4051 9.8
      vertex 24 10.775 8.8
      vertex 24.1599 10.7855 8.8
    endloop
  endfacet
  facet normal -0.637894 -0.559547 0.529149
    outer loop
      vertex 23.5757 11.5757 9.8
      vertex 23.0281 11.2543 8.8
      vertex 23.1338 11.1338 8.8
    endloop
  endfacet
  facet normal 0 0 1
    outer loop
      vertex 24.5949 12.0783 9.8
      vertex 24.5949 11.9217 9.8
      vertex 24.6 12 9.8
    endloop
  endfacet
  facet normal 0 0 1
    outer loop
      vertex 24.5796 12.1553 9.8
      vertex 24.5949 11.9217 9.8
      vertex 24.5949 12.0783 9.8
    endloop
  endfacet
  facet normal 0 0 1
    outer loop
      vertex 24.5796 12.1553 9.8
      vertex 24.5796 11.8447 9.8
      vertex 24.5949 11.9217 9.8
    endloop
  endfacet
  facet normal 0 0 1
    outer loop
      vertex 24.5543 12.2296 9.8
      vertex 24.5796 11.8447 9.8
      vertex 24.5796 12.1553 9.8
    endloop
  endfacet
  facet normal 0 0 1
    outer loop
      vertex 24.5543 12.2296 9.8
      vertex 24.5543 11.7704 9.8
      vertex 24.5796 11.8447 9.8
    endloop
  endfacet
  facet normal 0 0 1
    outer loop
      vertex 24.5196 12.3 9.8
      vertex 24.5543 11.7704 9.8
      vertex 24.5543 12.2296 9.8
    endloop
  endfacet
  facet normal 0 0 1
    outer loop
      vertex 24.5196 12.3 9.8
      vertex 24.5196 11.7 9.8
      vertex 24.5543 11.7704 9.8
    endloop
  endfacet
  facet normal 0 0 1
    outer loop
      vertex 24.476 12.3653 9.8
      vertex 24.5196 11.7 9.8
      vertex 24.5196 12.3 9.8
    endloop
  endfacet
  facet normal 0 0 1
    outer loop
      vertex 24.476 12.3653 9.8
      vertex 24.476 11.6347 9.8
      vertex 24.5196 11.7 9.8
    endloop
  endfacet
  facet normal 0 0 1
    outer loop
      vertex 24.4243 12.4243 9.8
      vertex 24.476 11.6347 9.8
      vertex 24.476 12.3653 9.8
    endloop
  endfacet
  facet normal 0 0 1
    outer loop
      vertex 24.4243 12.4243 9.8
      vertex 24.4243 11.5757 9.8
      vertex 24.476 11.6347 9.8
    endloop
  endfacet
  facet normal 0 0 1
    outer loop
      vertex 24.3653 12.476 9.8
      vertex 24.4243 11.5757 9.8
      vertex 24.4243 12.4243 9.8
    endloop
  endfacet
  facet normal 0 0 1
    outer loop
      vertex 24.3653 12.476 9.8
      vertex 24.3653 11.524 9.8
      vertex 24.4243 11.5757 9.8
    endloop
  endfacet
  facet normal 0 0 1
    outer loop
      vertex 24.3 12.5196 9.8
      vertex 24.3653 11.524 9.8
      vertex 24.3653 12.476 9.8
    endloop
  endfacet
  facet normal 0 0 1
    outer loop
      vertex 24.3 12.5196 9.8
      vertex 24.3 11.4804 9.8
      vertex 24.3653 11.524 9.8
    endloop
  endfacet
  facet normal 0 0 1
    outer loop
      vertex 24.2296 12.5543 9.8
      vertex 24.3 11.4804 9.8
      vertex 24.3 12.5196 9.8
    endloop
  endfacet
  facet normal 0 0 1
    outer loop
      vertex 24.2296 12.5543 9.8
      vertex 24.2296 11.4457 9.8
      vertex 24.3 11.4804 9.8
    endloop
  endfacet
  facet normal 0 0 1
    outer loop
      vertex 24.1553 12.5796 9.8
      vertex 24.2296 11.4457 9.8
      vertex 24.2296 12.5543 9.8
    endloop
  endfacet
  facet normal 0 0 1
    outer loop
      vertex 24.1553 12.5796 9.8
      vertex 24.1553 11.4204 9.8
      vertex 24.2296 11.4457 9.8
    endloop
  endfacet
  facet normal 0 0 1
    outer loop
      vertex 24.0783 12.5949 9.8
      vertex 24.1553 11.4204 9.8
      vertex 24.1553 12.5796 9.8
    endloop
  endfacet
  facet normal 0 0 1
    outer loop
      vertex 24.0783 12.5949 9.8
      vertex 24.0783 11.4051 9.8
      vertex 24.1553 11.4204 9.8
    endloop
  endfacet
  facet normal 0 0 1
    outer loop
      vertex 24 12.6 9.8
      vertex 24.0783 11.4051 9.8
      vertex 24.0783 12.5949 9.8
    endloop
  endfacet
  facet normal 0 0 1
    outer loop
      vertex 24 12.6 9.8
      vertex 24 11.4 9.8
      vertex 24.0783 11.4051 9.8
    endloop
  endfacet
  facet normal -0 0 1
    outer loop
      vertex 23.9217 12.5949 9.8
      vertex 24 11.4 9.8
      vertex 24 12.6 9.8
    endloop
  endfacet
  facet normal 0 0 1
    outer loop
      vertex 23.9217 12.5949 9.8
      vertex 23.9217 11.4051 9.8
      vertex 24 11.4 9.8
    endloop
  endfacet
  facet normal -0 0 1
    outer loop
      vertex 23.8447 12.5796 9.8
      vertex 23.9217 11.4051 9.8
      vertex 23.9217 12.5949 9.8
    endloop
  endfacet
  facet normal 0 0 1
    outer loop
      vertex 23.8447 12.5796 9.8
      vertex 23.8447 11.4204 9.8
      vertex 23.9217 11.4051 9.8
    endloop
  endfacet
  facet normal -0 0 1
    outer loop
      vertex 23.7704 12.5543 9.8
      vertex 23.8447 11.4204 9.8
      vertex 23.8447 12.5796 9.8
    endloop
  endfacet
  facet normal 0 0 1
    outer loop
      vertex 23.7704 12.5543 9.8
      vertex 23.7704 11.4457 9.8
      vertex 23.8447 11.4204 9.8
    endloop
  endfacet
  facet normal -0 0 1
    outer loop
      vertex 23.7 12.5196 9.8
      vertex 23.7704 11.4457 9.8
      vertex 23.7704 12.5543 9.8
    endloop
  endfacet
  facet normal 0 0 1
    outer loop
      vertex 23.7 12.5196 9.8
      vertex 23.7 11.4804 9.8
      vertex 23.7704 11.4457 9.8
    endloop
  endfacet
  facet normal -0 0 1
    outer loop
      vertex 23.6347 12.476 9.8
      vertex 23.7 11.4804 9.8
      vertex 23.7 12.5196 9.8
    endloop
  endfacet
  facet normal 0 0 1
    outer loop
      vertex 23.6347 12.476 9.8
      vertex 23.6347 11.524 9.8
      vertex 23.7 11.4804 9.8
    endloop
  endfacet
  facet normal -0 0 1
    outer loop
      vertex 23.5757 12.4243 9.8
      vertex 23.6347 11.524 9.8
      vertex 23.6347 12.476 9.8
    endloop
  endfacet
  facet normal 0 0 1
    outer loop
      vertex 23.5757 12.4243 9.8
      vertex 23.5757 11.5757 9.8
      vertex 23.6347 11.524 9.8
    endloop
  endfacet
  facet normal -0 0 1
    outer loop
      vertex 23.524 12.3653 9.8
      vertex 23.5757 11.5757 9.8
      vertex 23.5757 12.4243 9.8
    endloop
  endfacet
  facet normal 0 0 1
    outer loop
      vertex 23.524 12.3653 9.8
      vertex 23.524 11.6347 9.8
      vertex 23.5757 11.5757 9.8
    endloop
  endfacet
  facet normal -0 0 1
    outer loop
      vertex 23.4804 12.3 9.8
      vertex 23.524 11.6347 9.8
      vertex 23.524 12.3653 9.8
    endloop
  endfacet
  facet normal 0 0 1
    outer loop
      vertex 23.4804 12.3 9.8
      vertex 23.4804 11.7 9.8
      vertex 23.524 11.6347 9.8
    endloop
  endfacet
  facet normal -0 0 1
    outer loop
      vertex 23.4457 12.2296 9.8
      vertex 23.4804 11.7 9.8
      vertex 23.4804 12.3 9.8
    endloop
  endfacet
  facet normal 0 0 1
    outer loop
      vertex 23.4457 12.2296 9.8
      vertex 23.4457 11.7704 9.8
      vertex 23.4804 11.7 9.8
    endloop
  endfacet
  facet normal -0 0 1
    outer loop
      vertex 23.4204 12.1553 9.8
      vertex 23.4457 11.7704 9.8
      vertex 23.4457 12.2296 9.8
    endloop
  endfacet
  facet normal 0 0 1
    outer loop
      vertex 23.4204 12.1553 9.8
      vertex 23.4204 11.8447 9.8
      vertex 23.4457 11.7704 9.8
    endloop
  endfacet
  facet normal -0 0 1
    outer loop
      vertex 23.4051 12.0783 9.8
      vertex 23.4204 11.8447 9.8
      vertex 23.4204 12.1553 9.8
    endloop
  endfacet
  facet normal 0 0 1
    outer loop
      vertex 23.4051 12.0783 9.8
      vertex 23.4051 11.9217 9.8
      vertex 23.4204 11.8447 9.8
    endloop
  endfacet
  facet normal 0 -0 1
    outer loop
      vertex 23.4051 11.9217 9.8
      vertex 23.4051 12.0783 9.8
      vertex 23.4 12 9.8
    endloop
  endfacet
  facet normal 0.471169 -0.705672 0.529175
    outer loop
      vertex 24.3653 11.524 9.8
      vertex 24.3 11.4804 9.8
      vertex 24.7457 11.0281 8.8
    endloop
  endfacet
  facet normal -0.832286 -0.165186 0.529163
    outer loop
      vertex 23.4051 11.9217 9.8
      vertex 22.7855 11.8401 8.8
      vertex 22.8167 11.6829 8.8
    endloop
  endfacet
  facet normal -0.846702 0.0555996 0.529154
    outer loop
      vertex 22.7855 12.1599 8.8
      vertex 22.775 12 8.8
      vertex 23.4051 12.0783 9.8
    endloop
  endfacet
  facet normal 0.375119 -0.761049 0.529235
    outer loop
      vertex 24.3 11.4804 9.8
      vertex 24.2296 11.4457 9.8
      vertex 24.4688 10.8682 8.8
    endloop
  endfacet
  facet normal -0.165367 0.83224 0.529179
    outer loop
      vertex 23.9217 12.5949 9.8
      vertex 23.6829 13.1833 8.8
      vertex 23.8447 12.5796 9.8
    endloop
  endfacet
  facet normal 0.0555996 0.846702 0.529154
    outer loop
      vertex 24.1599 13.2145 8.8
      vertex 24 13.225 8.8
      vertex 24.0783 12.5949 9.8
    endloop
  endfacet
  facet normal -0.846708 0.0551495 0.529192
    outer loop
      vertex 23.4051 12.0783 9.8
      vertex 22.775 12 8.8
      vertex 23.4 12 9.8
    endloop
  endfacet
  facet normal 0.83224 0.165367 0.529179
    outer loop
      vertex 25.1833 12.3171 8.8
      vertex 24.5796 12.1553 9.8
      vertex 24.5949 12.0783 9.8
    endloop
  endfacet
  facet normal 0.761049 -0.375119 0.529235
    outer loop
      vertex 24.5543 11.7704 9.8
      vertex 24.5196 11.7 9.8
      vertex 25.1318 11.5312 8.8
    endloop
  endfacet
  facet normal 0.832286 -0.165186 0.529163
    outer loop
      vertex 25.2145 11.8401 8.8
      vertex 24.5949 11.9217 9.8
      vertex 25.1833 11.6829 8.8
    endloop
  endfacet
  facet normal -0.559547 -0.637894 0.529149
    outer loop
      vertex 23.5757 11.5757 9.8
      vertex 23.1338 11.1338 8.8
      vertex 23.2543 11.0281 8.8
    endloop
  endfacet
  facet normal 0.273509 0.80323 0.529164
    outer loop
      vertex 24.3171 13.1833 8.8
      vertex 24.1553 12.5796 9.8
      vertex 24.2296 12.5543 9.8
    endloop
  endfacet
  facet normal 0.559547 0.637894 0.529149
    outer loop
      vertex 24.7457 12.9719 8.8
      vertex 24.4243 12.4243 9.8
      vertex 24.8662 12.8662 8.8
    endloop
  endfacet
  facet normal -0.0555996 0.846702 0.529154
    outer loop
      vertex 24 13.225 8.8
      vertex 23.8401 13.2145 8.8
      vertex 23.9217 12.5949 9.8
    endloop
  endfacet
  facet normal 0.375428 -0.760917 0.529206
    outer loop
      vertex 24.6125 10.9391 8.8
      vertex 24.3 11.4804 9.8
      vertex 24.4688 10.8682 8.8
    endloop
  endfacet
  facet normal -0.760917 -0.375428 0.529206
    outer loop
      vertex 23.4804 11.7 9.8
      vertex 22.8682 11.5312 8.8
      vertex 22.9391 11.3875 8.8
    endloop
  endfacet
  facet normal 0.832286 0.165186 0.529163
    outer loop
      vertex 25.1833 12.3171 8.8
      vertex 24.5949 12.0783 9.8
      vertex 25.2145 12.1599 8.8
    endloop
  endfacet
  facet normal 0.637894 -0.559547 0.529149
    outer loop
      vertex 24.9719 11.2543 8.8
      vertex 24.4243 11.5757 9.8
      vertex 24.8662 11.1338 8.8
    endloop
  endfacet
  facet normal 0.705503 0.471395 0.5292
    outer loop
      vertex 24.9719 12.7457 8.8
      vertex 24.5196 12.3 9.8
      vertex 25.0609 12.6125 8.8
    endloop
  endfacet
  facet normal 0.705503 -0.471395 0.5292
    outer loop
      vertex 25.0609 11.3875 8.8
      vertex 24.5196 11.7 9.8
      vertex 24.9719 11.2543 8.8
    endloop
  endfacet
  facet normal 0.638163 0.559204 0.529186
    outer loop
      vertex 24.9719 12.7457 8.8
      vertex 24.4243 12.4243 9.8
      vertex 24.476 12.3653 9.8
    endloop
  endfacet
  facet normal -0.846702 -0.0555996 0.529154
    outer loop
      vertex 23.4051 11.9217 9.8
      vertex 22.775 12 8.8
      vertex 22.7855 11.8401 8.8
    endloop
  endfacet
  facet normal 0.761049 0.375119 0.529235
    outer loop
      vertex 25.1318 12.4688 8.8
      vertex 24.5196 12.3 9.8
      vertex 24.5543 12.2296 9.8
    endloop
  endfacet
  facet normal -0.273509 0.80323 0.529164
    outer loop
      vertex 23.8447 12.5796 9.8
      vertex 23.6829 13.1833 8.8
      vertex 23.7704 12.5543 9.8
    endloop
  endfacet
  facet normal -0.637894 0.559547 0.529149
    outer loop
      vertex 23.1338 12.8662 8.8
      vertex 23.0281 12.7457 8.8
      vertex 23.5757 12.4243 9.8
    endloop
  endfacet
  facet normal 0.272757 0.803441 0.529231
    outer loop
      vertex 24.3171 13.1833 8.8
      vertex 24.2296 12.5543 9.8
      vertex 24.4688 13.1318 8.8
    endloop
  endfacet
  facet normal -0.761049 -0.375119 0.529235
    outer loop
      vertex 23.4457 11.7704 9.8
      vertex 22.8682 11.5312 8.8
      vertex 23.4804 11.7 9.8
    endloop
  endfacet
  facet normal -0.638163 -0.559204 0.529186
    outer loop
      vertex 23.524 11.6347 9.8
      vertex 23.0281 11.2543 8.8
      vertex 23.5757 11.5757 9.8
    endloop
  endfacet
  facet normal -0.83224 -0.165367 0.529179
    outer loop
      vertex 23.4051 11.9217 9.8
      vertex 22.8167 11.6829 8.8
      vertex 23.4204 11.8447 9.8
    endloop
  endfacet
  facet normal 0.80323 0.273509 0.529164
    outer loop
      vertex 25.1833 12.3171 8.8
      vertex 24.5543 12.2296 9.8
      vertex 24.5796 12.1553 9.8
    endloop
  endfacet
  facet normal 0.0551495 -0.846708 0.529192
    outer loop
      vertex 24 11.4 9.8
      vertex 24 10.775 8.8
      vertex 24.0783 11.4051 9.8
    endloop
  endfacet
  facet normal 0.375119 0.761049 0.529235
    outer loop
      vertex 24.4688 13.1318 8.8
      vertex 24.2296 12.5543 9.8
      vertex 24.3 12.5196 9.8
    endloop
  endfacet
  facet normal 0.803441 -0.272757 0.529231
    outer loop
      vertex 25.1833 11.6829 8.8
      vertex 24.5543 11.7704 9.8
      vertex 25.1318 11.5312 8.8
    endloop
  endfacet
  facet normal -0.375119 0.761049 0.529235
    outer loop
      vertex 23.7704 12.5543 9.8
      vertex 23.5312 13.1318 8.8
      vertex 23.7 12.5196 9.8
    endloop
  endfacet
  facet normal -0.803441 -0.272757 0.529231
    outer loop
      vertex 23.4457 11.7704 9.8
      vertex 22.8167 11.6829 8.8
      vertex 22.8682 11.5312 8.8
    endloop
  endfacet
  facet normal 0.80323 -0.273509 0.529164
    outer loop
      vertex 24.5796 11.8447 9.8
      vertex 24.5543 11.7704 9.8
      vertex 25.1833 11.6829 8.8
    endloop
  endfacet
  facet normal -0.375119 -0.761049 0.529235
    outer loop
      vertex 23.7 11.4804 9.8
      vertex 23.5312 10.8682 8.8
      vertex 23.7704 11.4457 9.8
    endloop
  endfacet
  facet normal 0.637894 0.559547 0.529149
    outer loop
      vertex 24.8662 12.8662 8.8
      vertex 24.4243 12.4243 9.8
      vertex 24.9719 12.7457 8.8
    endloop
  endfacet
  facet normal -0.80323 -0.273509 0.529164
    outer loop
      vertex 23.4204 11.8447 9.8
      vertex 22.8167 11.6829 8.8
      vertex 23.4457 11.7704 9.8
    endloop
  endfacet
  facet normal -0.272757 -0.803441 0.529231
    outer loop
      vertex 23.7704 11.4457 9.8
      vertex 23.5312 10.8682 8.8
      vertex 23.6829 10.8167 8.8
    endloop
  endfacet
  facet normal -0.832286 0.165186 0.529163
    outer loop
      vertex 22.8167 12.3171 8.8
      vertex 22.7855 12.1599 8.8
      vertex 23.4051 12.0783 9.8
    endloop
  endfacet
  facet normal -0.0551495 -0.846708 0.529192
    outer loop
      vertex 24 11.4 9.8
      vertex 23.9217 11.4051 9.8
      vertex 24 10.775 8.8
    endloop
  endfacet
  facet normal 0.165367 -0.83224 0.529179
    outer loop
      vertex 24.1553 11.4204 9.8
      vertex 24.0783 11.4051 9.8
      vertex 24.3171 10.8167 8.8
    endloop
  endfacet
  facet normal 0.559547 -0.637894 0.529149
    outer loop
      vertex 24.8662 11.1338 8.8
      vertex 24.4243 11.5757 9.8
      vertex 24.7457 11.0281 8.8
    endloop
  endfacet
  facet normal -0.846708 -0.0551495 0.529192
    outer loop
      vertex 23.4 12 9.8
      vertex 22.775 12 8.8
      vertex 23.4051 11.9217 9.8
    endloop
  endfacet
  facet normal 0.760917 -0.375428 0.529206
    outer loop
      vertex 25.1318 11.5312 8.8
      vertex 24.5196 11.7 9.8
      vertex 25.0609 11.3875 8.8
    endloop
  endfacet
  facet normal 0.165186 0.832286 0.529163
    outer loop
      vertex 24.1599 13.2145 8.8
      vertex 24.0783 12.5949 9.8
      vertex 24.3171 13.1833 8.8
    endloop
  endfacet
  facet normal 0.471395 -0.705503 0.5292
    outer loop
      vertex 24.7457 11.0281 8.8
      vertex 24.3 11.4804 9.8
      vertex 24.6125 10.9391 8.8
    endloop
  endfacet
  facet normal -0.471169 -0.705672 0.529175
    outer loop
      vertex 23.6347 11.524 9.8
      vertex 23.2543 11.0281 8.8
      vertex 23.7 11.4804 9.8
    endloop
  endfacet
  facet normal 0.846702 -0.0555996 0.529154
    outer loop
      vertex 25.225 12 8.8
      vertex 24.5949 11.9217 9.8
      vertex 25.2145 11.8401 8.8
    endloop
  endfacet
  facet normal 0.846708 -0.0551495 0.529192
    outer loop
      vertex 24.6 12 9.8
      vertex 24.5949 11.9217 9.8
      vertex 25.225 12 8.8
    endloop
  endfacet
  facet normal 0.705672 0.471169 0.529175
    outer loop
      vertex 24.9719 12.7457 8.8
      vertex 24.476 12.3653 9.8
      vertex 24.5196 12.3 9.8
    endloop
  endfacet
  facet normal 0.471395 0.705503 0.5292
    outer loop
      vertex 24.6125 13.0609 8.8
      vertex 24.3 12.5196 9.8
      vertex 24.7457 12.9719 8.8
    endloop
  endfacet
  facet normal -0.165186 -0.832286 0.529163
    outer loop
      vertex 23.9217 11.4051 9.8
      vertex 23.6829 10.8167 8.8
      vertex 23.8401 10.7855 8.8
    endloop
  endfacet
  facet normal 0.760917 0.375428 0.529206
    outer loop
      vertex 25.0609 12.6125 8.8
      vertex 24.5196 12.3 9.8
      vertex 25.1318 12.4688 8.8
    endloop
  endfacet
  facet normal 0.559204 0.638163 0.529186
    outer loop
      vertex 24.7457 12.9719 8.8
      vertex 24.3653 12.476 9.8
      vertex 24.4243 12.4243 9.8
    endloop
  endfacet
  facet normal -0.705672 -0.471169 0.529175
    outer loop
      vertex 23.4804 11.7 9.8
      vertex 23.0281 11.2543 8.8
      vertex 23.524 11.6347 9.8
    endloop
  endfacet
  facet normal 0.803441 0.272757 0.529231
    outer loop
      vertex 25.1318 12.4688 8.8
      vertex 24.5543 12.2296 9.8
      vertex 25.1833 12.3171 8.8
    endloop
  endfacet
  facet normal -0.272757 0.803441 0.529231
    outer loop
      vertex 23.6829 13.1833 8.8
      vertex 23.5312 13.1318 8.8
      vertex 23.7704 12.5543 9.8
    endloop
  endfacet
  facet normal -0.375428 0.760917 0.529206
    outer loop
      vertex 23.5312 13.1318 8.8
      vertex 23.3875 13.0609 8.8
      vertex 23.7 12.5196 9.8
    endloop
  endfacet
  facet normal -0.705503 0.471395 0.5292
    outer loop
      vertex 23.0281 12.7457 8.8
      vertex 22.9391 12.6125 8.8
      vertex 23.4804 12.3 9.8
    endloop
  endfacet
  facet normal 0.0551495 0.846708 0.529192
    outer loop
      vertex 24 13.225 8.8
      vertex 24 12.6 9.8
      vertex 24.0783 12.5949 9.8
    endloop
  endfacet
  facet normal -0.273509 -0.80323 0.529164
    outer loop
      vertex 23.7704 11.4457 9.8
      vertex 23.6829 10.8167 8.8
      vertex 23.8447 11.4204 9.8
    endloop
  endfacet
  facet normal -0.559204 0.638163 0.529186
    outer loop
      vertex 23.6347 12.476 9.8
      vertex 23.2543 12.9719 8.8
      vertex 23.5757 12.4243 9.8
    endloop
  endfacet
  facet normal -0.165186 0.832286 0.529163
    outer loop
      vertex 23.8401 13.2145 8.8
      vertex 23.6829 13.1833 8.8
      vertex 23.9217 12.5949 9.8
    endloop
  endfacet
  facet normal -0.803441 0.272757 0.529231
    outer loop
      vertex 22.8682 12.4688 8.8
      vertex 22.8167 12.3171 8.8
      vertex 23.4457 12.2296 9.8
    endloop
  endfacet
  facet normal 0.705672 -0.471169 0.529175
    outer loop
      vertex 24.5196 11.7 9.8
      vertex 24.476 11.6347 9.8
      vertex 24.9719 11.2543 8.8
    endloop
  endfacet
  facet normal 0.165186 -0.832286 0.529163
    outer loop
      vertex 24.3171 10.8167 8.8
      vertex 24.0783 11.4051 9.8
      vertex 24.1599 10.7855 8.8
    endloop
  endfacet
  facet normal 0.272757 -0.803441 0.529231
    outer loop
      vertex 24.4688 10.8682 8.8
      vertex 24.2296 11.4457 9.8
      vertex 24.3171 10.8167 8.8
    endloop
  endfacet
  facet normal 0.273509 -0.80323 0.529164
    outer loop
      vertex 24.2296 11.4457 9.8
      vertex 24.1553 11.4204 9.8
      vertex 24.3171 10.8167 8.8
    endloop
  endfacet
  facet normal -0.760917 0.375428 0.529206
    outer loop
      vertex 22.9391 12.6125 8.8
      vertex 22.8682 12.4688 8.8
      vertex 23.4804 12.3 9.8
    endloop
  endfacet
  facet normal 0.638163 -0.559204 0.529186
    outer loop
      vertex 24.476 11.6347 9.8
      vertex 24.4243 11.5757 9.8
      vertex 24.9719 11.2543 8.8
    endloop
  endfacet
  facet normal -0.471395 0.705503 0.5292
    outer loop
      vertex 23.3875 13.0609 8.8
      vertex 23.2543 12.9719 8.8
      vertex 23.7 12.5196 9.8
    endloop
  endfacet
  facet normal 0.559204 -0.638163 0.529186
    outer loop
      vertex 24.4243 11.5757 9.8
      vertex 24.3653 11.524 9.8
      vertex 24.7457 11.0281 8.8
    endloop
  endfacet
  facet normal 0.83224 -0.165367 0.529179
    outer loop
      vertex 24.5949 11.9217 9.8
      vertex 24.5796 11.8447 9.8
      vertex 25.1833 11.6829 8.8
    endloop
  endfacet
  facet normal -0.83224 0.165367 0.529179
    outer loop
      vertex 23.4204 12.1553 9.8
      vertex 22.8167 12.3171 8.8
      vertex 23.4051 12.0783 9.8
    endloop
  endfacet
  facet normal -0.375428 -0.760917 0.529206
    outer loop
      vertex 23.7 11.4804 9.8
      vertex 23.3875 10.9391 8.8
      vertex 23.5312 10.8682 8.8
    endloop
  endfacet
  facet normal -0.471169 0.705672 0.529175
    outer loop
      vertex 23.7 12.5196 9.8
      vertex 23.2543 12.9719 8.8
      vertex 23.6347 12.476 9.8
    endloop
  endfacet
  facet normal -0.0551495 0.846708 0.529192
    outer loop
      vertex 24 13.225 8.8
      vertex 23.9217 12.5949 9.8
      vertex 24 12.6 9.8
    endloop
  endfacet
  facet normal -0.80323 0.273509 0.529164
    outer loop
      vertex 23.4457 12.2296 9.8
      vertex 22.8167 12.3171 8.8
      vertex 23.4204 12.1553 9.8
    endloop
  endfacet
  facet normal -0.705672 0.471169 0.529175
    outer loop
      vertex 23.524 12.3653 9.8
      vertex 23.0281 12.7457 8.8
      vertex 23.4804 12.3 9.8
    endloop
  endfacet
  facet normal -0.638163 0.559204 0.529186
    outer loop
      vertex 23.5757 12.4243 9.8
      vertex 23.0281 12.7457 8.8
      vertex 23.524 12.3653 9.8
    endloop
  endfacet
  facet normal -0.0555996 -0.846702 0.529154
    outer loop
      vertex 23.9217 11.4051 9.8
      vertex 23.8401 10.7855 8.8
      vertex 24 10.775 8.8
    endloop
  endfacet
  facet normal -0.165367 -0.83224 0.529179
    outer loop
      vertex 23.8447 11.4204 9.8
      vertex 23.6829 10.8167 8.8
      vertex 23.9217 11.4051 9.8
    endloop
  endfacet
  facet normal -0.559204 -0.638163 0.529186
    outer loop
      vertex 23.5757 11.5757 9.8
      vertex 23.2543 11.0281 8.8
      vertex 23.6347 11.524 9.8
    endloop
  endfacet
endsolid OpenSCAD_Model
