solid OpenSCAD_Model
  facet normal -0.997866 -0.0652929 0
    outer loop
      vertex 23.1205 -16.8133 21
      vertex 23.1 -16.5 21.5
      vertex 23.1 -16.5 21
    endloop
  endfacet
  facet normal -0.997866 -0.0652929 0
    outer loop
      vertex 23.1 -16.5 21.5
      vertex 23.1205 -16.8133 21
      vertex 23.1205 -16.8133 21.5
    endloop
  endfacet
  facet normal 0.831315 -0.555802 0
    outer loop
      vertex 27.404 -17.961 21.5
      vertex 27.5785 -17.7 21
      vertex 27.5785 -17.7 21.5
    endloop
  endfacet
  facet normal 0.831315 -0.555802 0
    outer loop
      vertex 27.5785 -17.7 21
      vertex 27.404 -17.961 21.5
      vertex 27.404 -17.961 21
    endloop
  endfacet
  facet normal 0.997865 0.0652928 0.00159248
    outer loop
      vertex 27.8795 -16.1867 21.5
      vertex 27.9 -16.0683 3.8
      vertex 27.8795 -15.755 3.8
    endloop
  endfacet
  facet normal 0.997865 0.0652928 0.00159248
    outer loop
      vertex 27.9 -16.0683 3.8
      vertex 27.8795 -16.1867 21.5
      vertex 27.9 -16.5 21.5
    endloop
  endfacet
  facet normal -0.980741 0.195256 0.00476227
    outer loop
      vertex 23.1205 -15.755 3.8
      vertex 23.1818 -15.8788 21.5
      vertex 23.1818 -15.4471 3.8
    endloop
  endfacet
  facet normal -0.980741 0.195256 0.00476227
    outer loop
      vertex 23.1818 -15.8788 21.5
      vertex 23.1205 -15.755 3.8
      vertex 23.1205 -16.1867 21.5
    endloop
  endfacet
  facet normal 0.896909 0.442084 0.0107824
    outer loop
      vertex 27.5785 -15.3 21.5
      vertex 27.7173 -15.1499 3.8
      vertex 27.5785 -14.8683 3.8
    endloop
  endfacet
  facet normal 0.896909 0.442084 0.0107824
    outer loop
      vertex 27.7173 -15.1499 3.8
      vertex 27.5785 -15.3 21.5
      vertex 27.7173 -15.5816 21.5
    endloop
  endfacet
  facet normal 0.831238 0.555751 0.0135547
    outer loop
      vertex 27.404 -15.039 21.5
      vertex 27.5785 -14.8683 3.8
      vertex 27.404 -14.6073 3.8
    endloop
  endfacet
  facet normal 0.831238 0.555751 0.0135547
    outer loop
      vertex 27.5785 -14.8683 3.8
      vertex 27.404 -15.039 21.5
      vertex 27.5785 -15.3 21.5
    endloop
  endfacet
  facet normal 0.195258 -0.980752 0
    outer loop
      vertex 25.8133 -18.8795 21
      vertex 26.1212 -18.8182 21.5
      vertex 25.8133 -18.8795 21.5
    endloop
  endfacet
  facet normal 0.195258 -0.980752 0
    outer loop
      vertex 26.1212 -18.8182 21.5
      vertex 25.8133 -18.8795 21
      vertex 26.1212 -18.8182 21
    endloop
  endfacet
  facet normal -0.896961 -0.44211 0
    outer loop
      vertex 23.4215 -17.7 21
      vertex 23.2827 -17.4184 21.5
      vertex 23.2827 -17.4184 21
    endloop
  endfacet
  facet normal -0.896961 -0.44211 0
    outer loop
      vertex 23.2827 -17.4184 21.5
      vertex 23.4215 -17.7 21
      vertex 23.4215 -17.7 21.5
    endloop
  endfacet
  facet normal -0.195203 0.980471 0.0239135
    outer loop
      vertex 25.1867 -13.6888 3.8
      vertex 24.8788 -14.1818 21.5
      vertex 25.1867 -14.1205 21.5
    endloop
  endfacet
  facet normal -0.195203 0.980471 0.0239135
    outer loop
      vertex 24.8788 -14.1818 21.5
      vertex 25.1867 -13.6888 3.8
      vertex 24.8788 -13.7501 3.8
    endloop
  endfacet
  facet normal 0.896911 -0.442086 -0.0105201
    outer loop
      vertex 27.7173 -17.4184 21
      vertex 27.5785 -17.2907 3.8
      vertex 27.7173 -17.0091 3.8
    endloop
  endfacet
  facet normal 0.896911 -0.442086 -0.0105201
    outer loop
      vertex 27.5785 -17.2907 3.8
      vertex 27.7173 -17.4184 21
      vertex 27.5785 -17.7 21
    endloop
  endfacet
  facet normal -0.896909 0.442084 0.0107824
    outer loop
      vertex 23.2827 -15.1499 3.8
      vertex 23.4215 -15.3 21.5
      vertex 23.4215 -14.8683 3.8
    endloop
  endfacet
  facet normal -0.896909 0.442084 0.0107824
    outer loop
      vertex 23.4215 -15.3 21.5
      vertex 23.2827 -15.1499 3.8
      vertex 23.2827 -15.5816 21.5
    endloop
  endfacet
  facet normal 0.0652735 0.997571 0.0243306
    outer loop
      vertex 25.8133 -13.6888 3.8
      vertex 25.5 -14.1 21.5
      vertex 25.8133 -14.1205 21.5
    endloop
  endfacet
  facet normal 0.0652735 0.997571 0.0243306
    outer loop
      vertex 25.5 -14.1 21.5
      vertex 25.8133 -13.6888 3.8
      vertex 25.5 -13.6683 3.8
    endloop
  endfacet
  facet normal -0.0652735 0.997571 0.0243306
    outer loop
      vertex 25.5 -13.6683 3.8
      vertex 25.1867 -14.1205 21.5
      vertex 25.5 -14.1 21.5
    endloop
  endfacet
  facet normal -0.0652735 0.997571 0.0243306
    outer loop
      vertex 25.1867 -14.1205 21.5
      vertex 25.5 -13.6683 3.8
      vertex 25.1867 -13.6888 3.8
    endloop
  endfacet
  facet normal 0.0652929 -0.997866 0
    outer loop
      vertex 25.5 -18.9 21
      vertex 25.8133 -18.8795 21.5
      vertex 25.5 -18.9 21.5
    endloop
  endfacet
  facet normal 0.0652929 -0.997866 0
    outer loop
      vertex 25.8133 -18.8795 21.5
      vertex 25.5 -18.9 21
      vertex 25.8133 -18.8795 21
    endloop
  endfacet
  facet normal -0.752083 -0.659068 0
    outer loop
      vertex 23.8029 -18.1971 21
      vertex 23.596 -17.961 21.5
      vertex 23.596 -17.961 21
    endloop
  endfacet
  facet normal -0.752083 -0.659068 0
    outer loop
      vertex 23.596 -17.961 21.5
      vertex 23.8029 -18.1971 21
      vertex 23.8029 -18.1971 21.5
    endloop
  endfacet
  facet normal 0.321398 -0.946676 -0.0225276
    outer loop
      vertex 26.1212 -18.4089 3.8
      vertex 26.4184 -18.7173 21
      vertex 26.1212 -18.8182 21
    endloop
  endfacet
  facet normal 0.321398 -0.946676 -0.0225276
    outer loop
      vertex 26.4184 -18.7173 21
      vertex 26.1212 -18.4089 3.8
      vertex 26.4184 -18.308 3.8
    endloop
  endfacet
  facet normal 0.555802 -0.831315 0
    outer loop
      vertex 26.7 -18.5785 21
      vertex 26.961 -18.404 21.5
      vertex 26.7 -18.5785 21.5
    endloop
  endfacet
  facet normal 0.555802 -0.831315 0
    outer loop
      vertex 26.961 -18.404 21.5
      vertex 26.7 -18.5785 21
      vertex 26.961 -18.404 21
    endloop
  endfacet
  facet normal -0.997865 0.0652928 0.00159248
    outer loop
      vertex 23.1 -16.0683 3.8
      vertex 23.1205 -16.1867 21.5
      vertex 23.1205 -15.755 3.8
    endloop
  endfacet
  facet normal -0.997865 0.0652928 0.00159248
    outer loop
      vertex 23.1205 -16.1867 21.5
      vertex 23.1 -16.0683 3.8
      vertex 23.1 -16.5 21.5
    endloop
  endfacet
  facet normal -0.980752 -0.195258 0
    outer loop
      vertex 23.1818 -17.1212 21
      vertex 23.1205 -16.8133 21.5
      vertex 23.1205 -16.8133 21
    endloop
  endfacet
  facet normal -0.980752 -0.195258 0
    outer loop
      vertex 23.1205 -16.8133 21.5
      vertex 23.1818 -17.1212 21
      vertex 23.1818 -17.1212 21.5
    endloop
  endfacet
  facet normal 0.980741 -0.195256 -0.00464756
    outer loop
      vertex 27.8795 -16.8133 21
      vertex 27.8182 -16.7118 3.8
      vertex 27.8795 -16.4039 3.8
    endloop
  endfacet
  facet normal 0.980741 -0.195256 -0.00464756
    outer loop
      vertex 27.8182 -16.7118 3.8
      vertex 27.8795 -16.8133 21
      vertex 27.8182 -17.1212 21
    endloop
  endfacet
  facet normal 0.442009 -0.896757 -0.0213397
    outer loop
      vertex 26.4184 -18.308 3.8
      vertex 26.7 -18.5785 21
      vertex 26.4184 -18.7173 21
    endloop
  endfacet
  facet normal 0.442265 -0.89663 -0.0213419
    outer loop
      vertex 26.7 -18.5785 21
      vertex 26.4184 -18.308 3.8
      vertex 26.7 -18.1691 3.8
    endloop
  endfacet
  facet normal 0.658957 0.751957 0.0183401
    outer loop
      vertex 27.1971 -14.3712 3.8
      vertex 26.961 -14.596 21.5
      vertex 27.1971 -14.8029 21.5
    endloop
  endfacet
  facet normal 0.659137 0.751799 0.0183405
    outer loop
      vertex 26.961 -14.596 21.5
      vertex 27.1971 -14.3712 3.8
      vertex 26.961 -14.1642 3.8
    endloop
  endfacet
  facet normal 0.997866 -0.0652929 0
    outer loop
      vertex 27.8795 -16.8133 21.5
      vertex 27.9 -16.5 21
      vertex 27.9 -16.5 21.5
    endloop
  endfacet
  facet normal 0.997866 -0.0652929 0
    outer loop
      vertex 27.9 -16.5 21
      vertex 27.8795 -16.8133 21.5
      vertex 27.8795 -16.8133 21
    endloop
  endfacet
  facet normal -0.751852 -0.659145 -0.0156854
    outer loop
      vertex 23.8029 -17.7877 3.8
      vertex 23.596 -17.961 21
      vertex 23.596 -17.5517 3.8
    endloop
  endfacet
  facet normal -0.751991 -0.658987 -0.0156854
    outer loop
      vertex 23.596 -17.961 21
      vertex 23.8029 -17.7877 3.8
      vertex 23.8029 -18.1971 21
    endloop
  endfacet
  facet normal 0.555693 -0.831152 -0.0197833
    outer loop
      vertex 26.7 -18.1691 3.8
      vertex 26.961 -18.404 21
      vertex 26.7 -18.5785 21
    endloop
  endfacet
  facet normal 0.555473 -0.831299 -0.019782
    outer loop
      vertex 26.961 -18.404 21
      vertex 26.7 -18.1691 3.8
      vertex 26.961 -17.9947 3.8
    endloop
  endfacet
  facet normal -0.0652929 -0.997866 0
    outer loop
      vertex 25.1867 -18.8795 21
      vertex 25.5 -18.9 21.5
      vertex 25.1867 -18.8795 21.5
    endloop
  endfacet
  facet normal -0.0652929 -0.997866 -0
    outer loop
      vertex 25.5 -18.9 21.5
      vertex 25.1867 -18.8795 21
      vertex 25.5 -18.9 21
    endloop
  endfacet
  facet normal 1 -0 0
    outer loop
      vertex 27.9 -16.5 21
      vertex 27.9 -16.0683 3.8
      vertex 27.9 -16.5 21.5
    endloop
  endfacet
  facet normal 1 0 0
    outer loop
      vertex 27.9 -16.0683 3.8
      vertex 27.9 -16.5 21
      vertex 27.9 -16.0907 3.8
    endloop
  endfacet
  facet normal -0.980741 -0.195256 -0.00464756
    outer loop
      vertex 23.1818 -16.7118 3.8
      vertex 23.1205 -16.8133 21
      vertex 23.1205 -16.4039 3.8
    endloop
  endfacet
  facet normal -0.980741 -0.195256 -0.00464756
    outer loop
      vertex 23.1205 -16.8133 21
      vertex 23.1818 -16.7118 3.8
      vertex 23.1818 -17.1212 21
    endloop
  endfacet
  facet normal 0.997864 -0.0653135 -0.00155423
    outer loop
      vertex 27.9 -16.5 21
      vertex 27.8795 -16.4039 3.8
      vertex 27.9 -16.0907 3.8
    endloop
  endfacet
  facet normal 0.997865 -0.0652928 -0.00155412
    outer loop
      vertex 27.8795 -16.4039 3.8
      vertex 27.9 -16.5 21
      vertex 27.8795 -16.8133 21
    endloop
  endfacet
  facet normal 0.321394 0.946664 0.023089
    outer loop
      vertex 26.4184 -13.851 3.8
      vertex 26.1212 -14.1818 21.5
      vertex 26.4184 -14.2827 21.5
    endloop
  endfacet
  facet normal 0.321394 0.946664 0.023089
    outer loop
      vertex 26.1212 -14.1818 21.5
      vertex 26.4184 -13.851 3.8
      vertex 26.1212 -13.7501 3.8
    endloop
  endfacet
  facet normal 0.442004 0.896746 0.0218715
    outer loop
      vertex 26.7 -13.9898 3.8
      vertex 26.4184 -14.2827 21.5
      vertex 26.7 -14.4215 21.5
    endloop
  endfacet
  facet normal 0.442004 0.896746 0.0218715
    outer loop
      vertex 26.4184 -14.2827 21.5
      vertex 26.7 -13.9898 3.8
      vertex 26.4184 -13.851 3.8
    endloop
  endfacet
  facet normal -0.321394 0.946664 0.023089
    outer loop
      vertex 24.8788 -13.7501 3.8
      vertex 24.5816 -14.2827 21.5
      vertex 24.8788 -14.1818 21.5
    endloop
  endfacet
  facet normal -0.321394 0.946664 0.023089
    outer loop
      vertex 24.5816 -14.2827 21.5
      vertex 24.8788 -13.7501 3.8
      vertex 24.5816 -13.851 3.8
    endloop
  endfacet
  facet normal -0.946916 -0.32148 0
    outer loop
      vertex 23.2827 -17.4184 21
      vertex 23.1818 -17.1212 21.5
      vertex 23.1818 -17.1212 21
    endloop
  endfacet
  facet normal -0.946916 -0.32148 0
    outer loop
      vertex 23.1818 -17.1212 21.5
      vertex 23.2827 -17.4184 21
      vertex 23.2827 -17.4184 21.5
    endloop
  endfacet
  facet normal -0.997864 -0.0653135 -0.00155423
    outer loop
      vertex 23.1205 -16.4039 3.8
      vertex 23.1 -16.5 21
      vertex 23.1 -16.0907 3.8
    endloop
  endfacet
  facet normal -0.997865 -0.0652928 -0.00155412
    outer loop
      vertex 23.1 -16.5 21
      vertex 23.1205 -16.4039 3.8
      vertex 23.1205 -16.8133 21
    endloop
  endfacet
  facet normal -0.321398 -0.946676 -0.0225276
    outer loop
      vertex 24.5816 -18.308 3.8
      vertex 24.8788 -18.8182 21
      vertex 24.5816 -18.7173 21
    endloop
  endfacet
  facet normal -0.321398 -0.946676 -0.0225276
    outer loop
      vertex 24.8788 -18.8182 21
      vertex 24.5816 -18.308 3.8
      vertex 24.8788 -18.4089 3.8
    endloop
  endfacet
  facet normal -0.32148 -0.946916 0
    outer loop
      vertex 24.5816 -18.7173 21
      vertex 24.8788 -18.8182 21.5
      vertex 24.5816 -18.7173 21.5
    endloop
  endfacet
  facet normal -0.32148 -0.946916 -0
    outer loop
      vertex 24.8788 -18.8182 21.5
      vertex 24.5816 -18.7173 21
      vertex 24.8788 -18.8182 21
    endloop
  endfacet
  facet normal -0.442004 0.896746 0.0218715
    outer loop
      vertex 24.5816 -13.851 3.8
      vertex 24.3 -14.4215 21.5
      vertex 24.5816 -14.2827 21.5
    endloop
  endfacet
  facet normal -0.442004 0.896746 0.0218715
    outer loop
      vertex 24.3 -14.4215 21.5
      vertex 24.5816 -13.851 3.8
      vertex 24.3 -13.9898 3.8
    endloop
  endfacet
  facet normal 0.195205 -0.980485 -0.0233378
    outer loop
      vertex 25.8133 -18.4701 3.8
      vertex 26.1212 -18.8182 21
      vertex 25.8133 -18.8795 21
    endloop
  endfacet
  facet normal 0.194899 -0.980546 -0.0233336
    outer loop
      vertex 26.1212 -18.8182 21
      vertex 25.8133 -18.4701 3.8
      vertex 26.1212 -18.4089 3.8
    endloop
  endfacet
  facet normal -1 0 0
    outer loop
      vertex 23.1 -16.5 21
      vertex 23.1 -16.0683 3.8
      vertex 23.1 -16.0907 3.8
    endloop
  endfacet
  facet normal -1 0 0
    outer loop
      vertex 23.1 -16.0683 3.8
      vertex 23.1 -16.5 21
      vertex 23.1 -16.5 21.5
    endloop
  endfacet
  facet normal -0.44211 -0.896961 0
    outer loop
      vertex 24.3 -18.5785 21
      vertex 24.5816 -18.7173 21.5
      vertex 24.3 -18.5785 21.5
    endloop
  endfacet
  facet normal -0.44211 -0.896961 -0
    outer loop
      vertex 24.5816 -18.7173 21.5
      vertex 24.3 -18.5785 21
      vertex 24.5816 -18.7173 21
    endloop
  endfacet
  facet normal -0.896911 -0.442086 -0.0105201
    outer loop
      vertex 23.4215 -17.2907 3.8
      vertex 23.2827 -17.4184 21
      vertex 23.2827 -17.0091 3.8
    endloop
  endfacet
  facet normal -0.896911 -0.442086 -0.0105201
    outer loop
      vertex 23.2827 -17.4184 21
      vertex 23.4215 -17.2907 3.8
      vertex 23.4215 -17.7 21
    endloop
  endfacet
  facet normal 0.659068 -0.752083 0
    outer loop
      vertex 26.961 -18.404 21
      vertex 27.1971 -18.1971 21.5
      vertex 26.961 -18.404 21.5
    endloop
  endfacet
  facet normal 0.659068 -0.752083 0
    outer loop
      vertex 27.1971 -18.1971 21.5
      vertex 26.961 -18.404 21
      vertex 27.1971 -18.1971 21
    endloop
  endfacet
  facet normal 0.751986 0.658983 0.0160725
    outer loop
      vertex 27.1971 -14.8029 21.5
      vertex 27.404 -14.6073 3.8
      vertex 27.1971 -14.3712 3.8
    endloop
  endfacet
  facet normal 0.751986 0.658983 0.0160725
    outer loop
      vertex 27.404 -14.6073 3.8
      vertex 27.1971 -14.8029 21.5
      vertex 27.404 -15.039 21.5
    endloop
  endfacet
  facet normal 0.946887 0.32147 0.0078406
    outer loop
      vertex 27.7173 -15.5816 21.5
      vertex 27.8182 -15.4471 3.8
      vertex 27.7173 -15.1499 3.8
    endloop
  endfacet
  facet normal 0.946887 0.32147 0.0078406
    outer loop
      vertex 27.8182 -15.4471 3.8
      vertex 27.7173 -15.5816 21.5
      vertex 27.8182 -15.8788 21.5
    endloop
  endfacet
  facet normal -0.659068 -0.752083 0
    outer loop
      vertex 23.8029 -18.1971 21
      vertex 24.039 -18.404 21.5
      vertex 23.8029 -18.1971 21.5
    endloop
  endfacet
  facet normal -0.659068 -0.752083 -0
    outer loop
      vertex 24.039 -18.404 21.5
      vertex 23.8029 -18.1971 21
      vertex 24.039 -18.404 21
    endloop
  endfacet
  facet normal -0.831315 -0.555802 0
    outer loop
      vertex 23.596 -17.961 21
      vertex 23.4215 -17.7 21.5
      vertex 23.4215 -17.7 21
    endloop
  endfacet
  facet normal -0.831315 -0.555802 0
    outer loop
      vertex 23.4215 -17.7 21.5
      vertex 23.596 -17.961 21
      vertex 23.596 -17.961 21.5
    endloop
  endfacet
  facet normal 0.896961 -0.44211 0
    outer loop
      vertex 27.5785 -17.7 21.5
      vertex 27.7173 -17.4184 21
      vertex 27.7173 -17.4184 21.5
    endloop
  endfacet
  facet normal 0.896961 -0.44211 0
    outer loop
      vertex 27.7173 -17.4184 21
      vertex 27.5785 -17.7 21.5
      vertex 27.5785 -17.7 21
    endloop
  endfacet
  facet normal 0.751852 -0.659145 -0.0156854
    outer loop
      vertex 27.404 -17.961 21
      vertex 27.1971 -17.7877 3.8
      vertex 27.404 -17.5517 3.8
    endloop
  endfacet
  facet normal 0.751991 -0.658987 -0.0156854
    outer loop
      vertex 27.1971 -17.7877 3.8
      vertex 27.404 -17.961 21
      vertex 27.1971 -18.1971 21
    endloop
  endfacet
  facet normal 0.980752 -0.195258 0
    outer loop
      vertex 27.8182 -17.1212 21.5
      vertex 27.8795 -16.8133 21
      vertex 27.8795 -16.8133 21.5
    endloop
  endfacet
  facet normal 0.980752 -0.195258 0
    outer loop
      vertex 27.8795 -16.8133 21
      vertex 27.8182 -17.1212 21.5
      vertex 27.8182 -17.1212 21
    endloop
  endfacet
  facet normal 0.946922 -0.321374 -0.00764944
    outer loop
      vertex 27.8182 -17.1212 21
      vertex 27.7173 -17.0091 3.8
      vertex 27.8182 -16.7118 3.8
    endloop
  endfacet
  facet normal 0.946889 -0.321471 -0.00764988
    outer loop
      vertex 27.7173 -17.0091 3.8
      vertex 27.8182 -17.1212 21
      vertex 27.7173 -17.4184 21
    endloop
  endfacet
  facet normal -0.555688 0.831144 0.0202715
    outer loop
      vertex 24.3 -13.9898 3.8
      vertex 24.039 -14.596 21.5
      vertex 24.3 -14.4215 21.5
    endloop
  endfacet
  facet normal -0.555468 0.831291 0.0202797
    outer loop
      vertex 24.039 -14.596 21.5
      vertex 24.3 -13.9898 3.8
      vertex 24.039 -14.1642 3.8
    endloop
  endfacet
  facet normal 0.32148 -0.946916 0
    outer loop
      vertex 26.1212 -18.8182 21
      vertex 26.4184 -18.7173 21.5
      vertex 26.1212 -18.8182 21.5
    endloop
  endfacet
  facet normal 0.32148 -0.946916 0
    outer loop
      vertex 26.4184 -18.7173 21.5
      vertex 26.1212 -18.8182 21
      vertex 26.4184 -18.7173 21
    endloop
  endfacet
  facet normal -0.946887 0.32147 0.0078406
    outer loop
      vertex 23.1818 -15.4471 3.8
      vertex 23.2827 -15.5816 21.5
      vertex 23.2827 -15.1499 3.8
    endloop
  endfacet
  facet normal -0.946887 0.32147 0.0078406
    outer loop
      vertex 23.2827 -15.5816 21.5
      vertex 23.1818 -15.4471 3.8
      vertex 23.1818 -15.8788 21.5
    endloop
  endfacet
  facet normal 0.44211 -0.896961 0
    outer loop
      vertex 26.4184 -18.7173 21
      vertex 26.7 -18.5785 21.5
      vertex 26.4184 -18.7173 21.5
    endloop
  endfacet
  facet normal 0.44211 -0.896961 0
    outer loop
      vertex 26.7 -18.5785 21.5
      vertex 26.4184 -18.7173 21
      vertex 26.7 -18.5785 21
    endloop
  endfacet
  facet normal -0.751986 0.658983 0.0160725
    outer loop
      vertex 23.596 -14.6073 3.8
      vertex 23.8029 -14.8029 21.5
      vertex 23.8029 -14.3712 3.8
    endloop
  endfacet
  facet normal -0.751986 0.658983 0.0160725
    outer loop
      vertex 23.8029 -14.8029 21.5
      vertex 23.596 -14.6073 3.8
      vertex 23.596 -15.039 21.5
    endloop
  endfacet
  facet normal -0.658957 0.751957 0.0183443
    outer loop
      vertex 24.039 -14.1642 3.8
      vertex 23.8029 -14.8029 21.5
      vertex 24.039 -14.596 21.5
    endloop
  endfacet
  facet normal -0.659138 0.751799 0.0183362
    outer loop
      vertex 23.8029 -14.8029 21.5
      vertex 24.039 -14.1642 3.8
      vertex 23.8029 -14.3712 3.8
    endloop
  endfacet
  facet normal 0.658963 -0.751963 -0.0178941
    outer loop
      vertex 26.961 -17.9947 3.8
      vertex 27.1971 -18.1971 21
      vertex 26.961 -18.404 21
    endloop
  endfacet
  facet normal 0.659143 -0.751805 -0.0178947
    outer loop
      vertex 27.1971 -18.1971 21
      vertex 26.961 -17.9947 3.8
      vertex 27.1971 -17.7877 3.8
    endloop
  endfacet
  facet normal 0.555688 0.831144 0.0202761
    outer loop
      vertex 26.961 -14.1642 3.8
      vertex 26.7 -14.4215 21.5
      vertex 26.961 -14.596 21.5
    endloop
  endfacet
  facet normal 0.555468 0.831291 0.020275
    outer loop
      vertex 26.7 -14.4215 21.5
      vertex 26.961 -14.1642 3.8
      vertex 26.7 -13.9898 3.8
    endloop
  endfacet
  facet normal -0.658963 -0.751963 -0.0178985
    outer loop
      vertex 23.8029 -17.7877 3.8
      vertex 24.039 -18.404 21
      vertex 23.8029 -18.1971 21
    endloop
  endfacet
  facet normal -0.659143 -0.751805 -0.0178903
    outer loop
      vertex 24.039 -18.404 21
      vertex 23.8029 -17.7877 3.8
      vertex 24.039 -17.9947 3.8
    endloop
  endfacet
  facet normal 0.946916 -0.32148 0
    outer loop
      vertex 27.7173 -17.4184 21.5
      vertex 27.8182 -17.1212 21
      vertex 27.8182 -17.1212 21.5
    endloop
  endfacet
  facet normal 0.946916 -0.32148 0
    outer loop
      vertex 27.8182 -17.1212 21
      vertex 27.7173 -17.4184 21.5
      vertex 27.7173 -17.4184 21
    endloop
  endfacet
  facet normal 0.752083 -0.659068 0
    outer loop
      vertex 27.1971 -18.1971 21.5
      vertex 27.404 -17.961 21
      vertex 27.404 -17.961 21.5
    endloop
  endfacet
  facet normal 0.752083 -0.659068 0
    outer loop
      vertex 27.404 -17.961 21
      vertex 27.1971 -18.1971 21.5
      vertex 27.1971 -18.1971 21
    endloop
  endfacet
  facet normal 0.831242 -0.555754 -0.013225
    outer loop
      vertex 27.5785 -17.7 21
      vertex 27.404 -17.5517 3.8
      vertex 27.5785 -17.2907 3.8
    endloop
  endfacet
  facet normal 0.831242 -0.555754 -0.013225
    outer loop
      vertex 27.404 -17.5517 3.8
      vertex 27.5785 -17.7 21
      vertex 27.404 -17.961 21
    endloop
  endfacet
  facet normal -0.831242 -0.555754 -0.013225
    outer loop
      vertex 23.596 -17.5517 3.8
      vertex 23.4215 -17.7 21
      vertex 23.4215 -17.2907 3.8
    endloop
  endfacet
  facet normal -0.831242 -0.555754 -0.013225
    outer loop
      vertex 23.4215 -17.7 21
      vertex 23.596 -17.5517 3.8
      vertex 23.596 -17.961 21
    endloop
  endfacet
  facet normal 0.195203 0.980471 0.0239135
    outer loop
      vertex 26.1212 -13.7501 3.8
      vertex 25.8133 -14.1205 21.5
      vertex 26.1212 -14.1818 21.5
    endloop
  endfacet
  facet normal 0.195203 0.980471 0.0239135
    outer loop
      vertex 25.8133 -14.1205 21.5
      vertex 26.1212 -13.7501 3.8
      vertex 25.8133 -13.6888 3.8
    endloop
  endfacet
  facet normal -0.195205 -0.980485 -0.0233321
    outer loop
      vertex 24.8788 -18.4089 3.8
      vertex 25.1867 -18.8795 21
      vertex 24.8788 -18.8182 21
    endloop
  endfacet
  facet normal -0.194899 -0.980546 -0.0233393
    outer loop
      vertex 25.1867 -18.8795 21
      vertex 24.8788 -18.4089 3.8
      vertex 25.1867 -18.4701 3.8
    endloop
  endfacet
  facet normal -0.831238 0.555751 0.0135547
    outer loop
      vertex 23.4215 -14.8683 3.8
      vertex 23.596 -15.039 21.5
      vertex 23.596 -14.6073 3.8
    endloop
  endfacet
  facet normal -0.831238 0.555751 0.0135547
    outer loop
      vertex 23.596 -15.039 21.5
      vertex 23.4215 -14.8683 3.8
      vertex 23.4215 -15.3 21.5
    endloop
  endfacet
  facet normal -0.555694 -0.831152 -0.0197785
    outer loop
      vertex 24.039 -17.9947 3.8
      vertex 24.3 -18.5785 21
      vertex 24.039 -18.404 21
    endloop
  endfacet
  facet normal -0.555473 -0.831299 -0.0197868
    outer loop
      vertex 24.3 -18.5785 21
      vertex 24.039 -17.9947 3.8
      vertex 24.3 -18.1691 3.8
    endloop
  endfacet
  facet normal -0.946922 -0.321374 -0.00764944
    outer loop
      vertex 23.2827 -17.0091 3.8
      vertex 23.1818 -17.1212 21
      vertex 23.1818 -16.7118 3.8
    endloop
  endfacet
  facet normal -0.946889 -0.321471 -0.00764988
    outer loop
      vertex 23.1818 -17.1212 21
      vertex 23.2827 -17.0091 3.8
      vertex 23.2827 -17.4184 21
    endloop
  endfacet
  facet normal -0.442009 -0.896757 -0.0213449
    outer loop
      vertex 24.3 -18.1691 3.8
      vertex 24.5816 -18.7173 21
      vertex 24.3 -18.5785 21
    endloop
  endfacet
  facet normal -0.442265 -0.89663 -0.0213367
    outer loop
      vertex 24.5816 -18.7173 21
      vertex 24.3 -18.1691 3.8
      vertex 24.5816 -18.308 3.8
    endloop
  endfacet
  facet normal 0.0652745 -0.997585 -0.023739
    outer loop
      vertex 25.5 -18.4907 3.8
      vertex 25.8133 -18.8795 21
      vertex 25.5 -18.9 21
    endloop
  endfacet
  facet normal 0.0655915 -0.997564 -0.0237443
    outer loop
      vertex 25.8133 -18.8795 21
      vertex 25.5 -18.4907 3.8
      vertex 25.8133 -18.4701 3.8
    endloop
  endfacet
  facet normal -0.0652745 -0.997585 -0.0237448
    outer loop
      vertex 25.1867 -18.4701 3.8
      vertex 25.5 -18.9 21
      vertex 25.1867 -18.8795 21
    endloop
  endfacet
  facet normal -0.0655915 -0.997564 -0.0237385
    outer loop
      vertex 25.5 -18.9 21
      vertex 25.1867 -18.4701 3.8
      vertex 25.5 -18.4907 3.8
    endloop
  endfacet
  facet normal 0 0 1
    outer loop
      vertex 27.8795 -16.1867 21.5
      vertex 27.8921 -16.5 21.5
      vertex 27.9 -16.5 21.5
    endloop
  endfacet
  facet normal 0 0 1
    outer loop
      vertex 27.8795 -16.1867 21.5
      vertex 27.8716 -16.1878 21.5
      vertex 27.8921 -16.5 21.5
    endloop
  endfacet
  facet normal -0 0 1
    outer loop
      vertex 27.8107 -15.8819 21.5
      vertex 27.8795 -16.1867 21.5
      vertex 27.8182 -15.8788 21.5
    endloop
  endfacet
  facet normal 0 0 1
    outer loop
      vertex 27.8795 -16.1867 21.5
      vertex 27.8107 -15.8819 21.5
      vertex 27.8716 -16.1878 21.5
    endloop
  endfacet
  facet normal 0 0 1
    outer loop
      vertex 27.8182 -15.8788 21.5
      vertex 27.8105 -15.8809 21.5
      vertex 27.8107 -15.8819 21.5
    endloop
  endfacet
  facet normal 0 0 1
    outer loop
      vertex 27.8182 -15.8788 21.5
      vertex 27.8102 -15.8799 21.5
      vertex 27.8105 -15.8809 21.5
    endloop
  endfacet
  facet normal 0 0 1
    outer loop
      vertex 27.7173 -15.5816 21.5
      vertex 27.8102 -15.8799 21.5
      vertex 27.8182 -15.8788 21.5
    endloop
  endfacet
  facet normal 0 0 1
    outer loop
      vertex 27.7173 -15.5816 21.5
      vertex 27.71 -15.5846 21.5
      vertex 27.8102 -15.8799 21.5
    endloop
  endfacet
  facet normal -0 0 1
    outer loop
      vertex 27.572 -15.3049 21.5
      vertex 27.7173 -15.5816 21.5
      vertex 27.5785 -15.3 21.5
    endloop
  endfacet
  facet normal 0 0 1
    outer loop
      vertex 27.7173 -15.5816 21.5
      vertex 27.572 -15.3049 21.5
      vertex 27.71 -15.5846 21.5
    endloop
  endfacet
  facet normal 0 0 1
    outer loop
      vertex 27.5785 -15.3 21.5
      vertex 27.5716 -15.304 21.5
      vertex 27.572 -15.3049 21.5
    endloop
  endfacet
  facet normal -0 0 1
    outer loop
      vertex 27.3983 -15.0447 21.5
      vertex 27.5785 -15.3 21.5
      vertex 27.404 -15.039 21.5
    endloop
  endfacet
  facet normal 0 0 1
    outer loop
      vertex 27.5785 -15.3 21.5
      vertex 27.3983 -15.0447 21.5
      vertex 27.5716 -15.304 21.5
    endloop
  endfacet
  facet normal 0 0 1
    outer loop
      vertex 27.404 -15.039 21.5
      vertex 27.3977 -15.0438 21.5
      vertex 27.3983 -15.0447 21.5
    endloop
  endfacet
  facet normal 0 0 1
    outer loop
      vertex 27.404 -15.039 21.5
      vertex 27.3971 -15.043 21.5
      vertex 27.3977 -15.0438 21.5
    endloop
  endfacet
  facet normal 0 0 1
    outer loop
      vertex 27.1971 -14.8029 21.5
      vertex 27.3971 -15.043 21.5
      vertex 27.404 -15.039 21.5
    endloop
  endfacet
  facet normal 0 0 1
    outer loop
      vertex 27.1971 -14.8029 21.5
      vertex 27.1914 -14.8086 21.5
      vertex 27.3971 -15.043 21.5
    endloop
  endfacet
  facet normal -0 0 1
    outer loop
      vertex 26.957 -14.6029 21.5
      vertex 27.1971 -14.8029 21.5
      vertex 26.961 -14.596 21.5
    endloop
  endfacet
  facet normal 0 0 1
    outer loop
      vertex 27.1971 -14.8029 21.5
      vertex 26.957 -14.6029 21.5
      vertex 27.1914 -14.8086 21.5
    endloop
  endfacet
  facet normal 0 0 1
    outer loop
      vertex 26.961 -14.596 21.5
      vertex 26.9562 -14.6023 21.5
      vertex 26.957 -14.6029 21.5
    endloop
  endfacet
  facet normal 0 0 1
    outer loop
      vertex 26.961 -14.596 21.5
      vertex 26.9553 -14.6017 21.5
      vertex 26.9562 -14.6023 21.5
    endloop
  endfacet
  facet normal 0 0 1
    outer loop
      vertex 26.7 -14.4215 21.5
      vertex 26.9553 -14.6017 21.5
      vertex 26.961 -14.596 21.5
    endloop
  endfacet
  facet normal 0 0 1
    outer loop
      vertex 26.7 -14.4215 21.5
      vertex 26.696 -14.4284 21.5
      vertex 26.9553 -14.6017 21.5
    endloop
  endfacet
  facet normal 0 0 1
    outer loop
      vertex 26.7 -14.4215 21.5
      vertex 26.6951 -14.428 21.5
      vertex 26.696 -14.4284 21.5
    endloop
  endfacet
  facet normal 0 0 1
    outer loop
      vertex 26.4184 -14.2827 21.5
      vertex 26.6951 -14.428 21.5
      vertex 26.7 -14.4215 21.5
    endloop
  endfacet
  facet normal 0 0 1
    outer loop
      vertex 26.4184 -14.2827 21.5
      vertex 26.4154 -14.29 21.5
      vertex 26.6951 -14.428 21.5
    endloop
  endfacet
  facet normal -0 0 1
    outer loop
      vertex 26.1201 -14.1898 21.5
      vertex 26.4184 -14.2827 21.5
      vertex 26.1212 -14.1818 21.5
    endloop
  endfacet
  facet normal 0 0 1
    outer loop
      vertex 26.4184 -14.2827 21.5
      vertex 26.1201 -14.1898 21.5
      vertex 26.4154 -14.29 21.5
    endloop
  endfacet
  facet normal 0 0 1
    outer loop
      vertex 26.1212 -14.1818 21.5
      vertex 26.1191 -14.1895 21.5
      vertex 26.1201 -14.1898 21.5
    endloop
  endfacet
  facet normal 0 0 1
    outer loop
      vertex 26.1212 -14.1818 21.5
      vertex 26.1181 -14.1893 21.5
      vertex 26.1191 -14.1895 21.5
    endloop
  endfacet
  facet normal 0 0 1
    outer loop
      vertex 25.8133 -14.1205 21.5
      vertex 26.1181 -14.1893 21.5
      vertex 26.1212 -14.1818 21.5
    endloop
  endfacet
  facet normal 0 0 1
    outer loop
      vertex 25.8133 -14.1205 21.5
      vertex 25.8122 -14.1284 21.5
      vertex 26.1181 -14.1893 21.5
    endloop
  endfacet
  facet normal 0 0 1
    outer loop
      vertex 25.8133 -14.1205 21.5
      vertex 25.8112 -14.1283 21.5
      vertex 25.8122 -14.1284 21.5
    endloop
  endfacet
  facet normal 0 0 1
    outer loop
      vertex 25.5 -14.1 21.5
      vertex 25.8112 -14.1283 21.5
      vertex 25.8133 -14.1205 21.5
    endloop
  endfacet
  facet normal 0 0 1
    outer loop
      vertex 25.5 -14.1 21.5
      vertex 25.5 -14.1079 21.5
      vertex 25.8112 -14.1283 21.5
    endloop
  endfacet
  facet normal 0 0 1
    outer loop
      vertex 25.5 -14.1 21.5
      vertex 25.1878 -14.1284 21.5
      vertex 25.5 -14.1079 21.5
    endloop
  endfacet
  facet normal -0 0 1
    outer loop
      vertex 25.1867 -14.1205 21.5
      vertex 25.1878 -14.1284 21.5
      vertex 25.5 -14.1 21.5
    endloop
  endfacet
  facet normal 0 0 1
    outer loop
      vertex 25.1867 -14.1205 21.5
      vertex 24.8819 -14.1893 21.5
      vertex 25.1878 -14.1284 21.5
    endloop
  endfacet
  facet normal -0 0 1
    outer loop
      vertex 24.8788 -14.1818 21.5
      vertex 24.8819 -14.1893 21.5
      vertex 25.1867 -14.1205 21.5
    endloop
  endfacet
  facet normal 0 0 1
    outer loop
      vertex 24.8819 -14.1893 21.5
      vertex 24.8788 -14.1818 21.5
      vertex 24.8809 -14.1895 21.5
    endloop
  endfacet
  facet normal 0 0 1
    outer loop
      vertex 24.8788 -14.1818 21.5
      vertex 24.8799 -14.1898 21.5
      vertex 24.8809 -14.1895 21.5
    endloop
  endfacet
  facet normal 0 0 1
    outer loop
      vertex 24.5816 -14.2827 21.5
      vertex 24.8799 -14.1898 21.5
      vertex 24.8788 -14.1818 21.5
    endloop
  endfacet
  facet normal 0 0 1
    outer loop
      vertex 24.8799 -14.1898 21.5
      vertex 24.5816 -14.2827 21.5
      vertex 24.5846 -14.29 21.5
    endloop
  endfacet
  facet normal 0 0 1
    outer loop
      vertex 24.5816 -14.2827 21.5
      vertex 24.3049 -14.428 21.5
      vertex 24.5846 -14.29 21.5
    endloop
  endfacet
  facet normal -0 0 1
    outer loop
      vertex 24.3 -14.4215 21.5
      vertex 24.3049 -14.428 21.5
      vertex 24.5816 -14.2827 21.5
    endloop
  endfacet
  facet normal 0 0 1
    outer loop
      vertex 24.3049 -14.428 21.5
      vertex 24.3 -14.4215 21.5
      vertex 24.304 -14.4284 21.5
    endloop
  endfacet
  facet normal 0 0 1
    outer loop
      vertex 24.3 -14.4215 21.5
      vertex 24.0447 -14.6017 21.5
      vertex 24.304 -14.4284 21.5
    endloop
  endfacet
  facet normal -0 0 1
    outer loop
      vertex 24.039 -14.596 21.5
      vertex 24.0447 -14.6017 21.5
      vertex 24.3 -14.4215 21.5
    endloop
  endfacet
  facet normal 0 0 1
    outer loop
      vertex 24.0447 -14.6017 21.5
      vertex 24.039 -14.596 21.5
      vertex 24.0438 -14.6023 21.5
    endloop
  endfacet
  facet normal 0 0 1
    outer loop
      vertex 24.039 -14.596 21.5
      vertex 24.043 -14.6029 21.5
      vertex 24.0438 -14.6023 21.5
    endloop
  endfacet
  facet normal 0 0 1
    outer loop
      vertex 23.8029 -14.8029 21.5
      vertex 24.043 -14.6029 21.5
      vertex 24.039 -14.596 21.5
    endloop
  endfacet
  facet normal 0 0 1
    outer loop
      vertex 24.043 -14.6029 21.5
      vertex 23.8029 -14.8029 21.5
      vertex 23.8086 -14.8086 21.5
    endloop
  endfacet
  facet normal 0 0 1
    outer loop
      vertex 23.8029 -14.8029 21.5
      vertex 23.6029 -15.043 21.5
      vertex 23.8086 -14.8086 21.5
    endloop
  endfacet
  facet normal -0 0 1
    outer loop
      vertex 23.596 -15.039 21.5
      vertex 23.6029 -15.043 21.5
      vertex 23.8029 -14.8029 21.5
    endloop
  endfacet
  facet normal 0 0 1
    outer loop
      vertex 23.6029 -15.043 21.5
      vertex 23.596 -15.039 21.5
      vertex 23.6023 -15.0438 21.5
    endloop
  endfacet
  facet normal 0 0 1
    outer loop
      vertex 23.596 -15.039 21.5
      vertex 23.6017 -15.0447 21.5
      vertex 23.6023 -15.0438 21.5
    endloop
  endfacet
  facet normal 0 0 1
    outer loop
      vertex 23.4215 -15.3 21.5
      vertex 23.6017 -15.0447 21.5
      vertex 23.596 -15.039 21.5
    endloop
  endfacet
  facet normal 0 0 1
    outer loop
      vertex 23.6017 -15.0447 21.5
      vertex 23.4215 -15.3 21.5
      vertex 23.4284 -15.304 21.5
    endloop
  endfacet
  facet normal 0 0 1
    outer loop
      vertex 23.4215 -15.3 21.5
      vertex 23.428 -15.3049 21.5
      vertex 23.4284 -15.304 21.5
    endloop
  endfacet
  facet normal 0 0 1
    outer loop
      vertex 23.2827 -15.5816 21.5
      vertex 23.428 -15.3049 21.5
      vertex 23.4215 -15.3 21.5
    endloop
  endfacet
  facet normal 0 0 1
    outer loop
      vertex 23.428 -15.3049 21.5
      vertex 23.2827 -15.5816 21.5
      vertex 23.29 -15.5846 21.5
    endloop
  endfacet
  facet normal 0 0 1
    outer loop
      vertex 23.2827 -15.5816 21.5
      vertex 23.1898 -15.8799 21.5
      vertex 23.29 -15.5846 21.5
    endloop
  endfacet
  facet normal -0 0 1
    outer loop
      vertex 23.1818 -15.8788 21.5
      vertex 23.1898 -15.8799 21.5
      vertex 23.2827 -15.5816 21.5
    endloop
  endfacet
  facet normal 0 0 1
    outer loop
      vertex 23.1898 -15.8799 21.5
      vertex 23.1818 -15.8788 21.5
      vertex 23.1895 -15.8809 21.5
    endloop
  endfacet
  facet normal 0 0 1
    outer loop
      vertex 23.1818 -15.8788 21.5
      vertex 23.1893 -15.8819 21.5
      vertex 23.1895 -15.8809 21.5
    endloop
  endfacet
  facet normal 0 0 1
    outer loop
      vertex 23.1205 -16.1867 21.5
      vertex 23.1893 -15.8819 21.5
      vertex 23.1818 -15.8788 21.5
    endloop
  endfacet
  facet normal 0 0 1
    outer loop
      vertex 23.1893 -15.8819 21.5
      vertex 23.1205 -16.1867 21.5
      vertex 23.1284 -16.1878 21.5
    endloop
  endfacet
  facet normal 0 0 1
    outer loop
      vertex 23.1205 -16.1867 21.5
      vertex 23.1079 -16.5 21.5
      vertex 23.1284 -16.1878 21.5
    endloop
  endfacet
  facet normal 0 -0 1
    outer loop
      vertex 23.1079 -16.5 21.5
      vertex 23.1205 -16.1867 21.5
      vertex 23.1 -16.5 21.5
    endloop
  endfacet
  facet normal 0 0 1
    outer loop
      vertex 27.8717 -16.8112 21.5
      vertex 27.9 -16.5 21.5
      vertex 27.8921 -16.5 21.5
    endloop
  endfacet
  facet normal 0 0 1
    outer loop
      vertex 27.9 -16.5 21.5
      vertex 27.8717 -16.8112 21.5
      vertex 27.8795 -16.8133 21.5
    endloop
  endfacet
  facet normal -0 0 1
    outer loop
      vertex 27.8716 -16.8122 21.5
      vertex 27.8795 -16.8133 21.5
      vertex 27.8717 -16.8112 21.5
    endloop
  endfacet
  facet normal 0 0 1
    outer loop
      vertex 27.8107 -17.1181 21.5
      vertex 27.8795 -16.8133 21.5
      vertex 27.8716 -16.8122 21.5
    endloop
  endfacet
  facet normal 0 0 1
    outer loop
      vertex 27.8795 -16.8133 21.5
      vertex 27.8107 -17.1181 21.5
      vertex 27.8182 -17.1212 21.5
    endloop
  endfacet
  facet normal -0 0 1
    outer loop
      vertex 27.8105 -17.1191 21.5
      vertex 27.8182 -17.1212 21.5
      vertex 27.8107 -17.1181 21.5
    endloop
  endfacet
  facet normal -0 0 1
    outer loop
      vertex 27.8102 -17.1201 21.5
      vertex 27.8182 -17.1212 21.5
      vertex 27.8105 -17.1191 21.5
    endloop
  endfacet
  facet normal 0 0 1
    outer loop
      vertex 27.8102 -17.1201 21.5
      vertex 27.7173 -17.4184 21.5
      vertex 27.8182 -17.1212 21.5
    endloop
  endfacet
  facet normal -0 0 1
    outer loop
      vertex 27.71 -17.4154 21.5
      vertex 27.7173 -17.4184 21.5
      vertex 27.8102 -17.1201 21.5
    endloop
  endfacet
  facet normal 0 0 1
    outer loop
      vertex 27.572 -17.6951 21.5
      vertex 27.7173 -17.4184 21.5
      vertex 27.71 -17.4154 21.5
    endloop
  endfacet
  facet normal 0 0 1
    outer loop
      vertex 27.7173 -17.4184 21.5
      vertex 27.572 -17.6951 21.5
      vertex 27.5785 -17.7 21.5
    endloop
  endfacet
  facet normal -0 0 1
    outer loop
      vertex 27.5716 -17.696 21.5
      vertex 27.5785 -17.7 21.5
      vertex 27.572 -17.6951 21.5
    endloop
  endfacet
  facet normal 0 0 1
    outer loop
      vertex 27.3983 -17.9553 21.5
      vertex 27.5785 -17.7 21.5
      vertex 27.5716 -17.696 21.5
    endloop
  endfacet
  facet normal 0 0 1
    outer loop
      vertex 27.5785 -17.7 21.5
      vertex 27.3983 -17.9553 21.5
      vertex 27.404 -17.961 21.5
    endloop
  endfacet
  facet normal -0 0 1
    outer loop
      vertex 27.3977 -17.9562 21.5
      vertex 27.404 -17.961 21.5
      vertex 27.3983 -17.9553 21.5
    endloop
  endfacet
  facet normal -0 0 1
    outer loop
      vertex 27.3971 -17.957 21.5
      vertex 27.404 -17.961 21.5
      vertex 27.3977 -17.9562 21.5
    endloop
  endfacet
  facet normal 0 0 1
    outer loop
      vertex 27.3971 -17.957 21.5
      vertex 27.1971 -18.1971 21.5
      vertex 27.404 -17.961 21.5
    endloop
  endfacet
  facet normal -0 0 1
    outer loop
      vertex 27.1914 -18.1914 21.5
      vertex 27.1971 -18.1971 21.5
      vertex 27.3971 -17.957 21.5
    endloop
  endfacet
  facet normal 0 0 1
    outer loop
      vertex 26.957 -18.3971 21.5
      vertex 27.1971 -18.1971 21.5
      vertex 27.1914 -18.1914 21.5
    endloop
  endfacet
  facet normal 0 0 1
    outer loop
      vertex 27.1971 -18.1971 21.5
      vertex 26.957 -18.3971 21.5
      vertex 26.961 -18.404 21.5
    endloop
  endfacet
  facet normal -0 0 1
    outer loop
      vertex 26.9562 -18.3977 21.5
      vertex 26.961 -18.404 21.5
      vertex 26.957 -18.3971 21.5
    endloop
  endfacet
  facet normal -0 0 1
    outer loop
      vertex 26.9553 -18.3983 21.5
      vertex 26.961 -18.404 21.5
      vertex 26.9562 -18.3977 21.5
    endloop
  endfacet
  facet normal 0 0 1
    outer loop
      vertex 26.9553 -18.3983 21.5
      vertex 26.7 -18.5785 21.5
      vertex 26.961 -18.404 21.5
    endloop
  endfacet
  facet normal -0 0 1
    outer loop
      vertex 26.696 -18.5716 21.5
      vertex 26.7 -18.5785 21.5
      vertex 26.9553 -18.3983 21.5
    endloop
  endfacet
  facet normal -0 0 1
    outer loop
      vertex 26.6951 -18.572 21.5
      vertex 26.7 -18.5785 21.5
      vertex 26.696 -18.5716 21.5
    endloop
  endfacet
  facet normal 0 0 1
    outer loop
      vertex 26.6951 -18.572 21.5
      vertex 26.4184 -18.7173 21.5
      vertex 26.7 -18.5785 21.5
    endloop
  endfacet
  facet normal -0 0 1
    outer loop
      vertex 26.4154 -18.71 21.5
      vertex 26.4184 -18.7173 21.5
      vertex 26.6951 -18.572 21.5
    endloop
  endfacet
  facet normal 0 0 1
    outer loop
      vertex 26.1201 -18.8102 21.5
      vertex 26.4184 -18.7173 21.5
      vertex 26.4154 -18.71 21.5
    endloop
  endfacet
  facet normal 0 0 1
    outer loop
      vertex 26.4184 -18.7173 21.5
      vertex 26.1201 -18.8102 21.5
      vertex 26.1212 -18.8182 21.5
    endloop
  endfacet
  facet normal -0 0 1
    outer loop
      vertex 26.1191 -18.8105 21.5
      vertex 26.1212 -18.8182 21.5
      vertex 26.1201 -18.8102 21.5
    endloop
  endfacet
  facet normal -0 0 1
    outer loop
      vertex 26.1181 -18.8107 21.5
      vertex 26.1212 -18.8182 21.5
      vertex 26.1191 -18.8105 21.5
    endloop
  endfacet
  facet normal 0 0 1
    outer loop
      vertex 26.1181 -18.8107 21.5
      vertex 25.8133 -18.8795 21.5
      vertex 26.1212 -18.8182 21.5
    endloop
  endfacet
  facet normal -0 0 1
    outer loop
      vertex 25.8122 -18.8716 21.5
      vertex 25.8133 -18.8795 21.5
      vertex 26.1181 -18.8107 21.5
    endloop
  endfacet
  facet normal -0 0 1
    outer loop
      vertex 25.8112 -18.8717 21.5
      vertex 25.8133 -18.8795 21.5
      vertex 25.8122 -18.8716 21.5
    endloop
  endfacet
  facet normal 0 0 1
    outer loop
      vertex 25.5 -18.9 21.5
      vertex 25.8112 -18.8717 21.5
      vertex 25.5 -18.8921 21.5
    endloop
  endfacet
  facet normal 0 0 1
    outer loop
      vertex 25.8112 -18.8717 21.5
      vertex 25.5 -18.9 21.5
      vertex 25.8133 -18.8795 21.5
    endloop
  endfacet
  facet normal 0 0 1
    outer loop
      vertex 25.1878 -18.8716 21.5
      vertex 25.5 -18.9 21.5
      vertex 25.5 -18.8921 21.5
    endloop
  endfacet
  facet normal 0 0 1
    outer loop
      vertex 25.1878 -18.8716 21.5
      vertex 25.1867 -18.8795 21.5
      vertex 25.5 -18.9 21.5
    endloop
  endfacet
  facet normal 0 0 1
    outer loop
      vertex 24.8819 -18.8107 21.5
      vertex 25.1867 -18.8795 21.5
      vertex 25.1878 -18.8716 21.5
    endloop
  endfacet
  facet normal 0 0 1
    outer loop
      vertex 24.8788 -18.8182 21.5
      vertex 24.8819 -18.8107 21.5
      vertex 24.8809 -18.8105 21.5
    endloop
  endfacet
  facet normal 0 0 1
    outer loop
      vertex 24.8819 -18.8107 21.5
      vertex 24.8788 -18.8182 21.5
      vertex 25.1867 -18.8795 21.5
    endloop
  endfacet
  facet normal 0 0 1
    outer loop
      vertex 24.8799 -18.8102 21.5
      vertex 24.8788 -18.8182 21.5
      vertex 24.8809 -18.8105 21.5
    endloop
  endfacet
  facet normal -0 0 1
    outer loop
      vertex 24.5816 -18.7173 21.5
      vertex 24.8799 -18.8102 21.5
      vertex 24.5846 -18.71 21.5
    endloop
  endfacet
  facet normal 0 0 1
    outer loop
      vertex 24.8799 -18.8102 21.5
      vertex 24.5816 -18.7173 21.5
      vertex 24.8788 -18.8182 21.5
    endloop
  endfacet
  facet normal 0 0 1
    outer loop
      vertex 24.3049 -18.572 21.5
      vertex 24.5816 -18.7173 21.5
      vertex 24.5846 -18.71 21.5
    endloop
  endfacet
  facet normal 0 0 1
    outer loop
      vertex 24.3 -18.5785 21.5
      vertex 24.3049 -18.572 21.5
      vertex 24.304 -18.5716 21.5
    endloop
  endfacet
  facet normal 0 0 1
    outer loop
      vertex 24.3049 -18.572 21.5
      vertex 24.3 -18.5785 21.5
      vertex 24.5816 -18.7173 21.5
    endloop
  endfacet
  facet normal 0 0 1
    outer loop
      vertex 24.0447 -18.3983 21.5
      vertex 24.3 -18.5785 21.5
      vertex 24.304 -18.5716 21.5
    endloop
  endfacet
  facet normal 0 0 1
    outer loop
      vertex 24.039 -18.404 21.5
      vertex 24.0447 -18.3983 21.5
      vertex 24.0438 -18.3977 21.5
    endloop
  endfacet
  facet normal 0 0 1
    outer loop
      vertex 24.0447 -18.3983 21.5
      vertex 24.039 -18.404 21.5
      vertex 24.3 -18.5785 21.5
    endloop
  endfacet
  facet normal 0 0 1
    outer loop
      vertex 24.043 -18.3971 21.5
      vertex 24.039 -18.404 21.5
      vertex 24.0438 -18.3977 21.5
    endloop
  endfacet
  facet normal -0 0 1
    outer loop
      vertex 23.8029 -18.1971 21.5
      vertex 24.043 -18.3971 21.5
      vertex 23.8086 -18.1914 21.5
    endloop
  endfacet
  facet normal 0 0 1
    outer loop
      vertex 24.043 -18.3971 21.5
      vertex 23.8029 -18.1971 21.5
      vertex 24.039 -18.404 21.5
    endloop
  endfacet
  facet normal 0 0 1
    outer loop
      vertex 23.6029 -17.957 21.5
      vertex 23.8029 -18.1971 21.5
      vertex 23.8086 -18.1914 21.5
    endloop
  endfacet
  facet normal 0 0 1
    outer loop
      vertex 23.596 -17.961 21.5
      vertex 23.6029 -17.957 21.5
      vertex 23.6023 -17.9562 21.5
    endloop
  endfacet
  facet normal 0 0 1
    outer loop
      vertex 23.6029 -17.957 21.5
      vertex 23.596 -17.961 21.5
      vertex 23.8029 -18.1971 21.5
    endloop
  endfacet
  facet normal 0 0 1
    outer loop
      vertex 23.6017 -17.9553 21.5
      vertex 23.596 -17.961 21.5
      vertex 23.6023 -17.9562 21.5
    endloop
  endfacet
  facet normal -0 0 1
    outer loop
      vertex 23.4215 -17.7 21.5
      vertex 23.6017 -17.9553 21.5
      vertex 23.4284 -17.696 21.5
    endloop
  endfacet
  facet normal 0 0 1
    outer loop
      vertex 23.6017 -17.9553 21.5
      vertex 23.4215 -17.7 21.5
      vertex 23.596 -17.961 21.5
    endloop
  endfacet
  facet normal 0 0 1
    outer loop
      vertex 23.428 -17.6951 21.5
      vertex 23.4215 -17.7 21.5
      vertex 23.4284 -17.696 21.5
    endloop
  endfacet
  facet normal -0 0 1
    outer loop
      vertex 23.2827 -17.4184 21.5
      vertex 23.428 -17.6951 21.5
      vertex 23.29 -17.4154 21.5
    endloop
  endfacet
  facet normal 0 0 1
    outer loop
      vertex 23.428 -17.6951 21.5
      vertex 23.2827 -17.4184 21.5
      vertex 23.4215 -17.7 21.5
    endloop
  endfacet
  facet normal 0 0 1
    outer loop
      vertex 23.1898 -17.1201 21.5
      vertex 23.2827 -17.4184 21.5
      vertex 23.29 -17.4154 21.5
    endloop
  endfacet
  facet normal 0 0 1
    outer loop
      vertex 23.1818 -17.1212 21.5
      vertex 23.1898 -17.1201 21.5
      vertex 23.1895 -17.1191 21.5
    endloop
  endfacet
  facet normal 0 0 1
    outer loop
      vertex 23.1898 -17.1201 21.5
      vertex 23.1818 -17.1212 21.5
      vertex 23.2827 -17.4184 21.5
    endloop
  endfacet
  facet normal 0 0 1
    outer loop
      vertex 23.1893 -17.1181 21.5
      vertex 23.1818 -17.1212 21.5
      vertex 23.1895 -17.1191 21.5
    endloop
  endfacet
  facet normal -0 0 1
    outer loop
      vertex 23.1205 -16.8133 21.5
      vertex 23.1893 -17.1181 21.5
      vertex 23.1284 -16.8122 21.5
    endloop
  endfacet
  facet normal 0 0 1
    outer loop
      vertex 23.1893 -17.1181 21.5
      vertex 23.1205 -16.8133 21.5
      vertex 23.1818 -17.1212 21.5
    endloop
  endfacet
  facet normal 0 0 1
    outer loop
      vertex 23.1283 -16.8112 21.5
      vertex 23.1205 -16.8133 21.5
      vertex 23.1284 -16.8122 21.5
    endloop
  endfacet
  facet normal -0 0 1
    outer loop
      vertex 23.1 -16.5 21.5
      vertex 23.1283 -16.8112 21.5
      vertex 23.1079 -16.5 21.5
    endloop
  endfacet
  facet normal 0 0 1
    outer loop
      vertex 23.1283 -16.8112 21.5
      vertex 23.1 -16.5 21.5
      vertex 23.1205 -16.8133 21.5
    endloop
  endfacet
  facet normal 0.980741 0.195256 0.00476227
    outer loop
      vertex 27.8182 -15.8788 21.5
      vertex 27.8795 -15.755 3.8
      vertex 27.8182 -15.4471 3.8
    endloop
  endfacet
  facet normal 0.980741 0.195256 0.00476227
    outer loop
      vertex 27.8795 -15.755 3.8
      vertex 27.8182 -15.8788 21.5
      vertex 27.8795 -16.1867 21.5
    endloop
  endfacet
  facet normal -0.555802 -0.831315 0
    outer loop
      vertex 24.039 -18.404 21
      vertex 24.3 -18.5785 21.5
      vertex 24.039 -18.404 21.5
    endloop
  endfacet
  facet normal -0.555802 -0.831315 -0
    outer loop
      vertex 24.3 -18.5785 21.5
      vertex 24.039 -18.404 21
      vertex 24.3 -18.5785 21
    endloop
  endfacet
  facet normal -0.195258 -0.980752 0
    outer loop
      vertex 24.8788 -18.8182 21
      vertex 25.1867 -18.8795 21.5
      vertex 24.8788 -18.8182 21.5
    endloop
  endfacet
  facet normal -0.195258 -0.980752 -0
    outer loop
      vertex 25.1867 -18.8795 21.5
      vertex 24.8788 -18.8182 21
      vertex 25.1867 -18.8795 21
    endloop
  endfacet
  facet normal -0.346808 0.702599 0.621353
    outer loop
      vertex 24.3049 -14.428 21.5
      vertex 24.9 -15.4608 23
      vertex 25.0408 -15.3913 23
    endloop
  endfacet
  facet normal -0.31864 0.71694 0.620052
    outer loop
      vertex 24.9 -15.4608 23
      vertex 24.3049 -14.428 21.5
      vertex 24.304 -14.4284 21.5
    endloop
  endfacet
  facet normal -0.346687 -0.70267 0.621339
    outer loop
      vertex 25.0408 -17.6087 23
      vertex 24.3049 -18.572 21.5
      vertex 24.5846 -18.71 21.5
    endloop
  endfacet
  facet normal -0.152986 0.768448 0.621356
    outer loop
      vertex 25.1878 -14.1284 21.5
      vertex 24.8819 -14.1893 21.5
      vertex 25.3434 -15.3103 23
    endloop
  endfacet
  facet normal 0.781847 -0.0512522 0.62136
    outer loop
      vertex 27.8921 -16.5 21.5
      vertex 26.7 -16.5 23
      vertex 27.8717 -16.8112 21.5
    endloop
  endfacet
  facet normal 0.781823 -0.0514226 0.621376
    outer loop
      vertex 26.6897 -16.6566 23
      vertex 27.8717 -16.8112 21.5
      vertex 26.7 -16.5 23
    endloop
  endfacet
  facet normal 0.779138 -0.0779138 0.621991
    outer loop
      vertex 27.8717 -16.8112 21.5
      vertex 26.6897 -16.6566 23
      vertex 27.8716 -16.8122 21.5
    endloop
  endfacet
  facet normal 0.65196 0.43464 0.621318
    outer loop
      vertex 26.452 -15.7695 23
      vertex 27.3983 -15.0447 21.5
      vertex 27.3977 -15.0438 21.5
    endloop
  endfacet
  facet normal 0.651482 0.435319 0.621344
    outer loop
      vertex 27.3983 -15.0447 21.5
      vertex 26.452 -15.7695 23
      vertex 26.5392 -15.9 23
    endloop
  endfacet
  facet normal 0.516814 0.588921 0.621349
    outer loop
      vertex 26.957 -14.6029 21.5
      vertex 26.3485 -15.6515 23
      vertex 27.1914 -14.8086 21.5
    endloop
  endfacet
  facet normal 0.469744 0.626325 0.622139
    outer loop
      vertex 26.2305 -15.548 23
      vertex 26.957 -14.6029 21.5
      vertex 26.9562 -14.6023 21.5
    endloop
  endfacet
  facet normal 0.516657 0.589039 0.621368
    outer loop
      vertex 26.957 -14.6029 21.5
      vertex 26.2305 -15.548 23
      vertex 26.3485 -15.6515 23
    endloop
  endfacet
  facet normal -0.651435 0.435379 0.621352
    outer loop
      vertex 23.6017 -15.0447 21.5
      vertex 23.4284 -15.304 21.5
      vertex 24.4608 -15.9 23
    endloop
  endfacet
  facet normal -0.516814 0.588921 0.621349
    outer loop
      vertex 24.043 -14.6029 21.5
      vertex 23.8086 -14.8086 21.5
      vertex 24.6515 -15.6515 23
    endloop
  endfacet
  facet normal -0.781823 -0.0514226 0.621376
    outer loop
      vertex 23.1283 -16.8112 21.5
      vertex 24.3103 -16.6566 23
      vertex 24.3 -16.5 23
    endloop
  endfacet
  facet normal -0.779138 -0.0779138 0.621991
    outer loop
      vertex 24.3103 -16.6566 23
      vertex 23.1283 -16.8112 21.5
      vertex 23.1284 -16.8122 21.5
    endloop
  endfacet
  facet normal -0.43464 -0.65196 0.621318
    outer loop
      vertex 24.0447 -18.3983 21.5
      vertex 24.7695 -17.452 23
      vertex 24.0438 -18.3977 21.5
    endloop
  endfacet
  facet normal -0.435319 -0.651482 0.621344
    outer loop
      vertex 24.7695 -17.452 23
      vertex 24.0447 -18.3983 21.5
      vertex 24.9 -17.5392 23
    endloop
  endfacet
  facet normal 0.251769 0.74199 0.62134
    outer loop
      vertex 26.1201 -14.1898 21.5
      vertex 25.9592 -15.3913 23
      vertex 26.4154 -14.29 21.5
    endloop
  endfacet
  facet normal 0.71694 0.31864 0.620052
    outer loop
      vertex 26.5392 -15.9 23
      vertex 27.572 -15.3049 21.5
      vertex 27.5716 -15.304 21.5
    endloop
  endfacet
  facet normal 0.702599 0.346808 0.621353
    outer loop
      vertex 27.572 -15.3049 21.5
      vertex 26.5392 -15.9 23
      vertex 26.6087 -16.0408 23
    endloop
  endfacet
  facet normal -0.768448 0.152986 0.621356
    outer loop
      vertex 23.1893 -15.8819 21.5
      vertex 23.1284 -16.1878 21.5
      vertex 24.3103 -16.3434 23
    endloop
  endfacet
  facet normal 0.435379 -0.651435 0.621352
    outer loop
      vertex 26.9553 -18.3983 21.5
      vertex 26.1 -17.5392 23
      vertex 26.696 -18.5716 21.5
    endloop
  endfacet
  facet normal -0.588921 -0.516814 0.621349
    outer loop
      vertex 24.6515 -17.3485 23
      vertex 23.6029 -17.957 21.5
      vertex 23.8086 -18.1914 21.5
    endloop
  endfacet
  facet normal -0.0513379 -0.781839 0.621363
    outer loop
      vertex 25.5 -18.8921 21.5
      vertex 25.3434 -17.6897 23
      vertex 25.1878 -18.8716 21.5
    endloop
  endfacet
  facet normal -0.0514237 -0.78184 0.621355
    outer loop
      vertex 25.3434 -17.6897 23
      vertex 25.5 -18.8921 21.5
      vertex 25.5 -17.7 23
    endloop
  endfacet
  facet normal 0.748651 0.224595 0.623761
    outer loop
      vertex 26.6087 -16.0408 23
      vertex 27.8105 -15.8809 21.5
      vertex 27.8102 -15.8799 21.5
    endloop
  endfacet
  facet normal 0.742025 0.251669 0.621338
    outer loop
      vertex 27.8105 -15.8809 21.5
      vertex 26.6087 -16.0408 23
      vertex 26.6591 -16.1894 23
    endloop
  endfacet
  facet normal -0.31864 -0.71694 0.620052
    outer loop
      vertex 24.3049 -18.572 21.5
      vertex 24.9 -17.5392 23
      vertex 24.304 -18.5716 21.5
    endloop
  endfacet
  facet normal -0.346808 -0.702599 0.621353
    outer loop
      vertex 24.9 -17.5392 23
      vertex 24.3049 -18.572 21.5
      vertex 25.0408 -17.6087 23
    endloop
  endfacet
  facet normal 0.346687 0.70267 0.621339
    outer loop
      vertex 26.4154 -14.29 21.5
      vertex 25.9592 -15.3913 23
      vertex 26.6951 -14.428 21.5
    endloop
  endfacet
  facet normal 0.742025 -0.251669 0.621338
    outer loop
      vertex 26.6087 -16.9592 23
      vertex 27.8105 -17.1191 21.5
      vertex 26.6591 -16.8106 23
    endloop
  endfacet
  facet normal 0.748651 -0.224595 0.623761
    outer loop
      vertex 27.8105 -17.1191 21.5
      vertex 26.6087 -16.9592 23
      vertex 27.8102 -17.1201 21.5
    endloop
  endfacet
  facet normal 0.78184 0.0514237 0.621355
    outer loop
      vertex 27.8921 -16.5 21.5
      vertex 26.6897 -16.3434 23
      vertex 26.7 -16.5 23
    endloop
  endfacet
  facet normal 0.781839 0.0513379 0.621363
    outer loop
      vertex 26.6897 -16.3434 23
      vertex 27.8921 -16.5 21.5
      vertex 27.8716 -16.1878 21.5
    endloop
  endfacet
  facet normal -0.152707 0.768526 0.621328
    outer loop
      vertex 24.8819 -14.1893 21.5
      vertex 25.1894 -15.3409 23
      vertex 25.3434 -15.3103 23
    endloop
  endfacet
  facet normal -0.153662 0.768311 0.621359
    outer loop
      vertex 25.1894 -15.3409 23
      vertex 24.8819 -14.1893 21.5
      vertex 24.8809 -14.1895 21.5
    endloop
  endfacet
  facet normal -0.742025 -0.251669 0.621338
    outer loop
      vertex 23.1895 -17.1191 21.5
      vertex 24.3913 -16.9592 23
      vertex 24.3409 -16.8106 23
    endloop
  endfacet
  facet normal -0.748651 -0.224595 0.623761
    outer loop
      vertex 24.3913 -16.9592 23
      vertex 23.1895 -17.1191 21.5
      vertex 23.1898 -17.1201 21.5
    endloop
  endfacet
  facet normal 0.152986 -0.768448 0.621356
    outer loop
      vertex 26.1181 -18.8107 21.5
      vertex 25.6566 -17.6897 23
      vertex 25.8122 -18.8716 21.5
    endloop
  endfacet
  facet normal -0.435379 0.651435 0.621352
    outer loop
      vertex 24.304 -14.4284 21.5
      vertex 24.0447 -14.6017 21.5
      vertex 24.9 -15.4608 23
    endloop
  endfacet
  facet normal 0.70267 0.346687 0.621339
    outer loop
      vertex 27.572 -15.3049 21.5
      vertex 26.6087 -16.0408 23
      vertex 27.71 -15.5846 21.5
    endloop
  endfacet
  facet normal 0.0779138 0.779138 0.621991
    outer loop
      vertex 25.8112 -14.1283 21.5
      vertex 25.6566 -15.3103 23
      vertex 25.8122 -14.1284 21.5
    endloop
  endfacet
  facet normal 0.0514226 0.781823 0.621376
    outer loop
      vertex 25.6566 -15.3103 23
      vertex 25.8112 -14.1283 21.5
      vertex 25.5 -15.3 23
    endloop
  endfacet
  facet normal 0.74199 0.251769 0.62134
    outer loop
      vertex 27.71 -15.5846 21.5
      vertex 26.6087 -16.0408 23
      vertex 27.8102 -15.8799 21.5
    endloop
  endfacet
  facet normal 0.346808 -0.702599 0.621353
    outer loop
      vertex 26.6951 -18.572 21.5
      vertex 26.1 -17.5392 23
      vertex 25.9592 -17.6087 23
    endloop
  endfacet
  facet normal 0.31864 -0.71694 0.620052
    outer loop
      vertex 26.1 -17.5392 23
      vertex 26.6951 -18.572 21.5
      vertex 26.696 -18.5716 21.5
    endloop
  endfacet
  facet normal 0.626325 0.469744 0.622139
    outer loop
      vertex 27.3971 -15.043 21.5
      vertex 26.452 -15.7695 23
      vertex 27.3977 -15.0438 21.5
    endloop
  endfacet
  facet normal 0.589039 0.516657 0.621368
    outer loop
      vertex 26.452 -15.7695 23
      vertex 27.3971 -15.043 21.5
      vertex 26.3485 -15.6515 23
    endloop
  endfacet
  facet normal 0.588921 0.516814 0.621349
    outer loop
      vertex 27.1914 -14.8086 21.5
      vertex 26.3485 -15.6515 23
      vertex 27.3971 -15.043 21.5
    endloop
  endfacet
  facet normal 0.768311 0.153662 0.621359
    outer loop
      vertex 26.6591 -16.1894 23
      vertex 27.8107 -15.8819 21.5
      vertex 27.8105 -15.8809 21.5
    endloop
  endfacet
  facet normal 0.768526 0.152707 0.621328
    outer loop
      vertex 27.8107 -15.8819 21.5
      vertex 26.6591 -16.1894 23
      vertex 26.6897 -16.3434 23
    endloop
  endfacet
  facet normal 0.768448 0.152986 0.621356
    outer loop
      vertex 27.8107 -15.8819 21.5
      vertex 26.6897 -16.3434 23
      vertex 27.8716 -16.1878 21.5
    endloop
  endfacet
  facet normal 0.435379 0.651435 0.621352
    outer loop
      vertex 26.696 -14.4284 21.5
      vertex 26.1 -15.4608 23
      vertex 26.9553 -14.6017 21.5
    endloop
  endfacet
  facet normal -0.435319 0.651482 0.621344
    outer loop
      vertex 24.0447 -14.6017 21.5
      vertex 24.7695 -15.548 23
      vertex 24.9 -15.4608 23
    endloop
  endfacet
  facet normal -0.43464 0.65196 0.621318
    outer loop
      vertex 24.7695 -15.548 23
      vertex 24.0447 -14.6017 21.5
      vertex 24.0438 -14.6023 21.5
    endloop
  endfacet
  facet normal 0.224595 0.748651 0.623761
    outer loop
      vertex 26.1191 -14.1895 21.5
      vertex 25.9592 -15.3913 23
      vertex 26.1201 -14.1898 21.5
    endloop
  endfacet
  facet normal 0.251669 0.742025 0.621338
    outer loop
      vertex 25.9592 -15.3913 23
      vertex 26.1191 -14.1895 21.5
      vertex 25.8106 -15.3409 23
    endloop
  endfacet
  facet normal -0.768311 0.153662 0.621359
    outer loop
      vertex 23.1893 -15.8819 21.5
      vertex 24.3409 -16.1894 23
      vertex 23.1895 -15.8809 21.5
    endloop
  endfacet
  facet normal -0.768526 0.152707 0.621328
    outer loop
      vertex 24.3409 -16.1894 23
      vertex 23.1893 -15.8819 21.5
      vertex 24.3103 -16.3434 23
    endloop
  endfacet
  facet normal -0.588921 0.516814 0.621349
    outer loop
      vertex 23.8086 -14.8086 21.5
      vertex 23.6029 -15.043 21.5
      vertex 24.6515 -15.6515 23
    endloop
  endfacet
  facet normal -0.435379 -0.651435 0.621352
    outer loop
      vertex 24.9 -17.5392 23
      vertex 24.0447 -18.3983 21.5
      vertex 24.304 -18.5716 21.5
    endloop
  endfacet
  facet normal -0.152986 -0.768448 0.621356
    outer loop
      vertex 25.3434 -17.6897 23
      vertex 24.8819 -18.8107 21.5
      vertex 25.1878 -18.8716 21.5
    endloop
  endfacet
  facet normal 0.0512522 0.781847 0.62136
    outer loop
      vertex 25.8112 -14.1283 21.5
      vertex 25.5 -14.1079 21.5
      vertex 25.5 -15.3 23
    endloop
  endfacet
  facet normal -0.251669 0.742025 0.621338
    outer loop
      vertex 24.8809 -14.1895 21.5
      vertex 25.0408 -15.3913 23
      vertex 25.1894 -15.3409 23
    endloop
  endfacet
  facet normal -0.224595 0.748651 0.623761
    outer loop
      vertex 25.0408 -15.3913 23
      vertex 24.8809 -14.1895 21.5
      vertex 24.8799 -14.1898 21.5
    endloop
  endfacet
  facet normal 0.152986 0.768448 0.621356
    outer loop
      vertex 25.8122 -14.1284 21.5
      vertex 25.6566 -15.3103 23
      vertex 26.1181 -14.1893 21.5
    endloop
  endfacet
  facet normal -0.516657 -0.589039 0.621368
    outer loop
      vertex 24.043 -18.3971 21.5
      vertex 24.7695 -17.452 23
      vertex 24.6515 -17.3485 23
    endloop
  endfacet
  facet normal -0.469744 -0.626325 0.622139
    outer loop
      vertex 24.7695 -17.452 23
      vertex 24.043 -18.3971 21.5
      vertex 24.0438 -18.3977 21.5
    endloop
  endfacet
  facet normal -0.0514237 0.78184 0.621355
    outer loop
      vertex 25.5 -14.1079 21.5
      vertex 25.3434 -15.3103 23
      vertex 25.5 -15.3 23
    endloop
  endfacet
  facet normal -0.0513379 0.781839 0.621363
    outer loop
      vertex 25.3434 -15.3103 23
      vertex 25.5 -14.1079 21.5
      vertex 25.1878 -14.1284 21.5
    endloop
  endfacet
  facet normal 0.435319 -0.651482 0.621344
    outer loop
      vertex 26.9553 -18.3983 21.5
      vertex 26.2305 -17.452 23
      vertex 26.1 -17.5392 23
    endloop
  endfacet
  facet normal 0.43464 -0.65196 0.621318
    outer loop
      vertex 26.2305 -17.452 23
      vertex 26.9553 -18.3983 21.5
      vertex 26.9562 -18.3977 21.5
    endloop
  endfacet
  facet normal -0.251769 0.74199 0.62134
    outer loop
      vertex 24.8799 -14.1898 21.5
      vertex 24.5846 -14.29 21.5
      vertex 25.0408 -15.3913 23
    endloop
  endfacet
  facet normal 0.651482 -0.435319 0.621344
    outer loop
      vertex 26.452 -17.2305 23
      vertex 27.3983 -17.9553 21.5
      vertex 26.5392 -17.1 23
    endloop
  endfacet
  facet normal 0.65196 -0.43464 0.621318
    outer loop
      vertex 27.3983 -17.9553 21.5
      vertex 26.452 -17.2305 23
      vertex 27.3977 -17.9562 21.5
    endloop
  endfacet
  facet normal -0.469744 0.626325 0.622139
    outer loop
      vertex 24.043 -14.6029 21.5
      vertex 24.7695 -15.548 23
      vertex 24.0438 -14.6023 21.5
    endloop
  endfacet
  facet normal -0.516657 0.589039 0.621368
    outer loop
      vertex 24.7695 -15.548 23
      vertex 24.043 -14.6029 21.5
      vertex 24.6515 -15.6515 23
    endloop
  endfacet
  facet normal -0.74199 0.251769 0.62134
    outer loop
      vertex 23.29 -15.5846 21.5
      vertex 23.1898 -15.8799 21.5
      vertex 24.3913 -16.0408 23
    endloop
  endfacet
  facet normal 0.43464 0.65196 0.621318
    outer loop
      vertex 26.9553 -14.6017 21.5
      vertex 26.2305 -15.548 23
      vertex 26.9562 -14.6023 21.5
    endloop
  endfacet
  facet normal 0.435319 0.651482 0.621344
    outer loop
      vertex 26.2305 -15.548 23
      vertex 26.9553 -14.6017 21.5
      vertex 26.1 -15.4608 23
    endloop
  endfacet
  facet normal 0.70267 -0.346687 0.621339
    outer loop
      vertex 27.71 -17.4154 21.5
      vertex 26.6087 -16.9592 23
      vertex 27.572 -17.6951 21.5
    endloop
  endfacet
  facet normal -0.781847 -0.0512522 0.62136
    outer loop
      vertex 24.3 -16.5 23
      vertex 23.1079 -16.5 21.5
      vertex 23.1283 -16.8112 21.5
    endloop
  endfacet
  facet normal 0.152707 -0.768526 0.621328
    outer loop
      vertex 26.1181 -18.8107 21.5
      vertex 25.8106 -17.6591 23
      vertex 25.6566 -17.6897 23
    endloop
  endfacet
  facet normal 0.153662 -0.768311 0.621359
    outer loop
      vertex 25.8106 -17.6591 23
      vertex 26.1181 -18.8107 21.5
      vertex 26.1191 -18.8105 21.5
    endloop
  endfacet
  facet normal 0.31864 0.71694 0.620052
    outer loop
      vertex 26.6951 -14.428 21.5
      vertex 26.1 -15.4608 23
      vertex 26.696 -14.4284 21.5
    endloop
  endfacet
  facet normal 0.346808 0.702599 0.621353
    outer loop
      vertex 26.1 -15.4608 23
      vertex 26.6951 -14.428 21.5
      vertex 25.9592 -15.3913 23
    endloop
  endfacet
  facet normal -0.346687 0.70267 0.621339
    outer loop
      vertex 24.5846 -14.29 21.5
      vertex 24.3049 -14.428 21.5
      vertex 25.0408 -15.3913 23
    endloop
  endfacet
  facet normal -0.768526 -0.152707 0.621328
    outer loop
      vertex 23.1893 -17.1181 21.5
      vertex 24.3409 -16.8106 23
      vertex 24.3103 -16.6566 23
    endloop
  endfacet
  facet normal -0.768311 -0.153662 0.621359
    outer loop
      vertex 24.3409 -16.8106 23
      vertex 23.1893 -17.1181 21.5
      vertex 23.1895 -17.1191 21.5
    endloop
  endfacet
  facet normal -0.589039 -0.516657 0.621368
    outer loop
      vertex 24.548 -17.2305 23
      vertex 23.6029 -17.957 21.5
      vertex 24.6515 -17.3485 23
    endloop
  endfacet
  facet normal -0.626325 -0.469744 0.622139
    outer loop
      vertex 23.6029 -17.957 21.5
      vertex 24.548 -17.2305 23
      vertex 23.6023 -17.9562 21.5
    endloop
  endfacet
  facet normal -0.516814 -0.588921 0.621349
    outer loop
      vertex 24.6515 -17.3485 23
      vertex 23.8086 -18.1914 21.5
      vertex 24.043 -18.3971 21.5
    endloop
  endfacet
  facet normal -0.781839 0.0513379 0.621363
    outer loop
      vertex 23.1079 -16.5 21.5
      vertex 24.3103 -16.3434 23
      vertex 23.1284 -16.1878 21.5
    endloop
  endfacet
  facet normal -0.78184 0.0514237 0.621355
    outer loop
      vertex 24.3103 -16.3434 23
      vertex 23.1079 -16.5 21.5
      vertex 24.3 -16.5 23
    endloop
  endfacet
  facet normal 0.0514226 -0.781823 0.621376
    outer loop
      vertex 25.8112 -18.8717 21.5
      vertex 25.6566 -17.6897 23
      vertex 25.5 -17.7 23
    endloop
  endfacet
  facet normal 0.0779138 -0.779138 0.621991
    outer loop
      vertex 25.6566 -17.6897 23
      vertex 25.8112 -18.8717 21.5
      vertex 25.8122 -18.8716 21.5
    endloop
  endfacet
  facet normal -0.153662 -0.768311 0.621359
    outer loop
      vertex 24.8819 -18.8107 21.5
      vertex 25.1894 -17.6591 23
      vertex 24.8809 -18.8105 21.5
    endloop
  endfacet
  facet normal -0.152707 -0.768526 0.621328
    outer loop
      vertex 25.1894 -17.6591 23
      vertex 24.8819 -18.8107 21.5
      vertex 25.3434 -17.6897 23
    endloop
  endfacet
  facet normal 0.516814 -0.588921 0.621349
    outer loop
      vertex 27.1914 -18.1914 21.5
      vertex 26.3485 -17.3485 23
      vertex 26.957 -18.3971 21.5
    endloop
  endfacet
  facet normal 0.588921 -0.516814 0.621349
    outer loop
      vertex 27.3971 -17.957 21.5
      vertex 26.3485 -17.3485 23
      vertex 27.1914 -18.1914 21.5
    endloop
  endfacet
  facet normal -0.651482 -0.435319 0.621344
    outer loop
      vertex 23.6017 -17.9553 21.5
      vertex 24.548 -17.2305 23
      vertex 24.4608 -17.1 23
    endloop
  endfacet
  facet normal -0.65196 -0.43464 0.621318
    outer loop
      vertex 24.548 -17.2305 23
      vertex 23.6017 -17.9553 21.5
      vertex 23.6023 -17.9562 21.5
    endloop
  endfacet
  facet normal 0.0512522 -0.781847 0.62136
    outer loop
      vertex 25.8112 -18.8717 21.5
      vertex 25.5 -17.7 23
      vertex 25.5 -18.8921 21.5
    endloop
  endfacet
  facet normal -0.651435 -0.435379 0.621352
    outer loop
      vertex 24.4608 -17.1 23
      vertex 23.4284 -17.696 21.5
      vertex 23.6017 -17.9553 21.5
    endloop
  endfacet
  facet normal -0.224595 -0.748651 0.623761
    outer loop
      vertex 24.8809 -18.8105 21.5
      vertex 25.0408 -17.6087 23
      vertex 24.8799 -18.8102 21.5
    endloop
  endfacet
  facet normal -0.251669 -0.742025 0.621338
    outer loop
      vertex 25.0408 -17.6087 23
      vertex 24.8809 -18.8105 21.5
      vertex 25.1894 -17.6591 23
    endloop
  endfacet
  facet normal 0.153662 0.768311 0.621359
    outer loop
      vertex 26.1181 -14.1893 21.5
      vertex 25.8106 -15.3409 23
      vertex 26.1191 -14.1895 21.5
    endloop
  endfacet
  facet normal 0.152707 0.768526 0.621328
    outer loop
      vertex 25.8106 -15.3409 23
      vertex 26.1181 -14.1893 21.5
      vertex 25.6566 -15.3103 23
    endloop
  endfacet
  facet normal -0.748651 0.224595 0.623761
    outer loop
      vertex 23.1895 -15.8809 21.5
      vertex 24.3913 -16.0408 23
      vertex 23.1898 -15.8799 21.5
    endloop
  endfacet
  facet normal -0.742025 0.251669 0.621338
    outer loop
      vertex 24.3913 -16.0408 23
      vertex 23.1895 -15.8809 21.5
      vertex 24.3409 -16.1894 23
    endloop
  endfacet
  facet normal -0.251769 -0.74199 0.62134
    outer loop
      vertex 25.0408 -17.6087 23
      vertex 24.5846 -18.71 21.5
      vertex 24.8799 -18.8102 21.5
    endloop
  endfacet
  facet normal 0.651435 -0.435379 0.621352
    outer loop
      vertex 27.5716 -17.696 21.5
      vertex 26.5392 -17.1 23
      vertex 27.3983 -17.9553 21.5
    endloop
  endfacet
  facet normal 0.768526 -0.152707 0.621328
    outer loop
      vertex 26.6591 -16.8106 23
      vertex 27.8107 -17.1181 21.5
      vertex 26.6897 -16.6566 23
    endloop
  endfacet
  facet normal 0.768311 -0.153662 0.621359
    outer loop
      vertex 27.8107 -17.1181 21.5
      vertex 26.6591 -16.8106 23
      vertex 27.8105 -17.1191 21.5
    endloop
  endfacet
  facet normal 0.74199 -0.251769 0.62134
    outer loop
      vertex 27.8102 -17.1201 21.5
      vertex 26.6087 -16.9592 23
      vertex 27.71 -17.4154 21.5
    endloop
  endfacet
  facet normal 0.768448 -0.152986 0.621356
    outer loop
      vertex 27.8716 -16.8122 21.5
      vertex 26.6897 -16.6566 23
      vertex 27.8107 -17.1181 21.5
    endloop
  endfacet
  facet normal 0.651435 0.435379 0.621352
    outer loop
      vertex 27.3983 -15.0447 21.5
      vertex 26.5392 -15.9 23
      vertex 27.5716 -15.304 21.5
    endloop
  endfacet
  facet normal -0.702599 -0.346808 0.621353
    outer loop
      vertex 23.428 -17.6951 21.5
      vertex 24.4608 -17.1 23
      vertex 24.3913 -16.9592 23
    endloop
  endfacet
  facet normal -0.71694 -0.31864 0.620052
    outer loop
      vertex 24.4608 -17.1 23
      vertex 23.428 -17.6951 21.5
      vertex 23.4284 -17.696 21.5
    endloop
  endfacet
  facet normal -0.589039 0.516657 0.621368
    outer loop
      vertex 23.6029 -15.043 21.5
      vertex 24.548 -15.7695 23
      vertex 24.6515 -15.6515 23
    endloop
  endfacet
  facet normal -0.626325 0.469744 0.622139
    outer loop
      vertex 24.548 -15.7695 23
      vertex 23.6029 -15.043 21.5
      vertex 23.6023 -15.0438 21.5
    endloop
  endfacet
  facet normal -0.65196 0.43464 0.621318
    outer loop
      vertex 23.6017 -15.0447 21.5
      vertex 24.548 -15.7695 23
      vertex 23.6023 -15.0438 21.5
    endloop
  endfacet
  facet normal -0.651482 0.435319 0.621344
    outer loop
      vertex 24.548 -15.7695 23
      vertex 23.6017 -15.0447 21.5
      vertex 24.4608 -15.9 23
    endloop
  endfacet
  facet normal 0 0 1
    outer loop
      vertex 26.6897 -16.3434 23
      vertex 26.6897 -16.6566 23
      vertex 26.7 -16.5 23
    endloop
  endfacet
  facet normal 0 0 1
    outer loop
      vertex 26.6591 -16.1894 23
      vertex 26.6897 -16.6566 23
      vertex 26.6897 -16.3434 23
    endloop
  endfacet
  facet normal 0 0 1
    outer loop
      vertex 26.6591 -16.1894 23
      vertex 26.6591 -16.8106 23
      vertex 26.6897 -16.6566 23
    endloop
  endfacet
  facet normal 0 0 1
    outer loop
      vertex 26.6087 -16.0408 23
      vertex 26.6591 -16.8106 23
      vertex 26.6591 -16.1894 23
    endloop
  endfacet
  facet normal 0 0 1
    outer loop
      vertex 26.6087 -16.0408 23
      vertex 26.6087 -16.9592 23
      vertex 26.6591 -16.8106 23
    endloop
  endfacet
  facet normal 0 0 1
    outer loop
      vertex 26.5392 -15.9 23
      vertex 26.6087 -16.9592 23
      vertex 26.6087 -16.0408 23
    endloop
  endfacet
  facet normal 0 0 1
    outer loop
      vertex 26.5392 -15.9 23
      vertex 26.5392 -17.1 23
      vertex 26.6087 -16.9592 23
    endloop
  endfacet
  facet normal 0 0 1
    outer loop
      vertex 26.452 -15.7695 23
      vertex 26.5392 -17.1 23
      vertex 26.5392 -15.9 23
    endloop
  endfacet
  facet normal 0 0 1
    outer loop
      vertex 26.452 -15.7695 23
      vertex 26.452 -17.2305 23
      vertex 26.5392 -17.1 23
    endloop
  endfacet
  facet normal 0 0 1
    outer loop
      vertex 26.3485 -15.6515 23
      vertex 26.452 -17.2305 23
      vertex 26.452 -15.7695 23
    endloop
  endfacet
  facet normal 0 0 1
    outer loop
      vertex 26.3485 -15.6515 23
      vertex 26.3485 -17.3485 23
      vertex 26.452 -17.2305 23
    endloop
  endfacet
  facet normal 0 0 1
    outer loop
      vertex 26.2305 -15.548 23
      vertex 26.3485 -17.3485 23
      vertex 26.3485 -15.6515 23
    endloop
  endfacet
  facet normal 0 0 1
    outer loop
      vertex 26.2305 -15.548 23
      vertex 26.2305 -17.452 23
      vertex 26.3485 -17.3485 23
    endloop
  endfacet
  facet normal 0 0 1
    outer loop
      vertex 26.1 -15.4608 23
      vertex 26.2305 -17.452 23
      vertex 26.2305 -15.548 23
    endloop
  endfacet
  facet normal 0 0 1
    outer loop
      vertex 26.1 -15.4608 23
      vertex 26.1 -17.5392 23
      vertex 26.2305 -17.452 23
    endloop
  endfacet
  facet normal 0 0 1
    outer loop
      vertex 25.9592 -15.3913 23
      vertex 26.1 -17.5392 23
      vertex 26.1 -15.4608 23
    endloop
  endfacet
  facet normal 0 0 1
    outer loop
      vertex 25.9592 -15.3913 23
      vertex 25.9592 -17.6087 23
      vertex 26.1 -17.5392 23
    endloop
  endfacet
  facet normal 0 0 1
    outer loop
      vertex 25.8106 -15.3409 23
      vertex 25.9592 -17.6087 23
      vertex 25.9592 -15.3913 23
    endloop
  endfacet
  facet normal 0 0 1
    outer loop
      vertex 25.8106 -15.3409 23
      vertex 25.8106 -17.6591 23
      vertex 25.9592 -17.6087 23
    endloop
  endfacet
  facet normal 0 0 1
    outer loop
      vertex 25.6566 -15.3103 23
      vertex 25.8106 -17.6591 23
      vertex 25.8106 -15.3409 23
    endloop
  endfacet
  facet normal 0 0 1
    outer loop
      vertex 25.6566 -15.3103 23
      vertex 25.6566 -17.6897 23
      vertex 25.8106 -17.6591 23
    endloop
  endfacet
  facet normal 0 0 1
    outer loop
      vertex 25.5 -15.3 23
      vertex 25.6566 -17.6897 23
      vertex 25.6566 -15.3103 23
    endloop
  endfacet
  facet normal 0 0 1
    outer loop
      vertex 25.5 -15.3 23
      vertex 25.5 -17.7 23
      vertex 25.6566 -17.6897 23
    endloop
  endfacet
  facet normal -0 0 1
    outer loop
      vertex 25.3434 -15.3103 23
      vertex 25.5 -17.7 23
      vertex 25.5 -15.3 23
    endloop
  endfacet
  facet normal 0 0 1
    outer loop
      vertex 25.3434 -15.3103 23
      vertex 25.3434 -17.6897 23
      vertex 25.5 -17.7 23
    endloop
  endfacet
  facet normal -0 0 1
    outer loop
      vertex 25.1894 -15.3409 23
      vertex 25.3434 -17.6897 23
      vertex 25.3434 -15.3103 23
    endloop
  endfacet
  facet normal 0 0 1
    outer loop
      vertex 25.1894 -15.3409 23
      vertex 25.1894 -17.6591 23
      vertex 25.3434 -17.6897 23
    endloop
  endfacet
  facet normal -0 0 1
    outer loop
      vertex 25.0408 -15.3913 23
      vertex 25.1894 -17.6591 23
      vertex 25.1894 -15.3409 23
    endloop
  endfacet
  facet normal 0 0 1
    outer loop
      vertex 25.0408 -15.3913 23
      vertex 25.0408 -17.6087 23
      vertex 25.1894 -17.6591 23
    endloop
  endfacet
  facet normal -0 0 1
    outer loop
      vertex 24.9 -15.4608 23
      vertex 25.0408 -17.6087 23
      vertex 25.0408 -15.3913 23
    endloop
  endfacet
  facet normal 0 0 1
    outer loop
      vertex 24.9 -15.4608 23
      vertex 24.9 -17.5392 23
      vertex 25.0408 -17.6087 23
    endloop
  endfacet
  facet normal -0 0 1
    outer loop
      vertex 24.7695 -15.548 23
      vertex 24.9 -17.5392 23
      vertex 24.9 -15.4608 23
    endloop
  endfacet
  facet normal 0 0 1
    outer loop
      vertex 24.7695 -15.548 23
      vertex 24.7695 -17.452 23
      vertex 24.9 -17.5392 23
    endloop
  endfacet
  facet normal -0 0 1
    outer loop
      vertex 24.6515 -15.6515 23
      vertex 24.7695 -17.452 23
      vertex 24.7695 -15.548 23
    endloop
  endfacet
  facet normal 0 0 1
    outer loop
      vertex 24.6515 -15.6515 23
      vertex 24.6515 -17.3485 23
      vertex 24.7695 -17.452 23
    endloop
  endfacet
  facet normal -0 0 1
    outer loop
      vertex 24.548 -15.7695 23
      vertex 24.6515 -17.3485 23
      vertex 24.6515 -15.6515 23
    endloop
  endfacet
  facet normal 0 0 1
    outer loop
      vertex 24.548 -15.7695 23
      vertex 24.548 -17.2305 23
      vertex 24.6515 -17.3485 23
    endloop
  endfacet
  facet normal -0 0 1
    outer loop
      vertex 24.4608 -15.9 23
      vertex 24.548 -17.2305 23
      vertex 24.548 -15.7695 23
    endloop
  endfacet
  facet normal 0 0 1
    outer loop
      vertex 24.4608 -15.9 23
      vertex 24.4608 -17.1 23
      vertex 24.548 -17.2305 23
    endloop
  endfacet
  facet normal -0 0 1
    outer loop
      vertex 24.3913 -16.0408 23
      vertex 24.4608 -17.1 23
      vertex 24.4608 -15.9 23
    endloop
  endfacet
  facet normal 0 0 1
    outer loop
      vertex 24.3913 -16.0408 23
      vertex 24.3913 -16.9592 23
      vertex 24.4608 -17.1 23
    endloop
  endfacet
  facet normal -0 0 1
    outer loop
      vertex 24.3409 -16.1894 23
      vertex 24.3913 -16.9592 23
      vertex 24.3913 -16.0408 23
    endloop
  endfacet
  facet normal 0 0 1
    outer loop
      vertex 24.3409 -16.1894 23
      vertex 24.3409 -16.8106 23
      vertex 24.3913 -16.9592 23
    endloop
  endfacet
  facet normal -0 0 1
    outer loop
      vertex 24.3103 -16.3434 23
      vertex 24.3409 -16.8106 23
      vertex 24.3409 -16.1894 23
    endloop
  endfacet
  facet normal 0 0 1
    outer loop
      vertex 24.3103 -16.3434 23
      vertex 24.3103 -16.6566 23
      vertex 24.3409 -16.8106 23
    endloop
  endfacet
  facet normal 0 -0 1
    outer loop
      vertex 24.3103 -16.6566 23
      vertex 24.3103 -16.3434 23
      vertex 24.3 -16.5 23
    endloop
  endfacet
  facet normal -0.74199 -0.251769 0.62134
    outer loop
      vertex 24.3913 -16.9592 23
      vertex 23.1898 -17.1201 21.5
      vertex 23.29 -17.4154 21.5
    endloop
  endfacet
  facet normal -0.71694 0.31864 0.620052
    outer loop
      vertex 23.428 -15.3049 21.5
      vertex 24.4608 -15.9 23
      vertex 23.4284 -15.304 21.5
    endloop
  endfacet
  facet normal -0.702599 0.346808 0.621353
    outer loop
      vertex 24.4608 -15.9 23
      vertex 23.428 -15.3049 21.5
      vertex 24.3913 -16.0408 23
    endloop
  endfacet
  facet normal -0.70267 0.346687 0.621339
    outer loop
      vertex 23.428 -15.3049 21.5
      vertex 23.29 -15.5846 21.5
      vertex 24.3913 -16.0408 23
    endloop
  endfacet
  facet normal 0.251769 -0.74199 0.62134
    outer loop
      vertex 26.4154 -18.71 21.5
      vertex 25.9592 -17.6087 23
      vertex 26.1201 -18.8102 21.5
    endloop
  endfacet
  facet normal -0.70267 -0.346687 0.621339
    outer loop
      vertex 24.3913 -16.9592 23
      vertex 23.29 -17.4154 21.5
      vertex 23.428 -17.6951 21.5
    endloop
  endfacet
  facet normal -0.768448 -0.152986 0.621356
    outer loop
      vertex 24.3103 -16.6566 23
      vertex 23.1284 -16.8122 21.5
      vertex 23.1893 -17.1181 21.5
    endloop
  endfacet
  facet normal 0.626325 -0.469744 0.622139
    outer loop
      vertex 26.452 -17.2305 23
      vertex 27.3971 -17.957 21.5
      vertex 27.3977 -17.9562 21.5
    endloop
  endfacet
  facet normal 0.589039 -0.516657 0.621368
    outer loop
      vertex 27.3971 -17.957 21.5
      vertex 26.452 -17.2305 23
      vertex 26.3485 -17.3485 23
    endloop
  endfacet
  facet normal 0.346687 -0.70267 0.621339
    outer loop
      vertex 26.6951 -18.572 21.5
      vertex 25.9592 -17.6087 23
      vertex 26.4154 -18.71 21.5
    endloop
  endfacet
  facet normal 0.516657 -0.589039 0.621368
    outer loop
      vertex 26.2305 -17.452 23
      vertex 26.957 -18.3971 21.5
      vertex 26.3485 -17.3485 23
    endloop
  endfacet
  facet normal 0.469744 -0.626325 0.622139
    outer loop
      vertex 26.957 -18.3971 21.5
      vertex 26.2305 -17.452 23
      vertex 26.9562 -18.3977 21.5
    endloop
  endfacet
  facet normal 0.702599 -0.346808 0.621353
    outer loop
      vertex 26.5392 -17.1 23
      vertex 27.572 -17.6951 21.5
      vertex 26.6087 -16.9592 23
    endloop
  endfacet
  facet normal 0.71694 -0.31864 0.620052
    outer loop
      vertex 27.572 -17.6951 21.5
      vertex 26.5392 -17.1 23
      vertex 27.5716 -17.696 21.5
    endloop
  endfacet
  facet normal 0.251669 -0.742025 0.621338
    outer loop
      vertex 26.1191 -18.8105 21.5
      vertex 25.9592 -17.6087 23
      vertex 25.8106 -17.6591 23
    endloop
  endfacet
  facet normal 0.224595 -0.748651 0.623761
    outer loop
      vertex 25.9592 -17.6087 23
      vertex 26.1191 -18.8105 21.5
      vertex 26.1201 -18.8102 21.5
    endloop
  endfacet
  facet normal -0.997865 -0.0652928 0.00159248
    outer loop
      vertex 23.1 -34.9317 3.8
      vertex 23.1205 -34.8133 21.5
      vertex 23.1 -34.5 21.5
    endloop
  endfacet
  facet normal -0.997865 -0.0652928 0.00159248
    outer loop
      vertex 23.1205 -34.8133 21.5
      vertex 23.1 -34.9317 3.8
      vertex 23.1205 -35.245 3.8
    endloop
  endfacet
  facet normal 0.195205 0.980485 -0.0233321
    outer loop
      vertex 26.1212 -32.5911 3.8
      vertex 25.8133 -32.1205 21
      vertex 26.1212 -32.1818 21
    endloop
  endfacet
  facet normal 0.194899 0.980546 -0.0233393
    outer loop
      vertex 25.8133 -32.1205 21
      vertex 26.1212 -32.5911 3.8
      vertex 25.8133 -32.5299 3.8
    endloop
  endfacet
  facet normal 0.321398 0.946676 -0.0225276
    outer loop
      vertex 26.4184 -32.692 3.8
      vertex 26.1212 -32.1818 21
      vertex 26.4184 -32.2827 21
    endloop
  endfacet
  facet normal 0.321398 0.946676 -0.0225276
    outer loop
      vertex 26.1212 -32.1818 21
      vertex 26.4184 -32.692 3.8
      vertex 26.1212 -32.5911 3.8
    endloop
  endfacet
  facet normal -0.946887 -0.32147 0.0078406
    outer loop
      vertex 23.1818 -35.5529 3.8
      vertex 23.2827 -35.4184 21.5
      vertex 23.1818 -35.1212 21.5
    endloop
  endfacet
  facet normal -0.946887 -0.32147 0.0078406
    outer loop
      vertex 23.2827 -35.4184 21.5
      vertex 23.1818 -35.5529 3.8
      vertex 23.2827 -35.8501 3.8
    endloop
  endfacet
  facet normal -1 0 0
    outer loop
      vertex 23.1 -34.9317 3.8
      vertex 23.1 -34.5 21
      vertex 23.1 -34.9093 3.8
    endloop
  endfacet
  facet normal -1 -0 0
    outer loop
      vertex 23.1 -34.5 21
      vertex 23.1 -34.9317 3.8
      vertex 23.1 -34.5 21.5
    endloop
  endfacet
  facet normal 0.980741 -0.195256 0.00476227
    outer loop
      vertex 27.8182 -35.1212 21.5
      vertex 27.8795 -35.245 3.8
      vertex 27.8795 -34.8133 21.5
    endloop
  endfacet
  facet normal 0.980741 -0.195256 0.00476227
    outer loop
      vertex 27.8795 -35.245 3.8
      vertex 27.8182 -35.1212 21.5
      vertex 27.8182 -35.5529 3.8
    endloop
  endfacet
  facet normal 0.659068 0.752083 -0
    outer loop
      vertex 27.1971 -32.8029 21
      vertex 26.961 -32.596 21.5
      vertex 27.1971 -32.8029 21.5
    endloop
  endfacet
  facet normal 0.659068 0.752083 0
    outer loop
      vertex 26.961 -32.596 21.5
      vertex 27.1971 -32.8029 21
      vertex 26.961 -32.596 21
    endloop
  endfacet
  facet normal -0.751991 0.658987 -0.0156854
    outer loop
      vertex 23.8029 -33.2123 3.8
      vertex 23.596 -33.039 21
      vertex 23.8029 -32.8029 21
    endloop
  endfacet
  facet normal -0.751852 0.659145 -0.0156854
    outer loop
      vertex 23.596 -33.039 21
      vertex 23.8029 -33.2123 3.8
      vertex 23.596 -33.4483 3.8
    endloop
  endfacet
  facet normal 0.946887 -0.32147 0.0078406
    outer loop
      vertex 27.7173 -35.4184 21.5
      vertex 27.8182 -35.5529 3.8
      vertex 27.8182 -35.1212 21.5
    endloop
  endfacet
  facet normal 0.946887 -0.32147 0.0078406
    outer loop
      vertex 27.8182 -35.5529 3.8
      vertex 27.7173 -35.4184 21.5
      vertex 27.7173 -35.8501 3.8
    endloop
  endfacet
  facet normal -0.752083 0.659068 0
    outer loop
      vertex 23.596 -33.039 21
      vertex 23.8029 -32.8029 21.5
      vertex 23.8029 -32.8029 21
    endloop
  endfacet
  facet normal -0.752083 0.659068 0
    outer loop
      vertex 23.8029 -32.8029 21.5
      vertex 23.596 -33.039 21
      vertex 23.596 -33.039 21.5
    endloop
  endfacet
  facet normal 0.831238 -0.555751 0.0135547
    outer loop
      vertex 27.404 -35.961 21.5
      vertex 27.5785 -36.1317 3.8
      vertex 27.5785 -35.7 21.5
    endloop
  endfacet
  facet normal 0.831238 -0.555751 0.0135547
    outer loop
      vertex 27.5785 -36.1317 3.8
      vertex 27.404 -35.961 21.5
      vertex 27.404 -36.3927 3.8
    endloop
  endfacet
  facet normal -0.195258 0.980752 0
    outer loop
      vertex 25.1867 -32.1205 21
      vertex 24.8788 -32.1818 21.5
      vertex 25.1867 -32.1205 21.5
    endloop
  endfacet
  facet normal -0.195258 0.980752 0
    outer loop
      vertex 24.8788 -32.1818 21.5
      vertex 25.1867 -32.1205 21
      vertex 24.8788 -32.1818 21
    endloop
  endfacet
  facet normal -0.997865 0.0652928 -0.00155412
    outer loop
      vertex 23.1205 -34.5961 3.8
      vertex 23.1 -34.5 21
      vertex 23.1205 -34.1867 21
    endloop
  endfacet
  facet normal -0.997864 0.0653135 -0.00155423
    outer loop
      vertex 23.1 -34.5 21
      vertex 23.1205 -34.5961 3.8
      vertex 23.1 -34.9093 3.8
    endloop
  endfacet
  facet normal 0.997866 0.0652929 0
    outer loop
      vertex 27.9 -34.5 21.5
      vertex 27.8795 -34.1867 21
      vertex 27.8795 -34.1867 21.5
    endloop
  endfacet
  facet normal 0.997866 0.0652929 0
    outer loop
      vertex 27.8795 -34.1867 21
      vertex 27.9 -34.5 21.5
      vertex 27.9 -34.5 21
    endloop
  endfacet
  facet normal 0.658963 0.751963 -0.0178985
    outer loop
      vertex 27.1971 -33.2123 3.8
      vertex 26.961 -32.596 21
      vertex 27.1971 -32.8029 21
    endloop
  endfacet
  facet normal 0.659143 0.751805 -0.0178903
    outer loop
      vertex 26.961 -32.596 21
      vertex 27.1971 -33.2123 3.8
      vertex 26.961 -33.0053 3.8
    endloop
  endfacet
  facet normal 0.831315 0.555802 0
    outer loop
      vertex 27.5785 -33.3 21.5
      vertex 27.404 -33.039 21
      vertex 27.404 -33.039 21.5
    endloop
  endfacet
  facet normal 0.831315 0.555802 0
    outer loop
      vertex 27.404 -33.039 21
      vertex 27.5785 -33.3 21.5
      vertex 27.5785 -33.3 21
    endloop
  endfacet
  facet normal -0.442009 0.896757 -0.0213397
    outer loop
      vertex 24.5816 -32.692 3.8
      vertex 24.3 -32.4215 21
      vertex 24.5816 -32.2827 21
    endloop
  endfacet
  facet normal -0.442265 0.89663 -0.0213419
    outer loop
      vertex 24.3 -32.4215 21
      vertex 24.5816 -32.692 3.8
      vertex 24.3 -32.8309 3.8
    endloop
  endfacet
  facet normal 0.195258 0.980752 -0
    outer loop
      vertex 26.1212 -32.1818 21
      vertex 25.8133 -32.1205 21.5
      vertex 26.1212 -32.1818 21.5
    endloop
  endfacet
  facet normal 0.195258 0.980752 0
    outer loop
      vertex 25.8133 -32.1205 21.5
      vertex 26.1212 -32.1818 21
      vertex 25.8133 -32.1205 21
    endloop
  endfacet
  facet normal -0.997866 0.0652929 0
    outer loop
      vertex 23.1 -34.5 21
      vertex 23.1205 -34.1867 21.5
      vertex 23.1205 -34.1867 21
    endloop
  endfacet
  facet normal -0.997866 0.0652929 0
    outer loop
      vertex 23.1205 -34.1867 21.5
      vertex 23.1 -34.5 21
      vertex 23.1 -34.5 21.5
    endloop
  endfacet
  facet normal 0.980752 0.195258 0
    outer loop
      vertex 27.8795 -34.1867 21.5
      vertex 27.8182 -33.8788 21
      vertex 27.8182 -33.8788 21.5
    endloop
  endfacet
  facet normal 0.980752 0.195258 0
    outer loop
      vertex 27.8182 -33.8788 21
      vertex 27.8795 -34.1867 21.5
      vertex 27.8795 -34.1867 21
    endloop
  endfacet
  facet normal -0.980752 0.195258 0
    outer loop
      vertex 23.1205 -34.1867 21
      vertex 23.1818 -33.8788 21.5
      vertex 23.1818 -33.8788 21
    endloop
  endfacet
  facet normal -0.980752 0.195258 0
    outer loop
      vertex 23.1818 -33.8788 21.5
      vertex 23.1205 -34.1867 21
      vertex 23.1205 -34.1867 21.5
    endloop
  endfacet
  facet normal -0.831242 0.555754 -0.013225
    outer loop
      vertex 23.596 -33.4483 3.8
      vertex 23.4215 -33.3 21
      vertex 23.596 -33.039 21
    endloop
  endfacet
  facet normal -0.831242 0.555754 -0.013225
    outer loop
      vertex 23.4215 -33.3 21
      vertex 23.596 -33.4483 3.8
      vertex 23.4215 -33.7093 3.8
    endloop
  endfacet
  facet normal -0.980741 -0.195256 0.00476227
    outer loop
      vertex 23.1205 -35.245 3.8
      vertex 23.1818 -35.1212 21.5
      vertex 23.1205 -34.8133 21.5
    endloop
  endfacet
  facet normal -0.980741 -0.195256 0.00476227
    outer loop
      vertex 23.1818 -35.1212 21.5
      vertex 23.1205 -35.245 3.8
      vertex 23.1818 -35.5529 3.8
    endloop
  endfacet
  facet normal 0.752083 0.659068 0
    outer loop
      vertex 27.404 -33.039 21.5
      vertex 27.1971 -32.8029 21
      vertex 27.1971 -32.8029 21.5
    endloop
  endfacet
  facet normal 0.752083 0.659068 0
    outer loop
      vertex 27.1971 -32.8029 21
      vertex 27.404 -33.039 21.5
      vertex 27.404 -33.039 21
    endloop
  endfacet
  facet normal 0.997865 -0.0652928 0.00159248
    outer loop
      vertex 27.8795 -34.8133 21.5
      vertex 27.9 -34.9317 3.8
      vertex 27.9 -34.5 21.5
    endloop
  endfacet
  facet normal 0.997865 -0.0652928 0.00159248
    outer loop
      vertex 27.9 -34.9317 3.8
      vertex 27.8795 -34.8133 21.5
      vertex 27.8795 -35.245 3.8
    endloop
  endfacet
  facet normal -0.658963 0.751963 -0.0178941
    outer loop
      vertex 24.039 -33.0053 3.8
      vertex 23.8029 -32.8029 21
      vertex 24.039 -32.596 21
    endloop
  endfacet
  facet normal -0.659143 0.751805 -0.0178947
    outer loop
      vertex 23.8029 -32.8029 21
      vertex 24.039 -33.0053 3.8
      vertex 23.8029 -33.2123 3.8
    endloop
  endfacet
  facet normal -0.44211 0.896961 0
    outer loop
      vertex 24.5816 -32.2827 21
      vertex 24.3 -32.4215 21.5
      vertex 24.5816 -32.2827 21.5
    endloop
  endfacet
  facet normal -0.44211 0.896961 0
    outer loop
      vertex 24.3 -32.4215 21.5
      vertex 24.5816 -32.2827 21
      vertex 24.3 -32.4215 21
    endloop
  endfacet
  facet normal -0.896961 0.44211 0
    outer loop
      vertex 23.2827 -33.5816 21
      vertex 23.4215 -33.3 21.5
      vertex 23.4215 -33.3 21
    endloop
  endfacet
  facet normal -0.896961 0.44211 0
    outer loop
      vertex 23.4215 -33.3 21.5
      vertex 23.2827 -33.5816 21
      vertex 23.2827 -33.5816 21.5
    endloop
  endfacet
  facet normal 0.896909 -0.442084 0.0107824
    outer loop
      vertex 27.5785 -35.7 21.5
      vertex 27.7173 -35.8501 3.8
      vertex 27.7173 -35.4184 21.5
    endloop
  endfacet
  facet normal 0.896909 -0.442084 0.0107824
    outer loop
      vertex 27.7173 -35.8501 3.8
      vertex 27.5785 -35.7 21.5
      vertex 27.5785 -36.1317 3.8
    endloop
  endfacet
  facet normal -0.946916 0.32148 0
    outer loop
      vertex 23.1818 -33.8788 21
      vertex 23.2827 -33.5816 21.5
      vertex 23.2827 -33.5816 21
    endloop
  endfacet
  facet normal -0.946916 0.32148 0
    outer loop
      vertex 23.2827 -33.5816 21.5
      vertex 23.1818 -33.8788 21
      vertex 23.1818 -33.8788 21.5
    endloop
  endfacet
  facet normal 0.442004 -0.896746 0.0218715
    outer loop
      vertex 26.4184 -37.149 3.8
      vertex 26.7 -36.5785 21.5
      vertex 26.4184 -36.7173 21.5
    endloop
  endfacet
  facet normal 0.442004 -0.896746 0.0218715
    outer loop
      vertex 26.7 -36.5785 21.5
      vertex 26.4184 -37.149 3.8
      vertex 26.7 -37.0102 3.8
    endloop
  endfacet
  facet normal 0.980741 0.195256 -0.00464756
    outer loop
      vertex 27.8795 -34.1867 21
      vertex 27.8182 -34.2882 3.8
      vertex 27.8182 -33.8788 21
    endloop
  endfacet
  facet normal 0.980741 0.195256 -0.00464756
    outer loop
      vertex 27.8182 -34.2882 3.8
      vertex 27.8795 -34.1867 21
      vertex 27.8795 -34.5961 3.8
    endloop
  endfacet
  facet normal 0.555802 0.831315 -0
    outer loop
      vertex 26.961 -32.596 21
      vertex 26.7 -32.4215 21.5
      vertex 26.961 -32.596 21.5
    endloop
  endfacet
  facet normal 0.555802 0.831315 0
    outer loop
      vertex 26.7 -32.4215 21.5
      vertex 26.961 -32.596 21
      vertex 26.7 -32.4215 21
    endloop
  endfacet
  facet normal 0.997865 0.0652928 -0.00155412
    outer loop
      vertex 27.9 -34.5 21
      vertex 27.8795 -34.5961 3.8
      vertex 27.8795 -34.1867 21
    endloop
  endfacet
  facet normal 0.997864 0.0653135 -0.00155423
    outer loop
      vertex 27.8795 -34.5961 3.8
      vertex 27.9 -34.5 21
      vertex 27.9 -34.9093 3.8
    endloop
  endfacet
  facet normal 0.946916 0.32148 0
    outer loop
      vertex 27.8182 -33.8788 21.5
      vertex 27.7173 -33.5816 21
      vertex 27.7173 -33.5816 21.5
    endloop
  endfacet
  facet normal 0.946916 0.32148 0
    outer loop
      vertex 27.7173 -33.5816 21
      vertex 27.8182 -33.8788 21.5
      vertex 27.8182 -33.8788 21
    endloop
  endfacet
  facet normal 1 0 0
    outer loop
      vertex 27.9 -34.9317 3.8
      vertex 27.9 -34.5 21
      vertex 27.9 -34.5 21.5
    endloop
  endfacet
  facet normal 1 0 0
    outer loop
      vertex 27.9 -34.5 21
      vertex 27.9 -34.9317 3.8
      vertex 27.9 -34.9093 3.8
    endloop
  endfacet
  facet normal -0.659068 0.752083 0
    outer loop
      vertex 24.039 -32.596 21
      vertex 23.8029 -32.8029 21.5
      vertex 24.039 -32.596 21.5
    endloop
  endfacet
  facet normal -0.659068 0.752083 0
    outer loop
      vertex 23.8029 -32.8029 21.5
      vertex 24.039 -32.596 21
      vertex 23.8029 -32.8029 21
    endloop
  endfacet
  facet normal 0.751986 -0.658983 0.0160725
    outer loop
      vertex 27.1971 -36.1971 21.5
      vertex 27.404 -36.3927 3.8
      vertex 27.404 -35.961 21.5
    endloop
  endfacet
  facet normal 0.751986 -0.658983 0.0160725
    outer loop
      vertex 27.404 -36.3927 3.8
      vertex 27.1971 -36.1971 21.5
      vertex 27.1971 -36.6288 3.8
    endloop
  endfacet
  facet normal -0.555802 0.831315 0
    outer loop
      vertex 24.3 -32.4215 21
      vertex 24.039 -32.596 21.5
      vertex 24.3 -32.4215 21.5
    endloop
  endfacet
  facet normal -0.555802 0.831315 0
    outer loop
      vertex 24.039 -32.596 21.5
      vertex 24.3 -32.4215 21
      vertex 24.039 -32.596 21
    endloop
  endfacet
  facet normal -0.555693 0.831152 -0.0197833
    outer loop
      vertex 24.3 -32.8309 3.8
      vertex 24.039 -32.596 21
      vertex 24.3 -32.4215 21
    endloop
  endfacet
  facet normal -0.555473 0.831299 -0.019782
    outer loop
      vertex 24.039 -32.596 21
      vertex 24.3 -32.8309 3.8
      vertex 24.039 -33.0053 3.8
    endloop
  endfacet
  facet normal -0.980741 0.195256 -0.00464756
    outer loop
      vertex 23.1818 -34.2882 3.8
      vertex 23.1205 -34.1867 21
      vertex 23.1818 -33.8788 21
    endloop
  endfacet
  facet normal -0.980741 0.195256 -0.00464756
    outer loop
      vertex 23.1205 -34.1867 21
      vertex 23.1818 -34.2882 3.8
      vertex 23.1205 -34.5961 3.8
    endloop
  endfacet
  facet normal 0.0652735 -0.997571 0.0243306
    outer loop
      vertex 25.5 -37.3317 3.8
      vertex 25.8133 -36.8795 21.5
      vertex 25.5 -36.9 21.5
    endloop
  endfacet
  facet normal 0.0652735 -0.997571 0.0243306
    outer loop
      vertex 25.8133 -36.8795 21.5
      vertex 25.5 -37.3317 3.8
      vertex 25.8133 -37.3112 3.8
    endloop
  endfacet
  facet normal -0.831315 0.555802 0
    outer loop
      vertex 23.4215 -33.3 21
      vertex 23.596 -33.039 21.5
      vertex 23.596 -33.039 21
    endloop
  endfacet
  facet normal -0.831315 0.555802 0
    outer loop
      vertex 23.596 -33.039 21.5
      vertex 23.4215 -33.3 21
      vertex 23.4215 -33.3 21.5
    endloop
  endfacet
  facet normal -0.195203 -0.980471 0.0239135
    outer loop
      vertex 24.8788 -37.2499 3.8
      vertex 25.1867 -36.8795 21.5
      vertex 24.8788 -36.8182 21.5
    endloop
  endfacet
  facet normal -0.195203 -0.980471 0.0239135
    outer loop
      vertex 25.1867 -36.8795 21.5
      vertex 24.8788 -37.2499 3.8
      vertex 25.1867 -37.3112 3.8
    endloop
  endfacet
  facet normal -0.0652745 0.997585 -0.023739
    outer loop
      vertex 25.5 -32.5093 3.8
      vertex 25.1867 -32.1205 21
      vertex 25.5 -32.1 21
    endloop
  endfacet
  facet normal -0.0655915 0.997564 -0.0237443
    outer loop
      vertex 25.1867 -32.1205 21
      vertex 25.5 -32.5093 3.8
      vertex 25.1867 -32.5299 3.8
    endloop
  endfacet
  facet normal -0.32148 0.946916 0
    outer loop
      vertex 24.8788 -32.1818 21
      vertex 24.5816 -32.2827 21.5
      vertex 24.8788 -32.1818 21.5
    endloop
  endfacet
  facet normal -0.32148 0.946916 0
    outer loop
      vertex 24.5816 -32.2827 21.5
      vertex 24.8788 -32.1818 21
      vertex 24.5816 -32.2827 21
    endloop
  endfacet
  facet normal 0.751991 0.658987 -0.0156854
    outer loop
      vertex 27.404 -33.039 21
      vertex 27.1971 -33.2123 3.8
      vertex 27.1971 -32.8029 21
    endloop
  endfacet
  facet normal 0.751852 0.659145 -0.0156854
    outer loop
      vertex 27.1971 -33.2123 3.8
      vertex 27.404 -33.039 21
      vertex 27.404 -33.4483 3.8
    endloop
  endfacet
  facet normal 0.0652929 0.997866 -0
    outer loop
      vertex 25.8133 -32.1205 21
      vertex 25.5 -32.1 21.5
      vertex 25.8133 -32.1205 21.5
    endloop
  endfacet
  facet normal 0.0652929 0.997866 0
    outer loop
      vertex 25.5 -32.1 21.5
      vertex 25.8133 -32.1205 21
      vertex 25.5 -32.1 21
    endloop
  endfacet
  facet normal -0.658957 -0.751957 0.0183401
    outer loop
      vertex 23.8029 -36.6288 3.8
      vertex 24.039 -36.404 21.5
      vertex 23.8029 -36.1971 21.5
    endloop
  endfacet
  facet normal -0.659137 -0.751799 0.0183405
    outer loop
      vertex 24.039 -36.404 21.5
      vertex 23.8029 -36.6288 3.8
      vertex 24.039 -36.8358 3.8
    endloop
  endfacet
  facet normal -0.195205 0.980485 -0.0233378
    outer loop
      vertex 25.1867 -32.5299 3.8
      vertex 24.8788 -32.1818 21
      vertex 25.1867 -32.1205 21
    endloop
  endfacet
  facet normal -0.194899 0.980546 -0.0233336
    outer loop
      vertex 24.8788 -32.1818 21
      vertex 25.1867 -32.5299 3.8
      vertex 24.8788 -32.5911 3.8
    endloop
  endfacet
  facet normal 0.831242 0.555754 -0.013225
    outer loop
      vertex 27.5785 -33.3 21
      vertex 27.404 -33.4483 3.8
      vertex 27.404 -33.039 21
    endloop
  endfacet
  facet normal 0.831242 0.555754 -0.013225
    outer loop
      vertex 27.404 -33.4483 3.8
      vertex 27.5785 -33.3 21
      vertex 27.5785 -33.7093 3.8
    endloop
  endfacet
  facet normal 0.658957 -0.751957 0.0183443
    outer loop
      vertex 26.961 -36.8358 3.8
      vertex 27.1971 -36.1971 21.5
      vertex 26.961 -36.404 21.5
    endloop
  endfacet
  facet normal 0.659138 -0.751799 0.0183362
    outer loop
      vertex 27.1971 -36.1971 21.5
      vertex 26.961 -36.8358 3.8
      vertex 27.1971 -36.6288 3.8
    endloop
  endfacet
  facet normal 0.44211 0.896961 -0
    outer loop
      vertex 26.7 -32.4215 21
      vertex 26.4184 -32.2827 21.5
      vertex 26.7 -32.4215 21.5
    endloop
  endfacet
  facet normal 0.44211 0.896961 0
    outer loop
      vertex 26.4184 -32.2827 21.5
      vertex 26.7 -32.4215 21
      vertex 26.4184 -32.2827 21
    endloop
  endfacet
  facet normal -0.896911 0.442086 -0.0105201
    outer loop
      vertex 23.4215 -33.7093 3.8
      vertex 23.2827 -33.5816 21
      vertex 23.4215 -33.3 21
    endloop
  endfacet
  facet normal -0.896911 0.442086 -0.0105201
    outer loop
      vertex 23.2827 -33.5816 21
      vertex 23.4215 -33.7093 3.8
      vertex 23.2827 -33.9909 3.8
    endloop
  endfacet
  facet normal 0.32148 0.946916 -0
    outer loop
      vertex 26.4184 -32.2827 21
      vertex 26.1212 -32.1818 21.5
      vertex 26.4184 -32.2827 21.5
    endloop
  endfacet
  facet normal 0.32148 0.946916 0
    outer loop
      vertex 26.1212 -32.1818 21.5
      vertex 26.4184 -32.2827 21
      vertex 26.1212 -32.1818 21
    endloop
  endfacet
  facet normal 0.195203 -0.980471 0.0239135
    outer loop
      vertex 25.8133 -37.3112 3.8
      vertex 26.1212 -36.8182 21.5
      vertex 25.8133 -36.8795 21.5
    endloop
  endfacet
  facet normal 0.195203 -0.980471 0.0239135
    outer loop
      vertex 26.1212 -36.8182 21.5
      vertex 25.8133 -37.3112 3.8
      vertex 26.1212 -37.2499 3.8
    endloop
  endfacet
  facet normal 0.442009 0.896757 -0.0213449
    outer loop
      vertex 26.7 -32.8309 3.8
      vertex 26.4184 -32.2827 21
      vertex 26.7 -32.4215 21
    endloop
  endfacet
  facet normal 0.442265 0.89663 -0.0213367
    outer loop
      vertex 26.4184 -32.2827 21
      vertex 26.7 -32.8309 3.8
      vertex 26.4184 -32.692 3.8
    endloop
  endfacet
  facet normal -0.0652735 -0.997571 0.0243306
    outer loop
      vertex 25.1867 -37.3112 3.8
      vertex 25.5 -36.9 21.5
      vertex 25.1867 -36.8795 21.5
    endloop
  endfacet
  facet normal -0.0652735 -0.997571 0.0243306
    outer loop
      vertex 25.5 -36.9 21.5
      vertex 25.1867 -37.3112 3.8
      vertex 25.5 -37.3317 3.8
    endloop
  endfacet
  facet normal -0.751986 -0.658983 0.0160725
    outer loop
      vertex 23.596 -36.3927 3.8
      vertex 23.8029 -36.1971 21.5
      vertex 23.596 -35.961 21.5
    endloop
  endfacet
  facet normal -0.751986 -0.658983 0.0160725
    outer loop
      vertex 23.8029 -36.1971 21.5
      vertex 23.596 -36.3927 3.8
      vertex 23.8029 -36.6288 3.8
    endloop
  endfacet
  facet normal -0.442004 -0.896746 0.0218715
    outer loop
      vertex 24.3 -37.0102 3.8
      vertex 24.5816 -36.7173 21.5
      vertex 24.3 -36.5785 21.5
    endloop
  endfacet
  facet normal -0.442004 -0.896746 0.0218715
    outer loop
      vertex 24.5816 -36.7173 21.5
      vertex 24.3 -37.0102 3.8
      vertex 24.5816 -37.149 3.8
    endloop
  endfacet
  facet normal 0.0652745 0.997585 -0.0237448
    outer loop
      vertex 25.8133 -32.5299 3.8
      vertex 25.5 -32.1 21
      vertex 25.8133 -32.1205 21
    endloop
  endfacet
  facet normal 0.0655915 0.997564 -0.0237385
    outer loop
      vertex 25.5 -32.1 21
      vertex 25.8133 -32.5299 3.8
      vertex 25.5 -32.5093 3.8
    endloop
  endfacet
  facet normal -0.0652929 0.997866 0
    outer loop
      vertex 25.5 -32.1 21
      vertex 25.1867 -32.1205 21.5
      vertex 25.5 -32.1 21.5
    endloop
  endfacet
  facet normal -0.0652929 0.997866 0
    outer loop
      vertex 25.1867 -32.1205 21.5
      vertex 25.5 -32.1 21
      vertex 25.1867 -32.1205 21
    endloop
  endfacet
  facet normal -0.321398 0.946676 -0.0225276
    outer loop
      vertex 24.8788 -32.5911 3.8
      vertex 24.5816 -32.2827 21
      vertex 24.8788 -32.1818 21
    endloop
  endfacet
  facet normal -0.321398 0.946676 -0.0225276
    outer loop
      vertex 24.5816 -32.2827 21
      vertex 24.8788 -32.5911 3.8
      vertex 24.5816 -32.692 3.8
    endloop
  endfacet
  facet normal -0.555688 -0.831144 0.0202761
    outer loop
      vertex 24.039 -36.8358 3.8
      vertex 24.3 -36.5785 21.5
      vertex 24.039 -36.404 21.5
    endloop
  endfacet
  facet normal -0.555468 -0.831291 0.020275
    outer loop
      vertex 24.3 -36.5785 21.5
      vertex 24.039 -36.8358 3.8
      vertex 24.3 -37.0102 3.8
    endloop
  endfacet
  facet normal 0.896961 0.44211 0
    outer loop
      vertex 27.7173 -33.5816 21.5
      vertex 27.5785 -33.3 21
      vertex 27.5785 -33.3 21.5
    endloop
  endfacet
  facet normal 0.896961 0.44211 0
    outer loop
      vertex 27.5785 -33.3 21
      vertex 27.7173 -33.5816 21.5
      vertex 27.7173 -33.5816 21
    endloop
  endfacet
  facet normal 0.555694 0.831152 -0.0197785
    outer loop
      vertex 26.961 -33.0053 3.8
      vertex 26.7 -32.4215 21
      vertex 26.961 -32.596 21
    endloop
  endfacet
  facet normal 0.555473 0.831299 -0.0197868
    outer loop
      vertex 26.7 -32.4215 21
      vertex 26.961 -33.0053 3.8
      vertex 26.7 -32.8309 3.8
    endloop
  endfacet
  facet normal 0.321394 -0.946664 0.023089
    outer loop
      vertex 26.1212 -37.2499 3.8
      vertex 26.4184 -36.7173 21.5
      vertex 26.1212 -36.8182 21.5
    endloop
  endfacet
  facet normal 0.321394 -0.946664 0.023089
    outer loop
      vertex 26.4184 -36.7173 21.5
      vertex 26.1212 -37.2499 3.8
      vertex 26.4184 -37.149 3.8
    endloop
  endfacet
  facet normal 0.896911 0.442086 -0.0105201
    outer loop
      vertex 27.7173 -33.5816 21
      vertex 27.5785 -33.7093 3.8
      vertex 27.5785 -33.3 21
    endloop
  endfacet
  facet normal 0.896911 0.442086 -0.0105201
    outer loop
      vertex 27.5785 -33.7093 3.8
      vertex 27.7173 -33.5816 21
      vertex 27.7173 -33.9909 3.8
    endloop
  endfacet
  facet normal 0 0 1
    outer loop
      vertex 27.8795 -34.1867 21.5
      vertex 27.8921 -34.5 21.5
      vertex 27.9 -34.5 21.5
    endloop
  endfacet
  facet normal 0 0 1
    outer loop
      vertex 27.8795 -34.1867 21.5
      vertex 27.8716 -34.1878 21.5
      vertex 27.8921 -34.5 21.5
    endloop
  endfacet
  facet normal -0 0 1
    outer loop
      vertex 27.8107 -33.8819 21.5
      vertex 27.8795 -34.1867 21.5
      vertex 27.8182 -33.8788 21.5
    endloop
  endfacet
  facet normal 0 0 1
    outer loop
      vertex 27.8795 -34.1867 21.5
      vertex 27.8107 -33.8819 21.5
      vertex 27.8716 -34.1878 21.5
    endloop
  endfacet
  facet normal 0 0 1
    outer loop
      vertex 27.8182 -33.8788 21.5
      vertex 27.8105 -33.8809 21.5
      vertex 27.8107 -33.8819 21.5
    endloop
  endfacet
  facet normal 0 0 1
    outer loop
      vertex 27.8182 -33.8788 21.5
      vertex 27.8102 -33.8799 21.5
      vertex 27.8105 -33.8809 21.5
    endloop
  endfacet
  facet normal 0 0 1
    outer loop
      vertex 27.7173 -33.5816 21.5
      vertex 27.8102 -33.8799 21.5
      vertex 27.8182 -33.8788 21.5
    endloop
  endfacet
  facet normal 0 0 1
    outer loop
      vertex 27.7173 -33.5816 21.5
      vertex 27.71 -33.5846 21.5
      vertex 27.8102 -33.8799 21.5
    endloop
  endfacet
  facet normal -0 0 1
    outer loop
      vertex 27.572 -33.3049 21.5
      vertex 27.7173 -33.5816 21.5
      vertex 27.5785 -33.3 21.5
    endloop
  endfacet
  facet normal 0 0 1
    outer loop
      vertex 27.7173 -33.5816 21.5
      vertex 27.572 -33.3049 21.5
      vertex 27.71 -33.5846 21.5
    endloop
  endfacet
  facet normal 0 0 1
    outer loop
      vertex 27.5785 -33.3 21.5
      vertex 27.5716 -33.304 21.5
      vertex 27.572 -33.3049 21.5
    endloop
  endfacet
  facet normal -0 0 1
    outer loop
      vertex 27.3983 -33.0447 21.5
      vertex 27.5785 -33.3 21.5
      vertex 27.404 -33.039 21.5
    endloop
  endfacet
  facet normal 0 0 1
    outer loop
      vertex 27.5785 -33.3 21.5
      vertex 27.3983 -33.0447 21.5
      vertex 27.5716 -33.304 21.5
    endloop
  endfacet
  facet normal 0 0 1
    outer loop
      vertex 27.404 -33.039 21.5
      vertex 27.3977 -33.0438 21.5
      vertex 27.3983 -33.0447 21.5
    endloop
  endfacet
  facet normal 0 0 1
    outer loop
      vertex 27.404 -33.039 21.5
      vertex 27.3971 -33.043 21.5
      vertex 27.3977 -33.0438 21.5
    endloop
  endfacet
  facet normal 0 0 1
    outer loop
      vertex 27.1971 -32.8029 21.5
      vertex 27.3971 -33.043 21.5
      vertex 27.404 -33.039 21.5
    endloop
  endfacet
  facet normal 0 0 1
    outer loop
      vertex 27.1971 -32.8029 21.5
      vertex 27.1914 -32.8086 21.5
      vertex 27.3971 -33.043 21.5
    endloop
  endfacet
  facet normal -0 0 1
    outer loop
      vertex 26.957 -32.6029 21.5
      vertex 27.1971 -32.8029 21.5
      vertex 26.961 -32.596 21.5
    endloop
  endfacet
  facet normal 0 0 1
    outer loop
      vertex 27.1971 -32.8029 21.5
      vertex 26.957 -32.6029 21.5
      vertex 27.1914 -32.8086 21.5
    endloop
  endfacet
  facet normal 0 0 1
    outer loop
      vertex 26.961 -32.596 21.5
      vertex 26.9562 -32.6023 21.5
      vertex 26.957 -32.6029 21.5
    endloop
  endfacet
  facet normal 0 0 1
    outer loop
      vertex 26.961 -32.596 21.5
      vertex 26.9553 -32.6017 21.5
      vertex 26.9562 -32.6023 21.5
    endloop
  endfacet
  facet normal 0 0 1
    outer loop
      vertex 26.7 -32.4215 21.5
      vertex 26.9553 -32.6017 21.5
      vertex 26.961 -32.596 21.5
    endloop
  endfacet
  facet normal 0 0 1
    outer loop
      vertex 26.7 -32.4215 21.5
      vertex 26.696 -32.4284 21.5
      vertex 26.9553 -32.6017 21.5
    endloop
  endfacet
  facet normal 0 0 1
    outer loop
      vertex 26.7 -32.4215 21.5
      vertex 26.6951 -32.428 21.5
      vertex 26.696 -32.4284 21.5
    endloop
  endfacet
  facet normal 0 0 1
    outer loop
      vertex 26.4184 -32.2827 21.5
      vertex 26.6951 -32.428 21.5
      vertex 26.7 -32.4215 21.5
    endloop
  endfacet
  facet normal 0 0 1
    outer loop
      vertex 26.4184 -32.2827 21.5
      vertex 26.4154 -32.29 21.5
      vertex 26.6951 -32.428 21.5
    endloop
  endfacet
  facet normal -0 0 1
    outer loop
      vertex 26.1201 -32.1898 21.5
      vertex 26.4184 -32.2827 21.5
      vertex 26.1212 -32.1818 21.5
    endloop
  endfacet
  facet normal 0 0 1
    outer loop
      vertex 26.4184 -32.2827 21.5
      vertex 26.1201 -32.1898 21.5
      vertex 26.4154 -32.29 21.5
    endloop
  endfacet
  facet normal 0 0 1
    outer loop
      vertex 26.1212 -32.1818 21.5
      vertex 26.1191 -32.1895 21.5
      vertex 26.1201 -32.1898 21.5
    endloop
  endfacet
  facet normal 0 0 1
    outer loop
      vertex 26.1212 -32.1818 21.5
      vertex 26.1181 -32.1893 21.5
      vertex 26.1191 -32.1895 21.5
    endloop
  endfacet
  facet normal 0 0 1
    outer loop
      vertex 25.8133 -32.1205 21.5
      vertex 26.1181 -32.1893 21.5
      vertex 26.1212 -32.1818 21.5
    endloop
  endfacet
  facet normal 0 0 1
    outer loop
      vertex 25.8133 -32.1205 21.5
      vertex 25.8122 -32.1284 21.5
      vertex 26.1181 -32.1893 21.5
    endloop
  endfacet
  facet normal 0 0 1
    outer loop
      vertex 25.8133 -32.1205 21.5
      vertex 25.8112 -32.1283 21.5
      vertex 25.8122 -32.1284 21.5
    endloop
  endfacet
  facet normal 0 0 1
    outer loop
      vertex 25.5 -32.1 21.5
      vertex 25.8112 -32.1283 21.5
      vertex 25.8133 -32.1205 21.5
    endloop
  endfacet
  facet normal 0 0 1
    outer loop
      vertex 25.5 -32.1 21.5
      vertex 25.5 -32.1079 21.5
      vertex 25.8112 -32.1283 21.5
    endloop
  endfacet
  facet normal 0 0 1
    outer loop
      vertex 25.5 -32.1 21.5
      vertex 25.1878 -32.1284 21.5
      vertex 25.5 -32.1079 21.5
    endloop
  endfacet
  facet normal -0 0 1
    outer loop
      vertex 25.1867 -32.1205 21.5
      vertex 25.1878 -32.1284 21.5
      vertex 25.5 -32.1 21.5
    endloop
  endfacet
  facet normal 0 0 1
    outer loop
      vertex 25.1867 -32.1205 21.5
      vertex 24.8819 -32.1893 21.5
      vertex 25.1878 -32.1284 21.5
    endloop
  endfacet
  facet normal -0 0 1
    outer loop
      vertex 24.8788 -32.1818 21.5
      vertex 24.8819 -32.1893 21.5
      vertex 25.1867 -32.1205 21.5
    endloop
  endfacet
  facet normal 0 0 1
    outer loop
      vertex 24.8819 -32.1893 21.5
      vertex 24.8788 -32.1818 21.5
      vertex 24.8809 -32.1895 21.5
    endloop
  endfacet
  facet normal 0 0 1
    outer loop
      vertex 24.8788 -32.1818 21.5
      vertex 24.8799 -32.1898 21.5
      vertex 24.8809 -32.1895 21.5
    endloop
  endfacet
  facet normal 0 0 1
    outer loop
      vertex 24.5816 -32.2827 21.5
      vertex 24.8799 -32.1898 21.5
      vertex 24.8788 -32.1818 21.5
    endloop
  endfacet
  facet normal 0 0 1
    outer loop
      vertex 24.8799 -32.1898 21.5
      vertex 24.5816 -32.2827 21.5
      vertex 24.5846 -32.29 21.5
    endloop
  endfacet
  facet normal 0 0 1
    outer loop
      vertex 24.5816 -32.2827 21.5
      vertex 24.3049 -32.428 21.5
      vertex 24.5846 -32.29 21.5
    endloop
  endfacet
  facet normal -0 0 1
    outer loop
      vertex 24.3 -32.4215 21.5
      vertex 24.3049 -32.428 21.5
      vertex 24.5816 -32.2827 21.5
    endloop
  endfacet
  facet normal 0 0 1
    outer loop
      vertex 24.3049 -32.428 21.5
      vertex 24.3 -32.4215 21.5
      vertex 24.304 -32.4284 21.5
    endloop
  endfacet
  facet normal 0 0 1
    outer loop
      vertex 24.3 -32.4215 21.5
      vertex 24.0447 -32.6017 21.5
      vertex 24.304 -32.4284 21.5
    endloop
  endfacet
  facet normal -0 0 1
    outer loop
      vertex 24.039 -32.596 21.5
      vertex 24.0447 -32.6017 21.5
      vertex 24.3 -32.4215 21.5
    endloop
  endfacet
  facet normal 0 0 1
    outer loop
      vertex 24.0447 -32.6017 21.5
      vertex 24.039 -32.596 21.5
      vertex 24.0438 -32.6023 21.5
    endloop
  endfacet
  facet normal 0 0 1
    outer loop
      vertex 24.039 -32.596 21.5
      vertex 24.043 -32.6029 21.5
      vertex 24.0438 -32.6023 21.5
    endloop
  endfacet
  facet normal 0 0 1
    outer loop
      vertex 23.8029 -32.8029 21.5
      vertex 24.043 -32.6029 21.5
      vertex 24.039 -32.596 21.5
    endloop
  endfacet
  facet normal 0 0 1
    outer loop
      vertex 24.043 -32.6029 21.5
      vertex 23.8029 -32.8029 21.5
      vertex 23.8086 -32.8086 21.5
    endloop
  endfacet
  facet normal 0 0 1
    outer loop
      vertex 23.8029 -32.8029 21.5
      vertex 23.6029 -33.043 21.5
      vertex 23.8086 -32.8086 21.5
    endloop
  endfacet
  facet normal -0 0 1
    outer loop
      vertex 23.596 -33.039 21.5
      vertex 23.6029 -33.043 21.5
      vertex 23.8029 -32.8029 21.5
    endloop
  endfacet
  facet normal 0 0 1
    outer loop
      vertex 23.6029 -33.043 21.5
      vertex 23.596 -33.039 21.5
      vertex 23.6023 -33.0438 21.5
    endloop
  endfacet
  facet normal 0 0 1
    outer loop
      vertex 23.596 -33.039 21.5
      vertex 23.6017 -33.0447 21.5
      vertex 23.6023 -33.0438 21.5
    endloop
  endfacet
  facet normal 0 0 1
    outer loop
      vertex 23.4215 -33.3 21.5
      vertex 23.6017 -33.0447 21.5
      vertex 23.596 -33.039 21.5
    endloop
  endfacet
  facet normal 0 0 1
    outer loop
      vertex 23.6017 -33.0447 21.5
      vertex 23.4215 -33.3 21.5
      vertex 23.4284 -33.304 21.5
    endloop
  endfacet
  facet normal 0 0 1
    outer loop
      vertex 23.4215 -33.3 21.5
      vertex 23.428 -33.3049 21.5
      vertex 23.4284 -33.304 21.5
    endloop
  endfacet
  facet normal 0 0 1
    outer loop
      vertex 23.2827 -33.5816 21.5
      vertex 23.428 -33.3049 21.5
      vertex 23.4215 -33.3 21.5
    endloop
  endfacet
  facet normal 0 0 1
    outer loop
      vertex 23.428 -33.3049 21.5
      vertex 23.2827 -33.5816 21.5
      vertex 23.29 -33.5846 21.5
    endloop
  endfacet
  facet normal 0 0 1
    outer loop
      vertex 23.2827 -33.5816 21.5
      vertex 23.1898 -33.8799 21.5
      vertex 23.29 -33.5846 21.5
    endloop
  endfacet
  facet normal -0 0 1
    outer loop
      vertex 23.1818 -33.8788 21.5
      vertex 23.1898 -33.8799 21.5
      vertex 23.2827 -33.5816 21.5
    endloop
  endfacet
  facet normal 0 0 1
    outer loop
      vertex 23.1898 -33.8799 21.5
      vertex 23.1818 -33.8788 21.5
      vertex 23.1895 -33.8809 21.5
    endloop
  endfacet
  facet normal 0 0 1
    outer loop
      vertex 23.1818 -33.8788 21.5
      vertex 23.1893 -33.8819 21.5
      vertex 23.1895 -33.8809 21.5
    endloop
  endfacet
  facet normal 0 0 1
    outer loop
      vertex 23.1205 -34.1867 21.5
      vertex 23.1893 -33.8819 21.5
      vertex 23.1818 -33.8788 21.5
    endloop
  endfacet
  facet normal 0 0 1
    outer loop
      vertex 23.1893 -33.8819 21.5
      vertex 23.1205 -34.1867 21.5
      vertex 23.1284 -34.1878 21.5
    endloop
  endfacet
  facet normal 0 0 1
    outer loop
      vertex 23.1205 -34.1867 21.5
      vertex 23.1079 -34.5 21.5
      vertex 23.1284 -34.1878 21.5
    endloop
  endfacet
  facet normal 0 -0 1
    outer loop
      vertex 23.1079 -34.5 21.5
      vertex 23.1205 -34.1867 21.5
      vertex 23.1 -34.5 21.5
    endloop
  endfacet
  facet normal 0 0 1
    outer loop
      vertex 27.8717 -34.8112 21.5
      vertex 27.9 -34.5 21.5
      vertex 27.8921 -34.5 21.5
    endloop
  endfacet
  facet normal 0 0 1
    outer loop
      vertex 27.9 -34.5 21.5
      vertex 27.8717 -34.8112 21.5
      vertex 27.8795 -34.8133 21.5
    endloop
  endfacet
  facet normal -0 0 1
    outer loop
      vertex 27.8716 -34.8122 21.5
      vertex 27.8795 -34.8133 21.5
      vertex 27.8717 -34.8112 21.5
    endloop
  endfacet
  facet normal 0 0 1
    outer loop
      vertex 27.8107 -35.1181 21.5
      vertex 27.8795 -34.8133 21.5
      vertex 27.8716 -34.8122 21.5
    endloop
  endfacet
  facet normal 0 0 1
    outer loop
      vertex 27.8795 -34.8133 21.5
      vertex 27.8107 -35.1181 21.5
      vertex 27.8182 -35.1212 21.5
    endloop
  endfacet
  facet normal -0 0 1
    outer loop
      vertex 27.8105 -35.1191 21.5
      vertex 27.8182 -35.1212 21.5
      vertex 27.8107 -35.1181 21.5
    endloop
  endfacet
  facet normal -0 0 1
    outer loop
      vertex 27.8102 -35.1201 21.5
      vertex 27.8182 -35.1212 21.5
      vertex 27.8105 -35.1191 21.5
    endloop
  endfacet
  facet normal 0 0 1
    outer loop
      vertex 27.8102 -35.1201 21.5
      vertex 27.7173 -35.4184 21.5
      vertex 27.8182 -35.1212 21.5
    endloop
  endfacet
  facet normal -0 0 1
    outer loop
      vertex 27.71 -35.4154 21.5
      vertex 27.7173 -35.4184 21.5
      vertex 27.8102 -35.1201 21.5
    endloop
  endfacet
  facet normal 0 0 1
    outer loop
      vertex 27.572 -35.6951 21.5
      vertex 27.7173 -35.4184 21.5
      vertex 27.71 -35.4154 21.5
    endloop
  endfacet
  facet normal 0 0 1
    outer loop
      vertex 27.7173 -35.4184 21.5
      vertex 27.572 -35.6951 21.5
      vertex 27.5785 -35.7 21.5
    endloop
  endfacet
  facet normal -0 0 1
    outer loop
      vertex 27.5716 -35.696 21.5
      vertex 27.5785 -35.7 21.5
      vertex 27.572 -35.6951 21.5
    endloop
  endfacet
  facet normal 0 0 1
    outer loop
      vertex 27.3983 -35.9553 21.5
      vertex 27.5785 -35.7 21.5
      vertex 27.5716 -35.696 21.5
    endloop
  endfacet
  facet normal 0 0 1
    outer loop
      vertex 27.5785 -35.7 21.5
      vertex 27.3983 -35.9553 21.5
      vertex 27.404 -35.961 21.5
    endloop
  endfacet
  facet normal -0 0 1
    outer loop
      vertex 27.3977 -35.9562 21.5
      vertex 27.404 -35.961 21.5
      vertex 27.3983 -35.9553 21.5
    endloop
  endfacet
  facet normal -0 0 1
    outer loop
      vertex 27.3971 -35.957 21.5
      vertex 27.404 -35.961 21.5
      vertex 27.3977 -35.9562 21.5
    endloop
  endfacet
  facet normal 0 0 1
    outer loop
      vertex 27.3971 -35.957 21.5
      vertex 27.1971 -36.1971 21.5
      vertex 27.404 -35.961 21.5
    endloop
  endfacet
  facet normal -0 0 1
    outer loop
      vertex 27.1914 -36.1914 21.5
      vertex 27.1971 -36.1971 21.5
      vertex 27.3971 -35.957 21.5
    endloop
  endfacet
  facet normal 0 0 1
    outer loop
      vertex 26.957 -36.3971 21.5
      vertex 27.1971 -36.1971 21.5
      vertex 27.1914 -36.1914 21.5
    endloop
  endfacet
  facet normal 0 0 1
    outer loop
      vertex 27.1971 -36.1971 21.5
      vertex 26.957 -36.3971 21.5
      vertex 26.961 -36.404 21.5
    endloop
  endfacet
  facet normal -0 0 1
    outer loop
      vertex 26.9562 -36.3977 21.5
      vertex 26.961 -36.404 21.5
      vertex 26.957 -36.3971 21.5
    endloop
  endfacet
  facet normal -0 0 1
    outer loop
      vertex 26.9553 -36.3983 21.5
      vertex 26.961 -36.404 21.5
      vertex 26.9562 -36.3977 21.5
    endloop
  endfacet
  facet normal 0 0 1
    outer loop
      vertex 26.9553 -36.3983 21.5
      vertex 26.7 -36.5785 21.5
      vertex 26.961 -36.404 21.5
    endloop
  endfacet
  facet normal -0 0 1
    outer loop
      vertex 26.696 -36.5716 21.5
      vertex 26.7 -36.5785 21.5
      vertex 26.9553 -36.3983 21.5
    endloop
  endfacet
  facet normal -0 0 1
    outer loop
      vertex 26.6951 -36.572 21.5
      vertex 26.7 -36.5785 21.5
      vertex 26.696 -36.5716 21.5
    endloop
  endfacet
  facet normal 0 0 1
    outer loop
      vertex 26.6951 -36.572 21.5
      vertex 26.4184 -36.7173 21.5
      vertex 26.7 -36.5785 21.5
    endloop
  endfacet
  facet normal -0 0 1
    outer loop
      vertex 26.4154 -36.71 21.5
      vertex 26.4184 -36.7173 21.5
      vertex 26.6951 -36.572 21.5
    endloop
  endfacet
  facet normal 0 0 1
    outer loop
      vertex 26.1201 -36.8102 21.5
      vertex 26.4184 -36.7173 21.5
      vertex 26.4154 -36.71 21.5
    endloop
  endfacet
  facet normal 0 0 1
    outer loop
      vertex 26.4184 -36.7173 21.5
      vertex 26.1201 -36.8102 21.5
      vertex 26.1212 -36.8182 21.5
    endloop
  endfacet
  facet normal -0 0 1
    outer loop
      vertex 26.1191 -36.8105 21.5
      vertex 26.1212 -36.8182 21.5
      vertex 26.1201 -36.8102 21.5
    endloop
  endfacet
  facet normal -0 0 1
    outer loop
      vertex 26.1181 -36.8107 21.5
      vertex 26.1212 -36.8182 21.5
      vertex 26.1191 -36.8105 21.5
    endloop
  endfacet
  facet normal 0 0 1
    outer loop
      vertex 26.1181 -36.8107 21.5
      vertex 25.8133 -36.8795 21.5
      vertex 26.1212 -36.8182 21.5
    endloop
  endfacet
  facet normal -0 0 1
    outer loop
      vertex 25.8122 -36.8716 21.5
      vertex 25.8133 -36.8795 21.5
      vertex 26.1181 -36.8107 21.5
    endloop
  endfacet
  facet normal -0 0 1
    outer loop
      vertex 25.8112 -36.8717 21.5
      vertex 25.8133 -36.8795 21.5
      vertex 25.8122 -36.8716 21.5
    endloop
  endfacet
  facet normal 0 0 1
    outer loop
      vertex 25.5 -36.9 21.5
      vertex 25.8112 -36.8717 21.5
      vertex 25.5 -36.8921 21.5
    endloop
  endfacet
  facet normal 0 0 1
    outer loop
      vertex 25.8112 -36.8717 21.5
      vertex 25.5 -36.9 21.5
      vertex 25.8133 -36.8795 21.5
    endloop
  endfacet
  facet normal 0 0 1
    outer loop
      vertex 25.1878 -36.8716 21.5
      vertex 25.5 -36.9 21.5
      vertex 25.5 -36.8921 21.5
    endloop
  endfacet
  facet normal 0 0 1
    outer loop
      vertex 25.1878 -36.8716 21.5
      vertex 25.1867 -36.8795 21.5
      vertex 25.5 -36.9 21.5
    endloop
  endfacet
  facet normal 0 0 1
    outer loop
      vertex 24.8819 -36.8107 21.5
      vertex 25.1867 -36.8795 21.5
      vertex 25.1878 -36.8716 21.5
    endloop
  endfacet
  facet normal 0 0 1
    outer loop
      vertex 24.8788 -36.8182 21.5
      vertex 24.8819 -36.8107 21.5
      vertex 24.8809 -36.8105 21.5
    endloop
  endfacet
  facet normal 0 0 1
    outer loop
      vertex 24.8819 -36.8107 21.5
      vertex 24.8788 -36.8182 21.5
      vertex 25.1867 -36.8795 21.5
    endloop
  endfacet
  facet normal 0 0 1
    outer loop
      vertex 24.8799 -36.8102 21.5
      vertex 24.8788 -36.8182 21.5
      vertex 24.8809 -36.8105 21.5
    endloop
  endfacet
  facet normal -0 0 1
    outer loop
      vertex 24.5816 -36.7173 21.5
      vertex 24.8799 -36.8102 21.5
      vertex 24.5846 -36.71 21.5
    endloop
  endfacet
  facet normal 0 0 1
    outer loop
      vertex 24.8799 -36.8102 21.5
      vertex 24.5816 -36.7173 21.5
      vertex 24.8788 -36.8182 21.5
    endloop
  endfacet
  facet normal 0 0 1
    outer loop
      vertex 24.3049 -36.572 21.5
      vertex 24.5816 -36.7173 21.5
      vertex 24.5846 -36.71 21.5
    endloop
  endfacet
  facet normal 0 0 1
    outer loop
      vertex 24.3 -36.5785 21.5
      vertex 24.3049 -36.572 21.5
      vertex 24.304 -36.5716 21.5
    endloop
  endfacet
  facet normal 0 0 1
    outer loop
      vertex 24.3049 -36.572 21.5
      vertex 24.3 -36.5785 21.5
      vertex 24.5816 -36.7173 21.5
    endloop
  endfacet
  facet normal 0 0 1
    outer loop
      vertex 24.0447 -36.3983 21.5
      vertex 24.3 -36.5785 21.5
      vertex 24.304 -36.5716 21.5
    endloop
  endfacet
  facet normal 0 0 1
    outer loop
      vertex 24.039 -36.404 21.5
      vertex 24.0447 -36.3983 21.5
      vertex 24.0438 -36.3977 21.5
    endloop
  endfacet
  facet normal 0 0 1
    outer loop
      vertex 24.0447 -36.3983 21.5
      vertex 24.039 -36.404 21.5
      vertex 24.3 -36.5785 21.5
    endloop
  endfacet
  facet normal 0 0 1
    outer loop
      vertex 24.043 -36.3971 21.5
      vertex 24.039 -36.404 21.5
      vertex 24.0438 -36.3977 21.5
    endloop
  endfacet
  facet normal -0 0 1
    outer loop
      vertex 23.8029 -36.1971 21.5
      vertex 24.043 -36.3971 21.5
      vertex 23.8086 -36.1914 21.5
    endloop
  endfacet
  facet normal 0 0 1
    outer loop
      vertex 24.043 -36.3971 21.5
      vertex 23.8029 -36.1971 21.5
      vertex 24.039 -36.404 21.5
    endloop
  endfacet
  facet normal 0 0 1
    outer loop
      vertex 23.6029 -35.957 21.5
      vertex 23.8029 -36.1971 21.5
      vertex 23.8086 -36.1914 21.5
    endloop
  endfacet
  facet normal 0 0 1
    outer loop
      vertex 23.596 -35.961 21.5
      vertex 23.6029 -35.957 21.5
      vertex 23.6023 -35.9562 21.5
    endloop
  endfacet
  facet normal 0 0 1
    outer loop
      vertex 23.6029 -35.957 21.5
      vertex 23.596 -35.961 21.5
      vertex 23.8029 -36.1971 21.5
    endloop
  endfacet
  facet normal 0 0 1
    outer loop
      vertex 23.6017 -35.9553 21.5
      vertex 23.596 -35.961 21.5
      vertex 23.6023 -35.9562 21.5
    endloop
  endfacet
  facet normal -0 0 1
    outer loop
      vertex 23.4215 -35.7 21.5
      vertex 23.6017 -35.9553 21.5
      vertex 23.4284 -35.696 21.5
    endloop
  endfacet
  facet normal 0 0 1
    outer loop
      vertex 23.6017 -35.9553 21.5
      vertex 23.4215 -35.7 21.5
      vertex 23.596 -35.961 21.5
    endloop
  endfacet
  facet normal 0 0 1
    outer loop
      vertex 23.428 -35.6951 21.5
      vertex 23.4215 -35.7 21.5
      vertex 23.4284 -35.696 21.5
    endloop
  endfacet
  facet normal -0 0 1
    outer loop
      vertex 23.2827 -35.4184 21.5
      vertex 23.428 -35.6951 21.5
      vertex 23.29 -35.4154 21.5
    endloop
  endfacet
  facet normal 0 0 1
    outer loop
      vertex 23.428 -35.6951 21.5
      vertex 23.2827 -35.4184 21.5
      vertex 23.4215 -35.7 21.5
    endloop
  endfacet
  facet normal 0 0 1
    outer loop
      vertex 23.1898 -35.1201 21.5
      vertex 23.2827 -35.4184 21.5
      vertex 23.29 -35.4154 21.5
    endloop
  endfacet
  facet normal 0 0 1
    outer loop
      vertex 23.1818 -35.1212 21.5
      vertex 23.1898 -35.1201 21.5
      vertex 23.1895 -35.1191 21.5
    endloop
  endfacet
  facet normal 0 0 1
    outer loop
      vertex 23.1898 -35.1201 21.5
      vertex 23.1818 -35.1212 21.5
      vertex 23.2827 -35.4184 21.5
    endloop
  endfacet
  facet normal 0 0 1
    outer loop
      vertex 23.1893 -35.1181 21.5
      vertex 23.1818 -35.1212 21.5
      vertex 23.1895 -35.1191 21.5
    endloop
  endfacet
  facet normal -0 0 1
    outer loop
      vertex 23.1205 -34.8133 21.5
      vertex 23.1893 -35.1181 21.5
      vertex 23.1284 -34.8122 21.5
    endloop
  endfacet
  facet normal 0 0 1
    outer loop
      vertex 23.1893 -35.1181 21.5
      vertex 23.1205 -34.8133 21.5
      vertex 23.1818 -35.1212 21.5
    endloop
  endfacet
  facet normal 0 0 1
    outer loop
      vertex 23.1283 -34.8112 21.5
      vertex 23.1205 -34.8133 21.5
      vertex 23.1284 -34.8122 21.5
    endloop
  endfacet
  facet normal -0 0 1
    outer loop
      vertex 23.1 -34.5 21.5
      vertex 23.1283 -34.8112 21.5
      vertex 23.1079 -34.5 21.5
    endloop
  endfacet
  facet normal 0 0 1
    outer loop
      vertex 23.1283 -34.8112 21.5
      vertex 23.1 -34.5 21.5
      vertex 23.1205 -34.8133 21.5
    endloop
  endfacet
  facet normal -0.946889 0.321471 -0.00764988
    outer loop
      vertex 23.2827 -33.9909 3.8
      vertex 23.1818 -33.8788 21
      vertex 23.2827 -33.5816 21
    endloop
  endfacet
  facet normal -0.946922 0.321374 -0.00764944
    outer loop
      vertex 23.1818 -33.8788 21
      vertex 23.2827 -33.9909 3.8
      vertex 23.1818 -34.2882 3.8
    endloop
  endfacet
  facet normal -0.831238 -0.555751 0.0135547
    outer loop
      vertex 23.4215 -36.1317 3.8
      vertex 23.596 -35.961 21.5
      vertex 23.4215 -35.7 21.5
    endloop
  endfacet
  facet normal -0.831238 -0.555751 0.0135547
    outer loop
      vertex 23.596 -35.961 21.5
      vertex 23.4215 -36.1317 3.8
      vertex 23.596 -36.3927 3.8
    endloop
  endfacet
  facet normal -0.321394 -0.946664 0.023089
    outer loop
      vertex 24.5816 -37.149 3.8
      vertex 24.8788 -36.8182 21.5
      vertex 24.5816 -36.7173 21.5
    endloop
  endfacet
  facet normal -0.321394 -0.946664 0.023089
    outer loop
      vertex 24.8788 -36.8182 21.5
      vertex 24.5816 -37.149 3.8
      vertex 24.8788 -37.2499 3.8
    endloop
  endfacet
  facet normal 0.946889 0.321471 -0.00764988
    outer loop
      vertex 27.8182 -33.8788 21
      vertex 27.7173 -33.9909 3.8
      vertex 27.7173 -33.5816 21
    endloop
  endfacet
  facet normal 0.946922 0.321374 -0.00764944
    outer loop
      vertex 27.7173 -33.9909 3.8
      vertex 27.8182 -33.8788 21
      vertex 27.8182 -34.2882 3.8
    endloop
  endfacet
  facet normal 0.555688 -0.831144 0.0202715
    outer loop
      vertex 26.7 -37.0102 3.8
      vertex 26.961 -36.404 21.5
      vertex 26.7 -36.5785 21.5
    endloop
  endfacet
  facet normal 0.555468 -0.831291 0.0202797
    outer loop
      vertex 26.961 -36.404 21.5
      vertex 26.7 -37.0102 3.8
      vertex 26.961 -36.8358 3.8
    endloop
  endfacet
  facet normal -0.896909 -0.442084 0.0107824
    outer loop
      vertex 23.2827 -35.8501 3.8
      vertex 23.4215 -35.7 21.5
      vertex 23.2827 -35.4184 21.5
    endloop
  endfacet
  facet normal -0.896909 -0.442084 0.0107824
    outer loop
      vertex 23.4215 -35.7 21.5
      vertex 23.2827 -35.8501 3.8
      vertex 23.4215 -36.1317 3.8
    endloop
  endfacet
  facet normal 0.516814 0.588921 0.621349
    outer loop
      vertex 26.957 -32.6029 21.5
      vertex 26.3485 -33.6515 23
      vertex 27.1914 -32.8086 21.5
    endloop
  endfacet
  facet normal -0.651482 -0.435319 0.621344
    outer loop
      vertex 23.6017 -35.9553 21.5
      vertex 24.548 -35.2305 23
      vertex 24.4608 -35.1 23
    endloop
  endfacet
  facet normal -0.65196 -0.43464 0.621318
    outer loop
      vertex 24.548 -35.2305 23
      vertex 23.6017 -35.9553 21.5
      vertex 23.6023 -35.9562 21.5
    endloop
  endfacet
  facet normal -0.152986 0.768448 0.621356
    outer loop
      vertex 25.1878 -32.1284 21.5
      vertex 24.8819 -32.1893 21.5
      vertex 25.3434 -33.3103 23
    endloop
  endfacet
  facet normal 0.781847 -0.0512522 0.62136
    outer loop
      vertex 27.8921 -34.5 21.5
      vertex 26.7 -34.5 23
      vertex 27.8717 -34.8112 21.5
    endloop
  endfacet
  facet normal 0.781823 -0.0514226 0.621376
    outer loop
      vertex 26.6897 -34.6566 23
      vertex 27.8717 -34.8112 21.5
      vertex 26.7 -34.5 23
    endloop
  endfacet
  facet normal 0.779138 -0.0779138 0.621991
    outer loop
      vertex 27.8717 -34.8112 21.5
      vertex 26.6897 -34.6566 23
      vertex 27.8716 -34.8122 21.5
    endloop
  endfacet
  facet normal 0.65196 0.43464 0.621318
    outer loop
      vertex 26.452 -33.7695 23
      vertex 27.3983 -33.0447 21.5
      vertex 27.3977 -33.0438 21.5
    endloop
  endfacet
  facet normal 0.651482 0.435319 0.621344
    outer loop
      vertex 27.3983 -33.0447 21.5
      vertex 26.452 -33.7695 23
      vertex 26.5392 -33.9 23
    endloop
  endfacet
  facet normal 0.346687 0.70267 0.621339
    outer loop
      vertex 26.4154 -32.29 21.5
      vertex 25.9592 -33.3913 23
      vertex 26.6951 -32.428 21.5
    endloop
  endfacet
  facet normal -0.651435 0.435379 0.621352
    outer loop
      vertex 23.6017 -33.0447 21.5
      vertex 23.4284 -33.304 21.5
      vertex 24.4608 -33.9 23
    endloop
  endfacet
  facet normal 0.0514226 -0.781823 0.621376
    outer loop
      vertex 25.8112 -36.8717 21.5
      vertex 25.6566 -35.6897 23
      vertex 25.5 -35.7 23
    endloop
  endfacet
  facet normal 0.0779138 -0.779138 0.621991
    outer loop
      vertex 25.6566 -35.6897 23
      vertex 25.8112 -36.8717 21.5
      vertex 25.8122 -36.8716 21.5
    endloop
  endfacet
  facet normal 0.43464 0.65196 0.621318
    outer loop
      vertex 26.9553 -32.6017 21.5
      vertex 26.2305 -33.548 23
      vertex 26.9562 -32.6023 21.5
    endloop
  endfacet
  facet normal 0.435319 0.651482 0.621344
    outer loop
      vertex 26.2305 -33.548 23
      vertex 26.9553 -32.6017 21.5
      vertex 26.1 -33.4608 23
    endloop
  endfacet
  facet normal -0.588921 0.516814 0.621349
    outer loop
      vertex 23.8086 -32.8086 21.5
      vertex 23.6029 -33.043 21.5
      vertex 24.6515 -33.6515 23
    endloop
  endfacet
  facet normal 0.251769 0.74199 0.62134
    outer loop
      vertex 26.1201 -32.1898 21.5
      vertex 25.9592 -33.3913 23
      vertex 26.4154 -32.29 21.5
    endloop
  endfacet
  facet normal -0.768448 0.152986 0.621356
    outer loop
      vertex 23.1893 -33.8819 21.5
      vertex 23.1284 -34.1878 21.5
      vertex 24.3103 -34.3434 23
    endloop
  endfacet
  facet normal -0.224595 -0.748651 0.623761
    outer loop
      vertex 24.8809 -36.8105 21.5
      vertex 25.0408 -35.6087 23
      vertex 24.8799 -36.8102 21.5
    endloop
  endfacet
  facet normal -0.251669 -0.742025 0.621338
    outer loop
      vertex 25.0408 -35.6087 23
      vertex 24.8809 -36.8105 21.5
      vertex 25.1894 -35.6591 23
    endloop
  endfacet
  facet normal -0.153662 -0.768311 0.621359
    outer loop
      vertex 24.8819 -36.8107 21.5
      vertex 25.1894 -35.6591 23
      vertex 24.8809 -36.8105 21.5
    endloop
  endfacet
  facet normal -0.152707 -0.768526 0.621328
    outer loop
      vertex 25.1894 -35.6591 23
      vertex 24.8819 -36.8107 21.5
      vertex 25.3434 -35.6897 23
    endloop
  endfacet
  facet normal 0.31864 0.71694 0.620052
    outer loop
      vertex 26.6951 -32.428 21.5
      vertex 26.1 -33.4608 23
      vertex 26.696 -32.4284 21.5
    endloop
  endfacet
  facet normal 0.346808 0.702599 0.621353
    outer loop
      vertex 26.1 -33.4608 23
      vertex 26.6951 -32.428 21.5
      vertex 25.9592 -33.3913 23
    endloop
  endfacet
  facet normal -0.70267 0.346687 0.621339
    outer loop
      vertex 23.428 -33.3049 21.5
      vertex 23.29 -33.5846 21.5
      vertex 24.3913 -34.0408 23
    endloop
  endfacet
  facet normal 0.153662 0.768311 0.621359
    outer loop
      vertex 26.1181 -32.1893 21.5
      vertex 25.8106 -33.3409 23
      vertex 26.1191 -32.1895 21.5
    endloop
  endfacet
  facet normal 0.152707 0.768526 0.621328
    outer loop
      vertex 25.8106 -33.3409 23
      vertex 26.1181 -32.1893 21.5
      vertex 25.6566 -33.3103 23
    endloop
  endfacet
  facet normal 0.748651 0.224595 0.623761
    outer loop
      vertex 26.6087 -34.0408 23
      vertex 27.8105 -33.8809 21.5
      vertex 27.8102 -33.8799 21.5
    endloop
  endfacet
  facet normal 0.742025 0.251669 0.621338
    outer loop
      vertex 27.8105 -33.8809 21.5
      vertex 26.6087 -34.0408 23
      vertex 26.6591 -34.1894 23
    endloop
  endfacet
  facet normal 0.0779138 0.779138 0.621991
    outer loop
      vertex 25.8112 -32.1283 21.5
      vertex 25.6566 -33.3103 23
      vertex 25.8122 -32.1284 21.5
    endloop
  endfacet
  facet normal 0.0514226 0.781823 0.621376
    outer loop
      vertex 25.6566 -33.3103 23
      vertex 25.8112 -32.1283 21.5
      vertex 25.5 -33.3 23
    endloop
  endfacet
  facet normal -0.768526 -0.152707 0.621328
    outer loop
      vertex 23.1893 -35.1181 21.5
      vertex 24.3409 -34.8106 23
      vertex 24.3103 -34.6566 23
    endloop
  endfacet
  facet normal -0.768311 -0.153662 0.621359
    outer loop
      vertex 24.3409 -34.8106 23
      vertex 23.1893 -35.1181 21.5
      vertex 23.1895 -35.1191 21.5
    endloop
  endfacet
  facet normal 0.78184 0.0514237 0.621355
    outer loop
      vertex 27.8921 -34.5 21.5
      vertex 26.6897 -34.3434 23
      vertex 26.7 -34.5 23
    endloop
  endfacet
  facet normal 0.781839 0.0513379 0.621363
    outer loop
      vertex 26.6897 -34.3434 23
      vertex 27.8921 -34.5 21.5
      vertex 27.8716 -34.1878 21.5
    endloop
  endfacet
  facet normal -0.152707 0.768526 0.621328
    outer loop
      vertex 24.8819 -32.1893 21.5
      vertex 25.1894 -33.3409 23
      vertex 25.3434 -33.3103 23
    endloop
  endfacet
  facet normal -0.153662 0.768311 0.621359
    outer loop
      vertex 25.1894 -33.3409 23
      vertex 24.8819 -32.1893 21.5
      vertex 24.8809 -32.1895 21.5
    endloop
  endfacet
  facet normal 0.152986 0.768448 0.621356
    outer loop
      vertex 25.8122 -32.1284 21.5
      vertex 25.6566 -33.3103 23
      vertex 26.1181 -32.1893 21.5
    endloop
  endfacet
  facet normal -0.768311 0.153662 0.621359
    outer loop
      vertex 23.1893 -33.8819 21.5
      vertex 24.3409 -34.1894 23
      vertex 23.1895 -33.8809 21.5
    endloop
  endfacet
  facet normal -0.768526 0.152707 0.621328
    outer loop
      vertex 24.3409 -34.1894 23
      vertex 23.1893 -33.8819 21.5
      vertex 24.3103 -34.3434 23
    endloop
  endfacet
  facet normal 0.626325 0.469744 0.622139
    outer loop
      vertex 27.3971 -33.043 21.5
      vertex 26.452 -33.7695 23
      vertex 27.3977 -33.0438 21.5
    endloop
  endfacet
  facet normal 0.589039 0.516657 0.621368
    outer loop
      vertex 26.452 -33.7695 23
      vertex 27.3971 -33.043 21.5
      vertex 26.3485 -33.6515 23
    endloop
  endfacet
  facet normal 0.71694 0.31864 0.620052
    outer loop
      vertex 26.5392 -33.9 23
      vertex 27.572 -33.3049 21.5
      vertex 27.5716 -33.304 21.5
    endloop
  endfacet
  facet normal 0.702599 0.346808 0.621353
    outer loop
      vertex 27.572 -33.3049 21.5
      vertex 26.5392 -33.9 23
      vertex 26.6087 -34.0408 23
    endloop
  endfacet
  facet normal 0.74199 0.251769 0.62134
    outer loop
      vertex 27.71 -33.5846 21.5
      vertex 26.6087 -34.0408 23
      vertex 27.8102 -33.8799 21.5
    endloop
  endfacet
  facet normal 0.0512522 -0.781847 0.62136
    outer loop
      vertex 25.8112 -36.8717 21.5
      vertex 25.5 -35.7 23
      vertex 25.5 -36.8921 21.5
    endloop
  endfacet
  facet normal 0 0 1
    outer loop
      vertex 26.6897 -34.3434 23
      vertex 26.6897 -34.6566 23
      vertex 26.7 -34.5 23
    endloop
  endfacet
  facet normal 0 0 1
    outer loop
      vertex 26.6591 -34.1894 23
      vertex 26.6897 -34.6566 23
      vertex 26.6897 -34.3434 23
    endloop
  endfacet
  facet normal 0 0 1
    outer loop
      vertex 26.6591 -34.1894 23
      vertex 26.6591 -34.8106 23
      vertex 26.6897 -34.6566 23
    endloop
  endfacet
  facet normal 0 0 1
    outer loop
      vertex 26.6087 -34.0408 23
      vertex 26.6591 -34.8106 23
      vertex 26.6591 -34.1894 23
    endloop
  endfacet
  facet normal 0 0 1
    outer loop
      vertex 26.6087 -34.0408 23
      vertex 26.6087 -34.9592 23
      vertex 26.6591 -34.8106 23
    endloop
  endfacet
  facet normal 0 0 1
    outer loop
      vertex 26.5392 -33.9 23
      vertex 26.6087 -34.9592 23
      vertex 26.6087 -34.0408 23
    endloop
  endfacet
  facet normal 0 0 1
    outer loop
      vertex 26.5392 -33.9 23
      vertex 26.5392 -35.1 23
      vertex 26.6087 -34.9592 23
    endloop
  endfacet
  facet normal 0 0 1
    outer loop
      vertex 26.452 -33.7695 23
      vertex 26.5392 -35.1 23
      vertex 26.5392 -33.9 23
    endloop
  endfacet
  facet normal 0 0 1
    outer loop
      vertex 26.452 -33.7695 23
      vertex 26.452 -35.2305 23
      vertex 26.5392 -35.1 23
    endloop
  endfacet
  facet normal 0 0 1
    outer loop
      vertex 26.3485 -33.6515 23
      vertex 26.452 -35.2305 23
      vertex 26.452 -33.7695 23
    endloop
  endfacet
  facet normal 0 0 1
    outer loop
      vertex 26.3485 -33.6515 23
      vertex 26.3485 -35.3485 23
      vertex 26.452 -35.2305 23
    endloop
  endfacet
  facet normal 0 0 1
    outer loop
      vertex 26.2305 -33.548 23
      vertex 26.3485 -35.3485 23
      vertex 26.3485 -33.6515 23
    endloop
  endfacet
  facet normal 0 0 1
    outer loop
      vertex 26.2305 -33.548 23
      vertex 26.2305 -35.452 23
      vertex 26.3485 -35.3485 23
    endloop
  endfacet
  facet normal 0 0 1
    outer loop
      vertex 26.1 -33.4608 23
      vertex 26.2305 -35.452 23
      vertex 26.2305 -33.548 23
    endloop
  endfacet
  facet normal 0 0 1
    outer loop
      vertex 26.1 -33.4608 23
      vertex 26.1 -35.5392 23
      vertex 26.2305 -35.452 23
    endloop
  endfacet
  facet normal 0 0 1
    outer loop
      vertex 25.9592 -33.3913 23
      vertex 26.1 -35.5392 23
      vertex 26.1 -33.4608 23
    endloop
  endfacet
  facet normal 0 0 1
    outer loop
      vertex 25.9592 -33.3913 23
      vertex 25.9592 -35.6087 23
      vertex 26.1 -35.5392 23
    endloop
  endfacet
  facet normal 0 0 1
    outer loop
      vertex 25.8106 -33.3409 23
      vertex 25.9592 -35.6087 23
      vertex 25.9592 -33.3913 23
    endloop
  endfacet
  facet normal 0 0 1
    outer loop
      vertex 25.8106 -33.3409 23
      vertex 25.8106 -35.6591 23
      vertex 25.9592 -35.6087 23
    endloop
  endfacet
  facet normal 0 0 1
    outer loop
      vertex 25.6566 -33.3103 23
      vertex 25.8106 -35.6591 23
      vertex 25.8106 -33.3409 23
    endloop
  endfacet
  facet normal 0 0 1
    outer loop
      vertex 25.6566 -33.3103 23
      vertex 25.6566 -35.6897 23
      vertex 25.8106 -35.6591 23
    endloop
  endfacet
  facet normal 0 0 1
    outer loop
      vertex 25.5 -33.3 23
      vertex 25.6566 -35.6897 23
      vertex 25.6566 -33.3103 23
    endloop
  endfacet
  facet normal 0 0 1
    outer loop
      vertex 25.5 -33.3 23
      vertex 25.5 -35.7 23
      vertex 25.6566 -35.6897 23
    endloop
  endfacet
  facet normal -0 0 1
    outer loop
      vertex 25.3434 -33.3103 23
      vertex 25.5 -35.7 23
      vertex 25.5 -33.3 23
    endloop
  endfacet
  facet normal 0 0 1
    outer loop
      vertex 25.3434 -33.3103 23
      vertex 25.3434 -35.6897 23
      vertex 25.5 -35.7 23
    endloop
  endfacet
  facet normal -0 0 1
    outer loop
      vertex 25.1894 -33.3409 23
      vertex 25.3434 -35.6897 23
      vertex 25.3434 -33.3103 23
    endloop
  endfacet
  facet normal 0 0 1
    outer loop
      vertex 25.1894 -33.3409 23
      vertex 25.1894 -35.6591 23
      vertex 25.3434 -35.6897 23
    endloop
  endfacet
  facet normal -0 0 1
    outer loop
      vertex 25.0408 -33.3913 23
      vertex 25.1894 -35.6591 23
      vertex 25.1894 -33.3409 23
    endloop
  endfacet
  facet normal 0 0 1
    outer loop
      vertex 25.0408 -33.3913 23
      vertex 25.0408 -35.6087 23
      vertex 25.1894 -35.6591 23
    endloop
  endfacet
  facet normal -0 0 1
    outer loop
      vertex 24.9 -33.4608 23
      vertex 25.0408 -35.6087 23
      vertex 25.0408 -33.3913 23
    endloop
  endfacet
  facet normal 0 0 1
    outer loop
      vertex 24.9 -33.4608 23
      vertex 24.9 -35.5392 23
      vertex 25.0408 -35.6087 23
    endloop
  endfacet
  facet normal -0 0 1
    outer loop
      vertex 24.7695 -33.548 23
      vertex 24.9 -35.5392 23
      vertex 24.9 -33.4608 23
    endloop
  endfacet
  facet normal 0 0 1
    outer loop
      vertex 24.7695 -33.548 23
      vertex 24.7695 -35.452 23
      vertex 24.9 -35.5392 23
    endloop
  endfacet
  facet normal -0 0 1
    outer loop
      vertex 24.6515 -33.6515 23
      vertex 24.7695 -35.452 23
      vertex 24.7695 -33.548 23
    endloop
  endfacet
  facet normal 0 0 1
    outer loop
      vertex 24.6515 -33.6515 23
      vertex 24.6515 -35.3485 23
      vertex 24.7695 -35.452 23
    endloop
  endfacet
  facet normal -0 0 1
    outer loop
      vertex 24.548 -33.7695 23
      vertex 24.6515 -35.3485 23
      vertex 24.6515 -33.6515 23
    endloop
  endfacet
  facet normal 0 0 1
    outer loop
      vertex 24.548 -33.7695 23
      vertex 24.548 -35.2305 23
      vertex 24.6515 -35.3485 23
    endloop
  endfacet
  facet normal -0 0 1
    outer loop
      vertex 24.4608 -33.9 23
      vertex 24.548 -35.2305 23
      vertex 24.548 -33.7695 23
    endloop
  endfacet
  facet normal 0 0 1
    outer loop
      vertex 24.4608 -33.9 23
      vertex 24.4608 -35.1 23
      vertex 24.548 -35.2305 23
    endloop
  endfacet
  facet normal -0 0 1
    outer loop
      vertex 24.3913 -34.0408 23
      vertex 24.4608 -35.1 23
      vertex 24.4608 -33.9 23
    endloop
  endfacet
  facet normal 0 0 1
    outer loop
      vertex 24.3913 -34.0408 23
      vertex 24.3913 -34.9592 23
      vertex 24.4608 -35.1 23
    endloop
  endfacet
  facet normal -0 0 1
    outer loop
      vertex 24.3409 -34.1894 23
      vertex 24.3913 -34.9592 23
      vertex 24.3913 -34.0408 23
    endloop
  endfacet
  facet normal 0 0 1
    outer loop
      vertex 24.3409 -34.1894 23
      vertex 24.3409 -34.8106 23
      vertex 24.3913 -34.9592 23
    endloop
  endfacet
  facet normal -0 0 1
    outer loop
      vertex 24.3103 -34.3434 23
      vertex 24.3409 -34.8106 23
      vertex 24.3409 -34.1894 23
    endloop
  endfacet
  facet normal 0 0 1
    outer loop
      vertex 24.3103 -34.3434 23
      vertex 24.3103 -34.6566 23
      vertex 24.3409 -34.8106 23
    endloop
  endfacet
  facet normal 0 -0 1
    outer loop
      vertex 24.3103 -34.6566 23
      vertex 24.3103 -34.3434 23
      vertex 24.3 -34.5 23
    endloop
  endfacet
  facet normal 0.588921 0.516814 0.621349
    outer loop
      vertex 27.1914 -32.8086 21.5
      vertex 26.3485 -33.6515 23
      vertex 27.3971 -33.043 21.5
    endloop
  endfacet
  facet normal 0.768311 0.153662 0.621359
    outer loop
      vertex 26.6591 -34.1894 23
      vertex 27.8107 -33.8819 21.5
      vertex 27.8105 -33.8809 21.5
    endloop
  endfacet
  facet normal 0.768526 0.152707 0.621328
    outer loop
      vertex 27.8107 -33.8819 21.5
      vertex 26.6591 -34.1894 23
      vertex 26.6897 -34.3434 23
    endloop
  endfacet
  facet normal -0.516657 -0.589039 0.621368
    outer loop
      vertex 24.043 -36.3971 21.5
      vertex 24.7695 -35.452 23
      vertex 24.6515 -35.3485 23
    endloop
  endfacet
  facet normal -0.469744 -0.626325 0.622139
    outer loop
      vertex 24.7695 -35.452 23
      vertex 24.043 -36.3971 21.5
      vertex 24.0438 -36.3977 21.5
    endloop
  endfacet
  facet normal 0.768448 0.152986 0.621356
    outer loop
      vertex 27.8107 -33.8819 21.5
      vertex 26.6897 -34.3434 23
      vertex 27.8716 -34.1878 21.5
    endloop
  endfacet
  facet normal 0.224595 0.748651 0.623761
    outer loop
      vertex 26.1191 -32.1895 21.5
      vertex 25.9592 -33.3913 23
      vertex 26.1201 -32.1898 21.5
    endloop
  endfacet
  facet normal 0.251669 0.742025 0.621338
    outer loop
      vertex 25.9592 -33.3913 23
      vertex 26.1191 -32.1895 21.5
      vertex 25.8106 -33.3409 23
    endloop
  endfacet
  facet normal -0.346808 0.702599 0.621353
    outer loop
      vertex 24.3049 -32.428 21.5
      vertex 24.9 -33.4608 23
      vertex 25.0408 -33.3913 23
    endloop
  endfacet
  facet normal -0.31864 0.71694 0.620052
    outer loop
      vertex 24.9 -33.4608 23
      vertex 24.3049 -32.428 21.5
      vertex 24.304 -32.4284 21.5
    endloop
  endfacet
  facet normal 0.70267 0.346687 0.621339
    outer loop
      vertex 27.572 -33.3049 21.5
      vertex 26.6087 -34.0408 23
      vertex 27.71 -33.5846 21.5
    endloop
  endfacet
  facet normal -0.251769 -0.74199 0.62134
    outer loop
      vertex 25.0408 -35.6087 23
      vertex 24.5846 -36.71 21.5
      vertex 24.8799 -36.8102 21.5
    endloop
  endfacet
  facet normal -0.748651 0.224595 0.623761
    outer loop
      vertex 23.1895 -33.8809 21.5
      vertex 24.3913 -34.0408 23
      vertex 23.1898 -33.8799 21.5
    endloop
  endfacet
  facet normal -0.742025 0.251669 0.621338
    outer loop
      vertex 24.3913 -34.0408 23
      vertex 23.1895 -33.8809 21.5
      vertex 24.3409 -34.1894 23
    endloop
  endfacet
  facet normal -0.0513379 -0.781839 0.621363
    outer loop
      vertex 25.5 -36.8921 21.5
      vertex 25.3434 -35.6897 23
      vertex 25.1878 -36.8716 21.5
    endloop
  endfacet
  facet normal -0.0514237 -0.78184 0.621355
    outer loop
      vertex 25.3434 -35.6897 23
      vertex 25.5 -36.8921 21.5
      vertex 25.5 -35.7 23
    endloop
  endfacet
  facet normal -0.435379 -0.651435 0.621352
    outer loop
      vertex 24.9 -35.5392 23
      vertex 24.0447 -36.3983 21.5
      vertex 24.304 -36.5716 21.5
    endloop
  endfacet
  facet normal -0.152986 -0.768448 0.621356
    outer loop
      vertex 25.3434 -35.6897 23
      vertex 24.8819 -36.8107 21.5
      vertex 25.1878 -36.8716 21.5
    endloop
  endfacet
  facet normal 0.435319 -0.651482 0.621344
    outer loop
      vertex 26.9553 -36.3983 21.5
      vertex 26.2305 -35.452 23
      vertex 26.1 -35.5392 23
    endloop
  endfacet
  facet normal 0.43464 -0.65196 0.621318
    outer loop
      vertex 26.2305 -35.452 23
      vertex 26.9553 -36.3983 21.5
      vertex 26.9562 -36.3977 21.5
    endloop
  endfacet
  facet normal 0.435379 -0.651435 0.621352
    outer loop
      vertex 26.9553 -36.3983 21.5
      vertex 26.1 -35.5392 23
      vertex 26.696 -36.5716 21.5
    endloop
  endfacet
  facet normal -0.251669 0.742025 0.621338
    outer loop
      vertex 24.8809 -32.1895 21.5
      vertex 25.0408 -33.3913 23
      vertex 25.1894 -33.3409 23
    endloop
  endfacet
  facet normal -0.224595 0.748651 0.623761
    outer loop
      vertex 25.0408 -33.3913 23
      vertex 24.8809 -32.1895 21.5
      vertex 24.8799 -32.1898 21.5
    endloop
  endfacet
  facet normal 0.0512522 0.781847 0.62136
    outer loop
      vertex 25.8112 -32.1283 21.5
      vertex 25.5 -32.1079 21.5
      vertex 25.5 -33.3 23
    endloop
  endfacet
  facet normal -0.589039 -0.516657 0.621368
    outer loop
      vertex 24.548 -35.2305 23
      vertex 23.6029 -35.957 21.5
      vertex 24.6515 -35.3485 23
    endloop
  endfacet
  facet normal -0.626325 -0.469744 0.622139
    outer loop
      vertex 23.6029 -35.957 21.5
      vertex 24.548 -35.2305 23
      vertex 23.6023 -35.9562 21.5
    endloop
  endfacet
  facet normal 0.74199 -0.251769 0.62134
    outer loop
      vertex 27.8102 -35.1201 21.5
      vertex 26.6087 -34.9592 23
      vertex 27.71 -35.4154 21.5
    endloop
  endfacet
  facet normal -0.435379 0.651435 0.621352
    outer loop
      vertex 24.304 -32.4284 21.5
      vertex 24.0447 -32.6017 21.5
      vertex 24.9 -33.4608 23
    endloop
  endfacet
  facet normal -0.435319 0.651482 0.621344
    outer loop
      vertex 24.0447 -32.6017 21.5
      vertex 24.7695 -33.548 23
      vertex 24.9 -33.4608 23
    endloop
  endfacet
  facet normal -0.43464 0.65196 0.621318
    outer loop
      vertex 24.7695 -33.548 23
      vertex 24.0447 -32.6017 21.5
      vertex 24.0438 -32.6023 21.5
    endloop
  endfacet
  facet normal -0.346687 0.70267 0.621339
    outer loop
      vertex 24.5846 -32.29 21.5
      vertex 24.3049 -32.428 21.5
      vertex 25.0408 -33.3913 23
    endloop
  endfacet
  facet normal 0.516657 -0.589039 0.621368
    outer loop
      vertex 26.2305 -35.452 23
      vertex 26.957 -36.3971 21.5
      vertex 26.3485 -35.3485 23
    endloop
  endfacet
  facet normal 0.469744 -0.626325 0.622139
    outer loop
      vertex 26.957 -36.3971 21.5
      vertex 26.2305 -35.452 23
      vertex 26.9562 -36.3977 21.5
    endloop
  endfacet
  facet normal -0.702599 -0.346808 0.621353
    outer loop
      vertex 23.428 -35.6951 21.5
      vertex 24.4608 -35.1 23
      vertex 24.3913 -34.9592 23
    endloop
  endfacet
  facet normal -0.71694 -0.31864 0.620052
    outer loop
      vertex 24.4608 -35.1 23
      vertex 23.428 -35.6951 21.5
      vertex 23.4284 -35.696 21.5
    endloop
  endfacet
  facet normal -0.0514237 0.78184 0.621355
    outer loop
      vertex 25.5 -32.1079 21.5
      vertex 25.3434 -33.3103 23
      vertex 25.5 -33.3 23
    endloop
  endfacet
  facet normal -0.0513379 0.781839 0.621363
    outer loop
      vertex 25.3434 -33.3103 23
      vertex 25.5 -32.1079 21.5
      vertex 25.1878 -32.1284 21.5
    endloop
  endfacet
  facet normal 0.469744 0.626325 0.622139
    outer loop
      vertex 26.2305 -33.548 23
      vertex 26.957 -32.6029 21.5
      vertex 26.9562 -32.6023 21.5
    endloop
  endfacet
  facet normal 0.516657 0.589039 0.621368
    outer loop
      vertex 26.957 -32.6029 21.5
      vertex 26.2305 -33.548 23
      vertex 26.3485 -33.6515 23
    endloop
  endfacet
  facet normal 0.152986 -0.768448 0.621356
    outer loop
      vertex 26.1181 -36.8107 21.5
      vertex 25.6566 -35.6897 23
      vertex 25.8122 -36.8716 21.5
    endloop
  endfacet
  facet normal -0.469744 0.626325 0.622139
    outer loop
      vertex 24.043 -32.6029 21.5
      vertex 24.7695 -33.548 23
      vertex 24.0438 -32.6023 21.5
    endloop
  endfacet
  facet normal -0.516657 0.589039 0.621368
    outer loop
      vertex 24.7695 -33.548 23
      vertex 24.043 -32.6029 21.5
      vertex 24.6515 -33.6515 23
    endloop
  endfacet
  facet normal -0.516814 0.588921 0.621349
    outer loop
      vertex 24.043 -32.6029 21.5
      vertex 23.8086 -32.8086 21.5
      vertex 24.6515 -33.6515 23
    endloop
  endfacet
  facet normal 0.651435 0.435379 0.621352
    outer loop
      vertex 27.3983 -33.0447 21.5
      vertex 26.5392 -33.9 23
      vertex 27.5716 -33.304 21.5
    endloop
  endfacet
  facet normal 0.346808 -0.702599 0.621353
    outer loop
      vertex 26.6951 -36.572 21.5
      vertex 26.1 -35.5392 23
      vertex 25.9592 -35.6087 23
    endloop
  endfacet
  facet normal 0.31864 -0.71694 0.620052
    outer loop
      vertex 26.1 -35.5392 23
      vertex 26.6951 -36.572 21.5
      vertex 26.696 -36.5716 21.5
    endloop
  endfacet
  facet normal 0.626325 -0.469744 0.622139
    outer loop
      vertex 26.452 -35.2305 23
      vertex 27.3971 -35.957 21.5
      vertex 27.3977 -35.9562 21.5
    endloop
  endfacet
  facet normal 0.589039 -0.516657 0.621368
    outer loop
      vertex 27.3971 -35.957 21.5
      vertex 26.452 -35.2305 23
      vertex 26.3485 -35.3485 23
    endloop
  endfacet
  facet normal 0.435379 0.651435 0.621352
    outer loop
      vertex 26.696 -32.4284 21.5
      vertex 26.1 -33.4608 23
      vertex 26.9553 -32.6017 21.5
    endloop
  endfacet
  facet normal -0.43464 -0.65196 0.621318
    outer loop
      vertex 24.0447 -36.3983 21.5
      vertex 24.7695 -35.452 23
      vertex 24.0438 -36.3977 21.5
    endloop
  endfacet
  facet normal -0.435319 -0.651482 0.621344
    outer loop
      vertex 24.7695 -35.452 23
      vertex 24.0447 -36.3983 21.5
      vertex 24.9 -35.5392 23
    endloop
  endfacet
  facet normal -0.516814 -0.588921 0.621349
    outer loop
      vertex 24.6515 -35.3485 23
      vertex 23.8086 -36.1914 21.5
      vertex 24.043 -36.3971 21.5
    endloop
  endfacet
  facet normal -0.588921 -0.516814 0.621349
    outer loop
      vertex 24.6515 -35.3485 23
      vertex 23.6029 -35.957 21.5
      vertex 23.8086 -36.1914 21.5
    endloop
  endfacet
  facet normal -0.781839 0.0513379 0.621363
    outer loop
      vertex 23.1079 -34.5 21.5
      vertex 24.3103 -34.3434 23
      vertex 23.1284 -34.1878 21.5
    endloop
  endfacet
  facet normal -0.78184 0.0514237 0.621355
    outer loop
      vertex 24.3103 -34.3434 23
      vertex 23.1079 -34.5 21.5
      vertex 24.3 -34.5 23
    endloop
  endfacet
  facet normal 0.516814 -0.588921 0.621349
    outer loop
      vertex 27.1914 -36.1914 21.5
      vertex 26.3485 -35.3485 23
      vertex 26.957 -36.3971 21.5
    endloop
  endfacet
  facet normal 0.702599 -0.346808 0.621353
    outer loop
      vertex 26.5392 -35.1 23
      vertex 27.572 -35.6951 21.5
      vertex 26.6087 -34.9592 23
    endloop
  endfacet
  facet normal 0.71694 -0.31864 0.620052
    outer loop
      vertex 27.572 -35.6951 21.5
      vertex 26.5392 -35.1 23
      vertex 27.5716 -35.696 21.5
    endloop
  endfacet
  facet normal -0.651435 -0.435379 0.621352
    outer loop
      vertex 24.4608 -35.1 23
      vertex 23.4284 -35.696 21.5
      vertex 23.6017 -35.9553 21.5
    endloop
  endfacet
  facet normal 0.346687 -0.70267 0.621339
    outer loop
      vertex 26.6951 -36.572 21.5
      vertex 25.9592 -35.6087 23
      vertex 26.4154 -36.71 21.5
    endloop
  endfacet
  facet normal -0.346687 -0.70267 0.621339
    outer loop
      vertex 25.0408 -35.6087 23
      vertex 24.3049 -36.572 21.5
      vertex 24.5846 -36.71 21.5
    endloop
  endfacet
  facet normal -0.251769 0.74199 0.62134
    outer loop
      vertex 24.8799 -32.1898 21.5
      vertex 24.5846 -32.29 21.5
      vertex 25.0408 -33.3913 23
    endloop
  endfacet
  facet normal -0.74199 -0.251769 0.62134
    outer loop
      vertex 24.3913 -34.9592 23
      vertex 23.1898 -35.1201 21.5
      vertex 23.29 -35.4154 21.5
    endloop
  endfacet
  facet normal -0.781823 -0.0514226 0.621376
    outer loop
      vertex 23.1283 -34.8112 21.5
      vertex 24.3103 -34.6566 23
      vertex 24.3 -34.5 23
    endloop
  endfacet
  facet normal -0.779138 -0.0779138 0.621991
    outer loop
      vertex 24.3103 -34.6566 23
      vertex 23.1283 -34.8112 21.5
      vertex 23.1284 -34.8122 21.5
    endloop
  endfacet
  facet normal -0.781847 -0.0512522 0.62136
    outer loop
      vertex 24.3 -34.5 23
      vertex 23.1079 -34.5 21.5
      vertex 23.1283 -34.8112 21.5
    endloop
  endfacet
  facet normal -0.31864 -0.71694 0.620052
    outer loop
      vertex 24.3049 -36.572 21.5
      vertex 24.9 -35.5392 23
      vertex 24.304 -36.5716 21.5
    endloop
  endfacet
  facet normal -0.346808 -0.702599 0.621353
    outer loop
      vertex 24.9 -35.5392 23
      vertex 24.3049 -36.572 21.5
      vertex 25.0408 -35.6087 23
    endloop
  endfacet
  facet normal -0.71694 0.31864 0.620052
    outer loop
      vertex 23.428 -33.3049 21.5
      vertex 24.4608 -33.9 23
      vertex 23.4284 -33.304 21.5
    endloop
  endfacet
  facet normal -0.702599 0.346808 0.621353
    outer loop
      vertex 24.4608 -33.9 23
      vertex 23.428 -33.3049 21.5
      vertex 24.3913 -34.0408 23
    endloop
  endfacet
  facet normal -0.74199 0.251769 0.62134
    outer loop
      vertex 23.29 -33.5846 21.5
      vertex 23.1898 -33.8799 21.5
      vertex 24.3913 -34.0408 23
    endloop
  endfacet
  facet normal -0.589039 0.516657 0.621368
    outer loop
      vertex 23.6029 -33.043 21.5
      vertex 24.548 -33.7695 23
      vertex 24.6515 -33.6515 23
    endloop
  endfacet
  facet normal -0.626325 0.469744 0.622139
    outer loop
      vertex 24.548 -33.7695 23
      vertex 23.6029 -33.043 21.5
      vertex 23.6023 -33.0438 21.5
    endloop
  endfacet
  facet normal -0.65196 0.43464 0.621318
    outer loop
      vertex 23.6017 -33.0447 21.5
      vertex 24.548 -33.7695 23
      vertex 23.6023 -33.0438 21.5
    endloop
  endfacet
  facet normal -0.651482 0.435319 0.621344
    outer loop
      vertex 24.548 -33.7695 23
      vertex 23.6017 -33.0447 21.5
      vertex 24.4608 -33.9 23
    endloop
  endfacet
  facet normal 0.651435 -0.435379 0.621352
    outer loop
      vertex 27.5716 -35.696 21.5
      vertex 26.5392 -35.1 23
      vertex 27.3983 -35.9553 21.5
    endloop
  endfacet
  facet normal -0.768448 -0.152986 0.621356
    outer loop
      vertex 24.3103 -34.6566 23
      vertex 23.1284 -34.8122 21.5
      vertex 23.1893 -35.1181 21.5
    endloop
  endfacet
  facet normal 0.152707 -0.768526 0.621328
    outer loop
      vertex 26.1181 -36.8107 21.5
      vertex 25.8106 -35.6591 23
      vertex 25.6566 -35.6897 23
    endloop
  endfacet
  facet normal 0.153662 -0.768311 0.621359
    outer loop
      vertex 25.8106 -35.6591 23
      vertex 26.1181 -36.8107 21.5
      vertex 26.1191 -36.8105 21.5
    endloop
  endfacet
  facet normal 0.651482 -0.435319 0.621344
    outer loop
      vertex 26.452 -35.2305 23
      vertex 27.3983 -35.9553 21.5
      vertex 26.5392 -35.1 23
    endloop
  endfacet
  facet normal 0.65196 -0.43464 0.621318
    outer loop
      vertex 27.3983 -35.9553 21.5
      vertex 26.452 -35.2305 23
      vertex 27.3977 -35.9562 21.5
    endloop
  endfacet
  facet normal -0.70267 -0.346687 0.621339
    outer loop
      vertex 24.3913 -34.9592 23
      vertex 23.29 -35.4154 21.5
      vertex 23.428 -35.6951 21.5
    endloop
  endfacet
  facet normal -0.742025 -0.251669 0.621338
    outer loop
      vertex 23.1895 -35.1191 21.5
      vertex 24.3913 -34.9592 23
      vertex 24.3409 -34.8106 23
    endloop
  endfacet
  facet normal -0.748651 -0.224595 0.623761
    outer loop
      vertex 24.3913 -34.9592 23
      vertex 23.1895 -35.1191 21.5
      vertex 23.1898 -35.1201 21.5
    endloop
  endfacet
  facet normal 0.588921 -0.516814 0.621349
    outer loop
      vertex 27.3971 -35.957 21.5
      vertex 26.3485 -35.3485 23
      vertex 27.1914 -36.1914 21.5
    endloop
  endfacet
  facet normal 0.70267 -0.346687 0.621339
    outer loop
      vertex 27.71 -35.4154 21.5
      vertex 26.6087 -34.9592 23
      vertex 27.572 -35.6951 21.5
    endloop
  endfacet
  facet normal 0.768448 -0.152986 0.621356
    outer loop
      vertex 27.8716 -34.8122 21.5
      vertex 26.6897 -34.6566 23
      vertex 27.8107 -35.1181 21.5
    endloop
  endfacet
  facet normal 0.251769 -0.74199 0.62134
    outer loop
      vertex 26.4154 -36.71 21.5
      vertex 25.9592 -35.6087 23
      vertex 26.1201 -36.8102 21.5
    endloop
  endfacet
  facet normal 0.251669 -0.742025 0.621338
    outer loop
      vertex 26.1191 -36.8105 21.5
      vertex 25.9592 -35.6087 23
      vertex 25.8106 -35.6591 23
    endloop
  endfacet
  facet normal 0.224595 -0.748651 0.623761
    outer loop
      vertex 25.9592 -35.6087 23
      vertex 26.1191 -36.8105 21.5
      vertex 26.1201 -36.8102 21.5
    endloop
  endfacet
  facet normal 0.742025 -0.251669 0.621338
    outer loop
      vertex 26.6087 -34.9592 23
      vertex 27.8105 -35.1191 21.5
      vertex 26.6591 -34.8106 23
    endloop
  endfacet
  facet normal 0.748651 -0.224595 0.623761
    outer loop
      vertex 27.8105 -35.1191 21.5
      vertex 26.6087 -34.9592 23
      vertex 27.8102 -35.1201 21.5
    endloop
  endfacet
  facet normal 0.768526 -0.152707 0.621328
    outer loop
      vertex 26.6591 -34.8106 23
      vertex 27.8107 -35.1181 21.5
      vertex 26.6897 -34.6566 23
    endloop
  endfacet
  facet normal 0.768311 -0.153662 0.621359
    outer loop
      vertex 27.8107 -35.1181 21.5
      vertex 26.6591 -34.8106 23
      vertex 27.8105 -35.1191 21.5
    endloop
  endfacet
  facet normal 0 0 -1
    outer loop
      vertex 13.1249 -49.1198 -4
      vertex 44 -45 -4
      vertex 13.2216 -49.4047 -4
    endloop
  endfacet
  facet normal 0 0 -1
    outer loop
      vertex 44 -6 -4
      vertex 13.2803 -1.30021 -4
      vertex 13.3 -1 -4
    endloop
  endfacet
  facet normal 0 0 -1
    outer loop
      vertex 12.9919 -48.85 -4
      vertex 44 -45 -4
      vertex 13.1249 -49.1198 -4
    endloop
  endfacet
  facet normal 0 0 -1
    outer loop
      vertex 44 -6 -4
      vertex 13.2216 -1.59528 -4
      vertex 13.2803 -1.30021 -4
    endloop
  endfacet
  facet normal 0 0 -1
    outer loop
      vertex 12.8247 -48.5998 -4
      vertex 44 -45 -4
      vertex 12.9919 -48.85 -4
    endloop
  endfacet
  facet normal 0 0 -1
    outer loop
      vertex 44 -6 -4
      vertex 13.1249 -1.88017 -4
      vertex 13.2216 -1.59528 -4
    endloop
  endfacet
  facet normal 0 0 -1
    outer loop
      vertex 12.6263 -48.3737 -4
      vertex 44 -45 -4
      vertex 12.8247 -48.5998 -4
    endloop
  endfacet
  facet normal 0 0 -1
    outer loop
      vertex 44 -6 -4
      vertex 12.9919 -2.15 -4
      vertex 13.1249 -1.88017 -4
    endloop
  endfacet
  facet normal 0 0 -1
    outer loop
      vertex 12.4002 -48.1753 -4
      vertex 44 -45 -4
      vertex 12.6263 -48.3737 -4
    endloop
  endfacet
  facet normal 0 0 -1
    outer loop
      vertex 44 -6 -4
      vertex 12.8247 -2.40015 -4
      vertex 12.9919 -2.15 -4
    endloop
  endfacet
  facet normal 0 0 -1
    outer loop
      vertex 12.15 -48.0081 -4
      vertex 44 -45 -4
      vertex 12.4002 -48.1753 -4
    endloop
  endfacet
  facet normal 0 0 -1
    outer loop
      vertex 44 -6 -4
      vertex 12.6263 -2.62634 -4
      vertex 12.8247 -2.40015 -4
    endloop
  endfacet
  facet normal -0 0 -1
    outer loop
      vertex 44 -45 -4
      vertex 12.15 -48.0081 -4
      vertex 44 -6 -4
    endloop
  endfacet
  facet normal 0 0 -1
    outer loop
      vertex 44 -6 -4
      vertex 12.4002 -2.82471 -4
      vertex 12.6263 -2.62634 -4
    endloop
  endfacet
  facet normal 0 0 -1
    outer loop
      vertex 12.15 -2.99186 -4
      vertex 44 -6 -4
      vertex 12.15 -48.0081 -4
    endloop
  endfacet
  facet normal 0 0 -1
    outer loop
      vertex 44 -6 -4
      vertex 12.15 -2.99186 -4
      vertex 12.4002 -2.82471 -4
    endloop
  endfacet
  facet normal 0 0 -1
    outer loop
      vertex 11.8802 -47.8751 -4
      vertex 12.15 -2.99186 -4
      vertex 12.15 -48.0081 -4
    endloop
  endfacet
  facet normal 0 0 -1
    outer loop
      vertex 11.8802 -47.8751 -4
      vertex 11.8802 -3.12492 -4
      vertex 12.15 -2.99186 -4
    endloop
  endfacet
  facet normal 0 0 -1
    outer loop
      vertex 11.5953 -47.7784 -4
      vertex 11.8802 -3.12492 -4
      vertex 11.8802 -47.8751 -4
    endloop
  endfacet
  facet normal 0 0 -1
    outer loop
      vertex 11.5953 -47.7784 -4
      vertex 11.5953 -3.22163 -4
      vertex 11.8802 -3.12492 -4
    endloop
  endfacet
  facet normal 0 0 -1
    outer loop
      vertex 11.3002 -47.7197 -4
      vertex 11.5953 -3.22163 -4
      vertex 11.5953 -47.7784 -4
    endloop
  endfacet
  facet normal 0 0 -1
    outer loop
      vertex 11.3002 -47.7197 -4
      vertex 11.3002 -3.28032 -4
      vertex 11.5953 -3.22163 -4
    endloop
  endfacet
  facet normal 0 0 -1
    outer loop
      vertex 11 -47.7 -4
      vertex 11.3002 -3.28032 -4
      vertex 11.3002 -47.7197 -4
    endloop
  endfacet
  facet normal 0 0 -1
    outer loop
      vertex 11 -47.7 -4
      vertex 11 -3.3 -4
      vertex 11.3002 -3.28032 -4
    endloop
  endfacet
  facet normal 0 0 -1
    outer loop
      vertex 10.6998 -47.7197 -4
      vertex 11 -3.3 -4
      vertex 11 -47.7 -4
    endloop
  endfacet
  facet normal 0 0 -1
    outer loop
      vertex 10.6998 -47.7197 -4
      vertex 10.6998 -3.28032 -4
      vertex 11 -3.3 -4
    endloop
  endfacet
  facet normal 0 0 -1
    outer loop
      vertex 10.4047 -47.7784 -4
      vertex 10.6998 -3.28032 -4
      vertex 10.6998 -47.7197 -4
    endloop
  endfacet
  facet normal 0 0 -1
    outer loop
      vertex 10.4047 -47.7784 -4
      vertex 10.4047 -3.22163 -4
      vertex 10.6998 -3.28032 -4
    endloop
  endfacet
  facet normal 0 0 -1
    outer loop
      vertex 10.1198 -47.8751 -4
      vertex 10.4047 -3.22163 -4
      vertex 10.4047 -47.7784 -4
    endloop
  endfacet
  facet normal 0 0 -1
    outer loop
      vertex 10.1198 -47.8751 -4
      vertex 10.1198 -3.12492 -4
      vertex 10.4047 -3.22163 -4
    endloop
  endfacet
  facet normal 0 0 -1
    outer loop
      vertex 9.85 -48.0081 -4
      vertex 10.1198 -3.12492 -4
      vertex 10.1198 -47.8751 -4
    endloop
  endfacet
  facet normal 0 0 -1
    outer loop
      vertex 9.85 -48.0081 -4
      vertex 9.85 -2.99186 -4
      vertex 10.1198 -3.12492 -4
    endloop
  endfacet
  facet normal 0 0 -1
    outer loop
      vertex 9.59985 -48.1753 -4
      vertex 9.85 -2.99186 -4
      vertex 9.85 -48.0081 -4
    endloop
  endfacet
  facet normal 0 0 -1
    outer loop
      vertex 9.59985 -48.1753 -4
      vertex 9.59985 -2.82471 -4
      vertex 9.85 -2.99186 -4
    endloop
  endfacet
  facet normal 0 0 -1
    outer loop
      vertex -2.5 -53.5 -4
      vertex 9.59985 -48.1753 -4
      vertex 9.37365 -48.3737 -4
    endloop
  endfacet
  facet normal -0 0 -1
    outer loop
      vertex 9.59985 -48.1753 -4
      vertex -2.5 -53.5 -4
      vertex 9.59985 -2.82471 -4
    endloop
  endfacet
  facet normal 0 0 -1
    outer loop
      vertex -2.5 -53.5 -4
      vertex 9.37365 -48.3737 -4
      vertex 9.17529 -48.5998 -4
    endloop
  endfacet
  facet normal 0 0 -1
    outer loop
      vertex -2.5 2.5 -4
      vertex 9.59985 -2.82471 -4
      vertex -2.5 -53.5 -4
    endloop
  endfacet
  facet normal 0 0 -1
    outer loop
      vertex -2.5 -53.5 -4
      vertex 9.17529 -48.5998 -4
      vertex 9.00814 -48.85 -4
    endloop
  endfacet
  facet normal 0 0 -1
    outer loop
      vertex 9.59985 -2.82471 -4
      vertex -2.5 2.5 -4
      vertex 9.37365 -2.62634 -4
    endloop
  endfacet
  facet normal 0 0 -1
    outer loop
      vertex -2.5 -53.5 -4
      vertex 9.00814 -48.85 -4
      vertex 8.87508 -49.1198 -4
    endloop
  endfacet
  facet normal 0 0 -1
    outer loop
      vertex 9.37365 -2.62634 -4
      vertex -2.5 2.5 -4
      vertex 9.17529 -2.40015 -4
    endloop
  endfacet
  facet normal 0 0 -1
    outer loop
      vertex -2.5 -53.5 -4
      vertex 8.87508 -49.1198 -4
      vertex 8.77837 -49.4047 -4
    endloop
  endfacet
  facet normal 0 0 -1
    outer loop
      vertex 9.17529 -2.40015 -4
      vertex -2.5 2.5 -4
      vertex 9.00814 -2.15 -4
    endloop
  endfacet
  facet normal 0 0 -1
    outer loop
      vertex -2.5 -53.5 -4
      vertex 8.77837 -49.4047 -4
      vertex 8.71968 -49.6998 -4
    endloop
  endfacet
  facet normal 0 0 -1
    outer loop
      vertex 9.00814 -2.15 -4
      vertex -2.5 2.5 -4
      vertex 8.87508 -1.88017 -4
    endloop
  endfacet
  facet normal 0 0 -1
    outer loop
      vertex -2.5 -53.5 -4
      vertex 8.71968 -49.6998 -4
      vertex 8.7 -50 -4
    endloop
  endfacet
  facet normal 0 0 -1
    outer loop
      vertex 8.87508 -1.88017 -4
      vertex -2.5 2.5 -4
      vertex 8.77837 -1.59528 -4
    endloop
  endfacet
  facet normal 0 0 -1
    outer loop
      vertex 71.1249 -49.1198 -4
      vertex 93 -53.5 -4
      vertex 71.2216 -49.4047 -4
    endloop
  endfacet
  facet normal 0 0 -1
    outer loop
      vertex 93 2.5 -4
      vertex 71.2803 -1.30021 -4
      vertex 71.3 -1 -4
    endloop
  endfacet
  facet normal 0 0 -1
    outer loop
      vertex 70.9919 -48.85 -4
      vertex 93 -53.5 -4
      vertex 71.1249 -49.1198 -4
    endloop
  endfacet
  facet normal 0 0 -1
    outer loop
      vertex 93 2.5 -4
      vertex 71.2216 -1.59528 -4
      vertex 71.2803 -1.30021 -4
    endloop
  endfacet
  facet normal 0 0 -1
    outer loop
      vertex 70.8247 -48.5998 -4
      vertex 93 -53.5 -4
      vertex 70.9919 -48.85 -4
    endloop
  endfacet
  facet normal 0 0 -1
    outer loop
      vertex 93 2.5 -4
      vertex 71.1249 -1.88017 -4
      vertex 71.2216 -1.59528 -4
    endloop
  endfacet
  facet normal 0 0 -1
    outer loop
      vertex 70.6263 -48.3737 -4
      vertex 93 -53.5 -4
      vertex 70.8247 -48.5998 -4
    endloop
  endfacet
  facet normal 0 0 -1
    outer loop
      vertex 93 2.5 -4
      vertex 70.9919 -2.15 -4
      vertex 71.1249 -1.88017 -4
    endloop
  endfacet
  facet normal 0 0 -1
    outer loop
      vertex 70.4002 -48.1753 -4
      vertex 93 -53.5 -4
      vertex 70.6263 -48.3737 -4
    endloop
  endfacet
  facet normal 0 0 -1
    outer loop
      vertex 93 2.5 -4
      vertex 70.8247 -2.40015 -4
      vertex 70.9919 -2.15 -4
    endloop
  endfacet
  facet normal 0 0 -1
    outer loop
      vertex 93 -53.5 -4
      vertex 70.4002 -48.1753 -4
      vertex 93 2.5 -4
    endloop
  endfacet
  facet normal 0 0 -1
    outer loop
      vertex 93 2.5 -4
      vertex 70.6263 -2.62634 -4
      vertex 70.8247 -2.40015 -4
    endloop
  endfacet
  facet normal 0 0 -1
    outer loop
      vertex 70.4002 -2.82471 -4
      vertex 93 2.5 -4
      vertex 70.4002 -48.1753 -4
    endloop
  endfacet
  facet normal 0 0 -1
    outer loop
      vertex 93 2.5 -4
      vertex 70.4002 -2.82471 -4
      vertex 70.6263 -2.62634 -4
    endloop
  endfacet
  facet normal 0 0 -1
    outer loop
      vertex 70.15 -48.0081 -4
      vertex 70.4002 -2.82471 -4
      vertex 70.4002 -48.1753 -4
    endloop
  endfacet
  facet normal 0 0 -1
    outer loop
      vertex 70.15 -48.0081 -4
      vertex 70.15 -2.99186 -4
      vertex 70.4002 -2.82471 -4
    endloop
  endfacet
  facet normal 0 0 -1
    outer loop
      vertex 69.8802 -47.8751 -4
      vertex 70.15 -2.99186 -4
      vertex 70.15 -48.0081 -4
    endloop
  endfacet
  facet normal 0 0 -1
    outer loop
      vertex 69.8802 -47.8751 -4
      vertex 69.8802 -3.12492 -4
      vertex 70.15 -2.99186 -4
    endloop
  endfacet
  facet normal 0 0 -1
    outer loop
      vertex 69.5953 -47.7784 -4
      vertex 69.8802 -3.12492 -4
      vertex 69.8802 -47.8751 -4
    endloop
  endfacet
  facet normal 0 0 -1
    outer loop
      vertex 69.5953 -47.7784 -4
      vertex 69.5953 -3.22163 -4
      vertex 69.8802 -3.12492 -4
    endloop
  endfacet
  facet normal 0 0 -1
    outer loop
      vertex 69.3002 -47.7197 -4
      vertex 69.5953 -3.22163 -4
      vertex 69.5953 -47.7784 -4
    endloop
  endfacet
  facet normal 0 0 -1
    outer loop
      vertex 69.3002 -47.7197 -4
      vertex 69.3002 -3.28032 -4
      vertex 69.5953 -3.22163 -4
    endloop
  endfacet
  facet normal 0 0 -1
    outer loop
      vertex 62 -45 -4
      vertex 69.3002 -47.7197 -4
      vertex 69 -47.7 -4
    endloop
  endfacet
  facet normal 0 0 -1
    outer loop
      vertex 69.3002 -47.7197 -4
      vertex 62 -45 -4
      vertex 69.3002 -3.28032 -4
    endloop
  endfacet
  facet normal 0 0 -1
    outer loop
      vertex 62 -45 -4
      vertex 69 -47.7 -4
      vertex 68.6998 -47.7197 -4
    endloop
  endfacet
  facet normal 0 0 -1
    outer loop
      vertex 62 -6 -4
      vertex 69.3002 -3.28032 -4
      vertex 62 -45 -4
    endloop
  endfacet
  facet normal 0 0 -1
    outer loop
      vertex 62 -45 -4
      vertex 68.6998 -47.7197 -4
      vertex 68.4047 -47.7784 -4
    endloop
  endfacet
  facet normal 0 0 -1
    outer loop
      vertex 69.3002 -3.28032 -4
      vertex 62 -6 -4
      vertex 69 -3.3 -4
    endloop
  endfacet
  facet normal 0 0 -1
    outer loop
      vertex 62 -45 -4
      vertex 68.4047 -47.7784 -4
      vertex 68.1198 -47.8751 -4
    endloop
  endfacet
  facet normal -0 0 -1
    outer loop
      vertex 69 -3.3 -4
      vertex 62 -6 -4
      vertex 68.6998 -3.28032 -4
    endloop
  endfacet
  facet normal 0 0 -1
    outer loop
      vertex 62 -45 -4
      vertex 68.1198 -47.8751 -4
      vertex 67.85 -48.0081 -4
    endloop
  endfacet
  facet normal -0 0 -1
    outer loop
      vertex 68.6998 -3.28032 -4
      vertex 62 -6 -4
      vertex 68.4047 -3.22163 -4
    endloop
  endfacet
  facet normal 0 0 -1
    outer loop
      vertex 62 -45 -4
      vertex 67.85 -48.0081 -4
      vertex 67.5998 -48.1753 -4
    endloop
  endfacet
  facet normal -0 0 -1
    outer loop
      vertex 68.4047 -3.22163 -4
      vertex 62 -6 -4
      vertex 68.1198 -3.12492 -4
    endloop
  endfacet
  facet normal 0 0 -1
    outer loop
      vertex 62 -45 -4
      vertex 67.5998 -48.1753 -4
      vertex 67.3737 -48.3737 -4
    endloop
  endfacet
  facet normal -0 0 -1
    outer loop
      vertex 68.1198 -3.12492 -4
      vertex 62 -6 -4
      vertex 67.85 -2.99186 -4
    endloop
  endfacet
  facet normal 0 0 -1
    outer loop
      vertex 62 -45 -4
      vertex 67.3737 -48.3737 -4
      vertex 67.1753 -48.5998 -4
    endloop
  endfacet
  facet normal -0 0 -1
    outer loop
      vertex 67.85 -2.99186 -4
      vertex 62 -6 -4
      vertex 67.5998 -2.82471 -4
    endloop
  endfacet
  facet normal 0 0 -1
    outer loop
      vertex 62 -45 -4
      vertex 67.1753 -48.5998 -4
      vertex 67.0081 -48.85 -4
    endloop
  endfacet
  facet normal -0 0 -1
    outer loop
      vertex 67.5998 -2.82471 -4
      vertex 62 -6 -4
      vertex 67.3737 -2.62634 -4
    endloop
  endfacet
  facet normal 0 0 -1
    outer loop
      vertex 62 -45 -4
      vertex 67.0081 -48.85 -4
      vertex 66.8751 -49.1198 -4
    endloop
  endfacet
  facet normal -0 0 -1
    outer loop
      vertex 67.3737 -2.62634 -4
      vertex 62 -6 -4
      vertex 67.1753 -2.40015 -4
    endloop
  endfacet
  facet normal 0 0 -1
    outer loop
      vertex 62 -45 -4
      vertex 66.8751 -49.1198 -4
      vertex 66.7784 -49.4047 -4
    endloop
  endfacet
  facet normal -0 0 -1
    outer loop
      vertex 67.1753 -2.40015 -4
      vertex 62 -6 -4
      vertex 67.0081 -2.15 -4
    endloop
  endfacet
  facet normal 0 0 -1
    outer loop
      vertex 62 -45 -4
      vertex 66.7784 -49.4047 -4
      vertex 66.7197 -49.6998 -4
    endloop
  endfacet
  facet normal -0 0 -1
    outer loop
      vertex 67.0081 -2.15 -4
      vertex 62 -6 -4
      vertex 66.8751 -1.88017 -4
    endloop
  endfacet
  facet normal 0 0 -1
    outer loop
      vertex 62 -45 -4
      vertex 66.7197 -49.6998 -4
      vertex 66.7 -50 -4
    endloop
  endfacet
  facet normal -0 0 -1
    outer loop
      vertex 66.8751 -1.88017 -4
      vertex 62 -6 -4
      vertex 66.7784 -1.59528 -4
    endloop
  endfacet
  facet normal 0 0 -1
    outer loop
      vertex 71.2803 -49.6998 -4
      vertex 93 -53.5 -4
      vertex 71.3 -50 -4
    endloop
  endfacet
  facet normal 0 0 -1
    outer loop
      vertex 93 -53.5 -4
      vertex 71.2803 -50.3002 -4
      vertex 71.3 -50 -4
    endloop
  endfacet
  facet normal 0 0 -1
    outer loop
      vertex 93 -53.5 -4
      vertex 71.2216 -50.5953 -4
      vertex 71.2803 -50.3002 -4
    endloop
  endfacet
  facet normal 0 0 -1
    outer loop
      vertex 93 -53.5 -4
      vertex 71.1249 -50.8802 -4
      vertex 71.2216 -50.5953 -4
    endloop
  endfacet
  facet normal 0 0 -1
    outer loop
      vertex 93 -53.5 -4
      vertex 70.9919 -51.15 -4
      vertex 71.1249 -50.8802 -4
    endloop
  endfacet
  facet normal 0 0 -1
    outer loop
      vertex 93 -53.5 -4
      vertex 70.8247 -51.4002 -4
      vertex 70.9919 -51.15 -4
    endloop
  endfacet
  facet normal 0 0 -1
    outer loop
      vertex 93 -53.5 -4
      vertex 70.6263 -51.6263 -4
      vertex 70.8247 -51.4002 -4
    endloop
  endfacet
  facet normal 0 0 -1
    outer loop
      vertex 93 -53.5 -4
      vertex 70.4002 -51.8247 -4
      vertex 70.6263 -51.6263 -4
    endloop
  endfacet
  facet normal 0 0 -1
    outer loop
      vertex 93 -53.5 -4
      vertex 70.15 -51.9919 -4
      vertex 70.4002 -51.8247 -4
    endloop
  endfacet
  facet normal 0 0 -1
    outer loop
      vertex 93 -53.5 -4
      vertex 69.8802 -52.1249 -4
      vertex 70.15 -51.9919 -4
    endloop
  endfacet
  facet normal 0 0 -1
    outer loop
      vertex 93 -53.5 -4
      vertex 69.5953 -52.2216 -4
      vertex 69.8802 -52.1249 -4
    endloop
  endfacet
  facet normal 0 0 -1
    outer loop
      vertex 93 -53.5 -4
      vertex 69.3002 -52.2803 -4
      vertex 69.5953 -52.2216 -4
    endloop
  endfacet
  facet normal 0 0 -1
    outer loop
      vertex 93 -53.5 -4
      vertex 69 -52.3 -4
      vertex 69.3002 -52.2803 -4
    endloop
  endfacet
  facet normal -0 0 -1
    outer loop
      vertex 66.7784 -1.59528 -4
      vertex 62 -6 -4
      vertex 66.7197 -1.30021 -4
    endloop
  endfacet
  facet normal 0 0 -1
    outer loop
      vertex 66.7197 -50.3002 -4
      vertex 62 -45 -4
      vertex 66.7 -50 -4
    endloop
  endfacet
  facet normal 0 0 -1
    outer loop
      vertex 66.7784 -50.5953 -4
      vertex 62 -45 -4
      vertex 66.7197 -50.3002 -4
    endloop
  endfacet
  facet normal 0 0 -1
    outer loop
      vertex 66.8751 -50.8802 -4
      vertex 62 -45 -4
      vertex 66.7784 -50.5953 -4
    endloop
  endfacet
  facet normal 0 0 -1
    outer loop
      vertex 44 -45 -4
      vertex 66.8751 -50.8802 -4
      vertex 67.0081 -51.15 -4
    endloop
  endfacet
  facet normal 0 0 -1
    outer loop
      vertex 44 -45 -4
      vertex 67.0081 -51.15 -4
      vertex 67.1753 -51.4002 -4
    endloop
  endfacet
  facet normal 0 0 -1
    outer loop
      vertex 66.8751 -50.8802 -4
      vertex 44 -45 -4
      vertex 62 -45 -4
    endloop
  endfacet
  facet normal 0 0 -1
    outer loop
      vertex 67.3737 -51.6263 -4
      vertex 44 -45 -4
      vertex 67.1753 -51.4002 -4
    endloop
  endfacet
  facet normal 0 0 -1
    outer loop
      vertex 67.5998 -51.8247 -4
      vertex 44 -45 -4
      vertex 67.3737 -51.6263 -4
    endloop
  endfacet
  facet normal 0 0 -1
    outer loop
      vertex 67.85 -51.9919 -4
      vertex 44 -45 -4
      vertex 67.5998 -51.8247 -4
    endloop
  endfacet
  facet normal 0 0 -1
    outer loop
      vertex 12.15 -51.9919 -4
      vertex 67.85 -51.9919 -4
      vertex 68.1198 -52.1249 -4
    endloop
  endfacet
  facet normal 0 0 -1
    outer loop
      vertex 11.8802 -52.1249 -4
      vertex 68.1198 -52.1249 -4
      vertex 68.4047 -52.2216 -4
    endloop
  endfacet
  facet normal 0 0 -1
    outer loop
      vertex 13.2803 -49.6998 -4
      vertex 44 -45 -4
      vertex 13.3 -50 -4
    endloop
  endfacet
  facet normal 0 0 -1
    outer loop
      vertex 67.85 -51.9919 -4
      vertex 12.15 -51.9919 -4
      vertex 44 -45 -4
    endloop
  endfacet
  facet normal 0 0 -1
    outer loop
      vertex 11.5953 -52.2216 -4
      vertex 68.4047 -52.2216 -4
      vertex 68.6998 -52.2803 -4
    endloop
  endfacet
  facet normal 0 0 -1
    outer loop
      vertex 11.3002 -52.2803 -4
      vertex 68.6998 -52.2803 -4
      vertex 69 -52.3 -4
    endloop
  endfacet
  facet normal 0 0 -1
    outer loop
      vertex -2.5 -53.5 -4
      vertex 69 -52.3 -4
      vertex 93 -53.5 -4
    endloop
  endfacet
  facet normal 0 0 -1
    outer loop
      vertex 44 -45 -4
      vertex 13.2803 -50.3002 -4
      vertex 13.3 -50 -4
    endloop
  endfacet
  facet normal 0 0 -1
    outer loop
      vertex 44 -45 -4
      vertex 13.2216 -50.5953 -4
      vertex 13.2803 -50.3002 -4
    endloop
  endfacet
  facet normal 0 0 -1
    outer loop
      vertex 44 -45 -4
      vertex 13.1249 -50.8802 -4
      vertex 13.2216 -50.5953 -4
    endloop
  endfacet
  facet normal 0 0 -1
    outer loop
      vertex 44 -45 -4
      vertex 12.9919 -51.15 -4
      vertex 13.1249 -50.8802 -4
    endloop
  endfacet
  facet normal 0 0 -1
    outer loop
      vertex 44 -45 -4
      vertex 12.8247 -51.4002 -4
      vertex 12.9919 -51.15 -4
    endloop
  endfacet
  facet normal 0 0 -1
    outer loop
      vertex 44 -45 -4
      vertex 12.6263 -51.6263 -4
      vertex 12.8247 -51.4002 -4
    endloop
  endfacet
  facet normal 0 0 -1
    outer loop
      vertex 44 -45 -4
      vertex 12.4002 -51.8247 -4
      vertex 12.6263 -51.6263 -4
    endloop
  endfacet
  facet normal 0 0 -1
    outer loop
      vertex 44 -45 -4
      vertex 12.15 -51.9919 -4
      vertex 12.4002 -51.8247 -4
    endloop
  endfacet
  facet normal 0 0 -1
    outer loop
      vertex 68.1198 -52.1249 -4
      vertex 11.8802 -52.1249 -4
      vertex 12.15 -51.9919 -4
    endloop
  endfacet
  facet normal 0 0 -1
    outer loop
      vertex 68.4047 -52.2216 -4
      vertex 11.5953 -52.2216 -4
      vertex 11.8802 -52.1249 -4
    endloop
  endfacet
  facet normal 0 0 -1
    outer loop
      vertex 68.6998 -52.2803 -4
      vertex 11.3002 -52.2803 -4
      vertex 11.5953 -52.2216 -4
    endloop
  endfacet
  facet normal 0 0 -1
    outer loop
      vertex 69 -52.3 -4
      vertex 11 -52.3 -4
      vertex 11.3002 -52.2803 -4
    endloop
  endfacet
  facet normal 0 0 -1
    outer loop
      vertex 8.77837 -1.59528 -4
      vertex -2.5 2.5 -4
      vertex 8.71968 -1.30021 -4
    endloop
  endfacet
  facet normal -0 0 -1
    outer loop
      vertex 8.71968 -50.3002 -4
      vertex -2.5 -53.5 -4
      vertex 8.7 -50 -4
    endloop
  endfacet
  facet normal -0 0 -1
    outer loop
      vertex 8.77837 -50.5953 -4
      vertex -2.5 -53.5 -4
      vertex 8.71968 -50.3002 -4
    endloop
  endfacet
  facet normal -0 0 -1
    outer loop
      vertex 8.87508 -50.8802 -4
      vertex -2.5 -53.5 -4
      vertex 8.77837 -50.5953 -4
    endloop
  endfacet
  facet normal -0 0 -1
    outer loop
      vertex 9.00814 -51.15 -4
      vertex -2.5 -53.5 -4
      vertex 8.87508 -50.8802 -4
    endloop
  endfacet
  facet normal -0 0 -1
    outer loop
      vertex 9.17529 -51.4002 -4
      vertex -2.5 -53.5 -4
      vertex 9.00814 -51.15 -4
    endloop
  endfacet
  facet normal -0 0 -1
    outer loop
      vertex 9.37365 -51.6263 -4
      vertex -2.5 -53.5 -4
      vertex 9.17529 -51.4002 -4
    endloop
  endfacet
  facet normal -0 0 -1
    outer loop
      vertex 9.59985 -51.8247 -4
      vertex -2.5 -53.5 -4
      vertex 9.37365 -51.6263 -4
    endloop
  endfacet
  facet normal -0 0 -1
    outer loop
      vertex 9.85 -51.9919 -4
      vertex -2.5 -53.5 -4
      vertex 9.59985 -51.8247 -4
    endloop
  endfacet
  facet normal -0 0 -1
    outer loop
      vertex 10.1198 -52.1249 -4
      vertex -2.5 -53.5 -4
      vertex 9.85 -51.9919 -4
    endloop
  endfacet
  facet normal -0 0 -1
    outer loop
      vertex 10.4047 -52.2216 -4
      vertex -2.5 -53.5 -4
      vertex 10.1198 -52.1249 -4
    endloop
  endfacet
  facet normal -0 0 -1
    outer loop
      vertex 10.6998 -52.2803 -4
      vertex -2.5 -53.5 -4
      vertex 10.4047 -52.2216 -4
    endloop
  endfacet
  facet normal -0 0 -1
    outer loop
      vertex 11 -52.3 -4
      vertex -2.5 -53.5 -4
      vertex 10.6998 -52.2803 -4
    endloop
  endfacet
  facet normal -0 0 -1
    outer loop
      vertex 69 -52.3 -4
      vertex -2.5 -53.5 -4
      vertex 11 -52.3 -4
    endloop
  endfacet
  facet normal 0 0 -1
    outer loop
      vertex 71.2216 -49.4047 -4
      vertex 93 -53.5 -4
      vertex 71.2803 -49.6998 -4
    endloop
  endfacet
  facet normal 0 0 -1
    outer loop
      vertex 71.2803 -0.699789 -4
      vertex 93 2.5 -4
      vertex 71.3 -1 -4
    endloop
  endfacet
  facet normal 0 0 -1
    outer loop
      vertex 71.2216 -0.404716 -4
      vertex 93 2.5 -4
      vertex 71.2803 -0.699789 -4
    endloop
  endfacet
  facet normal 0 0 -1
    outer loop
      vertex 71.1249 -0.119827 -4
      vertex 93 2.5 -4
      vertex 71.2216 -0.404716 -4
    endloop
  endfacet
  facet normal 0 0 -1
    outer loop
      vertex 70.9919 0.15 -4
      vertex 93 2.5 -4
      vertex 71.1249 -0.119827 -4
    endloop
  endfacet
  facet normal 0 0 -1
    outer loop
      vertex 70.8247 0.400151 -4
      vertex 93 2.5 -4
      vertex 70.9919 0.15 -4
    endloop
  endfacet
  facet normal 0 0 -1
    outer loop
      vertex 70.6263 0.626345 -4
      vertex 93 2.5 -4
      vertex 70.8247 0.400151 -4
    endloop
  endfacet
  facet normal 0 0 -1
    outer loop
      vertex 70.4002 0.824712 -4
      vertex 93 2.5 -4
      vertex 70.6263 0.626345 -4
    endloop
  endfacet
  facet normal 0 0 -1
    outer loop
      vertex 70.15 0.991858 -4
      vertex 93 2.5 -4
      vertex 70.4002 0.824712 -4
    endloop
  endfacet
  facet normal 0 0 -1
    outer loop
      vertex 69.8802 1.12492 -4
      vertex 93 2.5 -4
      vertex 70.15 0.991858 -4
    endloop
  endfacet
  facet normal 0 0 -1
    outer loop
      vertex 69.5953 1.22163 -4
      vertex 93 2.5 -4
      vertex 69.8802 1.12492 -4
    endloop
  endfacet
  facet normal 0 0 -1
    outer loop
      vertex 69.3002 1.28032 -4
      vertex 93 2.5 -4
      vertex 69.5953 1.22163 -4
    endloop
  endfacet
  facet normal 0 0 -1
    outer loop
      vertex 69 1.3 -4
      vertex 93 2.5 -4
      vertex 69.3002 1.28032 -4
    endloop
  endfacet
  facet normal -0 0 -1
    outer loop
      vertex 66.7197 -1.30021 -4
      vertex 62 -6 -4
      vertex 66.7 -1 -4
    endloop
  endfacet
  facet normal -0 0 -1
    outer loop
      vertex 66.7 -1 -4
      vertex 62 -6 -4
      vertex 66.7197 -0.699789 -4
    endloop
  endfacet
  facet normal 0 0 -1
    outer loop
      vertex 62 -6 -4
      vertex 66.7784 -0.404716 -4
      vertex 66.7197 -0.699789 -4
    endloop
  endfacet
  facet normal 0 0 -1
    outer loop
      vertex 62 -6 -4
      vertex 66.8751 -0.119827 -4
      vertex 66.7784 -0.404716 -4
    endloop
  endfacet
  facet normal 0 0 -1
    outer loop
      vertex 44 -6 -4
      vertex 66.8751 -0.119827 -4
      vertex 62 -6 -4
    endloop
  endfacet
  facet normal -0 0 -1
    outer loop
      vertex 66.8751 -0.119827 -4
      vertex 44 -6 -4
      vertex 67.0081 0.15 -4
    endloop
  endfacet
  facet normal -0 0 -1
    outer loop
      vertex 67.0081 0.15 -4
      vertex 44 -6 -4
      vertex 67.1753 0.400151 -4
    endloop
  endfacet
  facet normal 0 0 -1
    outer loop
      vertex 44 -6 -4
      vertex 67.3737 0.626345 -4
      vertex 67.1753 0.400151 -4
    endloop
  endfacet
  facet normal 0 0 -1
    outer loop
      vertex 44 -6 -4
      vertex 67.5998 0.824712 -4
      vertex 67.3737 0.626345 -4
    endloop
  endfacet
  facet normal 0 0 -1
    outer loop
      vertex 44 -6 -4
      vertex 67.85 0.991858 -4
      vertex 67.5998 0.824712 -4
    endloop
  endfacet
  facet normal 0 0 -1
    outer loop
      vertex 12.15 0.991858 -4
      vertex 67.85 0.991858 -4
      vertex 44 -6 -4
    endloop
  endfacet
  facet normal 0 0 -1
    outer loop
      vertex 67.85 0.991858 -4
      vertex 12.15 0.991858 -4
      vertex 68.1198 1.12492 -4
    endloop
  endfacet
  facet normal 0 0 -1
    outer loop
      vertex 13.2216 -49.4047 -4
      vertex 44 -45 -4
      vertex 13.2803 -49.6998 -4
    endloop
  endfacet
  facet normal 0 0 -1
    outer loop
      vertex 13.2803 -0.699789 -4
      vertex 44 -6 -4
      vertex 13.3 -1 -4
    endloop
  endfacet
  facet normal 0 0 -1
    outer loop
      vertex 13.2216 -0.404716 -4
      vertex 44 -6 -4
      vertex 13.2803 -0.699789 -4
    endloop
  endfacet
  facet normal 0 0 -1
    outer loop
      vertex 13.1249 -0.119827 -4
      vertex 44 -6 -4
      vertex 13.2216 -0.404716 -4
    endloop
  endfacet
  facet normal 0 0 -1
    outer loop
      vertex 12.9919 0.15 -4
      vertex 44 -6 -4
      vertex 13.1249 -0.119827 -4
    endloop
  endfacet
  facet normal 0 0 -1
    outer loop
      vertex 12.8247 0.400151 -4
      vertex 44 -6 -4
      vertex 12.9919 0.15 -4
    endloop
  endfacet
  facet normal 0 0 -1
    outer loop
      vertex 12.6263 0.626345 -4
      vertex 44 -6 -4
      vertex 12.8247 0.400151 -4
    endloop
  endfacet
  facet normal 0 0 -1
    outer loop
      vertex 12.4002 0.824712 -4
      vertex 44 -6 -4
      vertex 12.6263 0.626345 -4
    endloop
  endfacet
  facet normal 0 0 -1
    outer loop
      vertex 12.15 0.991858 -4
      vertex 44 -6 -4
      vertex 12.4002 0.824712 -4
    endloop
  endfacet
  facet normal 0 0 -1
    outer loop
      vertex 11.8802 1.12492 -4
      vertex 68.1198 1.12492 -4
      vertex 12.15 0.991858 -4
    endloop
  endfacet
  facet normal 0 0 -1
    outer loop
      vertex 68.1198 1.12492 -4
      vertex 11.8802 1.12492 -4
      vertex 68.4047 1.22163 -4
    endloop
  endfacet
  facet normal 0 0 -1
    outer loop
      vertex 11.5953 1.22163 -4
      vertex 68.4047 1.22163 -4
      vertex 11.8802 1.12492 -4
    endloop
  endfacet
  facet normal 0 0 -1
    outer loop
      vertex 68.4047 1.22163 -4
      vertex 11.5953 1.22163 -4
      vertex 68.6998 1.28032 -4
    endloop
  endfacet
  facet normal 0 0 -1
    outer loop
      vertex 11.3002 1.28032 -4
      vertex 68.6998 1.28032 -4
      vertex 11.5953 1.22163 -4
    endloop
  endfacet
  facet normal 0 0 -1
    outer loop
      vertex 68.6998 1.28032 -4
      vertex 11.3002 1.28032 -4
      vertex 69 1.3 -4
    endloop
  endfacet
  facet normal 0 0 -1
    outer loop
      vertex 11 1.3 -4
      vertex 69 1.3 -4
      vertex 11.3002 1.28032 -4
    endloop
  endfacet
  facet normal 0 0 -1
    outer loop
      vertex -2.5 2.5 -4
      vertex 69 1.3 -4
      vertex 11 1.3 -4
    endloop
  endfacet
  facet normal 0 0 -1
    outer loop
      vertex 8.71968 -1.30021 -4
      vertex -2.5 2.5 -4
      vertex 8.7 -1 -4
    endloop
  endfacet
  facet normal 0 0 -1
    outer loop
      vertex 8.7 -1 -4
      vertex -2.5 2.5 -4
      vertex 8.71968 -0.699789 -4
    endloop
  endfacet
  facet normal 0 0 -1
    outer loop
      vertex 69 1.3 -4
      vertex -2.5 2.5 -4
      vertex 93 2.5 -4
    endloop
  endfacet
  facet normal 0 0 -1
    outer loop
      vertex 10.6998 1.28032 -4
      vertex -2.5 2.5 -4
      vertex 11 1.3 -4
    endloop
  endfacet
  facet normal 0 0 -1
    outer loop
      vertex 10.4047 1.22163 -4
      vertex -2.5 2.5 -4
      vertex 10.6998 1.28032 -4
    endloop
  endfacet
  facet normal 0 0 -1
    outer loop
      vertex 10.1198 1.12492 -4
      vertex -2.5 2.5 -4
      vertex 10.4047 1.22163 -4
    endloop
  endfacet
  facet normal 0 0 -1
    outer loop
      vertex 9.85 0.991858 -4
      vertex -2.5 2.5 -4
      vertex 10.1198 1.12492 -4
    endloop
  endfacet
  facet normal 0 0 -1
    outer loop
      vertex 9.59985 0.824712 -4
      vertex -2.5 2.5 -4
      vertex 9.85 0.991858 -4
    endloop
  endfacet
  facet normal 0 0 -1
    outer loop
      vertex 9.37365 0.626345 -4
      vertex -2.5 2.5 -4
      vertex 9.59985 0.824712 -4
    endloop
  endfacet
  facet normal 0 0 -1
    outer loop
      vertex 9.17529 0.400151 -4
      vertex -2.5 2.5 -4
      vertex 9.37365 0.626345 -4
    endloop
  endfacet
  facet normal 0 0 -1
    outer loop
      vertex 9.00814 0.15 -4
      vertex -2.5 2.5 -4
      vertex 9.17529 0.400151 -4
    endloop
  endfacet
  facet normal 0 0 -1
    outer loop
      vertex 8.87508 -0.119827 -4
      vertex -2.5 2.5 -4
      vertex 9.00814 0.15 -4
    endloop
  endfacet
  facet normal 0 0 -1
    outer loop
      vertex 8.77837 -0.404716 -4
      vertex -2.5 2.5 -4
      vertex 8.87508 -0.119827 -4
    endloop
  endfacet
  facet normal 0 0 -1
    outer loop
      vertex 8.71968 -0.699789 -4
      vertex -2.5 2.5 -4
      vertex 8.77837 -0.404716 -4
    endloop
  endfacet
  facet normal 0 0 1
    outer loop
      vertex 20.6601 -43.5628 0
      vertex 13.8752 -49.6215 0
      vertex 13.9 -50 0
    endloop
  endfacet
  facet normal 0 0 1
    outer loop
      vertex 16.15 -41.6947 0
      vertex 13.8012 -49.2494 0
      vertex 13.8752 -49.6215 0
    endloop
  endfacet
  facet normal 0 0 1
    outer loop
      vertex 16.15 -41.6947 0
      vertex 13.6792 -48.8902 0
      vertex 13.8012 -49.2494 0
    endloop
  endfacet
  facet normal 0 0 1
    outer loop
      vertex 16.15 -41.6947 0
      vertex 13.5115 -48.55 0
      vertex 13.6792 -48.8902 0
    endloop
  endfacet
  facet normal 0 0 1
    outer loop
      vertex 16.15 -41.6947 0
      vertex 13.3007 -48.2346 0
      vertex 13.5115 -48.55 0
    endloop
  endfacet
  facet normal 0 0 1
    outer loop
      vertex 16.15 -41.6947 0
      vertex 13.0506 -47.9494 0
      vertex 13.3007 -48.2346 0
    endloop
  endfacet
  facet normal 0 0 1
    outer loop
      vertex 16.15 -41.6947 0
      vertex 12.7654 -47.6993 0
      vertex 13.0506 -47.9494 0
    endloop
  endfacet
  facet normal 0 0 1
    outer loop
      vertex 16.15 -41.6947 0
      vertex 12.45 -47.4885 0
      vertex 12.7654 -47.6993 0
    endloop
  endfacet
  facet normal 0 0 1
    outer loop
      vertex 10.6215 -47.1248 0
      vertex 14.1162 -40.3357 0
      vertex 12.2771 -38.7229 0
    endloop
  endfacet
  facet normal 0 0 1
    outer loop
      vertex 16.15 -41.6947 0
      vertex 12.1098 -47.3207 0
      vertex 12.45 -47.4885 0
    endloop
  endfacet
  facet normal 0 0 1
    outer loop
      vertex 14.1162 -40.3357 0
      vertex 11.7506 -47.1988 0
      vertex 12.1098 -47.3207 0
    endloop
  endfacet
  facet normal 0 0 1
    outer loop
      vertex 14.1162 -40.3357 0
      vertex 11.3785 -47.1248 0
      vertex 11.7506 -47.1988 0
    endloop
  endfacet
  facet normal 0 0 1
    outer loop
      vertex 14.1162 -40.3357 0
      vertex 11 -47.1 0
      vertex 11.3785 -47.1248 0
    endloop
  endfacet
  facet normal 0 0 1
    outer loop
      vertex 9.55 -47.4885 0
      vertex 12.2771 -38.7229 0
      vertex 10.6643 -36.8838 0
    endloop
  endfacet
  facet normal 0 0 1
    outer loop
      vertex 14.1162 -40.3357 0
      vertex 10.6215 -47.1248 0
      vertex 11 -47.1 0
    endloop
  endfacet
  facet normal 0 0 1
    outer loop
      vertex 12.2771 -38.7229 0
      vertex 10.2494 -47.1988 0
      vertex 10.6215 -47.1248 0
    endloop
  endfacet
  facet normal 0 0 1
    outer loop
      vertex 12.2771 -38.7229 0
      vertex 9.89022 -47.3207 0
      vertex 10.2494 -47.1988 0
    endloop
  endfacet
  facet normal 0 0 1
    outer loop
      vertex 12.2771 -38.7229 0
      vertex 9.55 -47.4885 0
      vertex 9.89022 -47.3207 0
    endloop
  endfacet
  facet normal 0 0 1
    outer loop
      vertex 8.94939 -47.9494 0
      vertex 10.6643 -36.8838 0
      vertex 9.30532 -34.85 0
    endloop
  endfacet
  facet normal 0 0 1
    outer loop
      vertex 10.6643 -36.8838 0
      vertex 9.23459 -47.6993 0
      vertex 9.55 -47.4885 0
    endloop
  endfacet
  facet normal 0 0 1
    outer loop
      vertex 10.6643 -36.8838 0
      vertex 8.94939 -47.9494 0
      vertex 9.23459 -47.6993 0
    endloop
  endfacet
  facet normal 0 0 1
    outer loop
      vertex 0 -51 0
      vertex 8.94939 -47.9494 0
      vertex 9.30532 -34.85 0
    endloop
  endfacet
  facet normal 0 0 1
    outer loop
      vertex 8.94939 -47.9494 0
      vertex 0 -51 0
      vertex 8.69928 -48.2346 0
    endloop
  endfacet
  facet normal 0 0 1
    outer loop
      vertex 8.69928 -48.2346 0
      vertex 0 -51 0
      vertex 8.48853 -48.55 0
    endloop
  endfacet
  facet normal 0 0 1
    outer loop
      vertex 0 -51 0
      vertex 9.30532 -34.85 0
      vertex 8.22345 -32.6562 0
    endloop
  endfacet
  facet normal 0 0 1
    outer loop
      vertex 8.48853 -48.55 0
      vertex 0 -51 0
      vertex 8.32075 -48.8902 0
    endloop
  endfacet
  facet normal 0 0 1
    outer loop
      vertex 8.32075 -48.8902 0
      vertex 0 -51 0
      vertex 8.19881 -49.2494 0
    endloop
  endfacet
  facet normal 0 0 1
    outer loop
      vertex 8.19881 -49.2494 0
      vertex 0 -51 0
      vertex 8.12481 -49.6215 0
    endloop
  endfacet
  facet normal 0 0 1
    outer loop
      vertex 0 -51 0
      vertex 8.22345 -32.6562 0
      vertex 7.43719 -30.3399 0
    endloop
  endfacet
  facet normal 0 0 1
    outer loop
      vertex 20.6601 -7.43719 0
      vertex 13.6792 -2.10978 0
      vertex 18.3438 -8.22345 0
    endloop
  endfacet
  facet normal -0 0 1
    outer loop
      vertex 13.5115 -2.45 0
      vertex 18.3438 -8.22345 0
      vertex 13.6792 -2.10978 0
    endloop
  endfacet
  facet normal -0 0 1
    outer loop
      vertex 13.3007 -2.76541 0
      vertex 18.3438 -8.22345 0
      vertex 13.5115 -2.45 0
    endloop
  endfacet
  facet normal -0 0 1
    outer loop
      vertex 13.0506 -3.05061 0
      vertex 18.3438 -8.22345 0
      vertex 13.3007 -2.76541 0
    endloop
  endfacet
  facet normal 0 0 1
    outer loop
      vertex 18.3438 -8.22345 0
      vertex 13.0506 -3.05061 0
      vertex 16.15 -9.30532 0
    endloop
  endfacet
  facet normal -0 0 1
    outer loop
      vertex 12.7654 -3.30072 0
      vertex 16.15 -9.30532 0
      vertex 13.0506 -3.05061 0
    endloop
  endfacet
  facet normal -0 0 1
    outer loop
      vertex 12.45 -3.51147 0
      vertex 16.15 -9.30532 0
      vertex 12.7654 -3.30072 0
    endloop
  endfacet
  facet normal -0 0 1
    outer loop
      vertex 12.1098 -3.67925 0
      vertex 16.15 -9.30532 0
      vertex 12.45 -3.51147 0
    endloop
  endfacet
  facet normal 0 0 1
    outer loop
      vertex 16.15 -9.30532 0
      vertex 12.1098 -3.67925 0
      vertex 14.1162 -10.6643 0
    endloop
  endfacet
  facet normal -0 0 1
    outer loop
      vertex 11.7506 -3.80118 0
      vertex 14.1162 -10.6643 0
      vertex 12.1098 -3.67925 0
    endloop
  endfacet
  facet normal -0 0 1
    outer loop
      vertex 11.3785 -3.87519 0
      vertex 14.1162 -10.6643 0
      vertex 11.7506 -3.80118 0
    endloop
  endfacet
  facet normal -0 0 1
    outer loop
      vertex 11 -3.9 0
      vertex 14.1162 -10.6643 0
      vertex 11.3785 -3.87519 0
    endloop
  endfacet
  facet normal 0 0 1
    outer loop
      vertex 10.6215 -3.87519 0
      vertex 14.1162 -10.6643 0
      vertex 11 -3.9 0
    endloop
  endfacet
  facet normal 0 0 1
    outer loop
      vertex 14.1162 -10.6643 0
      vertex 10.6215 -3.87519 0
      vertex 12.2771 -12.2771 0
    endloop
  endfacet
  facet normal 0 0 1
    outer loop
      vertex 10.2494 -3.80118 0
      vertex 12.2771 -12.2771 0
      vertex 10.6215 -3.87519 0
    endloop
  endfacet
  facet normal 0 0 1
    outer loop
      vertex 9.89022 -3.67925 0
      vertex 12.2771 -12.2771 0
      vertex 10.2494 -3.80118 0
    endloop
  endfacet
  facet normal 0 0 1
    outer loop
      vertex 9.55 -3.51147 0
      vertex 12.2771 -12.2771 0
      vertex 9.89022 -3.67925 0
    endloop
  endfacet
  facet normal 0 0 1
    outer loop
      vertex 12.2771 -12.2771 0
      vertex 9.55 -3.51147 0
      vertex 10.6643 -14.1162 0
    endloop
  endfacet
  facet normal 0 0 1
    outer loop
      vertex 9.23459 -3.30072 0
      vertex 10.6643 -14.1162 0
      vertex 9.55 -3.51147 0
    endloop
  endfacet
  facet normal 0 0 1
    outer loop
      vertex 8.94939 -3.05061 0
      vertex 10.6643 -14.1162 0
      vertex 9.23459 -3.30072 0
    endloop
  endfacet
  facet normal 0 0 1
    outer loop
      vertex 10.6643 -14.1162 0
      vertex 8.94939 -3.05061 0
      vertex 9.30532 -16.15 0
    endloop
  endfacet
  facet normal 0 0 1
    outer loop
      vertex 8.69928 -2.76541 0
      vertex 9.30532 -16.15 0
      vertex 8.94939 -3.05061 0
    endloop
  endfacet
  facet normal 0 0 1
    outer loop
      vertex 0 2.5 0
      vertex 8.69928 -2.76541 0
      vertex 8.48853 -2.45 0
    endloop
  endfacet
  facet normal 0 0 1
    outer loop
      vertex 0 2.5 0
      vertex 8.48853 -2.45 0
      vertex 8.32075 -2.10978 0
    endloop
  endfacet
  facet normal 0 0 1
    outer loop
      vertex 8.69928 -2.76541 0
      vertex 0 2.5 0
      vertex 9.30532 -16.15 0
    endloop
  endfacet
  facet normal 0 0 1
    outer loop
      vertex 0 2.5 0
      vertex 8.32075 -2.10978 0
      vertex 8.19881 -1.75058 0
    endloop
  endfacet
  facet normal 0 0 1
    outer loop
      vertex 0 2.5 0
      vertex 8.19881 -1.75058 0
      vertex 8.12481 -1.37853 0
    endloop
  endfacet
  facet normal 0 0 1
    outer loop
      vertex 0 2.5 0
      vertex 8.12481 -1.37853 0
      vertex 8.1 -1 0
    endloop
  endfacet
  facet normal 0 0 1
    outer loop
      vertex 9.30532 -16.15 0
      vertex 0 2.5 0
      vertex 8.22345 -18.3438 0
    endloop
  endfacet
  facet normal 0 0 1
    outer loop
      vertex 0 -51 0
      vertex 7.43719 -30.3399 0
      vertex 6.95998 -27.9408 0
    endloop
  endfacet
  facet normal 0 0 1
    outer loop
      vertex 0 -51 0
      vertex 6.95998 -27.9408 0
      vertex 6.8 -25.5 0
    endloop
  endfacet
  facet normal 0 0 1
    outer loop
      vertex 0 -51 0
      vertex 6.8 -25.5 0
      vertex 0 2.5 0
    endloop
  endfacet
  facet normal 0 0 1
    outer loop
      vertex 8.12481 -49.6215 0
      vertex 0 -51 0
      vertex 8.1 -50 0
    endloop
  endfacet
  facet normal 0 0 1
    outer loop
      vertex 8.19881 -50.7506 0
      vertex 0 -51 0
      vertex 8.28348 -51 0
    endloop
  endfacet
  facet normal 0 0 1
    outer loop
      vertex 8.12481 -50.3785 0
      vertex 0 -51 0
      vertex 8.19881 -50.7506 0
    endloop
  endfacet
  facet normal 0 0 1
    outer loop
      vertex 8.1 -50 0
      vertex 0 -51 0
      vertex 8.12481 -50.3785 0
    endloop
  endfacet
  facet normal 0 0 1
    outer loop
      vertex 44 -28.142 0
      vertex 43.5628 -30.3399 0
      vertex 44 -45 0
    endloop
  endfacet
  facet normal -0 0 1
    outer loop
      vertex 44 -45 0
      vertex 51 -51 0
      vertex 62 -45 0
    endloop
  endfacet
  facet normal -0 0 1
    outer loop
      vertex 42.7765 -32.6562 0
      vertex 44 -45 0
      vertex 43.5628 -30.3399 0
    endloop
  endfacet
  facet normal -0 0 1
    outer loop
      vertex 41.6947 -34.85 0
      vertex 44 -45 0
      vertex 42.7765 -32.6562 0
    endloop
  endfacet
  facet normal -0 0 1
    outer loop
      vertex 40.3357 -36.8838 0
      vertex 44 -45 0
      vertex 41.6947 -34.85 0
    endloop
  endfacet
  facet normal -0 0 1
    outer loop
      vertex 38.7229 -38.7229 0
      vertex 44 -45 0
      vertex 40.3357 -36.8838 0
    endloop
  endfacet
  facet normal -0 0 1
    outer loop
      vertex 36.8838 -40.3357 0
      vertex 44 -45 0
      vertex 38.7229 -38.7229 0
    endloop
  endfacet
  facet normal -0 0 1
    outer loop
      vertex 34.85 -41.6947 0
      vertex 44 -45 0
      vertex 36.8838 -40.3357 0
    endloop
  endfacet
  facet normal -0 0 1
    outer loop
      vertex 32.6562 -42.7765 0
      vertex 44 -45 0
      vertex 34.85 -41.6947 0
    endloop
  endfacet
  facet normal -0 0 1
    outer loop
      vertex 30.3399 -43.5628 0
      vertex 44 -45 0
      vertex 32.6562 -42.7765 0
    endloop
  endfacet
  facet normal 0 0 1
    outer loop
      vertex 44 -45 0
      vertex 30.3399 -43.5628 0
      vertex 51 -51 0
    endloop
  endfacet
  facet normal -0 0 1
    outer loop
      vertex 27.9408 -44.04 0
      vertex 51 -51 0
      vertex 30.3399 -43.5628 0
    endloop
  endfacet
  facet normal 0 0 1
    outer loop
      vertex 13.7165 -51 0
      vertex 27.9408 -44.04 0
      vertex 25.5 -44.2 0
    endloop
  endfacet
  facet normal 0 0 1
    outer loop
      vertex 13.7165 -51 0
      vertex 25.5 -44.2 0
      vertex 23.0592 -44.04 0
    endloop
  endfacet
  facet normal 0 0 1
    outer loop
      vertex 13.9 -50 0
      vertex 23.0592 -44.04 0
      vertex 20.6601 -43.5628 0
    endloop
  endfacet
  facet normal 0 0 1
    outer loop
      vertex 12.1098 -47.3207 0
      vertex 16.15 -41.6947 0
      vertex 14.1162 -40.3357 0
    endloop
  endfacet
  facet normal 0 0 1
    outer loop
      vertex 13.8752 -49.6215 0
      vertex 18.3438 -42.7765 0
      vertex 16.15 -41.6947 0
    endloop
  endfacet
  facet normal 0 0 1
    outer loop
      vertex 13.8752 -49.6215 0
      vertex 20.6601 -43.5628 0
      vertex 18.3438 -42.7765 0
    endloop
  endfacet
  facet normal 0 0 1
    outer loop
      vertex 23.0592 -44.04 0
      vertex 13.9 -50 0
      vertex 13.8752 -50.3785 0
    endloop
  endfacet
  facet normal 0 0 1
    outer loop
      vertex 23.0592 -44.04 0
      vertex 13.8752 -50.3785 0
      vertex 13.8012 -50.7506 0
    endloop
  endfacet
  facet normal 0 0 1
    outer loop
      vertex 23.0592 -44.04 0
      vertex 13.8012 -50.7506 0
      vertex 13.7165 -51 0
    endloop
  endfacet
  facet normal 0 0 1
    outer loop
      vertex 27.9408 -44.04 0
      vertex 13.7165 -51 0
      vertex 51 -51 0
    endloop
  endfacet
  facet normal 0 0 1
    outer loop
      vertex 71.6793 -2.10978 0
      vertex 93 2.5 0
      vertex 71.8012 -1.75058 0
    endloop
  endfacet
  facet normal 0 0 1
    outer loop
      vertex 93 -53.5 0
      vertex 71.8752 -49.6215 0
      vertex 71.9 -50 0
    endloop
  endfacet
  facet normal 0 0 1
    outer loop
      vertex 71.5115 -2.45 0
      vertex 93 2.5 0
      vertex 71.6793 -2.10978 0
    endloop
  endfacet
  facet normal 0 0 1
    outer loop
      vertex 93 -53.5 0
      vertex 71.8012 -49.2494 0
      vertex 71.8752 -49.6215 0
    endloop
  endfacet
  facet normal 0 0 1
    outer loop
      vertex 71.3007 -2.76541 0
      vertex 93 2.5 0
      vertex 71.5115 -2.45 0
    endloop
  endfacet
  facet normal 0 0 1
    outer loop
      vertex 93 -53.5 0
      vertex 71.6793 -48.8902 0
      vertex 71.8012 -49.2494 0
    endloop
  endfacet
  facet normal 0 0 1
    outer loop
      vertex 71.0506 -3.05061 0
      vertex 93 2.5 0
      vertex 71.3007 -2.76541 0
    endloop
  endfacet
  facet normal 0 0 1
    outer loop
      vertex 93 -53.5 0
      vertex 71.5115 -48.55 0
      vertex 71.6793 -48.8902 0
    endloop
  endfacet
  facet normal 0 0 1
    outer loop
      vertex 70.7654 -3.30072 0
      vertex 93 2.5 0
      vertex 71.0506 -3.05061 0
    endloop
  endfacet
  facet normal 0 0 1
    outer loop
      vertex 93 -53.5 0
      vertex 71.3007 -48.2346 0
      vertex 71.5115 -48.55 0
    endloop
  endfacet
  facet normal 0 0 1
    outer loop
      vertex 93 2.5 0
      vertex 70.7654 -3.30072 0
      vertex 93 -53.5 0
    endloop
  endfacet
  facet normal 0 0 1
    outer loop
      vertex 93 -53.5 0
      vertex 71.0506 -47.9494 0
      vertex 71.3007 -48.2346 0
    endloop
  endfacet
  facet normal -0 0 1
    outer loop
      vertex 70.7654 -47.6993 0
      vertex 93 -53.5 0
      vertex 70.7654 -3.30072 0
    endloop
  endfacet
  facet normal 0 0 1
    outer loop
      vertex 93 -53.5 0
      vertex 70.7654 -47.6993 0
      vertex 71.0506 -47.9494 0
    endloop
  endfacet
  facet normal -0 0 1
    outer loop
      vertex 70.45 -3.51147 0
      vertex 70.7654 -47.6993 0
      vertex 70.7654 -3.30072 0
    endloop
  endfacet
  facet normal 0 0 1
    outer loop
      vertex 70.45 -3.51147 0
      vertex 70.45 -47.4885 0
      vertex 70.7654 -47.6993 0
    endloop
  endfacet
  facet normal -0 0 1
    outer loop
      vertex 70.1098 -3.67925 0
      vertex 70.45 -47.4885 0
      vertex 70.45 -3.51147 0
    endloop
  endfacet
  facet normal 0 0 1
    outer loop
      vertex 70.1098 -3.67925 0
      vertex 70.1098 -47.3207 0
      vertex 70.45 -47.4885 0
    endloop
  endfacet
  facet normal -0 0 1
    outer loop
      vertex 69.7506 -3.80118 0
      vertex 70.1098 -47.3207 0
      vertex 70.1098 -3.67925 0
    endloop
  endfacet
  facet normal 0 0 1
    outer loop
      vertex 69.7506 -3.80118 0
      vertex 69.7506 -47.1988 0
      vertex 70.1098 -47.3207 0
    endloop
  endfacet
  facet normal -0 0 1
    outer loop
      vertex 69.3785 -3.87519 0
      vertex 69.7506 -47.1988 0
      vertex 69.7506 -3.80118 0
    endloop
  endfacet
  facet normal 0 0 1
    outer loop
      vertex 69.3785 -3.87519 0
      vertex 69.3785 -47.1248 0
      vertex 69.7506 -47.1988 0
    endloop
  endfacet
  facet normal 0 0 1
    outer loop
      vertex 62 -6 0
      vertex 69.3785 -3.87519 0
      vertex 69 -3.9 0
    endloop
  endfacet
  facet normal 0 0 1
    outer loop
      vertex 69.3785 -3.87519 0
      vertex 62 -6 0
      vertex 69.3785 -47.1248 0
    endloop
  endfacet
  facet normal 0 0 1
    outer loop
      vertex 62 -6 0
      vertex 69 -3.9 0
      vertex 68.6215 -3.87519 0
    endloop
  endfacet
  facet normal -0 0 1
    outer loop
      vertex 62 -45 0
      vertex 69.3785 -47.1248 0
      vertex 62 -6 0
    endloop
  endfacet
  facet normal 0 0 1
    outer loop
      vertex 62 -6 0
      vertex 68.6215 -3.87519 0
      vertex 68.2494 -3.80118 0
    endloop
  endfacet
  facet normal 0 0 1
    outer loop
      vertex 69.3785 -47.1248 0
      vertex 62 -45 0
      vertex 69 -47.1 0
    endloop
  endfacet
  facet normal 0 0 1
    outer loop
      vertex 62 -6 0
      vertex 68.2494 -3.80118 0
      vertex 67.8902 -3.67925 0
    endloop
  endfacet
  facet normal 0 0 1
    outer loop
      vertex 69 -47.1 0
      vertex 62 -45 0
      vertex 68.6215 -47.1248 0
    endloop
  endfacet
  facet normal 0 0 1
    outer loop
      vertex 62 -6 0
      vertex 67.8902 -3.67925 0
      vertex 67.55 -3.51147 0
    endloop
  endfacet
  facet normal 0 0 1
    outer loop
      vertex 68.6215 -47.1248 0
      vertex 62 -45 0
      vertex 68.2494 -47.1988 0
    endloop
  endfacet
  facet normal 0 0 1
    outer loop
      vertex 62 -6 0
      vertex 67.55 -3.51147 0
      vertex 67.2346 -3.30072 0
    endloop
  endfacet
  facet normal 0 0 1
    outer loop
      vertex 68.2494 -47.1988 0
      vertex 62 -45 0
      vertex 67.8902 -47.3207 0
    endloop
  endfacet
  facet normal 0 0 1
    outer loop
      vertex 62 -6 0
      vertex 67.2346 -3.30072 0
      vertex 66.9494 -3.05061 0
    endloop
  endfacet
  facet normal 0 0 1
    outer loop
      vertex 67.8902 -47.3207 0
      vertex 62 -45 0
      vertex 67.55 -47.4885 0
    endloop
  endfacet
  facet normal 0 0 1
    outer loop
      vertex 62 -6 0
      vertex 66.9494 -3.05061 0
      vertex 66.6993 -2.76541 0
    endloop
  endfacet
  facet normal 0 0 1
    outer loop
      vertex 67.55 -47.4885 0
      vertex 62 -45 0
      vertex 67.2346 -47.6993 0
    endloop
  endfacet
  facet normal 0 0 1
    outer loop
      vertex 62 -6 0
      vertex 66.6993 -2.76541 0
      vertex 66.4885 -2.45 0
    endloop
  endfacet
  facet normal 0 0 1
    outer loop
      vertex 67.2346 -47.6993 0
      vertex 62 -45 0
      vertex 66.9494 -47.9494 0
    endloop
  endfacet
  facet normal 0 0 1
    outer loop
      vertex 62 -6 0
      vertex 66.4885 -2.45 0
      vertex 66.3207 -2.10978 0
    endloop
  endfacet
  facet normal 0 0 1
    outer loop
      vertex 66.9494 -47.9494 0
      vertex 62 -45 0
      vertex 66.6993 -48.2346 0
    endloop
  endfacet
  facet normal 0 0 1
    outer loop
      vertex 62 -6 0
      vertex 66.3207 -2.10978 0
      vertex 66.1988 -1.75058 0
    endloop
  endfacet
  facet normal 0 0 1
    outer loop
      vertex 66.6993 -48.2346 0
      vertex 62 -45 0
      vertex 66.4885 -48.55 0
    endloop
  endfacet
  facet normal 0 0 1
    outer loop
      vertex 62 -6 0
      vertex 66.1988 -1.75058 0
      vertex 66.1248 -1.37853 0
    endloop
  endfacet
  facet normal 0 0 1
    outer loop
      vertex 66.4885 -48.55 0
      vertex 62 -45 0
      vertex 66.3207 -48.8902 0
    endloop
  endfacet
  facet normal 0 0 1
    outer loop
      vertex 62 -6 0
      vertex 66.1248 -1.37853 0
      vertex 66.1 -1 0
    endloop
  endfacet
  facet normal 0 0 1
    outer loop
      vertex 66.3207 -48.8902 0
      vertex 62 -45 0
      vertex 66.1988 -49.2494 0
    endloop
  endfacet
  facet normal 0 0 1
    outer loop
      vertex 71.8752 -1.37853 0
      vertex 93 2.5 0
      vertex 71.9 -1 0
    endloop
  endfacet
  facet normal 0 0 1
    outer loop
      vertex 93 2.5 0
      vertex 71.8752 -0.621473 0
      vertex 71.9 -1 0
    endloop
  endfacet
  facet normal 0 0 1
    outer loop
      vertex 93 2.5 0
      vertex 71.8012 -0.249424 0
      vertex 71.8752 -0.621473 0
    endloop
  endfacet
  facet normal 0 0 1
    outer loop
      vertex 93 2.5 0
      vertex 71.6793 0.109781 0
      vertex 71.8012 -0.249424 0
    endloop
  endfacet
  facet normal 0 0 1
    outer loop
      vertex 93 2.5 0
      vertex 71.5115 0.45 0
      vertex 71.6793 0.109781 0
    endloop
  endfacet
  facet normal 0 0 1
    outer loop
      vertex 93 2.5 0
      vertex 71.3007 0.765408 0
      vertex 71.5115 0.45 0
    endloop
  endfacet
  facet normal 0 0 1
    outer loop
      vertex 93 2.5 0
      vertex 71.0506 1.05061 0
      vertex 71.3007 0.765408 0
    endloop
  endfacet
  facet normal 0 0 1
    outer loop
      vertex 93 2.5 0
      vertex 70.7654 1.30072 0
      vertex 71.0506 1.05061 0
    endloop
  endfacet
  facet normal 0 0 1
    outer loop
      vertex 93 2.5 0
      vertex 70.45 1.51147 0
      vertex 70.7654 1.30072 0
    endloop
  endfacet
  facet normal 0 0 1
    outer loop
      vertex 93 2.5 0
      vertex 70.1098 1.67925 0
      vertex 70.45 1.51147 0
    endloop
  endfacet
  facet normal 0 0 1
    outer loop
      vertex 93 2.5 0
      vertex 69.7506 1.80118 0
      vertex 70.1098 1.67925 0
    endloop
  endfacet
  facet normal 0 0 1
    outer loop
      vertex 93 2.5 0
      vertex 69.3785 1.87519 0
      vertex 69.7506 1.80118 0
    endloop
  endfacet
  facet normal 0 0 1
    outer loop
      vertex 93 2.5 0
      vertex 69 1.9 0
      vertex 69.3785 1.87519 0
    endloop
  endfacet
  facet normal 0 0 1
    outer loop
      vertex 66.1988 -49.2494 0
      vertex 62 -45 0
      vertex 66.1248 -49.6215 0
    endloop
  endfacet
  facet normal 0 0 1
    outer loop
      vertex 66.1248 -0.621473 0
      vertex 62 -6 0
      vertex 66.1 -1 0
    endloop
  endfacet
  facet normal 0 0 1
    outer loop
      vertex 66.1988 -0.249424 0
      vertex 62 -6 0
      vertex 66.1248 -0.621473 0
    endloop
  endfacet
  facet normal 0 0 1
    outer loop
      vertex 66.3207 0.109781 0
      vertex 62 -6 0
      vertex 66.1988 -0.249424 0
    endloop
  endfacet
  facet normal 0 0 1
    outer loop
      vertex 44 -6 0
      vertex 66.3207 0.109781 0
      vertex 66.4885 0.45 0
    endloop
  endfacet
  facet normal 0 0 1
    outer loop
      vertex 44 -6 0
      vertex 66.4885 0.45 0
      vertex 66.6993 0.765408 0
    endloop
  endfacet
  facet normal 0 0 1
    outer loop
      vertex 66.3207 0.109781 0
      vertex 44 -6 0
      vertex 62 -6 0
    endloop
  endfacet
  facet normal 0 0 1
    outer loop
      vertex 66.9494 1.05061 0
      vertex 44 -6 0
      vertex 66.6993 0.765408 0
    endloop
  endfacet
  facet normal 0 0 1
    outer loop
      vertex 67.2346 1.30072 0
      vertex 44 -6 0
      vertex 66.9494 1.05061 0
    endloop
  endfacet
  facet normal 0 0 1
    outer loop
      vertex 67.55 1.51147 0
      vertex 44 -6 0
      vertex 67.2346 1.30072 0
    endloop
  endfacet
  facet normal 0 0 1
    outer loop
      vertex 12.45 1.51147 0
      vertex 67.55 1.51147 0
      vertex 67.8902 1.67925 0
    endloop
  endfacet
  facet normal 0 0 1
    outer loop
      vertex 12.1098 1.67925 0
      vertex 67.8902 1.67925 0
      vertex 68.2494 1.80118 0
    endloop
  endfacet
  facet normal 0 0 1
    outer loop
      vertex 44 -6 0
      vertex 43.5628 -20.6601 0
      vertex 44 -22.858 0
    endloop
  endfacet
  facet normal 0 0 1
    outer loop
      vertex 44 -6 0
      vertex 42.7765 -18.3438 0
      vertex 43.5628 -20.6601 0
    endloop
  endfacet
  facet normal 0 0 1
    outer loop
      vertex 44 -6 0
      vertex 41.6947 -16.15 0
      vertex 42.7765 -18.3438 0
    endloop
  endfacet
  facet normal 0 0 1
    outer loop
      vertex 44 -6 0
      vertex 40.3357 -14.1162 0
      vertex 41.6947 -16.15 0
    endloop
  endfacet
  facet normal 0 0 1
    outer loop
      vertex 44 -6 0
      vertex 38.7229 -12.2771 0
      vertex 40.3357 -14.1162 0
    endloop
  endfacet
  facet normal 0 0 1
    outer loop
      vertex 44 -6 0
      vertex 36.8838 -10.6643 0
      vertex 38.7229 -12.2771 0
    endloop
  endfacet
  facet normal 0 0 1
    outer loop
      vertex 44 -6 0
      vertex 34.85 -9.30532 0
      vertex 36.8838 -10.6643 0
    endloop
  endfacet
  facet normal 0 0 1
    outer loop
      vertex 44 -6 0
      vertex 32.6562 -8.22345 0
      vertex 34.85 -9.30532 0
    endloop
  endfacet
  facet normal 0 0 1
    outer loop
      vertex 67.55 1.51147 0
      vertex 12.45 1.51147 0
      vertex 44 -6 0
    endloop
  endfacet
  facet normal 0 0 1
    outer loop
      vertex 44 -6 0
      vertex 30.3399 -7.43719 0
      vertex 32.6562 -8.22345 0
    endloop
  endfacet
  facet normal -0 -0 1
    outer loop
      vertex 13.0506 1.05061 0
      vertex 44 -6 0
      vertex 12.7654 1.30072 0
    endloop
  endfacet
  facet normal 0 -0 1
    outer loop
      vertex 27.9408 -6.95998 0
      vertex 44 -6 0
      vertex 13.0506 1.05061 0
    endloop
  endfacet
  facet normal -0 -0 1
    outer loop
      vertex 13.3007 0.765408 0
      vertex 27.9408 -6.95998 0
      vertex 13.0506 1.05061 0
    endloop
  endfacet
  facet normal 0 0 1
    outer loop
      vertex 11.7506 1.80118 0
      vertex 68.2494 1.80118 0
      vertex 68.6215 1.87519 0
    endloop
  endfacet
  facet normal -0 0 1
    outer loop
      vertex 13.6792 -2.10978 0
      vertex 20.6601 -7.43719 0
      vertex 13.8012 -1.75058 0
    endloop
  endfacet
  facet normal -0 0 1
    outer loop
      vertex 13.8012 -1.75058 0
      vertex 20.6601 -7.43719 0
      vertex 13.8752 -1.37853 0
    endloop
  endfacet
  facet normal -0 0 1
    outer loop
      vertex 13.8752 -1.37853 0
      vertex 20.6601 -7.43719 0
      vertex 13.9 -1 0
    endloop
  endfacet
  facet normal 0 0 1
    outer loop
      vertex 23.0592 -6.95998 0
      vertex 13.9 -1 0
      vertex 20.6601 -7.43719 0
    endloop
  endfacet
  facet normal -0 -0 1
    outer loop
      vertex 13.5115 0.45 0
      vertex 25.5 -6.8 0
      vertex 13.3007 0.765408 0
    endloop
  endfacet
  facet normal 0 0 1
    outer loop
      vertex 11.3785 1.87519 0
      vertex 68.6215 1.87519 0
      vertex 69 1.9 0
    endloop
  endfacet
  facet normal 0 0 1
    outer loop
      vertex 23.0592 -6.95998 0
      vertex 13.8752 -0.621473 0
      vertex 13.9 -1 0
    endloop
  endfacet
  facet normal 0 0 1
    outer loop
      vertex 23.0592 -6.95998 0
      vertex 13.8012 -0.249424 0
      vertex 13.8752 -0.621473 0
    endloop
  endfacet
  facet normal 0 0 1
    outer loop
      vertex 23.0592 -6.95998 0
      vertex 13.6792 0.109781 0
      vertex 13.8012 -0.249424 0
    endloop
  endfacet
  facet normal 0 0 1
    outer loop
      vertex 25.5 -6.8 0
      vertex 13.6792 0.109781 0
      vertex 23.0592 -6.95998 0
    endloop
  endfacet
  facet normal -0 -0 1
    outer loop
      vertex 13.6792 0.109781 0
      vertex 25.5 -6.8 0
      vertex 13.5115 0.45 0
    endloop
  endfacet
  facet normal -0 0 1
    outer loop
      vertex 0 2.5 0
      vertex 69 1.9 0
      vertex 93 2.5 0
    endloop
  endfacet
  facet normal 0 0 1
    outer loop
      vertex 27.9408 -6.95998 0
      vertex 13.3007 0.765408 0
      vertex 25.5 -6.8 0
    endloop
  endfacet
  facet normal 0 0 1
    outer loop
      vertex 44 -6 0
      vertex 27.9408 -6.95998 0
      vertex 30.3399 -7.43719 0
    endloop
  endfacet
  facet normal 0 0 1
    outer loop
      vertex 44 -6 0
      vertex 12.45 1.51147 0
      vertex 12.7654 1.30072 0
    endloop
  endfacet
  facet normal 0 0 1
    outer loop
      vertex 67.8902 1.67925 0
      vertex 12.1098 1.67925 0
      vertex 12.45 1.51147 0
    endloop
  endfacet
  facet normal 0 0 1
    outer loop
      vertex 68.2494 1.80118 0
      vertex 11.7506 1.80118 0
      vertex 12.1098 1.67925 0
    endloop
  endfacet
  facet normal 0 0 1
    outer loop
      vertex 68.6215 1.87519 0
      vertex 11.3785 1.87519 0
      vertex 11.7506 1.80118 0
    endloop
  endfacet
  facet normal 0 0 1
    outer loop
      vertex 69 1.9 0
      vertex 11 1.9 0
      vertex 11.3785 1.87519 0
    endloop
  endfacet
  facet normal 0 0 1
    outer loop
      vertex 8.22345 -18.3438 0
      vertex 0 2.5 0
      vertex 7.43719 -20.6601 0
    endloop
  endfacet
  facet normal 0 0 1
    outer loop
      vertex 7.43719 -20.6601 0
      vertex 0 2.5 0
      vertex 6.95998 -23.0592 0
    endloop
  endfacet
  facet normal 0 0 1
    outer loop
      vertex 6.95998 -23.0592 0
      vertex 0 2.5 0
      vertex 6.8 -25.5 0
    endloop
  endfacet
  facet normal 0 0 1
    outer loop
      vertex 8.12481 -0.621473 0
      vertex 0 2.5 0
      vertex 8.1 -1 0
    endloop
  endfacet
  facet normal 0 0 1
    outer loop
      vertex 8.19881 -0.249424 0
      vertex 0 2.5 0
      vertex 8.12481 -0.621473 0
    endloop
  endfacet
  facet normal 0 0 1
    outer loop
      vertex 8.32075 0.109781 0
      vertex 0 2.5 0
      vertex 8.19881 -0.249424 0
    endloop
  endfacet
  facet normal 0 0 1
    outer loop
      vertex 8.48853 0.45 0
      vertex 0 2.5 0
      vertex 8.32075 0.109781 0
    endloop
  endfacet
  facet normal 0 0 1
    outer loop
      vertex 8.69928 0.765408 0
      vertex 0 2.5 0
      vertex 8.48853 0.45 0
    endloop
  endfacet
  facet normal 0 0 1
    outer loop
      vertex 8.94939 1.05061 0
      vertex 0 2.5 0
      vertex 8.69928 0.765408 0
    endloop
  endfacet
  facet normal 0 0 1
    outer loop
      vertex 9.23459 1.30072 0
      vertex 0 2.5 0
      vertex 8.94939 1.05061 0
    endloop
  endfacet
  facet normal 0 0 1
    outer loop
      vertex 9.55 1.51147 0
      vertex 0 2.5 0
      vertex 9.23459 1.30072 0
    endloop
  endfacet
  facet normal 0 0 1
    outer loop
      vertex 9.89022 1.67925 0
      vertex 0 2.5 0
      vertex 9.55 1.51147 0
    endloop
  endfacet
  facet normal 0 0 1
    outer loop
      vertex 10.2494 1.80118 0
      vertex 0 2.5 0
      vertex 9.89022 1.67925 0
    endloop
  endfacet
  facet normal 0 0 1
    outer loop
      vertex 10.6215 1.87519 0
      vertex 0 2.5 0
      vertex 10.2494 1.80118 0
    endloop
  endfacet
  facet normal 0 0 1
    outer loop
      vertex 11 1.9 0
      vertex 0 2.5 0
      vertex 10.6215 1.87519 0
    endloop
  endfacet
  facet normal 0 0 1
    outer loop
      vertex 69 1.9 0
      vertex 0 2.5 0
      vertex 11 1.9 0
    endloop
  endfacet
  facet normal 0 0 1
    outer loop
      vertex 71.8012 -1.75058 0
      vertex 93 2.5 0
      vertex 71.8752 -1.37853 0
    endloop
  endfacet
  facet normal -0 0 1
    outer loop
      vertex 71.8752 -50.3785 0
      vertex 93 -53.5 0
      vertex 71.9 -50 0
    endloop
  endfacet
  facet normal -0 0 1
    outer loop
      vertex 71.8012 -50.7506 0
      vertex 93 -53.5 0
      vertex 71.8752 -50.3785 0
    endloop
  endfacet
  facet normal -0 0 1
    outer loop
      vertex 71.6793 -51.1098 0
      vertex 93 -53.5 0
      vertex 71.8012 -50.7506 0
    endloop
  endfacet
  facet normal -0 0 1
    outer loop
      vertex 71.5115 -51.45 0
      vertex 93 -53.5 0
      vertex 71.6793 -51.1098 0
    endloop
  endfacet
  facet normal -0 0 1
    outer loop
      vertex 71.3007 -51.7654 0
      vertex 93 -53.5 0
      vertex 71.5115 -51.45 0
    endloop
  endfacet
  facet normal -0 0 1
    outer loop
      vertex 71.0506 -52.0506 0
      vertex 93 -53.5 0
      vertex 71.3007 -51.7654 0
    endloop
  endfacet
  facet normal -0 0 1
    outer loop
      vertex 70.7654 -52.3007 0
      vertex 93 -53.5 0
      vertex 71.0506 -52.0506 0
    endloop
  endfacet
  facet normal -0 0 1
    outer loop
      vertex 70.45 -52.5115 0
      vertex 93 -53.5 0
      vertex 70.7654 -52.3007 0
    endloop
  endfacet
  facet normal -0 0 1
    outer loop
      vertex 70.1098 -52.6792 0
      vertex 93 -53.5 0
      vertex 70.45 -52.5115 0
    endloop
  endfacet
  facet normal -0 0 1
    outer loop
      vertex 69.7506 -52.8012 0
      vertex 93 -53.5 0
      vertex 70.1098 -52.6792 0
    endloop
  endfacet
  facet normal -0 0 1
    outer loop
      vertex 69.3785 -52.8752 0
      vertex 93 -53.5 0
      vertex 69.7506 -52.8012 0
    endloop
  endfacet
  facet normal -0 0 1
    outer loop
      vertex 69 -52.9 0
      vertex 93 -53.5 0
      vertex 69.3785 -52.8752 0
    endloop
  endfacet
  facet normal 0 0 1
    outer loop
      vertex 66.1248 -49.6215 0
      vertex 62 -45 0
      vertex 66.1 -50 0
    endloop
  endfacet
  facet normal 0 0 1
    outer loop
      vertex 66.1 -50 0
      vertex 62 -45 0
      vertex 66.1248 -50.3785 0
    endloop
  endfacet
  facet normal 0 0 1
    outer loop
      vertex 51 -51 0
      vertex 66.1248 -50.3785 0
      vertex 62 -45 0
    endloop
  endfacet
  facet normal 0 0 1
    outer loop
      vertex 66.1248 -50.3785 0
      vertex 51 -51 0
      vertex 66.1988 -50.7506 0
    endloop
  endfacet
  facet normal 0 0 1
    outer loop
      vertex 51 -53.5 0
      vertex 66.1988 -50.7506 0
      vertex 51 -51 0
    endloop
  endfacet
  facet normal 0 0 1
    outer loop
      vertex 66.1988 -50.7506 0
      vertex 51 -53.5 0
      vertex 66.3207 -51.1098 0
    endloop
  endfacet
  facet normal 0 0 1
    outer loop
      vertex 66.3207 -51.1098 0
      vertex 51 -53.5 0
      vertex 66.4885 -51.45 0
    endloop
  endfacet
  facet normal 0 0 1
    outer loop
      vertex 66.4885 -51.45 0
      vertex 51 -53.5 0
      vertex 66.6993 -51.7654 0
    endloop
  endfacet
  facet normal 0 0 1
    outer loop
      vertex 66.6993 -51.7654 0
      vertex 51 -53.5 0
      vertex 66.9494 -52.0506 0
    endloop
  endfacet
  facet normal 0 0 1
    outer loop
      vertex 66.9494 -52.0506 0
      vertex 51 -53.5 0
      vertex 67.2346 -52.3007 0
    endloop
  endfacet
  facet normal 0 0 1
    outer loop
      vertex 67.2346 -52.3007 0
      vertex 51 -53.5 0
      vertex 67.55 -52.5115 0
    endloop
  endfacet
  facet normal 0 0 1
    outer loop
      vertex 67.55 -52.5115 0
      vertex 51 -53.5 0
      vertex 67.8902 -52.6792 0
    endloop
  endfacet
  facet normal 0 0 1
    outer loop
      vertex 67.8902 -52.6792 0
      vertex 51 -53.5 0
      vertex 68.2494 -52.8012 0
    endloop
  endfacet
  facet normal 0 0 1
    outer loop
      vertex 69 -52.9 0
      vertex 51 -53.5 0
      vertex 93 -53.5 0
    endloop
  endfacet
  facet normal 0 0 1
    outer loop
      vertex 68.6215 -52.8752 0
      vertex 51 -53.5 0
      vertex 69 -52.9 0
    endloop
  endfacet
  facet normal 0 0 1
    outer loop
      vertex 68.2494 -52.8012 0
      vertex 51 -53.5 0
      vertex 68.6215 -52.8752 0
    endloop
  endfacet
  facet normal -1 0 0
    outer loop
      vertex -2.5 -53.5 -4
      vertex -2.5 2.5 4
      vertex -2.5 2.5 -4
    endloop
  endfacet
  facet normal -1 -0 0
    outer loop
      vertex -2.5 2.5 4
      vertex -2.5 -53.5 -4
      vertex -2.5 -53.5 4
    endloop
  endfacet
  facet normal 0 -1 0
    outer loop
      vertex -2.5 -53.5 4
      vertex 51 -53.5 0
      vertex 51 -53.5 4
    endloop
  endfacet
  facet normal 0 -1 0
    outer loop
      vertex -2.5 -53.5 -4
      vertex 51 -53.5 0
      vertex -2.5 -53.5 4
    endloop
  endfacet
  facet normal 0 -1 0
    outer loop
      vertex 93 -53.5 -4
      vertex 51 -53.5 0
      vertex -2.5 -53.5 -4
    endloop
  endfacet
  facet normal 0 -1 0
    outer loop
      vertex 51 -53.5 0
      vertex 93 -53.5 -4
      vertex 93 -53.5 0
    endloop
  endfacet
  facet normal 0 1 0
    outer loop
      vertex 93 2.5 0
      vertex 93 2.5 -4
      vertex 0 2.5 0
    endloop
  endfacet
  facet normal 0 1 -0
    outer loop
      vertex 0 2.5 0
      vertex -2.5 2.5 4
      vertex 0 2.5 4
    endloop
  endfacet
  facet normal 0 1 0
    outer loop
      vertex 0 2.5 0
      vertex -2.5 2.5 -4
      vertex -2.5 2.5 4
    endloop
  endfacet
  facet normal 0 1 0
    outer loop
      vertex -2.5 2.5 -4
      vertex 0 2.5 0
      vertex 93 2.5 -4
    endloop
  endfacet
  facet normal 1 -0 0
    outer loop
      vertex 93 -53.5 0
      vertex 93 2.5 -4
      vertex 93 2.5 0
    endloop
  endfacet
  facet normal 1 0 0
    outer loop
      vertex 93 2.5 -4
      vertex 93 -53.5 0
      vertex 93 -53.5 -4
    endloop
  endfacet
  facet normal 1 -0 0
    outer loop
      vertex 0 -51 4
      vertex 0 2.5 0
      vertex 0 2.5 4
    endloop
  endfacet
  facet normal 1 0 0
    outer loop
      vertex 0 2.5 0
      vertex 0 -51 4
      vertex 0 -51 0
    endloop
  endfacet
  facet normal 0 0 1
    outer loop
      vertex 0 2.5 4
      vertex -2.5 2.5 4
      vertex 0 -51 4
    endloop
  endfacet
  facet normal -0 0 1
    outer loop
      vertex 0 -51 4
      vertex 51 -53.5 4
      vertex 51 -51 4
    endloop
  endfacet
  facet normal 0 0 1
    outer loop
      vertex 0 -51 4
      vertex -2.5 -53.5 4
      vertex 51 -53.5 4
    endloop
  endfacet
  facet normal 0 0 1
    outer loop
      vertex -2.5 -53.5 4
      vertex 0 -51 4
      vertex -2.5 2.5 4
    endloop
  endfacet
  facet normal 1 -0 0
    outer loop
      vertex 51 -53.5 4
      vertex 51 -51 0
      vertex 51 -51 4
    endloop
  endfacet
  facet normal 1 0 0
    outer loop
      vertex 51 -51 0
      vertex 51 -53.5 4
      vertex 51 -53.5 0
    endloop
  endfacet
  facet normal 0 1 0
    outer loop
      vertex 51 -51 4
      vertex 13.7165 -51 0.00999928
      vertex 0 -51 4
    endloop
  endfacet
  facet normal 0 1 -0
    outer loop
      vertex 51 -51 0
      vertex 13.7165 -51 0.00999928
      vertex 51 -51 4
    endloop
  endfacet
  facet normal 0 1 0
    outer loop
      vertex 13.7165 -51 0.00999928
      vertex 51 -51 0
      vertex 13.7165 -51 0
    endloop
  endfacet
  facet normal 0 1 -0
    outer loop
      vertex 8.28348 -51 0.00999928
      vertex 0 -51 4
      vertex 13.7165 -51 0.00999928
    endloop
  endfacet
  facet normal 0 1 0
    outer loop
      vertex 0 -51 0
      vertex 8.28348 -51 0.00999928
      vertex 8.28348 -51 0
    endloop
  endfacet
  facet normal 0 1 0
    outer loop
      vertex 8.28348 -51 0.00999928
      vertex 0 -51 0
      vertex 0 -51 4
    endloop
  endfacet
  facet normal 0.659335 -0.751849 0
    outer loop
      vertex 36.8838 -40.3357 0
      vertex 38.7229 -38.7229 3.8
      vertex 36.8838 -40.3357 3.8
    endloop
  endfacet
  facet normal 0.659335 -0.751849 0
    outer loop
      vertex 38.7229 -38.7229 3.8
      vertex 36.8838 -40.3357 0
      vertex 38.7229 -38.7229 0
    endloop
  endfacet
  facet normal 0.946927 0.321448 0
    outer loop
      vertex 43.5628 -20.6601 3.8
      vertex 42.7765 -18.3438 0
      vertex 42.7765 -18.3438 3.8
    endloop
  endfacet
  facet normal 0.946927 0.321448 0
    outer loop
      vertex 42.7765 -18.3438 0
      vertex 43.5628 -20.6601 3.8
      vertex 43.5628 -20.6601 0
    endloop
  endfacet
  facet normal 0.659335 0.751849 -0
    outer loop
      vertex 38.7229 -12.2771 0
      vertex 36.8838 -10.6643 3.8
      vertex 38.7229 -12.2771 3.8
    endloop
  endfacet
  facet normal 0.659335 0.751849 0
    outer loop
      vertex 36.8838 -10.6643 3.8
      vertex 38.7229 -12.2771 0
      vertex 36.8838 -10.6643 0
    endloop
  endfacet
  facet normal -0.997859 0.0654037 0
    outer loop
      vertex 6.8 -25.5 0
      vertex 6.95998 -23.0592 3.8
      vertex 6.95998 -23.0592 0
    endloop
  endfacet
  facet normal -0.997859 0.0654037 0
    outer loop
      vertex 6.95998 -23.0592 3.8
      vertex 6.8 -25.5 0
      vertex 6.8 -25.5 3.8
    endloop
  endfacet
  facet normal -0.321448 -0.946927 0
    outer loop
      vertex 18.3438 -42.7765 0
      vertex 20.6601 -43.5628 3.8
      vertex 18.3438 -42.7765 3.8
    endloop
  endfacet
  facet normal -0.321448 -0.946927 -0
    outer loop
      vertex 20.6601 -43.5628 3.8
      vertex 18.3438 -42.7765 0
      vertex 20.6601 -43.5628 0
    endloop
  endfacet
  facet normal -0.659335 0.751849 0
    outer loop
      vertex 14.1162 -10.6643 0
      vertex 12.2771 -12.2771 3.8
      vertex 14.1162 -10.6643 3.8
    endloop
  endfacet
  facet normal -0.659335 0.751849 0
    outer loop
      vertex 12.2771 -12.2771 3.8
      vertex 14.1162 -10.6643 0
      vertex 12.2771 -12.2771 0
    endloop
  endfacet
  facet normal 0.997858 -0.0654119 0
    outer loop
      vertex 44.04 -27.9408 3.8
      vertex 44.2 -25.5 0.00999928
      vertex 44.2 -25.5 3.8
    endloop
  endfacet
  facet normal 0.997858 -0.0654119 0
    outer loop
      vertex 44.2 -25.5 0.00999928
      vertex 44.04 -27.9408 3.8
      vertex 44.04 -27.9408 0.00999928
    endloop
  endfacet
  facet normal -0.751849 -0.659335 0
    outer loop
      vertex 12.2771 -38.7229 0
      vertex 10.6643 -36.8838 3.8
      vertex 10.6643 -36.8838 0
    endloop
  endfacet
  facet normal -0.751849 -0.659335 0
    outer loop
      vertex 10.6643 -36.8838 3.8
      vertex 12.2771 -38.7229 0
      vertex 12.2771 -38.7229 3.8
    endloop
  endfacet
  facet normal 0.831459 -0.555587 0
    outer loop
      vertex 40.3357 -36.8838 3.8
      vertex 41.6947 -34.85 0
      vertex 41.6947 -34.85 3.8
    endloop
  endfacet
  facet normal 0.831459 -0.555587 0
    outer loop
      vertex 41.6947 -34.85 0
      vertex 40.3357 -36.8838 3.8
      vertex 40.3357 -36.8838 0
    endloop
  endfacet
  facet normal -0.195086 -0.980786 0
    outer loop
      vertex 20.6601 -43.5628 0
      vertex 23.0592 -44.04 3.8
      vertex 20.6601 -43.5628 3.8
    endloop
  endfacet
  facet normal -0.195086 -0.980786 -0
    outer loop
      vertex 23.0592 -44.04 3.8
      vertex 20.6601 -43.5628 0
      vertex 23.0592 -44.04 0
    endloop
  endfacet
  facet normal 0.980805 -0.194991 0
    outer loop
      vertex 44.04 -27.9408 3.8
      vertex 44 -28.142 0.00999928
      vertex 44.04 -27.9408 0.00999928
    endloop
  endfacet
  facet normal 0.980786 -0.195086 5.24663e-06
    outer loop
      vertex 43.5628 -30.3399 3.8
      vertex 44 -28.142 0.00999928
      vertex 44.04 -27.9408 3.8
    endloop
  endfacet
  facet normal 0.980784 -0.195095 0
    outer loop
      vertex 43.5628 -30.3399 0
      vertex 44 -28.142 0.00999928
      vertex 43.5628 -30.3399 3.8
    endloop
  endfacet
  facet normal 0.980784 -0.195095 0
    outer loop
      vertex 44 -28.142 0.00999928
      vertex 43.5628 -30.3399 0
      vertex 44 -28.142 0
    endloop
  endfacet
  facet normal -0.980785 0.19509 0
    outer loop
      vertex 6.95998 -23.0592 0
      vertex 7.43719 -20.6601 3.8
      vertex 7.43719 -20.6601 0
    endloop
  endfacet
  facet normal -0.980785 0.19509 0
    outer loop
      vertex 7.43719 -20.6601 3.8
      vertex 6.95998 -23.0592 0
      vertex 6.95998 -23.0592 3.8
    endloop
  endfacet
  facet normal -0.442268 -0.896883 0
    outer loop
      vertex 16.15 -41.6947 0
      vertex 18.3438 -42.7765 3.8
      vertex 16.15 -41.6947 3.8
    endloop
  endfacet
  facet normal -0.442268 -0.896883 -0
    outer loop
      vertex 18.3438 -42.7765 3.8
      vertex 16.15 -41.6947 0
      vertex 18.3438 -42.7765 0
    endloop
  endfacet
  facet normal 0.555587 -0.831459 0
    outer loop
      vertex 34.85 -41.6947 0
      vertex 36.8838 -40.3357 3.8
      vertex 34.85 -41.6947 3.8
    endloop
  endfacet
  facet normal 0.555587 -0.831459 0
    outer loop
      vertex 36.8838 -40.3357 3.8
      vertex 34.85 -41.6947 0
      vertex 36.8838 -40.3357 0
    endloop
  endfacet
  facet normal 0.751849 -0.659335 0
    outer loop
      vertex 38.7229 -38.7229 3.8
      vertex 40.3357 -36.8838 0
      vertex 40.3357 -36.8838 3.8
    endloop
  endfacet
  facet normal 0.751849 -0.659335 0
    outer loop
      vertex 40.3357 -36.8838 0
      vertex 38.7229 -38.7229 3.8
      vertex 38.7229 -38.7229 0
    endloop
  endfacet
  facet normal 0.896883 0.442268 0
    outer loop
      vertex 42.7765 -18.3438 3.8
      vertex 41.6947 -16.15 0
      vertex 41.6947 -16.15 3.8
    endloop
  endfacet
  facet normal 0.896883 0.442268 0
    outer loop
      vertex 41.6947 -16.15 0
      vertex 42.7765 -18.3438 3.8
      vertex 42.7765 -18.3438 0
    endloop
  endfacet
  facet normal 0.946927 -0.321448 0
    outer loop
      vertex 42.7765 -32.6562 3.8
      vertex 43.5628 -30.3399 0
      vertex 43.5628 -30.3399 3.8
    endloop
  endfacet
  facet normal 0.946927 -0.321448 0
    outer loop
      vertex 43.5628 -30.3399 0
      vertex 42.7765 -32.6562 3.8
      vertex 42.7765 -32.6562 0
    endloop
  endfacet
  facet normal 0.831459 0.555587 0
    outer loop
      vertex 41.6947 -16.15 3.8
      vertex 40.3357 -14.1162 0
      vertex 40.3357 -14.1162 3.8
    endloop
  endfacet
  facet normal 0.831459 0.555587 0
    outer loop
      vertex 40.3357 -14.1162 0
      vertex 41.6947 -16.15 3.8
      vertex 41.6947 -16.15 0
    endloop
  endfacet
  facet normal 0.997858 0.0654119 0
    outer loop
      vertex 44.2 -25.5 3.8
      vertex 44.04 -23.0592 0.00999928
      vertex 44.04 -23.0592 3.8
    endloop
  endfacet
  facet normal 0.997858 0.0654119 0
    outer loop
      vertex 44.04 -23.0592 0.00999928
      vertex 44.2 -25.5 3.8
      vertex 44.2 -25.5 0.00999928
    endloop
  endfacet
  facet normal 0.442291 0.896872 -0
    outer loop
      vertex 34.85 -9.30532 0
      vertex 32.6562 -8.22345 3.8
      vertex 34.85 -9.30532 3.8
    endloop
  endfacet
  facet normal 0.442291 0.896872 0
    outer loop
      vertex 32.6562 -8.22345 3.8
      vertex 34.85 -9.30532 0
      vertex 32.6562 -8.22345 0
    endloop
  endfacet
  facet normal -0.997859 -0.0654037 0
    outer loop
      vertex 6.95998 -27.9408 0
      vertex 6.8 -25.5 3.8
      vertex 6.8 -25.5 0
    endloop
  endfacet
  facet normal -0.997859 -0.0654037 0
    outer loop
      vertex 6.8 -25.5 3.8
      vertex 6.95998 -27.9408 0
      vertex 6.95998 -27.9408 3.8
    endloop
  endfacet
  facet normal -0.0654119 -0.997858 0
    outer loop
      vertex 23.0592 -44.04 0
      vertex 25.5 -44.2 3.8
      vertex 23.0592 -44.04 3.8
    endloop
  endfacet
  facet normal -0.0654119 -0.997858 -0
    outer loop
      vertex 25.5 -44.2 3.8
      vertex 23.0592 -44.04 0
      vertex 25.5 -44.2 0
    endloop
  endfacet
  facet normal 0 0 1
    outer loop
      vertex 42.7765 -18.3438 3.8
      vertex 27.5785 -17.2907 3.8
      vertex 43.5628 -20.6601 3.8
    endloop
  endfacet
  facet normal 0 0 1
    outer loop
      vertex 44.2 -25.5 3.8
      vertex 27.8795 -34.5961 3.8
      vertex 27.9 -34.9093 3.8
    endloop
  endfacet
  facet normal -0 0 1
    outer loop
      vertex 27.404 -17.5517 3.8
      vertex 43.5628 -20.6601 3.8
      vertex 27.5785 -17.2907 3.8
    endloop
  endfacet
  facet normal 0 0 1
    outer loop
      vertex 44.2 -25.5 3.8
      vertex 27.8182 -34.2882 3.8
      vertex 27.8795 -34.5961 3.8
    endloop
  endfacet
  facet normal 0 0 1
    outer loop
      vertex 43.5628 -20.6601 3.8
      vertex 27.404 -17.5517 3.8
      vertex 44.04 -23.0592 3.8
    endloop
  endfacet
  facet normal 0 0 1
    outer loop
      vertex 44.2 -25.5 3.8
      vertex 27.7173 -33.9909 3.8
      vertex 27.8182 -34.2882 3.8
    endloop
  endfacet
  facet normal -0 0 1
    outer loop
      vertex 27.1971 -17.7877 3.8
      vertex 44.04 -23.0592 3.8
      vertex 27.404 -17.5517 3.8
    endloop
  endfacet
  facet normal 0 0 1
    outer loop
      vertex 44.2 -25.5 3.8
      vertex 27.5785 -33.7093 3.8
      vertex 27.7173 -33.9909 3.8
    endloop
  endfacet
  facet normal 0 0 1
    outer loop
      vertex 44.04 -23.0592 3.8
      vertex 27.1971 -17.7877 3.8
      vertex 44.2 -25.5 3.8
    endloop
  endfacet
  facet normal 0 0 1
    outer loop
      vertex 44.2 -25.5 3.8
      vertex 27.404 -33.4483 3.8
      vertex 27.5785 -33.7093 3.8
    endloop
  endfacet
  facet normal 0 0 1
    outer loop
      vertex 27.1971 -33.2123 3.8
      vertex 44.2 -25.5 3.8
      vertex 27.1971 -17.7877 3.8
    endloop
  endfacet
  facet normal 0 0 1
    outer loop
      vertex 44.2 -25.5 3.8
      vertex 27.1971 -33.2123 3.8
      vertex 27.404 -33.4483 3.8
    endloop
  endfacet
  facet normal -0 0 1
    outer loop
      vertex 26.961 -17.9947 3.8
      vertex 27.1971 -33.2123 3.8
      vertex 27.1971 -17.7877 3.8
    endloop
  endfacet
  facet normal 0 0 1
    outer loop
      vertex 26.961 -17.9947 3.8
      vertex 26.961 -33.0053 3.8
      vertex 27.1971 -33.2123 3.8
    endloop
  endfacet
  facet normal -0 0 1
    outer loop
      vertex 26.7 -18.1691 3.8
      vertex 26.961 -33.0053 3.8
      vertex 26.961 -17.9947 3.8
    endloop
  endfacet
  facet normal 0 0 1
    outer loop
      vertex 26.7 -18.1691 3.8
      vertex 26.7 -32.8309 3.8
      vertex 26.961 -33.0053 3.8
    endloop
  endfacet
  facet normal -0 0 1
    outer loop
      vertex 26.4184 -18.308 3.8
      vertex 26.7 -32.8309 3.8
      vertex 26.7 -18.1691 3.8
    endloop
  endfacet
  facet normal 0 0 1
    outer loop
      vertex 26.4184 -18.308 3.8
      vertex 26.4184 -32.692 3.8
      vertex 26.7 -32.8309 3.8
    endloop
  endfacet
  facet normal -0 0 1
    outer loop
      vertex 26.1212 -18.4089 3.8
      vertex 26.4184 -32.692 3.8
      vertex 26.4184 -18.308 3.8
    endloop
  endfacet
  facet normal 0 0 1
    outer loop
      vertex 26.1212 -18.4089 3.8
      vertex 26.1212 -32.5911 3.8
      vertex 26.4184 -32.692 3.8
    endloop
  endfacet
  facet normal -0 0 1
    outer loop
      vertex 25.8133 -18.4701 3.8
      vertex 26.1212 -32.5911 3.8
      vertex 26.1212 -18.4089 3.8
    endloop
  endfacet
  facet normal 0 0 1
    outer loop
      vertex 25.8133 -18.4701 3.8
      vertex 25.8133 -32.5299 3.8
      vertex 26.1212 -32.5911 3.8
    endloop
  endfacet
  facet normal -0 0 1
    outer loop
      vertex 25.5 -18.4907 3.8
      vertex 25.8133 -32.5299 3.8
      vertex 25.8133 -18.4701 3.8
    endloop
  endfacet
  facet normal 0 0 1
    outer loop
      vertex 25.5 -18.4907 3.8
      vertex 25.5 -32.5093 3.8
      vertex 25.8133 -32.5299 3.8
    endloop
  endfacet
  facet normal 0 0 1
    outer loop
      vertex 25.1867 -18.4701 3.8
      vertex 25.5 -32.5093 3.8
      vertex 25.5 -18.4907 3.8
    endloop
  endfacet
  facet normal 0 0 1
    outer loop
      vertex 25.1867 -18.4701 3.8
      vertex 25.1867 -32.5299 3.8
      vertex 25.5 -32.5093 3.8
    endloop
  endfacet
  facet normal 0 0 1
    outer loop
      vertex 24.8788 -18.4089 3.8
      vertex 25.1867 -32.5299 3.8
      vertex 25.1867 -18.4701 3.8
    endloop
  endfacet
  facet normal 0 0 1
    outer loop
      vertex 24.8788 -18.4089 3.8
      vertex 24.8788 -32.5911 3.8
      vertex 25.1867 -32.5299 3.8
    endloop
  endfacet
  facet normal 0 0 1
    outer loop
      vertex 24.5816 -18.308 3.8
      vertex 24.8788 -32.5911 3.8
      vertex 24.8788 -18.4089 3.8
    endloop
  endfacet
  facet normal 0 0 1
    outer loop
      vertex 24.5816 -18.308 3.8
      vertex 24.5816 -32.692 3.8
      vertex 24.8788 -32.5911 3.8
    endloop
  endfacet
  facet normal 0 0 1
    outer loop
      vertex 24.3 -18.1691 3.8
      vertex 24.5816 -32.692 3.8
      vertex 24.5816 -18.308 3.8
    endloop
  endfacet
  facet normal 0 0 1
    outer loop
      vertex 24.3 -18.1691 3.8
      vertex 24.3 -32.8309 3.8
      vertex 24.5816 -32.692 3.8
    endloop
  endfacet
  facet normal 0 0 1
    outer loop
      vertex 24.039 -17.9947 3.8
      vertex 24.3 -32.8309 3.8
      vertex 24.3 -18.1691 3.8
    endloop
  endfacet
  facet normal 0 0 1
    outer loop
      vertex 24.039 -17.9947 3.8
      vertex 24.039 -33.0053 3.8
      vertex 24.3 -32.8309 3.8
    endloop
  endfacet
  facet normal 0 0 1
    outer loop
      vertex 23.8029 -17.7877 3.8
      vertex 24.039 -33.0053 3.8
      vertex 24.039 -17.9947 3.8
    endloop
  endfacet
  facet normal 0 0 1
    outer loop
      vertex 23.8029 -17.7877 3.8
      vertex 23.8029 -33.2123 3.8
      vertex 24.039 -33.0053 3.8
    endloop
  endfacet
  facet normal 0 0 1
    outer loop
      vertex 6.95998 -23.0592 3.8
      vertex 23.8029 -17.7877 3.8
      vertex 23.596 -17.5517 3.8
    endloop
  endfacet
  facet normal 0 0 1
    outer loop
      vertex 23.8029 -17.7877 3.8
      vertex 6.8 -25.5 3.8
      vertex 23.8029 -33.2123 3.8
    endloop
  endfacet
  facet normal 0 0 1
    outer loop
      vertex 7.43719 -20.6601 3.8
      vertex 23.596 -17.5517 3.8
      vertex 23.4215 -17.2907 3.8
    endloop
  endfacet
  facet normal -0 -0 1
    outer loop
      vertex 6.95998 -27.9408 3.8
      vertex 23.8029 -33.2123 3.8
      vertex 6.8 -25.5 3.8
    endloop
  endfacet
  facet normal 0 0 1
    outer loop
      vertex 8.22345 -18.3438 3.8
      vertex 23.4215 -17.2907 3.8
      vertex 23.2827 -17.0091 3.8
    endloop
  endfacet
  facet normal 0 0 1
    outer loop
      vertex 23.8029 -33.2123 3.8
      vertex 6.95998 -27.9408 3.8
      vertex 23.596 -33.4483 3.8
    endloop
  endfacet
  facet normal 0 0 1
    outer loop
      vertex 9.30532 -16.15 3.8
      vertex 23.2827 -17.0091 3.8
      vertex 23.1818 -16.7118 3.8
    endloop
  endfacet
  facet normal -0 -0 1
    outer loop
      vertex 7.43719 -30.3399 3.8
      vertex 23.596 -33.4483 3.8
      vertex 6.95998 -27.9408 3.8
    endloop
  endfacet
  facet normal 0 0 1
    outer loop
      vertex 10.6643 -14.1162 3.8
      vertex 23.1818 -16.7118 3.8
      vertex 23.1205 -16.4039 3.8
    endloop
  endfacet
  facet normal 0 0 1
    outer loop
      vertex 23.596 -33.4483 3.8
      vertex 7.43719 -30.3399 3.8
      vertex 23.4215 -33.7093 3.8
    endloop
  endfacet
  facet normal 0 0 1
    outer loop
      vertex 12.2771 -12.2771 3.8
      vertex 23.1205 -16.4039 3.8
      vertex 23.1 -16.0907 3.8
    endloop
  endfacet
  facet normal -0 -0 1
    outer loop
      vertex 8.22345 -32.6562 3.8
      vertex 23.4215 -33.7093 3.8
      vertex 7.43719 -30.3399 3.8
    endloop
  endfacet
  facet normal 0 0 1
    outer loop
      vertex 41.6947 -16.15 3.8
      vertex 27.7173 -17.0091 3.8
      vertex 42.7765 -18.3438 3.8
    endloop
  endfacet
  facet normal 0 0 1
    outer loop
      vertex 27.7173 -17.0091 3.8
      vertex 41.6947 -16.15 3.8
      vertex 27.8182 -16.7118 3.8
    endloop
  endfacet
  facet normal -0 0 1
    outer loop
      vertex 27.5785 -17.2907 3.8
      vertex 42.7765 -18.3438 3.8
      vertex 27.7173 -17.0091 3.8
    endloop
  endfacet
  facet normal 0 0 1
    outer loop
      vertex 40.3357 -14.1162 3.8
      vertex 27.8182 -16.7118 3.8
      vertex 41.6947 -16.15 3.8
    endloop
  endfacet
  facet normal 0 0 1
    outer loop
      vertex 44.2 -25.5 3.8
      vertex 27.9 -34.9093 3.8
      vertex 44.04 -27.9408 3.8
    endloop
  endfacet
  facet normal 0 0 1
    outer loop
      vertex 27.8182 -16.7118 3.8
      vertex 40.3357 -14.1162 3.8
      vertex 27.8795 -16.4039 3.8
    endloop
  endfacet
  facet normal 0 0 1
    outer loop
      vertex 44.04 -27.9408 3.8
      vertex 27.9 -34.9093 3.8
      vertex 43.5628 -30.3399 3.8
    endloop
  endfacet
  facet normal 0 0 1
    outer loop
      vertex 38.7229 -12.2771 3.8
      vertex 27.8795 -16.4039 3.8
      vertex 40.3357 -14.1162 3.8
    endloop
  endfacet
  facet normal 0 0 1
    outer loop
      vertex 43.5628 -30.3399 3.8
      vertex 27.9 -34.9093 3.8
      vertex 42.7765 -32.6562 3.8
    endloop
  endfacet
  facet normal 0 0 1
    outer loop
      vertex 27.8795 -16.4039 3.8
      vertex 38.7229 -12.2771 3.8
      vertex 27.9 -16.0907 3.8
    endloop
  endfacet
  facet normal 0 0 1
    outer loop
      vertex 42.7765 -32.6562 3.8
      vertex 27.9 -34.9093 3.8
      vertex 41.6947 -34.85 3.8
    endloop
  endfacet
  facet normal 0 0 1
    outer loop
      vertex 27.9 -16.0683 3.8
      vertex 38.7229 -12.2771 3.8
      vertex 36.8838 -10.6643 3.8
    endloop
  endfacet
  facet normal 0 0 1
    outer loop
      vertex 41.6947 -34.85 3.8
      vertex 27.9 -34.9093 3.8
      vertex 40.3357 -36.8838 3.8
    endloop
  endfacet
  facet normal 0 0 1
    outer loop
      vertex 27.8182 -15.4471 3.8
      vertex 36.8838 -10.6643 3.8
      vertex 34.85 -9.30532 3.8
    endloop
  endfacet
  facet normal 0 0 1
    outer loop
      vertex 40.3357 -36.8838 3.8
      vertex 27.9 -34.9093 3.8
      vertex 38.7229 -38.7229 3.8
    endloop
  endfacet
  facet normal 0 0 1
    outer loop
      vertex 27.5785 -14.8683 3.8
      vertex 34.85 -9.30532 3.8
      vertex 32.6562 -8.22345 3.8
    endloop
  endfacet
  facet normal -0 0 1
    outer loop
      vertex 27.9 -34.9317 3.8
      vertex 38.7229 -38.7229 3.8
      vertex 27.9 -34.9093 3.8
    endloop
  endfacet
  facet normal 0 0 1
    outer loop
      vertex 27.1971 -14.3712 3.8
      vertex 32.6562 -8.22345 3.8
      vertex 30.3399 -7.43719 3.8
    endloop
  endfacet
  facet normal 0 0 1
    outer loop
      vertex 38.7229 -38.7229 3.8
      vertex 27.9 -34.9317 3.8
      vertex 36.8838 -40.3357 3.8
    endloop
  endfacet
  facet normal 0 0 1
    outer loop
      vertex 26.7 -13.9898 3.8
      vertex 30.3399 -7.43719 3.8
      vertex 27.9408 -6.95998 3.8
    endloop
  endfacet
  facet normal 0 0 1
    outer loop
      vertex 38.7229 -12.2771 3.8
      vertex 27.9 -16.0683 3.8
      vertex 27.9 -16.0907 3.8
    endloop
  endfacet
  facet normal -0 0 1
    outer loop
      vertex 27.8795 -35.245 3.8
      vertex 36.8838 -40.3357 3.8
      vertex 27.9 -34.9317 3.8
    endloop
  endfacet
  facet normal 0 0 1
    outer loop
      vertex 36.8838 -10.6643 3.8
      vertex 27.8795 -15.755 3.8
      vertex 27.9 -16.0683 3.8
    endloop
  endfacet
  facet normal 0 0 1
    outer loop
      vertex 36.8838 -10.6643 3.8
      vertex 27.8182 -15.4471 3.8
      vertex 27.8795 -15.755 3.8
    endloop
  endfacet
  facet normal 0 0 1
    outer loop
      vertex 34.85 -9.30532 3.8
      vertex 27.7173 -15.1499 3.8
      vertex 27.8182 -15.4471 3.8
    endloop
  endfacet
  facet normal 0 0 1
    outer loop
      vertex 34.85 -9.30532 3.8
      vertex 27.5785 -14.8683 3.8
      vertex 27.7173 -15.1499 3.8
    endloop
  endfacet
  facet normal 0 0 1
    outer loop
      vertex 32.6562 -8.22345 3.8
      vertex 27.404 -14.6073 3.8
      vertex 27.5785 -14.8683 3.8
    endloop
  endfacet
  facet normal 0 0 1
    outer loop
      vertex 32.6562 -8.22345 3.8
      vertex 27.1971 -14.3712 3.8
      vertex 27.404 -14.6073 3.8
    endloop
  endfacet
  facet normal 0 0 1
    outer loop
      vertex 30.3399 -7.43719 3.8
      vertex 26.961 -14.1642 3.8
      vertex 27.1971 -14.3712 3.8
    endloop
  endfacet
  facet normal 0 0 1
    outer loop
      vertex 30.3399 -7.43719 3.8
      vertex 26.7 -13.9898 3.8
      vertex 26.961 -14.1642 3.8
    endloop
  endfacet
  facet normal 0 0 1
    outer loop
      vertex 27.9408 -6.95998 3.8
      vertex 26.4184 -13.851 3.8
      vertex 26.7 -13.9898 3.8
    endloop
  endfacet
  facet normal 0 0 1
    outer loop
      vertex 27.9408 -6.95998 3.8
      vertex 26.1212 -13.7501 3.8
      vertex 26.4184 -13.851 3.8
    endloop
  endfacet
  facet normal 0 0 1
    outer loop
      vertex 27.9408 -6.95998 3.8
      vertex 25.8133 -13.6888 3.8
      vertex 26.1212 -13.7501 3.8
    endloop
  endfacet
  facet normal 0 0 1
    outer loop
      vertex 25.5 -6.8 3.8
      vertex 25.8133 -13.6888 3.8
      vertex 27.9408 -6.95998 3.8
    endloop
  endfacet
  facet normal 0 0 1
    outer loop
      vertex 25.5 -6.8 3.8
      vertex 25.5 -13.6683 3.8
      vertex 25.8133 -13.6888 3.8
    endloop
  endfacet
  facet normal 0 0 1
    outer loop
      vertex 25.5 -6.8 3.8
      vertex 25.1867 -13.6888 3.8
      vertex 25.5 -13.6683 3.8
    endloop
  endfacet
  facet normal -0 0 1
    outer loop
      vertex 23.0592 -6.95998 3.8
      vertex 25.1867 -13.6888 3.8
      vertex 25.5 -6.8 3.8
    endloop
  endfacet
  facet normal 0 0 1
    outer loop
      vertex 25.1867 -13.6888 3.8
      vertex 23.0592 -6.95998 3.8
      vertex 24.8788 -13.7501 3.8
    endloop
  endfacet
  facet normal 0 0 1
    outer loop
      vertex 24.8788 -13.7501 3.8
      vertex 23.0592 -6.95998 3.8
      vertex 24.5816 -13.851 3.8
    endloop
  endfacet
  facet normal 0 0 1
    outer loop
      vertex 24.5816 -13.851 3.8
      vertex 23.0592 -6.95998 3.8
      vertex 24.3 -13.9898 3.8
    endloop
  endfacet
  facet normal -0 0 1
    outer loop
      vertex 20.6601 -7.43719 3.8
      vertex 24.3 -13.9898 3.8
      vertex 23.0592 -6.95998 3.8
    endloop
  endfacet
  facet normal 0 0 1
    outer loop
      vertex 24.3 -13.9898 3.8
      vertex 20.6601 -7.43719 3.8
      vertex 24.039 -14.1642 3.8
    endloop
  endfacet
  facet normal 0 0 1
    outer loop
      vertex 24.039 -14.1642 3.8
      vertex 20.6601 -7.43719 3.8
      vertex 23.8029 -14.3712 3.8
    endloop
  endfacet
  facet normal -0 0 1
    outer loop
      vertex 18.3438 -8.22345 3.8
      vertex 23.8029 -14.3712 3.8
      vertex 20.6601 -7.43719 3.8
    endloop
  endfacet
  facet normal 0 0 1
    outer loop
      vertex 23.8029 -14.3712 3.8
      vertex 18.3438 -8.22345 3.8
      vertex 23.596 -14.6073 3.8
    endloop
  endfacet
  facet normal 0 0 1
    outer loop
      vertex 12.2771 -12.2771 3.8
      vertex 23.1 -16.0907 3.8
      vertex 23.1 -16.0683 3.8
    endloop
  endfacet
  facet normal 0 0 1
    outer loop
      vertex 23.4215 -33.7093 3.8
      vertex 8.22345 -32.6562 3.8
      vertex 23.2827 -33.9909 3.8
    endloop
  endfacet
  facet normal 0 0 1
    outer loop
      vertex 23.2827 -15.1499 3.8
      vertex 16.15 -9.30532 3.8
      vertex 23.1818 -15.4471 3.8
    endloop
  endfacet
  facet normal 0 0 1
    outer loop
      vertex 23.4215 -14.8683 3.8
      vertex 16.15 -9.30532 3.8
      vertex 23.2827 -15.1499 3.8
    endloop
  endfacet
  facet normal -0 0 1
    outer loop
      vertex 16.15 -9.30532 3.8
      vertex 23.4215 -14.8683 3.8
      vertex 18.3438 -8.22345 3.8
    endloop
  endfacet
  facet normal 0 0 1
    outer loop
      vertex 23.596 -14.6073 3.8
      vertex 18.3438 -8.22345 3.8
      vertex 23.4215 -14.8683 3.8
    endloop
  endfacet
  facet normal -0 0 1
    outer loop
      vertex 27.8182 -35.5529 3.8
      vertex 36.8838 -40.3357 3.8
      vertex 27.8795 -35.245 3.8
    endloop
  endfacet
  facet normal 0 0 1
    outer loop
      vertex 36.8838 -40.3357 3.8
      vertex 27.8182 -35.5529 3.8
      vertex 34.85 -41.6947 3.8
    endloop
  endfacet
  facet normal -0 0 1
    outer loop
      vertex 27.7173 -35.8501 3.8
      vertex 34.85 -41.6947 3.8
      vertex 27.8182 -35.5529 3.8
    endloop
  endfacet
  facet normal -0 0 1
    outer loop
      vertex 27.5785 -36.1317 3.8
      vertex 34.85 -41.6947 3.8
      vertex 27.7173 -35.8501 3.8
    endloop
  endfacet
  facet normal 0 0 1
    outer loop
      vertex 34.85 -41.6947 3.8
      vertex 27.5785 -36.1317 3.8
      vertex 32.6562 -42.7765 3.8
    endloop
  endfacet
  facet normal -0 0 1
    outer loop
      vertex 27.404 -36.3927 3.8
      vertex 32.6562 -42.7765 3.8
      vertex 27.5785 -36.1317 3.8
    endloop
  endfacet
  facet normal -0 0 1
    outer loop
      vertex 27.1971 -36.6288 3.8
      vertex 32.6562 -42.7765 3.8
      vertex 27.404 -36.3927 3.8
    endloop
  endfacet
  facet normal 0 0 1
    outer loop
      vertex 32.6562 -42.7765 3.8
      vertex 27.1971 -36.6288 3.8
      vertex 30.3399 -43.5628 3.8
    endloop
  endfacet
  facet normal -0 0 1
    outer loop
      vertex 26.961 -36.8358 3.8
      vertex 30.3399 -43.5628 3.8
      vertex 27.1971 -36.6288 3.8
    endloop
  endfacet
  facet normal -0 0 1
    outer loop
      vertex 26.7 -37.0102 3.8
      vertex 30.3399 -43.5628 3.8
      vertex 26.961 -36.8358 3.8
    endloop
  endfacet
  facet normal 0 0 1
    outer loop
      vertex 30.3399 -43.5628 3.8
      vertex 26.7 -37.0102 3.8
      vertex 27.9408 -44.04 3.8
    endloop
  endfacet
  facet normal -0 0 1
    outer loop
      vertex 26.4184 -37.149 3.8
      vertex 27.9408 -44.04 3.8
      vertex 26.7 -37.0102 3.8
    endloop
  endfacet
  facet normal -0 0 1
    outer loop
      vertex 26.1212 -37.2499 3.8
      vertex 27.9408 -44.04 3.8
      vertex 26.4184 -37.149 3.8
    endloop
  endfacet
  facet normal -0 0 1
    outer loop
      vertex 25.8133 -37.3112 3.8
      vertex 27.9408 -44.04 3.8
      vertex 26.1212 -37.2499 3.8
    endloop
  endfacet
  facet normal 0 0 1
    outer loop
      vertex 25.5 -44.2 3.8
      vertex 25.8133 -37.3112 3.8
      vertex 25.5 -37.3317 3.8
    endloop
  endfacet
  facet normal 0 0 1
    outer loop
      vertex 25.8133 -37.3112 3.8
      vertex 25.5 -44.2 3.8
      vertex 27.9408 -44.04 3.8
    endloop
  endfacet
  facet normal 0 0 1
    outer loop
      vertex 25.1867 -37.3112 3.8
      vertex 25.5 -44.2 3.8
      vertex 25.5 -37.3317 3.8
    endloop
  endfacet
  facet normal 0 0 1
    outer loop
      vertex 23.0592 -44.04 3.8
      vertex 25.1867 -37.3112 3.8
      vertex 24.8788 -37.2499 3.8
    endloop
  endfacet
  facet normal 0 0 1
    outer loop
      vertex 23.0592 -44.04 3.8
      vertex 24.8788 -37.2499 3.8
      vertex 24.5816 -37.149 3.8
    endloop
  endfacet
  facet normal 0 0 1
    outer loop
      vertex 23.0592 -44.04 3.8
      vertex 24.5816 -37.149 3.8
      vertex 24.3 -37.0102 3.8
    endloop
  endfacet
  facet normal 0 0 1
    outer loop
      vertex 20.6601 -43.5628 3.8
      vertex 24.3 -37.0102 3.8
      vertex 24.039 -36.8358 3.8
    endloop
  endfacet
  facet normal 0 0 1
    outer loop
      vertex 20.6601 -43.5628 3.8
      vertex 24.039 -36.8358 3.8
      vertex 23.8029 -36.6288 3.8
    endloop
  endfacet
  facet normal 0 0 1
    outer loop
      vertex 18.3438 -42.7765 3.8
      vertex 23.8029 -36.6288 3.8
      vertex 23.596 -36.3927 3.8
    endloop
  endfacet
  facet normal 0 0 1
    outer loop
      vertex 18.3438 -42.7765 3.8
      vertex 23.596 -36.3927 3.8
      vertex 23.4215 -36.1317 3.8
    endloop
  endfacet
  facet normal 0 0 1
    outer loop
      vertex 16.15 -41.6947 3.8
      vertex 23.4215 -36.1317 3.8
      vertex 23.2827 -35.8501 3.8
    endloop
  endfacet
  facet normal 0 0 1
    outer loop
      vertex 16.15 -41.6947 3.8
      vertex 23.2827 -35.8501 3.8
      vertex 23.1818 -35.5529 3.8
    endloop
  endfacet
  facet normal 0 0 1
    outer loop
      vertex 25.1867 -37.3112 3.8
      vertex 23.0592 -44.04 3.8
      vertex 25.5 -44.2 3.8
    endloop
  endfacet
  facet normal 0 0 1
    outer loop
      vertex 14.1162 -40.3357 3.8
      vertex 23.1818 -35.5529 3.8
      vertex 23.1205 -35.245 3.8
    endloop
  endfacet
  facet normal 0 0 1
    outer loop
      vertex 14.1162 -40.3357 3.8
      vertex 23.1205 -35.245 3.8
      vertex 23.1 -34.9317 3.8
    endloop
  endfacet
  facet normal -0 0 1
    outer loop
      vertex 14.1162 -10.6643 3.8
      vertex 23.1818 -15.4471 3.8
      vertex 16.15 -9.30532 3.8
    endloop
  endfacet
  facet normal 0 0 1
    outer loop
      vertex 23.1818 -15.4471 3.8
      vertex 14.1162 -10.6643 3.8
      vertex 23.1205 -15.755 3.8
    endloop
  endfacet
  facet normal 0 0 1
    outer loop
      vertex 24.3 -37.0102 3.8
      vertex 20.6601 -43.5628 3.8
      vertex 23.0592 -44.04 3.8
    endloop
  endfacet
  facet normal 0 0 1
    outer loop
      vertex 23.1205 -15.755 3.8
      vertex 14.1162 -10.6643 3.8
      vertex 23.1 -16.0683 3.8
    endloop
  endfacet
  facet normal 0 0 1
    outer loop
      vertex 23.8029 -36.6288 3.8
      vertex 18.3438 -42.7765 3.8
      vertex 20.6601 -43.5628 3.8
    endloop
  endfacet
  facet normal -0 0 1
    outer loop
      vertex 12.2771 -12.2771 3.8
      vertex 23.1 -16.0683 3.8
      vertex 14.1162 -10.6643 3.8
    endloop
  endfacet
  facet normal 0 0 1
    outer loop
      vertex 23.4215 -36.1317 3.8
      vertex 16.15 -41.6947 3.8
      vertex 18.3438 -42.7765 3.8
    endloop
  endfacet
  facet normal 0 0 1
    outer loop
      vertex 23.1205 -16.4039 3.8
      vertex 12.2771 -12.2771 3.8
      vertex 10.6643 -14.1162 3.8
    endloop
  endfacet
  facet normal 0 0 1
    outer loop
      vertex 23.1818 -35.5529 3.8
      vertex 14.1162 -40.3357 3.8
      vertex 16.15 -41.6947 3.8
    endloop
  endfacet
  facet normal 0 0 1
    outer loop
      vertex 23.1818 -16.7118 3.8
      vertex 10.6643 -14.1162 3.8
      vertex 9.30532 -16.15 3.8
    endloop
  endfacet
  facet normal 0 0 1
    outer loop
      vertex 23.1 -34.9317 3.8
      vertex 12.2771 -38.7229 3.8
      vertex 14.1162 -40.3357 3.8
    endloop
  endfacet
  facet normal 0 0 1
    outer loop
      vertex 23.2827 -17.0091 3.8
      vertex 9.30532 -16.15 3.8
      vertex 8.22345 -18.3438 3.8
    endloop
  endfacet
  facet normal 0 0 1
    outer loop
      vertex 23.1 -34.9093 3.8
      vertex 12.2771 -38.7229 3.8
      vertex 23.1 -34.9317 3.8
    endloop
  endfacet
  facet normal 0 0 1
    outer loop
      vertex 23.4215 -17.2907 3.8
      vertex 8.22345 -18.3438 3.8
      vertex 7.43719 -20.6601 3.8
    endloop
  endfacet
  facet normal 0 0 1
    outer loop
      vertex 23.1205 -34.5961 3.8
      vertex 12.2771 -38.7229 3.8
      vertex 23.1 -34.9093 3.8
    endloop
  endfacet
  facet normal 0 0 1
    outer loop
      vertex 23.596 -17.5517 3.8
      vertex 7.43719 -20.6601 3.8
      vertex 6.95998 -23.0592 3.8
    endloop
  endfacet
  facet normal 0 -0 1
    outer loop
      vertex 12.2771 -38.7229 3.8
      vertex 23.1205 -34.5961 3.8
      vertex 10.6643 -36.8838 3.8
    endloop
  endfacet
  facet normal 0 0 1
    outer loop
      vertex 23.8029 -17.7877 3.8
      vertex 6.95998 -23.0592 3.8
      vertex 6.8 -25.5 3.8
    endloop
  endfacet
  facet normal 0 0 1
    outer loop
      vertex 23.1818 -34.2882 3.8
      vertex 10.6643 -36.8838 3.8
      vertex 23.1205 -34.5961 3.8
    endloop
  endfacet
  facet normal 0 -0 1
    outer loop
      vertex 9.30532 -34.85 3.8
      vertex 23.2827 -33.9909 3.8
      vertex 8.22345 -32.6562 3.8
    endloop
  endfacet
  facet normal 0 -0 1
    outer loop
      vertex 10.6643 -36.8838 3.8
      vertex 23.1818 -34.2882 3.8
      vertex 9.30532 -34.85 3.8
    endloop
  endfacet
  facet normal 0 0 1
    outer loop
      vertex 23.2827 -33.9909 3.8
      vertex 9.30532 -34.85 3.8
      vertex 23.1818 -34.2882 3.8
    endloop
  endfacet
  facet normal 0.555581 0.831462 -0
    outer loop
      vertex 36.8838 -10.6643 0
      vertex 34.85 -9.30532 3.8
      vertex 36.8838 -10.6643 3.8
    endloop
  endfacet
  facet normal 0.555581 0.831462 0
    outer loop
      vertex 34.85 -9.30532 3.8
      vertex 36.8838 -10.6643 0
      vertex 34.85 -9.30532 0
    endloop
  endfacet
  facet normal 0.321448 -0.946927 0
    outer loop
      vertex 30.3399 -43.5628 0
      vertex 32.6562 -42.7765 3.8
      vertex 30.3399 -43.5628 3.8
    endloop
  endfacet
  facet normal 0.321448 -0.946927 0
    outer loop
      vertex 32.6562 -42.7765 3.8
      vertex 30.3399 -43.5628 0
      vertex 32.6562 -42.7765 0
    endloop
  endfacet
  facet normal 0.0654119 -0.997858 0
    outer loop
      vertex 25.5 -44.2 0
      vertex 27.9408 -44.04 3.8
      vertex 25.5 -44.2 3.8
    endloop
  endfacet
  facet normal 0.0654119 -0.997858 0
    outer loop
      vertex 27.9408 -44.04 3.8
      vertex 25.5 -44.2 0
      vertex 27.9408 -44.04 0
    endloop
  endfacet
  facet normal 0.442268 -0.896883 0
    outer loop
      vertex 32.6562 -42.7765 0
      vertex 34.85 -41.6947 3.8
      vertex 32.6562 -42.7765 3.8
    endloop
  endfacet
  facet normal 0.442268 -0.896883 0
    outer loop
      vertex 34.85 -41.6947 3.8
      vertex 32.6562 -42.7765 0
      vertex 34.85 -41.6947 0
    endloop
  endfacet
  facet normal -0.896872 0.442291 0
    outer loop
      vertex 8.22345 -18.3438 0
      vertex 9.30532 -16.15 3.8
      vertex 9.30532 -16.15 0
    endloop
  endfacet
  facet normal -0.896872 0.442291 0
    outer loop
      vertex 9.30532 -16.15 3.8
      vertex 8.22345 -18.3438 0
      vertex 8.22345 -18.3438 3.8
    endloop
  endfacet
  facet normal 0.19509 0.980785 -0
    outer loop
      vertex 30.3399 -7.43719 0
      vertex 27.9408 -6.95998 3.8
      vertex 30.3399 -7.43719 3.8
    endloop
  endfacet
  facet normal 0.19509 0.980785 0
    outer loop
      vertex 27.9408 -6.95998 3.8
      vertex 30.3399 -7.43719 0
      vertex 27.9408 -6.95998 0
    endloop
  endfacet
  facet normal 0.195086 -0.980786 0
    outer loop
      vertex 27.9408 -44.04 0
      vertex 30.3399 -43.5628 3.8
      vertex 27.9408 -44.04 3.8
    endloop
  endfacet
  facet normal 0.195086 -0.980786 0
    outer loop
      vertex 30.3399 -43.5628 3.8
      vertex 27.9408 -44.04 0
      vertex 30.3399 -43.5628 0
    endloop
  endfacet
  facet normal 0.321433 0.946932 -0
    outer loop
      vertex 32.6562 -8.22345 0
      vertex 30.3399 -7.43719 3.8
      vertex 32.6562 -8.22345 3.8
    endloop
  endfacet
  facet normal 0.321433 0.946932 0
    outer loop
      vertex 30.3399 -7.43719 3.8
      vertex 32.6562 -8.22345 0
      vertex 30.3399 -7.43719 0
    endloop
  endfacet
  facet normal 0.980784 0.195095 0
    outer loop
      vertex 43.5628 -20.6601 3.8
      vertex 44 -22.858 0.00999928
      vertex 43.5628 -20.6601 0
    endloop
  endfacet
  facet normal 0.980786 0.195086 5.24663e-06
    outer loop
      vertex 44.04 -23.0592 3.8
      vertex 44 -22.858 0.00999928
      vertex 43.5628 -20.6601 3.8
    endloop
  endfacet
  facet normal 0.980805 0.194991 0
    outer loop
      vertex 44 -22.858 0.00999928
      vertex 44.04 -23.0592 3.8
      vertex 44.04 -23.0592 0.00999928
    endloop
  endfacet
  facet normal 0.980784 0.195095 0
    outer loop
      vertex 43.5628 -20.6601 0
      vertex 44 -22.858 0.00999928
      vertex 44 -22.858 0
    endloop
  endfacet
  facet normal 0.0654037 0.997859 -0
    outer loop
      vertex 27.9408 -6.95998 0
      vertex 25.5 -6.8 3.8
      vertex 27.9408 -6.95998 3.8
    endloop
  endfacet
  facet normal 0.0654037 0.997859 0
    outer loop
      vertex 25.5 -6.8 3.8
      vertex 27.9408 -6.95998 0
      vertex 25.5 -6.8 0
    endloop
  endfacet
  facet normal -0.946932 -0.321433 0
    outer loop
      vertex 8.22345 -32.6562 0
      vertex 7.43719 -30.3399 3.8
      vertex 7.43719 -30.3399 0
    endloop
  endfacet
  facet normal -0.946932 -0.321433 0
    outer loop
      vertex 7.43719 -30.3399 3.8
      vertex 8.22345 -32.6562 0
      vertex 8.22345 -32.6562 3.8
    endloop
  endfacet
  facet normal -0.751849 0.659335 0
    outer loop
      vertex 10.6643 -14.1162 0
      vertex 12.2771 -12.2771 3.8
      vertex 12.2771 -12.2771 0
    endloop
  endfacet
  facet normal -0.751849 0.659335 0
    outer loop
      vertex 12.2771 -12.2771 3.8
      vertex 10.6643 -14.1162 0
      vertex 10.6643 -14.1162 3.8
    endloop
  endfacet
  facet normal 0.896883 -0.442268 0
    outer loop
      vertex 41.6947 -34.85 3.8
      vertex 42.7765 -32.6562 0
      vertex 42.7765 -32.6562 3.8
    endloop
  endfacet
  facet normal 0.896883 -0.442268 0
    outer loop
      vertex 42.7765 -32.6562 0
      vertex 41.6947 -34.85 3.8
      vertex 41.6947 -34.85 0
    endloop
  endfacet
  facet normal 0.751849 0.659335 0
    outer loop
      vertex 40.3357 -14.1162 3.8
      vertex 38.7229 -12.2771 0
      vertex 38.7229 -12.2771 3.8
    endloop
  endfacet
  facet normal 0.751849 0.659335 0
    outer loop
      vertex 38.7229 -12.2771 0
      vertex 40.3357 -14.1162 3.8
      vertex 40.3357 -14.1162 0
    endloop
  endfacet
  facet normal -0.659335 -0.751849 0
    outer loop
      vertex 12.2771 -38.7229 0
      vertex 14.1162 -40.3357 3.8
      vertex 12.2771 -38.7229 3.8
    endloop
  endfacet
  facet normal -0.659335 -0.751849 -0
    outer loop
      vertex 14.1162 -40.3357 3.8
      vertex 12.2771 -38.7229 0
      vertex 14.1162 -40.3357 0
    endloop
  endfacet
  facet normal -0.831462 0.555581 0
    outer loop
      vertex 9.30532 -16.15 0
      vertex 10.6643 -14.1162 3.8
      vertex 10.6643 -14.1162 0
    endloop
  endfacet
  facet normal -0.831462 0.555581 0
    outer loop
      vertex 10.6643 -14.1162 3.8
      vertex 9.30532 -16.15 0
      vertex 9.30532 -16.15 3.8
    endloop
  endfacet
  facet normal -0.0654037 0.997859 0
    outer loop
      vertex 25.5 -6.8 0
      vertex 23.0592 -6.95998 3.8
      vertex 25.5 -6.8 3.8
    endloop
  endfacet
  facet normal -0.0654037 0.997859 0
    outer loop
      vertex 23.0592 -6.95998 3.8
      vertex 25.5 -6.8 0
      vertex 23.0592 -6.95998 0
    endloop
  endfacet
  facet normal -0.980785 -0.19509 0
    outer loop
      vertex 7.43719 -30.3399 0
      vertex 6.95998 -27.9408 3.8
      vertex 6.95998 -27.9408 0
    endloop
  endfacet
  facet normal -0.980785 -0.19509 0
    outer loop
      vertex 6.95998 -27.9408 3.8
      vertex 7.43719 -30.3399 0
      vertex 7.43719 -30.3399 3.8
    endloop
  endfacet
  facet normal -0.321433 0.946932 0
    outer loop
      vertex 20.6601 -7.43719 0
      vertex 18.3438 -8.22345 3.8
      vertex 20.6601 -7.43719 3.8
    endloop
  endfacet
  facet normal -0.321433 0.946932 0
    outer loop
      vertex 18.3438 -8.22345 3.8
      vertex 20.6601 -7.43719 0
      vertex 18.3438 -8.22345 0
    endloop
  endfacet
  facet normal -0.946932 0.321433 0
    outer loop
      vertex 7.43719 -20.6601 0
      vertex 8.22345 -18.3438 3.8
      vertex 8.22345 -18.3438 0
    endloop
  endfacet
  facet normal -0.946932 0.321433 0
    outer loop
      vertex 8.22345 -18.3438 3.8
      vertex 7.43719 -20.6601 0
      vertex 7.43719 -20.6601 3.8
    endloop
  endfacet
  facet normal -0.555587 -0.831459 0
    outer loop
      vertex 14.1162 -40.3357 0
      vertex 16.15 -41.6947 3.8
      vertex 14.1162 -40.3357 3.8
    endloop
  endfacet
  facet normal -0.555587 -0.831459 -0
    outer loop
      vertex 16.15 -41.6947 3.8
      vertex 14.1162 -40.3357 0
      vertex 16.15 -41.6947 0
    endloop
  endfacet
  facet normal -0.555581 0.831462 0
    outer loop
      vertex 16.15 -9.30532 0
      vertex 14.1162 -10.6643 3.8
      vertex 16.15 -9.30532 3.8
    endloop
  endfacet
  facet normal -0.555581 0.831462 0
    outer loop
      vertex 14.1162 -10.6643 3.8
      vertex 16.15 -9.30532 0
      vertex 14.1162 -10.6643 0
    endloop
  endfacet
  facet normal -0.831462 -0.555581 0
    outer loop
      vertex 10.6643 -36.8838 0
      vertex 9.30532 -34.85 3.8
      vertex 9.30532 -34.85 0
    endloop
  endfacet
  facet normal -0.831462 -0.555581 0
    outer loop
      vertex 9.30532 -34.85 3.8
      vertex 10.6643 -36.8838 0
      vertex 10.6643 -36.8838 3.8
    endloop
  endfacet
  facet normal -0.442291 0.896872 0
    outer loop
      vertex 18.3438 -8.22345 0
      vertex 16.15 -9.30532 3.8
      vertex 18.3438 -8.22345 3.8
    endloop
  endfacet
  facet normal -0.442291 0.896872 0
    outer loop
      vertex 16.15 -9.30532 3.8
      vertex 18.3438 -8.22345 0
      vertex 16.15 -9.30532 0
    endloop
  endfacet
  facet normal -0.896872 -0.442291 0
    outer loop
      vertex 9.30532 -34.85 0
      vertex 8.22345 -32.6562 3.8
      vertex 8.22345 -32.6562 0
    endloop
  endfacet
  facet normal -0.896872 -0.442291 0
    outer loop
      vertex 8.22345 -32.6562 3.8
      vertex 9.30532 -34.85 0
      vertex 9.30532 -34.85 3.8
    endloop
  endfacet
  facet normal -0.19509 0.980785 0
    outer loop
      vertex 23.0592 -6.95998 0
      vertex 20.6601 -7.43719 3.8
      vertex 23.0592 -6.95998 3.8
    endloop
  endfacet
  facet normal -0.19509 0.980785 0
    outer loop
      vertex 20.6601 -7.43719 3.8
      vertex 23.0592 -6.95998 0
      vertex 20.6601 -7.43719 0
    endloop
  endfacet
  facet normal -0.980781 0.195112 0
    outer loop
      vertex 13.2216 -1.59528 -4
      vertex 13.2803 -1.30021 -1.1
      vertex 13.2803 -1.30021 -4
    endloop
  endfacet
  facet normal -0.980781 0.195112 0
    outer loop
      vertex 13.2803 -1.30021 -1.1
      vertex 13.2216 -1.59528 -4
      vertex 13.2216 -1.59528 -1.1
    endloop
  endfacet
  facet normal -0.997854 0.0654799 0
    outer loop
      vertex 13.2803 -1.30021 -4
      vertex 13.3 -1 -1.1
      vertex 13.3 -1 -4
    endloop
  endfacet
  facet normal -0.997854 0.0654799 0
    outer loop
      vertex 13.3 -1 -1.1
      vertex 13.2803 -1.30021 -4
      vertex 13.2803 -1.30021 -1.1
    endloop
  endfacet
  facet normal -0.946937 0.321418 0
    outer loop
      vertex 13.1249 -1.88017 -4
      vertex 13.2216 -1.59528 -1.1
      vertex 13.2216 -1.59528 -4
    endloop
  endfacet
  facet normal -0.946937 0.321418 0
    outer loop
      vertex 13.2216 -1.59528 -1.1
      vertex 13.1249 -1.88017 -4
      vertex 13.1249 -1.88017 -1.1
    endloop
  endfacet
  facet normal -0.831385 0.555697 0
    outer loop
      vertex 12.8247 -2.40015 -4
      vertex 12.9919 -2.15 -1.1
      vertex 12.9919 -2.15 -4
    endloop
  endfacet
  facet normal -0.831385 0.555697 0
    outer loop
      vertex 12.9919 -2.15 -1.1
      vertex 12.8247 -2.40015 -4
      vertex 12.8247 -2.40015 -1.1
    endloop
  endfacet
  facet normal 0.946927 -0.321449 0
    outer loop
      vertex 8.77837 -0.404716 -1.1
      vertex 8.87508 -0.119827 -4
      vertex 8.87508 -0.119827 -1.1
    endloop
  endfacet
  facet normal 0.946927 -0.321449 0
    outer loop
      vertex 8.87508 -0.119827 -4
      vertex 8.77837 -0.404716 -1.1
      vertex 8.77837 -0.404716 -4
    endloop
  endfacet
  facet normal -0.321438 -0.946931 0
    outer loop
      vertex 11.5953 1.22163 -4
      vertex 11.8802 1.12492 -1.1
      vertex 11.5953 1.22163 -1.1
    endloop
  endfacet
  facet normal -0.321438 -0.946931 -0
    outer loop
      vertex 11.8802 1.12492 -1.1
      vertex 11.5953 1.22163 -4
      vertex 11.8802 1.12492 -4
    endloop
  endfacet
  facet normal -0.896959 0.442114 0
    outer loop
      vertex 12.9919 -2.15 -4
      vertex 13.1249 -1.88017 -1.1
      vertex 13.1249 -1.88017 -4
    endloop
  endfacet
  facet normal -0.896959 0.442114 0
    outer loop
      vertex 13.1249 -1.88017 -1.1
      vertex 12.9919 -2.15 -4
      vertex 12.9919 -2.15 -1.1
    endloop
  endfacet
  facet normal 0.555582 0.831462 -0
    outer loop
      vertex 9.85 -2.99186 -4
      vertex 9.59985 -2.82471 -1.1
      vertex 9.85 -2.99186 -1.1
    endloop
  endfacet
  facet normal 0.555582 0.831462 0
    outer loop
      vertex 9.59985 -2.82471 -1.1
      vertex 9.85 -2.99186 -4
      vertex 9.59985 -2.82471 -4
    endloop
  endfacet
  facet normal -0.980781 -0.195111 0
    outer loop
      vertex 13.2803 -0.699789 -4
      vertex 13.2216 -0.404716 -1.1
      vertex 13.2216 -0.404716 -4
    endloop
  endfacet
  facet normal -0.980781 -0.195111 0
    outer loop
      vertex 13.2216 -0.404716 -1.1
      vertex 13.2803 -0.699789 -4
      vertex 13.2803 -0.699789 -1.1
    endloop
  endfacet
  facet normal -0.321438 0.946931 0
    outer loop
      vertex 11.8802 -3.12492 -4
      vertex 11.5953 -3.22163 -1.1
      vertex 11.8802 -3.12492 -1.1
    endloop
  endfacet
  facet normal -0.321438 0.946931 0
    outer loop
      vertex 11.5953 -3.22163 -1.1
      vertex 11.8802 -3.12492 -4
      vertex 11.5953 -3.22163 -4
    endloop
  endfacet
  facet normal 0.659342 0.751843 -0
    outer loop
      vertex 9.59985 -2.82471 -4
      vertex 9.37365 -2.62634 -1.1
      vertex 9.59985 -2.82471 -1.1
    endloop
  endfacet
  facet normal 0.659342 0.751843 0
    outer loop
      vertex 9.37365 -2.62634 -1.1
      vertex 9.59985 -2.82471 -4
      vertex 9.37365 -2.62634 -4
    endloop
  endfacet
  facet normal -0.555496 -0.831519 0
    outer loop
      vertex 12.15 0.991858 -4
      vertex 12.4002 0.824712 -1.1
      vertex 12.15 0.991858 -1.1
    endloop
  endfacet
  facet normal -0.555496 -0.831519 -0
    outer loop
      vertex 12.4002 0.824712 -1.1
      vertex 12.15 0.991858 -4
      vertex 12.4002 0.824712 -4
    endloop
  endfacet
  facet normal 0.195061 0.980791 -0
    outer loop
      vertex 10.6998 -3.28032 -4
      vertex 10.4047 -3.22163 -1.1
      vertex 10.6998 -3.28032 -1.1
    endloop
  endfacet
  facet normal 0.195061 0.980791 0
    outer loop
      vertex 10.4047 -3.22163 -1.1
      vertex 10.6998 -3.28032 -4
      vertex 10.4047 -3.22163 -4
    endloop
  endfacet
  facet normal 0.997858 -0.0654135 0
    outer loop
      vertex 8.7 -1 -1.1
      vertex 8.71968 -0.699789 -4
      vertex 8.71968 -0.699789 -1.1
    endloop
  endfacet
  facet normal 0.997858 -0.0654135 0
    outer loop
      vertex 8.71968 -0.699789 -4
      vertex 8.7 -1 -1.1
      vertex 8.7 -1 -4
    endloop
  endfacet
  facet normal 0.896878 -0.442278 0
    outer loop
      vertex 8.87508 -0.119827 -1.1
      vertex 9.00814 0.15 -4
      vertex 9.00814 0.15 -1.1
    endloop
  endfacet
  facet normal 0.896878 -0.442278 0
    outer loop
      vertex 9.00814 0.15 -4
      vertex 8.87508 -0.119827 -1.1
      vertex 8.87508 -0.119827 -4
    endloop
  endfacet
  facet normal -0.0654159 0.997858 0
    outer loop
      vertex 11.3002 -3.28032 -4
      vertex 11 -3.3 -1.1
      vertex 11.3002 -3.28032 -1.1
    endloop
  endfacet
  facet normal -0.0654159 0.997858 0
    outer loop
      vertex 11 -3.3 -1.1
      vertex 11.3002 -3.28032 -4
      vertex 11 -3.3 -4
    endloop
  endfacet
  facet normal 0.321438 -0.946931 0
    outer loop
      vertex 10.1198 1.12492 -4
      vertex 10.4047 1.22163 -1.1
      vertex 10.1198 1.12492 -1.1
    endloop
  endfacet
  facet normal 0.321438 -0.946931 0
    outer loop
      vertex 10.4047 1.22163 -1.1
      vertex 10.1198 1.12492 -4
      vertex 10.4047 1.22163 -4
    endloop
  endfacet
  facet normal -0.195061 -0.980791 0
    outer loop
      vertex 11.3002 1.28032 -4
      vertex 11.5953 1.22163 -1.1
      vertex 11.3002 1.28032 -1.1
    endloop
  endfacet
  facet normal -0.195061 -0.980791 -0
    outer loop
      vertex 11.5953 1.22163 -1.1
      vertex 11.3002 1.28032 -4
      vertex 11.5953 1.22163 -4
    endloop
  endfacet
  facet normal 0.442314 0.89686 -0
    outer loop
      vertex 10.1198 -3.12492 -4
      vertex 9.85 -2.99186 -1.1
      vertex 10.1198 -3.12492 -1.1
    endloop
  endfacet
  facet normal 0.442314 0.89686 0
    outer loop
      vertex 9.85 -2.99186 -1.1
      vertex 10.1198 -3.12492 -4
      vertex 9.85 -2.99186 -4
    endloop
  endfacet
  facet normal -0.442314 0.89686 0
    outer loop
      vertex 12.15 -2.99186 -4
      vertex 11.8802 -3.12492 -1.1
      vertex 12.15 -2.99186 -1.1
    endloop
  endfacet
  facet normal -0.442314 0.89686 0
    outer loop
      vertex 11.8802 -3.12492 -1.1
      vertex 12.15 -2.99186 -4
      vertex 11.8802 -3.12492 -4
    endloop
  endfacet
  facet normal -0.442319 -0.896858 0
    outer loop
      vertex 11.8802 1.12492 -4
      vertex 12.15 0.991858 -1.1
      vertex 11.8802 1.12492 -1.1
    endloop
  endfacet
  facet normal -0.442319 -0.896858 -0
    outer loop
      vertex 12.15 0.991858 -1.1
      vertex 11.8802 1.12492 -4
      vertex 12.15 0.991858 -4
    endloop
  endfacet
  facet normal 0.980788 -0.195079 0
    outer loop
      vertex 8.71968 -0.699789 -1.1
      vertex 8.77837 -0.404716 -4
      vertex 8.77837 -0.404716 -1.1
    endloop
  endfacet
  facet normal 0.980788 -0.195079 0
    outer loop
      vertex 8.77837 -0.404716 -4
      vertex 8.71968 -0.699789 -1.1
      vertex 8.71968 -0.699789 -4
    endloop
  endfacet
  facet normal -0.997854 -0.0654797 0
    outer loop
      vertex 13.3 -1 -4
      vertex 13.2803 -0.699789 -1.1
      vertex 13.2803 -0.699789 -4
    endloop
  endfacet
  facet normal -0.997854 -0.0654797 0
    outer loop
      vertex 13.2803 -0.699789 -1.1
      vertex 13.3 -1 -4
      vertex 13.3 -1 -1.1
    endloop
  endfacet
  facet normal 0.555573 -0.831468 0
    outer loop
      vertex 9.59985 0.824712 -4
      vertex 9.85 0.991858 -1.1
      vertex 9.59985 0.824712 -1.1
    endloop
  endfacet
  facet normal 0.555573 -0.831468 0
    outer loop
      vertex 9.85 0.991858 -1.1
      vertex 9.59985 0.824712 -4
      vertex 9.85 0.991858 -4
    endloop
  endfacet
  facet normal -0.751785 -0.659408 0
    outer loop
      vertex 12.8247 0.400151 -4
      vertex 12.6263 0.626345 -1.1
      vertex 12.6263 0.626345 -4
    endloop
  endfacet
  facet normal -0.751785 -0.659408 0
    outer loop
      vertex 12.6263 0.626345 -1.1
      vertex 12.8247 0.400151 -4
      vertex 12.8247 0.400151 -1.1
    endloop
  endfacet
  facet normal -0.831386 -0.555695 0
    outer loop
      vertex 12.9919 0.15 -4
      vertex 12.8247 0.400151 -1.1
      vertex 12.8247 0.400151 -4
    endloop
  endfacet
  facet normal -0.831386 -0.555695 0
    outer loop
      vertex 12.8247 0.400151 -1.1
      vertex 12.9919 0.15 -4
      vertex 12.9919 0.15 -1.1
    endloop
  endfacet
  facet normal 0.751851 -0.659333 0
    outer loop
      vertex 9.17529 0.400151 -1.1
      vertex 9.37365 0.626345 -4
      vertex 9.37365 0.626345 -1.1
    endloop
  endfacet
  facet normal 0.751851 -0.659333 0
    outer loop
      vertex 9.37365 0.626345 -4
      vertex 9.17529 0.400151 -1.1
      vertex 9.17529 0.400151 -4
    endloop
  endfacet
  facet normal 0.751845 0.65934 0
    outer loop
      vertex 9.37365 -2.62634 -1.1
      vertex 9.17529 -2.40015 -4
      vertex 9.17529 -2.40015 -1.1
    endloop
  endfacet
  facet normal 0.751845 0.65934 0
    outer loop
      vertex 9.17529 -2.40015 -4
      vertex 9.37365 -2.62634 -1.1
      vertex 9.37365 -2.62634 -4
    endloop
  endfacet
  facet normal 0.659336 -0.751848 0
    outer loop
      vertex 9.37365 0.626345 -4
      vertex 9.59985 0.824712 -1.1
      vertex 9.37365 0.626345 -1.1
    endloop
  endfacet
  facet normal 0.659336 -0.751848 0
    outer loop
      vertex 9.59985 0.824712 -1.1
      vertex 9.37365 0.626345 -4
      vertex 9.59985 0.824712 -4
    endloop
  endfacet
  facet normal -0.946937 -0.321419 0
    outer loop
      vertex 13.2216 -0.404716 -4
      vertex 13.1249 -0.119827 -1.1
      vertex 13.1249 -0.119827 -4
    endloop
  endfacet
  facet normal -0.946937 -0.321419 0
    outer loop
      vertex 13.1249 -0.119827 -1.1
      vertex 13.2216 -0.404716 -4
      vertex 13.2216 -0.404716 -1.1
    endloop
  endfacet
  facet normal 0.831463 -0.55558 0
    outer loop
      vertex 9.00814 0.15 -1.1
      vertex 9.17529 0.400151 -4
      vertex 9.17529 0.400151 -1.1
    endloop
  endfacet
  facet normal 0.831463 -0.55558 0
    outer loop
      vertex 9.17529 0.400151 -4
      vertex 9.00814 0.15 -1.1
      vertex 9.00814 0.15 -4
    endloop
  endfacet
  facet normal -0.896957 -0.442118 0
    outer loop
      vertex 13.1249 -0.119827 -4
      vertex 12.9919 0.15 -1.1
      vertex 12.9919 0.15 -4
    endloop
  endfacet
  facet normal -0.896957 -0.442118 0
    outer loop
      vertex 12.9919 0.15 -1.1
      vertex 13.1249 -0.119827 -4
      vertex 13.1249 -0.119827 -1.1
    endloop
  endfacet
  facet normal 0.195061 -0.980791 0
    outer loop
      vertex 10.4047 1.22163 -4
      vertex 10.6998 1.28032 -1.1
      vertex 10.4047 1.22163 -1.1
    endloop
  endfacet
  facet normal 0.195061 -0.980791 0
    outer loop
      vertex 10.6998 1.28032 -1.1
      vertex 10.4047 1.22163 -4
      vertex 10.6998 1.28032 -4
    endloop
  endfacet
  facet normal -0.0654159 -0.997858 0
    outer loop
      vertex 11 1.3 -4
      vertex 11.3002 1.28032 -1.1
      vertex 11 1.3 -1.1
    endloop
  endfacet
  facet normal -0.0654159 -0.997858 -0
    outer loop
      vertex 11.3002 1.28032 -1.1
      vertex 11 1.3 -4
      vertex 11.3002 1.28032 -4
    endloop
  endfacet
  facet normal 0.442319 -0.896858 0
    outer loop
      vertex 9.85 0.991858 -4
      vertex 10.1198 1.12492 -1.1
      vertex 9.85 0.991858 -1.1
    endloop
  endfacet
  facet normal 0.442319 -0.896858 0
    outer loop
      vertex 10.1198 1.12492 -1.1
      vertex 9.85 0.991858 -4
      vertex 10.1198 1.12492 -4
    endloop
  endfacet
  facet normal -0.195061 0.980791 0
    outer loop
      vertex 11.5953 -3.22163 -4
      vertex 11.3002 -3.28032 -1.1
      vertex 11.5953 -3.22163 -1.1
    endloop
  endfacet
  facet normal -0.195061 0.980791 0
    outer loop
      vertex 11.3002 -3.28032 -1.1
      vertex 11.5953 -3.22163 -4
      vertex 11.3002 -3.28032 -4
    endloop
  endfacet
  facet normal -0.659501 -0.751704 0
    outer loop
      vertex 12.4002 0.824712 -4
      vertex 12.6263 0.626345 -1.1
      vertex 12.4002 0.824712 -1.1
    endloop
  endfacet
  facet normal -0.659501 -0.751704 -0
    outer loop
      vertex 12.6263 0.626345 -1.1
      vertex 12.4002 0.824712 -4
      vertex 12.6263 0.626345 -4
    endloop
  endfacet
  facet normal -0.555505 0.831513 0
    outer loop
      vertex 12.4002 -2.82471 -4
      vertex 12.15 -2.99186 -1.1
      vertex 12.4002 -2.82471 -1.1
    endloop
  endfacet
  facet normal -0.555505 0.831513 0
    outer loop
      vertex 12.15 -2.99186 -1.1
      vertex 12.4002 -2.82471 -4
      vertex 12.15 -2.99186 -4
    endloop
  endfacet
  facet normal 0.321438 0.946931 -0
    outer loop
      vertex 10.4047 -3.22163 -4
      vertex 10.1198 -3.12492 -1.1
      vertex 10.4047 -3.22163 -1.1
    endloop
  endfacet
  facet normal 0.321438 0.946931 0
    outer loop
      vertex 10.1198 -3.12492 -1.1
      vertex 10.4047 -3.22163 -4
      vertex 10.1198 -3.12492 -4
    endloop
  endfacet
  facet normal 0.0654159 -0.997858 0
    outer loop
      vertex 10.6998 1.28032 -4
      vertex 11 1.3 -1.1
      vertex 10.6998 1.28032 -1.1
    endloop
  endfacet
  facet normal 0.0654159 -0.997858 0
    outer loop
      vertex 11 1.3 -1.1
      vertex 10.6998 1.28032 -4
      vertex 11 1.3 -4
    endloop
  endfacet
  facet normal 0.89688 0.442274 0
    outer loop
      vertex 9.00814 -2.15 -1.1
      vertex 8.87508 -1.88017 -4
      vertex 8.87508 -1.88017 -1.1
    endloop
  endfacet
  facet normal 0.89688 0.442274 0
    outer loop
      vertex 8.87508 -1.88017 -4
      vertex 9.00814 -2.15 -1.1
      vertex 9.00814 -2.15 -4
    endloop
  endfacet
  facet normal 0.980787 0.19508 0
    outer loop
      vertex 8.77837 -1.59528 -1.1
      vertex 8.71968 -1.30021 -4
      vertex 8.71968 -1.30021 -1.1
    endloop
  endfacet
  facet normal 0.980787 0.19508 0
    outer loop
      vertex 8.71968 -1.30021 -4
      vertex 8.77837 -1.59528 -1.1
      vertex 8.77837 -1.59528 -4
    endloop
  endfacet
  facet normal -0.751779 0.659415 0
    outer loop
      vertex 12.6263 -2.62634 -4
      vertex 12.8247 -2.40015 -1.1
      vertex 12.8247 -2.40015 -4
    endloop
  endfacet
  facet normal -0.751779 0.659415 0
    outer loop
      vertex 12.8247 -2.40015 -1.1
      vertex 12.6263 -2.62634 -4
      vertex 12.6263 -2.62634 -1.1
    endloop
  endfacet
  facet normal -0.659507 0.751699 0
    outer loop
      vertex 12.6263 -2.62634 -4
      vertex 12.4002 -2.82471 -1.1
      vertex 12.6263 -2.62634 -1.1
    endloop
  endfacet
  facet normal -0.659507 0.751699 0
    outer loop
      vertex 12.4002 -2.82471 -1.1
      vertex 12.6263 -2.62634 -4
      vertex 12.4002 -2.82471 -4
    endloop
  endfacet
  facet normal 0.0654159 0.997858 -0
    outer loop
      vertex 11 -3.3 -4
      vertex 10.6998 -3.28032 -1.1
      vertex 11 -3.3 -1.1
    endloop
  endfacet
  facet normal 0.0654159 0.997858 0
    outer loop
      vertex 10.6998 -3.28032 -1.1
      vertex 11 -3.3 -4
      vertex 10.6998 -3.28032 -4
    endloop
  endfacet
  facet normal 0.946927 0.321448 0
    outer loop
      vertex 8.87508 -1.88017 -1.1
      vertex 8.77837 -1.59528 -4
      vertex 8.77837 -1.59528 -1.1
    endloop
  endfacet
  facet normal 0.946927 0.321448 0
    outer loop
      vertex 8.77837 -1.59528 -4
      vertex 8.87508 -1.88017 -1.1
      vertex 8.87508 -1.88017 -4
    endloop
  endfacet
  facet normal 0.997858 0.0654137 0
    outer loop
      vertex 8.71968 -1.30021 -1.1
      vertex 8.7 -1 -4
      vertex 8.7 -1 -1.1
    endloop
  endfacet
  facet normal 0.997858 0.0654137 0
    outer loop
      vertex 8.7 -1 -4
      vertex 8.71968 -1.30021 -1.1
      vertex 8.71968 -1.30021 -4
    endloop
  endfacet
  facet normal 0.831462 0.555582 0
    outer loop
      vertex 9.17529 -2.40015 -1.1
      vertex 9.00814 -2.15 -4
      vertex 9.00814 -2.15 -1.1
    endloop
  endfacet
  facet normal 0.831462 0.555582 0
    outer loop
      vertex 9.00814 -2.15 -4
      vertex 9.17529 -2.40015 -1.1
      vertex 9.17529 -2.40015 -4
    endloop
  endfacet
  facet normal 0.997859 0.0654027 0
    outer loop
      vertex 8.12481 -1.37853 0
      vertex 8.1 -1 -1.1
      vertex 8.1 -1 0
    endloop
  endfacet
  facet normal 0.997859 0.0654027 0
    outer loop
      vertex 8.1 -1 -1.1
      vertex 8.12481 -1.37853 0
      vertex 8.12481 -1.37853 -1.1
    endloop
  endfacet
  facet normal -0.195077 -0.980788 0
    outer loop
      vertex 11.3785 1.87519 -1.1
      vertex 11.7506 1.80118 0
      vertex 11.3785 1.87519 0
    endloop
  endfacet
  facet normal -0.195077 -0.980788 -0
    outer loop
      vertex 11.7506 1.80118 0
      vertex 11.3785 1.87519 -1.1
      vertex 11.7506 1.80118 -1.1
    endloop
  endfacet
  facet normal -0.980788 0.195077 0
    outer loop
      vertex 13.8012 -1.75058 -1.1
      vertex 13.8752 -1.37853 0
      vertex 13.8752 -1.37853 -1.1
    endloop
  endfacet
  facet normal -0.980788 0.195077 0
    outer loop
      vertex 13.8752 -1.37853 0
      vertex 13.8012 -1.75058 -1.1
      vertex 13.8012 -1.75058 0
    endloop
  endfacet
  facet normal -0.997861 0.0653764 0
    outer loop
      vertex 13.8752 -1.37853 -1.1
      vertex 13.9 -1 0
      vertex 13.9 -1 -1.1
    endloop
  endfacet
  facet normal -0.997861 0.0653764 0
    outer loop
      vertex 13.9 -1 0
      vertex 13.8752 -1.37853 -1.1
      vertex 13.8752 -1.37853 0
    endloop
  endfacet
  facet normal -0.980788 -0.195077 0
    outer loop
      vertex 13.8752 -0.621473 -1.1
      vertex 13.8012 -0.249424 0
      vertex 13.8012 -0.249424 -1.1
    endloop
  endfacet
  facet normal -0.980788 -0.195077 0
    outer loop
      vertex 13.8012 -0.249424 0
      vertex 13.8752 -0.621473 -1.1
      vertex 13.8752 -0.621473 0
    endloop
  endfacet
  facet normal 0.751845 0.65934 0
    outer loop
      vertex 8.94939 -3.05061 0
      vertex 8.69928 -2.76541 -1.1
      vertex 8.69928 -2.76541 0
    endloop
  endfacet
  facet normal 0.751845 0.65934 0
    outer loop
      vertex 8.69928 -2.76541 -1.1
      vertex 8.94939 -3.05061 0
      vertex 8.94939 -3.05061 -1.1
    endloop
  endfacet
  facet normal -0.321435 0.946932 0
    outer loop
      vertex 12.1098 -3.67925 -1.1
      vertex 11.7506 -3.80118 0
      vertex 12.1098 -3.67925 0
    endloop
  endfacet
  facet normal -0.321435 0.946932 0
    outer loop
      vertex 11.7506 -3.80118 0
      vertex 12.1098 -3.67925 -1.1
      vertex 11.7506 -3.80118 -1.1
    endloop
  endfacet
  facet normal 0.321451 0.946926 -0
    outer loop
      vertex 10.2494 -3.80118 -1.1
      vertex 9.89022 -3.67925 0
      vertex 10.2494 -3.80118 0
    endloop
  endfacet
  facet normal 0.321451 0.946926 0
    outer loop
      vertex 9.89022 -3.67925 0
      vertex 10.2494 -3.80118 -1.1
      vertex 9.89022 -3.67925 -1.1
    endloop
  endfacet
  facet normal -0.0654079 -0.997859 0
    outer loop
      vertex 11 1.9 -1.1
      vertex 11.3785 1.87519 0
      vertex 11 1.9 0
    endloop
  endfacet
  facet normal -0.0654079 -0.997859 -0
    outer loop
      vertex 11.3785 1.87519 0
      vertex 11 1.9 -1.1
      vertex 11.3785 1.87519 -1.1
    endloop
  endfacet
  facet normal -0.65934 0.751845 0
    outer loop
      vertex 13.0506 -3.05061 -1.1
      vertex 12.7654 -3.30072 0
      vertex 13.0506 -3.05061 0
    endloop
  endfacet
  facet normal -0.65934 0.751845 0
    outer loop
      vertex 12.7654 -3.30072 0
      vertex 13.0506 -3.05061 -1.1
      vertex 12.7654 -3.30072 -1.1
    endloop
  endfacet
  facet normal 0.896871 0.442293 0
    outer loop
      vertex 8.48853 -2.45 0
      vertex 8.32075 -2.10978 -1.1
      vertex 8.32075 -2.10978 0
    endloop
  endfacet
  facet normal 0.896871 0.442293 0
    outer loop
      vertex 8.32075 -2.10978 -1.1
      vertex 8.48853 -2.45 0
      vertex 8.48853 -2.45 -1.1
    endloop
  endfacet
  facet normal -0.946877 -0.321596 0
    outer loop
      vertex 13.8012 -0.249424 -1.1
      vertex 13.6792 0.109781 0
      vertex 13.6792 0.109781 -1.1
    endloop
  endfacet
  facet normal -0.946877 -0.321596 0
    outer loop
      vertex 13.6792 0.109781 0
      vertex 13.8012 -0.249424 -1.1
      vertex 13.8012 -0.249424 0
    endloop
  endfacet
  facet normal 0.980788 -0.195077 0
    outer loop
      vertex 8.12481 -0.621473 0
      vertex 8.19881 -0.249424 -1.1
      vertex 8.19881 -0.249424 0
    endloop
  endfacet
  facet normal 0.980788 -0.195077 0
    outer loop
      vertex 8.19881 -0.249424 -1.1
      vertex 8.12481 -0.621473 0
      vertex 8.12481 -0.621473 -1.1
    endloop
  endfacet
  facet normal -0.831407 -0.555663 0
    outer loop
      vertex 13.5115 0.45 -1.1
      vertex 13.3007 0.765408 0
      vertex 13.3007 0.765408 -1.1
    endloop
  endfacet
  facet normal -0.831407 -0.555663 0
    outer loop
      vertex 13.3007 0.765408 0
      vertex 13.5115 0.45 -1.1
      vertex 13.5115 0.45 0
    endloop
  endfacet
  facet normal 0.55557 0.83147 -0
    outer loop
      vertex 9.55 -3.51147 -1.1
      vertex 9.23459 -3.30072 0
      vertex 9.55 -3.51147 0
    endloop
  endfacet
  facet normal 0.55557 0.83147 0
    outer loop
      vertex 9.23459 -3.30072 0
      vertex 9.55 -3.51147 -1.1
      vertex 9.23459 -3.30072 -1.1
    endloop
  endfacet
  facet normal 0.946925 -0.321454 0
    outer loop
      vertex 8.19881 -0.249424 0
      vertex 8.32075 0.109781 -1.1
      vertex 8.32075 0.109781 0
    endloop
  endfacet
  facet normal 0.946925 -0.321454 0
    outer loop
      vertex 8.32075 0.109781 -1.1
      vertex 8.19881 -0.249424 0
      vertex 8.19881 -0.249424 -1.1
    endloop
  endfacet
  facet normal 0.0654079 -0.997859 0
    outer loop
      vertex 10.6215 1.87519 -1.1
      vertex 11 1.9 0
      vertex 10.6215 1.87519 0
    endloop
  endfacet
  facet normal 0.0654079 -0.997859 0
    outer loop
      vertex 11 1.9 0
      vertex 10.6215 1.87519 -1.1
      vertex 11 1.9 -1.1
    endloop
  endfacet
  facet normal 0.65934 0.751845 -0
    outer loop
      vertex 9.23459 -3.30072 -1.1
      vertex 8.94939 -3.05061 0
      vertex 9.23459 -3.30072 0
    endloop
  endfacet
  facet normal 0.65934 0.751845 0
    outer loop
      vertex 8.94939 -3.05061 0
      vertex 9.23459 -3.30072 -1.1
      vertex 8.94939 -3.05061 -1.1
    endloop
  endfacet
  facet normal -0.442314 0.89686 0
    outer loop
      vertex 12.45 -3.51147 -1.1
      vertex 12.1098 -3.67925 0
      vertex 12.45 -3.51147 0
    endloop
  endfacet
  facet normal -0.442314 0.89686 0
    outer loop
      vertex 12.1098 -3.67925 0
      vertex 12.45 -3.51147 -1.1
      vertex 12.1098 -3.67925 -1.1
    endloop
  endfacet
  facet normal -0.195077 0.980788 0
    outer loop
      vertex 11.7506 -3.80118 -1.1
      vertex 11.3785 -3.87519 0
      vertex 11.7506 -3.80118 0
    endloop
  endfacet
  facet normal -0.195077 0.980788 0
    outer loop
      vertex 11.3785 -3.87519 0
      vertex 11.7506 -3.80118 -1.1
      vertex 11.3785 -3.87519 -1.1
    endloop
  endfacet
  facet normal -0.997861 -0.065377 0
    outer loop
      vertex 13.9 -1 -1.1
      vertex 13.8752 -0.621473 0
      vertex 13.8752 -0.621473 -1.1
    endloop
  endfacet
  facet normal -0.997861 -0.065377 0
    outer loop
      vertex 13.8752 -0.621473 0
      vertex 13.9 -1 -1.1
      vertex 13.9 -1 0
    endloop
  endfacet
  facet normal 0.89687 -0.442294 0
    outer loop
      vertex 8.32075 0.109781 0
      vertex 8.48853 0.45 -1.1
      vertex 8.48853 0.45 0
    endloop
  endfacet
  facet normal 0.89687 -0.442294 0
    outer loop
      vertex 8.48853 0.45 -1.1
      vertex 8.32075 0.109781 0
      vertex 8.32075 0.109781 -1.1
    endloop
  endfacet
  facet normal -0.555582 0.831462 0
    outer loop
      vertex 12.7654 -3.30072 -1.1
      vertex 12.45 -3.51147 0
      vertex 12.7654 -3.30072 0
    endloop
  endfacet
  facet normal -0.555582 0.831462 0
    outer loop
      vertex 12.45 -3.51147 0
      vertex 12.7654 -3.30072 -1.1
      vertex 12.45 -3.51147 -1.1
    endloop
  endfacet
  facet normal 0.321451 -0.946926 0
    outer loop
      vertex 9.89022 1.67925 -1.1
      vertex 10.2494 1.80118 0
      vertex 9.89022 1.67925 0
    endloop
  endfacet
  facet normal 0.321451 -0.946926 0
    outer loop
      vertex 10.2494 1.80118 0
      vertex 9.89022 1.67925 -1.1
      vertex 10.2494 1.80118 -1.1
    endloop
  endfacet
  facet normal -0.65934 -0.751845 0
    outer loop
      vertex 12.7654 1.30072 -1.1
      vertex 13.0506 1.05061 0
      vertex 12.7654 1.30072 0
    endloop
  endfacet
  facet normal -0.65934 -0.751845 -0
    outer loop
      vertex 13.0506 1.05061 0
      vertex 12.7654 1.30072 -1.1
      vertex 13.0506 1.05061 -1.1
    endloop
  endfacet
  facet normal -0.831409 0.555661 0
    outer loop
      vertex 13.3007 -2.76541 -1.1
      vertex 13.5115 -2.45 0
      vertex 13.5115 -2.45 -1.1
    endloop
  endfacet
  facet normal -0.831409 0.555661 0
    outer loop
      vertex 13.5115 -2.45 0
      vertex 13.3007 -2.76541 -1.1
      vertex 13.3007 -2.76541 0
    endloop
  endfacet
  facet normal -0.555582 -0.831462 0
    outer loop
      vertex 12.45 1.51147 -1.1
      vertex 12.7654 1.30072 0
      vertex 12.45 1.51147 0
    endloop
  endfacet
  facet normal -0.555582 -0.831462 -0
    outer loop
      vertex 12.7654 1.30072 0
      vertex 12.45 1.51147 -1.1
      vertex 12.7654 1.30072 -1.1
    endloop
  endfacet
  facet normal 0.195077 0.980788 -0
    outer loop
      vertex 10.6215 -3.87519 -1.1
      vertex 10.2494 -3.80118 0
      vertex 10.6215 -3.87519 0
    endloop
  endfacet
  facet normal 0.195077 0.980788 0
    outer loop
      vertex 10.2494 -3.80118 0
      vertex 10.6215 -3.87519 -1.1
      vertex 10.2494 -3.80118 -1.1
    endloop
  endfacet
  facet normal -0.896954 0.442123 0
    outer loop
      vertex 13.5115 -2.45 -1.1
      vertex 13.6792 -2.10978 0
      vertex 13.6792 -2.10978 -1.1
    endloop
  endfacet
  facet normal -0.896954 0.442123 0
    outer loop
      vertex 13.6792 -2.10978 0
      vertex 13.5115 -2.45 -1.1
      vertex 13.5115 -2.45 0
    endloop
  endfacet
  facet normal 0.55557 -0.83147 0
    outer loop
      vertex 9.23459 1.30072 -1.1
      vertex 9.55 1.51147 0
      vertex 9.23459 1.30072 0
    endloop
  endfacet
  facet normal 0.55557 -0.83147 0
    outer loop
      vertex 9.55 1.51147 0
      vertex 9.23459 1.30072 -1.1
      vertex 9.55 1.51147 -1.1
    endloop
  endfacet
  facet normal 0.65934 -0.751845 0
    outer loop
      vertex 8.94939 1.05061 -1.1
      vertex 9.23459 1.30072 0
      vertex 8.94939 1.05061 0
    endloop
  endfacet
  facet normal 0.65934 -0.751845 0
    outer loop
      vertex 9.23459 1.30072 0
      vertex 8.94939 1.05061 -1.1
      vertex 9.23459 1.30072 -1.1
    endloop
  endfacet
  facet normal -0.75186 -0.659323 0
    outer loop
      vertex 13.3007 0.765408 -1.1
      vertex 13.0506 1.05061 0
      vertex 13.0506 1.05061 -1.1
    endloop
  endfacet
  facet normal -0.75186 -0.659323 0
    outer loop
      vertex 13.0506 1.05061 0
      vertex 13.3007 0.765408 -1.1
      vertex 13.3007 0.765408 0
    endloop
  endfacet
  facet normal 0.997859 -0.0654032 0
    outer loop
      vertex 8.1 -1 0
      vertex 8.12481 -0.621473 -1.1
      vertex 8.12481 -0.621473 0
    endloop
  endfacet
  facet normal 0.997859 -0.0654032 0
    outer loop
      vertex 8.12481 -0.621473 -1.1
      vertex 8.1 -1 0
      vertex 8.1 -1 -1.1
    endloop
  endfacet
  facet normal -0.896954 -0.442124 0
    outer loop
      vertex 13.6792 0.109781 -1.1
      vertex 13.5115 0.45 0
      vertex 13.5115 0.45 -1.1
    endloop
  endfacet
  facet normal -0.896954 -0.442124 0
    outer loop
      vertex 13.5115 0.45 0
      vertex 13.6792 0.109781 -1.1
      vertex 13.6792 0.109781 0
    endloop
  endfacet
  facet normal -0.442314 -0.89686 0
    outer loop
      vertex 12.1098 1.67925 -1.1
      vertex 12.45 1.51147 0
      vertex 12.1098 1.67925 0
    endloop
  endfacet
  facet normal -0.442314 -0.89686 -0
    outer loop
      vertex 12.45 1.51147 0
      vertex 12.1098 1.67925 -1.1
      vertex 12.45 1.51147 -1.1
    endloop
  endfacet
  facet normal 0.751847 -0.659338 0
    outer loop
      vertex 8.69928 0.765408 0
      vertex 8.94939 1.05061 -1.1
      vertex 8.94939 1.05061 0
    endloop
  endfacet
  facet normal 0.751847 -0.659338 0
    outer loop
      vertex 8.94939 1.05061 -1.1
      vertex 8.69928 0.765408 0
      vertex 8.69928 0.765408 -1.1
    endloop
  endfacet
  facet normal 0.980788 0.195077 0
    outer loop
      vertex 8.19881 -1.75058 0
      vertex 8.12481 -1.37853 -1.1
      vertex 8.12481 -1.37853 0
    endloop
  endfacet
  facet normal 0.980788 0.195077 0
    outer loop
      vertex 8.12481 -1.37853 -1.1
      vertex 8.19881 -1.75058 0
      vertex 8.19881 -1.75058 -1.1
    endloop
  endfacet
  facet normal -0.751858 0.659325 0
    outer loop
      vertex 13.0506 -3.05061 -1.1
      vertex 13.3007 -2.76541 0
      vertex 13.3007 -2.76541 -1.1
    endloop
  endfacet
  facet normal -0.751858 0.659325 0
    outer loop
      vertex 13.3007 -2.76541 0
      vertex 13.0506 -3.05061 -1.1
      vertex 13.0506 -3.05061 0
    endloop
  endfacet
  facet normal 0.83147 0.55557 0
    outer loop
      vertex 8.69928 -2.76541 0
      vertex 8.48853 -2.45 -1.1
      vertex 8.48853 -2.45 0
    endloop
  endfacet
  facet normal 0.83147 0.55557 0
    outer loop
      vertex 8.48853 -2.45 -1.1
      vertex 8.69928 -2.76541 0
      vertex 8.69928 -2.76541 -1.1
    endloop
  endfacet
  facet normal 0.442293 -0.896871 0
    outer loop
      vertex 9.55 1.51147 -1.1
      vertex 9.89022 1.67925 0
      vertex 9.55 1.51147 0
    endloop
  endfacet
  facet normal 0.442293 -0.896871 0
    outer loop
      vertex 9.89022 1.67925 0
      vertex 9.55 1.51147 -1.1
      vertex 9.89022 1.67925 -1.1
    endloop
  endfacet
  facet normal 0 0 1
    outer loop
      vertex 13.3 -1 -1.1
      vertex 13.9 -1 -1.1
      vertex 13.8752 -0.621473 -1.1
    endloop
  endfacet
  facet normal 0 0 1
    outer loop
      vertex 13.2803 -0.699789 -1.1
      vertex 13.8752 -0.621473 -1.1
      vertex 13.8012 -0.249424 -1.1
    endloop
  endfacet
  facet normal 0 0 1
    outer loop
      vertex 13.9 -1 -1.1
      vertex 13.3 -1 -1.1
      vertex 13.8752 -1.37853 -1.1
    endloop
  endfacet
  facet normal 0 0 1
    outer loop
      vertex 13.2216 -0.404716 -1.1
      vertex 13.8012 -0.249424 -1.1
      vertex 13.6792 0.109781 -1.1
    endloop
  endfacet
  facet normal -0 0 1
    outer loop
      vertex 13.2803 -1.30021 -1.1
      vertex 13.8752 -1.37853 -1.1
      vertex 13.3 -1 -1.1
    endloop
  endfacet
  facet normal 0 0 1
    outer loop
      vertex 13.1249 -0.119827 -1.1
      vertex 13.6792 0.109781 -1.1
      vertex 13.5115 0.45 -1.1
    endloop
  endfacet
  facet normal 0 0 1
    outer loop
      vertex 13.8752 -1.37853 -1.1
      vertex 13.2803 -1.30021 -1.1
      vertex 13.8012 -1.75058 -1.1
    endloop
  endfacet
  facet normal 0 0 1
    outer loop
      vertex 12.9919 0.15 -1.1
      vertex 13.5115 0.45 -1.1
      vertex 13.3007 0.765408 -1.1
    endloop
  endfacet
  facet normal -0 0 1
    outer loop
      vertex 13.2216 -1.59528 -1.1
      vertex 13.8012 -1.75058 -1.1
      vertex 13.2803 -1.30021 -1.1
    endloop
  endfacet
  facet normal 0 0 1
    outer loop
      vertex 13.8012 -1.75058 -1.1
      vertex 13.2216 -1.59528 -1.1
      vertex 13.6792 -2.10978 -1.1
    endloop
  endfacet
  facet normal 0 0 1
    outer loop
      vertex 13.8752 -0.621473 -1.1
      vertex 13.2803 -0.699789 -1.1
      vertex 13.3 -1 -1.1
    endloop
  endfacet
  facet normal 0 0 1
    outer loop
      vertex 13.8012 -0.249424 -1.1
      vertex 13.2216 -0.404716 -1.1
      vertex 13.2803 -0.699789 -1.1
    endloop
  endfacet
  facet normal 0 0 1
    outer loop
      vertex 13.6792 0.109781 -1.1
      vertex 13.1249 -0.119827 -1.1
      vertex 13.2216 -0.404716 -1.1
    endloop
  endfacet
  facet normal 0 0 1
    outer loop
      vertex 12.8247 0.400151 -1.1
      vertex 13.3007 0.765408 -1.1
      vertex 13.0506 1.05061 -1.1
    endloop
  endfacet
  facet normal 0 0 1
    outer loop
      vertex 13.5115 0.45 -1.1
      vertex 12.9919 0.15 -1.1
      vertex 13.1249 -0.119827 -1.1
    endloop
  endfacet
  facet normal 0 0 1
    outer loop
      vertex 13.3007 0.765408 -1.1
      vertex 12.8247 0.400151 -1.1
      vertex 12.9919 0.15 -1.1
    endloop
  endfacet
  facet normal 0 0 1
    outer loop
      vertex 12.6263 0.626345 -1.1
      vertex 13.0506 1.05061 -1.1
      vertex 12.7654 1.30072 -1.1
    endloop
  endfacet
  facet normal 0 0 1
    outer loop
      vertex 13.0506 1.05061 -1.1
      vertex 12.6263 0.626345 -1.1
      vertex 12.8247 0.400151 -1.1
    endloop
  endfacet
  facet normal 0 0 1
    outer loop
      vertex 12.4002 0.824712 -1.1
      vertex 12.7654 1.30072 -1.1
      vertex 12.45 1.51147 -1.1
    endloop
  endfacet
  facet normal 0 0 1
    outer loop
      vertex 12.7654 1.30072 -1.1
      vertex 12.4002 0.824712 -1.1
      vertex 12.6263 0.626345 -1.1
    endloop
  endfacet
  facet normal 0 0 1
    outer loop
      vertex 12.45 1.51147 -1.1
      vertex 12.15 0.991858 -1.1
      vertex 12.4002 0.824712 -1.1
    endloop
  endfacet
  facet normal 0 0 1
    outer loop
      vertex 12.1098 1.67925 -1.1
      vertex 12.15 0.991858 -1.1
      vertex 12.45 1.51147 -1.1
    endloop
  endfacet
  facet normal 0 0 1
    outer loop
      vertex 12.1098 1.67925 -1.1
      vertex 11.8802 1.12492 -1.1
      vertex 12.15 0.991858 -1.1
    endloop
  endfacet
  facet normal 0 0 1
    outer loop
      vertex 11.7506 1.80118 -1.1
      vertex 11.8802 1.12492 -1.1
      vertex 12.1098 1.67925 -1.1
    endloop
  endfacet
  facet normal 0 0 1
    outer loop
      vertex 11.7506 1.80118 -1.1
      vertex 11.5953 1.22163 -1.1
      vertex 11.8802 1.12492 -1.1
    endloop
  endfacet
  facet normal 0 0 1
    outer loop
      vertex 11.3785 1.87519 -1.1
      vertex 11.5953 1.22163 -1.1
      vertex 11.7506 1.80118 -1.1
    endloop
  endfacet
  facet normal 0 0 1
    outer loop
      vertex 11.3785 1.87519 -1.1
      vertex 11.3002 1.28032 -1.1
      vertex 11.5953 1.22163 -1.1
    endloop
  endfacet
  facet normal 0 0 1
    outer loop
      vertex 11 1.9 -1.1
      vertex 11.3002 1.28032 -1.1
      vertex 11.3785 1.87519 -1.1
    endloop
  endfacet
  facet normal 0 0 1
    outer loop
      vertex 11 1.9 -1.1
      vertex 11 1.3 -1.1
      vertex 11.3002 1.28032 -1.1
    endloop
  endfacet
  facet normal 0 0 1
    outer loop
      vertex 11 1.9 -1.1
      vertex 10.6998 1.28032 -1.1
      vertex 11 1.3 -1.1
    endloop
  endfacet
  facet normal -0 0 1
    outer loop
      vertex 10.6215 1.87519 -1.1
      vertex 10.6998 1.28032 -1.1
      vertex 11 1.9 -1.1
    endloop
  endfacet
  facet normal 0 0 1
    outer loop
      vertex 10.6215 1.87519 -1.1
      vertex 10.4047 1.22163 -1.1
      vertex 10.6998 1.28032 -1.1
    endloop
  endfacet
  facet normal -0 0 1
    outer loop
      vertex 10.2494 1.80118 -1.1
      vertex 10.4047 1.22163 -1.1
      vertex 10.6215 1.87519 -1.1
    endloop
  endfacet
  facet normal 0 0 1
    outer loop
      vertex 10.2494 1.80118 -1.1
      vertex 10.1198 1.12492 -1.1
      vertex 10.4047 1.22163 -1.1
    endloop
  endfacet
  facet normal -0 0 1
    outer loop
      vertex 9.89022 1.67925 -1.1
      vertex 10.1198 1.12492 -1.1
      vertex 10.2494 1.80118 -1.1
    endloop
  endfacet
  facet normal 0 0 1
    outer loop
      vertex 9.89022 1.67925 -1.1
      vertex 9.85 0.991858 -1.1
      vertex 10.1198 1.12492 -1.1
    endloop
  endfacet
  facet normal -0 0 1
    outer loop
      vertex 9.55 1.51147 -1.1
      vertex 9.85 0.991858 -1.1
      vertex 9.89022 1.67925 -1.1
    endloop
  endfacet
  facet normal 0 0 1
    outer loop
      vertex 9.85 0.991858 -1.1
      vertex 9.55 1.51147 -1.1
      vertex 9.59985 0.824712 -1.1
    endloop
  endfacet
  facet normal -0 0 1
    outer loop
      vertex 9.23459 1.30072 -1.1
      vertex 9.59985 0.824712 -1.1
      vertex 9.55 1.51147 -1.1
    endloop
  endfacet
  facet normal 0 0 1
    outer loop
      vertex 9.59985 0.824712 -1.1
      vertex 9.23459 1.30072 -1.1
      vertex 9.37365 0.626345 -1.1
    endloop
  endfacet
  facet normal -0 0 1
    outer loop
      vertex 8.94939 1.05061 -1.1
      vertex 9.37365 0.626345 -1.1
      vertex 9.23459 1.30072 -1.1
    endloop
  endfacet
  facet normal 0 0 1
    outer loop
      vertex 9.37365 0.626345 -1.1
      vertex 8.94939 1.05061 -1.1
      vertex 9.17529 0.400151 -1.1
    endloop
  endfacet
  facet normal -0 0 1
    outer loop
      vertex 8.69928 0.765408 -1.1
      vertex 9.17529 0.400151 -1.1
      vertex 8.94939 1.05061 -1.1
    endloop
  endfacet
  facet normal 0 0 1
    outer loop
      vertex 9.17529 0.400151 -1.1
      vertex 8.69928 0.765408 -1.1
      vertex 9.00814 0.15 -1.1
    endloop
  endfacet
  facet normal -0 0 1
    outer loop
      vertex 8.48853 0.45 -1.1
      vertex 9.00814 0.15 -1.1
      vertex 8.69928 0.765408 -1.1
    endloop
  endfacet
  facet normal 0 0 1
    outer loop
      vertex 9.00814 0.15 -1.1
      vertex 8.48853 0.45 -1.1
      vertex 8.87508 -0.119827 -1.1
    endloop
  endfacet
  facet normal 0 0 1
    outer loop
      vertex 8.87508 -0.119827 -1.1
      vertex 8.32075 0.109781 -1.1
      vertex 8.77837 -0.404716 -1.1
    endloop
  endfacet
  facet normal -0 0 1
    outer loop
      vertex 8.32075 0.109781 -1.1
      vertex 8.87508 -0.119827 -1.1
      vertex 8.48853 0.45 -1.1
    endloop
  endfacet
  facet normal -0 0 1
    outer loop
      vertex 13.1249 -1.88017 -1.1
      vertex 13.6792 -2.10978 -1.1
      vertex 13.2216 -1.59528 -1.1
    endloop
  endfacet
  facet normal 0 0 1
    outer loop
      vertex 13.6792 -2.10978 -1.1
      vertex 13.1249 -1.88017 -1.1
      vertex 13.5115 -2.45 -1.1
    endloop
  endfacet
  facet normal -0 0 1
    outer loop
      vertex 12.9919 -2.15 -1.1
      vertex 13.5115 -2.45 -1.1
      vertex 13.1249 -1.88017 -1.1
    endloop
  endfacet
  facet normal 0 0 1
    outer loop
      vertex 13.5115 -2.45 -1.1
      vertex 12.9919 -2.15 -1.1
      vertex 13.3007 -2.76541 -1.1
    endloop
  endfacet
  facet normal -0 0 1
    outer loop
      vertex 12.8247 -2.40015 -1.1
      vertex 13.3007 -2.76541 -1.1
      vertex 12.9919 -2.15 -1.1
    endloop
  endfacet
  facet normal 0 0 1
    outer loop
      vertex 13.3007 -2.76541 -1.1
      vertex 12.8247 -2.40015 -1.1
      vertex 13.0506 -3.05061 -1.1
    endloop
  endfacet
  facet normal -0 0 1
    outer loop
      vertex 12.6263 -2.62634 -1.1
      vertex 13.0506 -3.05061 -1.1
      vertex 12.8247 -2.40015 -1.1
    endloop
  endfacet
  facet normal 0 0 1
    outer loop
      vertex 13.0506 -3.05061 -1.1
      vertex 12.6263 -2.62634 -1.1
      vertex 12.7654 -3.30072 -1.1
    endloop
  endfacet
  facet normal -0 0 1
    outer loop
      vertex 12.4002 -2.82471 -1.1
      vertex 12.7654 -3.30072 -1.1
      vertex 12.6263 -2.62634 -1.1
    endloop
  endfacet
  facet normal 0 0 1
    outer loop
      vertex 12.7654 -3.30072 -1.1
      vertex 12.4002 -2.82471 -1.1
      vertex 12.45 -3.51147 -1.1
    endloop
  endfacet
  facet normal -0 0 1
    outer loop
      vertex 12.15 -2.99186 -1.1
      vertex 12.45 -3.51147 -1.1
      vertex 12.4002 -2.82471 -1.1
    endloop
  endfacet
  facet normal 0 0 1
    outer loop
      vertex 12.15 -2.99186 -1.1
      vertex 12.1098 -3.67925 -1.1
      vertex 12.45 -3.51147 -1.1
    endloop
  endfacet
  facet normal -0 0 1
    outer loop
      vertex 11.8802 -3.12492 -1.1
      vertex 12.1098 -3.67925 -1.1
      vertex 12.15 -2.99186 -1.1
    endloop
  endfacet
  facet normal 0 0 1
    outer loop
      vertex 11.8802 -3.12492 -1.1
      vertex 11.7506 -3.80118 -1.1
      vertex 12.1098 -3.67925 -1.1
    endloop
  endfacet
  facet normal -0 0 1
    outer loop
      vertex 11.5953 -3.22163 -1.1
      vertex 11.7506 -3.80118 -1.1
      vertex 11.8802 -3.12492 -1.1
    endloop
  endfacet
  facet normal 0 0 1
    outer loop
      vertex 11.5953 -3.22163 -1.1
      vertex 11.3785 -3.87519 -1.1
      vertex 11.7506 -3.80118 -1.1
    endloop
  endfacet
  facet normal -0 0 1
    outer loop
      vertex 11.3002 -3.28032 -1.1
      vertex 11.3785 -3.87519 -1.1
      vertex 11.5953 -3.22163 -1.1
    endloop
  endfacet
  facet normal -0 0 1
    outer loop
      vertex 11 -3.3 -1.1
      vertex 11.3785 -3.87519 -1.1
      vertex 11.3002 -3.28032 -1.1
    endloop
  endfacet
  facet normal 0 0 1
    outer loop
      vertex 11 -3.3 -1.1
      vertex 11 -3.9 -1.1
      vertex 11.3785 -3.87519 -1.1
    endloop
  endfacet
  facet normal 0 0 1
    outer loop
      vertex 10.6998 -3.28032 -1.1
      vertex 11 -3.9 -1.1
      vertex 11 -3.3 -1.1
    endloop
  endfacet
  facet normal 0 0 1
    outer loop
      vertex 10.6998 -3.28032 -1.1
      vertex 10.6215 -3.87519 -1.1
      vertex 11 -3.9 -1.1
    endloop
  endfacet
  facet normal 0 0 1
    outer loop
      vertex 10.4047 -3.22163 -1.1
      vertex 10.6215 -3.87519 -1.1
      vertex 10.6998 -3.28032 -1.1
    endloop
  endfacet
  facet normal 0 0 1
    outer loop
      vertex 10.4047 -3.22163 -1.1
      vertex 10.2494 -3.80118 -1.1
      vertex 10.6215 -3.87519 -1.1
    endloop
  endfacet
  facet normal 0 0 1
    outer loop
      vertex 10.1198 -3.12492 -1.1
      vertex 10.2494 -3.80118 -1.1
      vertex 10.4047 -3.22163 -1.1
    endloop
  endfacet
  facet normal 0 0 1
    outer loop
      vertex 10.1198 -3.12492 -1.1
      vertex 9.89022 -3.67925 -1.1
      vertex 10.2494 -3.80118 -1.1
    endloop
  endfacet
  facet normal 0 0 1
    outer loop
      vertex 9.85 -2.99186 -1.1
      vertex 9.89022 -3.67925 -1.1
      vertex 10.1198 -3.12492 -1.1
    endloop
  endfacet
  facet normal 0 0 1
    outer loop
      vertex 9.55 -3.51147 -1.1
      vertex 9.85 -2.99186 -1.1
      vertex 9.59985 -2.82471 -1.1
    endloop
  endfacet
  facet normal 0 0 1
    outer loop
      vertex 9.85 -2.99186 -1.1
      vertex 9.55 -3.51147 -1.1
      vertex 9.89022 -3.67925 -1.1
    endloop
  endfacet
  facet normal 0 0 1
    outer loop
      vertex 9.23459 -3.30072 -1.1
      vertex 9.59985 -2.82471 -1.1
      vertex 9.37365 -2.62634 -1.1
    endloop
  endfacet
  facet normal 0 0 1
    outer loop
      vertex 9.59985 -2.82471 -1.1
      vertex 9.23459 -3.30072 -1.1
      vertex 9.55 -3.51147 -1.1
    endloop
  endfacet
  facet normal 0 0 1
    outer loop
      vertex 8.94939 -3.05061 -1.1
      vertex 9.37365 -2.62634 -1.1
      vertex 9.17529 -2.40015 -1.1
    endloop
  endfacet
  facet normal 0 0 1
    outer loop
      vertex 8.69928 -2.76541 -1.1
      vertex 9.17529 -2.40015 -1.1
      vertex 9.00814 -2.15 -1.1
    endloop
  endfacet
  facet normal 0 0 1
    outer loop
      vertex 9.37365 -2.62634 -1.1
      vertex 8.94939 -3.05061 -1.1
      vertex 9.23459 -3.30072 -1.1
    endloop
  endfacet
  facet normal 0 0 1
    outer loop
      vertex 8.48853 -2.45 -1.1
      vertex 9.00814 -2.15 -1.1
      vertex 8.87508 -1.88017 -1.1
    endloop
  endfacet
  facet normal 0 0 1
    outer loop
      vertex 8.32075 -2.10978 -1.1
      vertex 8.87508 -1.88017 -1.1
      vertex 8.77837 -1.59528 -1.1
    endloop
  endfacet
  facet normal 0 0 1
    outer loop
      vertex 8.19881 -1.75058 -1.1
      vertex 8.77837 -1.59528 -1.1
      vertex 8.71968 -1.30021 -1.1
    endloop
  endfacet
  facet normal 0 0 1
    outer loop
      vertex 9.17529 -2.40015 -1.1
      vertex 8.69928 -2.76541 -1.1
      vertex 8.94939 -3.05061 -1.1
    endloop
  endfacet
  facet normal 0 0 1
    outer loop
      vertex 8.12481 -1.37853 -1.1
      vertex 8.71968 -1.30021 -1.1
      vertex 8.7 -1 -1.1
    endloop
  endfacet
  facet normal -0 0 1
    outer loop
      vertex 8.19881 -0.249424 -1.1
      vertex 8.77837 -0.404716 -1.1
      vertex 8.32075 0.109781 -1.1
    endloop
  endfacet
  facet normal 0 0 1
    outer loop
      vertex 8.77837 -0.404716 -1.1
      vertex 8.19881 -0.249424 -1.1
      vertex 8.71968 -0.699789 -1.1
    endloop
  endfacet
  facet normal 0 0 1
    outer loop
      vertex 9.00814 -2.15 -1.1
      vertex 8.48853 -2.45 -1.1
      vertex 8.69928 -2.76541 -1.1
    endloop
  endfacet
  facet normal -0 0 1
    outer loop
      vertex 8.12481 -0.621473 -1.1
      vertex 8.71968 -0.699789 -1.1
      vertex 8.19881 -0.249424 -1.1
    endloop
  endfacet
  facet normal 0 0 1
    outer loop
      vertex 8.87508 -1.88017 -1.1
      vertex 8.32075 -2.10978 -1.1
      vertex 8.48853 -2.45 -1.1
    endloop
  endfacet
  facet normal 0 0 1
    outer loop
      vertex 8.71968 -0.699789 -1.1
      vertex 8.12481 -0.621473 -1.1
      vertex 8.7 -1 -1.1
    endloop
  endfacet
  facet normal 0 0 1
    outer loop
      vertex 8.77837 -1.59528 -1.1
      vertex 8.19881 -1.75058 -1.1
      vertex 8.32075 -2.10978 -1.1
    endloop
  endfacet
  facet normal 0 0 1
    outer loop
      vertex 8.1 -1 -1.1
      vertex 8.7 -1 -1.1
      vertex 8.12481 -0.621473 -1.1
    endloop
  endfacet
  facet normal 0 0 1
    outer loop
      vertex 8.71968 -1.30021 -1.1
      vertex 8.12481 -1.37853 -1.1
      vertex 8.19881 -1.75058 -1.1
    endloop
  endfacet
  facet normal 0 0 1
    outer loop
      vertex 8.7 -1 -1.1
      vertex 8.1 -1 -1.1
      vertex 8.12481 -1.37853 -1.1
    endloop
  endfacet
  facet normal -0.946876 0.3216 0
    outer loop
      vertex 13.6792 -2.10978 -1.1
      vertex 13.8012 -1.75058 0
      vertex 13.8012 -1.75058 -1.1
    endloop
  endfacet
  facet normal -0.946876 0.3216 0
    outer loop
      vertex 13.8012 -1.75058 0
      vertex 13.6792 -2.10978 -1.1
      vertex 13.6792 -2.10978 0
    endloop
  endfacet
  facet normal 0.442293 0.896871 -0
    outer loop
      vertex 9.89022 -3.67925 -1.1
      vertex 9.55 -3.51147 0
      vertex 9.89022 -3.67925 0
    endloop
  endfacet
  facet normal 0.442293 0.896871 0
    outer loop
      vertex 9.55 -3.51147 0
      vertex 9.89022 -3.67925 -1.1
      vertex 9.55 -3.51147 -1.1
    endloop
  endfacet
  facet normal -0.0654079 0.997859 0
    outer loop
      vertex 11.3785 -3.87519 -1.1
      vertex 11 -3.9 0
      vertex 11.3785 -3.87519 0
    endloop
  endfacet
  facet normal -0.0654079 0.997859 0
    outer loop
      vertex 11 -3.9 0
      vertex 11.3785 -3.87519 -1.1
      vertex 11 -3.9 -1.1
    endloop
  endfacet
  facet normal -0.321435 -0.946932 0
    outer loop
      vertex 11.7506 1.80118 -1.1
      vertex 12.1098 1.67925 0
      vertex 11.7506 1.80118 0
    endloop
  endfacet
  facet normal -0.321435 -0.946932 -0
    outer loop
      vertex 12.1098 1.67925 0
      vertex 11.7506 1.80118 -1.1
      vertex 12.1098 1.67925 -1.1
    endloop
  endfacet
  facet normal 0.195077 -0.980788 0
    outer loop
      vertex 10.2494 1.80118 -1.1
      vertex 10.6215 1.87519 0
      vertex 10.2494 1.80118 0
    endloop
  endfacet
  facet normal 0.195077 -0.980788 0
    outer loop
      vertex 10.6215 1.87519 0
      vertex 10.2494 1.80118 -1.1
      vertex 10.6215 1.87519 -1.1
    endloop
  endfacet
  facet normal 0.0654079 0.997859 -0
    outer loop
      vertex 11 -3.9 -1.1
      vertex 10.6215 -3.87519 0
      vertex 11 -3.9 0
    endloop
  endfacet
  facet normal 0.0654079 0.997859 0
    outer loop
      vertex 10.6215 -3.87519 0
      vertex 11 -3.9 -1.1
      vertex 10.6215 -3.87519 -1.1
    endloop
  endfacet
  facet normal 0.831468 -0.555572 0
    outer loop
      vertex 8.48853 0.45 0
      vertex 8.69928 0.765408 -1.1
      vertex 8.69928 0.765408 0
    endloop
  endfacet
  facet normal 0.831468 -0.555572 0
    outer loop
      vertex 8.69928 0.765408 -1.1
      vertex 8.48853 0.45 0
      vertex 8.48853 0.45 -1.1
    endloop
  endfacet
  facet normal 0.946924 0.321458 0
    outer loop
      vertex 8.32075 -2.10978 0
      vertex 8.19881 -1.75058 -1.1
      vertex 8.19881 -1.75058 0
    endloop
  endfacet
  facet normal 0.946924 0.321458 0
    outer loop
      vertex 8.19881 -1.75058 -1.1
      vertex 8.32075 -2.10978 0
      vertex 8.32075 -2.10978 -1.1
    endloop
  endfacet
  facet normal -0.980781 0.195112 0
    outer loop
      vertex 71.2216 -1.59528 -4
      vertex 71.2803 -1.30021 -1.1
      vertex 71.2803 -1.30021 -4
    endloop
  endfacet
  facet normal -0.980781 0.195112 0
    outer loop
      vertex 71.2803 -1.30021 -1.1
      vertex 71.2216 -1.59528 -4
      vertex 71.2216 -1.59528 -1.1
    endloop
  endfacet
  facet normal -0.997854 0.0654799 0
    outer loop
      vertex 71.2803 -1.30021 -4
      vertex 71.3 -1 -1.1
      vertex 71.3 -1 -4
    endloop
  endfacet
  facet normal -0.997854 0.0654799 0
    outer loop
      vertex 71.3 -1 -1.1
      vertex 71.2803 -1.30021 -4
      vertex 71.2803 -1.30021 -1.1
    endloop
  endfacet
  facet normal -0.946937 0.321418 0
    outer loop
      vertex 71.1249 -1.88017 -4
      vertex 71.2216 -1.59528 -1.1
      vertex 71.2216 -1.59528 -4
    endloop
  endfacet
  facet normal -0.946937 0.321418 0
    outer loop
      vertex 71.2216 -1.59528 -1.1
      vertex 71.1249 -1.88017 -4
      vertex 71.1249 -1.88017 -1.1
    endloop
  endfacet
  facet normal -0.831385 0.555697 0
    outer loop
      vertex 70.8247 -2.40015 -4
      vertex 70.9919 -2.15 -1.1
      vertex 70.9919 -2.15 -4
    endloop
  endfacet
  facet normal -0.831385 0.555697 0
    outer loop
      vertex 70.9919 -2.15 -1.1
      vertex 70.8247 -2.40015 -4
      vertex 70.8247 -2.40015 -1.1
    endloop
  endfacet
  facet normal 0.946937 -0.321419 0
    outer loop
      vertex 66.7784 -0.404716 -1.1
      vertex 66.8751 -0.119827 -4
      vertex 66.8751 -0.119827 -1.1
    endloop
  endfacet
  facet normal 0.946937 -0.321419 0
    outer loop
      vertex 66.8751 -0.119827 -4
      vertex 66.7784 -0.404716 -1.1
      vertex 66.7784 -0.404716 -4
    endloop
  endfacet
  facet normal -0.321438 -0.946931 0
    outer loop
      vertex 69.5953 1.22163 -4
      vertex 69.8802 1.12492 -1.1
      vertex 69.5953 1.22163 -1.1
    endloop
  endfacet
  facet normal -0.321438 -0.946931 -0
    outer loop
      vertex 69.8802 1.12492 -1.1
      vertex 69.5953 1.22163 -4
      vertex 69.8802 1.12492 -4
    endloop
  endfacet
  facet normal -0.896959 0.442114 0
    outer loop
      vertex 70.9919 -2.15 -4
      vertex 71.1249 -1.88017 -1.1
      vertex 71.1249 -1.88017 -4
    endloop
  endfacet
  facet normal -0.896959 0.442114 0
    outer loop
      vertex 71.1249 -1.88017 -1.1
      vertex 70.9919 -2.15 -4
      vertex 70.9919 -2.15 -1.1
    endloop
  endfacet
  facet normal 0.555505 0.831513 -0
    outer loop
      vertex 67.85 -2.99186 -4
      vertex 67.5998 -2.82471 -1.1
      vertex 67.85 -2.99186 -1.1
    endloop
  endfacet
  facet normal 0.555505 0.831513 0
    outer loop
      vertex 67.5998 -2.82471 -1.1
      vertex 67.85 -2.99186 -4
      vertex 67.5998 -2.82471 -4
    endloop
  endfacet
  facet normal -0.980781 -0.195111 0
    outer loop
      vertex 71.2803 -0.699789 -4
      vertex 71.2216 -0.404716 -1.1
      vertex 71.2216 -0.404716 -4
    endloop
  endfacet
  facet normal -0.980781 -0.195111 0
    outer loop
      vertex 71.2216 -0.404716 -1.1
      vertex 71.2803 -0.699789 -4
      vertex 71.2803 -0.699789 -1.1
    endloop
  endfacet
  facet normal -0.321438 0.946931 0
    outer loop
      vertex 69.8802 -3.12492 -4
      vertex 69.5953 -3.22163 -1.1
      vertex 69.8802 -3.12492 -1.1
    endloop
  endfacet
  facet normal -0.321438 0.946931 0
    outer loop
      vertex 69.5953 -3.22163 -1.1
      vertex 69.8802 -3.12492 -4
      vertex 69.5953 -3.22163 -4
    endloop
  endfacet
  facet normal 0.659507 0.751699 -0
    outer loop
      vertex 67.5998 -2.82471 -4
      vertex 67.3737 -2.62634 -1.1
      vertex 67.5998 -2.82471 -1.1
    endloop
  endfacet
  facet normal 0.659507 0.751699 0
    outer loop
      vertex 67.3737 -2.62634 -1.1
      vertex 67.5998 -2.82471 -4
      vertex 67.3737 -2.62634 -4
    endloop
  endfacet
  facet normal -0.555496 -0.831519 0
    outer loop
      vertex 70.15 0.991858 -4
      vertex 70.4002 0.824712 -1.1
      vertex 70.15 0.991858 -1.1
    endloop
  endfacet
  facet normal -0.555496 -0.831519 -0
    outer loop
      vertex 70.4002 0.824712 -1.1
      vertex 70.15 0.991858 -4
      vertex 70.4002 0.824712 -4
    endloop
  endfacet
  facet normal 0.195061 0.980791 -0
    outer loop
      vertex 68.6998 -3.28032 -4
      vertex 68.4047 -3.22163 -1.1
      vertex 68.6998 -3.28032 -1.1
    endloop
  endfacet
  facet normal 0.195061 0.980791 0
    outer loop
      vertex 68.4047 -3.22163 -1.1
      vertex 68.6998 -3.28032 -4
      vertex 68.4047 -3.22163 -4
    endloop
  endfacet
  facet normal 0.997854 -0.0654797 0
    outer loop
      vertex 66.7 -1 -1.1
      vertex 66.7197 -0.699789 -4
      vertex 66.7197 -0.699789 -1.1
    endloop
  endfacet
  facet normal 0.997854 -0.0654797 0
    outer loop
      vertex 66.7197 -0.699789 -4
      vertex 66.7 -1 -1.1
      vertex 66.7 -1 -4
    endloop
  endfacet
  facet normal 0.896957 -0.442118 0
    outer loop
      vertex 66.8751 -0.119827 -1.1
      vertex 67.0081 0.15 -4
      vertex 67.0081 0.15 -1.1
    endloop
  endfacet
  facet normal 0.896957 -0.442118 0
    outer loop
      vertex 67.0081 0.15 -4
      vertex 66.8751 -0.119827 -1.1
      vertex 66.8751 -0.119827 -4
    endloop
  endfacet
  facet normal -0.0654159 0.997858 0
    outer loop
      vertex 69.3002 -3.28032 -4
      vertex 69 -3.3 -1.1
      vertex 69.3002 -3.28032 -1.1
    endloop
  endfacet
  facet normal -0.0654159 0.997858 0
    outer loop
      vertex 69 -3.3 -1.1
      vertex 69.3002 -3.28032 -4
      vertex 69 -3.3 -4
    endloop
  endfacet
  facet normal 0.321438 -0.946931 0
    outer loop
      vertex 68.1198 1.12492 -4
      vertex 68.4047 1.22163 -1.1
      vertex 68.1198 1.12492 -1.1
    endloop
  endfacet
  facet normal 0.321438 -0.946931 0
    outer loop
      vertex 68.4047 1.22163 -1.1
      vertex 68.1198 1.12492 -4
      vertex 68.4047 1.22163 -4
    endloop
  endfacet
  facet normal -0.195061 -0.980791 0
    outer loop
      vertex 69.3002 1.28032 -4
      vertex 69.5953 1.22163 -1.1
      vertex 69.3002 1.28032 -1.1
    endloop
  endfacet
  facet normal -0.195061 -0.980791 -0
    outer loop
      vertex 69.5953 1.22163 -1.1
      vertex 69.3002 1.28032 -4
      vertex 69.5953 1.22163 -4
    endloop
  endfacet
  facet normal 0.442314 0.89686 -0
    outer loop
      vertex 68.1198 -3.12492 -4
      vertex 67.85 -2.99186 -1.1
      vertex 68.1198 -3.12492 -1.1
    endloop
  endfacet
  facet normal 0.442314 0.89686 0
    outer loop
      vertex 67.85 -2.99186 -1.1
      vertex 68.1198 -3.12492 -4
      vertex 67.85 -2.99186 -4
    endloop
  endfacet
  facet normal -0.442314 0.89686 0
    outer loop
      vertex 70.15 -2.99186 -4
      vertex 69.8802 -3.12492 -1.1
      vertex 70.15 -2.99186 -1.1
    endloop
  endfacet
  facet normal -0.442314 0.89686 0
    outer loop
      vertex 69.8802 -3.12492 -1.1
      vertex 70.15 -2.99186 -4
      vertex 69.8802 -3.12492 -4
    endloop
  endfacet
  facet normal -0.442319 -0.896858 0
    outer loop
      vertex 69.8802 1.12492 -4
      vertex 70.15 0.991858 -1.1
      vertex 69.8802 1.12492 -1.1
    endloop
  endfacet
  facet normal -0.442319 -0.896858 -0
    outer loop
      vertex 70.15 0.991858 -1.1
      vertex 69.8802 1.12492 -4
      vertex 70.15 0.991858 -4
    endloop
  endfacet
  facet normal 0.980781 -0.195111 0
    outer loop
      vertex 66.7197 -0.699789 -1.1
      vertex 66.7784 -0.404716 -4
      vertex 66.7784 -0.404716 -1.1
    endloop
  endfacet
  facet normal 0.980781 -0.195111 0
    outer loop
      vertex 66.7784 -0.404716 -4
      vertex 66.7197 -0.699789 -1.1
      vertex 66.7197 -0.699789 -4
    endloop
  endfacet
  facet normal -0.997854 -0.0654797 0
    outer loop
      vertex 71.3 -1 -4
      vertex 71.2803 -0.699789 -1.1
      vertex 71.2803 -0.699789 -4
    endloop
  endfacet
  facet normal -0.997854 -0.0654797 0
    outer loop
      vertex 71.2803 -0.699789 -1.1
      vertex 71.3 -1 -4
      vertex 71.3 -1 -1.1
    endloop
  endfacet
  facet normal 0.555496 -0.831519 0
    outer loop
      vertex 67.5998 0.824712 -4
      vertex 67.85 0.991858 -1.1
      vertex 67.5998 0.824712 -1.1
    endloop
  endfacet
  facet normal 0.555496 -0.831519 0
    outer loop
      vertex 67.85 0.991858 -1.1
      vertex 67.5998 0.824712 -4
      vertex 67.85 0.991858 -4
    endloop
  endfacet
  facet normal -0.751785 -0.659408 0
    outer loop
      vertex 70.8247 0.400151 -4
      vertex 70.6263 0.626345 -1.1
      vertex 70.6263 0.626345 -4
    endloop
  endfacet
  facet normal -0.751785 -0.659408 0
    outer loop
      vertex 70.6263 0.626345 -1.1
      vertex 70.8247 0.400151 -4
      vertex 70.8247 0.400151 -1.1
    endloop
  endfacet
  facet normal -0.831386 -0.555695 0
    outer loop
      vertex 70.9919 0.15 -4
      vertex 70.8247 0.400151 -1.1
      vertex 70.8247 0.400151 -4
    endloop
  endfacet
  facet normal -0.831386 -0.555695 0
    outer loop
      vertex 70.8247 0.400151 -1.1
      vertex 70.9919 0.15 -4
      vertex 70.9919 0.15 -1.1
    endloop
  endfacet
  facet normal 0.751785 -0.659408 0
    outer loop
      vertex 67.1753 0.400151 -1.1
      vertex 67.3737 0.626345 -4
      vertex 67.3737 0.626345 -1.1
    endloop
  endfacet
  facet normal 0.751785 -0.659408 0
    outer loop
      vertex 67.3737 0.626345 -4
      vertex 67.1753 0.400151 -1.1
      vertex 67.1753 0.400151 -4
    endloop
  endfacet
  facet normal 0.751779 0.659415 0
    outer loop
      vertex 67.3737 -2.62634 -1.1
      vertex 67.1753 -2.40015 -4
      vertex 67.1753 -2.40015 -1.1
    endloop
  endfacet
  facet normal 0.751779 0.659415 0
    outer loop
      vertex 67.1753 -2.40015 -4
      vertex 67.3737 -2.62634 -1.1
      vertex 67.3737 -2.62634 -4
    endloop
  endfacet
  facet normal 0.831385 0.555697 0
    outer loop
      vertex 67.1753 -2.40015 -1.1
      vertex 67.0081 -2.15 -4
      vertex 67.0081 -2.15 -1.1
    endloop
  endfacet
  facet normal 0.831385 0.555697 0
    outer loop
      vertex 67.0081 -2.15 -4
      vertex 67.1753 -2.40015 -1.1
      vertex 67.1753 -2.40015 -4
    endloop
  endfacet
  facet normal -0.946937 -0.321419 0
    outer loop
      vertex 71.2216 -0.404716 -4
      vertex 71.1249 -0.119827 -1.1
      vertex 71.1249 -0.119827 -4
    endloop
  endfacet
  facet normal -0.946937 -0.321419 0
    outer loop
      vertex 71.1249 -0.119827 -1.1
      vertex 71.2216 -0.404716 -4
      vertex 71.2216 -0.404716 -1.1
    endloop
  endfacet
  facet normal 0.831386 -0.555695 0
    outer loop
      vertex 67.0081 0.15 -1.1
      vertex 67.1753 0.400151 -4
      vertex 67.1753 0.400151 -1.1
    endloop
  endfacet
  facet normal 0.831386 -0.555695 0
    outer loop
      vertex 67.1753 0.400151 -4
      vertex 67.0081 0.15 -1.1
      vertex 67.0081 0.15 -4
    endloop
  endfacet
  facet normal -0.896957 -0.442118 0
    outer loop
      vertex 71.1249 -0.119827 -4
      vertex 70.9919 0.15 -1.1
      vertex 70.9919 0.15 -4
    endloop
  endfacet
  facet normal -0.896957 -0.442118 0
    outer loop
      vertex 70.9919 0.15 -1.1
      vertex 71.1249 -0.119827 -4
      vertex 71.1249 -0.119827 -1.1
    endloop
  endfacet
  facet normal 0.195061 -0.980791 0
    outer loop
      vertex 68.4047 1.22163 -4
      vertex 68.6998 1.28032 -1.1
      vertex 68.4047 1.22163 -1.1
    endloop
  endfacet
  facet normal 0.195061 -0.980791 0
    outer loop
      vertex 68.6998 1.28032 -1.1
      vertex 68.4047 1.22163 -4
      vertex 68.6998 1.28032 -4
    endloop
  endfacet
  facet normal -0.0654159 -0.997858 0
    outer loop
      vertex 69 1.3 -4
      vertex 69.3002 1.28032 -1.1
      vertex 69 1.3 -1.1
    endloop
  endfacet
  facet normal -0.0654159 -0.997858 -0
    outer loop
      vertex 69.3002 1.28032 -1.1
      vertex 69 1.3 -4
      vertex 69.3002 1.28032 -4
    endloop
  endfacet
  facet normal 0.442319 -0.896858 0
    outer loop
      vertex 67.85 0.991858 -4
      vertex 68.1198 1.12492 -1.1
      vertex 67.85 0.991858 -1.1
    endloop
  endfacet
  facet normal 0.442319 -0.896858 0
    outer loop
      vertex 68.1198 1.12492 -1.1
      vertex 67.85 0.991858 -4
      vertex 68.1198 1.12492 -4
    endloop
  endfacet
  facet normal -0.195061 0.980791 0
    outer loop
      vertex 69.5953 -3.22163 -4
      vertex 69.3002 -3.28032 -1.1
      vertex 69.5953 -3.22163 -1.1
    endloop
  endfacet
  facet normal -0.195061 0.980791 0
    outer loop
      vertex 69.3002 -3.28032 -1.1
      vertex 69.5953 -3.22163 -4
      vertex 69.3002 -3.28032 -4
    endloop
  endfacet
  facet normal -0.659501 -0.751704 0
    outer loop
      vertex 70.4002 0.824712 -4
      vertex 70.6263 0.626345 -1.1
      vertex 70.4002 0.824712 -1.1
    endloop
  endfacet
  facet normal -0.659501 -0.751704 -0
    outer loop
      vertex 70.6263 0.626345 -1.1
      vertex 70.4002 0.824712 -4
      vertex 70.6263 0.626345 -4
    endloop
  endfacet
  facet normal -0.555505 0.831513 0
    outer loop
      vertex 70.4002 -2.82471 -4
      vertex 70.15 -2.99186 -1.1
      vertex 70.4002 -2.82471 -1.1
    endloop
  endfacet
  facet normal -0.555505 0.831513 0
    outer loop
      vertex 70.15 -2.99186 -1.1
      vertex 70.4002 -2.82471 -4
      vertex 70.15 -2.99186 -4
    endloop
  endfacet
  facet normal 0.321438 0.946931 -0
    outer loop
      vertex 68.4047 -3.22163 -4
      vertex 68.1198 -3.12492 -1.1
      vertex 68.4047 -3.22163 -1.1
    endloop
  endfacet
  facet normal 0.321438 0.946931 0
    outer loop
      vertex 68.1198 -3.12492 -1.1
      vertex 68.4047 -3.22163 -4
      vertex 68.1198 -3.12492 -4
    endloop
  endfacet
  facet normal 0.0654159 -0.997858 0
    outer loop
      vertex 68.6998 1.28032 -4
      vertex 69 1.3 -1.1
      vertex 68.6998 1.28032 -1.1
    endloop
  endfacet
  facet normal 0.0654159 -0.997858 0
    outer loop
      vertex 69 1.3 -1.1
      vertex 68.6998 1.28032 -4
      vertex 69 1.3 -4
    endloop
  endfacet
  facet normal 0.896959 0.442114 0
    outer loop
      vertex 67.0081 -2.15 -1.1
      vertex 66.8751 -1.88017 -4
      vertex 66.8751 -1.88017 -1.1
    endloop
  endfacet
  facet normal 0.896959 0.442114 0
    outer loop
      vertex 66.8751 -1.88017 -4
      vertex 67.0081 -2.15 -1.1
      vertex 67.0081 -2.15 -4
    endloop
  endfacet
  facet normal 0.980781 0.195112 0
    outer loop
      vertex 66.7784 -1.59528 -1.1
      vertex 66.7197 -1.30021 -4
      vertex 66.7197 -1.30021 -1.1
    endloop
  endfacet
  facet normal 0.980781 0.195112 0
    outer loop
      vertex 66.7197 -1.30021 -4
      vertex 66.7784 -1.59528 -1.1
      vertex 66.7784 -1.59528 -4
    endloop
  endfacet
  facet normal -0.751779 0.659415 0
    outer loop
      vertex 70.6263 -2.62634 -4
      vertex 70.8247 -2.40015 -1.1
      vertex 70.8247 -2.40015 -4
    endloop
  endfacet
  facet normal -0.751779 0.659415 0
    outer loop
      vertex 70.8247 -2.40015 -1.1
      vertex 70.6263 -2.62634 -4
      vertex 70.6263 -2.62634 -1.1
    endloop
  endfacet
  facet normal 0.659501 -0.751704 0
    outer loop
      vertex 67.3737 0.626345 -4
      vertex 67.5998 0.824712 -1.1
      vertex 67.3737 0.626345 -1.1
    endloop
  endfacet
  facet normal 0.659501 -0.751704 0
    outer loop
      vertex 67.5998 0.824712 -1.1
      vertex 67.3737 0.626345 -4
      vertex 67.5998 0.824712 -4
    endloop
  endfacet
  facet normal -0.659507 0.751699 0
    outer loop
      vertex 70.6263 -2.62634 -4
      vertex 70.4002 -2.82471 -1.1
      vertex 70.6263 -2.62634 -1.1
    endloop
  endfacet
  facet normal -0.659507 0.751699 0
    outer loop
      vertex 70.4002 -2.82471 -1.1
      vertex 70.6263 -2.62634 -4
      vertex 70.4002 -2.82471 -4
    endloop
  endfacet
  facet normal 0.0654159 0.997858 -0
    outer loop
      vertex 69 -3.3 -4
      vertex 68.6998 -3.28032 -1.1
      vertex 69 -3.3 -1.1
    endloop
  endfacet
  facet normal 0.0654159 0.997858 0
    outer loop
      vertex 68.6998 -3.28032 -1.1
      vertex 69 -3.3 -4
      vertex 68.6998 -3.28032 -4
    endloop
  endfacet
  facet normal 0.946937 0.321418 0
    outer loop
      vertex 66.8751 -1.88017 -1.1
      vertex 66.7784 -1.59528 -4
      vertex 66.7784 -1.59528 -1.1
    endloop
  endfacet
  facet normal 0.946937 0.321418 0
    outer loop
      vertex 66.7784 -1.59528 -4
      vertex 66.8751 -1.88017 -1.1
      vertex 66.8751 -1.88017 -4
    endloop
  endfacet
  facet normal 0.997854 0.0654799 0
    outer loop
      vertex 66.7197 -1.30021 -1.1
      vertex 66.7 -1 -4
      vertex 66.7 -1 -1.1
    endloop
  endfacet
  facet normal 0.997854 0.0654799 0
    outer loop
      vertex 66.7 -1 -4
      vertex 66.7197 -1.30021 -1.1
      vertex 66.7197 -1.30021 -4
    endloop
  endfacet
  facet normal 0.997861 0.0653764 0
    outer loop
      vertex 66.1248 -1.37853 0
      vertex 66.1 -1 -1.1
      vertex 66.1 -1 0
    endloop
  endfacet
  facet normal 0.997861 0.0653764 0
    outer loop
      vertex 66.1 -1 -1.1
      vertex 66.1248 -1.37853 0
      vertex 66.1248 -1.37853 -1.1
    endloop
  endfacet
  facet normal -0.195077 -0.980788 0
    outer loop
      vertex 69.3785 1.87519 -1.1
      vertex 69.7506 1.80118 0
      vertex 69.3785 1.87519 0
    endloop
  endfacet
  facet normal -0.195077 -0.980788 -0
    outer loop
      vertex 69.7506 1.80118 0
      vertex 69.3785 1.87519 -1.1
      vertex 69.7506 1.80118 -1.1
    endloop
  endfacet
  facet normal -0.980788 0.195077 0
    outer loop
      vertex 71.8012 -1.75058 -1.1
      vertex 71.8752 -1.37853 0
      vertex 71.8752 -1.37853 -1.1
    endloop
  endfacet
  facet normal -0.980788 0.195077 0
    outer loop
      vertex 71.8752 -1.37853 0
      vertex 71.8012 -1.75058 -1.1
      vertex 71.8012 -1.75058 0
    endloop
  endfacet
  facet normal -0.997861 0.0653764 0
    outer loop
      vertex 71.8752 -1.37853 -1.1
      vertex 71.9 -1 0
      vertex 71.9 -1 -1.1
    endloop
  endfacet
  facet normal -0.997861 0.0653764 0
    outer loop
      vertex 71.9 -1 0
      vertex 71.8752 -1.37853 -1.1
      vertex 71.8752 -1.37853 0
    endloop
  endfacet
  facet normal -0.980788 -0.195077 0
    outer loop
      vertex 71.8752 -0.621473 -1.1
      vertex 71.8012 -0.249424 0
      vertex 71.8012 -0.249424 -1.1
    endloop
  endfacet
  facet normal -0.980788 -0.195077 0
    outer loop
      vertex 71.8012 -0.249424 0
      vertex 71.8752 -0.621473 -1.1
      vertex 71.8752 -0.621473 0
    endloop
  endfacet
  facet normal 0.751858 0.659325 0
    outer loop
      vertex 66.9494 -3.05061 0
      vertex 66.6993 -2.76541 -1.1
      vertex 66.6993 -2.76541 0
    endloop
  endfacet
  facet normal 0.751858 0.659325 0
    outer loop
      vertex 66.6993 -2.76541 -1.1
      vertex 66.9494 -3.05061 0
      vertex 66.9494 -3.05061 -1.1
    endloop
  endfacet
  facet normal -0.321435 0.946932 0
    outer loop
      vertex 70.1098 -3.67925 -1.1
      vertex 69.7506 -3.80118 0
      vertex 70.1098 -3.67925 0
    endloop
  endfacet
  facet normal -0.321435 0.946932 0
    outer loop
      vertex 69.7506 -3.80118 0
      vertex 70.1098 -3.67925 -1.1
      vertex 69.7506 -3.80118 -1.1
    endloop
  endfacet
  facet normal 0.321435 0.946932 -0
    outer loop
      vertex 68.2494 -3.80118 -1.1
      vertex 67.8902 -3.67925 0
      vertex 68.2494 -3.80118 0
    endloop
  endfacet
  facet normal 0.321435 0.946932 0
    outer loop
      vertex 67.8902 -3.67925 0
      vertex 68.2494 -3.80118 -1.1
      vertex 67.8902 -3.67925 -1.1
    endloop
  endfacet
  facet normal -0.0654079 -0.997859 0
    outer loop
      vertex 69 1.9 -1.1
      vertex 69.3785 1.87519 0
      vertex 69 1.9 0
    endloop
  endfacet
  facet normal -0.0654079 -0.997859 -0
    outer loop
      vertex 69.3785 1.87519 0
      vertex 69 1.9 -1.1
      vertex 69.3785 1.87519 -1.1
    endloop
  endfacet
  facet normal -0.65934 0.751845 0
    outer loop
      vertex 71.0506 -3.05061 -1.1
      vertex 70.7654 -3.30072 0
      vertex 71.0506 -3.05061 0
    endloop
  endfacet
  facet normal -0.65934 0.751845 0
    outer loop
      vertex 70.7654 -3.30072 0
      vertex 71.0506 -3.05061 -1.1
      vertex 70.7654 -3.30072 -1.1
    endloop
  endfacet
  facet normal 0.89685 0.442335 0
    outer loop
      vertex 66.4885 -2.45 0
      vertex 66.3207 -2.10978 -1.1
      vertex 66.3207 -2.10978 0
    endloop
  endfacet
  facet normal 0.89685 0.442335 0
    outer loop
      vertex 66.3207 -2.10978 -1.1
      vertex 66.4885 -2.45 0
      vertex 66.4885 -2.45 -1.1
    endloop
  endfacet
  facet normal -0.946957 -0.32136 0
    outer loop
      vertex 71.8012 -0.249424 -1.1
      vertex 71.6793 0.109781 0
      vertex 71.6793 0.109781 -1.1
    endloop
  endfacet
  facet normal -0.946957 -0.32136 0
    outer loop
      vertex 71.6793 0.109781 0
      vertex 71.8012 -0.249424 -1.1
      vertex 71.8012 -0.249424 0
    endloop
  endfacet
  facet normal 0.980788 -0.195077 0
    outer loop
      vertex 66.1248 -0.621473 0
      vertex 66.1988 -0.249424 -1.1
      vertex 66.1988 -0.249424 0
    endloop
  endfacet
  facet normal 0.980788 -0.195077 0
    outer loop
      vertex 66.1988 -0.249424 -1.1
      vertex 66.1248 -0.621473 0
      vertex 66.1248 -0.621473 -1.1
    endloop
  endfacet
  facet normal -0.831407 -0.555663 0
    outer loop
      vertex 71.5115 0.45 -1.1
      vertex 71.3007 0.765408 0
      vertex 71.3007 0.765408 -1.1
    endloop
  endfacet
  facet normal -0.831407 -0.555663 0
    outer loop
      vertex 71.3007 0.765408 0
      vertex 71.5115 0.45 -1.1
      vertex 71.5115 0.45 0
    endloop
  endfacet
  facet normal 0.555582 0.831462 -0
    outer loop
      vertex 67.55 -3.51147 -1.1
      vertex 67.2346 -3.30072 0
      vertex 67.55 -3.51147 0
    endloop
  endfacet
  facet normal 0.555582 0.831462 0
    outer loop
      vertex 67.2346 -3.30072 0
      vertex 67.55 -3.51147 -1.1
      vertex 67.2346 -3.30072 -1.1
    endloop
  endfacet
  facet normal 0.946957 -0.32136 0
    outer loop
      vertex 66.1988 -0.249424 0
      vertex 66.3207 0.109781 -1.1
      vertex 66.3207 0.109781 0
    endloop
  endfacet
  facet normal 0.946957 -0.32136 0
    outer loop
      vertex 66.3207 0.109781 -1.1
      vertex 66.1988 -0.249424 0
      vertex 66.1988 -0.249424 -1.1
    endloop
  endfacet
  facet normal 0.0654079 -0.997859 0
    outer loop
      vertex 68.6215 1.87519 -1.1
      vertex 69 1.9 0
      vertex 68.6215 1.87519 0
    endloop
  endfacet
  facet normal 0.0654079 -0.997859 0
    outer loop
      vertex 69 1.9 0
      vertex 68.6215 1.87519 -1.1
      vertex 69 1.9 -1.1
    endloop
  endfacet
  facet normal 0.65934 0.751845 -0
    outer loop
      vertex 67.2346 -3.30072 -1.1
      vertex 66.9494 -3.05061 0
      vertex 67.2346 -3.30072 0
    endloop
  endfacet
  facet normal 0.65934 0.751845 0
    outer loop
      vertex 66.9494 -3.05061 0
      vertex 67.2346 -3.30072 -1.1
      vertex 66.9494 -3.05061 -1.1
    endloop
  endfacet
  facet normal -0.442314 0.89686 0
    outer loop
      vertex 70.45 -3.51147 -1.1
      vertex 70.1098 -3.67925 0
      vertex 70.45 -3.51147 0
    endloop
  endfacet
  facet normal -0.442314 0.89686 0
    outer loop
      vertex 70.1098 -3.67925 0
      vertex 70.45 -3.51147 -1.1
      vertex 70.1098 -3.67925 -1.1
    endloop
  endfacet
  facet normal -0.195077 0.980788 0
    outer loop
      vertex 69.7506 -3.80118 -1.1
      vertex 69.3785 -3.87519 0
      vertex 69.7506 -3.80118 0
    endloop
  endfacet
  facet normal -0.195077 0.980788 0
    outer loop
      vertex 69.3785 -3.87519 0
      vertex 69.7506 -3.80118 -1.1
      vertex 69.3785 -3.87519 -1.1
    endloop
  endfacet
  facet normal -0.997861 -0.065377 0
    outer loop
      vertex 71.9 -1 -1.1
      vertex 71.8752 -0.621473 0
      vertex 71.8752 -0.621473 -1.1
    endloop
  endfacet
  facet normal -0.997861 -0.065377 0
    outer loop
      vertex 71.8752 -0.621473 0
      vertex 71.9 -1 -1.1
      vertex 71.9 -1 0
    endloop
  endfacet
  facet normal 0.896849 -0.442337 0
    outer loop
      vertex 66.3207 0.109781 0
      vertex 66.4885 0.45 -1.1
      vertex 66.4885 0.45 0
    endloop
  endfacet
  facet normal 0.896849 -0.442337 0
    outer loop
      vertex 66.4885 0.45 -1.1
      vertex 66.3207 0.109781 0
      vertex 66.3207 0.109781 -1.1
    endloop
  endfacet
  facet normal -0.555582 0.831462 0
    outer loop
      vertex 70.7654 -3.30072 -1.1
      vertex 70.45 -3.51147 0
      vertex 70.7654 -3.30072 0
    endloop
  endfacet
  facet normal -0.555582 0.831462 0
    outer loop
      vertex 70.45 -3.51147 0
      vertex 70.7654 -3.30072 -1.1
      vertex 70.45 -3.51147 -1.1
    endloop
  endfacet
  facet normal 0.321435 -0.946932 0
    outer loop
      vertex 67.8902 1.67925 -1.1
      vertex 68.2494 1.80118 0
      vertex 67.8902 1.67925 0
    endloop
  endfacet
  facet normal 0.321435 -0.946932 0
    outer loop
      vertex 68.2494 1.80118 0
      vertex 67.8902 1.67925 -1.1
      vertex 68.2494 1.80118 -1.1
    endloop
  endfacet
  facet normal -0.65934 -0.751845 0
    outer loop
      vertex 70.7654 1.30072 -1.1
      vertex 71.0506 1.05061 0
      vertex 70.7654 1.30072 0
    endloop
  endfacet
  facet normal -0.65934 -0.751845 -0
    outer loop
      vertex 71.0506 1.05061 0
      vertex 70.7654 1.30072 -1.1
      vertex 71.0506 1.05061 -1.1
    endloop
  endfacet
  facet normal -0.831409 0.555661 0
    outer loop
      vertex 71.3007 -2.76541 -1.1
      vertex 71.5115 -2.45 0
      vertex 71.5115 -2.45 -1.1
    endloop
  endfacet
  facet normal -0.831409 0.555661 0
    outer loop
      vertex 71.5115 -2.45 0
      vertex 71.3007 -2.76541 -1.1
      vertex 71.3007 -2.76541 0
    endloop
  endfacet
  facet normal -0.555582 -0.831462 0
    outer loop
      vertex 70.45 1.51147 -1.1
      vertex 70.7654 1.30072 0
      vertex 70.45 1.51147 0
    endloop
  endfacet
  facet normal -0.555582 -0.831462 -0
    outer loop
      vertex 70.7654 1.30072 0
      vertex 70.45 1.51147 -1.1
      vertex 70.7654 1.30072 -1.1
    endloop
  endfacet
  facet normal 0.195077 0.980788 -0
    outer loop
      vertex 68.6215 -3.87519 -1.1
      vertex 68.2494 -3.80118 0
      vertex 68.6215 -3.87519 0
    endloop
  endfacet
  facet normal 0.195077 0.980788 0
    outer loop
      vertex 68.2494 -3.80118 0
      vertex 68.6215 -3.87519 -1.1
      vertex 68.2494 -3.80118 -1.1
    endloop
  endfacet
  facet normal -0.89685 0.442335 0
    outer loop
      vertex 71.5115 -2.45 -1.1
      vertex 71.6793 -2.10978 0
      vertex 71.6793 -2.10978 -1.1
    endloop
  endfacet
  facet normal -0.89685 0.442335 0
    outer loop
      vertex 71.6793 -2.10978 0
      vertex 71.5115 -2.45 -1.1
      vertex 71.5115 -2.45 0
    endloop
  endfacet
  facet normal 0.555582 -0.831462 0
    outer loop
      vertex 67.2346 1.30072 -1.1
      vertex 67.55 1.51147 0
      vertex 67.2346 1.30072 0
    endloop
  endfacet
  facet normal 0.555582 -0.831462 0
    outer loop
      vertex 67.55 1.51147 0
      vertex 67.2346 1.30072 -1.1
      vertex 67.55 1.51147 -1.1
    endloop
  endfacet
  facet normal 0.65934 -0.751845 0
    outer loop
      vertex 66.9494 1.05061 -1.1
      vertex 67.2346 1.30072 0
      vertex 66.9494 1.05061 0
    endloop
  endfacet
  facet normal 0.65934 -0.751845 0
    outer loop
      vertex 67.2346 1.30072 0
      vertex 66.9494 1.05061 -1.1
      vertex 67.2346 1.30072 -1.1
    endloop
  endfacet
  facet normal -0.75186 -0.659323 0
    outer loop
      vertex 71.3007 0.765408 -1.1
      vertex 71.0506 1.05061 0
      vertex 71.0506 1.05061 -1.1
    endloop
  endfacet
  facet normal -0.75186 -0.659323 0
    outer loop
      vertex 71.0506 1.05061 0
      vertex 71.3007 0.765408 -1.1
      vertex 71.3007 0.765408 0
    endloop
  endfacet
  facet normal 0.997861 -0.065377 0
    outer loop
      vertex 66.1 -1 0
      vertex 66.1248 -0.621473 -1.1
      vertex 66.1248 -0.621473 0
    endloop
  endfacet
  facet normal 0.997861 -0.065377 0
    outer loop
      vertex 66.1248 -0.621473 -1.1
      vertex 66.1 -1 0
      vertex 66.1 -1 -1.1
    endloop
  endfacet
  facet normal -0.896849 -0.442337 0
    outer loop
      vertex 71.6793 0.109781 -1.1
      vertex 71.5115 0.45 0
      vertex 71.5115 0.45 -1.1
    endloop
  endfacet
  facet normal -0.896849 -0.442337 0
    outer loop
      vertex 71.5115 0.45 0
      vertex 71.6793 0.109781 -1.1
      vertex 71.6793 0.109781 0
    endloop
  endfacet
  facet normal -0.442314 -0.89686 0
    outer loop
      vertex 70.1098 1.67925 -1.1
      vertex 70.45 1.51147 0
      vertex 70.1098 1.67925 0
    endloop
  endfacet
  facet normal -0.442314 -0.89686 -0
    outer loop
      vertex 70.45 1.51147 0
      vertex 70.1098 1.67925 -1.1
      vertex 70.45 1.51147 -1.1
    endloop
  endfacet
  facet normal 0.75186 -0.659323 0
    outer loop
      vertex 66.6993 0.765408 0
      vertex 66.9494 1.05061 -1.1
      vertex 66.9494 1.05061 0
    endloop
  endfacet
  facet normal 0.75186 -0.659323 0
    outer loop
      vertex 66.9494 1.05061 -1.1
      vertex 66.6993 0.765408 0
      vertex 66.6993 0.765408 -1.1
    endloop
  endfacet
  facet normal 0.980788 0.195077 0
    outer loop
      vertex 66.1988 -1.75058 0
      vertex 66.1248 -1.37853 -1.1
      vertex 66.1248 -1.37853 0
    endloop
  endfacet
  facet normal 0.980788 0.195077 0
    outer loop
      vertex 66.1248 -1.37853 -1.1
      vertex 66.1988 -1.75058 0
      vertex 66.1988 -1.75058 -1.1
    endloop
  endfacet
  facet normal -0.751858 0.659325 0
    outer loop
      vertex 71.0506 -3.05061 -1.1
      vertex 71.3007 -2.76541 0
      vertex 71.3007 -2.76541 -1.1
    endloop
  endfacet
  facet normal -0.751858 0.659325 0
    outer loop
      vertex 71.3007 -2.76541 0
      vertex 71.0506 -3.05061 -1.1
      vertex 71.0506 -3.05061 0
    endloop
  endfacet
  facet normal 0.831409 0.555661 0
    outer loop
      vertex 66.6993 -2.76541 0
      vertex 66.4885 -2.45 -1.1
      vertex 66.4885 -2.45 0
    endloop
  endfacet
  facet normal 0.831409 0.555661 0
    outer loop
      vertex 66.4885 -2.45 -1.1
      vertex 66.6993 -2.76541 0
      vertex 66.6993 -2.76541 -1.1
    endloop
  endfacet
  facet normal 0.442314 -0.89686 0
    outer loop
      vertex 67.55 1.51147 -1.1
      vertex 67.8902 1.67925 0
      vertex 67.55 1.51147 0
    endloop
  endfacet
  facet normal 0.442314 -0.89686 0
    outer loop
      vertex 67.8902 1.67925 0
      vertex 67.55 1.51147 -1.1
      vertex 67.8902 1.67925 -1.1
    endloop
  endfacet
  facet normal -0.946956 0.321364 0
    outer loop
      vertex 71.6793 -2.10978 -1.1
      vertex 71.8012 -1.75058 0
      vertex 71.8012 -1.75058 -1.1
    endloop
  endfacet
  facet normal -0.946956 0.321364 0
    outer loop
      vertex 71.8012 -1.75058 0
      vertex 71.6793 -2.10978 -1.1
      vertex 71.6793 -2.10978 0
    endloop
  endfacet
  facet normal 0.442314 0.89686 -0
    outer loop
      vertex 67.8902 -3.67925 -1.1
      vertex 67.55 -3.51147 0
      vertex 67.8902 -3.67925 0
    endloop
  endfacet
  facet normal 0.442314 0.89686 0
    outer loop
      vertex 67.55 -3.51147 0
      vertex 67.8902 -3.67925 -1.1
      vertex 67.55 -3.51147 -1.1
    endloop
  endfacet
  facet normal -0.0654079 0.997859 0
    outer loop
      vertex 69.3785 -3.87519 -1.1
      vertex 69 -3.9 0
      vertex 69.3785 -3.87519 0
    endloop
  endfacet
  facet normal -0.0654079 0.997859 0
    outer loop
      vertex 69 -3.9 0
      vertex 69.3785 -3.87519 -1.1
      vertex 69 -3.9 -1.1
    endloop
  endfacet
  facet normal -0.321435 -0.946932 0
    outer loop
      vertex 69.7506 1.80118 -1.1
      vertex 70.1098 1.67925 0
      vertex 69.7506 1.80118 0
    endloop
  endfacet
  facet normal -0.321435 -0.946932 -0
    outer loop
      vertex 70.1098 1.67925 0
      vertex 69.7506 1.80118 -1.1
      vertex 70.1098 1.67925 -1.1
    endloop
  endfacet
  facet normal 0 0 1
    outer loop
      vertex 71.3 -1 -1.1
      vertex 71.9 -1 -1.1
      vertex 71.8752 -0.621473 -1.1
    endloop
  endfacet
  facet normal 0 0 1
    outer loop
      vertex 71.2803 -0.699789 -1.1
      vertex 71.8752 -0.621473 -1.1
      vertex 71.8012 -0.249424 -1.1
    endloop
  endfacet
  facet normal 0 0 1
    outer loop
      vertex 71.9 -1 -1.1
      vertex 71.3 -1 -1.1
      vertex 71.8752 -1.37853 -1.1
    endloop
  endfacet
  facet normal 0 0 1
    outer loop
      vertex 71.2216 -0.404716 -1.1
      vertex 71.8012 -0.249424 -1.1
      vertex 71.6793 0.109781 -1.1
    endloop
  endfacet
  facet normal -0 0 1
    outer loop
      vertex 71.2803 -1.30021 -1.1
      vertex 71.8752 -1.37853 -1.1
      vertex 71.3 -1 -1.1
    endloop
  endfacet
  facet normal 0 0 1
    outer loop
      vertex 71.1249 -0.119827 -1.1
      vertex 71.6793 0.109781 -1.1
      vertex 71.5115 0.45 -1.1
    endloop
  endfacet
  facet normal 0 0 1
    outer loop
      vertex 71.8752 -1.37853 -1.1
      vertex 71.2803 -1.30021 -1.1
      vertex 71.8012 -1.75058 -1.1
    endloop
  endfacet
  facet normal 0 0 1
    outer loop
      vertex 70.9919 0.15 -1.1
      vertex 71.5115 0.45 -1.1
      vertex 71.3007 0.765408 -1.1
    endloop
  endfacet
  facet normal -0 0 1
    outer loop
      vertex 71.2216 -1.59528 -1.1
      vertex 71.8012 -1.75058 -1.1
      vertex 71.2803 -1.30021 -1.1
    endloop
  endfacet
  facet normal 0 0 1
    outer loop
      vertex 71.8012 -1.75058 -1.1
      vertex 71.2216 -1.59528 -1.1
      vertex 71.6793 -2.10978 -1.1
    endloop
  endfacet
  facet normal 0 0 1
    outer loop
      vertex 71.8752 -0.621473 -1.1
      vertex 71.2803 -0.699789 -1.1
      vertex 71.3 -1 -1.1
    endloop
  endfacet
  facet normal 0 0 1
    outer loop
      vertex 71.8012 -0.249424 -1.1
      vertex 71.2216 -0.404716 -1.1
      vertex 71.2803 -0.699789 -1.1
    endloop
  endfacet
  facet normal 0 0 1
    outer loop
      vertex 71.6793 0.109781 -1.1
      vertex 71.1249 -0.119827 -1.1
      vertex 71.2216 -0.404716 -1.1
    endloop
  endfacet
  facet normal 0 0 1
    outer loop
      vertex 70.8247 0.400151 -1.1
      vertex 71.3007 0.765408 -1.1
      vertex 71.0506 1.05061 -1.1
    endloop
  endfacet
  facet normal 0 0 1
    outer loop
      vertex 71.5115 0.45 -1.1
      vertex 70.9919 0.15 -1.1
      vertex 71.1249 -0.119827 -1.1
    endloop
  endfacet
  facet normal 0 0 1
    outer loop
      vertex 71.3007 0.765408 -1.1
      vertex 70.8247 0.400151 -1.1
      vertex 70.9919 0.15 -1.1
    endloop
  endfacet
  facet normal 0 0 1
    outer loop
      vertex 70.6263 0.626345 -1.1
      vertex 71.0506 1.05061 -1.1
      vertex 70.7654 1.30072 -1.1
    endloop
  endfacet
  facet normal 0 0 1
    outer loop
      vertex 71.0506 1.05061 -1.1
      vertex 70.6263 0.626345 -1.1
      vertex 70.8247 0.400151 -1.1
    endloop
  endfacet
  facet normal 0 0 1
    outer loop
      vertex 70.4002 0.824712 -1.1
      vertex 70.7654 1.30072 -1.1
      vertex 70.45 1.51147 -1.1
    endloop
  endfacet
  facet normal 0 0 1
    outer loop
      vertex 70.7654 1.30072 -1.1
      vertex 70.4002 0.824712 -1.1
      vertex 70.6263 0.626345 -1.1
    endloop
  endfacet
  facet normal 0 0 1
    outer loop
      vertex 70.45 1.51147 -1.1
      vertex 70.15 0.991858 -1.1
      vertex 70.4002 0.824712 -1.1
    endloop
  endfacet
  facet normal 0 0 1
    outer loop
      vertex 70.1098 1.67925 -1.1
      vertex 70.15 0.991858 -1.1
      vertex 70.45 1.51147 -1.1
    endloop
  endfacet
  facet normal 0 0 1
    outer loop
      vertex 70.1098 1.67925 -1.1
      vertex 69.8802 1.12492 -1.1
      vertex 70.15 0.991858 -1.1
    endloop
  endfacet
  facet normal 0 0 1
    outer loop
      vertex 69.7506 1.80118 -1.1
      vertex 69.8802 1.12492 -1.1
      vertex 70.1098 1.67925 -1.1
    endloop
  endfacet
  facet normal 0 0 1
    outer loop
      vertex 69.7506 1.80118 -1.1
      vertex 69.5953 1.22163 -1.1
      vertex 69.8802 1.12492 -1.1
    endloop
  endfacet
  facet normal 0 0 1
    outer loop
      vertex 69.3785 1.87519 -1.1
      vertex 69.5953 1.22163 -1.1
      vertex 69.7506 1.80118 -1.1
    endloop
  endfacet
  facet normal 0 0 1
    outer loop
      vertex 69.3785 1.87519 -1.1
      vertex 69.3002 1.28032 -1.1
      vertex 69.5953 1.22163 -1.1
    endloop
  endfacet
  facet normal 0 0 1
    outer loop
      vertex 69 1.9 -1.1
      vertex 69.3002 1.28032 -1.1
      vertex 69.3785 1.87519 -1.1
    endloop
  endfacet
  facet normal 0 0 1
    outer loop
      vertex 69 1.9 -1.1
      vertex 69 1.3 -1.1
      vertex 69.3002 1.28032 -1.1
    endloop
  endfacet
  facet normal 0 0 1
    outer loop
      vertex 69 1.9 -1.1
      vertex 68.6998 1.28032 -1.1
      vertex 69 1.3 -1.1
    endloop
  endfacet
  facet normal -0 0 1
    outer loop
      vertex 68.6215 1.87519 -1.1
      vertex 68.6998 1.28032 -1.1
      vertex 69 1.9 -1.1
    endloop
  endfacet
  facet normal 0 0 1
    outer loop
      vertex 68.6215 1.87519 -1.1
      vertex 68.4047 1.22163 -1.1
      vertex 68.6998 1.28032 -1.1
    endloop
  endfacet
  facet normal -0 0 1
    outer loop
      vertex 68.2494 1.80118 -1.1
      vertex 68.4047 1.22163 -1.1
      vertex 68.6215 1.87519 -1.1
    endloop
  endfacet
  facet normal 0 0 1
    outer loop
      vertex 68.2494 1.80118 -1.1
      vertex 68.1198 1.12492 -1.1
      vertex 68.4047 1.22163 -1.1
    endloop
  endfacet
  facet normal -0 0 1
    outer loop
      vertex 67.8902 1.67925 -1.1
      vertex 68.1198 1.12492 -1.1
      vertex 68.2494 1.80118 -1.1
    endloop
  endfacet
  facet normal 0 0 1
    outer loop
      vertex 67.8902 1.67925 -1.1
      vertex 67.85 0.991858 -1.1
      vertex 68.1198 1.12492 -1.1
    endloop
  endfacet
  facet normal -0 0 1
    outer loop
      vertex 67.55 1.51147 -1.1
      vertex 67.85 0.991858 -1.1
      vertex 67.8902 1.67925 -1.1
    endloop
  endfacet
  facet normal 0 0 1
    outer loop
      vertex 67.85 0.991858 -1.1
      vertex 67.55 1.51147 -1.1
      vertex 67.5998 0.824712 -1.1
    endloop
  endfacet
  facet normal -0 0 1
    outer loop
      vertex 67.2346 1.30072 -1.1
      vertex 67.5998 0.824712 -1.1
      vertex 67.55 1.51147 -1.1
    endloop
  endfacet
  facet normal 0 0 1
    outer loop
      vertex 67.5998 0.824712 -1.1
      vertex 67.2346 1.30072 -1.1
      vertex 67.3737 0.626345 -1.1
    endloop
  endfacet
  facet normal -0 0 1
    outer loop
      vertex 66.9494 1.05061 -1.1
      vertex 67.3737 0.626345 -1.1
      vertex 67.2346 1.30072 -1.1
    endloop
  endfacet
  facet normal 0 0 1
    outer loop
      vertex 67.3737 0.626345 -1.1
      vertex 66.9494 1.05061 -1.1
      vertex 67.1753 0.400151 -1.1
    endloop
  endfacet
  facet normal -0 0 1
    outer loop
      vertex 66.6993 0.765408 -1.1
      vertex 67.1753 0.400151 -1.1
      vertex 66.9494 1.05061 -1.1
    endloop
  endfacet
  facet normal 0 0 1
    outer loop
      vertex 67.1753 0.400151 -1.1
      vertex 66.6993 0.765408 -1.1
      vertex 67.0081 0.15 -1.1
    endloop
  endfacet
  facet normal -0 0 1
    outer loop
      vertex 66.4885 0.45 -1.1
      vertex 67.0081 0.15 -1.1
      vertex 66.6993 0.765408 -1.1
    endloop
  endfacet
  facet normal 0 0 1
    outer loop
      vertex 67.0081 0.15 -1.1
      vertex 66.4885 0.45 -1.1
      vertex 66.8751 -0.119827 -1.1
    endloop
  endfacet
  facet normal 0 0 1
    outer loop
      vertex 66.8751 -0.119827 -1.1
      vertex 66.3207 0.109781 -1.1
      vertex 66.7784 -0.404716 -1.1
    endloop
  endfacet
  facet normal -0 0 1
    outer loop
      vertex 66.3207 0.109781 -1.1
      vertex 66.8751 -0.119827 -1.1
      vertex 66.4885 0.45 -1.1
    endloop
  endfacet
  facet normal -0 0 1
    outer loop
      vertex 71.1249 -1.88017 -1.1
      vertex 71.6793 -2.10978 -1.1
      vertex 71.2216 -1.59528 -1.1
    endloop
  endfacet
  facet normal 0 0 1
    outer loop
      vertex 71.6793 -2.10978 -1.1
      vertex 71.1249 -1.88017 -1.1
      vertex 71.5115 -2.45 -1.1
    endloop
  endfacet
  facet normal -0 0 1
    outer loop
      vertex 70.9919 -2.15 -1.1
      vertex 71.5115 -2.45 -1.1
      vertex 71.1249 -1.88017 -1.1
    endloop
  endfacet
  facet normal 0 0 1
    outer loop
      vertex 71.5115 -2.45 -1.1
      vertex 70.9919 -2.15 -1.1
      vertex 71.3007 -2.76541 -1.1
    endloop
  endfacet
  facet normal -0 0 1
    outer loop
      vertex 70.8247 -2.40015 -1.1
      vertex 71.3007 -2.76541 -1.1
      vertex 70.9919 -2.15 -1.1
    endloop
  endfacet
  facet normal 0 0 1
    outer loop
      vertex 71.3007 -2.76541 -1.1
      vertex 70.8247 -2.40015 -1.1
      vertex 71.0506 -3.05061 -1.1
    endloop
  endfacet
  facet normal -0 0 1
    outer loop
      vertex 70.6263 -2.62634 -1.1
      vertex 71.0506 -3.05061 -1.1
      vertex 70.8247 -2.40015 -1.1
    endloop
  endfacet
  facet normal 0 0 1
    outer loop
      vertex 71.0506 -3.05061 -1.1
      vertex 70.6263 -2.62634 -1.1
      vertex 70.7654 -3.30072 -1.1
    endloop
  endfacet
  facet normal -0 0 1
    outer loop
      vertex 70.4002 -2.82471 -1.1
      vertex 70.7654 -3.30072 -1.1
      vertex 70.6263 -2.62634 -1.1
    endloop
  endfacet
  facet normal 0 0 1
    outer loop
      vertex 70.7654 -3.30072 -1.1
      vertex 70.4002 -2.82471 -1.1
      vertex 70.45 -3.51147 -1.1
    endloop
  endfacet
  facet normal -0 0 1
    outer loop
      vertex 70.15 -2.99186 -1.1
      vertex 70.45 -3.51147 -1.1
      vertex 70.4002 -2.82471 -1.1
    endloop
  endfacet
  facet normal 0 0 1
    outer loop
      vertex 70.15 -2.99186 -1.1
      vertex 70.1098 -3.67925 -1.1
      vertex 70.45 -3.51147 -1.1
    endloop
  endfacet
  facet normal -0 0 1
    outer loop
      vertex 69.8802 -3.12492 -1.1
      vertex 70.1098 -3.67925 -1.1
      vertex 70.15 -2.99186 -1.1
    endloop
  endfacet
  facet normal 0 0 1
    outer loop
      vertex 69.8802 -3.12492 -1.1
      vertex 69.7506 -3.80118 -1.1
      vertex 70.1098 -3.67925 -1.1
    endloop
  endfacet
  facet normal -0 0 1
    outer loop
      vertex 69.5953 -3.22163 -1.1
      vertex 69.7506 -3.80118 -1.1
      vertex 69.8802 -3.12492 -1.1
    endloop
  endfacet
  facet normal 0 0 1
    outer loop
      vertex 69.5953 -3.22163 -1.1
      vertex 69.3785 -3.87519 -1.1
      vertex 69.7506 -3.80118 -1.1
    endloop
  endfacet
  facet normal -0 0 1
    outer loop
      vertex 69.3002 -3.28032 -1.1
      vertex 69.3785 -3.87519 -1.1
      vertex 69.5953 -3.22163 -1.1
    endloop
  endfacet
  facet normal -0 0 1
    outer loop
      vertex 69 -3.3 -1.1
      vertex 69.3785 -3.87519 -1.1
      vertex 69.3002 -3.28032 -1.1
    endloop
  endfacet
  facet normal 0 0 1
    outer loop
      vertex 69 -3.3 -1.1
      vertex 69 -3.9 -1.1
      vertex 69.3785 -3.87519 -1.1
    endloop
  endfacet
  facet normal 0 0 1
    outer loop
      vertex 68.6998 -3.28032 -1.1
      vertex 69 -3.9 -1.1
      vertex 69 -3.3 -1.1
    endloop
  endfacet
  facet normal 0 0 1
    outer loop
      vertex 68.6998 -3.28032 -1.1
      vertex 68.6215 -3.87519 -1.1
      vertex 69 -3.9 -1.1
    endloop
  endfacet
  facet normal 0 0 1
    outer loop
      vertex 68.4047 -3.22163 -1.1
      vertex 68.6215 -3.87519 -1.1
      vertex 68.6998 -3.28032 -1.1
    endloop
  endfacet
  facet normal 0 0 1
    outer loop
      vertex 68.4047 -3.22163 -1.1
      vertex 68.2494 -3.80118 -1.1
      vertex 68.6215 -3.87519 -1.1
    endloop
  endfacet
  facet normal 0 0 1
    outer loop
      vertex 68.1198 -3.12492 -1.1
      vertex 68.2494 -3.80118 -1.1
      vertex 68.4047 -3.22163 -1.1
    endloop
  endfacet
  facet normal 0 0 1
    outer loop
      vertex 68.1198 -3.12492 -1.1
      vertex 67.8902 -3.67925 -1.1
      vertex 68.2494 -3.80118 -1.1
    endloop
  endfacet
  facet normal 0 0 1
    outer loop
      vertex 67.85 -2.99186 -1.1
      vertex 67.8902 -3.67925 -1.1
      vertex 68.1198 -3.12492 -1.1
    endloop
  endfacet
  facet normal 0 0 1
    outer loop
      vertex 67.55 -3.51147 -1.1
      vertex 67.85 -2.99186 -1.1
      vertex 67.5998 -2.82471 -1.1
    endloop
  endfacet
  facet normal 0 0 1
    outer loop
      vertex 67.85 -2.99186 -1.1
      vertex 67.55 -3.51147 -1.1
      vertex 67.8902 -3.67925 -1.1
    endloop
  endfacet
  facet normal 0 0 1
    outer loop
      vertex 67.2346 -3.30072 -1.1
      vertex 67.5998 -2.82471 -1.1
      vertex 67.3737 -2.62634 -1.1
    endloop
  endfacet
  facet normal 0 0 1
    outer loop
      vertex 67.5998 -2.82471 -1.1
      vertex 67.2346 -3.30072 -1.1
      vertex 67.55 -3.51147 -1.1
    endloop
  endfacet
  facet normal 0 0 1
    outer loop
      vertex 66.9494 -3.05061 -1.1
      vertex 67.3737 -2.62634 -1.1
      vertex 67.1753 -2.40015 -1.1
    endloop
  endfacet
  facet normal 0 0 1
    outer loop
      vertex 66.6993 -2.76541 -1.1
      vertex 67.1753 -2.40015 -1.1
      vertex 67.0081 -2.15 -1.1
    endloop
  endfacet
  facet normal 0 0 1
    outer loop
      vertex 67.3737 -2.62634 -1.1
      vertex 66.9494 -3.05061 -1.1
      vertex 67.2346 -3.30072 -1.1
    endloop
  endfacet
  facet normal 0 0 1
    outer loop
      vertex 66.4885 -2.45 -1.1
      vertex 67.0081 -2.15 -1.1
      vertex 66.8751 -1.88017 -1.1
    endloop
  endfacet
  facet normal 0 0 1
    outer loop
      vertex 66.3207 -2.10978 -1.1
      vertex 66.8751 -1.88017 -1.1
      vertex 66.7784 -1.59528 -1.1
    endloop
  endfacet
  facet normal 0 0 1
    outer loop
      vertex 66.1988 -1.75058 -1.1
      vertex 66.7784 -1.59528 -1.1
      vertex 66.7197 -1.30021 -1.1
    endloop
  endfacet
  facet normal 0 0 1
    outer loop
      vertex 67.1753 -2.40015 -1.1
      vertex 66.6993 -2.76541 -1.1
      vertex 66.9494 -3.05061 -1.1
    endloop
  endfacet
  facet normal 0 0 1
    outer loop
      vertex 66.1248 -1.37853 -1.1
      vertex 66.7197 -1.30021 -1.1
      vertex 66.7 -1 -1.1
    endloop
  endfacet
  facet normal -0 0 1
    outer loop
      vertex 66.1988 -0.249424 -1.1
      vertex 66.7784 -0.404716 -1.1
      vertex 66.3207 0.109781 -1.1
    endloop
  endfacet
  facet normal 0 0 1
    outer loop
      vertex 66.7784 -0.404716 -1.1
      vertex 66.1988 -0.249424 -1.1
      vertex 66.7197 -0.699789 -1.1
    endloop
  endfacet
  facet normal 0 0 1
    outer loop
      vertex 67.0081 -2.15 -1.1
      vertex 66.4885 -2.45 -1.1
      vertex 66.6993 -2.76541 -1.1
    endloop
  endfacet
  facet normal -0 0 1
    outer loop
      vertex 66.1248 -0.621473 -1.1
      vertex 66.7197 -0.699789 -1.1
      vertex 66.1988 -0.249424 -1.1
    endloop
  endfacet
  facet normal 0 0 1
    outer loop
      vertex 66.8751 -1.88017 -1.1
      vertex 66.3207 -2.10978 -1.1
      vertex 66.4885 -2.45 -1.1
    endloop
  endfacet
  facet normal 0 0 1
    outer loop
      vertex 66.7197 -0.699789 -1.1
      vertex 66.1248 -0.621473 -1.1
      vertex 66.7 -1 -1.1
    endloop
  endfacet
  facet normal 0 0 1
    outer loop
      vertex 66.7784 -1.59528 -1.1
      vertex 66.1988 -1.75058 -1.1
      vertex 66.3207 -2.10978 -1.1
    endloop
  endfacet
  facet normal 0 0 1
    outer loop
      vertex 66.1 -1 -1.1
      vertex 66.7 -1 -1.1
      vertex 66.1248 -0.621473 -1.1
    endloop
  endfacet
  facet normal 0 0 1
    outer loop
      vertex 66.7197 -1.30021 -1.1
      vertex 66.1248 -1.37853 -1.1
      vertex 66.1988 -1.75058 -1.1
    endloop
  endfacet
  facet normal 0 0 1
    outer loop
      vertex 66.7 -1 -1.1
      vertex 66.1 -1 -1.1
      vertex 66.1248 -1.37853 -1.1
    endloop
  endfacet
  facet normal 0.195077 -0.980788 0
    outer loop
      vertex 68.2494 1.80118 -1.1
      vertex 68.6215 1.87519 0
      vertex 68.2494 1.80118 0
    endloop
  endfacet
  facet normal 0.195077 -0.980788 0
    outer loop
      vertex 68.6215 1.87519 0
      vertex 68.2494 1.80118 -1.1
      vertex 68.6215 1.87519 -1.1
    endloop
  endfacet
  facet normal 0.0654079 0.997859 -0
    outer loop
      vertex 69 -3.9 -1.1
      vertex 68.6215 -3.87519 0
      vertex 69 -3.9 0
    endloop
  endfacet
  facet normal 0.0654079 0.997859 0
    outer loop
      vertex 68.6215 -3.87519 0
      vertex 69 -3.9 -1.1
      vertex 68.6215 -3.87519 -1.1
    endloop
  endfacet
  facet normal 0.831407 -0.555663 0
    outer loop
      vertex 66.4885 0.45 0
      vertex 66.6993 0.765408 -1.1
      vertex 66.6993 0.765408 0
    endloop
  endfacet
  facet normal 0.831407 -0.555663 0
    outer loop
      vertex 66.6993 0.765408 -1.1
      vertex 66.4885 0.45 0
      vertex 66.4885 0.45 -1.1
    endloop
  endfacet
  facet normal 0.946956 0.321364 0
    outer loop
      vertex 66.3207 -2.10978 0
      vertex 66.1988 -1.75058 -1.1
      vertex 66.1988 -1.75058 0
    endloop
  endfacet
  facet normal 0.946956 0.321364 0
    outer loop
      vertex 66.1988 -1.75058 -1.1
      vertex 66.3207 -2.10978 0
      vertex 66.3207 -2.10978 -1.1
    endloop
  endfacet
  facet normal -0.980785 0.195093 0
    outer loop
      vertex 13.2216 -50.5953 -4
      vertex 13.2803 -50.3002 -1.1
      vertex 13.2803 -50.3002 -4
    endloop
  endfacet
  facet normal -0.980785 0.195093 0
    outer loop
      vertex 13.2803 -50.3002 -1.1
      vertex 13.2216 -50.5953 -4
      vertex 13.2216 -50.5953 -1.1
    endloop
  endfacet
  facet normal -0.997854 0.0654821 0
    outer loop
      vertex 13.2803 -50.3002 -4
      vertex 13.3 -50 -1.1
      vertex 13.3 -50 -4
    endloop
  endfacet
  facet normal -0.997854 0.0654821 0
    outer loop
      vertex 13.3 -50 -1.1
      vertex 13.2803 -50.3002 -4
      vertex 13.2803 -50.3002 -1.1
    endloop
  endfacet
  facet normal -0.946941 0.321408 0
    outer loop
      vertex 13.1249 -50.8802 -4
      vertex 13.2216 -50.5953 -1.1
      vertex 13.2216 -50.5953 -4
    endloop
  endfacet
  facet normal -0.946941 0.321408 0
    outer loop
      vertex 13.2216 -50.5953 -1.1
      vertex 13.1249 -50.8802 -4
      vertex 13.1249 -50.8802 -1.1
    endloop
  endfacet
  facet normal -0.831436 0.55562 0
    outer loop
      vertex 12.8247 -51.4002 -4
      vertex 12.9919 -51.15 -1.1
      vertex 12.9919 -51.15 -4
    endloop
  endfacet
  facet normal -0.831436 0.55562 0
    outer loop
      vertex 12.9919 -51.15 -1.1
      vertex 12.8247 -51.4002 -4
      vertex 12.8247 -51.4002 -1.1
    endloop
  endfacet
  facet normal 0.946931 -0.321438 0
    outer loop
      vertex 8.77837 -49.4047 -1.1
      vertex 8.87508 -49.1198 -4
      vertex 8.87508 -49.1198 -1.1
    endloop
  endfacet
  facet normal 0.946931 -0.321438 0
    outer loop
      vertex 8.87508 -49.1198 -4
      vertex 8.77837 -49.4047 -1.1
      vertex 8.77837 -49.4047 -4
    endloop
  endfacet
  facet normal -0.321408 -0.946941 0
    outer loop
      vertex 11.5953 -47.7784 -4
      vertex 11.8802 -47.8751 -1.1
      vertex 11.5953 -47.7784 -1.1
    endloop
  endfacet
  facet normal -0.321408 -0.946941 -0
    outer loop
      vertex 11.8802 -47.8751 -1.1
      vertex 11.5953 -47.7784 -4
      vertex 11.8802 -47.8751 -4
    endloop
  endfacet
  facet normal -0.89694 0.442153 0
    outer loop
      vertex 12.9919 -51.15 -4
      vertex 13.1249 -50.8802 -1.1
      vertex 13.1249 -50.8802 -4
    endloop
  endfacet
  facet normal -0.89694 0.442153 0
    outer loop
      vertex 13.1249 -50.8802 -1.1
      vertex 12.9919 -51.15 -4
      vertex 12.9919 -51.15 -1.1
    endloop
  endfacet
  facet normal 0.555697 0.831385 -0
    outer loop
      vertex 9.85 -51.9919 -4
      vertex 9.59985 -51.8247 -1.1
      vertex 9.85 -51.9919 -1.1
    endloop
  endfacet
  facet normal 0.555697 0.831385 0
    outer loop
      vertex 9.59985 -51.8247 -1.1
      vertex 9.85 -51.9919 -4
      vertex 9.59985 -51.8247 -4
    endloop
  endfacet
  facet normal -0.980785 -0.195093 0
    outer loop
      vertex 13.2803 -49.6998 -4
      vertex 13.2216 -49.4047 -1.1
      vertex 13.2216 -49.4047 -4
    endloop
  endfacet
  facet normal -0.980785 -0.195093 0
    outer loop
      vertex 13.2216 -49.4047 -1.1
      vertex 13.2803 -49.6998 -4
      vertex 13.2803 -49.6998 -1.1
    endloop
  endfacet
  facet normal 0 0 -1
    outer loop
      vertex 13.5115 -51.45 0.00999928
      vertex 13.7165 -51 0.00999928
      vertex 13.6792 -51.1098 0.00999928
    endloop
  endfacet
  facet normal 0 0 -1
    outer loop
      vertex 13.3007 -51.7654 0.00999928
      vertex 13.7165 -51 0.00999928
      vertex 13.5115 -51.45 0.00999928
    endloop
  endfacet
  facet normal 0 0 -1
    outer loop
      vertex 13.0506 -52.0506 0.00999928
      vertex 13.7165 -51 0.00999928
      vertex 13.3007 -51.7654 0.00999928
    endloop
  endfacet
  facet normal 0 0 -1
    outer loop
      vertex 12.7654 -52.3007 0.00999928
      vertex 13.7165 -51 0.00999928
      vertex 13.0506 -52.0506 0.00999928
    endloop
  endfacet
  facet normal 0 0 -1
    outer loop
      vertex 12.45 -52.5115 0.00999928
      vertex 13.7165 -51 0.00999928
      vertex 12.7654 -52.3007 0.00999928
    endloop
  endfacet
  facet normal 0 0 -1
    outer loop
      vertex 12.1098 -52.6792 0.00999928
      vertex 13.7165 -51 0.00999928
      vertex 12.45 -52.5115 0.00999928
    endloop
  endfacet
  facet normal 0 0 -1
    outer loop
      vertex 11.7506 -52.8012 0.00999928
      vertex 13.7165 -51 0.00999928
      vertex 12.1098 -52.6792 0.00999928
    endloop
  endfacet
  facet normal 0 0 -1
    outer loop
      vertex 11.3785 -52.8752 0.00999928
      vertex 13.7165 -51 0.00999928
      vertex 11.7506 -52.8012 0.00999928
    endloop
  endfacet
  facet normal 0 0 -1
    outer loop
      vertex 11 -52.9 0.00999928
      vertex 13.7165 -51 0.00999928
      vertex 11.3785 -52.8752 0.00999928
    endloop
  endfacet
  facet normal 0 0 -1
    outer loop
      vertex 10.6215 -52.8752 0.00999928
      vertex 13.7165 -51 0.00999928
      vertex 11 -52.9 0.00999928
    endloop
  endfacet
  facet normal 0 0 -1
    outer loop
      vertex 10.2494 -52.8012 0.00999928
      vertex 13.7165 -51 0.00999928
      vertex 10.6215 -52.8752 0.00999928
    endloop
  endfacet
  facet normal 0 0 -1
    outer loop
      vertex 9.89022 -52.6792 0.00999928
      vertex 13.7165 -51 0.00999928
      vertex 10.2494 -52.8012 0.00999928
    endloop
  endfacet
  facet normal 0 0 -1
    outer loop
      vertex 9.55 -52.5115 0.00999928
      vertex 13.7165 -51 0.00999928
      vertex 9.89022 -52.6792 0.00999928
    endloop
  endfacet
  facet normal 0 0 -1
    outer loop
      vertex 9.23459 -52.3007 0.00999928
      vertex 13.7165 -51 0.00999928
      vertex 9.55 -52.5115 0.00999928
    endloop
  endfacet
  facet normal 0 0 -1
    outer loop
      vertex 8.94939 -52.0506 0.00999928
      vertex 13.7165 -51 0.00999928
      vertex 9.23459 -52.3007 0.00999928
    endloop
  endfacet
  facet normal 0 0 -1
    outer loop
      vertex 8.69928 -51.7654 0.00999928
      vertex 13.7165 -51 0.00999928
      vertex 8.94939 -52.0506 0.00999928
    endloop
  endfacet
  facet normal 0 0 -1
    outer loop
      vertex 8.28348 -51 0.00999928
      vertex 8.69928 -51.7654 0.00999928
      vertex 8.48853 -51.45 0.00999928
    endloop
  endfacet
  facet normal 0 0 -1
    outer loop
      vertex 8.28348 -51 0.00999928
      vertex 8.48853 -51.45 0.00999928
      vertex 8.32075 -51.1098 0.00999928
    endloop
  endfacet
  facet normal 0 0 -1
    outer loop
      vertex 8.69928 -51.7654 0.00999928
      vertex 8.28348 -51 0.00999928
      vertex 13.7165 -51 0.00999928
    endloop
  endfacet
  facet normal -0.321408 0.946941 0
    outer loop
      vertex 11.8802 -52.1249 -4
      vertex 11.5953 -52.2216 -1.1
      vertex 11.8802 -52.1249 -1.1
    endloop
  endfacet
  facet normal -0.321408 0.946941 0
    outer loop
      vertex 11.5953 -52.2216 -1.1
      vertex 11.8802 -52.1249 -4
      vertex 11.5953 -52.2216 -4
    endloop
  endfacet
  facet normal 0.659398 0.751794 -0
    outer loop
      vertex 9.59985 -51.8247 -4
      vertex 9.37365 -51.6263 -1.1
      vertex 9.59985 -51.8247 -1.1
    endloop
  endfacet
  facet normal 0.659398 0.751794 0
    outer loop
      vertex 9.37365 -51.6263 -1.1
      vertex 9.59985 -51.8247 -4
      vertex 9.37365 -51.6263 -4
    endloop
  endfacet
  facet normal -0.55562 -0.831436 0
    outer loop
      vertex 12.15 -48.0081 -4
      vertex 12.4002 -48.1753 -1.1
      vertex 12.15 -48.0081 -1.1
    endloop
  endfacet
  facet normal -0.55562 -0.831436 -0
    outer loop
      vertex 12.4002 -48.1753 -1.1
      vertex 12.15 -48.0081 -4
      vertex 12.4002 -48.1753 -4
    endloop
  endfacet
  facet normal 0.195093 0.980785 -0
    outer loop
      vertex 10.6998 -52.2803 -4
      vertex 10.4047 -52.2216 -1.1
      vertex 10.6998 -52.2803 -1.1
    endloop
  endfacet
  facet normal 0.195093 0.980785 0
    outer loop
      vertex 10.4047 -52.2216 -1.1
      vertex 10.6998 -52.2803 -4
      vertex 10.4047 -52.2216 -4
    endloop
  endfacet
  facet normal 0.997858 -0.0654159 0
    outer loop
      vertex 8.7 -50 -1.1
      vertex 8.71968 -49.6998 -4
      vertex 8.71968 -49.6998 -1.1
    endloop
  endfacet
  facet normal 0.997858 -0.0654159 0
    outer loop
      vertex 8.71968 -49.6998 -4
      vertex 8.7 -50 -1.1
      vertex 8.7 -50 -4
    endloop
  endfacet
  facet normal 0.89686 -0.442314 0
    outer loop
      vertex 8.87508 -49.1198 -1.1
      vertex 9.00814 -48.85 -4
      vertex 9.00814 -48.85 -1.1
    endloop
  endfacet
  facet normal 0.89686 -0.442314 0
    outer loop
      vertex 9.00814 -48.85 -4
      vertex 8.87508 -49.1198 -1.1
      vertex 8.87508 -49.1198 -4
    endloop
  endfacet
  facet normal -0.0654821 0.997854 0
    outer loop
      vertex 11.3002 -52.2803 -4
      vertex 11 -52.3 -1.1
      vertex 11.3002 -52.2803 -1.1
    endloop
  endfacet
  facet normal -0.0654821 0.997854 0
    outer loop
      vertex 11 -52.3 -1.1
      vertex 11.3002 -52.2803 -4
      vertex 11 -52.3 -4
    endloop
  endfacet
  facet normal 0.321408 -0.946941 0
    outer loop
      vertex 10.1198 -47.8751 -4
      vertex 10.4047 -47.7784 -1.1
      vertex 10.1198 -47.8751 -1.1
    endloop
  endfacet
  facet normal 0.321408 -0.946941 0
    outer loop
      vertex 10.4047 -47.7784 -1.1
      vertex 10.1198 -47.8751 -4
      vertex 10.4047 -47.7784 -4
    endloop
  endfacet
  facet normal -0.195093 -0.980785 0
    outer loop
      vertex 11.3002 -47.7197 -4
      vertex 11.5953 -47.7784 -1.1
      vertex 11.3002 -47.7197 -1.1
    endloop
  endfacet
  facet normal -0.195093 -0.980785 -0
    outer loop
      vertex 11.5953 -47.7784 -1.1
      vertex 11.3002 -47.7197 -4
      vertex 11.5953 -47.7784 -4
    endloop
  endfacet
  facet normal 0.442153 0.89694 -0
    outer loop
      vertex 10.1198 -52.1249 -4
      vertex 9.85 -51.9919 -1.1
      vertex 10.1198 -52.1249 -1.1
    endloop
  endfacet
  facet normal 0.442153 0.89694 0
    outer loop
      vertex 9.85 -51.9919 -1.1
      vertex 10.1198 -52.1249 -4
      vertex 9.85 -51.9919 -4
    endloop
  endfacet
  facet normal -0.442153 0.89694 0
    outer loop
      vertex 12.15 -51.9919 -4
      vertex 11.8802 -52.1249 -1.1
      vertex 12.15 -51.9919 -1.1
    endloop
  endfacet
  facet normal -0.442153 0.89694 0
    outer loop
      vertex 11.8802 -52.1249 -1.1
      vertex 12.15 -51.9919 -4
      vertex 11.8802 -52.1249 -4
    endloop
  endfacet
  facet normal -0.442153 -0.89694 0
    outer loop
      vertex 11.8802 -47.8751 -4
      vertex 12.15 -48.0081 -1.1
      vertex 11.8802 -47.8751 -1.1
    endloop
  endfacet
  facet normal -0.442153 -0.89694 -0
    outer loop
      vertex 12.15 -48.0081 -1.1
      vertex 11.8802 -47.8751 -4
      vertex 12.15 -48.0081 -4
    endloop
  endfacet
  facet normal 0.980791 -0.195061 0
    outer loop
      vertex 8.71968 -49.6998 -1.1
      vertex 8.77837 -49.4047 -4
      vertex 8.77837 -49.4047 -1.1
    endloop
  endfacet
  facet normal 0.980791 -0.195061 0
    outer loop
      vertex 8.77837 -49.4047 -4
      vertex 8.71968 -49.6998 -1.1
      vertex 8.71968 -49.6998 -4
    endloop
  endfacet
  facet normal -0.997854 -0.0654821 0
    outer loop
      vertex 13.3 -50 -4
      vertex 13.2803 -49.6998 -1.1
      vertex 13.2803 -49.6998 -4
    endloop
  endfacet
  facet normal -0.997854 -0.0654821 0
    outer loop
      vertex 13.2803 -49.6998 -1.1
      vertex 13.3 -50 -4
      vertex 13.3 -50 -1.1
    endloop
  endfacet
  facet normal 0.555697 -0.831385 0
    outer loop
      vertex 9.59985 -48.1753 -4
      vertex 9.85 -48.0081 -1.1
      vertex 9.59985 -48.1753 -1.1
    endloop
  endfacet
  facet normal 0.555697 -0.831385 0
    outer loop
      vertex 9.85 -48.0081 -1.1
      vertex 9.59985 -48.1753 -4
      vertex 9.85 -48.0081 -4
    endloop
  endfacet
  facet normal -0.751649 -0.659563 0
    outer loop
      vertex 12.8247 -48.5998 -4
      vertex 12.6263 -48.3737 -1.1
      vertex 12.6263 -48.3737 -4
    endloop
  endfacet
  facet normal -0.751649 -0.659563 0
    outer loop
      vertex 12.6263 -48.3737 -1.1
      vertex 12.8247 -48.5998 -4
      vertex 12.8247 -48.5998 -1.1
    endloop
  endfacet
  facet normal -0.831436 -0.55562 0
    outer loop
      vertex 12.9919 -48.85 -4
      vertex 12.8247 -48.5998 -1.1
      vertex 12.8247 -48.5998 -4
    endloop
  endfacet
  facet normal -0.831436 -0.55562 0
    outer loop
      vertex 12.8247 -48.5998 -1.1
      vertex 12.9919 -48.85 -4
      vertex 12.9919 -48.85 -1.1
    endloop
  endfacet
  facet normal 0.751715 -0.659488 0
    outer loop
      vertex 9.17529 -48.5998 -1.1
      vertex 9.37365 -48.3737 -4
      vertex 9.37365 -48.3737 -1.1
    endloop
  endfacet
  facet normal 0.751715 -0.659488 0
    outer loop
      vertex 9.37365 -48.3737 -4
      vertex 9.17529 -48.5998 -1.1
      vertex 9.17529 -48.5998 -4
    endloop
  endfacet
  facet normal 0.751715 0.659488 0
    outer loop
      vertex 9.37365 -51.6263 -1.1
      vertex 9.17529 -51.4002 -4
      vertex 9.17529 -51.4002 -1.1
    endloop
  endfacet
  facet normal 0.751715 0.659488 0
    outer loop
      vertex 9.17529 -51.4002 -4
      vertex 9.37365 -51.6263 -1.1
      vertex 9.37365 -51.6263 -4
    endloop
  endfacet
  facet normal 0.659398 -0.751794 0
    outer loop
      vertex 9.37365 -48.3737 -4
      vertex 9.59985 -48.1753 -1.1
      vertex 9.37365 -48.3737 -1.1
    endloop
  endfacet
  facet normal 0.659398 -0.751794 0
    outer loop
      vertex 9.59985 -48.1753 -1.1
      vertex 9.37365 -48.3737 -4
      vertex 9.59985 -48.1753 -4
    endloop
  endfacet
  facet normal -0.946941 -0.321408 0
    outer loop
      vertex 13.2216 -49.4047 -4
      vertex 13.1249 -49.1198 -1.1
      vertex 13.1249 -49.1198 -4
    endloop
  endfacet
  facet normal -0.946941 -0.321408 0
    outer loop
      vertex 13.1249 -49.1198 -1.1
      vertex 13.2216 -49.4047 -4
      vertex 13.2216 -49.4047 -1.1
    endloop
  endfacet
  facet normal 0.831513 -0.555505 0
    outer loop
      vertex 9.00814 -48.85 -1.1
      vertex 9.17529 -48.5998 -4
      vertex 9.17529 -48.5998 -1.1
    endloop
  endfacet
  facet normal 0.831513 -0.555505 0
    outer loop
      vertex 9.17529 -48.5998 -4
      vertex 9.00814 -48.85 -1.1
      vertex 9.00814 -48.85 -4
    endloop
  endfacet
  facet normal -0.89694 -0.442153 0
    outer loop
      vertex 13.1249 -49.1198 -4
      vertex 12.9919 -48.85 -1.1
      vertex 12.9919 -48.85 -4
    endloop
  endfacet
  facet normal -0.89694 -0.442153 0
    outer loop
      vertex 12.9919 -48.85 -1.1
      vertex 13.1249 -49.1198 -4
      vertex 13.1249 -49.1198 -1.1
    endloop
  endfacet
  facet normal 0.195093 -0.980785 0
    outer loop
      vertex 10.4047 -47.7784 -4
      vertex 10.6998 -47.7197 -1.1
      vertex 10.4047 -47.7784 -1.1
    endloop
  endfacet
  facet normal 0.195093 -0.980785 0
    outer loop
      vertex 10.6998 -47.7197 -1.1
      vertex 10.4047 -47.7784 -4
      vertex 10.6998 -47.7197 -4
    endloop
  endfacet
  facet normal -0.0654821 -0.997854 0
    outer loop
      vertex 11 -47.7 -4
      vertex 11.3002 -47.7197 -1.1
      vertex 11 -47.7 -1.1
    endloop
  endfacet
  facet normal -0.0654821 -0.997854 -0
    outer loop
      vertex 11.3002 -47.7197 -1.1
      vertex 11 -47.7 -4
      vertex 11.3002 -47.7197 -4
    endloop
  endfacet
  facet normal 0.442153 -0.89694 0
    outer loop
      vertex 9.85 -48.0081 -4
      vertex 10.1198 -47.8751 -1.1
      vertex 9.85 -48.0081 -1.1
    endloop
  endfacet
  facet normal 0.442153 -0.89694 0
    outer loop
      vertex 10.1198 -47.8751 -1.1
      vertex 9.85 -48.0081 -4
      vertex 10.1198 -47.8751 -4
    endloop
  endfacet
  facet normal -0.195093 0.980785 0
    outer loop
      vertex 11.5953 -52.2216 -4
      vertex 11.3002 -52.2803 -1.1
      vertex 11.5953 -52.2216 -1.1
    endloop
  endfacet
  facet normal -0.195093 0.980785 0
    outer loop
      vertex 11.3002 -52.2803 -1.1
      vertex 11.5953 -52.2216 -4
      vertex 11.3002 -52.2803 -4
    endloop
  endfacet
  facet normal -0.659563 -0.751649 0
    outer loop
      vertex 12.4002 -48.1753 -4
      vertex 12.6263 -48.3737 -1.1
      vertex 12.4002 -48.1753 -1.1
    endloop
  endfacet
  facet normal -0.659563 -0.751649 -0
    outer loop
      vertex 12.6263 -48.3737 -1.1
      vertex 12.4002 -48.1753 -4
      vertex 12.6263 -48.3737 -4
    endloop
  endfacet
  facet normal -0.55562 0.831436 0
    outer loop
      vertex 12.4002 -51.8247 -4
      vertex 12.15 -51.9919 -1.1
      vertex 12.4002 -51.8247 -1.1
    endloop
  endfacet
  facet normal -0.55562 0.831436 0
    outer loop
      vertex 12.15 -51.9919 -1.1
      vertex 12.4002 -51.8247 -4
      vertex 12.15 -51.9919 -4
    endloop
  endfacet
  facet normal 0.321408 0.946941 -0
    outer loop
      vertex 10.4047 -52.2216 -4
      vertex 10.1198 -52.1249 -1.1
      vertex 10.4047 -52.2216 -1.1
    endloop
  endfacet
  facet normal 0.321408 0.946941 0
    outer loop
      vertex 10.1198 -52.1249 -1.1
      vertex 10.4047 -52.2216 -4
      vertex 10.1198 -52.1249 -4
    endloop
  endfacet
  facet normal 0.0654821 -0.997854 0
    outer loop
      vertex 10.6998 -47.7197 -4
      vertex 11 -47.7 -1.1
      vertex 10.6998 -47.7197 -1.1
    endloop
  endfacet
  facet normal 0.0654821 -0.997854 0
    outer loop
      vertex 11 -47.7 -1.1
      vertex 10.6998 -47.7197 -4
      vertex 11 -47.7 -4
    endloop
  endfacet
  facet normal 0.89686 0.442314 0
    outer loop
      vertex 9.00814 -51.15 -1.1
      vertex 8.87508 -50.8802 -4
      vertex 8.87508 -50.8802 -1.1
    endloop
  endfacet
  facet normal 0.89686 0.442314 0
    outer loop
      vertex 8.87508 -50.8802 -4
      vertex 9.00814 -51.15 -1.1
      vertex 9.00814 -51.15 -4
    endloop
  endfacet
  facet normal 0.980791 0.195061 0
    outer loop
      vertex 8.77837 -50.5953 -1.1
      vertex 8.71968 -50.3002 -4
      vertex 8.71968 -50.3002 -1.1
    endloop
  endfacet
  facet normal 0.980791 0.195061 0
    outer loop
      vertex 8.71968 -50.3002 -4
      vertex 8.77837 -50.5953 -1.1
      vertex 8.77837 -50.5953 -4
    endloop
  endfacet
  facet normal -0.751649 0.659563 0
    outer loop
      vertex 12.6263 -51.6263 -4
      vertex 12.8247 -51.4002 -1.1
      vertex 12.8247 -51.4002 -4
    endloop
  endfacet
  facet normal -0.751649 0.659563 0
    outer loop
      vertex 12.8247 -51.4002 -1.1
      vertex 12.6263 -51.6263 -4
      vertex 12.6263 -51.6263 -1.1
    endloop
  endfacet
  facet normal -0.659563 0.751649 0
    outer loop
      vertex 12.6263 -51.6263 -4
      vertex 12.4002 -51.8247 -1.1
      vertex 12.6263 -51.6263 -1.1
    endloop
  endfacet
  facet normal -0.659563 0.751649 0
    outer loop
      vertex 12.4002 -51.8247 -1.1
      vertex 12.6263 -51.6263 -4
      vertex 12.4002 -51.8247 -4
    endloop
  endfacet
  facet normal 0.0654821 0.997854 -0
    outer loop
      vertex 11 -52.3 -4
      vertex 10.6998 -52.2803 -1.1
      vertex 11 -52.3 -1.1
    endloop
  endfacet
  facet normal 0.0654821 0.997854 0
    outer loop
      vertex 10.6998 -52.2803 -1.1
      vertex 11 -52.3 -4
      vertex 10.6998 -52.2803 -4
    endloop
  endfacet
  facet normal 0.946931 0.321438 0
    outer loop
      vertex 8.87508 -50.8802 -1.1
      vertex 8.77837 -50.5953 -4
      vertex 8.77837 -50.5953 -1.1
    endloop
  endfacet
  facet normal 0.946931 0.321438 0
    outer loop
      vertex 8.77837 -50.5953 -4
      vertex 8.87508 -50.8802 -1.1
      vertex 8.87508 -50.8802 -4
    endloop
  endfacet
  facet normal 0.997858 0.0654159 0
    outer loop
      vertex 8.71968 -50.3002 -1.1
      vertex 8.7 -50 -4
      vertex 8.7 -50 -1.1
    endloop
  endfacet
  facet normal 0.997858 0.0654159 0
    outer loop
      vertex 8.7 -50 -4
      vertex 8.71968 -50.3002 -1.1
      vertex 8.71968 -50.3002 -4
    endloop
  endfacet
  facet normal 0.831513 0.555505 0
    outer loop
      vertex 9.17529 -51.4002 -1.1
      vertex 9.00814 -51.15 -4
      vertex 9.00814 -51.15 -1.1
    endloop
  endfacet
  facet normal 0.831513 0.555505 0
    outer loop
      vertex 9.00814 -51.15 -4
      vertex 9.17529 -51.4002 -1.1
      vertex 9.17529 -51.4002 -4
    endloop
  endfacet
  facet normal 0.997859 0.0654079 0
    outer loop
      vertex 8.12481 -50.3785 0
      vertex 8.1 -50 -1.1
      vertex 8.1 -50 0
    endloop
  endfacet
  facet normal 0.997859 0.0654079 0
    outer loop
      vertex 8.1 -50 -1.1
      vertex 8.12481 -50.3785 0
      vertex 8.12481 -50.3785 -1.1
    endloop
  endfacet
  facet normal -0.195052 -0.980793 0
    outer loop
      vertex 11.3785 -47.1248 -1.1
      vertex 11.7506 -47.1988 0
      vertex 11.3785 -47.1248 0
    endloop
  endfacet
  facet normal -0.195052 -0.980793 -0
    outer loop
      vertex 11.7506 -47.1988 0
      vertex 11.3785 -47.1248 -1.1
      vertex 11.7506 -47.1988 -1.1
    endloop
  endfacet
  facet normal -0.980793 0.195052 0
    outer loop
      vertex 13.8012 -50.7506 -1.1
      vertex 13.8752 -50.3785 0
      vertex 13.8752 -50.3785 -1.1
    endloop
  endfacet
  facet normal -0.980793 0.195052 0
    outer loop
      vertex 13.8752 -50.3785 0
      vertex 13.8012 -50.7506 -1.1
      vertex 13.8012 -50.7506 0
    endloop
  endfacet
  facet normal -0.99786 0.0653816 0
    outer loop
      vertex 13.8752 -50.3785 -1.1
      vertex 13.9 -50 0
      vertex 13.9 -50 -1.1
    endloop
  endfacet
  facet normal -0.99786 0.0653816 0
    outer loop
      vertex 13.9 -50 0
      vertex 13.8752 -50.3785 -1.1
      vertex 13.8752 -50.3785 0
    endloop
  endfacet
  facet normal 0.195052 -0.980793 0
    outer loop
      vertex 10.2494 -47.1988 -1.1
      vertex 10.6215 -47.1248 0
      vertex 10.2494 -47.1988 0
    endloop
  endfacet
  facet normal 0.195052 -0.980793 0
    outer loop
      vertex 10.6215 -47.1248 0
      vertex 10.2494 -47.1988 -1.1
      vertex 10.6215 -47.1248 -1.1
    endloop
  endfacet
  facet normal -0.980793 -0.195052 0
    outer loop
      vertex 13.8752 -49.6215 -1.1
      vertex 13.8012 -49.2494 0
      vertex 13.8012 -49.2494 -1.1
    endloop
  endfacet
  facet normal -0.980793 -0.195052 0
    outer loop
      vertex 13.8012 -49.2494 0
      vertex 13.8752 -49.6215 -1.1
      vertex 13.8752 -49.6215 0
    endloop
  endfacet
  facet normal 0.751845 0.65934 0
    outer loop
      vertex 8.94939 -52.0506 0.00999928
      vertex 8.69928 -51.7654 -1.1
      vertex 8.69928 -51.7654 0.00999928
    endloop
  endfacet
  facet normal 0.751845 0.65934 0
    outer loop
      vertex 8.69928 -51.7654 -1.1
      vertex 8.94939 -52.0506 0.00999928
      vertex 8.94939 -52.0506 -1.1
    endloop
  endfacet
  facet normal -0.3216 0.946876 0
    outer loop
      vertex 12.1098 -52.6792 -1.1
      vertex 11.7506 -52.8012 0.00999928
      vertex 12.1098 -52.6792 0.00999928
    endloop
  endfacet
  facet normal -0.3216 0.946876 0
    outer loop
      vertex 11.7506 -52.8012 0.00999928
      vertex 12.1098 -52.6792 -1.1
      vertex 11.7506 -52.8012 -1.1
    endloop
  endfacet
  facet normal 0.321616 0.94687 -0
    outer loop
      vertex 10.2494 -52.8012 -1.1
      vertex 9.89022 -52.6792 0.00999928
      vertex 10.2494 -52.8012 0.00999928
    endloop
  endfacet
  facet normal 0.321616 0.94687 0
    outer loop
      vertex 9.89022 -52.6792 0.00999928
      vertex 10.2494 -52.8012 -1.1
      vertex 9.89022 -52.6792 -1.1
    endloop
  endfacet
  facet normal -0.0653816 -0.99786 0
    outer loop
      vertex 11 -47.1 -1.1
      vertex 11.3785 -47.1248 0
      vertex 11 -47.1 0
    endloop
  endfacet
  facet normal -0.0653816 -0.99786 -0
    outer loop
      vertex 11.3785 -47.1248 0
      vertex 11 -47.1 -1.1
      vertex 11.3785 -47.1248 -1.1
    endloop
  endfacet
  facet normal -0.659325 0.751858 0
    outer loop
      vertex 13.0506 -52.0506 -1.1
      vertex 12.7654 -52.3007 0.00999928
      vertex 13.0506 -52.0506 0.00999928
    endloop
  endfacet
  facet normal -0.659325 0.751858 0
    outer loop
      vertex 12.7654 -52.3007 0.00999928
      vertex 13.0506 -52.0506 -1.1
      vertex 12.7654 -52.3007 -1.1
    endloop
  endfacet
  facet normal 0.89686 0.442314 0
    outer loop
      vertex 8.48853 -51.45 0.00999928
      vertex 8.32075 -51.1098 -1.1
      vertex 8.32075 -51.1098 0.00999928
    endloop
  endfacet
  facet normal 0.89686 0.442314 0
    outer loop
      vertex 8.32075 -51.1098 -1.1
      vertex 8.48853 -51.45 0.00999928
      vertex 8.48853 -51.45 -1.1
    endloop
  endfacet
  facet normal -0.946876 -0.3216 0
    outer loop
      vertex 13.8012 -49.2494 -1.1
      vertex 13.6792 -48.8902 0
      vertex 13.6792 -48.8902 -1.1
    endloop
  endfacet
  facet normal -0.946876 -0.3216 0
    outer loop
      vertex 13.6792 -48.8902 0
      vertex 13.8012 -49.2494 -1.1
      vertex 13.8012 -49.2494 0
    endloop
  endfacet
  facet normal 0.442335 -0.89685 0
    outer loop
      vertex 9.55 -47.4885 -1.1
      vertex 9.89022 -47.3207 0
      vertex 9.55 -47.4885 0
    endloop
  endfacet
  facet normal 0.442335 -0.89685 0
    outer loop
      vertex 9.89022 -47.3207 0
      vertex 9.55 -47.4885 -1.1
      vertex 9.89022 -47.3207 -1.1
    endloop
  endfacet
  facet normal 0.980793 -0.195052 0
    outer loop
      vertex 8.12481 -49.6215 0
      vertex 8.19881 -49.2494 -1.1
      vertex 8.19881 -49.2494 0
    endloop
  endfacet
  facet normal 0.980793 -0.195052 0
    outer loop
      vertex 8.19881 -49.2494 -1.1
      vertex 8.12481 -49.6215 0
      vertex 8.12481 -49.6215 -1.1
    endloop
  endfacet
  facet normal -0.831401 -0.555673 0
    outer loop
      vertex 13.5115 -48.55 -1.1
      vertex 13.3007 -48.2346 0
      vertex 13.3007 -48.2346 -1.1
    endloop
  endfacet
  facet normal -0.831401 -0.555673 0
    outer loop
      vertex 13.3007 -48.2346 0
      vertex 13.5115 -48.55 -1.1
      vertex 13.5115 -48.55 0
    endloop
  endfacet
  facet normal 0.555661 0.831409 -0
    outer loop
      vertex 9.55 -52.5115 -1.1
      vertex 9.23459 -52.3007 0.00999928
      vertex 9.55 -52.5115 0.00999928
    endloop
  endfacet
  facet normal 0.555661 0.831409 0
    outer loop
      vertex 9.23459 -52.3007 0.00999928
      vertex 9.55 -52.5115 -1.1
      vertex 9.23459 -52.3007 -1.1
    endloop
  endfacet
  facet normal 0.946924 -0.321458 0
    outer loop
      vertex 8.19881 -49.2494 0
      vertex 8.32075 -48.8902 -1.1
      vertex 8.32075 -48.8902 0
    endloop
  endfacet
  facet normal 0.946924 -0.321458 0
    outer loop
      vertex 8.32075 -48.8902 -1.1
      vertex 8.19881 -49.2494 0
      vertex 8.19881 -49.2494 -1.1
    endloop
  endfacet
  facet normal 0.0653816 -0.99786 0
    outer loop
      vertex 10.6215 -47.1248 -1.1
      vertex 11 -47.1 0
      vertex 10.6215 -47.1248 0
    endloop
  endfacet
  facet normal 0.0653816 -0.99786 0
    outer loop
      vertex 11 -47.1 0
      vertex 10.6215 -47.1248 -1.1
      vertex 11 -47.1 -1.1
    endloop
  endfacet
  facet normal 0.659325 0.751858 -0
    outer loop
      vertex 9.23459 -52.3007 -1.1
      vertex 8.94939 -52.0506 0.00999928
      vertex 9.23459 -52.3007 0.00999928
    endloop
  endfacet
  facet normal 0.659325 0.751858 0
    outer loop
      vertex 8.94939 -52.0506 0.00999928
      vertex 9.23459 -52.3007 -1.1
      vertex 8.94939 -52.0506 -1.1
    endloop
  endfacet
  facet normal -0.442144 0.896944 0
    outer loop
      vertex 12.45 -52.5115 -1.1
      vertex 12.1098 -52.6792 0.00999928
      vertex 12.45 -52.5115 0.00999928
    endloop
  endfacet
  facet normal -0.442144 0.896944 0
    outer loop
      vertex 12.1098 -52.6792 0.00999928
      vertex 12.45 -52.5115 -1.1
      vertex 12.1098 -52.6792 -1.1
    endloop
  endfacet
  facet normal -0.195052 0.980793 0
    outer loop
      vertex 11.7506 -52.8012 -1.1
      vertex 11.3785 -52.8752 0.00999928
      vertex 11.7506 -52.8012 0.00999928
    endloop
  endfacet
  facet normal -0.195052 0.980793 0
    outer loop
      vertex 11.3785 -52.8752 0.00999928
      vertex 11.7506 -52.8012 -1.1
      vertex 11.3785 -52.8752 -1.1
    endloop
  endfacet
  facet normal -0.99786 -0.0653816 0
    outer loop
      vertex 13.9 -50 -1.1
      vertex 13.8752 -49.6215 0
      vertex 13.8752 -49.6215 -1.1
    endloop
  endfacet
  facet normal -0.99786 -0.0653816 0
    outer loop
      vertex 13.8752 -49.6215 0
      vertex 13.9 -50 -1.1
      vertex 13.9 -50 0
    endloop
  endfacet
  facet normal 0.89686 -0.442314 0
    outer loop
      vertex 8.32075 -48.8902 0
      vertex 8.48853 -48.55 -1.1
      vertex 8.48853 -48.55 0
    endloop
  endfacet
  facet normal 0.89686 -0.442314 0
    outer loop
      vertex 8.48853 -48.55 -1.1
      vertex 8.32075 -48.8902 0
      vertex 8.32075 -48.8902 -1.1
    endloop
  endfacet
  facet normal -0.555673 0.831401 0
    outer loop
      vertex 12.7654 -52.3007 -1.1
      vertex 12.45 -52.5115 0.00999928
      vertex 12.7654 -52.3007 0.00999928
    endloop
  endfacet
  facet normal -0.555673 0.831401 0
    outer loop
      vertex 12.45 -52.5115 0.00999928
      vertex 12.7654 -52.3007 -1.1
      vertex 12.45 -52.5115 -1.1
    endloop
  endfacet
  facet normal 0.32138 -0.94695 0
    outer loop
      vertex 9.89022 -47.3207 -1.1
      vertex 10.2494 -47.1988 0
      vertex 9.89022 -47.3207 0
    endloop
  endfacet
  facet normal 0.32138 -0.94695 0
    outer loop
      vertex 10.2494 -47.1988 0
      vertex 9.89022 -47.3207 -1.1
      vertex 10.2494 -47.1988 -1.1
    endloop
  endfacet
  facet normal -0.659325 -0.751858 0
    outer loop
      vertex 12.7654 -47.6993 -1.1
      vertex 13.0506 -47.9494 0
      vertex 12.7654 -47.6993 0
    endloop
  endfacet
  facet normal -0.659325 -0.751858 -0
    outer loop
      vertex 13.0506 -47.9494 0
      vertex 12.7654 -47.6993 -1.1
      vertex 13.0506 -47.9494 -1.1
    endloop
  endfacet
  facet normal -0.831401 0.555673 0
    outer loop
      vertex 13.3007 -51.7654 -1.1
      vertex 13.5115 -51.45 0.00999928
      vertex 13.5115 -51.45 -1.1
    endloop
  endfacet
  facet normal -0.831401 0.555673 0
    outer loop
      vertex 13.5115 -51.45 0.00999928
      vertex 13.3007 -51.7654 -1.1
      vertex 13.3007 -51.7654 0.00999928
    endloop
  endfacet
  facet normal 0.831462 -0.555582 0
    outer loop
      vertex 8.48853 -48.55 0
      vertex 8.69928 -48.2346 -1.1
      vertex 8.69928 -48.2346 0
    endloop
  endfacet
  facet normal 0.831462 -0.555582 0
    outer loop
      vertex 8.69928 -48.2346 -1.1
      vertex 8.48853 -48.55 0
      vertex 8.48853 -48.55 -1.1
    endloop
  endfacet
  facet normal -0.555673 -0.831401 0
    outer loop
      vertex 12.45 -47.4885 -1.1
      vertex 12.7654 -47.6993 0
      vertex 12.45 -47.4885 0
    endloop
  endfacet
  facet normal -0.555673 -0.831401 -0
    outer loop
      vertex 12.7654 -47.6993 0
      vertex 12.45 -47.4885 -1.1
      vertex 12.7654 -47.6993 -1.1
    endloop
  endfacet
  facet normal 0.195052 0.980793 -0
    outer loop
      vertex 10.6215 -52.8752 -1.1
      vertex 10.2494 -52.8012 0.00999928
      vertex 10.6215 -52.8752 0.00999928
    endloop
  endfacet
  facet normal 0.195052 0.980793 0
    outer loop
      vertex 10.2494 -52.8012 0.00999928
      vertex 10.6215 -52.8752 -1.1
      vertex 10.2494 -52.8012 -1.1
    endloop
  endfacet
  facet normal -0.896944 0.442144 0
    outer loop
      vertex 13.5115 -51.45 -1.1
      vertex 13.6792 -51.1098 0.00999928
      vertex 13.6792 -51.1098 -1.1
    endloop
  endfacet
  facet normal -0.896944 0.442144 0
    outer loop
      vertex 13.6792 -51.1098 0.00999928
      vertex 13.5115 -51.45 -1.1
      vertex 13.5115 -51.45 0.00999928
    endloop
  endfacet
  facet normal 0.555661 -0.831409 0
    outer loop
      vertex 9.23459 -47.6993 -1.1
      vertex 9.55 -47.4885 0
      vertex 9.23459 -47.6993 0
    endloop
  endfacet
  facet normal 0.555661 -0.831409 0
    outer loop
      vertex 9.55 -47.4885 0
      vertex 9.23459 -47.6993 -1.1
      vertex 9.55 -47.4885 -1.1
    endloop
  endfacet
  facet normal 0.659325 -0.751858 0
    outer loop
      vertex 8.94939 -47.9494 -1.1
      vertex 9.23459 -47.6993 0
      vertex 8.94939 -47.9494 0
    endloop
  endfacet
  facet normal 0.659325 -0.751858 0
    outer loop
      vertex 9.23459 -47.6993 0
      vertex 8.94939 -47.9494 -1.1
      vertex 9.23459 -47.6993 -1.1
    endloop
  endfacet
  facet normal -0.751858 -0.659325 0
    outer loop
      vertex 13.3007 -48.2346 -1.1
      vertex 13.0506 -47.9494 0
      vertex 13.0506 -47.9494 -1.1
    endloop
  endfacet
  facet normal -0.751858 -0.659325 0
    outer loop
      vertex 13.0506 -47.9494 0
      vertex 13.3007 -48.2346 -1.1
      vertex 13.3007 -48.2346 0
    endloop
  endfacet
  facet normal 0.997859 -0.0654079 0
    outer loop
      vertex 8.1 -50 0
      vertex 8.12481 -49.6215 -1.1
      vertex 8.12481 -49.6215 0
    endloop
  endfacet
  facet normal 0.997859 -0.0654079 0
    outer loop
      vertex 8.12481 -49.6215 -1.1
      vertex 8.1 -50 0
      vertex 8.1 -50 -1.1
    endloop
  endfacet
  facet normal -0.896944 -0.442144 0
    outer loop
      vertex 13.6792 -48.8902 -1.1
      vertex 13.5115 -48.55 0
      vertex 13.5115 -48.55 -1.1
    endloop
  endfacet
  facet normal -0.896944 -0.442144 0
    outer loop
      vertex 13.5115 -48.55 0
      vertex 13.6792 -48.8902 -1.1
      vertex 13.6792 -48.8902 0
    endloop
  endfacet
  facet normal -0.442356 -0.896839 0
    outer loop
      vertex 12.1098 -47.3207 -1.1
      vertex 12.45 -47.4885 0
      vertex 12.1098 -47.3207 0
    endloop
  endfacet
  facet normal -0.442356 -0.896839 -0
    outer loop
      vertex 12.45 -47.4885 0
      vertex 12.1098 -47.3207 -1.1
      vertex 12.45 -47.4885 -1.1
    endloop
  endfacet
  facet normal 0.751845 -0.65934 0
    outer loop
      vertex 8.69928 -48.2346 0
      vertex 8.94939 -47.9494 -1.1
      vertex 8.94939 -47.9494 0
    endloop
  endfacet
  facet normal 0.751845 -0.65934 0
    outer loop
      vertex 8.94939 -47.9494 -1.1
      vertex 8.69928 -48.2346 0
      vertex 8.69928 -48.2346 -1.1
    endloop
  endfacet
  facet normal 0.980793 0.195052 0
    outer loop
      vertex 8.19881 -50.7506 0
      vertex 8.12481 -50.3785 -1.1
      vertex 8.12481 -50.3785 0
    endloop
  endfacet
  facet normal 0.980793 0.195052 0
    outer loop
      vertex 8.12481 -50.3785 -1.1
      vertex 8.19881 -50.7506 0
      vertex 8.19881 -50.7506 -1.1
    endloop
  endfacet
  facet normal -0.751858 0.659325 0
    outer loop
      vertex 13.0506 -52.0506 -1.1
      vertex 13.3007 -51.7654 0.00999928
      vertex 13.3007 -51.7654 -1.1
    endloop
  endfacet
  facet normal -0.751858 0.659325 0
    outer loop
      vertex 13.3007 -51.7654 0.00999928
      vertex 13.0506 -52.0506 -1.1
      vertex 13.0506 -52.0506 0.00999928
    endloop
  endfacet
  facet normal 0.831462 0.555582 0
    outer loop
      vertex 8.69928 -51.7654 0.00999928
      vertex 8.48853 -51.45 -1.1
      vertex 8.48853 -51.45 0.00999928
    endloop
  endfacet
  facet normal 0.831462 0.555582 0
    outer loop
      vertex 8.48853 -51.45 -1.1
      vertex 8.69928 -51.7654 0.00999928
      vertex 8.69928 -51.7654 -1.1
    endloop
  endfacet
  facet normal -0.946884 0.321576 0
    outer loop
      vertex 13.8012 -50.7506 -1.1
      vertex 13.7165 -51 0
      vertex 13.8012 -50.7506 0
    endloop
  endfacet
  facet normal -0.946876 0.3216 6.13485e-06
    outer loop
      vertex 13.6792 -51.1098 -1.1
      vertex 13.7165 -51 0
      vertex 13.8012 -50.7506 -1.1
    endloop
  endfacet
  facet normal -0.946857 0.321655 0
    outer loop
      vertex 13.6792 -51.1098 0.00999928
      vertex 13.7165 -51 0
      vertex 13.6792 -51.1098 -1.1
    endloop
  endfacet
  facet normal -0.946857 0.321655 0
    outer loop
      vertex 13.7165 -51 0
      vertex 13.6792 -51.1098 0.00999928
      vertex 13.7165 -51 0.00999928
    endloop
  endfacet
  facet normal 0.442123 0.896954 -0
    outer loop
      vertex 9.89022 -52.6792 -1.1
      vertex 9.55 -52.5115 0.00999928
      vertex 9.89022 -52.6792 0.00999928
    endloop
  endfacet
  facet normal 0.442123 0.896954 0
    outer loop
      vertex 9.55 -52.5115 0.00999928
      vertex 9.89022 -52.6792 -1.1
      vertex 9.55 -52.5115 -1.1
    endloop
  endfacet
  facet normal -0.0653816 0.99786 0
    outer loop
      vertex 11.3785 -52.8752 -1.1
      vertex 11 -52.9 0.00999928
      vertex 11.3785 -52.8752 0.00999928
    endloop
  endfacet
  facet normal -0.0653816 0.99786 0
    outer loop
      vertex 11 -52.9 0.00999928
      vertex 11.3785 -52.8752 -1.1
      vertex 11 -52.9 -1.1
    endloop
  endfacet
  facet normal -0.321364 -0.946956 0
    outer loop
      vertex 11.7506 -47.1988 -1.1
      vertex 12.1098 -47.3207 0
      vertex 11.7506 -47.1988 0
    endloop
  endfacet
  facet normal -0.321364 -0.946956 -0
    outer loop
      vertex 12.1098 -47.3207 0
      vertex 11.7506 -47.1988 -1.1
      vertex 12.1098 -47.3207 -1.1
    endloop
  endfacet
  facet normal 0 0 1
    outer loop
      vertex 13.3 -50 -1.1
      vertex 13.9 -50 -1.1
      vertex 13.8752 -49.6215 -1.1
    endloop
  endfacet
  facet normal 0 0 1
    outer loop
      vertex 13.2803 -49.6998 -1.1
      vertex 13.8752 -49.6215 -1.1
      vertex 13.8012 -49.2494 -1.1
    endloop
  endfacet
  facet normal 0 0 1
    outer loop
      vertex 13.9 -50 -1.1
      vertex 13.3 -50 -1.1
      vertex 13.8752 -50.3785 -1.1
    endloop
  endfacet
  facet normal 0 0 1
    outer loop
      vertex 13.2216 -49.4047 -1.1
      vertex 13.8012 -49.2494 -1.1
      vertex 13.6792 -48.8902 -1.1
    endloop
  endfacet
  facet normal -0 0 1
    outer loop
      vertex 13.2803 -50.3002 -1.1
      vertex 13.8752 -50.3785 -1.1
      vertex 13.3 -50 -1.1
    endloop
  endfacet
  facet normal 0 0 1
    outer loop
      vertex 13.1249 -49.1198 -1.1
      vertex 13.6792 -48.8902 -1.1
      vertex 13.5115 -48.55 -1.1
    endloop
  endfacet
  facet normal 0 0 1
    outer loop
      vertex 13.8752 -50.3785 -1.1
      vertex 13.2803 -50.3002 -1.1
      vertex 13.8012 -50.7506 -1.1
    endloop
  endfacet
  facet normal 0 0 1
    outer loop
      vertex 12.9919 -48.85 -1.1
      vertex 13.5115 -48.55 -1.1
      vertex 13.3007 -48.2346 -1.1
    endloop
  endfacet
  facet normal -0 0 1
    outer loop
      vertex 13.2216 -50.5953 -1.1
      vertex 13.8012 -50.7506 -1.1
      vertex 13.2803 -50.3002 -1.1
    endloop
  endfacet
  facet normal 0 0 1
    outer loop
      vertex 13.8012 -50.7506 -1.1
      vertex 13.2216 -50.5953 -1.1
      vertex 13.6792 -51.1098 -1.1
    endloop
  endfacet
  facet normal 0 0 1
    outer loop
      vertex 13.8752 -49.6215 -1.1
      vertex 13.2803 -49.6998 -1.1
      vertex 13.3 -50 -1.1
    endloop
  endfacet
  facet normal 0 0 1
    outer loop
      vertex 13.8012 -49.2494 -1.1
      vertex 13.2216 -49.4047 -1.1
      vertex 13.2803 -49.6998 -1.1
    endloop
  endfacet
  facet normal 0 0 1
    outer loop
      vertex 13.6792 -48.8902 -1.1
      vertex 13.1249 -49.1198 -1.1
      vertex 13.2216 -49.4047 -1.1
    endloop
  endfacet
  facet normal 0 0 1
    outer loop
      vertex 12.8247 -48.5998 -1.1
      vertex 13.3007 -48.2346 -1.1
      vertex 13.0506 -47.9494 -1.1
    endloop
  endfacet
  facet normal 0 0 1
    outer loop
      vertex 13.5115 -48.55 -1.1
      vertex 12.9919 -48.85 -1.1
      vertex 13.1249 -49.1198 -1.1
    endloop
  endfacet
  facet normal 0 0 1
    outer loop
      vertex 13.3007 -48.2346 -1.1
      vertex 12.8247 -48.5998 -1.1
      vertex 12.9919 -48.85 -1.1
    endloop
  endfacet
  facet normal 0 0 1
    outer loop
      vertex 12.6263 -48.3737 -1.1
      vertex 13.0506 -47.9494 -1.1
      vertex 12.7654 -47.6993 -1.1
    endloop
  endfacet
  facet normal 0 0 1
    outer loop
      vertex 13.0506 -47.9494 -1.1
      vertex 12.6263 -48.3737 -1.1
      vertex 12.8247 -48.5998 -1.1
    endloop
  endfacet
  facet normal 0 0 1
    outer loop
      vertex 12.4002 -48.1753 -1.1
      vertex 12.7654 -47.6993 -1.1
      vertex 12.45 -47.4885 -1.1
    endloop
  endfacet
  facet normal 0 0 1
    outer loop
      vertex 12.7654 -47.6993 -1.1
      vertex 12.4002 -48.1753 -1.1
      vertex 12.6263 -48.3737 -1.1
    endloop
  endfacet
  facet normal 0 0 1
    outer loop
      vertex 12.45 -47.4885 -1.1
      vertex 12.15 -48.0081 -1.1
      vertex 12.4002 -48.1753 -1.1
    endloop
  endfacet
  facet normal 0 0 1
    outer loop
      vertex 12.1098 -47.3207 -1.1
      vertex 12.15 -48.0081 -1.1
      vertex 12.45 -47.4885 -1.1
    endloop
  endfacet
  facet normal 0 0 1
    outer loop
      vertex 12.1098 -47.3207 -1.1
      vertex 11.8802 -47.8751 -1.1
      vertex 12.15 -48.0081 -1.1
    endloop
  endfacet
  facet normal 0 0 1
    outer loop
      vertex 11.7506 -47.1988 -1.1
      vertex 11.8802 -47.8751 -1.1
      vertex 12.1098 -47.3207 -1.1
    endloop
  endfacet
  facet normal 0 0 1
    outer loop
      vertex 11.7506 -47.1988 -1.1
      vertex 11.5953 -47.7784 -1.1
      vertex 11.8802 -47.8751 -1.1
    endloop
  endfacet
  facet normal 0 0 1
    outer loop
      vertex 11.3785 -47.1248 -1.1
      vertex 11.5953 -47.7784 -1.1
      vertex 11.7506 -47.1988 -1.1
    endloop
  endfacet
  facet normal 0 0 1
    outer loop
      vertex 11.3785 -47.1248 -1.1
      vertex 11.3002 -47.7197 -1.1
      vertex 11.5953 -47.7784 -1.1
    endloop
  endfacet
  facet normal 0 0 1
    outer loop
      vertex 11 -47.1 -1.1
      vertex 11.3002 -47.7197 -1.1
      vertex 11.3785 -47.1248 -1.1
    endloop
  endfacet
  facet normal 0 0 1
    outer loop
      vertex 11 -47.1 -1.1
      vertex 11 -47.7 -1.1
      vertex 11.3002 -47.7197 -1.1
    endloop
  endfacet
  facet normal 0 0 1
    outer loop
      vertex 11 -47.1 -1.1
      vertex 10.6998 -47.7197 -1.1
      vertex 11 -47.7 -1.1
    endloop
  endfacet
  facet normal -0 0 1
    outer loop
      vertex 10.6215 -47.1248 -1.1
      vertex 10.6998 -47.7197 -1.1
      vertex 11 -47.1 -1.1
    endloop
  endfacet
  facet normal 0 0 1
    outer loop
      vertex 10.6215 -47.1248 -1.1
      vertex 10.4047 -47.7784 -1.1
      vertex 10.6998 -47.7197 -1.1
    endloop
  endfacet
  facet normal -0 0 1
    outer loop
      vertex 10.2494 -47.1988 -1.1
      vertex 10.4047 -47.7784 -1.1
      vertex 10.6215 -47.1248 -1.1
    endloop
  endfacet
  facet normal 0 0 1
    outer loop
      vertex 10.2494 -47.1988 -1.1
      vertex 10.1198 -47.8751 -1.1
      vertex 10.4047 -47.7784 -1.1
    endloop
  endfacet
  facet normal -0 0 1
    outer loop
      vertex 9.89022 -47.3207 -1.1
      vertex 10.1198 -47.8751 -1.1
      vertex 10.2494 -47.1988 -1.1
    endloop
  endfacet
  facet normal 0 0 1
    outer loop
      vertex 9.89022 -47.3207 -1.1
      vertex 9.85 -48.0081 -1.1
      vertex 10.1198 -47.8751 -1.1
    endloop
  endfacet
  facet normal -0 0 1
    outer loop
      vertex 9.55 -47.4885 -1.1
      vertex 9.85 -48.0081 -1.1
      vertex 9.89022 -47.3207 -1.1
    endloop
  endfacet
  facet normal 0 0 1
    outer loop
      vertex 9.85 -48.0081 -1.1
      vertex 9.55 -47.4885 -1.1
      vertex 9.59985 -48.1753 -1.1
    endloop
  endfacet
  facet normal -0 0 1
    outer loop
      vertex 9.23459 -47.6993 -1.1
      vertex 9.59985 -48.1753 -1.1
      vertex 9.55 -47.4885 -1.1
    endloop
  endfacet
  facet normal 0 0 1
    outer loop
      vertex 9.59985 -48.1753 -1.1
      vertex 9.23459 -47.6993 -1.1
      vertex 9.37365 -48.3737 -1.1
    endloop
  endfacet
  facet normal -0 0 1
    outer loop
      vertex 8.94939 -47.9494 -1.1
      vertex 9.37365 -48.3737 -1.1
      vertex 9.23459 -47.6993 -1.1
    endloop
  endfacet
  facet normal 0 0 1
    outer loop
      vertex 9.37365 -48.3737 -1.1
      vertex 8.94939 -47.9494 -1.1
      vertex 9.17529 -48.5998 -1.1
    endloop
  endfacet
  facet normal -0 0 1
    outer loop
      vertex 8.69928 -48.2346 -1.1
      vertex 9.17529 -48.5998 -1.1
      vertex 8.94939 -47.9494 -1.1
    endloop
  endfacet
  facet normal 0 0 1
    outer loop
      vertex 9.17529 -48.5998 -1.1
      vertex 8.69928 -48.2346 -1.1
      vertex 9.00814 -48.85 -1.1
    endloop
  endfacet
  facet normal -0 0 1
    outer loop
      vertex 8.48853 -48.55 -1.1
      vertex 9.00814 -48.85 -1.1
      vertex 8.69928 -48.2346 -1.1
    endloop
  endfacet
  facet normal 0 0 1
    outer loop
      vertex 9.00814 -48.85 -1.1
      vertex 8.48853 -48.55 -1.1
      vertex 8.87508 -49.1198 -1.1
    endloop
  endfacet
  facet normal 0 0 1
    outer loop
      vertex 8.87508 -49.1198 -1.1
      vertex 8.32075 -48.8902 -1.1
      vertex 8.77837 -49.4047 -1.1
    endloop
  endfacet
  facet normal -0 0 1
    outer loop
      vertex 8.32075 -48.8902 -1.1
      vertex 8.87508 -49.1198 -1.1
      vertex 8.48853 -48.55 -1.1
    endloop
  endfacet
  facet normal -0 0 1
    outer loop
      vertex 13.1249 -50.8802 -1.1
      vertex 13.6792 -51.1098 -1.1
      vertex 13.2216 -50.5953 -1.1
    endloop
  endfacet
  facet normal 0 0 1
    outer loop
      vertex 13.6792 -51.1098 -1.1
      vertex 13.1249 -50.8802 -1.1
      vertex 13.5115 -51.45 -1.1
    endloop
  endfacet
  facet normal -0 0 1
    outer loop
      vertex 12.9919 -51.15 -1.1
      vertex 13.5115 -51.45 -1.1
      vertex 13.1249 -50.8802 -1.1
    endloop
  endfacet
  facet normal 0 0 1
    outer loop
      vertex 13.5115 -51.45 -1.1
      vertex 12.9919 -51.15 -1.1
      vertex 13.3007 -51.7654 -1.1
    endloop
  endfacet
  facet normal -0 0 1
    outer loop
      vertex 12.8247 -51.4002 -1.1
      vertex 13.3007 -51.7654 -1.1
      vertex 12.9919 -51.15 -1.1
    endloop
  endfacet
  facet normal 0 0 1
    outer loop
      vertex 13.3007 -51.7654 -1.1
      vertex 12.8247 -51.4002 -1.1
      vertex 13.0506 -52.0506 -1.1
    endloop
  endfacet
  facet normal -0 0 1
    outer loop
      vertex 12.6263 -51.6263 -1.1
      vertex 13.0506 -52.0506 -1.1
      vertex 12.8247 -51.4002 -1.1
    endloop
  endfacet
  facet normal 0 0 1
    outer loop
      vertex 13.0506 -52.0506 -1.1
      vertex 12.6263 -51.6263 -1.1
      vertex 12.7654 -52.3007 -1.1
    endloop
  endfacet
  facet normal -0 0 1
    outer loop
      vertex 12.4002 -51.8247 -1.1
      vertex 12.7654 -52.3007 -1.1
      vertex 12.6263 -51.6263 -1.1
    endloop
  endfacet
  facet normal 0 0 1
    outer loop
      vertex 12.7654 -52.3007 -1.1
      vertex 12.4002 -51.8247 -1.1
      vertex 12.45 -52.5115 -1.1
    endloop
  endfacet
  facet normal -0 0 1
    outer loop
      vertex 12.15 -51.9919 -1.1
      vertex 12.45 -52.5115 -1.1
      vertex 12.4002 -51.8247 -1.1
    endloop
  endfacet
  facet normal 0 0 1
    outer loop
      vertex 12.15 -51.9919 -1.1
      vertex 12.1098 -52.6792 -1.1
      vertex 12.45 -52.5115 -1.1
    endloop
  endfacet
  facet normal -0 0 1
    outer loop
      vertex 11.8802 -52.1249 -1.1
      vertex 12.1098 -52.6792 -1.1
      vertex 12.15 -51.9919 -1.1
    endloop
  endfacet
  facet normal 0 0 1
    outer loop
      vertex 11.8802 -52.1249 -1.1
      vertex 11.7506 -52.8012 -1.1
      vertex 12.1098 -52.6792 -1.1
    endloop
  endfacet
  facet normal -0 0 1
    outer loop
      vertex 11.5953 -52.2216 -1.1
      vertex 11.7506 -52.8012 -1.1
      vertex 11.8802 -52.1249 -1.1
    endloop
  endfacet
  facet normal 0 0 1
    outer loop
      vertex 11.5953 -52.2216 -1.1
      vertex 11.3785 -52.8752 -1.1
      vertex 11.7506 -52.8012 -1.1
    endloop
  endfacet
  facet normal -0 0 1
    outer loop
      vertex 11.3002 -52.2803 -1.1
      vertex 11.3785 -52.8752 -1.1
      vertex 11.5953 -52.2216 -1.1
    endloop
  endfacet
  facet normal -0 0 1
    outer loop
      vertex 11 -52.3 -1.1
      vertex 11.3785 -52.8752 -1.1
      vertex 11.3002 -52.2803 -1.1
    endloop
  endfacet
  facet normal 0 0 1
    outer loop
      vertex 11 -52.3 -1.1
      vertex 11 -52.9 -1.1
      vertex 11.3785 -52.8752 -1.1
    endloop
  endfacet
  facet normal 0 0 1
    outer loop
      vertex 10.6998 -52.2803 -1.1
      vertex 11 -52.9 -1.1
      vertex 11 -52.3 -1.1
    endloop
  endfacet
  facet normal 0 0 1
    outer loop
      vertex 10.6998 -52.2803 -1.1
      vertex 10.6215 -52.8752 -1.1
      vertex 11 -52.9 -1.1
    endloop
  endfacet
  facet normal 0 0 1
    outer loop
      vertex 10.4047 -52.2216 -1.1
      vertex 10.6215 -52.8752 -1.1
      vertex 10.6998 -52.2803 -1.1
    endloop
  endfacet
  facet normal 0 0 1
    outer loop
      vertex 10.4047 -52.2216 -1.1
      vertex 10.2494 -52.8012 -1.1
      vertex 10.6215 -52.8752 -1.1
    endloop
  endfacet
  facet normal 0 0 1
    outer loop
      vertex 10.1198 -52.1249 -1.1
      vertex 10.2494 -52.8012 -1.1
      vertex 10.4047 -52.2216 -1.1
    endloop
  endfacet
  facet normal 0 0 1
    outer loop
      vertex 10.1198 -52.1249 -1.1
      vertex 9.89022 -52.6792 -1.1
      vertex 10.2494 -52.8012 -1.1
    endloop
  endfacet
  facet normal 0 0 1
    outer loop
      vertex 9.85 -51.9919 -1.1
      vertex 9.89022 -52.6792 -1.1
      vertex 10.1198 -52.1249 -1.1
    endloop
  endfacet
  facet normal 0 0 1
    outer loop
      vertex 9.55 -52.5115 -1.1
      vertex 9.85 -51.9919 -1.1
      vertex 9.59985 -51.8247 -1.1
    endloop
  endfacet
  facet normal 0 0 1
    outer loop
      vertex 9.85 -51.9919 -1.1
      vertex 9.55 -52.5115 -1.1
      vertex 9.89022 -52.6792 -1.1
    endloop
  endfacet
  facet normal 0 0 1
    outer loop
      vertex 9.23459 -52.3007 -1.1
      vertex 9.59985 -51.8247 -1.1
      vertex 9.37365 -51.6263 -1.1
    endloop
  endfacet
  facet normal 0 0 1
    outer loop
      vertex 9.59985 -51.8247 -1.1
      vertex 9.23459 -52.3007 -1.1
      vertex 9.55 -52.5115 -1.1
    endloop
  endfacet
  facet normal 0 0 1
    outer loop
      vertex 8.94939 -52.0506 -1.1
      vertex 9.37365 -51.6263 -1.1
      vertex 9.17529 -51.4002 -1.1
    endloop
  endfacet
  facet normal 0 0 1
    outer loop
      vertex 8.69928 -51.7654 -1.1
      vertex 9.17529 -51.4002 -1.1
      vertex 9.00814 -51.15 -1.1
    endloop
  endfacet
  facet normal 0 0 1
    outer loop
      vertex 9.37365 -51.6263 -1.1
      vertex 8.94939 -52.0506 -1.1
      vertex 9.23459 -52.3007 -1.1
    endloop
  endfacet
  facet normal 0 0 1
    outer loop
      vertex 8.48853 -51.45 -1.1
      vertex 9.00814 -51.15 -1.1
      vertex 8.87508 -50.8802 -1.1
    endloop
  endfacet
  facet normal 0 0 1
    outer loop
      vertex 8.32075 -51.1098 -1.1
      vertex 8.87508 -50.8802 -1.1
      vertex 8.77837 -50.5953 -1.1
    endloop
  endfacet
  facet normal 0 0 1
    outer loop
      vertex 8.19881 -50.7506 -1.1
      vertex 8.77837 -50.5953 -1.1
      vertex 8.71968 -50.3002 -1.1
    endloop
  endfacet
  facet normal 0 0 1
    outer loop
      vertex 9.17529 -51.4002 -1.1
      vertex 8.69928 -51.7654 -1.1
      vertex 8.94939 -52.0506 -1.1
    endloop
  endfacet
  facet normal 0 0 1
    outer loop
      vertex 8.12481 -50.3785 -1.1
      vertex 8.71968 -50.3002 -1.1
      vertex 8.7 -50 -1.1
    endloop
  endfacet
  facet normal -0 0 1
    outer loop
      vertex 8.19881 -49.2494 -1.1
      vertex 8.77837 -49.4047 -1.1
      vertex 8.32075 -48.8902 -1.1
    endloop
  endfacet
  facet normal 0 0 1
    outer loop
      vertex 8.77837 -49.4047 -1.1
      vertex 8.19881 -49.2494 -1.1
      vertex 8.71968 -49.6998 -1.1
    endloop
  endfacet
  facet normal 0 0 1
    outer loop
      vertex 9.00814 -51.15 -1.1
      vertex 8.48853 -51.45 -1.1
      vertex 8.69928 -51.7654 -1.1
    endloop
  endfacet
  facet normal -0 0 1
    outer loop
      vertex 8.12481 -49.6215 -1.1
      vertex 8.71968 -49.6998 -1.1
      vertex 8.19881 -49.2494 -1.1
    endloop
  endfacet
  facet normal 0 0 1
    outer loop
      vertex 8.87508 -50.8802 -1.1
      vertex 8.32075 -51.1098 -1.1
      vertex 8.48853 -51.45 -1.1
    endloop
  endfacet
  facet normal 0 0 1
    outer loop
      vertex 8.71968 -49.6998 -1.1
      vertex 8.12481 -49.6215 -1.1
      vertex 8.7 -50 -1.1
    endloop
  endfacet
  facet normal 0 0 1
    outer loop
      vertex 8.77837 -50.5953 -1.1
      vertex 8.19881 -50.7506 -1.1
      vertex 8.32075 -51.1098 -1.1
    endloop
  endfacet
  facet normal 0 0 1
    outer loop
      vertex 8.1 -50 -1.1
      vertex 8.7 -50 -1.1
      vertex 8.12481 -49.6215 -1.1
    endloop
  endfacet
  facet normal 0 0 1
    outer loop
      vertex 8.71968 -50.3002 -1.1
      vertex 8.12481 -50.3785 -1.1
      vertex 8.19881 -50.7506 -1.1
    endloop
  endfacet
  facet normal 0 0 1
    outer loop
      vertex 8.7 -50 -1.1
      vertex 8.1 -50 -1.1
      vertex 8.12481 -50.3785 -1.1
    endloop
  endfacet
  facet normal 0.0653816 0.99786 -0
    outer loop
      vertex 11 -52.9 -1.1
      vertex 10.6215 -52.8752 0.00999928
      vertex 11 -52.9 0.00999928
    endloop
  endfacet
  facet normal 0.0653816 0.99786 0
    outer loop
      vertex 10.6215 -52.8752 0.00999928
      vertex 11 -52.9 -1.1
      vertex 10.6215 -52.8752 -1.1
    endloop
  endfacet
  facet normal 0.946918 0.321474 0
    outer loop
      vertex 8.28348 -51 0
      vertex 8.19881 -50.7506 -1.1
      vertex 8.19881 -50.7506 0
    endloop
  endfacet
  facet normal 0.946936 0.321423 -0
    outer loop
      vertex 8.32075 -51.1098 -1.1
      vertex 8.28348 -51 0
      vertex 8.32075 -51.1098 0.00999928
    endloop
  endfacet
  facet normal 0.946924 0.321458 -3.90158e-06
    outer loop
      vertex 8.28348 -51 0
      vertex 8.32075 -51.1098 -1.1
      vertex 8.19881 -50.7506 -1.1
    endloop
  endfacet
  facet normal 0.946936 0.321423 0
    outer loop
      vertex 8.28348 -51 0.00999928
      vertex 8.32075 -51.1098 0.00999928
      vertex 8.28348 -51 0
    endloop
  endfacet
  facet normal -0.980785 0.195093 0
    outer loop
      vertex 71.2216 -50.5953 -4
      vertex 71.2803 -50.3002 -1.1
      vertex 71.2803 -50.3002 -4
    endloop
  endfacet
  facet normal -0.980785 0.195093 0
    outer loop
      vertex 71.2803 -50.3002 -1.1
      vertex 71.2216 -50.5953 -4
      vertex 71.2216 -50.5953 -1.1
    endloop
  endfacet
  facet normal -0.997854 0.0654821 0
    outer loop
      vertex 71.2803 -50.3002 -4
      vertex 71.3 -50 -1.1
      vertex 71.3 -50 -4
    endloop
  endfacet
  facet normal -0.997854 0.0654821 0
    outer loop
      vertex 71.3 -50 -1.1
      vertex 71.2803 -50.3002 -4
      vertex 71.2803 -50.3002 -1.1
    endloop
  endfacet
  facet normal -0.946941 0.321408 0
    outer loop
      vertex 71.1249 -50.8802 -4
      vertex 71.2216 -50.5953 -1.1
      vertex 71.2216 -50.5953 -4
    endloop
  endfacet
  facet normal -0.946941 0.321408 0
    outer loop
      vertex 71.2216 -50.5953 -1.1
      vertex 71.1249 -50.8802 -4
      vertex 71.1249 -50.8802 -1.1
    endloop
  endfacet
  facet normal -0.831436 0.55562 0
    outer loop
      vertex 70.8247 -51.4002 -4
      vertex 70.9919 -51.15 -1.1
      vertex 70.9919 -51.15 -4
    endloop
  endfacet
  facet normal -0.831436 0.55562 0
    outer loop
      vertex 70.9919 -51.15 -1.1
      vertex 70.8247 -51.4002 -4
      vertex 70.8247 -51.4002 -1.1
    endloop
  endfacet
  facet normal 0.946941 -0.321408 0
    outer loop
      vertex 66.7784 -49.4047 -1.1
      vertex 66.8751 -49.1198 -4
      vertex 66.8751 -49.1198 -1.1
    endloop
  endfacet
  facet normal 0.946941 -0.321408 0
    outer loop
      vertex 66.8751 -49.1198 -4
      vertex 66.7784 -49.4047 -1.1
      vertex 66.7784 -49.4047 -4
    endloop
  endfacet
  facet normal -0.321408 -0.946941 0
    outer loop
      vertex 69.5953 -47.7784 -4
      vertex 69.8802 -47.8751 -1.1
      vertex 69.5953 -47.7784 -1.1
    endloop
  endfacet
  facet normal -0.321408 -0.946941 -0
    outer loop
      vertex 69.8802 -47.8751 -1.1
      vertex 69.5953 -47.7784 -4
      vertex 69.8802 -47.8751 -4
    endloop
  endfacet
  facet normal -0.89694 0.442153 0
    outer loop
      vertex 70.9919 -51.15 -4
      vertex 71.1249 -50.8802 -1.1
      vertex 71.1249 -50.8802 -4
    endloop
  endfacet
  facet normal -0.89694 0.442153 0
    outer loop
      vertex 71.1249 -50.8802 -1.1
      vertex 70.9919 -51.15 -4
      vertex 70.9919 -51.15 -1.1
    endloop
  endfacet
  facet normal 0.55562 0.831436 -0
    outer loop
      vertex 67.85 -51.9919 -4
      vertex 67.5998 -51.8247 -1.1
      vertex 67.85 -51.9919 -1.1
    endloop
  endfacet
  facet normal 0.55562 0.831436 0
    outer loop
      vertex 67.5998 -51.8247 -1.1
      vertex 67.85 -51.9919 -4
      vertex 67.5998 -51.8247 -4
    endloop
  endfacet
  facet normal -0.980785 -0.195093 0
    outer loop
      vertex 71.2803 -49.6998 -4
      vertex 71.2216 -49.4047 -1.1
      vertex 71.2216 -49.4047 -4
    endloop
  endfacet
  facet normal -0.980785 -0.195093 0
    outer loop
      vertex 71.2216 -49.4047 -1.1
      vertex 71.2803 -49.6998 -4
      vertex 71.2803 -49.6998 -1.1
    endloop
  endfacet
  facet normal -0.321408 0.946941 0
    outer loop
      vertex 69.8802 -52.1249 -4
      vertex 69.5953 -52.2216 -1.1
      vertex 69.8802 -52.1249 -1.1
    endloop
  endfacet
  facet normal -0.321408 0.946941 0
    outer loop
      vertex 69.5953 -52.2216 -1.1
      vertex 69.8802 -52.1249 -4
      vertex 69.5953 -52.2216 -4
    endloop
  endfacet
  facet normal 0.659563 0.751649 -0
    outer loop
      vertex 67.5998 -51.8247 -4
      vertex 67.3737 -51.6263 -1.1
      vertex 67.5998 -51.8247 -1.1
    endloop
  endfacet
  facet normal 0.659563 0.751649 0
    outer loop
      vertex 67.3737 -51.6263 -1.1
      vertex 67.5998 -51.8247 -4
      vertex 67.3737 -51.6263 -4
    endloop
  endfacet
  facet normal -0.55562 -0.831436 0
    outer loop
      vertex 70.15 -48.0081 -4
      vertex 70.4002 -48.1753 -1.1
      vertex 70.15 -48.0081 -1.1
    endloop
  endfacet
  facet normal -0.55562 -0.831436 -0
    outer loop
      vertex 70.4002 -48.1753 -1.1
      vertex 70.15 -48.0081 -4
      vertex 70.4002 -48.1753 -4
    endloop
  endfacet
  facet normal 0.195093 0.980785 -0
    outer loop
      vertex 68.6998 -52.2803 -4
      vertex 68.4047 -52.2216 -1.1
      vertex 68.6998 -52.2803 -1.1
    endloop
  endfacet
  facet normal 0.195093 0.980785 0
    outer loop
      vertex 68.4047 -52.2216 -1.1
      vertex 68.6998 -52.2803 -4
      vertex 68.4047 -52.2216 -4
    endloop
  endfacet
  facet normal 0.997854 -0.0654821 0
    outer loop
      vertex 66.7 -50 -1.1
      vertex 66.7197 -49.6998 -4
      vertex 66.7197 -49.6998 -1.1
    endloop
  endfacet
  facet normal 0.997854 -0.0654821 0
    outer loop
      vertex 66.7197 -49.6998 -4
      vertex 66.7 -50 -1.1
      vertex 66.7 -50 -4
    endloop
  endfacet
  facet normal 0.89694 -0.442153 0
    outer loop
      vertex 66.8751 -49.1198 -1.1
      vertex 67.0081 -48.85 -4
      vertex 67.0081 -48.85 -1.1
    endloop
  endfacet
  facet normal 0.89694 -0.442153 0
    outer loop
      vertex 67.0081 -48.85 -4
      vertex 66.8751 -49.1198 -1.1
      vertex 66.8751 -49.1198 -4
    endloop
  endfacet
  facet normal -0.0654821 0.997854 0
    outer loop
      vertex 69.3002 -52.2803 -4
      vertex 69 -52.3 -1.1
      vertex 69.3002 -52.2803 -1.1
    endloop
  endfacet
  facet normal -0.0654821 0.997854 0
    outer loop
      vertex 69 -52.3 -1.1
      vertex 69.3002 -52.2803 -4
      vertex 69 -52.3 -4
    endloop
  endfacet
  facet normal 0.321408 -0.946941 0
    outer loop
      vertex 68.1198 -47.8751 -4
      vertex 68.4047 -47.7784 -1.1
      vertex 68.1198 -47.8751 -1.1
    endloop
  endfacet
  facet normal 0.321408 -0.946941 0
    outer loop
      vertex 68.4047 -47.7784 -1.1
      vertex 68.1198 -47.8751 -4
      vertex 68.4047 -47.7784 -4
    endloop
  endfacet
  facet normal -0.195093 -0.980785 0
    outer loop
      vertex 69.3002 -47.7197 -4
      vertex 69.5953 -47.7784 -1.1
      vertex 69.3002 -47.7197 -1.1
    endloop
  endfacet
  facet normal -0.195093 -0.980785 -0
    outer loop
      vertex 69.5953 -47.7784 -1.1
      vertex 69.3002 -47.7197 -4
      vertex 69.5953 -47.7784 -4
    endloop
  endfacet
  facet normal 0.442153 0.89694 -0
    outer loop
      vertex 68.1198 -52.1249 -4
      vertex 67.85 -51.9919 -1.1
      vertex 68.1198 -52.1249 -1.1
    endloop
  endfacet
  facet normal 0.442153 0.89694 0
    outer loop
      vertex 67.85 -51.9919 -1.1
      vertex 68.1198 -52.1249 -4
      vertex 67.85 -51.9919 -4
    endloop
  endfacet
  facet normal -0.442153 0.89694 0
    outer loop
      vertex 70.15 -51.9919 -4
      vertex 69.8802 -52.1249 -1.1
      vertex 70.15 -51.9919 -1.1
    endloop
  endfacet
  facet normal -0.442153 0.89694 0
    outer loop
      vertex 69.8802 -52.1249 -1.1
      vertex 70.15 -51.9919 -4
      vertex 69.8802 -52.1249 -4
    endloop
  endfacet
  facet normal -0.442153 -0.89694 0
    outer loop
      vertex 69.8802 -47.8751 -4
      vertex 70.15 -48.0081 -1.1
      vertex 69.8802 -47.8751 -1.1
    endloop
  endfacet
  facet normal -0.442153 -0.89694 -0
    outer loop
      vertex 70.15 -48.0081 -1.1
      vertex 69.8802 -47.8751 -4
      vertex 70.15 -48.0081 -4
    endloop
  endfacet
  facet normal 0.980785 -0.195093 0
    outer loop
      vertex 66.7197 -49.6998 -1.1
      vertex 66.7784 -49.4047 -4
      vertex 66.7784 -49.4047 -1.1
    endloop
  endfacet
  facet normal 0.980785 -0.195093 0
    outer loop
      vertex 66.7784 -49.4047 -4
      vertex 66.7197 -49.6998 -1.1
      vertex 66.7197 -49.6998 -4
    endloop
  endfacet
  facet normal -0.997854 -0.0654821 0
    outer loop
      vertex 71.3 -50 -4
      vertex 71.2803 -49.6998 -1.1
      vertex 71.2803 -49.6998 -4
    endloop
  endfacet
  facet normal -0.997854 -0.0654821 0
    outer loop
      vertex 71.2803 -49.6998 -1.1
      vertex 71.3 -50 -4
      vertex 71.3 -50 -1.1
    endloop
  endfacet
  facet normal 0.55562 -0.831436 0
    outer loop
      vertex 67.5998 -48.1753 -4
      vertex 67.85 -48.0081 -1.1
      vertex 67.5998 -48.1753 -1.1
    endloop
  endfacet
  facet normal 0.55562 -0.831436 0
    outer loop
      vertex 67.85 -48.0081 -1.1
      vertex 67.5998 -48.1753 -4
      vertex 67.85 -48.0081 -4
    endloop
  endfacet
  facet normal -0.751649 -0.659563 0
    outer loop
      vertex 70.8247 -48.5998 -4
      vertex 70.6263 -48.3737 -1.1
      vertex 70.6263 -48.3737 -4
    endloop
  endfacet
  facet normal -0.751649 -0.659563 0
    outer loop
      vertex 70.6263 -48.3737 -1.1
      vertex 70.8247 -48.5998 -4
      vertex 70.8247 -48.5998 -1.1
    endloop
  endfacet
  facet normal -0.831436 -0.55562 0
    outer loop
      vertex 70.9919 -48.85 -4
      vertex 70.8247 -48.5998 -1.1
      vertex 70.8247 -48.5998 -4
    endloop
  endfacet
  facet normal -0.831436 -0.55562 0
    outer loop
      vertex 70.8247 -48.5998 -1.1
      vertex 70.9919 -48.85 -4
      vertex 70.9919 -48.85 -1.1
    endloop
  endfacet
  facet normal 0.751649 -0.659563 0
    outer loop
      vertex 67.1753 -48.5998 -1.1
      vertex 67.3737 -48.3737 -4
      vertex 67.3737 -48.3737 -1.1
    endloop
  endfacet
  facet normal 0.751649 -0.659563 0
    outer loop
      vertex 67.3737 -48.3737 -4
      vertex 67.1753 -48.5998 -1.1
      vertex 67.1753 -48.5998 -4
    endloop
  endfacet
  facet normal 0.751649 0.659563 0
    outer loop
      vertex 67.3737 -51.6263 -1.1
      vertex 67.1753 -51.4002 -4
      vertex 67.1753 -51.4002 -1.1
    endloop
  endfacet
  facet normal 0.751649 0.659563 0
    outer loop
      vertex 67.1753 -51.4002 -4
      vertex 67.3737 -51.6263 -1.1
      vertex 67.3737 -51.6263 -4
    endloop
  endfacet
  facet normal 0.659563 -0.751649 0
    outer loop
      vertex 67.3737 -48.3737 -4
      vertex 67.5998 -48.1753 -1.1
      vertex 67.3737 -48.3737 -1.1
    endloop
  endfacet
  facet normal 0.659563 -0.751649 0
    outer loop
      vertex 67.5998 -48.1753 -1.1
      vertex 67.3737 -48.3737 -4
      vertex 67.5998 -48.1753 -4
    endloop
  endfacet
  facet normal -0.946941 -0.321408 0
    outer loop
      vertex 71.2216 -49.4047 -4
      vertex 71.1249 -49.1198 -1.1
      vertex 71.1249 -49.1198 -4
    endloop
  endfacet
  facet normal -0.946941 -0.321408 0
    outer loop
      vertex 71.1249 -49.1198 -1.1
      vertex 71.2216 -49.4047 -4
      vertex 71.2216 -49.4047 -1.1
    endloop
  endfacet
  facet normal 0.831436 -0.55562 0
    outer loop
      vertex 67.0081 -48.85 -1.1
      vertex 67.1753 -48.5998 -4
      vertex 67.1753 -48.5998 -1.1
    endloop
  endfacet
  facet normal 0.831436 -0.55562 0
    outer loop
      vertex 67.1753 -48.5998 -4
      vertex 67.0081 -48.85 -1.1
      vertex 67.0081 -48.85 -4
    endloop
  endfacet
  facet normal -0.89694 -0.442153 0
    outer loop
      vertex 71.1249 -49.1198 -4
      vertex 70.9919 -48.85 -1.1
      vertex 70.9919 -48.85 -4
    endloop
  endfacet
  facet normal -0.89694 -0.442153 0
    outer loop
      vertex 70.9919 -48.85 -1.1
      vertex 71.1249 -49.1198 -4
      vertex 71.1249 -49.1198 -1.1
    endloop
  endfacet
  facet normal 0.195093 -0.980785 0
    outer loop
      vertex 68.4047 -47.7784 -4
      vertex 68.6998 -47.7197 -1.1
      vertex 68.4047 -47.7784 -1.1
    endloop
  endfacet
  facet normal 0.195093 -0.980785 0
    outer loop
      vertex 68.6998 -47.7197 -1.1
      vertex 68.4047 -47.7784 -4
      vertex 68.6998 -47.7197 -4
    endloop
  endfacet
  facet normal -0.0654821 -0.997854 0
    outer loop
      vertex 69 -47.7 -4
      vertex 69.3002 -47.7197 -1.1
      vertex 69 -47.7 -1.1
    endloop
  endfacet
  facet normal -0.0654821 -0.997854 -0
    outer loop
      vertex 69.3002 -47.7197 -1.1
      vertex 69 -47.7 -4
      vertex 69.3002 -47.7197 -4
    endloop
  endfacet
  facet normal 0.442153 -0.89694 0
    outer loop
      vertex 67.85 -48.0081 -4
      vertex 68.1198 -47.8751 -1.1
      vertex 67.85 -48.0081 -1.1
    endloop
  endfacet
  facet normal 0.442153 -0.89694 0
    outer loop
      vertex 68.1198 -47.8751 -1.1
      vertex 67.85 -48.0081 -4
      vertex 68.1198 -47.8751 -4
    endloop
  endfacet
  facet normal -0.195093 0.980785 0
    outer loop
      vertex 69.5953 -52.2216 -4
      vertex 69.3002 -52.2803 -1.1
      vertex 69.5953 -52.2216 -1.1
    endloop
  endfacet
  facet normal -0.195093 0.980785 0
    outer loop
      vertex 69.3002 -52.2803 -1.1
      vertex 69.5953 -52.2216 -4
      vertex 69.3002 -52.2803 -4
    endloop
  endfacet
  facet normal -0.659563 -0.751649 0
    outer loop
      vertex 70.4002 -48.1753 -4
      vertex 70.6263 -48.3737 -1.1
      vertex 70.4002 -48.1753 -1.1
    endloop
  endfacet
  facet normal -0.659563 -0.751649 -0
    outer loop
      vertex 70.6263 -48.3737 -1.1
      vertex 70.4002 -48.1753 -4
      vertex 70.6263 -48.3737 -4
    endloop
  endfacet
  facet normal -0.55562 0.831436 0
    outer loop
      vertex 70.4002 -51.8247 -4
      vertex 70.15 -51.9919 -1.1
      vertex 70.4002 -51.8247 -1.1
    endloop
  endfacet
  facet normal -0.55562 0.831436 0
    outer loop
      vertex 70.15 -51.9919 -1.1
      vertex 70.4002 -51.8247 -4
      vertex 70.15 -51.9919 -4
    endloop
  endfacet
  facet normal 0.321408 0.946941 -0
    outer loop
      vertex 68.4047 -52.2216 -4
      vertex 68.1198 -52.1249 -1.1
      vertex 68.4047 -52.2216 -1.1
    endloop
  endfacet
  facet normal 0.321408 0.946941 0
    outer loop
      vertex 68.1198 -52.1249 -1.1
      vertex 68.4047 -52.2216 -4
      vertex 68.1198 -52.1249 -4
    endloop
  endfacet
  facet normal 0.0654821 -0.997854 0
    outer loop
      vertex 68.6998 -47.7197 -4
      vertex 69 -47.7 -1.1
      vertex 68.6998 -47.7197 -1.1
    endloop
  endfacet
  facet normal 0.0654821 -0.997854 0
    outer loop
      vertex 69 -47.7 -1.1
      vertex 68.6998 -47.7197 -4
      vertex 69 -47.7 -4
    endloop
  endfacet
  facet normal 0.89694 0.442153 0
    outer loop
      vertex 67.0081 -51.15 -1.1
      vertex 66.8751 -50.8802 -4
      vertex 66.8751 -50.8802 -1.1
    endloop
  endfacet
  facet normal 0.89694 0.442153 0
    outer loop
      vertex 66.8751 -50.8802 -4
      vertex 67.0081 -51.15 -1.1
      vertex 67.0081 -51.15 -4
    endloop
  endfacet
  facet normal 0.980785 0.195093 0
    outer loop
      vertex 66.7784 -50.5953 -1.1
      vertex 66.7197 -50.3002 -4
      vertex 66.7197 -50.3002 -1.1
    endloop
  endfacet
  facet normal 0.980785 0.195093 0
    outer loop
      vertex 66.7197 -50.3002 -4
      vertex 66.7784 -50.5953 -1.1
      vertex 66.7784 -50.5953 -4
    endloop
  endfacet
  facet normal -0.751649 0.659563 0
    outer loop
      vertex 70.6263 -51.6263 -4
      vertex 70.8247 -51.4002 -1.1
      vertex 70.8247 -51.4002 -4
    endloop
  endfacet
  facet normal -0.751649 0.659563 0
    outer loop
      vertex 70.8247 -51.4002 -1.1
      vertex 70.6263 -51.6263 -4
      vertex 70.6263 -51.6263 -1.1
    endloop
  endfacet
  facet normal -0.659563 0.751649 0
    outer loop
      vertex 70.6263 -51.6263 -4
      vertex 70.4002 -51.8247 -1.1
      vertex 70.6263 -51.6263 -1.1
    endloop
  endfacet
  facet normal -0.659563 0.751649 0
    outer loop
      vertex 70.4002 -51.8247 -1.1
      vertex 70.6263 -51.6263 -4
      vertex 70.4002 -51.8247 -4
    endloop
  endfacet
  facet normal 0.0654821 0.997854 -0
    outer loop
      vertex 69 -52.3 -4
      vertex 68.6998 -52.2803 -1.1
      vertex 69 -52.3 -1.1
    endloop
  endfacet
  facet normal 0.0654821 0.997854 0
    outer loop
      vertex 68.6998 -52.2803 -1.1
      vertex 69 -52.3 -4
      vertex 68.6998 -52.2803 -4
    endloop
  endfacet
  facet normal 0.946941 0.321408 0
    outer loop
      vertex 66.8751 -50.8802 -1.1
      vertex 66.7784 -50.5953 -4
      vertex 66.7784 -50.5953 -1.1
    endloop
  endfacet
  facet normal 0.946941 0.321408 0
    outer loop
      vertex 66.7784 -50.5953 -4
      vertex 66.8751 -50.8802 -1.1
      vertex 66.8751 -50.8802 -4
    endloop
  endfacet
  facet normal 0.997854 0.0654821 0
    outer loop
      vertex 66.7197 -50.3002 -1.1
      vertex 66.7 -50 -4
      vertex 66.7 -50 -1.1
    endloop
  endfacet
  facet normal 0.997854 0.0654821 0
    outer loop
      vertex 66.7 -50 -4
      vertex 66.7197 -50.3002 -1.1
      vertex 66.7197 -50.3002 -4
    endloop
  endfacet
  facet normal 0.831436 0.55562 0
    outer loop
      vertex 67.1753 -51.4002 -1.1
      vertex 67.0081 -51.15 -4
      vertex 67.0081 -51.15 -1.1
    endloop
  endfacet
  facet normal 0.831436 0.55562 0
    outer loop
      vertex 67.0081 -51.15 -4
      vertex 67.1753 -51.4002 -1.1
      vertex 67.1753 -51.4002 -4
    endloop
  endfacet
  facet normal 0.99786 0.0653816 0
    outer loop
      vertex 66.1248 -50.3785 0
      vertex 66.1 -50 -1.1
      vertex 66.1 -50 0
    endloop
  endfacet
  facet normal 0.99786 0.0653816 0
    outer loop
      vertex 66.1 -50 -1.1
      vertex 66.1248 -50.3785 0
      vertex 66.1248 -50.3785 -1.1
    endloop
  endfacet
  facet normal -0.195052 -0.980793 0
    outer loop
      vertex 69.3785 -47.1248 -1.1
      vertex 69.7506 -47.1988 0
      vertex 69.3785 -47.1248 0
    endloop
  endfacet
  facet normal -0.195052 -0.980793 -0
    outer loop
      vertex 69.7506 -47.1988 0
      vertex 69.3785 -47.1248 -1.1
      vertex 69.7506 -47.1988 -1.1
    endloop
  endfacet
  facet normal -0.980793 0.195052 0
    outer loop
      vertex 71.8012 -50.7506 -1.1
      vertex 71.8752 -50.3785 0
      vertex 71.8752 -50.3785 -1.1
    endloop
  endfacet
  facet normal -0.980793 0.195052 0
    outer loop
      vertex 71.8752 -50.3785 0
      vertex 71.8012 -50.7506 -1.1
      vertex 71.8012 -50.7506 0
    endloop
  endfacet
  facet normal -0.99786 0.0653816 0
    outer loop
      vertex 71.8752 -50.3785 -1.1
      vertex 71.9 -50 0
      vertex 71.9 -50 -1.1
    endloop
  endfacet
  facet normal -0.99786 0.0653816 0
    outer loop
      vertex 71.9 -50 0
      vertex 71.8752 -50.3785 -1.1
      vertex 71.8752 -50.3785 0
    endloop
  endfacet
  facet normal -0.980793 -0.195052 0
    outer loop
      vertex 71.8752 -49.6215 -1.1
      vertex 71.8012 -49.2494 0
      vertex 71.8012 -49.2494 -1.1
    endloop
  endfacet
  facet normal -0.980793 -0.195052 0
    outer loop
      vertex 71.8012 -49.2494 0
      vertex 71.8752 -49.6215 -1.1
      vertex 71.8752 -49.6215 0
    endloop
  endfacet
  facet normal 0.751858 0.659325 0
    outer loop
      vertex 66.9494 -52.0506 0
      vertex 66.6993 -51.7654 -1.1
      vertex 66.6993 -51.7654 0
    endloop
  endfacet
  facet normal 0.751858 0.659325 0
    outer loop
      vertex 66.6993 -51.7654 -1.1
      vertex 66.9494 -52.0506 0
      vertex 66.9494 -52.0506 -1.1
    endloop
  endfacet
  facet normal -0.3216 0.946876 0
    outer loop
      vertex 70.1098 -52.6792 -1.1
      vertex 69.7506 -52.8012 0
      vertex 70.1098 -52.6792 0
    endloop
  endfacet
  facet normal -0.3216 0.946876 0
    outer loop
      vertex 69.7506 -52.8012 0
      vertex 70.1098 -52.6792 -1.1
      vertex 69.7506 -52.8012 -1.1
    endloop
  endfacet
  facet normal 0.3216 0.946876 -0
    outer loop
      vertex 68.2494 -52.8012 -1.1
      vertex 67.8902 -52.6792 0
      vertex 68.2494 -52.8012 0
    endloop
  endfacet
  facet normal 0.3216 0.946876 0
    outer loop
      vertex 67.8902 -52.6792 0
      vertex 68.2494 -52.8012 -1.1
      vertex 67.8902 -52.6792 -1.1
    endloop
  endfacet
  facet normal -0.0653816 -0.99786 0
    outer loop
      vertex 69 -47.1 -1.1
      vertex 69.3785 -47.1248 0
      vertex 69 -47.1 0
    endloop
  endfacet
  facet normal -0.0653816 -0.99786 -0
    outer loop
      vertex 69.3785 -47.1248 0
      vertex 69 -47.1 -1.1
      vertex 69.3785 -47.1248 -1.1
    endloop
  endfacet
  facet normal -0.659325 0.751858 0
    outer loop
      vertex 71.0506 -52.0506 -1.1
      vertex 70.7654 -52.3007 0
      vertex 71.0506 -52.0506 0
    endloop
  endfacet
  facet normal -0.659325 0.751858 0
    outer loop
      vertex 70.7654 -52.3007 0
      vertex 71.0506 -52.0506 -1.1
      vertex 70.7654 -52.3007 -1.1
    endloop
  endfacet
  facet normal 0.896839 0.442356 0
    outer loop
      vertex 66.4885 -51.45 0
      vertex 66.3207 -51.1098 -1.1
      vertex 66.3207 -51.1098 0
    endloop
  endfacet
  facet normal 0.896839 0.442356 0
    outer loop
      vertex 66.3207 -51.1098 -1.1
      vertex 66.4885 -51.45 0
      vertex 66.4885 -51.45 -1.1
    endloop
  endfacet
  facet normal -0.946956 -0.321364 0
    outer loop
      vertex 71.8012 -49.2494 -1.1
      vertex 71.6793 -48.8902 0
      vertex 71.6793 -48.8902 -1.1
    endloop
  endfacet
  facet normal -0.946956 -0.321364 0
    outer loop
      vertex 71.6793 -48.8902 0
      vertex 71.8012 -49.2494 -1.1
      vertex 71.8012 -49.2494 0
    endloop
  endfacet
  facet normal 0.980793 -0.195052 0
    outer loop
      vertex 66.1248 -49.6215 0
      vertex 66.1988 -49.2494 -1.1
      vertex 66.1988 -49.2494 0
    endloop
  endfacet
  facet normal 0.980793 -0.195052 0
    outer loop
      vertex 66.1988 -49.2494 -1.1
      vertex 66.1248 -49.6215 0
      vertex 66.1248 -49.6215 -1.1
    endloop
  endfacet
  facet normal -0.831401 -0.555673 0
    outer loop
      vertex 71.5115 -48.55 -1.1
      vertex 71.3007 -48.2346 0
      vertex 71.3007 -48.2346 -1.1
    endloop
  endfacet
  facet normal -0.831401 -0.555673 0
    outer loop
      vertex 71.3007 -48.2346 0
      vertex 71.5115 -48.55 -1.1
      vertex 71.5115 -48.55 0
    endloop
  endfacet
  facet normal 0.555673 0.831401 -0
    outer loop
      vertex 67.55 -52.5115 -1.1
      vertex 67.2346 -52.3007 0
      vertex 67.55 -52.5115 0
    endloop
  endfacet
  facet normal 0.555673 0.831401 0
    outer loop
      vertex 67.2346 -52.3007 0
      vertex 67.55 -52.5115 -1.1
      vertex 67.2346 -52.3007 -1.1
    endloop
  endfacet
  facet normal 0.946956 -0.321364 0
    outer loop
      vertex 66.1988 -49.2494 0
      vertex 66.3207 -48.8902 -1.1
      vertex 66.3207 -48.8902 0
    endloop
  endfacet
  facet normal 0.946956 -0.321364 0
    outer loop
      vertex 66.3207 -48.8902 -1.1
      vertex 66.1988 -49.2494 0
      vertex 66.1988 -49.2494 -1.1
    endloop
  endfacet
  facet normal 0.0653816 -0.99786 0
    outer loop
      vertex 68.6215 -47.1248 -1.1
      vertex 69 -47.1 0
      vertex 68.6215 -47.1248 0
    endloop
  endfacet
  facet normal 0.0653816 -0.99786 0
    outer loop
      vertex 69 -47.1 0
      vertex 68.6215 -47.1248 -1.1
      vertex 69 -47.1 -1.1
    endloop
  endfacet
  facet normal 0.659325 0.751858 -0
    outer loop
      vertex 67.2346 -52.3007 -1.1
      vertex 66.9494 -52.0506 0
      vertex 67.2346 -52.3007 0
    endloop
  endfacet
  facet normal 0.659325 0.751858 0
    outer loop
      vertex 66.9494 -52.0506 0
      vertex 67.2346 -52.3007 -1.1
      vertex 66.9494 -52.0506 -1.1
    endloop
  endfacet
  facet normal -0.442144 0.896944 0
    outer loop
      vertex 70.45 -52.5115 -1.1
      vertex 70.1098 -52.6792 0
      vertex 70.45 -52.5115 0
    endloop
  endfacet
  facet normal -0.442144 0.896944 0
    outer loop
      vertex 70.1098 -52.6792 0
      vertex 70.45 -52.5115 -1.1
      vertex 70.1098 -52.6792 -1.1
    endloop
  endfacet
  facet normal -0.195052 0.980793 0
    outer loop
      vertex 69.7506 -52.8012 -1.1
      vertex 69.3785 -52.8752 0
      vertex 69.7506 -52.8012 0
    endloop
  endfacet
  facet normal -0.195052 0.980793 0
    outer loop
      vertex 69.3785 -52.8752 0
      vertex 69.7506 -52.8012 -1.1
      vertex 69.3785 -52.8752 -1.1
    endloop
  endfacet
  facet normal -0.99786 -0.0653816 0
    outer loop
      vertex 71.9 -50 -1.1
      vertex 71.8752 -49.6215 0
      vertex 71.8752 -49.6215 -1.1
    endloop
  endfacet
  facet normal -0.99786 -0.0653816 0
    outer loop
      vertex 71.8752 -49.6215 0
      vertex 71.9 -50 -1.1
      vertex 71.9 -50 0
    endloop
  endfacet
  facet normal 0.896839 -0.442356 0
    outer loop
      vertex 66.3207 -48.8902 0
      vertex 66.4885 -48.55 -1.1
      vertex 66.4885 -48.55 0
    endloop
  endfacet
  facet normal 0.896839 -0.442356 0
    outer loop
      vertex 66.4885 -48.55 -1.1
      vertex 66.3207 -48.8902 0
      vertex 66.3207 -48.8902 -1.1
    endloop
  endfacet
  facet normal -0.555673 0.831401 0
    outer loop
      vertex 70.7654 -52.3007 -1.1
      vertex 70.45 -52.5115 0
      vertex 70.7654 -52.3007 0
    endloop
  endfacet
  facet normal -0.555673 0.831401 0
    outer loop
      vertex 70.45 -52.5115 0
      vertex 70.7654 -52.3007 -1.1
      vertex 70.45 -52.5115 -1.1
    endloop
  endfacet
  facet normal 0.321364 -0.946956 0
    outer loop
      vertex 67.8902 -47.3207 -1.1
      vertex 68.2494 -47.1988 0
      vertex 67.8902 -47.3207 0
    endloop
  endfacet
  facet normal 0.321364 -0.946956 0
    outer loop
      vertex 68.2494 -47.1988 0
      vertex 67.8902 -47.3207 -1.1
      vertex 68.2494 -47.1988 -1.1
    endloop
  endfacet
  facet normal -0.659325 -0.751858 0
    outer loop
      vertex 70.7654 -47.6993 -1.1
      vertex 71.0506 -47.9494 0
      vertex 70.7654 -47.6993 0
    endloop
  endfacet
  facet normal -0.659325 -0.751858 -0
    outer loop
      vertex 71.0506 -47.9494 0
      vertex 70.7654 -47.6993 -1.1
      vertex 71.0506 -47.9494 -1.1
    endloop
  endfacet
  facet normal -0.831401 0.555673 0
    outer loop
      vertex 71.3007 -51.7654 -1.1
      vertex 71.5115 -51.45 0
      vertex 71.5115 -51.45 -1.1
    endloop
  endfacet
  facet normal -0.831401 0.555673 0
    outer loop
      vertex 71.5115 -51.45 0
      vertex 71.3007 -51.7654 -1.1
      vertex 71.3007 -51.7654 0
    endloop
  endfacet
  facet normal -0.555673 -0.831401 0
    outer loop
      vertex 70.45 -47.4885 -1.1
      vertex 70.7654 -47.6993 0
      vertex 70.45 -47.4885 0
    endloop
  endfacet
  facet normal -0.555673 -0.831401 -0
    outer loop
      vertex 70.7654 -47.6993 0
      vertex 70.45 -47.4885 -1.1
      vertex 70.7654 -47.6993 -1.1
    endloop
  endfacet
  facet normal 0.195052 0.980793 -0
    outer loop
      vertex 68.6215 -52.8752 -1.1
      vertex 68.2494 -52.8012 0
      vertex 68.6215 -52.8752 0
    endloop
  endfacet
  facet normal 0.195052 0.980793 0
    outer loop
      vertex 68.2494 -52.8012 0
      vertex 68.6215 -52.8752 -1.1
      vertex 68.2494 -52.8012 -1.1
    endloop
  endfacet
  facet normal -0.896839 0.442356 0
    outer loop
      vertex 71.5115 -51.45 -1.1
      vertex 71.6793 -51.1098 0
      vertex 71.6793 -51.1098 -1.1
    endloop
  endfacet
  facet normal -0.896839 0.442356 0
    outer loop
      vertex 71.6793 -51.1098 0
      vertex 71.5115 -51.45 -1.1
      vertex 71.5115 -51.45 0
    endloop
  endfacet
  facet normal 0.555673 -0.831401 0
    outer loop
      vertex 67.2346 -47.6993 -1.1
      vertex 67.55 -47.4885 0
      vertex 67.2346 -47.6993 0
    endloop
  endfacet
  facet normal 0.555673 -0.831401 0
    outer loop
      vertex 67.55 -47.4885 0
      vertex 67.2346 -47.6993 -1.1
      vertex 67.55 -47.4885 -1.1
    endloop
  endfacet
  facet normal 0.659325 -0.751858 0
    outer loop
      vertex 66.9494 -47.9494 -1.1
      vertex 67.2346 -47.6993 0
      vertex 66.9494 -47.9494 0
    endloop
  endfacet
  facet normal 0.659325 -0.751858 0
    outer loop
      vertex 67.2346 -47.6993 0
      vertex 66.9494 -47.9494 -1.1
      vertex 67.2346 -47.6993 -1.1
    endloop
  endfacet
  facet normal -0.751858 -0.659325 0
    outer loop
      vertex 71.3007 -48.2346 -1.1
      vertex 71.0506 -47.9494 0
      vertex 71.0506 -47.9494 -1.1
    endloop
  endfacet
  facet normal -0.751858 -0.659325 0
    outer loop
      vertex 71.0506 -47.9494 0
      vertex 71.3007 -48.2346 -1.1
      vertex 71.3007 -48.2346 0
    endloop
  endfacet
  facet normal 0.99786 -0.0653816 0
    outer loop
      vertex 66.1 -50 0
      vertex 66.1248 -49.6215 -1.1
      vertex 66.1248 -49.6215 0
    endloop
  endfacet
  facet normal 0.99786 -0.0653816 0
    outer loop
      vertex 66.1248 -49.6215 -1.1
      vertex 66.1 -50 0
      vertex 66.1 -50 -1.1
    endloop
  endfacet
  facet normal -0.896839 -0.442356 0
    outer loop
      vertex 71.6793 -48.8902 -1.1
      vertex 71.5115 -48.55 0
      vertex 71.5115 -48.55 -1.1
    endloop
  endfacet
  facet normal -0.896839 -0.442356 0
    outer loop
      vertex 71.5115 -48.55 0
      vertex 71.6793 -48.8902 -1.1
      vertex 71.6793 -48.8902 0
    endloop
  endfacet
  facet normal -0.442356 -0.896839 0
    outer loop
      vertex 70.1098 -47.3207 -1.1
      vertex 70.45 -47.4885 0
      vertex 70.1098 -47.3207 0
    endloop
  endfacet
  facet normal -0.442356 -0.896839 -0
    outer loop
      vertex 70.45 -47.4885 0
      vertex 70.1098 -47.3207 -1.1
      vertex 70.45 -47.4885 -1.1
    endloop
  endfacet
  facet normal 0.751858 -0.659325 0
    outer loop
      vertex 66.6993 -48.2346 0
      vertex 66.9494 -47.9494 -1.1
      vertex 66.9494 -47.9494 0
    endloop
  endfacet
  facet normal 0.751858 -0.659325 0
    outer loop
      vertex 66.9494 -47.9494 -1.1
      vertex 66.6993 -48.2346 0
      vertex 66.6993 -48.2346 -1.1
    endloop
  endfacet
  facet normal 0.980793 0.195052 0
    outer loop
      vertex 66.1988 -50.7506 0
      vertex 66.1248 -50.3785 -1.1
      vertex 66.1248 -50.3785 0
    endloop
  endfacet
  facet normal 0.980793 0.195052 0
    outer loop
      vertex 66.1248 -50.3785 -1.1
      vertex 66.1988 -50.7506 0
      vertex 66.1988 -50.7506 -1.1
    endloop
  endfacet
  facet normal -0.751858 0.659325 0
    outer loop
      vertex 71.0506 -52.0506 -1.1
      vertex 71.3007 -51.7654 0
      vertex 71.3007 -51.7654 -1.1
    endloop
  endfacet
  facet normal -0.751858 0.659325 0
    outer loop
      vertex 71.3007 -51.7654 0
      vertex 71.0506 -52.0506 -1.1
      vertex 71.0506 -52.0506 0
    endloop
  endfacet
  facet normal 0.831401 0.555673 0
    outer loop
      vertex 66.6993 -51.7654 0
      vertex 66.4885 -51.45 -1.1
      vertex 66.4885 -51.45 0
    endloop
  endfacet
  facet normal 0.831401 0.555673 0
    outer loop
      vertex 66.4885 -51.45 -1.1
      vertex 66.6993 -51.7654 0
      vertex 66.6993 -51.7654 -1.1
    endloop
  endfacet
  facet normal 0.442356 -0.896839 0
    outer loop
      vertex 67.55 -47.4885 -1.1
      vertex 67.8902 -47.3207 0
      vertex 67.55 -47.4885 0
    endloop
  endfacet
  facet normal 0.442356 -0.896839 0
    outer loop
      vertex 67.8902 -47.3207 0
      vertex 67.55 -47.4885 -1.1
      vertex 67.8902 -47.3207 -1.1
    endloop
  endfacet
  facet normal -0.946956 0.321364 0
    outer loop
      vertex 71.6793 -51.1098 -1.1
      vertex 71.8012 -50.7506 0
      vertex 71.8012 -50.7506 -1.1
    endloop
  endfacet
  facet normal -0.946956 0.321364 0
    outer loop
      vertex 71.8012 -50.7506 0
      vertex 71.6793 -51.1098 -1.1
      vertex 71.6793 -51.1098 0
    endloop
  endfacet
  facet normal 0.442144 0.896944 -0
    outer loop
      vertex 67.8902 -52.6792 -1.1
      vertex 67.55 -52.5115 0
      vertex 67.8902 -52.6792 0
    endloop
  endfacet
  facet normal 0.442144 0.896944 0
    outer loop
      vertex 67.55 -52.5115 0
      vertex 67.8902 -52.6792 -1.1
      vertex 67.55 -52.5115 -1.1
    endloop
  endfacet
  facet normal -0.0653816 0.99786 0
    outer loop
      vertex 69.3785 -52.8752 -1.1
      vertex 69 -52.9 0
      vertex 69.3785 -52.8752 0
    endloop
  endfacet
  facet normal -0.0653816 0.99786 0
    outer loop
      vertex 69 -52.9 0
      vertex 69.3785 -52.8752 -1.1
      vertex 69 -52.9 -1.1
    endloop
  endfacet
  facet normal -0.321364 -0.946956 0
    outer loop
      vertex 69.7506 -47.1988 -1.1
      vertex 70.1098 -47.3207 0
      vertex 69.7506 -47.1988 0
    endloop
  endfacet
  facet normal -0.321364 -0.946956 -0
    outer loop
      vertex 70.1098 -47.3207 0
      vertex 69.7506 -47.1988 -1.1
      vertex 70.1098 -47.3207 -1.1
    endloop
  endfacet
  facet normal 0 0 1
    outer loop
      vertex 71.3 -50 -1.1
      vertex 71.9 -50 -1.1
      vertex 71.8752 -49.6215 -1.1
    endloop
  endfacet
  facet normal 0 0 1
    outer loop
      vertex 71.2803 -49.6998 -1.1
      vertex 71.8752 -49.6215 -1.1
      vertex 71.8012 -49.2494 -1.1
    endloop
  endfacet
  facet normal 0 0 1
    outer loop
      vertex 71.9 -50 -1.1
      vertex 71.3 -50 -1.1
      vertex 71.8752 -50.3785 -1.1
    endloop
  endfacet
  facet normal 0 0 1
    outer loop
      vertex 71.2216 -49.4047 -1.1
      vertex 71.8012 -49.2494 -1.1
      vertex 71.6793 -48.8902 -1.1
    endloop
  endfacet
  facet normal -0 0 1
    outer loop
      vertex 71.2803 -50.3002 -1.1
      vertex 71.8752 -50.3785 -1.1
      vertex 71.3 -50 -1.1
    endloop
  endfacet
  facet normal 0 0 1
    outer loop
      vertex 71.1249 -49.1198 -1.1
      vertex 71.6793 -48.8902 -1.1
      vertex 71.5115 -48.55 -1.1
    endloop
  endfacet
  facet normal 0 0 1
    outer loop
      vertex 71.8752 -50.3785 -1.1
      vertex 71.2803 -50.3002 -1.1
      vertex 71.8012 -50.7506 -1.1
    endloop
  endfacet
  facet normal 0 0 1
    outer loop
      vertex 70.9919 -48.85 -1.1
      vertex 71.5115 -48.55 -1.1
      vertex 71.3007 -48.2346 -1.1
    endloop
  endfacet
  facet normal -0 0 1
    outer loop
      vertex 71.2216 -50.5953 -1.1
      vertex 71.8012 -50.7506 -1.1
      vertex 71.2803 -50.3002 -1.1
    endloop
  endfacet
  facet normal 0 0 1
    outer loop
      vertex 71.8012 -50.7506 -1.1
      vertex 71.2216 -50.5953 -1.1
      vertex 71.6793 -51.1098 -1.1
    endloop
  endfacet
  facet normal 0 0 1
    outer loop
      vertex 71.8752 -49.6215 -1.1
      vertex 71.2803 -49.6998 -1.1
      vertex 71.3 -50 -1.1
    endloop
  endfacet
  facet normal 0 0 1
    outer loop
      vertex 71.8012 -49.2494 -1.1
      vertex 71.2216 -49.4047 -1.1
      vertex 71.2803 -49.6998 -1.1
    endloop
  endfacet
  facet normal 0 0 1
    outer loop
      vertex 71.6793 -48.8902 -1.1
      vertex 71.1249 -49.1198 -1.1
      vertex 71.2216 -49.4047 -1.1
    endloop
  endfacet
  facet normal 0 0 1
    outer loop
      vertex 70.8247 -48.5998 -1.1
      vertex 71.3007 -48.2346 -1.1
      vertex 71.0506 -47.9494 -1.1
    endloop
  endfacet
  facet normal 0 0 1
    outer loop
      vertex 71.5115 -48.55 -1.1
      vertex 70.9919 -48.85 -1.1
      vertex 71.1249 -49.1198 -1.1
    endloop
  endfacet
  facet normal 0 0 1
    outer loop
      vertex 71.3007 -48.2346 -1.1
      vertex 70.8247 -48.5998 -1.1
      vertex 70.9919 -48.85 -1.1
    endloop
  endfacet
  facet normal 0 0 1
    outer loop
      vertex 70.6263 -48.3737 -1.1
      vertex 71.0506 -47.9494 -1.1
      vertex 70.7654 -47.6993 -1.1
    endloop
  endfacet
  facet normal 0 0 1
    outer loop
      vertex 71.0506 -47.9494 -1.1
      vertex 70.6263 -48.3737 -1.1
      vertex 70.8247 -48.5998 -1.1
    endloop
  endfacet
  facet normal 0 0 1
    outer loop
      vertex 70.4002 -48.1753 -1.1
      vertex 70.7654 -47.6993 -1.1
      vertex 70.45 -47.4885 -1.1
    endloop
  endfacet
  facet normal 0 0 1
    outer loop
      vertex 70.7654 -47.6993 -1.1
      vertex 70.4002 -48.1753 -1.1
      vertex 70.6263 -48.3737 -1.1
    endloop
  endfacet
  facet normal 0 0 1
    outer loop
      vertex 70.45 -47.4885 -1.1
      vertex 70.15 -48.0081 -1.1
      vertex 70.4002 -48.1753 -1.1
    endloop
  endfacet
  facet normal 0 0 1
    outer loop
      vertex 70.1098 -47.3207 -1.1
      vertex 70.15 -48.0081 -1.1
      vertex 70.45 -47.4885 -1.1
    endloop
  endfacet
  facet normal 0 0 1
    outer loop
      vertex 70.1098 -47.3207 -1.1
      vertex 69.8802 -47.8751 -1.1
      vertex 70.15 -48.0081 -1.1
    endloop
  endfacet
  facet normal 0 0 1
    outer loop
      vertex 69.7506 -47.1988 -1.1
      vertex 69.8802 -47.8751 -1.1
      vertex 70.1098 -47.3207 -1.1
    endloop
  endfacet
  facet normal 0 0 1
    outer loop
      vertex 69.7506 -47.1988 -1.1
      vertex 69.5953 -47.7784 -1.1
      vertex 69.8802 -47.8751 -1.1
    endloop
  endfacet
  facet normal 0 0 1
    outer loop
      vertex 69.3785 -47.1248 -1.1
      vertex 69.5953 -47.7784 -1.1
      vertex 69.7506 -47.1988 -1.1
    endloop
  endfacet
  facet normal 0 0 1
    outer loop
      vertex 69.3785 -47.1248 -1.1
      vertex 69.3002 -47.7197 -1.1
      vertex 69.5953 -47.7784 -1.1
    endloop
  endfacet
  facet normal 0 0 1
    outer loop
      vertex 69 -47.1 -1.1
      vertex 69.3002 -47.7197 -1.1
      vertex 69.3785 -47.1248 -1.1
    endloop
  endfacet
  facet normal 0 0 1
    outer loop
      vertex 69 -47.1 -1.1
      vertex 69 -47.7 -1.1
      vertex 69.3002 -47.7197 -1.1
    endloop
  endfacet
  facet normal 0 0 1
    outer loop
      vertex 69 -47.1 -1.1
      vertex 68.6998 -47.7197 -1.1
      vertex 69 -47.7 -1.1
    endloop
  endfacet
  facet normal -0 0 1
    outer loop
      vertex 68.6215 -47.1248 -1.1
      vertex 68.6998 -47.7197 -1.1
      vertex 69 -47.1 -1.1
    endloop
  endfacet
  facet normal 0 0 1
    outer loop
      vertex 68.6215 -47.1248 -1.1
      vertex 68.4047 -47.7784 -1.1
      vertex 68.6998 -47.7197 -1.1
    endloop
  endfacet
  facet normal -0 0 1
    outer loop
      vertex 68.2494 -47.1988 -1.1
      vertex 68.4047 -47.7784 -1.1
      vertex 68.6215 -47.1248 -1.1
    endloop
  endfacet
  facet normal 0 0 1
    outer loop
      vertex 68.2494 -47.1988 -1.1
      vertex 68.1198 -47.8751 -1.1
      vertex 68.4047 -47.7784 -1.1
    endloop
  endfacet
  facet normal -0 0 1
    outer loop
      vertex 67.8902 -47.3207 -1.1
      vertex 68.1198 -47.8751 -1.1
      vertex 68.2494 -47.1988 -1.1
    endloop
  endfacet
  facet normal 0 0 1
    outer loop
      vertex 67.8902 -47.3207 -1.1
      vertex 67.85 -48.0081 -1.1
      vertex 68.1198 -47.8751 -1.1
    endloop
  endfacet
  facet normal -0 0 1
    outer loop
      vertex 67.55 -47.4885 -1.1
      vertex 67.85 -48.0081 -1.1
      vertex 67.8902 -47.3207 -1.1
    endloop
  endfacet
  facet normal 0 0 1
    outer loop
      vertex 67.85 -48.0081 -1.1
      vertex 67.55 -47.4885 -1.1
      vertex 67.5998 -48.1753 -1.1
    endloop
  endfacet
  facet normal -0 0 1
    outer loop
      vertex 67.2346 -47.6993 -1.1
      vertex 67.5998 -48.1753 -1.1
      vertex 67.55 -47.4885 -1.1
    endloop
  endfacet
  facet normal 0 0 1
    outer loop
      vertex 67.5998 -48.1753 -1.1
      vertex 67.2346 -47.6993 -1.1
      vertex 67.3737 -48.3737 -1.1
    endloop
  endfacet
  facet normal -0 0 1
    outer loop
      vertex 66.9494 -47.9494 -1.1
      vertex 67.3737 -48.3737 -1.1
      vertex 67.2346 -47.6993 -1.1
    endloop
  endfacet
  facet normal 0 0 1
    outer loop
      vertex 67.3737 -48.3737 -1.1
      vertex 66.9494 -47.9494 -1.1
      vertex 67.1753 -48.5998 -1.1
    endloop
  endfacet
  facet normal -0 0 1
    outer loop
      vertex 66.6993 -48.2346 -1.1
      vertex 67.1753 -48.5998 -1.1
      vertex 66.9494 -47.9494 -1.1
    endloop
  endfacet
  facet normal 0 0 1
    outer loop
      vertex 67.1753 -48.5998 -1.1
      vertex 66.6993 -48.2346 -1.1
      vertex 67.0081 -48.85 -1.1
    endloop
  endfacet
  facet normal -0 0 1
    outer loop
      vertex 66.4885 -48.55 -1.1
      vertex 67.0081 -48.85 -1.1
      vertex 66.6993 -48.2346 -1.1
    endloop
  endfacet
  facet normal 0 0 1
    outer loop
      vertex 67.0081 -48.85 -1.1
      vertex 66.4885 -48.55 -1.1
      vertex 66.8751 -49.1198 -1.1
    endloop
  endfacet
  facet normal 0 0 1
    outer loop
      vertex 66.8751 -49.1198 -1.1
      vertex 66.3207 -48.8902 -1.1
      vertex 66.7784 -49.4047 -1.1
    endloop
  endfacet
  facet normal -0 0 1
    outer loop
      vertex 66.3207 -48.8902 -1.1
      vertex 66.8751 -49.1198 -1.1
      vertex 66.4885 -48.55 -1.1
    endloop
  endfacet
  facet normal -0 0 1
    outer loop
      vertex 71.1249 -50.8802 -1.1
      vertex 71.6793 -51.1098 -1.1
      vertex 71.2216 -50.5953 -1.1
    endloop
  endfacet
  facet normal 0 0 1
    outer loop
      vertex 71.6793 -51.1098 -1.1
      vertex 71.1249 -50.8802 -1.1
      vertex 71.5115 -51.45 -1.1
    endloop
  endfacet
  facet normal -0 0 1
    outer loop
      vertex 70.9919 -51.15 -1.1
      vertex 71.5115 -51.45 -1.1
      vertex 71.1249 -50.8802 -1.1
    endloop
  endfacet
  facet normal 0 0 1
    outer loop
      vertex 71.5115 -51.45 -1.1
      vertex 70.9919 -51.15 -1.1
      vertex 71.3007 -51.7654 -1.1
    endloop
  endfacet
  facet normal -0 0 1
    outer loop
      vertex 70.8247 -51.4002 -1.1
      vertex 71.3007 -51.7654 -1.1
      vertex 70.9919 -51.15 -1.1
    endloop
  endfacet
  facet normal 0 0 1
    outer loop
      vertex 71.3007 -51.7654 -1.1
      vertex 70.8247 -51.4002 -1.1
      vertex 71.0506 -52.0506 -1.1
    endloop
  endfacet
  facet normal -0 0 1
    outer loop
      vertex 70.6263 -51.6263 -1.1
      vertex 71.0506 -52.0506 -1.1
      vertex 70.8247 -51.4002 -1.1
    endloop
  endfacet
  facet normal 0 0 1
    outer loop
      vertex 71.0506 -52.0506 -1.1
      vertex 70.6263 -51.6263 -1.1
      vertex 70.7654 -52.3007 -1.1
    endloop
  endfacet
  facet normal -0 0 1
    outer loop
      vertex 70.4002 -51.8247 -1.1
      vertex 70.7654 -52.3007 -1.1
      vertex 70.6263 -51.6263 -1.1
    endloop
  endfacet
  facet normal 0 0 1
    outer loop
      vertex 70.7654 -52.3007 -1.1
      vertex 70.4002 -51.8247 -1.1
      vertex 70.45 -52.5115 -1.1
    endloop
  endfacet
  facet normal -0 0 1
    outer loop
      vertex 70.15 -51.9919 -1.1
      vertex 70.45 -52.5115 -1.1
      vertex 70.4002 -51.8247 -1.1
    endloop
  endfacet
  facet normal 0 0 1
    outer loop
      vertex 70.15 -51.9919 -1.1
      vertex 70.1098 -52.6792 -1.1
      vertex 70.45 -52.5115 -1.1
    endloop
  endfacet
  facet normal -0 0 1
    outer loop
      vertex 69.8802 -52.1249 -1.1
      vertex 70.1098 -52.6792 -1.1
      vertex 70.15 -51.9919 -1.1
    endloop
  endfacet
  facet normal 0 0 1
    outer loop
      vertex 69.8802 -52.1249 -1.1
      vertex 69.7506 -52.8012 -1.1
      vertex 70.1098 -52.6792 -1.1
    endloop
  endfacet
  facet normal -0 0 1
    outer loop
      vertex 69.5953 -52.2216 -1.1
      vertex 69.7506 -52.8012 -1.1
      vertex 69.8802 -52.1249 -1.1
    endloop
  endfacet
  facet normal 0 0 1
    outer loop
      vertex 69.5953 -52.2216 -1.1
      vertex 69.3785 -52.8752 -1.1
      vertex 69.7506 -52.8012 -1.1
    endloop
  endfacet
  facet normal -0 0 1
    outer loop
      vertex 69.3002 -52.2803 -1.1
      vertex 69.3785 -52.8752 -1.1
      vertex 69.5953 -52.2216 -1.1
    endloop
  endfacet
  facet normal -0 0 1
    outer loop
      vertex 69 -52.3 -1.1
      vertex 69.3785 -52.8752 -1.1
      vertex 69.3002 -52.2803 -1.1
    endloop
  endfacet
  facet normal 0 0 1
    outer loop
      vertex 69 -52.3 -1.1
      vertex 69 -52.9 -1.1
      vertex 69.3785 -52.8752 -1.1
    endloop
  endfacet
  facet normal 0 0 1
    outer loop
      vertex 68.6998 -52.2803 -1.1
      vertex 69 -52.9 -1.1
      vertex 69 -52.3 -1.1
    endloop
  endfacet
  facet normal 0 0 1
    outer loop
      vertex 68.6998 -52.2803 -1.1
      vertex 68.6215 -52.8752 -1.1
      vertex 69 -52.9 -1.1
    endloop
  endfacet
  facet normal 0 0 1
    outer loop
      vertex 68.4047 -52.2216 -1.1
      vertex 68.6215 -52.8752 -1.1
      vertex 68.6998 -52.2803 -1.1
    endloop
  endfacet
  facet normal 0 0 1
    outer loop
      vertex 68.4047 -52.2216 -1.1
      vertex 68.2494 -52.8012 -1.1
      vertex 68.6215 -52.8752 -1.1
    endloop
  endfacet
  facet normal 0 0 1
    outer loop
      vertex 68.1198 -52.1249 -1.1
      vertex 68.2494 -52.8012 -1.1
      vertex 68.4047 -52.2216 -1.1
    endloop
  endfacet
  facet normal 0 0 1
    outer loop
      vertex 68.1198 -52.1249 -1.1
      vertex 67.8902 -52.6792 -1.1
      vertex 68.2494 -52.8012 -1.1
    endloop
  endfacet
  facet normal 0 0 1
    outer loop
      vertex 67.85 -51.9919 -1.1
      vertex 67.8902 -52.6792 -1.1
      vertex 68.1198 -52.1249 -1.1
    endloop
  endfacet
  facet normal 0 0 1
    outer loop
      vertex 67.55 -52.5115 -1.1
      vertex 67.85 -51.9919 -1.1
      vertex 67.5998 -51.8247 -1.1
    endloop
  endfacet
  facet normal 0 0 1
    outer loop
      vertex 67.85 -51.9919 -1.1
      vertex 67.55 -52.5115 -1.1
      vertex 67.8902 -52.6792 -1.1
    endloop
  endfacet
  facet normal 0 0 1
    outer loop
      vertex 67.2346 -52.3007 -1.1
      vertex 67.5998 -51.8247 -1.1
      vertex 67.3737 -51.6263 -1.1
    endloop
  endfacet
  facet normal 0 0 1
    outer loop
      vertex 67.5998 -51.8247 -1.1
      vertex 67.2346 -52.3007 -1.1
      vertex 67.55 -52.5115 -1.1
    endloop
  endfacet
  facet normal 0 0 1
    outer loop
      vertex 66.9494 -52.0506 -1.1
      vertex 67.3737 -51.6263 -1.1
      vertex 67.1753 -51.4002 -1.1
    endloop
  endfacet
  facet normal 0 0 1
    outer loop
      vertex 66.6993 -51.7654 -1.1
      vertex 67.1753 -51.4002 -1.1
      vertex 67.0081 -51.15 -1.1
    endloop
  endfacet
  facet normal 0 0 1
    outer loop
      vertex 67.3737 -51.6263 -1.1
      vertex 66.9494 -52.0506 -1.1
      vertex 67.2346 -52.3007 -1.1
    endloop
  endfacet
  facet normal 0 0 1
    outer loop
      vertex 66.4885 -51.45 -1.1
      vertex 67.0081 -51.15 -1.1
      vertex 66.8751 -50.8802 -1.1
    endloop
  endfacet
  facet normal 0 0 1
    outer loop
      vertex 66.3207 -51.1098 -1.1
      vertex 66.8751 -50.8802 -1.1
      vertex 66.7784 -50.5953 -1.1
    endloop
  endfacet
  facet normal 0 0 1
    outer loop
      vertex 66.1988 -50.7506 -1.1
      vertex 66.7784 -50.5953 -1.1
      vertex 66.7197 -50.3002 -1.1
    endloop
  endfacet
  facet normal 0 0 1
    outer loop
      vertex 67.1753 -51.4002 -1.1
      vertex 66.6993 -51.7654 -1.1
      vertex 66.9494 -52.0506 -1.1
    endloop
  endfacet
  facet normal 0 0 1
    outer loop
      vertex 66.1248 -50.3785 -1.1
      vertex 66.7197 -50.3002 -1.1
      vertex 66.7 -50 -1.1
    endloop
  endfacet
  facet normal -0 0 1
    outer loop
      vertex 66.1988 -49.2494 -1.1
      vertex 66.7784 -49.4047 -1.1
      vertex 66.3207 -48.8902 -1.1
    endloop
  endfacet
  facet normal 0 0 1
    outer loop
      vertex 66.7784 -49.4047 -1.1
      vertex 66.1988 -49.2494 -1.1
      vertex 66.7197 -49.6998 -1.1
    endloop
  endfacet
  facet normal 0 0 1
    outer loop
      vertex 67.0081 -51.15 -1.1
      vertex 66.4885 -51.45 -1.1
      vertex 66.6993 -51.7654 -1.1
    endloop
  endfacet
  facet normal -0 0 1
    outer loop
      vertex 66.1248 -49.6215 -1.1
      vertex 66.7197 -49.6998 -1.1
      vertex 66.1988 -49.2494 -1.1
    endloop
  endfacet
  facet normal 0 0 1
    outer loop
      vertex 66.8751 -50.8802 -1.1
      vertex 66.3207 -51.1098 -1.1
      vertex 66.4885 -51.45 -1.1
    endloop
  endfacet
  facet normal 0 0 1
    outer loop
      vertex 66.7197 -49.6998 -1.1
      vertex 66.1248 -49.6215 -1.1
      vertex 66.7 -50 -1.1
    endloop
  endfacet
  facet normal 0 0 1
    outer loop
      vertex 66.7784 -50.5953 -1.1
      vertex 66.1988 -50.7506 -1.1
      vertex 66.3207 -51.1098 -1.1
    endloop
  endfacet
  facet normal 0 0 1
    outer loop
      vertex 66.1 -50 -1.1
      vertex 66.7 -50 -1.1
      vertex 66.1248 -49.6215 -1.1
    endloop
  endfacet
  facet normal 0 0 1
    outer loop
      vertex 66.7197 -50.3002 -1.1
      vertex 66.1248 -50.3785 -1.1
      vertex 66.1988 -50.7506 -1.1
    endloop
  endfacet
  facet normal 0 0 1
    outer loop
      vertex 66.7 -50 -1.1
      vertex 66.1 -50 -1.1
      vertex 66.1248 -50.3785 -1.1
    endloop
  endfacet
  facet normal 0.195052 -0.980793 0
    outer loop
      vertex 68.2494 -47.1988 -1.1
      vertex 68.6215 -47.1248 0
      vertex 68.2494 -47.1988 0
    endloop
  endfacet
  facet normal 0.195052 -0.980793 0
    outer loop
      vertex 68.6215 -47.1248 0
      vertex 68.2494 -47.1988 -1.1
      vertex 68.6215 -47.1248 -1.1
    endloop
  endfacet
  facet normal 0.0653816 0.99786 -0
    outer loop
      vertex 69 -52.9 -1.1
      vertex 68.6215 -52.8752 0
      vertex 69 -52.9 0
    endloop
  endfacet
  facet normal 0.0653816 0.99786 0
    outer loop
      vertex 68.6215 -52.8752 0
      vertex 69 -52.9 -1.1
      vertex 68.6215 -52.8752 -1.1
    endloop
  endfacet
  facet normal 0.831401 -0.555673 0
    outer loop
      vertex 66.4885 -48.55 0
      vertex 66.6993 -48.2346 -1.1
      vertex 66.6993 -48.2346 0
    endloop
  endfacet
  facet normal 0.831401 -0.555673 0
    outer loop
      vertex 66.6993 -48.2346 -1.1
      vertex 66.4885 -48.55 0
      vertex 66.4885 -48.55 -1.1
    endloop
  endfacet
  facet normal 0.946956 0.321364 0
    outer loop
      vertex 66.3207 -51.1098 0
      vertex 66.1988 -50.7506 -1.1
      vertex 66.1988 -50.7506 0
    endloop
  endfacet
  facet normal 0.946956 0.321364 0
    outer loop
      vertex 66.1988 -50.7506 -1.1
      vertex 66.3207 -51.1098 0
      vertex 66.3207 -51.1098 -1.1
    endloop
  endfacet
  facet normal -1 0 0
    outer loop
      vertex 62 -45 -4
      vertex 62 -6 0
      vertex 62 -6 -4
    endloop
  endfacet
  facet normal -1 -0 0
    outer loop
      vertex 62 -6 0
      vertex 62 -45 -4
      vertex 62 -45 0
    endloop
  endfacet
  facet normal 0 0 -1
    outer loop
      vertex 44 -28.142 0.00999928
      vertex 44.2 -25.5 0.00999928
      vertex 44.04 -27.9408 0.00999928
    endloop
  endfacet
  facet normal 0 0 -1
    outer loop
      vertex 44 -22.858 0.00999928
      vertex 44.2 -25.5 0.00999928
      vertex 44 -28.142 0.00999928
    endloop
  endfacet
  facet normal 0 0 -1
    outer loop
      vertex 44.2 -25.5 0.00999928
      vertex 44 -22.858 0.00999928
      vertex 44.04 -23.0592 0.00999928
    endloop
  endfacet
  facet normal 1 -0 0
    outer loop
      vertex 44 -22.858 0
      vertex 44 -6 -4
      vertex 44 -6 0
    endloop
  endfacet
  facet normal 1 0 0
    outer loop
      vertex 44 -28.142 0
      vertex 44 -22.858 0
      vertex 44 -28.142 0.00999928
    endloop
  endfacet
  facet normal 1 0 0
    outer loop
      vertex 44 -22.858 0
      vertex 44 -28.142 0
      vertex 44 -6 -4
    endloop
  endfacet
  facet normal 1 0 0
    outer loop
      vertex 44 -45 -4
      vertex 44 -28.142 0
      vertex 44 -45 0
    endloop
  endfacet
  facet normal 1 0 0
    outer loop
      vertex 44 -28.142 0
      vertex 44 -45 -4
      vertex 44 -6 -4
    endloop
  endfacet
  facet normal 1 0 0
    outer loop
      vertex 44 -22.858 0.00999928
      vertex 44 -28.142 0.00999928
      vertex 44 -22.858 0
    endloop
  endfacet
  facet normal 0 1 -0
    outer loop
      vertex 62 -45 -4
      vertex 44 -45 0
      vertex 62 -45 0
    endloop
  endfacet
  facet normal 0 1 0
    outer loop
      vertex 44 -45 0
      vertex 62 -45 -4
      vertex 44 -45 -4
    endloop
  endfacet
  facet normal 0 -1 0
    outer loop
      vertex 44 -6 -4
      vertex 62 -6 0
      vertex 44 -6 0
    endloop
  endfacet
  facet normal 0 -1 -0
    outer loop
      vertex 62 -6 0
      vertex 44 -6 -4
      vertex 62 -6 -4
    endloop
  endfacet
endsolid OpenSCAD_Model
