solid OpenSCAD_Model
  facet normal 0.670284 0.227455 0.706387
    outer loop
      vertex 100.016 126.442 2
      vertex 99.2899 124.855 3.2
      vertex 100.449 125.166 2
    endloop
  endfacet
  facet normal -1 0 0
    outer loop
      vertex -4.8 5.5 0
      vertex -4.8 122.5 2
      vertex -4.8 122.5 0
    endloop
  endfacet
  facet normal -1 -0 0
    outer loop
      vertex -4.8 122.5 2
      vertex -4.8 5.5 0
      vertex -4.8 5.5 2
    endloop
  endfacet
  facet normal 0.588498 0.393348 0.706362
    outer loop
      vertex 98.6715 128.77 2
      vertex 98.3808 127.05 3.2
      vertex 99.4201 127.65 2
    endloop
  endfacet
  facet normal -0.694291 0.138156 0.706309
    outer loop
      vertex -3.28993 124.855 3.2
      vertex -4.71188 123.844 2
      vertex -3.52215 123.688 3.2
    endloop
  endfacet
  facet normal 0.831387 0.555693 0
    outer loop
      vertex 99.4201 127.65 2
      vertex 98.6715 128.77 0
      vertex 98.6715 128.77 2
    endloop
  endfacet
  facet normal 0.831387 0.555693 0
    outer loop
      vertex 98.6715 128.77 0
      vertex 99.4201 127.65 2
      vertex 99.4201 127.65 0
    endloop
  endfacet
  facet normal 0.532217 -0.466716 0.706344
    outer loop
      vertex 97.7195 -0.0397329 3.2
      vertex 96.9347 -0.934676 3.2
      vertex 98.6715 -0.770247 2
    endloop
  endfacet
  facet normal 0.313142 0.6349 0.706289
    outer loop
      vertex 95.65 131.42 2
      vertex 94.4416 132.016 2
      vertex 95.05 130.381 3.2
    endloop
  endfacet
  facet normal -0.751838 -0.659348 0
    outer loop
      vertex -1.7832 -1.7832 0
      vertex -2.67154 -0.770247 2
      vertex -2.67154 -0.770247 0
    endloop
  endfacet
  facet normal -0.751838 -0.659348 0
    outer loop
      vertex -2.67154 -0.770247 2
      vertex -1.7832 -1.7832 0
      vertex -1.7832 -1.7832 2
    endloop
  endfacet
  facet normal -0.694264 -0.138095 0.706347
    outer loop
      vertex -3.52215 4.31221 3.2
      vertex -4.71188 4.15558 2
      vertex -3.28993 3.14474 3.2
    endloop
  endfacet
  facet normal -0.0463015 -0.706351 0.706345
    outer loop
      vertex 5.5 -3.60001 3.2
      vertex 4.31221 -3.52215 3.2
      vertex 5.5 -4.8 2
    endloop
  endfacet
  facet normal 0.634808 0.313147 0.70637
    outer loop
      vertex 99.4201 127.65 2
      vertex 98.3808 127.05 3.2
      vertex 100.016 126.442 2
    endloop
  endfacet
  facet normal -0.70711 0 0.707104
    outer loop
      vertex -4.8 5.5 2
      vertex -3.60001 122.5 3.2
      vertex -4.8 122.5 2
    endloop
  endfacet
  facet normal -0.70711 0 0.707104
    outer loop
      vertex -3.60001 122.5 3.2
      vertex -4.8 5.5 2
      vertex -3.60001 5.5 3.2
    endloop
  endfacet
  facet normal 0.588538 -0.393286 0.706363
    outer loop
      vertex 99.4201 0.350006 2
      vertex 98.3808 0.949997 3.2
      vertex 98.6715 -0.770247 2
    endloop
  endfacet
  facet normal -0.393104 0.588738 0.706298
    outer loop
      vertex 0.350006 131.42 2
      vertex -0.770247 130.672 2
      vertex 0.949997 130.381 3.2
    endloop
  endfacet
  facet normal 0 1 -0
    outer loop
      vertex 90.5 132.8 0
      vertex 5.5 132.8 2
      vertex 90.5 132.8 2
    endloop
  endfacet
  facet normal 0 1 0
    outer loop
      vertex 5.5 132.8 2
      vertex 90.5 132.8 0
      vertex 5.5 132.8 0
    endloop
  endfacet
  facet normal 0.831445 -0.555607 0
    outer loop
      vertex 98.6715 -0.770247 2
      vertex 99.4201 0.350006 0
      vertex 99.4201 0.350006 2
    endloop
  endfacet
  facet normal 0.831445 -0.555607 0
    outer loop
      vertex 99.4201 0.350006 0
      vertex 98.6715 -0.770247 2
      vertex 98.6715 -0.770247 0
    endloop
  endfacet
  facet normal 0.393116 0.588729 0.706299
    outer loop
      vertex 95.65 131.42 2
      vertex 95.05 130.381 3.2
      vertex 96.7702 130.672 2
    endloop
  endfacet
  facet normal -0.89682 0.442396 0
    outer loop
      vertex -4.01596 126.442 0
      vertex -3.42006 127.65 2
      vertex -3.42006 127.65 0
    endloop
  endfacet
  facet normal -0.89682 0.442396 0
    outer loop
      vertex -3.42006 127.65 2
      vertex -4.01596 126.442 0
      vertex -4.01596 126.442 2
    endloop
  endfacet
  facet normal 1 -0 0
    outer loop
      vertex 100.8 5.5 2
      vertex 100.8 122.5 0
      vertex 100.8 122.5 2
    endloop
  endfacet
  facet normal 1 0 0
    outer loop
      vertex 100.8 122.5 0
      vertex 100.8 5.5 2
      vertex 100.8 5.5 0
    endloop
  endfacet
  facet normal -0.195094 -0.980785 0
    outer loop
      vertex 2.83417 -4.44903 0
      vertex 4.15558 -4.71188 2
      vertex 2.83417 -4.44903 2
    endloop
  endfacet
  facet normal -0.195094 -0.980785 -0
    outer loop
      vertex 4.15558 -4.71188 2
      vertex 2.83417 -4.44903 0
      vertex 4.15558 -4.71188 0
    endloop
  endfacet
  facet normal 0.321436 -0.946931 0
    outer loop
      vertex 93.1658 -4.44903 0
      vertex 94.4416 -4.01596 2
      vertex 93.1658 -4.44903 2
    endloop
  endfacet
  facet normal 0.321436 -0.946931 0
    outer loop
      vertex 94.4416 -4.01596 2
      vertex 93.1658 -4.44903 0
      vertex 94.4416 -4.01596 0
    endloop
  endfacet
  facet normal -0.634824 0.313155 0.706351
    outer loop
      vertex -3.42006 127.65 2
      vertex -4.01596 126.442 2
      vertex -2.38083 127.05 3.2
    endloop
  endfacet
  facet normal -0.532201 -0.46673 0.706347
    outer loop
      vertex -0.934676 -0.934676 3.2
      vertex -2.67154 -0.770247 2
      vertex -1.7832 -1.7832 2
    endloop
  endfacet
  facet normal 0.70635 -0.0462658 0.70635
    outer loop
      vertex 99.6 5.5 3.2
      vertex 99.5222 4.31221 3.2
      vertex 100.8 5.5 2
    endloop
  endfacet
  facet normal -0.46673 -0.532201 0.706347
    outer loop
      vertex -0.934676 -0.934676 3.2
      vertex -1.7832 -1.7832 2
      vertex -0.770247 -2.67154 2
    endloop
  endfacet
  facet normal -0.831473 -0.555566 0
    outer loop
      vertex -2.67154 -0.770247 0
      vertex -3.42006 0.350006 2
      vertex -3.42006 0.350006 0
    endloop
  endfacet
  facet normal -0.831473 -0.555566 0
    outer loop
      vertex -3.42006 0.350006 2
      vertex -2.67154 -0.770247 0
      vertex -2.67154 -0.770247 2
    endloop
  endfacet
  facet normal 0.997863 0.0653363 0
    outer loop
      vertex 100.8 122.5 2
      vertex 100.712 123.844 0
      vertex 100.712 123.844 2
    endloop
  endfacet
  facet normal 0.997863 0.0653363 0
    outer loop
      vertex 100.712 123.844 0
      vertex 100.8 122.5 2
      vertex 100.8 122.5 0
    endloop
  endfacet
  facet normal 0.694237 -0.138137 0.706366
    outer loop
      vertex 99.5222 4.31221 3.2
      vertex 99.2899 3.14474 3.2
      vertex 100.712 4.15558 2
    endloop
  endfacet
  facet normal -0.831415 0.555652 0
    outer loop
      vertex -3.42006 127.65 0
      vertex -2.67154 128.77 2
      vertex -2.67154 128.77 0
    endloop
  endfacet
  facet normal -0.831415 0.555652 0
    outer loop
      vertex -2.67154 128.77 2
      vertex -3.42006 127.65 0
      vertex -3.42006 127.65 2
    endloop
  endfacet
  facet normal 0.588577 -0.393265 0.706342
    outer loop
      vertex 98.3808 0.949997 3.2
      vertex 97.7195 -0.0397329 3.2
      vertex 98.6715 -0.770247 2
    endloop
  endfacet
  facet normal 0.896871 -0.442292 0
    outer loop
      vertex 99.4201 0.350006 2
      vertex 100.016 1.55836 0
      vertex 100.016 1.55836 2
    endloop
  endfacet
  facet normal 0.896871 -0.442292 0
    outer loop
      vertex 100.016 1.55836 0
      vertex 99.4201 0.350006 2
      vertex 99.4201 0.350006 0
    endloop
  endfacet
  facet normal -0.634818 0.312933 0.706455
    outer loop
      vertex -2.38083 127.05 3.2
      vertex -4.01596 126.442 2
      vertex -2.9073 125.982 3.2
    endloop
  endfacet
  facet normal -0.670303 -0.227533 0.706344
    outer loop
      vertex -3.28993 3.14474 3.2
      vertex -4.44903 2.83417 2
      vertex -4.01596 1.55836 2
    endloop
  endfacet
  facet normal -0.634864 -0.313078 0.70635
    outer loop
      vertex -2.9073 2.01758 3.2
      vertex -4.01596 1.55836 2
      vertex -2.38083 0.949997 3.2
    endloop
  endfacet
  facet normal -0.706352 0.0462934 0.706346
    outer loop
      vertex -3.52215 123.688 3.2
      vertex -4.8 122.5 2
      vertex -3.60001 122.5 3.2
    endloop
  endfacet
  facet normal -0.980785 -0.195094 0
    outer loop
      vertex -4.44903 2.83417 0
      vertex -4.71188 4.15558 2
      vertex -4.71188 4.15558 0
    endloop
  endfacet
  facet normal -0.980785 -0.195094 0
    outer loop
      vertex -4.71188 4.15558 2
      vertex -4.44903 2.83417 0
      vertex -4.44903 2.83417 2
    endloop
  endfacet
  facet normal -0.588687 0.393243 0.706263
    outer loop
      vertex -1.71951 128.04 3.2
      vertex -2.67154 128.77 2
      vertex -2.38083 127.05 3.2
    endloop
  endfacet
  facet normal -0.0654046 -0.997859 0
    outer loop
      vertex 4.15558 -4.71188 0
      vertex 5.5 -4.8 2
      vertex 4.15558 -4.71188 2
    endloop
  endfacet
  facet normal -0.0654046 -0.997859 -0
    outer loop
      vertex 5.5 -4.8 2
      vertex 4.15558 -4.71188 0
      vertex 5.5 -4.8 0
    endloop
  endfacet
  facet normal -0.0462977 -0.70635 0.706347
    outer loop
      vertex 4.31221 -3.52215 3.2
      vertex 4.15558 -4.71188 2
      vertex 5.5 -4.8 2
    endloop
  endfacet
  facet normal 0.751853 -0.659331 0
    outer loop
      vertex 97.7832 -1.7832 2
      vertex 98.6715 -0.770247 0
      vertex 98.6715 -0.770247 2
    endloop
  endfacet
  facet normal 0.751853 -0.659331 0
    outer loop
      vertex 98.6715 -0.770247 0
      vertex 97.7832 -1.7832 2
      vertex 97.7832 -1.7832 0
    endloop
  endfacet
  facet normal 0.694264 0.138198 0.706328
    outer loop
      vertex 100.712 123.844 2
      vertex 99.2899 124.855 3.2
      vertex 99.5222 123.688 3.2
    endloop
  endfacet
  facet normal -0.70635 -0.0462977 0.706347
    outer loop
      vertex -3.52215 4.31221 3.2
      vertex -4.8 5.5 2
      vertex -4.71188 4.15558 2
    endloop
  endfacet
  facet normal -0.321433 -0.946932 0
    outer loop
      vertex 1.55836 -4.01596 0
      vertex 2.83417 -4.44903 2
      vertex 1.55836 -4.01596 2
    endloop
  endfacet
  facet normal -0.321433 -0.946932 -0
    outer loop
      vertex 2.83417 -4.44903 2
      vertex 1.55836 -4.01596 0
      vertex 2.83417 -4.44903 0
    endloop
  endfacet
  facet normal -0.70636 0.0463129 0.706336
    outer loop
      vertex -4.71188 123.844 2
      vertex -4.8 122.5 2
      vertex -3.52215 123.688 3.2
    endloop
  endfacet
  facet normal 0 0 1
    outer loop
      vertex 95.8 125.8 3.2
      vertex 99.6 122.5 3.2
      vertex 99.5222 123.688 3.2
    endloop
  endfacet
  facet normal 0 0 1
    outer loop
      vertex 99.6 122.5 3.2
      vertex 95.8 125.8 3.2
      vertex 99.6 5.5 3.2
    endloop
  endfacet
  facet normal 0 0 1
    outer loop
      vertex 95.8 125.8 3.2
      vertex 99.5222 123.688 3.2
      vertex 99.2899 124.855 3.2
    endloop
  endfacet
  facet normal 0 0 1
    outer loop
      vertex 95.8 2.2 3.2
      vertex 99.6 5.5 3.2
      vertex 95.8 125.8 3.2
    endloop
  endfacet
  facet normal -0 0 1
    outer loop
      vertex 95.8 125.8 3.2
      vertex 99.2899 124.855 3.2
      vertex 98.9073 125.982 3.2
    endloop
  endfacet
  facet normal 0 0 1
    outer loop
      vertex 99.6 5.5 3.2
      vertex 95.8 2.2 3.2
      vertex 99.5222 4.31221 3.2
    endloop
  endfacet
  facet normal 0 0 1
    outer loop
      vertex 95.8 125.8 3.2
      vertex 98.9073 125.982 3.2
      vertex 98.3808 127.05 3.2
    endloop
  endfacet
  facet normal 0 0 1
    outer loop
      vertex 99.5222 4.31221 3.2
      vertex 95.8 2.2 3.2
      vertex 99.2899 3.14474 3.2
    endloop
  endfacet
  facet normal 0 0 1
    outer loop
      vertex 95.7318 126.318 3.2
      vertex 98.3808 127.05 3.2
      vertex 97.7195 128.04 3.2
    endloop
  endfacet
  facet normal 0 0 1
    outer loop
      vertex 99.2899 3.14474 3.2
      vertex 95.8 2.2 3.2
      vertex 98.9073 2.01758 3.2
    endloop
  endfacet
  facet normal 0 0 1
    outer loop
      vertex 95.3867 127.018 3.2
      vertex 97.7195 128.04 3.2
      vertex 96.9347 128.935 3.2
    endloop
  endfacet
  facet normal 0 0 1
    outer loop
      vertex 98.9073 2.01758 3.2
      vertex 95.8 2.2 3.2
      vertex 98.3808 0.949997 3.2
    endloop
  endfacet
  facet normal 0 0 1
    outer loop
      vertex 95.0175 127.387 3.2
      vertex 96.9347 128.935 3.2
      vertex 96.0397 129.72 3.2
    endloop
  endfacet
  facet normal -0 0 1
    outer loop
      vertex 95.7829 1.93895 3.2
      vertex 98.3808 0.949997 3.2
      vertex 95.8 2.2 3.2
    endloop
  endfacet
  facet normal -0 0 1
    outer loop
      vertex 95.7318 1.68236 3.2
      vertex 98.3808 0.949997 3.2
      vertex 95.7829 1.93895 3.2
    endloop
  endfacet
  facet normal 0 0 1
    outer loop
      vertex 98.3808 127.05 3.2
      vertex 95.7829 126.061 3.2
      vertex 95.8 125.8 3.2
    endloop
  endfacet
  facet normal 0 0 1
    outer loop
      vertex 98.3808 127.05 3.2
      vertex 95.7318 126.318 3.2
      vertex 95.7829 126.061 3.2
    endloop
  endfacet
  facet normal 0 0 1
    outer loop
      vertex 97.7195 128.04 3.2
      vertex 95.6478 126.565 3.2
      vertex 95.7318 126.318 3.2
    endloop
  endfacet
  facet normal 0 0 1
    outer loop
      vertex 97.7195 128.04 3.2
      vertex 95.532 126.8 3.2
      vertex 95.6478 126.565 3.2
    endloop
  endfacet
  facet normal 0 0 1
    outer loop
      vertex 97.7195 128.04 3.2
      vertex 95.3867 127.018 3.2
      vertex 95.532 126.8 3.2
    endloop
  endfacet
  facet normal 0 0 1
    outer loop
      vertex 96.9347 128.935 3.2
      vertex 95.2142 127.214 3.2
      vertex 95.3867 127.018 3.2
    endloop
  endfacet
  facet normal 0 0 1
    outer loop
      vertex 94.3176 127.732 3.2
      vertex 96.0397 129.72 3.2
      vertex 95.05 130.381 3.2
    endloop
  endfacet
  facet normal 0 0 1
    outer loop
      vertex 96.9347 128.935 3.2
      vertex 95.0175 127.387 3.2
      vertex 95.2142 127.214 3.2
    endloop
  endfacet
  facet normal 0 0 1
    outer loop
      vertex 96.0397 129.72 3.2
      vertex 94.8 127.532 3.2
      vertex 95.0175 127.387 3.2
    endloop
  endfacet
  facet normal 0 0 1
    outer loop
      vertex 96.0397 129.72 3.2
      vertex 94.5654 127.648 3.2
      vertex 94.8 127.532 3.2
    endloop
  endfacet
  facet normal 0 0 1
    outer loop
      vertex 96.0397 129.72 3.2
      vertex 94.3176 127.732 3.2
      vertex 94.5654 127.648 3.2
    endloop
  endfacet
  facet normal 0 0 1
    outer loop
      vertex 95.05 130.381 3.2
      vertex 94.061 127.783 3.2
      vertex 94.3176 127.732 3.2
    endloop
  endfacet
  facet normal 0 0 1
    outer loop
      vertex 93.8 127.8 3.2
      vertex 95.05 130.381 3.2
      vertex 93.9824 130.907 3.2
    endloop
  endfacet
  facet normal 0 0 1
    outer loop
      vertex 95.05 130.381 3.2
      vertex 93.8 127.8 3.2
      vertex 94.061 127.783 3.2
    endloop
  endfacet
  facet normal 0 0 1
    outer loop
      vertex 92.8553 131.29 3.2
      vertex 93.8 127.8 3.2
      vertex 93.9824 130.907 3.2
    endloop
  endfacet
  facet normal 0 0 1
    outer loop
      vertex 91.6878 131.522 3.2
      vertex 93.8 127.8 3.2
      vertex 92.8553 131.29 3.2
    endloop
  endfacet
  facet normal 0 0 1
    outer loop
      vertex 90.5 131.6 3.2
      vertex 93.8 127.8 3.2
      vertex 91.6878 131.522 3.2
    endloop
  endfacet
  facet normal -0 0 1
    outer loop
      vertex 5.5 131.6 3.2
      vertex 93.8 127.8 3.2
      vertex 90.5 131.6 3.2
    endloop
  endfacet
  facet normal 0 0 1
    outer loop
      vertex 2.2 127.8 3.2
      vertex 5.5 131.6 3.2
      vertex 4.31221 131.522 3.2
    endloop
  endfacet
  facet normal 0 0 1
    outer loop
      vertex 2.2 127.8 3.2
      vertex 4.31221 131.522 3.2
      vertex 3.14474 131.29 3.2
    endloop
  endfacet
  facet normal 0 0 1
    outer loop
      vertex 5.5 131.6 3.2
      vertex 2.2 127.8 3.2
      vertex 93.8 127.8 3.2
    endloop
  endfacet
  facet normal -0 0 1
    outer loop
      vertex 2.01758 130.907 3.2
      vertex 2.2 127.8 3.2
      vertex 3.14474 131.29 3.2
    endloop
  endfacet
  facet normal -0 0 1
    outer loop
      vertex 0.949997 130.381 3.2
      vertex 2.2 127.8 3.2
      vertex 2.01758 130.907 3.2
    endloop
  endfacet
  facet normal 0 0 1
    outer loop
      vertex 2.2 127.8 3.2
      vertex 0.949997 130.381 3.2
      vertex 1.93895 127.783 3.2
    endloop
  endfacet
  facet normal 0 0 1
    outer loop
      vertex 1.93895 127.783 3.2
      vertex 0.949997 130.381 3.2
      vertex 1.68236 127.732 3.2
    endloop
  endfacet
  facet normal -0 0 1
    outer loop
      vertex -0.0397329 129.72 3.2
      vertex 1.68236 127.732 3.2
      vertex 0.949997 130.381 3.2
    endloop
  endfacet
  facet normal 0 0 1
    outer loop
      vertex 1.68236 127.732 3.2
      vertex -0.0397329 129.72 3.2
      vertex 1.43463 127.648 3.2
    endloop
  endfacet
  facet normal 0 0 1
    outer loop
      vertex 1.43463 127.648 3.2
      vertex -0.0397329 129.72 3.2
      vertex 1.2 127.532 3.2
    endloop
  endfacet
  facet normal 0 0 1
    outer loop
      vertex 1.2 127.532 3.2
      vertex -0.0397329 129.72 3.2
      vertex 0.982471 127.387 3.2
    endloop
  endfacet
  facet normal -0 0 1
    outer loop
      vertex -0.934676 128.935 3.2
      vertex 0.982471 127.387 3.2
      vertex -0.0397329 129.72 3.2
    endloop
  endfacet
  facet normal 0 0 1
    outer loop
      vertex 0.982471 127.387 3.2
      vertex -0.934676 128.935 3.2
      vertex 0.785785 127.214 3.2
    endloop
  endfacet
  facet normal 0 0 1
    outer loop
      vertex 0.785785 127.214 3.2
      vertex -0.934676 128.935 3.2
      vertex 0.613299 127.018 3.2
    endloop
  endfacet
  facet normal -0 0 1
    outer loop
      vertex -1.71951 128.04 3.2
      vertex 0.613299 127.018 3.2
      vertex -0.934676 128.935 3.2
    endloop
  endfacet
  facet normal 0 0 1
    outer loop
      vertex 0.613299 127.018 3.2
      vertex -1.71951 128.04 3.2
      vertex 0.467944 126.8 3.2
    endloop
  endfacet
  facet normal -0 0 1
    outer loop
      vertex -2.38083 127.05 3.2
      vertex 0.268146 126.318 3.2
      vertex -1.71951 128.04 3.2
    endloop
  endfacet
  facet normal 0 0 1
    outer loop
      vertex 0.352237 126.565 3.2
      vertex -1.71951 128.04 3.2
      vertex 0.268146 126.318 3.2
    endloop
  endfacet
  facet normal 0 0 1
    outer loop
      vertex 0.467944 126.8 3.2
      vertex -1.71951 128.04 3.2
      vertex 0.352237 126.565 3.2
    endloop
  endfacet
  facet normal 0 0 1
    outer loop
      vertex 98.3808 0.949997 3.2
      vertex 95.7318 1.68236 3.2
      vertex 97.7195 -0.0397329 3.2
    endloop
  endfacet
  facet normal -0 0 1
    outer loop
      vertex 95.6478 1.43463 3.2
      vertex 97.7195 -0.0397329 3.2
      vertex 95.7318 1.68236 3.2
    endloop
  endfacet
  facet normal -0 0 1
    outer loop
      vertex 95.532 1.2 3.2
      vertex 97.7195 -0.0397329 3.2
      vertex 95.6478 1.43463 3.2
    endloop
  endfacet
  facet normal -0 0 1
    outer loop
      vertex 95.3867 0.982471 3.2
      vertex 97.7195 -0.0397329 3.2
      vertex 95.532 1.2 3.2
    endloop
  endfacet
  facet normal 0 0 1
    outer loop
      vertex 97.7195 -0.0397329 3.2
      vertex 95.3867 0.982471 3.2
      vertex 96.9347 -0.934676 3.2
    endloop
  endfacet
  facet normal -0 0 1
    outer loop
      vertex 95.2142 0.785785 3.2
      vertex 96.9347 -0.934676 3.2
      vertex 95.3867 0.982471 3.2
    endloop
  endfacet
  facet normal -0 0 1
    outer loop
      vertex 95.0175 0.613299 3.2
      vertex 96.9347 -0.934676 3.2
      vertex 95.2142 0.785785 3.2
    endloop
  endfacet
  facet normal 0 0 1
    outer loop
      vertex 96.9347 -0.934676 3.2
      vertex 95.0175 0.613299 3.2
      vertex 96.0397 -1.71951 3.2
    endloop
  endfacet
  facet normal -0 0 1
    outer loop
      vertex 94.8 0.467944 3.2
      vertex 96.0397 -1.71951 3.2
      vertex 95.0175 0.613299 3.2
    endloop
  endfacet
  facet normal -0 0 1
    outer loop
      vertex 94.5654 0.352237 3.2
      vertex 96.0397 -1.71951 3.2
      vertex 94.8 0.467944 3.2
    endloop
  endfacet
  facet normal -0 0 1
    outer loop
      vertex 94.3176 0.268146 3.2
      vertex 96.0397 -1.71951 3.2
      vertex 94.5654 0.352237 3.2
    endloop
  endfacet
  facet normal 0 0 1
    outer loop
      vertex 96.0397 -1.71951 3.2
      vertex 94.3176 0.268146 3.2
      vertex 95.05 -2.38083 3.2
    endloop
  endfacet
  facet normal -0 0 1
    outer loop
      vertex 94.061 0.217105 3.2
      vertex 95.05 -2.38083 3.2
      vertex 94.3176 0.268146 3.2
    endloop
  endfacet
  facet normal -0 0 1
    outer loop
      vertex 93.8 0.2 3.2
      vertex 95.05 -2.38083 3.2
      vertex 94.061 0.217105 3.2
    endloop
  endfacet
  facet normal 0 0 1
    outer loop
      vertex 95.05 -2.38083 3.2
      vertex 93.8 0.2 3.2
      vertex 93.9824 -2.9073 3.2
    endloop
  endfacet
  facet normal 0 0 1
    outer loop
      vertex 93.8 0.2 3.2
      vertex 92.8553 -3.28993 3.2
      vertex 93.9824 -2.9073 3.2
    endloop
  endfacet
  facet normal 0 0 1
    outer loop
      vertex 93.8 0.2 3.2
      vertex 91.6878 -3.52215 3.2
      vertex 92.8553 -3.28993 3.2
    endloop
  endfacet
  facet normal 0 0 1
    outer loop
      vertex 93.8 0.2 3.2
      vertex 90.5 -3.60001 3.2
      vertex 91.6878 -3.52215 3.2
    endloop
  endfacet
  facet normal 0 0 1
    outer loop
      vertex 93.8 0.2 3.2
      vertex 52.8009 -1.85249 3.2
      vertex 90.5 -3.60001 3.2
    endloop
  endfacet
  facet normal -0 0 1
    outer loop
      vertex 51.5879 -1.14371 3.2
      vertex 52.8009 -1.85249 3.2
      vertex 93.8 0.2 3.2
    endloop
  endfacet
  facet normal 0 0 1
    outer loop
      vertex 52.8009 -1.85249 3.2
      vertex 51.5879 -1.14371 3.2
      vertex 52.2684 -1.85249 3.2
    endloop
  endfacet
  facet normal 0 0 1
    outer loop
      vertex 93.8 0.2 3.2
      vertex 51.0924 -1.14371 3.2
      vertex 51.5879 -1.14371 3.2
    endloop
  endfacet
  facet normal -0 0 1
    outer loop
      vertex 50.6646 -2.44969 3.2
      vertex 51.0924 -3.60001 3.2
      vertex 51.0924 -1.14371 3.2
    endloop
  endfacet
  facet normal 0 0 1
    outer loop
      vertex 51.0924 -3.60001 3.2
      vertex 50.6646 -2.44969 3.2
      vertex 50.6679 -2.54892 3.2
    endloop
  endfacet
  facet normal 0 0 1
    outer loop
      vertex 51.0924 -1.14371 3.2
      vertex 50.6547 -2.3575 3.2
      vertex 50.6646 -2.44969 3.2
    endloop
  endfacet
  facet normal 0 0 1
    outer loop
      vertex 51.0924 -1.14371 3.2
      vertex 50.6381 -2.27237 3.2
      vertex 50.6547 -2.3575 3.2
    endloop
  endfacet
  facet normal 0 0 1
    outer loop
      vertex 51.0924 -1.14371 3.2
      vertex 50.615 -2.19429 3.2
      vertex 50.6381 -2.27237 3.2
    endloop
  endfacet
  facet normal 0 0 1
    outer loop
      vertex 51.0924 -1.14371 3.2
      vertex 50.5852 -2.12326 3.2
      vertex 50.615 -2.19429 3.2
    endloop
  endfacet
  facet normal 0 0 1
    outer loop
      vertex 51.0924 -1.14371 3.2
      vertex 50.5487 -2.05928 3.2
      vertex 50.5852 -2.12326 3.2
    endloop
  endfacet
  facet normal 0 0 1
    outer loop
      vertex 51.0924 -1.14371 3.2
      vertex 50.5057 -2.00237 3.2
      vertex 50.5487 -2.05928 3.2
    endloop
  endfacet
  facet normal 0 0 1
    outer loop
      vertex 51.0924 -1.14371 3.2
      vertex 50.4565 -1.95277 3.2
      vertex 50.5057 -2.00237 3.2
    endloop
  endfacet
  facet normal 0 0 1
    outer loop
      vertex 51.0924 -1.14371 3.2
      vertex 50.4015 -1.91083 3.2
      vertex 50.4565 -1.95277 3.2
    endloop
  endfacet
  facet normal 0 0 1
    outer loop
      vertex 51.0924 -1.14371 3.2
      vertex 50.3408 -1.8765 3.2
      vertex 50.4015 -1.91083 3.2
    endloop
  endfacet
  facet normal 0 0 1
    outer loop
      vertex 51.0924 -1.14371 3.2
      vertex 50.2743 -1.84979 3.2
      vertex 50.3408 -1.8765 3.2
    endloop
  endfacet
  facet normal 0 0 1
    outer loop
      vertex 51.0924 -1.14371 3.2
      vertex 50.202 -1.83073 3.2
      vertex 50.2743 -1.84979 3.2
    endloop
  endfacet
  facet normal 0 0 1
    outer loop
      vertex 51.0924 -1.14371 3.2
      vertex 50.124 -1.81929 3.2
      vertex 50.202 -1.83073 3.2
    endloop
  endfacet
  facet normal 0 0 1
    outer loop
      vertex 51.0924 -1.14371 3.2
      vertex 50.0403 -1.81548 3.2
      vertex 50.124 -1.81929 3.2
    endloop
  endfacet
  facet normal 0 0 1
    outer loop
      vertex 51.0924 -1.14371 3.2
      vertex 49.9815 -1.81749 3.2
      vertex 50.0403 -1.81548 3.2
    endloop
  endfacet
  facet normal 0 0 1
    outer loop
      vertex 51.0924 -1.14371 3.2
      vertex 49.9251 -1.82353 3.2
      vertex 49.9815 -1.81749 3.2
    endloop
  endfacet
  facet normal 0 0 1
    outer loop
      vertex 49.3967 -1.85249 3.2
      vertex 49.9251 -1.82353 3.2
      vertex 51.0924 -1.14371 3.2
    endloop
  endfacet
  facet normal 0 0 1
    outer loop
      vertex 49.9251 -1.82353 3.2
      vertex 49.3967 -1.85249 3.2
      vertex 49.8711 -1.8336 3.2
    endloop
  endfacet
  facet normal 0 0 1
    outer loop
      vertex 49.8711 -1.8336 3.2
      vertex 49.3967 -1.85249 3.2
      vertex 49.8195 -1.84772 3.2
    endloop
  endfacet
  facet normal 0 0 1
    outer loop
      vertex 49.8195 -1.84772 3.2
      vertex 49.3967 -1.85249 3.2
      vertex 49.7702 -1.86586 3.2
    endloop
  endfacet
  facet normal -0 0 1
    outer loop
      vertex 49.4194 -2.2141 3.2
      vertex 49.4267 -2.23158 3.2
      vertex 49.4564 -2.17155 3.2
    endloop
  endfacet
  facet normal -0 0 1
    outer loop
      vertex 49.4168 -2.13945 3.2
      vertex 49.4564 -2.17155 3.2
      vertex 49.4883 -2.11642 3.2
    endloop
  endfacet
  facet normal 0 0 1
    outer loop
      vertex 49.4267 -2.23158 3.2
      vertex 49.4194 -2.2141 3.2
      vertex 49.4196 -2.23158 3.2
    endloop
  endfacet
  facet normal -0 0 1
    outer loop
      vertex 49.4132 -2.07115 3.2
      vertex 49.4883 -2.11642 3.2
      vertex 49.5222 -2.06621 3.2
    endloop
  endfacet
  facet normal 0 0 1
    outer loop
      vertex 49.4564 -2.17155 3.2
      vertex 49.4189 -2.19292 3.2
      vertex 49.4194 -2.2141 3.2
    endloop
  endfacet
  facet normal 0 0 1
    outer loop
      vertex 49.4084 -1.99217 3.2
      vertex 49.5222 -2.06621 3.2
      vertex 49.5582 -2.02086 3.2
    endloop
  endfacet
  facet normal 0 0 1
    outer loop
      vertex 49.4564 -2.17155 3.2
      vertex 49.418 -2.16805 3.2
      vertex 49.4189 -2.19292 3.2
    endloop
  endfacet
  facet normal 0 0 1
    outer loop
      vertex 49.4039 -1.92734 3.2
      vertex 49.5582 -2.02086 3.2
      vertex 49.5963 -1.98042 3.2
    endloop
  endfacet
  facet normal 0 0 1
    outer loop
      vertex 49.4564 -2.17155 3.2
      vertex 49.4168 -2.13945 3.2
      vertex 49.418 -2.16805 3.2
    endloop
  endfacet
  facet normal 0 0 1
    outer loop
      vertex 49.4883 -2.11642 3.2
      vertex 49.4151 -2.10716 3.2
      vertex 49.4168 -2.13945 3.2
    endloop
  endfacet
  facet normal 0 0 1
    outer loop
      vertex 49.4 -1.88077 3.2
      vertex 49.5963 -1.98042 3.2
      vertex 49.6365 -1.94487 3.2
    endloop
  endfacet
  facet normal 0 0 1
    outer loop
      vertex 49.4883 -2.11642 3.2
      vertex 49.4132 -2.07115 3.2
      vertex 49.4151 -2.10716 3.2
    endloop
  endfacet
  facet normal 0 0 1
    outer loop
      vertex 49.3967 -1.85249 3.2
      vertex 49.6365 -1.94487 3.2
      vertex 49.6788 -1.91422 3.2
    endloop
  endfacet
  facet normal 0 0 1
    outer loop
      vertex 49.5222 -2.06621 3.2
      vertex 49.4108 -2.03145 3.2
      vertex 49.4132 -2.07115 3.2
    endloop
  endfacet
  facet normal 0 0 1
    outer loop
      vertex 49.3967 -1.85249 3.2
      vertex 49.6788 -1.91422 3.2
      vertex 49.7233 -1.88802 3.2
    endloop
  endfacet
  facet normal 0 0 1
    outer loop
      vertex 49.7702 -1.86586 3.2
      vertex 49.3967 -1.85249 3.2
      vertex 49.7233 -1.88802 3.2
    endloop
  endfacet
  facet normal 0 0 1
    outer loop
      vertex 49.5222 -2.06621 3.2
      vertex 49.4084 -1.99217 3.2
      vertex 49.4108 -2.03145 3.2
    endloop
  endfacet
  facet normal 0 0 1
    outer loop
      vertex 49.5582 -2.02086 3.2
      vertex 49.4061 -1.95747 3.2
      vertex 49.4084 -1.99217 3.2
    endloop
  endfacet
  facet normal 0 0 1
    outer loop
      vertex 49.5582 -2.02086 3.2
      vertex 49.4039 -1.92734 3.2
      vertex 49.4061 -1.95747 3.2
    endloop
  endfacet
  facet normal 0 0 1
    outer loop
      vertex 49.5963 -1.98042 3.2
      vertex 49.4019 -1.90176 3.2
      vertex 49.4039 -1.92734 3.2
    endloop
  endfacet
  facet normal 0 0 1
    outer loop
      vertex 49.5963 -1.98042 3.2
      vertex 49.4 -1.88077 3.2
      vertex 49.4019 -1.90176 3.2
    endloop
  endfacet
  facet normal 0 0 1
    outer loop
      vertex 49.6365 -1.94487 3.2
      vertex 49.3983 -1.86435 3.2
      vertex 49.4 -1.88077 3.2
    endloop
  endfacet
  facet normal 0 0 1
    outer loop
      vertex 49.6365 -1.94487 3.2
      vertex 49.3967 -1.85249 3.2
      vertex 49.3983 -1.86435 3.2
    endloop
  endfacet
  facet normal 0 0 1
    outer loop
      vertex 51.0924 -1.14371 3.2
      vertex 48.9242 -1.85249 3.2
      vertex 49.3967 -1.85249 3.2
    endloop
  endfacet
  facet normal 0 0 1
    outer loop
      vertex 48.9383 -2.27916 3.2
      vertex 48.5916 -2.67261 3.2
      vertex 48.5967 -2.80458 3.2
    endloop
  endfacet
  facet normal 0 0 1
    outer loop
      vertex 48.9257 -1.87508 3.2
      vertex 48.5766 -2.54974 3.2
      vertex 48.5916 -2.67261 3.2
    endloop
  endfacet
  facet normal 0 0 1
    outer loop
      vertex 48.9257 -1.87508 3.2
      vertex 48.5515 -2.436 3.2
      vertex 48.5766 -2.54974 3.2
    endloop
  endfacet
  facet normal 0 0 1
    outer loop
      vertex 48.9257 -1.87508 3.2
      vertex 48.5164 -2.33134 3.2
      vertex 48.5515 -2.436 3.2
    endloop
  endfacet
  facet normal 0 0 1
    outer loop
      vertex 48.9257 -1.87508 3.2
      vertex 48.4712 -2.23579 3.2
      vertex 48.5164 -2.33134 3.2
    endloop
  endfacet
  facet normal 0 0 1
    outer loop
      vertex 48.9257 -1.87508 3.2
      vertex 48.416 -2.14935 3.2
      vertex 48.4712 -2.23579 3.2
    endloop
  endfacet
  facet normal 0 0 1
    outer loop
      vertex 48.9257 -1.87508 3.2
      vertex 48.3507 -2.07202 3.2
      vertex 48.416 -2.14935 3.2
    endloop
  endfacet
  facet normal 0 0 1
    outer loop
      vertex 48.9242 -1.85249 3.2
      vertex 48.2759 -2.00443 3.2
      vertex 48.3507 -2.07202 3.2
    endloop
  endfacet
  facet normal -0 0 1
    outer loop
      vertex 47.8865 -1.83804 3.2
      vertex 48.9242 -1.85249 3.2
      vertex 51.0924 -1.14371 3.2
    endloop
  endfacet
  facet normal 0 0 1
    outer loop
      vertex 48.9242 -1.85249 3.2
      vertex 48.1921 -1.94724 3.2
      vertex 48.2759 -2.00443 3.2
    endloop
  endfacet
  facet normal 0 0 1
    outer loop
      vertex 48.9242 -1.85249 3.2
      vertex 48.0993 -1.90044 3.2
      vertex 48.1921 -1.94724 3.2
    endloop
  endfacet
  facet normal 0 0 1
    outer loop
      vertex 48.9242 -1.85249 3.2
      vertex 47.9974 -1.86403 3.2
      vertex 48.0993 -1.90044 3.2
    endloop
  endfacet
  facet normal 0 0 1
    outer loop
      vertex 48.9242 -1.85249 3.2
      vertex 47.8865 -1.83804 3.2
      vertex 47.9974 -1.86403 3.2
    endloop
  endfacet
  facet normal 0 0 1
    outer loop
      vertex 51.0924 -1.14371 3.2
      vertex 47.7665 -1.82243 3.2
      vertex 47.8865 -1.83804 3.2
    endloop
  endfacet
  facet normal 0 0 1
    outer loop
      vertex 51.0924 -1.14371 3.2
      vertex 47.6375 -1.81725 3.2
      vertex 47.7665 -1.82243 3.2
    endloop
  endfacet
  facet normal -0 0 1
    outer loop
      vertex 43.946 -1.14371 3.2
      vertex 47.6375 -1.81725 3.2
      vertex 51.0924 -1.14371 3.2
    endloop
  endfacet
  facet normal 0 0 1
    outer loop
      vertex 47.6375 -1.81725 3.2
      vertex 43.946 -1.14371 3.2
      vertex 47.5112 -1.82262 3.2
    endloop
  endfacet
  facet normal 0 0 1
    outer loop
      vertex 46.4766 -2.24924 3.2
      vertex 46.6938 -2.55766 3.2
      vertex 46.5103 -2.25626 3.2
    endloop
  endfacet
  facet normal 0 0 1
    outer loop
      vertex 46.7198 -2.44626 3.2
      vertex 46.5103 -2.25626 3.2
      vertex 46.6938 -2.55766 3.2
    endloop
  endfacet
  facet normal 0 0 1
    outer loop
      vertex 46.756 -2.34286 3.2
      vertex 46.5103 -2.25626 3.2
      vertex 46.7198 -2.44626 3.2
    endloop
  endfacet
  facet normal 0 0 1
    outer loop
      vertex 46.8027 -2.2475 3.2
      vertex 46.5103 -2.25626 3.2
      vertex 46.756 -2.34286 3.2
    endloop
  endfacet
  facet normal 0 0 1
    outer loop
      vertex 46.8596 -2.16016 3.2
      vertex 46.5103 -2.25626 3.2
      vertex 46.8027 -2.2475 3.2
    endloop
  endfacet
  facet normal 0 0 1
    outer loop
      vertex 46.5103 -2.25626 3.2
      vertex 46.8596 -2.16016 3.2
      vertex 46.5103 -1.84192 3.2
    endloop
  endfacet
  facet normal 0 0 1
    outer loop
      vertex 46.927 -2.08083 3.2
      vertex 46.5103 -1.84192 3.2
      vertex 46.8596 -2.16016 3.2
    endloop
  endfacet
  facet normal 0 0 1
    outer loop
      vertex 47.0037 -2.01089 3.2
      vertex 46.5103 -1.84192 3.2
      vertex 46.927 -2.08083 3.2
    endloop
  endfacet
  facet normal 0 0 1
    outer loop
      vertex 47.0886 -1.95172 3.2
      vertex 46.5103 -1.84192 3.2
      vertex 47.0037 -2.01089 3.2
    endloop
  endfacet
  facet normal 0 0 1
    outer loop
      vertex 47.1819 -1.90331 3.2
      vertex 46.5103 -1.84192 3.2
      vertex 47.0886 -1.95172 3.2
    endloop
  endfacet
  facet normal 0 0 1
    outer loop
      vertex 47.2834 -1.86566 3.2
      vertex 46.5103 -1.84192 3.2
      vertex 47.1819 -1.90331 3.2
    endloop
  endfacet
  facet normal 0 0 1
    outer loop
      vertex 46.474 -1.82896 3.2
      vertex 47.2834 -1.86566 3.2
      vertex 47.3932 -1.83876 3.2
    endloop
  endfacet
  facet normal -0 -0 1
    outer loop
      vertex 46.4083 -1.81763 3.2
      vertex 47.5112 -1.82262 3.2
      vertex 43.946 -1.14371 3.2
    endloop
  endfacet
  facet normal 0 0 1
    outer loop
      vertex 47.2834 -1.86566 3.2
      vertex 46.4929 -1.8349 3.2
      vertex 46.5103 -1.84192 3.2
    endloop
  endfacet
  facet normal 0 0 1
    outer loop
      vertex 47.2834 -1.86566 3.2
      vertex 46.474 -1.82896 3.2
      vertex 46.4929 -1.8349 3.2
    endloop
  endfacet
  facet normal 0 0 1
    outer loop
      vertex 47.3932 -1.83876 3.2
      vertex 46.4536 -1.82411 3.2
      vertex 46.474 -1.82896 3.2
    endloop
  endfacet
  facet normal 0 0 1
    outer loop
      vertex 47.3932 -1.83876 3.2
      vertex 46.4317 -1.82033 3.2
      vertex 46.4536 -1.82411 3.2
    endloop
  endfacet
  facet normal 0 0 1
    outer loop
      vertex 47.5112 -1.82262 3.2
      vertex 46.4317 -1.82033 3.2
      vertex 47.3932 -1.83876 3.2
    endloop
  endfacet
  facet normal -0 -0 1
    outer loop
      vertex 46.4317 -1.82033 3.2
      vertex 47.5112 -1.82262 3.2
      vertex 46.4083 -1.81763 3.2
    endloop
  endfacet
  facet normal 0 0 1
    outer loop
      vertex 46.4083 -1.81763 3.2
      vertex 43.946 -1.14371 3.2
      vertex 46.3833 -1.81601 3.2
    endloop
  endfacet
  facet normal 0 0 1
    outer loop
      vertex 46.3833 -1.81601 3.2
      vertex 43.946 -1.14371 3.2
      vertex 46.3569 -1.81548 3.2
    endloop
  endfacet
  facet normal 0 0 1
    outer loop
      vertex 46.3569 -1.81548 3.2
      vertex 43.946 -1.14371 3.2
      vertex 46.3244 -1.81628 3.2
    endloop
  endfacet
  facet normal 0 0 1
    outer loop
      vertex 46.3244 -1.81628 3.2
      vertex 43.946 -1.14371 3.2
      vertex 46.2935 -1.81871 3.2
    endloop
  endfacet
  facet normal -0 0 1
    outer loop
      vertex 45.893 -2.24246 3.2
      vertex 45.9002 -2.25978 3.2
      vertex 45.9205 -2.20479 3.2
    endloop
  endfacet
  facet normal -0 0 1
    outer loop
      vertex 45.8903 -2.16391 3.2
      vertex 45.9205 -2.20479 3.2
      vertex 45.9402 -2.15465 3.2
    endloop
  endfacet
  facet normal -0 0 1
    outer loop
      vertex 45.8887 -2.12889 3.2
      vertex 45.9402 -2.15465 3.2
      vertex 45.9593 -2.10936 3.2
    endloop
  endfacet
  facet normal 0 0 1
    outer loop
      vertex 45.9002 -2.25978 3.2
      vertex 45.893 -2.24246 3.2
      vertex 45.8932 -2.25978 3.2
    endloop
  endfacet
  facet normal -0 0 1
    outer loop
      vertex 45.8867 -2.08943 3.2
      vertex 45.9593 -2.10936 3.2
      vertex 45.9777 -2.06894 3.2
    endloop
  endfacet
  facet normal 0 0 1
    outer loop
      vertex 45.9205 -2.20479 3.2
      vertex 45.8925 -2.2207 3.2
      vertex 45.893 -2.24246 3.2
    endloop
  endfacet
  facet normal -0 0 1
    outer loop
      vertex 45.8844 -2.04555 3.2
      vertex 45.9777 -2.06894 3.2
      vertex 45.9954 -2.03337 3.2
    endloop
  endfacet
  facet normal 0 0 1
    outer loop
      vertex 45.9205 -2.20479 3.2
      vertex 45.8916 -2.19452 3.2
      vertex 45.8925 -2.2207 3.2
    endloop
  endfacet
  facet normal 0 0 1
    outer loop
      vertex 45.8819 -2.00209 3.2
      vertex 45.9954 -2.03337 3.2
      vertex 46.0125 -2.00266 3.2
    endloop
  endfacet
  facet normal 0 0 1
    outer loop
      vertex 45.9205 -2.20479 3.2
      vertex 45.8903 -2.16391 3.2
      vertex 45.8916 -2.19452 3.2
    endloop
  endfacet
  facet normal 0 0 1
    outer loop
      vertex 45.8796 -1.96394 3.2
      vertex 46.0125 -2.00266 3.2
      vertex 46.0289 -1.97681 3.2
    endloop
  endfacet
  facet normal 0 0 1
    outer loop
      vertex 45.8774 -1.93108 3.2
      vertex 46.0289 -1.97681 3.2
      vertex 46.0455 -1.95424 3.2
    endloop
  endfacet
  facet normal 0 0 1
    outer loop
      vertex 45.9402 -2.15465 3.2
      vertex 45.8887 -2.12889 3.2
      vertex 45.8903 -2.16391 3.2
    endloop
  endfacet
  facet normal 0 0 1
    outer loop
      vertex 45.8736 -1.88121 3.2
      vertex 46.0455 -1.95424 3.2
      vertex 46.0629 -1.9334 3.2
    endloop
  endfacet
  facet normal 0 0 1
    outer loop
      vertex 45.9593 -2.10936 3.2
      vertex 45.8867 -2.08943 3.2
      vertex 45.8887 -2.12889 3.2
    endloop
  endfacet
  facet normal 0 0 1
    outer loop
      vertex 45.8718 -1.86421 3.2
      vertex 46.0629 -1.9334 3.2
      vertex 46.0812 -1.91429 3.2
    endloop
  endfacet
  facet normal 0 0 1
    outer loop
      vertex 45.8702 -1.85249 3.2
      vertex 46.0812 -1.91429 3.2
      vertex 46.1003 -1.89691 3.2
    endloop
  endfacet
  facet normal 0 0 1
    outer loop
      vertex 45.9777 -2.06894 3.2
      vertex 45.8844 -2.04555 3.2
      vertex 45.8867 -2.08943 3.2
    endloop
  endfacet
  facet normal 0 0 1
    outer loop
      vertex 45.8702 -1.85249 3.2
      vertex 46.1003 -1.89691 3.2
      vertex 46.1203 -1.88127 3.2
    endloop
  endfacet
  facet normal 0 0 1
    outer loop
      vertex 45.9954 -2.03337 3.2
      vertex 45.8819 -2.00209 3.2
      vertex 45.8844 -2.04555 3.2
    endloop
  endfacet
  facet normal 0 0 1
    outer loop
      vertex 45.8702 -1.85249 3.2
      vertex 46.1203 -1.88127 3.2
      vertex 46.1412 -1.86734 3.2
    endloop
  endfacet
  facet normal 0 0 1
    outer loop
      vertex 45.8702 -1.85249 3.2
      vertex 46.1412 -1.86734 3.2
      vertex 46.1629 -1.85515 3.2
    endloop
  endfacet
  facet normal 0 0 1
    outer loop
      vertex 46.0125 -2.00266 3.2
      vertex 45.8796 -1.96394 3.2
      vertex 45.8819 -2.00209 3.2
    endloop
  endfacet
  facet normal -0 0 1
    outer loop
      vertex 45.8702 -1.85249 3.2
      vertex 46.1629 -1.85515 3.2
      vertex 46.1859 -1.84462 3.2
    endloop
  endfacet
  facet normal 0 0 1
    outer loop
      vertex 46.0289 -1.97681 3.2
      vertex 45.8774 -1.93108 3.2
      vertex 45.8796 -1.96394 3.2
    endloop
  endfacet
  facet normal 0 0 1
    outer loop
      vertex 45.8702 -1.85249 3.2
      vertex 46.1859 -1.84462 3.2
      vertex 46.2104 -1.83571 3.2
    endloop
  endfacet
  facet normal 0 0 1
    outer loop
      vertex 46.0455 -1.95424 3.2
      vertex 45.8754 -1.90349 3.2
      vertex 45.8774 -1.93108 3.2
    endloop
  endfacet
  facet normal 0 0 1
    outer loop
      vertex 45.8702 -1.85249 3.2
      vertex 46.2104 -1.83571 3.2
      vertex 46.2365 -1.82843 3.2
    endloop
  endfacet
  facet normal 0 0 1
    outer loop
      vertex 46.0455 -1.95424 3.2
      vertex 45.8736 -1.88121 3.2
      vertex 45.8754 -1.90349 3.2
    endloop
  endfacet
  facet normal 0 0 1
    outer loop
      vertex 45.8702 -1.85249 3.2
      vertex 46.2365 -1.82843 3.2
      vertex 46.2643 -1.82275 3.2
    endloop
  endfacet
  facet normal 0 0 1
    outer loop
      vertex 46.0629 -1.9334 3.2
      vertex 45.8718 -1.86421 3.2
      vertex 45.8736 -1.88121 3.2
    endloop
  endfacet
  facet normal 0 0 1
    outer loop
      vertex 46.2935 -1.81871 3.2
      vertex 43.946 -1.14371 3.2
      vertex 46.2643 -1.82275 3.2
    endloop
  endfacet
  facet normal 0 0 1
    outer loop
      vertex 46.0812 -1.91429 3.2
      vertex 45.8702 -1.85249 3.2
      vertex 45.8718 -1.86421 3.2
    endloop
  endfacet
  facet normal 0 0 1
    outer loop
      vertex 46.2643 -1.82275 3.2
      vertex 43.946 -1.14371 3.2
      vertex 45.8702 -1.85249 3.2
    endloop
  endfacet
  facet normal 0 0 1
    outer loop
      vertex 45.8702 -1.85249 3.2
      vertex 43.946 -1.14371 3.2
      vertex 45.3977 -1.85249 3.2
    endloop
  endfacet
  facet normal 0 0 1
    outer loop
      vertex 45.3977 -1.85249 3.2
      vertex 43.946 -1.14371 3.2
      vertex 45.1591 -1.85249 3.2
    endloop
  endfacet
  facet normal 0 0 1
    outer loop
      vertex 45.1591 -1.85249 3.2
      vertex 43.946 -1.14371 3.2
      vertex 44.6266 -1.85249 3.2
    endloop
  endfacet
  facet normal 0 0 1
    outer loop
      vertex 93.8 0.2 3.2
      vertex 43.946 -1.14371 3.2
      vertex 51.0924 -1.14371 3.2
    endloop
  endfacet
  facet normal 0 0 1
    outer loop
      vertex 93.8 0.2 3.2
      vertex 43.4506 -1.14371 3.2
      vertex 43.946 -1.14371 3.2
    endloop
  endfacet
  facet normal 0 0 1
    outer loop
      vertex 43.4506 -1.14371 3.2
      vertex 5.5 -3.60001 3.2
      vertex 43.4506 -3.60001 3.2
    endloop
  endfacet
  facet normal 0 0 1
    outer loop
      vertex 2.2 0.2 3.2
      vertex 5.5 -3.60001 3.2
      vertex 43.4506 -1.14371 3.2
    endloop
  endfacet
  facet normal 0 0 1
    outer loop
      vertex 5.5 -3.60001 3.2
      vertex 2.2 0.2 3.2
      vertex 4.31221 -3.52215 3.2
    endloop
  endfacet
  facet normal -0 0 1
    outer loop
      vertex 2.2 0.2 3.2
      vertex 43.4506 -1.14371 3.2
      vertex 93.8 0.2 3.2
    endloop
  endfacet
  facet normal 0 0 1
    outer loop
      vertex 4.31221 -3.52215 3.2
      vertex 2.2 0.2 3.2
      vertex 3.14474 -3.28993 3.2
    endloop
  endfacet
  facet normal 0 0 1
    outer loop
      vertex 2.2 0.2 3.2
      vertex 2.01758 -2.9073 3.2
      vertex 3.14474 -3.28993 3.2
    endloop
  endfacet
  facet normal 0 0 1
    outer loop
      vertex 0.949997 -2.38083 3.2
      vertex 2.2 0.2 3.2
      vertex 1.93895 0.217105 3.2
    endloop
  endfacet
  facet normal 0 0 1
    outer loop
      vertex 0.949997 -2.38083 3.2
      vertex 1.93895 0.217105 3.2
      vertex 1.68236 0.268146 3.2
    endloop
  endfacet
  facet normal 0 0 1
    outer loop
      vertex -0.0397329 -1.71951 3.2
      vertex 1.68236 0.268146 3.2
      vertex 1.43463 0.352237 3.2
    endloop
  endfacet
  facet normal 0 0 1
    outer loop
      vertex -0.0397329 -1.71951 3.2
      vertex 1.43463 0.352237 3.2
      vertex 1.2 0.467944 3.2
    endloop
  endfacet
  facet normal 0 0 1
    outer loop
      vertex -0.0397329 -1.71951 3.2
      vertex 1.2 0.467944 3.2
      vertex 0.982471 0.613299 3.2
    endloop
  endfacet
  facet normal 0 0 1
    outer loop
      vertex 2.2 0.2 3.2
      vertex 0.949997 -2.38083 3.2
      vertex 2.01758 -2.9073 3.2
    endloop
  endfacet
  facet normal 0 0 1
    outer loop
      vertex -0.934676 -0.934676 3.2
      vertex 0.982471 0.613299 3.2
      vertex 0.785785 0.785785 3.2
    endloop
  endfacet
  facet normal 0 0 1
    outer loop
      vertex -0.934676 -0.934676 3.2
      vertex 0.785785 0.785785 3.2
      vertex 0.613299 0.982471 3.2
    endloop
  endfacet
  facet normal 0 0 1
    outer loop
      vertex -1.71951 -0.0397329 3.2
      vertex 0.613299 0.982471 3.2
      vertex 0.467944 1.2 3.2
    endloop
  endfacet
  facet normal 0 0 1
    outer loop
      vertex -1.71951 -0.0397329 3.2
      vertex 0.467944 1.2 3.2
      vertex 0.352237 1.43463 3.2
    endloop
  endfacet
  facet normal 0 0 1
    outer loop
      vertex -1.71951 -0.0397329 3.2
      vertex 0.352237 1.43463 3.2
      vertex 0.268146 1.68236 3.2
    endloop
  endfacet
  facet normal 0 0 1
    outer loop
      vertex -2.38083 0.949997 3.2
      vertex 0.268146 1.68236 3.2
      vertex 0.217105 1.93895 3.2
    endloop
  endfacet
  facet normal 0 0 1
    outer loop
      vertex 1.68236 0.268146 3.2
      vertex -0.0397329 -1.71951 3.2
      vertex 0.949997 -2.38083 3.2
    endloop
  endfacet
  facet normal 0 0 1
    outer loop
      vertex -2.38083 0.949997 3.2
      vertex 0.217105 1.93895 3.2
      vertex 0.2 2.2 3.2
    endloop
  endfacet
  facet normal 0 0 1
    outer loop
      vertex 0.2 125.8 3.2
      vertex -3.60001 122.5 3.2
      vertex 0.2 2.2 3.2
    endloop
  endfacet
  facet normal 0 0 1
    outer loop
      vertex 0.268146 126.318 3.2
      vertex -2.38083 127.05 3.2
      vertex 0.217105 126.061 3.2
    endloop
  endfacet
  facet normal -0 0 1
    outer loop
      vertex -3.60001 5.5 3.2
      vertex 0.2 2.2 3.2
      vertex -3.60001 122.5 3.2
    endloop
  endfacet
  facet normal 0 0 1
    outer loop
      vertex 0.217105 126.061 3.2
      vertex -2.38083 127.05 3.2
      vertex 0.2 125.8 3.2
    endloop
  endfacet
  facet normal -0 -0 1
    outer loop
      vertex -3.52215 4.31221 3.2
      vertex 0.2 2.2 3.2
      vertex -3.60001 5.5 3.2
    endloop
  endfacet
  facet normal -0 0 1
    outer loop
      vertex -2.9073 125.982 3.2
      vertex 0.2 125.8 3.2
      vertex -2.38083 127.05 3.2
    endloop
  endfacet
  facet normal 0 0 1
    outer loop
      vertex 0.982471 0.613299 3.2
      vertex -0.934676 -0.934676 3.2
      vertex -0.0397329 -1.71951 3.2
    endloop
  endfacet
  facet normal 0 0 1
    outer loop
      vertex -3.28993 124.855 3.2
      vertex 0.2 125.8 3.2
      vertex -2.9073 125.982 3.2
    endloop
  endfacet
  facet normal 0 0 1
    outer loop
      vertex 0.613299 0.982471 3.2
      vertex -1.71951 -0.0397329 3.2
      vertex -0.934676 -0.934676 3.2
    endloop
  endfacet
  facet normal 0 0 1
    outer loop
      vertex -3.52215 123.688 3.2
      vertex 0.2 125.8 3.2
      vertex -3.28993 124.855 3.2
    endloop
  endfacet
  facet normal 0 0 1
    outer loop
      vertex 0.268146 1.68236 3.2
      vertex -2.38083 0.949997 3.2
      vertex -1.71951 -0.0397329 3.2
    endloop
  endfacet
  facet normal 0 0 1
    outer loop
      vertex 0.2 125.8 3.2
      vertex -3.52215 123.688 3.2
      vertex -3.60001 122.5 3.2
    endloop
  endfacet
  facet normal 0 0 1
    outer loop
      vertex 0.2 2.2 3.2
      vertex -2.9073 2.01758 3.2
      vertex -2.38083 0.949997 3.2
    endloop
  endfacet
  facet normal 0 0 1
    outer loop
      vertex 0.2 2.2 3.2
      vertex -3.28993 3.14474 3.2
      vertex -2.9073 2.01758 3.2
    endloop
  endfacet
  facet normal 0 0 1
    outer loop
      vertex 0.2 2.2 3.2
      vertex -3.52215 4.31221 3.2
      vertex -3.28993 3.14474 3.2
    endloop
  endfacet
  facet normal 0 0 1
    outer loop
      vertex 52.8009 -1.85249 3.2
      vertex 52.7528 -3.60001 3.2
      vertex 90.5 -3.60001 3.2
    endloop
  endfacet
  facet normal 0 -0 1
    outer loop
      vertex 52.7528 -3.60001 3.2
      vertex 52.8009 -1.85249 3.2
      vertex 52.1309 -2.59653 3.2
    endloop
  endfacet
  facet normal 0 0 1
    outer loop
      vertex 52.2684 -1.85249 3.2
      vertex 51.5879 -1.14371 3.2
      vertex 51.5879 -2.64236 3.2
    endloop
  endfacet
  facet normal 0 0 1
    outer loop
      vertex 51.0924 -3.60001 3.2
      vertex 50.6679 -2.54892 3.2
      vertex 50.6679 -3.60001 3.2
    endloop
  endfacet
  facet normal 0 0 1
    outer loop
      vertex 48.5916 -2.67261 3.2
      vertex 48.9383 -2.27916 3.2
      vertex 48.9382 -2.23647 3.2
    endloop
  endfacet
  facet normal 0 0 1
    outer loop
      vertex 48.5916 -2.67261 3.2
      vertex 48.9382 -2.23647 3.2
      vertex 48.9379 -2.19604 3.2
    endloop
  endfacet
  facet normal 0 0 1
    outer loop
      vertex 48.5916 -2.67261 3.2
      vertex 48.9379 -2.19604 3.2
      vertex 48.9375 -2.1579 3.2
    endloop
  endfacet
  facet normal 0 0 1
    outer loop
      vertex 48.5916 -2.67261 3.2
      vertex 48.9375 -2.1579 3.2
      vertex 48.9369 -2.12201 3.2
    endloop
  endfacet
  facet normal 0 0 1
    outer loop
      vertex 48.5916 -2.67261 3.2
      vertex 48.9369 -2.12201 3.2
      vertex 48.936 -2.08838 3.2
    endloop
  endfacet
  facet normal 0 0 1
    outer loop
      vertex 48.5916 -2.67261 3.2
      vertex 48.936 -2.08838 3.2
      vertex 48.935 -2.05704 3.2
    endloop
  endfacet
  facet normal 0 0 1
    outer loop
      vertex 48.5916 -2.67261 3.2
      vertex 48.935 -2.05704 3.2
      vertex 48.9339 -2.02794 3.2
    endloop
  endfacet
  facet normal 0 0 1
    outer loop
      vertex 48.5916 -2.67261 3.2
      vertex 48.9339 -2.02794 3.2
      vertex 48.9326 -2.0004 3.2
    endloop
  endfacet
  facet normal 0 0 1
    outer loop
      vertex 48.5916 -2.67261 3.2
      vertex 48.9326 -2.0004 3.2
      vertex 48.9313 -1.97368 3.2
    endloop
  endfacet
  facet normal 0 0 1
    outer loop
      vertex 48.5916 -2.67261 3.2
      vertex 48.9313 -1.97368 3.2
      vertex 48.9299 -1.94778 3.2
    endloop
  endfacet
  facet normal 0 0 1
    outer loop
      vertex 48.5916 -2.67261 3.2
      vertex 48.9299 -1.94778 3.2
      vertex 48.9286 -1.92273 3.2
    endloop
  endfacet
  facet normal 0 0 1
    outer loop
      vertex 48.5916 -2.67261 3.2
      vertex 48.9286 -1.92273 3.2
      vertex 48.9272 -1.89848 3.2
    endloop
  endfacet
  facet normal 0 0 1
    outer loop
      vertex 48.5916 -2.67261 3.2
      vertex 48.9272 -1.89848 3.2
      vertex 48.9257 -1.87508 3.2
    endloop
  endfacet
  facet normal 0 0 1
    outer loop
      vertex 48.3507 -2.07202 3.2
      vertex 48.9257 -1.87508 3.2
      vertex 48.9242 -1.85249 3.2
    endloop
  endfacet
  facet normal 0 0 1
    outer loop
      vertex 48.9383 -2.27916 3.2
      vertex 48.5967 -2.80458 3.2
      vertex 48.5914 -2.93297 3.2
    endloop
  endfacet
  facet normal 0 0 1
    outer loop
      vertex 48.9383 -2.27916 3.2
      vertex 48.5914 -2.93297 3.2
      vertex 48.9383 -3.60001 3.2
    endloop
  endfacet
  facet normal -0 0 1
    outer loop
      vertex 48.5757 -3.05321 3.2
      vertex 48.9383 -3.60001 3.2
      vertex 48.5914 -2.93297 3.2
    endloop
  endfacet
  facet normal -0 0 1
    outer loop
      vertex 48.5494 -3.16527 3.2
      vertex 48.9383 -3.60001 3.2
      vertex 48.5757 -3.05321 3.2
    endloop
  endfacet
  facet normal -0 0 1
    outer loop
      vertex 48.5126 -3.26917 3.2
      vertex 48.9383 -3.60001 3.2
      vertex 48.5494 -3.16527 3.2
    endloop
  endfacet
  facet normal -0 0 1
    outer loop
      vertex 48.4653 -3.3649 3.2
      vertex 48.9383 -3.60001 3.2
      vertex 48.5126 -3.26917 3.2
    endloop
  endfacet
  facet normal -0 0 1
    outer loop
      vertex 48.4075 -3.45245 3.2
      vertex 48.9383 -3.60001 3.2
      vertex 48.4653 -3.3649 3.2
    endloop
  endfacet
  facet normal -0 0 1
    outer loop
      vertex 48.3392 -3.53185 3.2
      vertex 48.9383 -3.60001 3.2
      vertex 48.4075 -3.45245 3.2
    endloop
  endfacet
  facet normal 0 0 1
    outer loop
      vertex 48.9383 -3.60001 3.2
      vertex 48.3392 -3.53185 3.2
      vertex 48.2636 -3.60001 3.2
    endloop
  endfacet
  facet normal 0 0 1
    outer loop
      vertex 46.444 -2.2433 3.2
      vertex 46.6938 -2.55766 3.2
      vertex 46.4766 -2.24924 3.2
    endloop
  endfacet
  facet normal 0 0 1
    outer loop
      vertex 46.4127 -2.23845 3.2
      vertex 46.6938 -2.55766 3.2
      vertex 46.444 -2.2433 3.2
    endloop
  endfacet
  facet normal 0 0 1
    outer loop
      vertex 46.6938 -2.55766 3.2
      vertex 46.4127 -2.23845 3.2
      vertex 46.6783 -2.67711 3.2
    endloop
  endfacet
  facet normal 0 0 1
    outer loop
      vertex 46.3824 -2.23466 3.2
      vertex 46.6783 -2.67711 3.2
      vertex 46.4127 -2.23845 3.2
    endloop
  endfacet
  facet normal 0 0 1
    outer loop
      vertex 45.9073 -2.82397 3.2
      vertex 46.6731 -2.80458 3.2
      vertex 45.9094 -2.7428 3.2
    endloop
  endfacet
  facet normal 0 0 1
    outer loop
      vertex 46.3534 -2.23196 3.2
      vertex 46.6783 -2.67711 3.2
      vertex 46.3824 -2.23466 3.2
    endloop
  endfacet
  facet normal 0 0 1
    outer loop
      vertex 46.6783 -2.67711 3.2
      vertex 45.9157 -2.66751 3.2
      vertex 46.6731 -2.80458 3.2
    endloop
  endfacet
  facet normal 0 0 1
    outer loop
      vertex 46.3255 -2.23035 3.2
      vertex 46.6783 -2.67711 3.2
      vertex 46.3534 -2.23196 3.2
    endloop
  endfacet
  facet normal 0 0 1
    outer loop
      vertex 46.6783 -2.93253 3.2
      vertex 45.9073 -2.82397 3.2
      vertex 46.6938 -3.05241 3.2
    endloop
  endfacet
  facet normal -0 0 1
    outer loop
      vertex 45.941 -2.53467 3.2
      vertex 46.6783 -2.67711 3.2
      vertex 45.9599 -2.47711 3.2
    endloop
  endfacet
  facet normal 0 0 1
    outer loop
      vertex 46.6783 -2.67711 3.2
      vertex 46.3255 -2.23035 3.2
      vertex 45.9599 -2.47711 3.2
    endloop
  endfacet
  facet normal 0 0 1
    outer loop
      vertex 45.9831 -2.42545 3.2
      vertex 46.3255 -2.23035 3.2
      vertex 46.2987 -2.22981 3.2
    endloop
  endfacet
  facet normal 0 0 1
    outer loop
      vertex 46.0104 -2.37967 3.2
      vertex 46.2987 -2.22981 3.2
      vertex 46.2475 -2.23286 3.2
    endloop
  endfacet
  facet normal 0 0 1
    outer loop
      vertex 45.9073 -3.60001 3.2
      vertex 46.6938 -3.05241 3.2
      vertex 45.9073 -2.82397 3.2
    endloop
  endfacet
  facet normal 0 0 1
    outer loop
      vertex 46.0416 -2.33992 3.2
      vertex 46.2475 -2.23286 3.2
      vertex 46.1996 -2.24205 3.2
    endloop
  endfacet
  facet normal 0 0 1
    outer loop
      vertex 46.0416 -2.33992 3.2
      vertex 46.1996 -2.24205 3.2
      vertex 46.1551 -2.25734 3.2
    endloop
  endfacet
  facet normal 0 0 1
    outer loop
      vertex 46.0416 -2.33992 3.2
      vertex 46.1551 -2.25734 3.2
      vertex 46.1139 -2.27875 3.2
    endloop
  endfacet
  facet normal 0 0 1
    outer loop
      vertex 46.0416 -2.33992 3.2
      vertex 46.1139 -2.27875 3.2
      vertex 46.0761 -2.30627 3.2
    endloop
  endfacet
  facet normal 0 0 1
    outer loop
      vertex 46.6731 -2.80458 3.2
      vertex 45.9073 -2.82397 3.2
      vertex 46.6783 -2.93253 3.2
    endloop
  endfacet
  facet normal 0 0 1
    outer loop
      vertex 46.2475 -2.23286 3.2
      vertex 46.0416 -2.33992 3.2
      vertex 46.0104 -2.37967 3.2
    endloop
  endfacet
  facet normal 0 0 1
    outer loop
      vertex 46.2987 -2.22981 3.2
      vertex 46.0104 -2.37967 3.2
      vertex 45.9831 -2.42545 3.2
    endloop
  endfacet
  facet normal 0 0 1
    outer loop
      vertex 46.3255 -2.23035 3.2
      vertex 45.9831 -2.42545 3.2
      vertex 45.9599 -2.47711 3.2
    endloop
  endfacet
  facet normal -0 0 1
    outer loop
      vertex 45.9094 -2.7428 3.2
      vertex 46.6731 -2.80458 3.2
      vertex 45.9157 -2.66751 3.2
    endloop
  endfacet
  facet normal -0 0 1
    outer loop
      vertex 45.9262 -2.59814 3.2
      vertex 46.6783 -2.67711 3.2
      vertex 45.941 -2.53467 3.2
    endloop
  endfacet
  facet normal -0 0 1
    outer loop
      vertex 45.9157 -2.66751 3.2
      vertex 46.6783 -2.67711 3.2
      vertex 45.9262 -2.59814 3.2
    endloop
  endfacet
  facet normal 0 0 1
    outer loop
      vertex 46.6938 -3.05241 3.2
      vertex 45.9073 -3.60001 3.2
      vertex 46.7198 -3.16425 3.2
    endloop
  endfacet
  facet normal 0 0 1
    outer loop
      vertex 46.7198 -3.16425 3.2
      vertex 45.9073 -3.60001 3.2
      vertex 46.756 -3.26801 3.2
    endloop
  endfacet
  facet normal 0 0 1
    outer loop
      vertex 46.756 -3.26801 3.2
      vertex 45.9073 -3.60001 3.2
      vertex 46.8027 -3.36372 3.2
    endloop
  endfacet
  facet normal 0 0 1
    outer loop
      vertex 46.8027 -3.36372 3.2
      vertex 45.9073 -3.60001 3.2
      vertex 46.8596 -3.45137 3.2
    endloop
  endfacet
  facet normal 0 0 1
    outer loop
      vertex 46.8596 -3.45137 3.2
      vertex 45.9073 -3.60001 3.2
      vertex 46.927 -3.53096 3.2
    endloop
  endfacet
  facet normal 0 0 1
    outer loop
      vertex 46.927 -3.53096 3.2
      vertex 45.9073 -3.60001 3.2
      vertex 47.0022 -3.60001 3.2
    endloop
  endfacet
  facet normal 0 0 1
    outer loop
      vertex 45.1591 -1.85249 3.2
      vertex 45.4118 -2.30032 3.2
      vertex 45.4117 -2.25655 3.2
    endloop
  endfacet
  facet normal 0 0 1
    outer loop
      vertex 45.1591 -1.85249 3.2
      vertex 45.4117 -2.25655 3.2
      vertex 45.4115 -2.2149 3.2
    endloop
  endfacet
  facet normal 0 0 1
    outer loop
      vertex 45.1591 -1.85249 3.2
      vertex 45.4115 -2.2149 3.2
      vertex 45.411 -2.17538 3.2
    endloop
  endfacet
  facet normal 0 0 1
    outer loop
      vertex 45.1591 -1.85249 3.2
      vertex 45.411 -2.17538 3.2
      vertex 45.4104 -2.13797 3.2
    endloop
  endfacet
  facet normal 0 0 1
    outer loop
      vertex 45.1591 -1.85249 3.2
      vertex 45.4104 -2.13797 3.2
      vertex 45.4096 -2.10269 3.2
    endloop
  endfacet
  facet normal 0 0 1
    outer loop
      vertex 45.1591 -1.85249 3.2
      vertex 45.4096 -2.10269 3.2
      vertex 45.4086 -2.06953 3.2
    endloop
  endfacet
  facet normal 0 0 1
    outer loop
      vertex 45.1591 -1.85249 3.2
      vertex 45.4086 -2.06953 3.2
      vertex 45.4074 -2.0385 3.2
    endloop
  endfacet
  facet normal 0 0 1
    outer loop
      vertex 45.1591 -1.85249 3.2
      vertex 45.4074 -2.0385 3.2
      vertex 45.4061 -2.00902 3.2
    endloop
  endfacet
  facet normal 0 0 1
    outer loop
      vertex 45.1591 -1.85249 3.2
      vertex 45.4061 -2.00902 3.2
      vertex 45.4048 -1.9805 3.2
    endloop
  endfacet
  facet normal 0 0 1
    outer loop
      vertex 45.1591 -1.85249 3.2
      vertex 45.4048 -1.9805 3.2
      vertex 45.4035 -1.95296 3.2
    endloop
  endfacet
  facet normal 0 0 1
    outer loop
      vertex 45.1591 -1.85249 3.2
      vertex 45.4035 -1.95296 3.2
      vertex 45.4021 -1.92638 3.2
    endloop
  endfacet
  facet normal 0 0 1
    outer loop
      vertex 45.1591 -1.85249 3.2
      vertex 45.4021 -1.92638 3.2
      vertex 45.4007 -1.90079 3.2
    endloop
  endfacet
  facet normal 0 0 1
    outer loop
      vertex 45.1591 -1.85249 3.2
      vertex 45.4007 -1.90079 3.2
      vertex 45.3992 -1.87616 3.2
    endloop
  endfacet
  facet normal -0 0 1
    outer loop
      vertex 45.1591 -1.85249 3.2
      vertex 45.3992 -1.87616 3.2
      vertex 45.3977 -1.85249 3.2
    endloop
  endfacet
  facet normal 0 0 1
    outer loop
      vertex 45.4118 -2.30032 3.2
      vertex 45.1591 -1.85249 3.2
      vertex 44.4891 -2.59653 3.2
    endloop
  endfacet
  facet normal 0 0 1
    outer loop
      vertex 45.4118 -2.30032 3.2
      vertex 44.4891 -2.59653 3.2
      vertex 45.1109 -3.60001 3.2
    endloop
  endfacet
  facet normal 0 0 1
    outer loop
      vertex 45.4118 -2.30032 3.2
      vertex 45.1109 -3.60001 3.2
      vertex 45.4118 -3.60001 3.2
    endloop
  endfacet
  facet normal 0 0 1
    outer loop
      vertex 44.6266 -1.85249 3.2
      vertex 43.946 -1.14371 3.2
      vertex 43.946 -2.64236 3.2
    endloop
  endfacet
  facet normal -0 0 1
    outer loop
      vertex 43.946 -3.04434 3.2
      vertex 44.5744 -3.60001 3.2
      vertex 44.1594 -2.89626 3.2
    endloop
  endfacet
  facet normal 0 0 1
    outer loop
      vertex 44.5744 -3.60001 3.2
      vertex 43.946 -3.04434 3.2
      vertex 43.946 -3.60001 3.2
    endloop
  endfacet
  facet normal -0 0 1
    outer loop
      vertex 49.4427 -2.60666 3.2
      vertex 50.1743 -2.68997 3.2
      vertex 50.1673 -2.55666 3.2
    endloop
  endfacet
  facet normal 0 0 1
    outer loop
      vertex 49.5147 -2.38762 3.2
      vertex 50.1673 -2.55666 3.2
      vertex 50.1465 -2.44386 3.2
    endloop
  endfacet
  facet normal 0 0 1
    outer loop
      vertex 49.784 -2.19063 3.2
      vertex 50.1465 -2.44386 3.2
      vertex 50.1118 -2.35156 3.2
    endloop
  endfacet
  facet normal 0 0 1
    outer loop
      vertex 49.9243 -2.19774 3.2
      vertex 50.1118 -2.35156 3.2
      vertex 50.0631 -2.27977 3.2
    endloop
  endfacet
  facet normal 0 0 1
    outer loop
      vertex 49.9243 -2.19774 3.2
      vertex 50.0631 -2.27977 3.2
      vertex 50.0006 -2.2285 3.2
    endloop
  endfacet
  facet normal 0 0 1
    outer loop
      vertex 50.1118 -2.35156 3.2
      vertex 49.9243 -2.19774 3.2
      vertex 49.834 -2.18748 3.2
    endloop
  endfacet
  facet normal -0 0 1
    outer loop
      vertex 49.784 -2.19063 3.2
      vertex 50.1118 -2.35156 3.2
      vertex 49.834 -2.18748 3.2
    endloop
  endfacet
  facet normal 0 0 1
    outer loop
      vertex 50.1465 -2.44386 3.2
      vertex 49.784 -2.19063 3.2
      vertex 49.5768 -2.30083 3.2
    endloop
  endfacet
  facet normal 0 0 1
    outer loop
      vertex 49.5768 -2.30083 3.2
      vertex 49.784 -2.19063 3.2
      vertex 49.7369 -2.20007 3.2
    endloop
  endfacet
  facet normal 0 0 1
    outer loop
      vertex 49.5768 -2.30083 3.2
      vertex 49.7369 -2.20007 3.2
      vertex 49.6926 -2.21582 3.2
    endloop
  endfacet
  facet normal 0 0 1
    outer loop
      vertex 49.5768 -2.30083 3.2
      vertex 49.6926 -2.21582 3.2
      vertex 49.6512 -2.23785 3.2
    endloop
  endfacet
  facet normal 0 0 1
    outer loop
      vertex 49.5768 -2.30083 3.2
      vertex 49.6512 -2.23785 3.2
      vertex 49.6126 -2.2662 3.2
    endloop
  endfacet
  facet normal 0 0 1
    outer loop
      vertex 50.1465 -2.44386 3.2
      vertex 49.5768 -2.30083 3.2
      vertex 49.5439 -2.34177 3.2
    endloop
  endfacet
  facet normal 0 0 1
    outer loop
      vertex 50.1465 -2.44386 3.2
      vertex 49.5439 -2.34177 3.2
      vertex 49.5147 -2.38762 3.2
    endloop
  endfacet
  facet normal 0 0 1
    outer loop
      vertex 50.1673 -2.55666 3.2
      vertex 49.5147 -2.38762 3.2
      vertex 49.49 -2.43704 3.2
    endloop
  endfacet
  facet normal 0 0 1
    outer loop
      vertex 50.1673 -2.55666 3.2
      vertex 49.49 -2.43704 3.2
      vertex 49.4697 -2.49002 3.2
    endloop
  endfacet
  facet normal 0 0 1
    outer loop
      vertex 50.1673 -2.55666 3.2
      vertex 49.4697 -2.49002 3.2
      vertex 49.454 -2.54655 3.2
    endloop
  endfacet
  facet normal 0 0 1
    outer loop
      vertex 50.1673 -2.55666 3.2
      vertex 49.454 -2.54655 3.2
      vertex 49.4427 -2.60666 3.2
    endloop
  endfacet
  facet normal 0 0 1
    outer loop
      vertex 50.1743 -2.68997 3.2
      vertex 49.4427 -2.60666 3.2
      vertex 49.436 -2.67033 3.2
    endloop
  endfacet
  facet normal 0 0 1
    outer loop
      vertex 50.1743 -2.68997 3.2
      vertex 49.436 -2.67033 3.2
      vertex 49.4337 -2.73758 3.2
    endloop
  endfacet
  facet normal 0 0 1
    outer loop
      vertex 50.1743 -2.68997 3.2
      vertex 49.4337 -2.73758 3.2
      vertex 50.1743 -3.60001 3.2
    endloop
  endfacet
  facet normal 0 0 1
    outer loop
      vertex 50.1743 -3.60001 3.2
      vertex 49.4337 -2.73758 3.2
      vertex 49.4337 -3.60001 3.2
    endloop
  endfacet
  facet normal -0 0 1
    outer loop
      vertex 51.5879 -3.04434 3.2
      vertex 52.2163 -3.60001 3.2
      vertex 51.8012 -2.89626 3.2
    endloop
  endfacet
  facet normal 0 0 1
    outer loop
      vertex 52.2163 -3.60001 3.2
      vertex 51.5879 -3.04434 3.2
      vertex 51.5879 -3.60001 3.2
    endloop
  endfacet
  facet normal -0 0 1
    outer loop
      vertex 47.2025 -2.6329 3.2
      vertex 48.0761 -2.71117 3.2
      vertex 48.0693 -2.62538 3.2
    endloop
  endfacet
  facet normal 0 0 1
    outer loop
      vertex 47.1933 -2.80458 3.2
      vertex 48.0761 -2.71117 3.2
      vertex 47.2025 -2.6329 3.2
    endloop
  endfacet
  facet normal 0 0 1
    outer loop
      vertex 47.2025 -2.6329 3.2
      vertex 48.0693 -2.62538 3.2
      vertex 48.0579 -2.54723 3.2
    endloop
  endfacet
  facet normal -0 0 1
    outer loop
      vertex 47.2301 -2.48766 3.2
      vertex 48.0579 -2.54723 3.2
      vertex 48.0421 -2.47672 3.2
    endloop
  endfacet
  facet normal 0 -0 1
    outer loop
      vertex 47.1955 -2.89264 3.2
      vertex 48.0783 -2.80458 3.2
      vertex 47.1933 -2.80458 3.2
    endloop
  endfacet
  facet normal 0 0 1
    outer loop
      vertex 47.2301 -2.48766 3.2
      vertex 48.0421 -2.47672 3.2
      vertex 48.0217 -2.41382 3.2
    endloop
  endfacet
  facet normal 0 0 1
    outer loop
      vertex 47.703 -2.16063 3.2
      vertex 48.0217 -2.41382 3.2
      vertex 47.9967 -2.35855 3.2
    endloop
  endfacet
  facet normal 0 0 1
    outer loop
      vertex 48.0783 -2.80458 3.2
      vertex 47.1955 -2.89264 3.2
      vertex 48.069 -2.97765 3.2
    endloop
  endfacet
  facet normal 0 0 1
    outer loop
      vertex 47.703 -2.16063 3.2
      vertex 47.9967 -2.35855 3.2
      vertex 47.9673 -2.3109 3.2
    endloop
  endfacet
  facet normal 0 0 1
    outer loop
      vertex 47.7573 -2.17003 3.2
      vertex 47.9673 -2.3109 3.2
      vertex 47.9335 -2.2702 3.2
    endloop
  endfacet
  facet normal -0 -0 1
    outer loop
      vertex 47.2023 -2.97449 3.2
      vertex 48.069 -2.97765 3.2
      vertex 47.1955 -2.89264 3.2
    endloop
  endfacet
  facet normal 0 0 1
    outer loop
      vertex 47.7573 -2.17003 3.2
      vertex 47.9335 -2.2702 3.2
      vertex 47.8956 -2.23576 3.2
    endloop
  endfacet
  facet normal 0 0 1
    outer loop
      vertex 47.7573 -2.17003 3.2
      vertex 47.8956 -2.23576 3.2
      vertex 47.8536 -2.2076 3.2
    endloop
  endfacet
  facet normal 0 -0 1
    outer loop
      vertex 47.2135 -3.05009 3.2
      vertex 48.069 -2.97765 3.2
      vertex 47.2023 -2.97449 3.2
    endloop
  endfacet
  facet normal 0 0 1
    outer loop
      vertex 47.7573 -2.17003 3.2
      vertex 47.8536 -2.2076 3.2
      vertex 47.8075 -2.18568 3.2
    endloop
  endfacet
  facet normal 0 0 1
    outer loop
      vertex 47.9673 -2.3109 3.2
      vertex 47.7573 -2.17003 3.2
      vertex 47.703 -2.16063 3.2
    endloop
  endfacet
  facet normal 0 0 1
    outer loop
      vertex 48.069 -2.97765 3.2
      vertex 47.2135 -3.05009 3.2
      vertex 48.041 -3.12408 3.2
    endloop
  endfacet
  facet normal 0 0 1
    outer loop
      vertex 48.0217 -2.41382 3.2
      vertex 47.703 -2.16063 3.2
      vertex 47.6446 -2.1575 3.2
    endloop
  endfacet
  facet normal 0 0 1
    outer loop
      vertex 48.0217 -2.41382 3.2
      vertex 47.6446 -2.1575 3.2
      vertex 47.2301 -2.48766 3.2
    endloop
  endfacet
  facet normal -0 -0 1
    outer loop
      vertex 47.2292 -3.11949 3.2
      vertex 48.041 -3.12408 3.2
      vertex 47.2135 -3.05009 3.2
    endloop
  endfacet
  facet normal 0 -0 1
    outer loop
      vertex 47.2495 -3.18265 3.2
      vertex 48.041 -3.12408 3.2
      vertex 47.2292 -3.11949 3.2
    endloop
  endfacet
  facet normal 0 0 1
    outer loop
      vertex 47.2762 -2.36879 3.2
      vertex 47.6446 -2.1575 3.2
      vertex 47.5249 -2.17072 3.2
    endloop
  endfacet
  facet normal 0 0 1
    outer loop
      vertex 48.041 -3.12408 3.2
      vertex 47.2495 -3.18265 3.2
      vertex 47.9945 -3.24391 3.2
    endloop
  endfacet
  facet normal 0 -0 1
    outer loop
      vertex 47.7428 -3.4436 3.2
      vertex 47.9945 -3.24391 3.2
      vertex 47.2495 -3.18265 3.2
    endloop
  endfacet
  facet normal 0 0 1
    outer loop
      vertex 47.3406 -2.27635 3.2
      vertex 47.5249 -2.17072 3.2
      vertex 47.4235 -2.21033 3.2
    endloop
  endfacet
  facet normal 0 0 1
    outer loop
      vertex 47.9945 -3.24391 3.2
      vertex 47.7428 -3.4436 3.2
      vertex 47.9292 -3.3371 3.2
    endloop
  endfacet
  facet normal 0 0 1
    outer loop
      vertex 47.9292 -3.3371 3.2
      vertex 47.7428 -3.4436 3.2
      vertex 47.8454 -3.40366 3.2
    endloop
  endfacet
  facet normal 0 0 1
    outer loop
      vertex 47.5249 -2.17072 3.2
      vertex 47.3406 -2.27635 3.2
      vertex 47.2762 -2.36879 3.2
    endloop
  endfacet
  facet normal 0 0 1
    outer loop
      vertex 47.7428 -3.4436 3.2
      vertex 47.2495 -3.18265 3.2
      vertex 47.6217 -3.45691 3.2
    endloop
  endfacet
  facet normal -0 -0 1
    outer loop
      vertex 47.2742 -3.23959 3.2
      vertex 47.6217 -3.45691 3.2
      vertex 47.2495 -3.18265 3.2
    endloop
  endfacet
  facet normal 0 0 1
    outer loop
      vertex 47.6446 -2.1575 3.2
      vertex 47.2762 -2.36879 3.2
      vertex 47.2301 -2.48766 3.2
    endloop
  endfacet
  facet normal -0 -0 1
    outer loop
      vertex 47.3034 -3.29031 3.2
      vertex 47.6217 -3.45691 3.2
      vertex 47.2742 -3.23959 3.2
    endloop
  endfacet
  facet normal 0 0 1
    outer loop
      vertex 47.6217 -3.45691 3.2
      vertex 47.3034 -3.29031 3.2
      vertex 47.5642 -3.45352 3.2
    endloop
  endfacet
  facet normal 0 0 1
    outer loop
      vertex 48.0579 -2.54723 3.2
      vertex 47.2301 -2.48766 3.2
      vertex 47.2025 -2.6329 3.2
    endloop
  endfacet
  facet normal 0 0 1
    outer loop
      vertex 47.5642 -3.45352 3.2
      vertex 47.3034 -3.29031 3.2
      vertex 47.5108 -3.44331 3.2
    endloop
  endfacet
  facet normal 0 0 1
    outer loop
      vertex 47.5108 -3.44331 3.2
      vertex 47.3369 -3.3345 3.2
      vertex 47.4613 -3.42632 3.2
    endloop
  endfacet
  facet normal 0 0 1
    outer loop
      vertex 48.0761 -2.71117 3.2
      vertex 47.1933 -2.80458 3.2
      vertex 48.0783 -2.80458 3.2
    endloop
  endfacet
  facet normal 0 0 1
    outer loop
      vertex 47.4613 -3.42632 3.2
      vertex 47.3369 -3.3345 3.2
      vertex 47.4159 -3.40251 3.2
    endloop
  endfacet
  facet normal 0 0 1
    outer loop
      vertex 47.4159 -3.40251 3.2
      vertex 47.3369 -3.3345 3.2
      vertex 47.3744 -3.37192 3.2
    endloop
  endfacet
  facet normal -0 -0 1
    outer loop
      vertex 47.3369 -3.3345 3.2
      vertex 47.5108 -3.44331 3.2
      vertex 47.3034 -3.29031 3.2
    endloop
  endfacet
  facet normal 0.670313 -0.227499 0.706346
    outer loop
      vertex 100.449 2.83417 2
      vertex 99.2899 3.14474 3.2
      vertex 100.016 1.55836 2
    endloop
  endfacet
  facet normal 0.466707 -0.532218 0.706348
    outer loop
      vertex 96.9347 -0.934676 3.2
      vertex 96.0397 -1.71951 3.2
      vertex 96.7702 -2.67154 2
    endloop
  endfacet
  facet normal -0.137953 0.694209 0.70643
    outer loop
      vertex 4.15558 132.712 2
      vertex 3.14474 131.29 3.2
      vertex 4.31221 131.522 3.2
    endloop
  endfacet
  facet normal -0.065316 0.997865 0
    outer loop
      vertex 5.5 132.8 0
      vertex 4.15558 132.712 2
      vertex 5.5 132.8 2
    endloop
  endfacet
  facet normal -0.065316 0.997865 0
    outer loop
      vertex 4.15558 132.712 2
      vertex 5.5 132.8 0
      vertex 4.15558 132.712 0
    endloop
  endfacet
  facet normal -0.659348 -0.751838 0
    outer loop
      vertex -1.7832 -1.7832 0
      vertex -0.770247 -2.67154 2
      vertex -1.7832 -1.7832 2
    endloop
  endfacet
  facet normal -0.659348 -0.751838 -0
    outer loop
      vertex -0.770247 -2.67154 2
      vertex -1.7832 -1.7832 0
      vertex -0.770247 -2.67154 0
    endloop
  endfacet
  facet normal 0.0462984 -0.70635 0.706347
    outer loop
      vertex 91.6878 -3.52215 3.2
      vertex 90.5 -4.8 2
      vertex 91.8444 -4.71188 2
    endloop
  endfacet
  facet normal -0.997857 0.065425 0
    outer loop
      vertex -4.8 122.5 0
      vertex -4.71188 123.844 2
      vertex -4.71188 123.844 0
    endloop
  endfacet
  facet normal -0.997857 0.065425 0
    outer loop
      vertex -4.71188 123.844 2
      vertex -4.8 122.5 0
      vertex -4.8 122.5 2
    endloop
  endfacet
  facet normal -0.997859 -0.0654046 0
    outer loop
      vertex -4.71188 4.15558 0
      vertex -4.8 5.5 2
      vertex -4.8 5.5 0
    endloop
  endfacet
  facet normal -0.997859 -0.0654046 0
    outer loop
      vertex -4.8 5.5 2
      vertex -4.71188 4.15558 0
      vertex -4.71188 4.15558 2
    endloop
  endfacet
  facet normal -0.694266 -0.138101 0.706345
    outer loop
      vertex -3.28993 3.14474 3.2
      vertex -4.71188 4.15558 2
      vertex -4.44903 2.83417 2
    endloop
  endfacet
  facet normal -0.588531 0.393328 0.706346
    outer loop
      vertex -2.67154 128.77 2
      vertex -3.42006 127.65 2
      vertex -2.38083 127.05 3.2
    endloop
  endfacet
  facet normal 0.0462306 0.706277 0.706424
    outer loop
      vertex 91.8444 132.712 2
      vertex 90.5 132.8 2
      vertex 91.6878 131.522 3.2
    endloop
  endfacet
  facet normal -0.227533 -0.670303 0.706344
    outer loop
      vertex 3.14474 -3.28993 3.2
      vertex 1.55836 -4.01596 2
      vertex 2.83417 -4.44903 2
    endloop
  endfacet
  facet normal 0.634848 -0.313088 0.70636
    outer loop
      vertex 98.9073 2.01758 3.2
      vertex 98.3808 0.949997 3.2
      vertex 100.016 1.55836 2
    endloop
  endfacet
  facet normal -0.694255 0.138037 0.706368
    outer loop
      vertex -4.44903 125.166 2
      vertex -4.71188 123.844 2
      vertex -3.28993 124.855 3.2
    endloop
  endfacet
  facet normal -0.670274 0.227489 0.706386
    outer loop
      vertex -4.01596 126.442 2
      vertex -4.44903 125.166 2
      vertex -3.28993 124.855 3.2
    endloop
  endfacet
  facet normal 0.195203 0.980763 -0
    outer loop
      vertex 93.1658 132.449 0
      vertex 91.8444 132.712 2
      vertex 93.1658 132.449 2
    endloop
  endfacet
  facet normal 0.195203 0.980763 0
    outer loop
      vertex 91.8444 132.712 2
      vertex 93.1658 132.449 0
      vertex 91.8444 132.712 0
    endloop
  endfacet
  facet normal -0.946947 0.32139 0
    outer loop
      vertex -4.44903 125.166 0
      vertex -4.01596 126.442 2
      vertex -4.01596 126.442 0
    endloop
  endfacet
  facet normal -0.946947 0.32139 0
    outer loop
      vertex -4.01596 126.442 2
      vertex -4.44903 125.166 0
      vertex -4.44903 125.166 2
    endloop
  endfacet
  facet normal 0 -1 0
    outer loop
      vertex 5.5 -4.8 0
      vertex 90.5 -4.8 2
      vertex 5.5 -4.8 2
    endloop
  endfacet
  facet normal 0 -1 -0
    outer loop
      vertex 90.5 -4.8 2
      vertex 5.5 -4.8 0
      vertex 90.5 -4.8 0
    endloop
  endfacet
  facet normal -0.195201 0.980763 0
    outer loop
      vertex 4.15558 132.712 0
      vertex 2.83417 132.449 2
      vertex 4.15558 132.712 2
    endloop
  endfacet
  facet normal -0.195201 0.980763 0
    outer loop
      vertex 2.83417 132.449 2
      vertex 4.15558 132.712 0
      vertex 2.83417 132.449 0
    endloop
  endfacet
  facet normal 0.946963 0.321344 0
    outer loop
      vertex 100.449 125.166 2
      vertex 100.016 126.442 0
      vertex 100.016 126.442 2
    endloop
  endfacet
  facet normal 0.946963 0.321344 0
    outer loop
      vertex 100.016 126.442 0
      vertex 100.449 125.166 2
      vertex 100.449 125.166 0
    endloop
  endfacet
  facet normal -0.896871 -0.442292 0
    outer loop
      vertex -3.42006 0.350006 0
      vertex -4.01596 1.55836 2
      vertex -4.01596 1.55836 0
    endloop
  endfacet
  facet normal -0.896871 -0.442292 0
    outer loop
      vertex -4.01596 1.55836 2
      vertex -3.42006 0.350006 0
      vertex -3.42006 0.350006 2
    endloop
  endfacet
  facet normal -0.980801 0.19501 0
    outer loop
      vertex -4.71188 123.844 0
      vertex -4.44903 125.166 2
      vertex -4.44903 125.166 0
    endloop
  endfacet
  facet normal -0.980801 0.19501 0
    outer loop
      vertex -4.44903 125.166 2
      vertex -4.71188 123.844 0
      vertex -4.71188 123.844 2
    endloop
  endfacet
  facet normal 0.588699 0.393239 0.706255
    outer loop
      vertex 98.6715 128.77 2
      vertex 97.7195 128.04 3.2
      vertex 98.3808 127.05 3.2
    endloop
  endfacet
  facet normal -0.670214 0.227546 0.706425
    outer loop
      vertex -2.9073 125.982 3.2
      vertex -4.01596 126.442 2
      vertex -3.28993 124.855 3.2
    endloop
  endfacet
  facet normal 0.634802 0.312943 0.706465
    outer loop
      vertex 100.016 126.442 2
      vertex 98.3808 127.05 3.2
      vertex 98.9073 125.982 3.2
    endloop
  endfacet
  facet normal 0.227717 0.670129 0.70645
    outer loop
      vertex 94.4416 132.016 2
      vertex 92.8553 131.29 3.2
      vertex 93.9824 130.907 3.2
    endloop
  endfacet
  facet normal -0.706351 -0.0463015 0.706345
    outer loop
      vertex -3.60001 5.5 3.2
      vertex -4.8 5.5 2
      vertex -3.52215 4.31221 3.2
    endloop
  endfacet
  facet normal 0.393278 -0.588561 0.706348
    outer loop
      vertex 96.0397 -1.71951 3.2
      vertex 95.05 -2.38083 3.2
      vertex 96.7702 -2.67154 2
    endloop
  endfacet
  facet normal 0.555317 0.831639 -0
    outer loop
      vertex 96.7702 130.672 0
      vertex 95.65 131.42 2
      vertex 96.7702 130.672 2
    endloop
  endfacet
  facet normal 0.555317 0.831639 0
    outer loop
      vertex 95.65 131.42 2
      vertex 96.7702 130.672 0
      vertex 95.65 131.42 0
    endloop
  endfacet
  facet normal -0.946932 -0.321433 0
    outer loop
      vertex -4.01596 1.55836 0
      vertex -4.44903 2.83417 2
      vertex -4.44903 2.83417 0
    endloop
  endfacet
  facet normal -0.946932 -0.321433 0
    outer loop
      vertex -4.44903 2.83417 2
      vertex -4.01596 1.55836 0
      vertex -4.01596 1.55836 2
    endloop
  endfacet
  facet normal 0.532306 0.466764 0.706244
    outer loop
      vertex 98.6715 128.77 2
      vertex 96.9347 128.935 3.2
      vertex 97.7195 128.04 3.2
    endloop
  endfacet
  facet normal 0.634847 -0.313075 0.706366
    outer loop
      vertex 100.016 1.55836 2
      vertex 98.3808 0.949997 3.2
      vertex 99.4201 0.350006 2
    endloop
  endfacet
  facet normal 0.0654056 -0.997859 0
    outer loop
      vertex 90.5 -4.8 0
      vertex 91.8444 -4.71188 2
      vertex 90.5 -4.8 2
    endloop
  endfacet
  facet normal 0.0654056 -0.997859 0
    outer loop
      vertex 91.8444 -4.71188 2
      vertex 90.5 -4.8 0
      vertex 91.8444 -4.71188 0
    endloop
  endfacet
  facet normal 0.442338 0.896848 -0
    outer loop
      vertex 95.65 131.42 0
      vertex 94.4416 132.016 2
      vertex 95.65 131.42 2
    endloop
  endfacet
  facet normal 0.442338 0.896848 0
    outer loop
      vertex 94.4416 132.016 2
      vertex 95.65 131.42 0
      vertex 94.4416 132.016 0
    endloop
  endfacet
  facet normal -0.321387 0.946948 0
    outer loop
      vertex 2.83417 132.449 0
      vertex 1.55836 132.016 2
      vertex 2.83417 132.449 2
    endloop
  endfacet
  facet normal -0.321387 0.946948 0
    outer loop
      vertex 1.55836 132.016 2
      vertex 2.83417 132.449 0
      vertex 1.55836 132.016 0
    endloop
  endfacet
  facet normal 0.659607 0.751611 -0
    outer loop
      vertex 97.7832 129.783 0
      vertex 96.7702 130.672 2
      vertex 97.7832 129.783 2
    endloop
  endfacet
  facet normal 0.659607 0.751611 0
    outer loop
      vertex 96.7702 130.672 2
      vertex 97.7832 129.783 0
      vertex 96.7702 130.672 0
    endloop
  endfacet
  facet normal 0.555584 -0.831461 0
    outer loop
      vertex 95.65 -3.42006 0
      vertex 96.7702 -2.67154 2
      vertex 95.65 -3.42006 2
    endloop
  endfacet
  facet normal 0.555584 -0.831461 0
    outer loop
      vertex 96.7702 -2.67154 2
      vertex 95.65 -3.42006 0
      vertex 96.7702 -2.67154 0
    endloop
  endfacet
  facet normal 0.707107 -0 0.707107
    outer loop
      vertex 99.6 5.5 3.2
      vertex 100.8 122.5 2
      vertex 99.6 122.5 3.2
    endloop
  endfacet
  facet normal 0.707107 0 0.707107
    outer loop
      vertex 100.8 122.5 2
      vertex 99.6 5.5 3.2
      vertex 100.8 5.5 2
    endloop
  endfacet
  facet normal 0.65933 -0.751853 0
    outer loop
      vertex 96.7702 -2.67154 0
      vertex 97.7832 -1.7832 2
      vertex 96.7702 -2.67154 2
    endloop
  endfacet
  facet normal 0.65933 -0.751853 0
    outer loop
      vertex 97.7832 -1.7832 2
      vertex 96.7702 -2.67154 0
      vertex 97.7832 -1.7832 0
    endloop
  endfacet
  facet normal 0 -0.707107 0.707107
    outer loop
      vertex 5.5 -3.60001 3.2
      vertex 43.4506 -3.76018 3.03983
      vertex 43.4506 -3.60001 3.2
    endloop
  endfacet
  facet normal 0 0 0
    outer loop
      vertex 43.4506 -3.76018 3.03983
      vertex 44.6689 -3.76018 3.03983
      vertex 43.946 -3.76018 3.03983
    endloop
  endfacet
  facet normal 0 0 0
    outer loop
      vertex 43.4506 -3.76018 3.03983
      vertex 45.2102 -3.76018 3.03983
      vertex 44.6689 -3.76018 3.03983
    endloop
  endfacet
  facet normal 0 0 0
    outer loop
      vertex 43.4506 -3.76018 3.03983
      vertex 45.4118 -3.76018 3.03983
      vertex 45.2102 -3.76018 3.03983
    endloop
  endfacet
  facet normal 0 -0.707207 0.707007
    outer loop
      vertex 47.627 -3.79544 3.00456
      vertex 45.4118 -3.76018 3.03983
      vertex 43.4506 -3.76018 3.03983
    endloop
  endfacet
  facet normal 0 -0.707207 0.707007
    outer loop
      vertex 45.4118 -3.76018 3.03983
      vertex 47.627 -3.79544 3.00456
      vertex 45.9073 -3.76018 3.03983
    endloop
  endfacet
  facet normal 9.43454e-06 -0.706855 0.707359
    outer loop
      vertex 45.9073 -3.76018 3.03983
      vertex 47.5035 -3.79004 3.00997
      vertex 47.3878 -3.77385 3.02615
    endloop
  endfacet
  facet normal -2.48696e-08 -0.70711 0.707104
    outer loop
      vertex 5.5 -4.8 2
      vertex 43.4506 -3.76018 3.03983
      vertex 5.5 -3.60001 3.2
    endloop
  endfacet
  facet normal 1.25035e-06 -0.707133 0.707081
    outer loop
      vertex 47.627 -3.79544 3.00456
      vertex 43.4506 -3.76018 3.03983
      vertex 5.5 -4.8 2
    endloop
  endfacet
  facet normal -4.27434e-05 -0.708248 0.705963
    outer loop
      vertex 45.9073 -3.76018 3.03983
      vertex 47.627 -3.79544 3.00456
      vertex 47.5035 -3.79004 3.00997
    endloop
  endfacet
  facet normal 0 -0.707107 0.707107
    outer loop
      vertex 43.946 -3.76018 3.03983
      vertex 44.5744 -3.60001 3.2
      vertex 43.946 -3.60001 3.2
    endloop
  endfacet
  facet normal 0 -0.707107 0.707107
    outer loop
      vertex 44.5744 -3.60001 3.2
      vertex 43.946 -3.76018 3.03983
      vertex 44.6689 -3.76018 3.03983
    endloop
  endfacet
  facet normal 0 -0.707107 0.707107
    outer loop
      vertex 45.2102 -3.76018 3.03983
      vertex 45.4118 -3.60001 3.2
      vertex 45.1109 -3.60001 3.2
    endloop
  endfacet
  facet normal 0 -0.707107 0.707107
    outer loop
      vertex 45.4118 -3.60001 3.2
      vertex 45.2102 -3.76018 3.03983
      vertex 45.4118 -3.76018 3.03983
    endloop
  endfacet
  facet normal 0 -0.707107 0.707107
    outer loop
      vertex 45.9073 -3.76018 3.03983
      vertex 47.0022 -3.60001 3.2
      vertex 45.9073 -3.60001 3.2
    endloop
  endfacet
  facet normal 3.45412e-14 -0.707107 0.707107
    outer loop
      vertex 47.0022 -3.60001 3.2
      vertex 45.9073 -3.76018 3.03983
      vertex 47.0035 -3.60114 3.19887
    endloop
  endfacet
  facet normal 0 -0.707107 0.707107
    outer loop
      vertex 47.0035 -3.60114 3.19887
      vertex 45.9073 -3.76018 3.03983
      vertex 47.0878 -3.66051 3.1395
    endloop
  endfacet
  facet normal -4.70247e-16 -0.707107 0.707107
    outer loop
      vertex 47.0878 -3.66051 3.1395
      vertex 45.9073 -3.76018 3.03983
      vertex 47.1799 -3.70908 3.09093
    endloop
  endfacet
  facet normal 7.78339e-17 -0.707107 0.707107
    outer loop
      vertex 47.1799 -3.70908 3.09093
      vertex 45.9073 -3.76018 3.03983
      vertex 47.2799 -3.74686 3.05315
    endloop
  endfacet
  facet normal 2.44701e-06 -0.707233 0.706981
    outer loop
      vertex 47.2799 -3.74686 3.05315
      vertex 45.9073 -3.76018 3.03983
      vertex 47.3878 -3.77385 3.02615
    endloop
  endfacet
  facet normal 0 -0.707107 0.707107
    outer loop
      vertex 48.9383 -3.76018 3.03983
      vertex 48.2636 -3.60001 3.2
      vertex 48.2617 -3.60178 3.19823
    endloop
  endfacet
  facet normal 3.66096e-16 -0.707107 0.707107
    outer loop
      vertex 48.9383 -3.76018 3.03983
      vertex 48.2617 -3.60178 3.19823
      vertex 48.176 -3.66095 3.13906
    endloop
  endfacet
  facet normal -3.45094e-16 -0.707107 0.707107
    outer loop
      vertex 48.9383 -3.76018 3.03983
      vertex 48.176 -3.66095 3.13906
      vertex 48.0823 -3.70937 3.09064
    endloop
  endfacet
  facet normal -9.60643e-06 -0.707188 0.707026
    outer loop
      vertex 48.9383 -3.76018 3.03983
      vertex 48.0823 -3.70937 3.09064
      vertex 47.9806 -3.74702 3.05298
    endloop
  endfacet
  facet normal 0 -0.707107 0.707107
    outer loop
      vertex 48.2636 -3.60001 3.2
      vertex 48.9383 -3.76018 3.03983
      vertex 48.9383 -3.60001 3.2
    endloop
  endfacet
  facet normal 0 -0.707207 0.707007
    outer loop
      vertex 47.627 -3.79544 3.00456
      vertex 49.4337 -3.76018 3.03983
      vertex 48.9383 -3.76018 3.03983
    endloop
  endfacet
  facet normal 0 -0.707207 0.707007
    outer loop
      vertex 49.4337 -3.76018 3.03983
      vertex 47.627 -3.79544 3.00456
      vertex 50.1743 -3.76018 3.03983
    endloop
  endfacet
  facet normal 0 -0.707207 0.707007
    outer loop
      vertex 50.1743 -3.76018 3.03983
      vertex 47.627 -3.79544 3.00456
      vertex 50.6679 -3.76018 3.03983
    endloop
  endfacet
  facet normal 0 -0.707207 0.707007
    outer loop
      vertex 50.6679 -3.76018 3.03983
      vertex 47.627 -3.79544 3.00456
      vertex 51.0924 -3.76018 3.03983
    endloop
  endfacet
  facet normal 0 -0.707207 0.707007
    outer loop
      vertex 51.0924 -3.76018 3.03983
      vertex 47.627 -3.79544 3.00456
      vertex 51.5879 -3.76018 3.03983
    endloop
  endfacet
  facet normal 0 -0.707207 0.707007
    outer loop
      vertex 51.5879 -3.76018 3.03983
      vertex 47.627 -3.79544 3.00456
      vertex 52.3107 -3.76018 3.03983
    endloop
  endfacet
  facet normal 6.23558e-06 -0.707349 0.706865
    outer loop
      vertex 47.7529 -3.79005 3.00995
      vertex 48.9383 -3.76018 3.03983
      vertex 47.8708 -3.77393 3.02608
    endloop
  endfacet
  facet normal -3.57304e-06 -0.706968 0.707245
    outer loop
      vertex 47.8708 -3.77393 3.02608
      vertex 48.9383 -3.76018 3.03983
      vertex 47.9806 -3.74702 3.05298
    endloop
  endfacet
  facet normal 0 -0.707107 0.707107
    outer loop
      vertex 49.4337 -3.76018 3.03983
      vertex 50.1743 -3.60001 3.2
      vertex 49.4337 -3.60001 3.2
    endloop
  endfacet
  facet normal 0 -0.707107 0.707107
    outer loop
      vertex 50.1743 -3.60001 3.2
      vertex 49.4337 -3.76018 3.03983
      vertex 50.1743 -3.76018 3.03983
    endloop
  endfacet
  facet normal 0 -0.707107 0.707107
    outer loop
      vertex 50.6679 -3.76018 3.03983
      vertex 51.0924 -3.60001 3.2
      vertex 50.6679 -3.60001 3.2
    endloop
  endfacet
  facet normal 0 -0.707107 0.707107
    outer loop
      vertex 51.0924 -3.60001 3.2
      vertex 50.6679 -3.76018 3.03983
      vertex 51.0924 -3.76018 3.03983
    endloop
  endfacet
  facet normal 0 -0.707107 0.707107
    outer loop
      vertex 51.5879 -3.76018 3.03983
      vertex 52.2163 -3.60001 3.2
      vertex 51.5879 -3.60001 3.2
    endloop
  endfacet
  facet normal 0 -0.707107 0.707107
    outer loop
      vertex 52.2163 -3.60001 3.2
      vertex 51.5879 -3.76018 3.03983
      vertex 52.3107 -3.76018 3.03983
    endloop
  endfacet
  facet normal 0 -0.707107 0.707107
    outer loop
      vertex 52.852 -3.76018 3.03983
      vertex 90.5 -3.60001 3.2
      vertex 52.7528 -3.60001 3.2
    endloop
  endfacet
  facet normal -1.45024e-05 -0.706937 0.707276
    outer loop
      vertex 47.627 -3.79544 3.00456
      vertex 48.9383 -3.76018 3.03983
      vertex 47.7529 -3.79005 3.00995
    endloop
  endfacet
  facet normal 0 -0.707207 0.707007
    outer loop
      vertex 52.3107 -3.76018 3.03983
      vertex 47.627 -3.79544 3.00456
      vertex 52.852 -3.76018 3.03983
    endloop
  endfacet
  facet normal -1.05067e-06 -0.707129 0.707084
    outer loop
      vertex 52.852 -3.76018 3.03983
      vertex 47.627 -3.79544 3.00456
      vertex 90.5 -4.8 2
    endloop
  endfacet
  facet normal 0 -0.707107 0.707107
    outer loop
      vertex 90.5 -4.8 2
      vertex 47.627 -3.79544 3.00456
      vertex 5.5 -4.8 2
    endloop
  endfacet
  facet normal 2.50695e-08 -0.70711 0.707104
    outer loop
      vertex 52.852 -3.76018 3.03983
      vertex 90.5 -4.8 2
      vertex 90.5 -3.60001 3.2
    endloop
  endfacet
  facet normal 0.466721 -0.532215 0.706342
    outer loop
      vertex 96.9347 -0.934676 3.2
      vertex 96.7702 -2.67154 2
      vertex 97.7832 -1.7832 2
    endloop
  endfacet
  facet normal 0.751868 0.659313 0
    outer loop
      vertex 98.6715 128.77 2
      vertex 97.7832 129.783 0
      vertex 97.7832 129.783 2
    endloop
  endfacet
  facet normal 0.751868 0.659313 0
    outer loop
      vertex 97.7832 129.783 0
      vertex 98.6715 128.77 2
      vertex 98.6715 128.77 0
    endloop
  endfacet
  facet normal 0.694238 0.138112 0.70637
    outer loop
      vertex 100.449 125.166 2
      vertex 99.2899 124.855 3.2
      vertex 100.712 123.844 2
    endloop
  endfacet
  facet normal 0.89682 0.442396 0
    outer loop
      vertex 100.016 126.442 2
      vertex 99.4201 127.65 0
      vertex 99.4201 127.65 2
    endloop
  endfacet
  facet normal 0.89682 0.442396 0
    outer loop
      vertex 99.4201 127.65 0
      vertex 100.016 126.442 2
      vertex 100.016 126.442 0
    endloop
  endfacet
  facet normal 0.0463012 -0.706351 0.706345
    outer loop
      vertex 90.5 -3.60001 3.2
      vertex 90.5 -4.8 2
      vertex 91.6878 -3.52215 3.2
    endloop
  endfacet
  facet normal -0.393269 -0.588565 0.70635
    outer loop
      vertex -0.0397329 -1.71951 3.2
      vertex -0.770247 -2.67154 2
      vertex 0.949997 -2.38083 3.2
    endloop
  endfacet
  facet normal 0.70635 0.0462576 0.70635
    outer loop
      vertex 100.8 122.5 2
      vertex 99.5222 123.688 3.2
      vertex 99.6 122.5 3.2
    endloop
  endfacet
  facet normal 0.946948 -0.321387 0
    outer loop
      vertex 100.016 1.55836 2
      vertex 100.449 2.83417 0
      vertex 100.449 2.83417 2
    endloop
  endfacet
  facet normal 0.946948 -0.321387 0
    outer loop
      vertex 100.449 2.83417 0
      vertex 100.016 1.55836 2
      vertex 100.016 1.55836 0
    endloop
  endfacet
  facet normal -0.555299 0.831651 0
    outer loop
      vertex 0.350006 131.42 0
      vertex -0.770247 130.672 2
      vertex 0.350006 131.42 2
    endloop
  endfacet
  facet normal -0.555299 0.831651 0
    outer loop
      vertex -0.770247 130.672 2
      vertex 0.350006 131.42 0
      vertex -0.770247 130.672 0
    endloop
  endfacet
  facet normal 0.13795 0.694211 0.706428
    outer loop
      vertex 91.8444 132.712 2
      vertex 91.6878 131.522 3.2
      vertex 92.8553 131.29 3.2
    endloop
  endfacet
  facet normal 0.138184 0.694281 0.706314
    outer loop
      vertex 93.1658 132.449 2
      vertex 91.8444 132.712 2
      vertex 92.8553 131.29 3.2
    endloop
  endfacet
  facet normal 0.980763 -0.195201 0
    outer loop
      vertex 100.449 2.83417 2
      vertex 100.712 4.15558 0
      vertex 100.712 4.15558 2
    endloop
  endfacet
  facet normal 0.980763 -0.195201 0
    outer loop
      vertex 100.712 4.15558 0
      vertex 100.449 2.83417 2
      vertex 100.449 2.83417 0
    endloop
  endfacet
  facet normal -0.313152 0.634896 0.706288
    outer loop
      vertex 1.55836 132.016 2
      vertex 0.350006 131.42 2
      vertex 0.949997 130.381 3.2
    endloop
  endfacet
  facet normal 0.706346 0.0462488 0.706354
    outer loop
      vertex 100.712 123.844 2
      vertex 99.5222 123.688 3.2
      vertex 100.8 122.5 2
    endloop
  endfacet
  facet normal 0.227536 -0.670309 0.706338
    outer loop
      vertex 94.4416 -4.01596 2
      vertex 92.8553 -3.28993 3.2
      vertex 93.1658 -4.44903 2
    endloop
  endfacet
  facet normal 0.321389 0.946947 -0
    outer loop
      vertex 94.4416 132.016 0
      vertex 93.1658 132.449 2
      vertex 94.4416 132.016 2
    endloop
  endfacet
  facet normal 0.321389 0.946947 0
    outer loop
      vertex 93.1658 132.449 2
      vertex 94.4416 132.016 0
      vertex 93.1658 132.449 0
    endloop
  endfacet
  facet normal 0.670209 0.227526 0.706436
    outer loop
      vertex 100.016 126.442 2
      vertex 98.9073 125.982 3.2
      vertex 99.2899 124.855 3.2
    endloop
  endfacet
  facet normal -0.138095 -0.694264 0.706347
    outer loop
      vertex 4.31221 -3.52215 3.2
      vertex 3.14474 -3.28993 3.2
      vertex 4.15558 -4.71188 2
    endloop
  endfacet
  facet normal -0.670295 -0.227541 0.70635
    outer loop
      vertex -3.28993 3.14474 3.2
      vertex -4.01596 1.55836 2
      vertex -2.9073 2.01758 3.2
    endloop
  endfacet
  facet normal 0 0.707107 0.707107
    outer loop
      vertex 90.5 132.8 2
      vertex 5.5 131.6 3.2
      vertex 90.5 131.6 3.2
    endloop
  endfacet
  facet normal 0 0.707107 0.707107
    outer loop
      vertex 5.5 131.6 3.2
      vertex 90.5 132.8 2
      vertex 5.5 132.8 2
    endloop
  endfacet
  facet normal 0.532215 -0.466722 0.706341
    outer loop
      vertex 98.6715 -0.770247 2
      vertex 96.9347 -0.934676 3.2
      vertex 97.7832 -1.7832 2
    endloop
  endfacet
  facet normal 0.227512 0.670346 0.706311
    outer loop
      vertex 93.1658 132.449 2
      vertex 92.8553 131.29 3.2
      vertex 94.4416 132.016 2
    endloop
  endfacet
  facet normal 0.138092 -0.694267 0.706346
    outer loop
      vertex 92.8553 -3.28993 3.2
      vertex 91.6878 -3.52215 3.2
      vertex 91.8444 -4.71188 2
    endloop
  endfacet
  facet normal 0.312807 0.634891 0.706446
    outer loop
      vertex 94.4416 132.016 2
      vertex 93.9824 130.907 3.2
      vertex 95.05 130.381 3.2
    endloop
  endfacet
  facet normal 0.046384 0.706346 0.706346
    outer loop
      vertex 90.5 132.8 2
      vertex 90.5 131.6 3.2
      vertex 91.6878 131.522 3.2
    endloop
  endfacet
  facet normal -0.588571 -0.393266 0.706347
    outer loop
      vertex -2.38083 0.949997 3.2
      vertex -3.42006 0.350006 2
      vertex -2.67154 -0.770247 2
    endloop
  endfacet
  facet normal -0.588565 -0.393269 0.70635
    outer loop
      vertex -2.38083 0.949997 3.2
      vertex -2.67154 -0.770247 2
      vertex -1.71951 -0.0397329 3.2
    endloop
  endfacet
  facet normal -0.466723 -0.532202 0.70635
    outer loop
      vertex -0.0397329 -1.71951 3.2
      vertex -0.934676 -0.934676 3.2
      vertex -0.770247 -2.67154 2
    endloop
  endfacet
  facet normal -0.532202 -0.466723 0.70635
    outer loop
      vertex -1.71951 -0.0397329 3.2
      vertex -2.67154 -0.770247 2
      vertex -0.934676 -0.934676 3.2
    endloop
  endfacet
  facet normal 0.227552 -0.670292 0.706349
    outer loop
      vertex 93.9824 -2.9073 3.2
      vertex 92.8553 -3.28993 3.2
      vertex 94.4416 -4.01596 2
    endloop
  endfacet
  facet normal 0.393154 0.58866 0.706336
    outer loop
      vertex 96.7702 130.672 2
      vertex 95.05 130.381 3.2
      vertex 96.0397 129.72 3.2
    endloop
  endfacet
  facet normal 0.98078 0.195117 0
    outer loop
      vertex 100.712 123.844 2
      vertex 100.449 125.166 0
      vertex 100.449 125.166 2
    endloop
  endfacet
  facet normal 0.98078 0.195117 0
    outer loop
      vertex 100.449 125.166 0
      vertex 100.712 123.844 2
      vertex 100.712 123.844 0
    endloop
  endfacet
  facet normal -0.393266 -0.588571 0.706347
    outer loop
      vertex 0.949997 -2.38083 3.2
      vertex -0.770247 -2.67154 2
      vertex 0.350006 -3.42006 2
    endloop
  endfacet
  facet normal -0.313083 -0.634864 0.706347
    outer loop
      vertex 0.949997 -2.38083 3.2
      vertex 0.350006 -3.42006 2
      vertex 1.55836 -4.01596 2
    endloop
  endfacet
  facet normal -0.659624 0.751596 0
    outer loop
      vertex -0.770247 130.672 0
      vertex -1.7832 129.783 2
      vertex -0.770247 130.672 2
    endloop
  endfacet
  facet normal -0.659624 0.751596 0
    outer loop
      vertex -1.7832 129.783 2
      vertex -0.770247 130.672 0
      vertex -1.7832 129.783 0
    endloop
  endfacet
  facet normal -0.442352 0.896842 0
    outer loop
      vertex 1.55836 132.016 0
      vertex 0.350006 131.42 2
      vertex 1.55836 132.016 2
    endloop
  endfacet
  facet normal -0.442352 0.896842 0
    outer loop
      vertex 0.350006 131.42 2
      vertex 1.55836 132.016 0
      vertex 0.350006 131.42 0
    endloop
  endfacet
  facet normal 0.313073 -0.634868 0.706348
    outer loop
      vertex 95.05 -2.38083 3.2
      vertex 94.4416 -4.01596 2
      vertex 95.65 -3.42006 2
    endloop
  endfacet
  facet normal 0.466769 0.532176 0.706339
    outer loop
      vertex 96.7702 130.672 2
      vertex 96.0397 129.72 3.2
      vertex 96.9347 128.935 3.2
    endloop
  endfacet
  facet normal 0.67029 -0.227521 0.706361
    outer loop
      vertex 99.2899 3.14474 3.2
      vertex 98.9073 2.01758 3.2
      vertex 100.016 1.55836 2
    endloop
  endfacet
  facet normal -0.138101 -0.694266 0.706345
    outer loop
      vertex 3.14474 -3.28993 3.2
      vertex 2.83417 -4.44903 2
      vertex 4.15558 -4.71188 2
    endloop
  endfacet
  facet normal 0.0653169 0.997865 -0
    outer loop
      vertex 91.8444 132.712 0
      vertex 90.5 132.8 2
      vertex 91.8444 132.712 2
    endloop
  endfacet
  facet normal 0.0653169 0.997865 0
    outer loop
      vertex 90.5 132.8 2
      vertex 91.8444 132.712 0
      vertex 90.5 132.8 0
    endloop
  endfacet
  facet normal 0.694248 -0.138176 0.706347
    outer loop
      vertex 100.712 4.15558 2
      vertex 99.2899 3.14474 3.2
      vertex 100.449 2.83417 2
    endloop
  endfacet
  facet normal 0.138103 -0.69427 0.706341
    outer loop
      vertex 92.8553 -3.28993 3.2
      vertex 91.8444 -4.71188 2
      vertex 93.1658 -4.44903 2
    endloop
  endfacet
  facet normal -0.227541 -0.670295 0.70635
    outer loop
      vertex 2.01758 -2.9073 3.2
      vertex 1.55836 -4.01596 2
      vertex 3.14474 -3.28993 3.2
    endloop
  endfacet
  facet normal -0.442292 -0.896871 0
    outer loop
      vertex 0.350006 -3.42006 0
      vertex 1.55836 -4.01596 2
      vertex 0.350006 -3.42006 2
    endloop
  endfacet
  facet normal -0.442292 -0.896871 -0
    outer loop
      vertex 1.55836 -4.01596 2
      vertex 0.350006 -3.42006 0
      vertex 1.55836 -4.01596 0
    endloop
  endfacet
  facet normal -0.634864 -0.313083 0.706347
    outer loop
      vertex -2.38083 0.949997 3.2
      vertex -4.01596 1.55836 2
      vertex -3.42006 0.350006 2
    endloop
  endfacet
  facet normal 0.706335 -0.0462337 0.706366
    outer loop
      vertex 100.8 5.5 2
      vertex 99.5222 4.31221 3.2
      vertex 100.712 4.15558 2
    endloop
  endfacet
  facet normal 0.393278 -0.588562 0.706348
    outer loop
      vertex 96.7702 -2.67154 2
      vertex 95.05 -2.38083 3.2
      vertex 95.65 -3.42006 2
    endloop
  endfacet
  facet normal -0.227508 0.67034 0.706318
    outer loop
      vertex 2.83417 132.449 2
      vertex 1.55836 132.016 2
      vertex 3.14474 131.29 3.2
    endloop
  endfacet
  facet normal 0.195095 -0.980784 0
    outer loop
      vertex 91.8444 -4.71188 0
      vertex 93.1658 -4.44903 2
      vertex 91.8444 -4.71188 2
    endloop
  endfacet
  facet normal 0.195095 -0.980784 0
    outer loop
      vertex 93.1658 -4.44903 2
      vertex 91.8444 -4.71188 0
      vertex 93.1658 -4.44903 0
    endloop
  endfacet
  facet normal -0.313078 -0.634864 0.70635
    outer loop
      vertex 2.01758 -2.9073 3.2
      vertex 0.949997 -2.38083 3.2
      vertex 1.55836 -4.01596 2
    endloop
  endfacet
  facet normal -0.751853 0.65933 0
    outer loop
      vertex -2.67154 128.77 0
      vertex -1.7832 129.783 2
      vertex -1.7832 129.783 0
    endloop
  endfacet
  facet normal -0.751853 0.65933 0
    outer loop
      vertex -1.7832 129.783 2
      vertex -2.67154 128.77 0
      vertex -2.67154 128.77 2
    endloop
  endfacet
  facet normal 0.466988 0.532124 0.706234
    outer loop
      vertex 97.7832 129.783 2
      vertex 96.7702 130.672 2
      vertex 96.9347 128.935 3.2
    endloop
  endfacet
  facet normal 0.313075 -0.634868 0.706347
    outer loop
      vertex 95.05 -2.38083 3.2
      vertex 93.9824 -2.9073 3.2
      vertex 94.4416 -4.01596 2
    endloop
  endfacet
  facet normal -0.555566 -0.831473 0
    outer loop
      vertex -0.770247 -2.67154 0
      vertex 0.350006 -3.42006 2
      vertex -0.770247 -2.67154 2
    endloop
  endfacet
  facet normal -0.555566 -0.831473 -0
    outer loop
      vertex 0.350006 -3.42006 2
      vertex -0.770247 -2.67154 0
      vertex 0.350006 -3.42006 0
    endloop
  endfacet
  facet normal -0.0463844 0.706346 0.706346
    outer loop
      vertex 5.5 132.8 2
      vertex 4.31221 131.522 3.2
      vertex 5.5 131.6 3.2
    endloop
  endfacet
  facet normal -0.0462298 0.706277 0.706425
    outer loop
      vertex 5.5 132.8 2
      vertex 4.15558 132.712 2
      vertex 4.31221 131.522 3.2
    endloop
  endfacet
  facet normal -0.138182 0.694277 0.706318
    outer loop
      vertex 4.15558 132.712 2
      vertex 2.83417 132.449 2
      vertex 3.14474 131.29 3.2
    endloop
  endfacet
  facet normal -0.227705 0.670131 0.706452
    outer loop
      vertex 3.14474 131.29 3.2
      vertex 1.55836 132.016 2
      vertex 2.01758 130.907 3.2
    endloop
  endfacet
  facet normal 0.997865 -0.065316 0
    outer loop
      vertex 100.712 4.15558 2
      vertex 100.8 5.5 0
      vertex 100.8 5.5 2
    endloop
  endfacet
  facet normal 0.997865 -0.065316 0
    outer loop
      vertex 100.8 5.5 0
      vertex 100.712 4.15558 2
      vertex 100.712 4.15558 0
    endloop
  endfacet
  facet normal 0.532303 0.466777 0.706238
    outer loop
      vertex 97.7832 129.783 2
      vertex 96.9347 128.935 3.2
      vertex 98.6715 128.77 2
    endloop
  endfacet
  facet normal 0.442279 -0.896878 0
    outer loop
      vertex 94.4416 -4.01596 0
      vertex 95.65 -3.42006 2
      vertex 94.4416 -4.01596 2
    endloop
  endfacet
  facet normal 0.442279 -0.896878 0
    outer loop
      vertex 95.65 -3.42006 2
      vertex 94.4416 -4.01596 0
      vertex 95.65 -3.42006 0
    endloop
  endfacet
  facet normal -0.466997 0.53211 0.706239
    outer loop
      vertex -0.770247 130.672 2
      vertex -1.7832 129.783 2
      vertex -0.934676 128.935 3.2
    endloop
  endfacet
  facet normal -0.393144 0.588664 0.706338
    outer loop
      vertex 0.949997 130.381 3.2
      vertex -0.770247 130.672 2
      vertex -0.0397329 129.72 3.2
    endloop
  endfacet
  facet normal -0.31281 0.634887 0.706448
    outer loop
      vertex 1.55836 132.016 2
      vertex 0.949997 130.381 3.2
      vertex 2.01758 130.907 3.2
    endloop
  endfacet
  facet normal -0.532288 0.466785 0.706244
    outer loop
      vertex -1.7832 129.783 2
      vertex -2.67154 128.77 2
      vertex -0.934676 128.935 3.2
    endloop
  endfacet
  facet normal -0.532292 0.466772 0.706251
    outer loop
      vertex -0.934676 128.935 3.2
      vertex -2.67154 128.77 2
      vertex -1.71951 128.04 3.2
    endloop
  endfacet
  facet normal -0.466785 0.53216 0.706341
    outer loop
      vertex -0.770247 130.672 2
      vertex -0.934676 128.935 3.2
      vertex -0.0397329 129.72 3.2
    endloop
  endfacet
  facet normal -0.0653961 0.997859 0
    outer loop
      vertex 94.061 0.217105 2
      vertex 93.8 0.2 3.2
      vertex 94.061 0.217105 3.2
    endloop
  endfacet
  facet normal -0.0653961 0.997859 0
    outer loop
      vertex 93.8 0.2 3.2
      vertex 94.061 0.217105 2
      vertex 93.8 0.2 2
    endloop
  endfacet
  facet normal -0.997861 0.0653646 0
    outer loop
      vertex 95.7829 1.93895 2
      vertex 95.8 2.2 3.2
      vertex 95.8 2.2 2
    endloop
  endfacet
  facet normal -0.997861 0.0653646 0
    outer loop
      vertex 95.8 2.2 3.2
      vertex 95.7829 1.93895 2
      vertex 95.7829 1.93895 3.2
    endloop
  endfacet
  facet normal 1 -0 0
    outer loop
      vertex 0.2 2.2 3.2
      vertex 0.2 125.8 2
      vertex 0.2 125.8 3.2
    endloop
  endfacet
  facet normal 1 0 0
    outer loop
      vertex 0.2 125.8 2
      vertex 0.2 2.2 3.2
      vertex 0.2 2.2 2
    endloop
  endfacet
  facet normal 0.997859 -0.0653961 0
    outer loop
      vertex 0.2 125.8 3.2
      vertex 0.217105 126.061 2
      vertex 0.217105 126.061 3.2
    endloop
  endfacet
  facet normal 0.997859 -0.0653961 0
    outer loop
      vertex 0.217105 126.061 2
      vertex 0.2 125.8 3.2
      vertex 0.2 125.8 2
    endloop
  endfacet
  facet normal 0.194947 -0.980814 0
    outer loop
      vertex 1.68236 127.732 2
      vertex 1.93895 127.783 3.2
      vertex 1.68236 127.732 3.2
    endloop
  endfacet
  facet normal 0.194947 -0.980814 0
    outer loop
      vertex 1.93895 127.783 3.2
      vertex 1.68236 127.732 2
      vertex 1.93895 127.783 2
    endloop
  endfacet
  facet normal -0.997861 -0.0653771 0
    outer loop
      vertex 95.8 125.8 2
      vertex 95.7829 126.061 3.2
      vertex 95.7829 126.061 2
    endloop
  endfacet
  facet normal -0.997861 -0.0653771 0
    outer loop
      vertex 95.7829 126.061 3.2
      vertex 95.8 125.8 2
      vertex 95.8 125.8 3.2
    endloop
  endfacet
  facet normal 0 1 -0
    outer loop
      vertex 93.8 0.2 2
      vertex 2.2 0.2 3.2
      vertex 93.8 0.2 3.2
    endloop
  endfacet
  facet normal 0 1 0
    outer loop
      vertex 2.2 0.2 3.2
      vertex 93.8 0.2 2
      vertex 2.2 0.2 2
    endloop
  endfacet
  facet normal 0.99786 0.0653836 0
    outer loop
      vertex 0.217105 1.93895 3.2
      vertex 0.2 2.2 2
      vertex 0.2 2.2 3.2
    endloop
  endfacet
  facet normal 0.99786 0.0653836 0
    outer loop
      vertex 0.2 2.2 2
      vertex 0.217105 1.93895 3.2
      vertex 0.217105 1.93895 2
    endloop
  endfacet
  facet normal 0 -1 0
    outer loop
      vertex 2.2 127.8 2
      vertex 93.8 127.8 3.2
      vertex 2.2 127.8 3.2
    endloop
  endfacet
  facet normal 0 -1 -0
    outer loop
      vertex 93.8 127.8 3.2
      vertex 2.2 127.8 2
      vertex 93.8 127.8 2
    endloop
  endfacet
  facet normal -0.5547 -0.83205 0
    outer loop
      vertex 94.8 127.532 2
      vertex 95.0175 127.387 3.2
      vertex 94.8 127.532 3.2
    endloop
  endfacet
  facet normal -0.5547 -0.83205 -0
    outer loop
      vertex 95.0175 127.387 3.2
      vertex 94.8 127.532 2
      vertex 95.0175 127.387 2
    endloop
  endfacet
  facet normal 0.750702 -0.660641 0
    outer loop
      vertex 0.613299 127.018 3.2
      vertex 0.785785 127.214 2
      vertex 0.785785 127.214 3.2
    endloop
  endfacet
  facet normal 0.750702 -0.660641 0
    outer loop
      vertex 0.785785 127.214 2
      vertex 0.613299 127.018 3.2
      vertex 0.613299 127.018 2
    endloop
  endfacet
  facet normal -0.19494 -0.980815 0
    outer loop
      vertex 94.061 127.783 2
      vertex 94.3176 127.732 3.2
      vertex 94.061 127.783 3.2
    endloop
  endfacet
  facet normal -0.19494 -0.980815 -0
    outer loop
      vertex 94.3176 127.732 3.2
      vertex 94.061 127.783 2
      vertex 94.3176 127.732 2
    endloop
  endfacet
  facet normal 0.44319 -0.896428 0
    outer loop
      vertex 1.2 127.532 2
      vertex 1.43463 127.648 3.2
      vertex 1.2 127.532 3.2
    endloop
  endfacet
  facet normal 0.44319 -0.896428 0
    outer loop
      vertex 1.43463 127.648 3.2
      vertex 1.2 127.532 2
      vertex 1.43463 127.648 2
    endloop
  endfacet
  facet normal 0.831458 0.555588 0
    outer loop
      vertex 0.613299 0.982471 3.2
      vertex 0.467944 1.2 2
      vertex 0.467944 1.2 3.2
    endloop
  endfacet
  facet normal 0.831458 0.555588 0
    outer loop
      vertex 0.467944 1.2 2
      vertex 0.613299 0.982471 3.2
      vertex 0.613299 0.982471 2
    endloop
  endfacet
  facet normal 0.555588 0.831458 -0
    outer loop
      vertex 1.2 0.467944 2
      vertex 0.982471 0.613299 3.2
      vertex 1.2 0.467944 3.2
    endloop
  endfacet
  facet normal 0.555588 0.831458 0
    outer loop
      vertex 0.982471 0.613299 3.2
      vertex 1.2 0.467944 2
      vertex 0.982471 0.613299 2
    endloop
  endfacet
  facet normal 0.751845 0.659339 0
    outer loop
      vertex 0.785785 0.785785 3.2
      vertex 0.613299 0.982471 2
      vertex 0.613299 0.982471 3.2
    endloop
  endfacet
  facet normal 0.751845 0.659339 0
    outer loop
      vertex 0.613299 0.982471 2
      vertex 0.785785 0.785785 3.2
      vertex 0.785785 0.785785 2
    endloop
  endfacet
  facet normal -0.659313 0.751869 0
    outer loop
      vertex 95.2142 0.785785 2
      vertex 95.0175 0.613299 3.2
      vertex 95.2142 0.785785 3.2
    endloop
  endfacet
  facet normal -0.659313 0.751869 0
    outer loop
      vertex 95.0175 0.613299 3.2
      vertex 95.2142 0.785785 2
      vertex 95.0175 0.613299 2
    endloop
  endfacet
  facet normal 0.064984 -0.997886 0
    outer loop
      vertex 1.93895 127.783 2
      vertex 2.2 127.8 3.2
      vertex 1.93895 127.783 3.2
    endloop
  endfacet
  facet normal 0.064984 -0.997886 0
    outer loop
      vertex 2.2 127.8 3.2
      vertex 1.93895 127.783 2
      vertex 2.2 127.8 2
    endloop
  endfacet
  facet normal 0.554649 -0.832084 0
    outer loop
      vertex 0.982471 127.387 2
      vertex 1.2 127.532 3.2
      vertex 0.982471 127.387 3.2
    endloop
  endfacet
  facet normal 0.554649 -0.832084 0
    outer loop
      vertex 1.2 127.532 3.2
      vertex 0.982471 127.387 2
      vertex 1.2 127.532 2
    endloop
  endfacet
  facet normal 0.321121 -0.947038 0
    outer loop
      vertex 1.43463 127.648 2
      vertex 1.68236 127.732 3.2
      vertex 1.43463 127.648 3.2
    endloop
  endfacet
  facet normal 0.321121 -0.947038 0
    outer loop
      vertex 1.68236 127.732 3.2
      vertex 1.43463 127.648 2
      vertex 1.68236 127.732 2
    endloop
  endfacet
  facet normal -1 0 0
    outer loop
      vertex 95.8 2.2 2
      vertex 95.8 125.8 3.2
      vertex 95.8 125.8 2
    endloop
  endfacet
  facet normal -1 -0 0
    outer loop
      vertex 95.8 125.8 3.2
      vertex 95.8 2.2 2
      vertex 95.8 2.2 3.2
    endloop
  endfacet
  facet normal -0.946749 -0.321971 0
    outer loop
      vertex 95.7318 126.318 2
      vertex 95.6478 126.565 3.2
      vertex 95.6478 126.565 2
    endloop
  endfacet
  facet normal -0.946749 -0.321971 0
    outer loop
      vertex 95.6478 126.565 3.2
      vertex 95.7318 126.318 2
      vertex 95.7318 126.318 3.2
    endloop
  endfacet
  facet normal -0.750676 -0.660671 0
    outer loop
      vertex 95.3867 127.018 2
      vertex 95.2142 127.214 3.2
      vertex 95.2142 127.214 2
    endloop
  endfacet
  facet normal -0.750676 -0.660671 0
    outer loop
      vertex 95.2142 127.214 3.2
      vertex 95.3867 127.018 2
      vertex 95.3867 127.018 3.2
    endloop
  endfacet
  facet normal 0.321433 0.946932 -0
    outer loop
      vertex 1.68236 0.268146 2
      vertex 1.43463 0.352237 3.2
      vertex 1.68236 0.268146 3.2
    endloop
  endfacet
  facet normal 0.321433 0.946932 0
    outer loop
      vertex 1.43463 0.352237 3.2
      vertex 1.68236 0.268146 2
      vertex 1.43463 0.352237 2
    endloop
  endfacet
  facet normal 0.946643 -0.322284 0
    outer loop
      vertex 0.268146 126.318 3.2
      vertex 0.352237 126.565 2
      vertex 0.352237 126.565 3.2
    endloop
  endfacet
  facet normal 0.946643 -0.322284 0
    outer loop
      vertex 0.352237 126.565 2
      vertex 0.268146 126.318 3.2
      vertex 0.268146 126.318 2
    endloop
  endfacet
  facet normal 0.195098 0.980784 -0
    outer loop
      vertex 1.93895 0.217105 2
      vertex 1.68236 0.268146 3.2
      vertex 1.93895 0.217105 3.2
    endloop
  endfacet
  facet normal 0.195098 0.980784 0
    outer loop
      vertex 1.68236 0.268146 3.2
      vertex 1.93895 0.217105 2
      vertex 1.68236 0.268146 2
    endloop
  endfacet
  facet normal -0.9808 -0.195015 0
    outer loop
      vertex 95.7829 126.061 2
      vertex 95.7318 126.318 3.2
      vertex 95.7318 126.318 2
    endloop
  endfacet
  facet normal -0.9808 -0.195015 0
    outer loop
      vertex 95.7318 126.318 3.2
      vertex 95.7829 126.061 2
      vertex 95.7829 126.061 3.2
    endloop
  endfacet
  facet normal 0.980843 -0.194799 0
    outer loop
      vertex 0.217105 126.061 3.2
      vertex 0.268146 126.318 2
      vertex 0.268146 126.318 3.2
    endloop
  endfacet
  facet normal 0.980843 -0.194799 0
    outer loop
      vertex 0.268146 126.318 2
      vertex 0.217105 126.061 3.2
      vertex 0.217105 126.061 2
    endloop
  endfacet
  facet normal -0.0649964 -0.997886 0
    outer loop
      vertex 93.8 127.8 2
      vertex 94.061 127.783 3.2
      vertex 93.8 127.8 3.2
    endloop
  endfacet
  facet normal -0.0649964 -0.997886 -0
    outer loop
      vertex 94.061 127.783 3.2
      vertex 93.8 127.8 2
      vertex 94.061 127.783 2
    endloop
  endfacet
  facet normal -0.443235 -0.896405 0
    outer loop
      vertex 94.5654 127.648 2
      vertex 94.8 127.532 3.2
      vertex 94.5654 127.648 3.2
    endloop
  endfacet
  facet normal -0.443235 -0.896405 -0
    outer loop
      vertex 94.8 127.532 3.2
      vertex 94.5654 127.648 2
      vertex 94.8 127.532 2
    endloop
  endfacet
  facet normal 0.659339 0.751845 -0
    outer loop
      vertex 0.982471 0.613299 2
      vertex 0.785785 0.785785 3.2
      vertex 0.982471 0.613299 3.2
    endloop
  endfacet
  facet normal 0.659339 0.751845 0
    outer loop
      vertex 0.785785 0.785785 3.2
      vertex 0.982471 0.613299 2
      vertex 0.785785 0.785785 2
    endloop
  endfacet
  facet normal 0.44229 0.896872 -0
    outer loop
      vertex 1.43463 0.352237 2
      vertex 1.2 0.467944 3.2
      vertex 1.43463 0.352237 3.2
    endloop
  endfacet
  facet normal 0.44229 0.896872 0
    outer loop
      vertex 1.2 0.467944 3.2
      vertex 1.43463 0.352237 2
      vertex 1.2 0.467944 2
    endloop
  endfacet
  facet normal -0.980741 0.195315 0
    outer loop
      vertex 95.7318 1.68236 2
      vertex 95.7829 1.93895 3.2
      vertex 95.7829 1.93895 2
    endloop
  endfacet
  facet normal -0.980741 0.195315 0
    outer loop
      vertex 95.7829 1.93895 3.2
      vertex 95.7318 1.68236 2
      vertex 95.7318 1.68236 3.2
    endloop
  endfacet
  facet normal -0.321039 -0.947066 0
    outer loop
      vertex 94.3176 127.732 2
      vertex 94.5654 127.648 3.2
      vertex 94.3176 127.732 3.2
    endloop
  endfacet
  facet normal -0.321039 -0.947066 -0
    outer loop
      vertex 94.5654 127.648 3.2
      vertex 94.3176 127.732 2
      vertex 94.5654 127.648 2
    endloop
  endfacet
  facet normal -0.660421 -0.750895 0
    outer loop
      vertex 95.0175 127.387 2
      vertex 95.2142 127.214 3.2
      vertex 95.0175 127.387 3.2
    endloop
  endfacet
  facet normal -0.660421 -0.750895 -0
    outer loop
      vertex 95.2142 127.214 3.2
      vertex 95.0175 127.387 2
      vertex 95.2142 127.214 2
    endloop
  endfacet
  facet normal 0.0653836 0.99786 -0
    outer loop
      vertex 2.2 0.2 2
      vertex 1.93895 0.217105 3.2
      vertex 2.2 0.2 3.2
    endloop
  endfacet
  facet normal 0.0653836 0.99786 0
    outer loop
      vertex 1.93895 0.217105 3.2
      vertex 2.2 0.2 2
      vertex 1.93895 0.217105 2
    endloop
  endfacet
  facet normal 0.896872 0.44229 0
    outer loop
      vertex 0.467944 1.2 3.2
      vertex 0.352237 1.43463 2
      vertex 0.352237 1.43463 3.2
    endloop
  endfacet
  facet normal 0.896872 0.44229 0
    outer loop
      vertex 0.352237 1.43463 2
      vertex 0.467944 1.2 3.2
      vertex 0.467944 1.2 2
    endloop
  endfacet
  facet normal -0.321351 0.94696 0
    outer loop
      vertex 94.5654 0.352237 2
      vertex 94.3176 0.268146 3.2
      vertex 94.5654 0.352237 3.2
    endloop
  endfacet
  facet normal -0.321351 0.94696 0
    outer loop
      vertex 94.3176 0.268146 3.2
      vertex 94.5654 0.352237 2
      vertex 94.3176 0.268146 2
    endloop
  endfacet
  facet normal -0.442335 0.89685 0
    outer loop
      vertex 94.8 0.467944 2
      vertex 94.5654 0.352237 3.2
      vertex 94.8 0.467944 3.2
    endloop
  endfacet
  facet normal -0.442335 0.89685 0
    outer loop
      vertex 94.5654 0.352237 3.2
      vertex 94.8 0.467944 2
      vertex 94.5654 0.352237 2
    endloop
  endfacet
  facet normal -0.751819 0.65937 0
    outer loop
      vertex 95.2142 0.785785 2
      vertex 95.3867 0.982471 3.2
      vertex 95.3867 0.982471 2
    endloop
  endfacet
  facet normal -0.751819 0.65937 0
    outer loop
      vertex 95.3867 0.982471 3.2
      vertex 95.2142 0.785785 2
      vertex 95.2142 0.785785 3.2
    endloop
  endfacet
  facet normal -0.897008 -0.442015 0
    outer loop
      vertex 95.6478 126.565 2
      vertex 95.532 126.8 3.2
      vertex 95.532 126.8 2
    endloop
  endfacet
  facet normal -0.897008 -0.442015 0
    outer loop
      vertex 95.532 126.8 3.2
      vertex 95.6478 126.565 2
      vertex 95.6478 126.565 3.2
    endloop
  endfacet
  facet normal 0.897148 -0.441729 0
    outer loop
      vertex 0.352237 126.565 3.2
      vertex 0.467944 126.8 2
      vertex 0.467944 126.8 3.2
    endloop
  endfacet
  facet normal 0.897148 -0.441729 0
    outer loop
      vertex 0.467944 126.8 2
      vertex 0.352237 126.565 3.2
      vertex 0.352237 126.565 2
    endloop
  endfacet
  facet normal 0.946932 0.321433 0
    outer loop
      vertex 0.352237 1.43463 3.2
      vertex 0.268146 1.68236 2
      vertex 0.268146 1.68236 3.2
    endloop
  endfacet
  facet normal 0.946932 0.321433 0
    outer loop
      vertex 0.268146 1.68236 2
      vertex 0.352237 1.43463 3.2
      vertex 0.352237 1.43463 2
    endloop
  endfacet
  facet normal -0.555639 0.831423 0
    outer loop
      vertex 95.0175 0.613299 2
      vertex 94.8 0.467944 3.2
      vertex 95.0175 0.613299 3.2
    endloop
  endfacet
  facet normal -0.555639 0.831423 0
    outer loop
      vertex 94.8 0.467944 3.2
      vertex 95.0175 0.613299 2
      vertex 94.8 0.467944 2
    endloop
  endfacet
  facet normal 0.980784 0.195098 0
    outer loop
      vertex 0.268146 1.68236 3.2
      vertex 0.217105 1.93895 2
      vertex 0.217105 1.93895 3.2
    endloop
  endfacet
  facet normal 0.980784 0.195098 0
    outer loop
      vertex 0.217105 1.93895 2
      vertex 0.268146 1.68236 3.2
      vertex 0.268146 1.68236 2
    endloop
  endfacet
  facet normal 0.660448 -0.750872 0
    outer loop
      vertex 0.785785 127.214 2
      vertex 0.982471 127.387 3.2
      vertex 0.785785 127.214 3.2
    endloop
  endfacet
  facet normal 0.660448 -0.750872 0
    outer loop
      vertex 0.982471 127.387 3.2
      vertex 0.785785 127.214 2
      vertex 0.982471 127.387 2
    endloop
  endfacet
  facet normal -0.831555 0.555443 0
    outer loop
      vertex 95.3867 0.982471 2
      vertex 95.532 1.2 3.2
      vertex 95.532 1.2 2
    endloop
  endfacet
  facet normal -0.831555 0.555443 0
    outer loop
      vertex 95.532 1.2 3.2
      vertex 95.3867 0.982471 2
      vertex 95.3867 0.982471 3.2
    endloop
  endfacet
  facet normal -0.195091 0.980785 0
    outer loop
      vertex 94.3176 0.268146 2
      vertex 94.061 0.217105 3.2
      vertex 94.3176 0.268146 3.2
    endloop
  endfacet
  facet normal -0.195091 0.980785 0
    outer loop
      vertex 94.061 0.217105 3.2
      vertex 94.3176 0.268146 2
      vertex 94.061 0.217105 2
    endloop
  endfacet
  facet normal 0.832012 -0.554757 0
    outer loop
      vertex 0.467944 126.8 3.2
      vertex 0.613299 127.018 2
      vertex 0.613299 127.018 3.2
    endloop
  endfacet
  facet normal 0.832012 -0.554757 0
    outer loop
      vertex 0.613299 127.018 2
      vertex 0.467944 126.8 3.2
      vertex 0.467944 126.8 2
    endloop
  endfacet
  facet normal -0.832109 -0.554612 0
    outer loop
      vertex 95.532 126.8 2
      vertex 95.3867 127.018 3.2
      vertex 95.3867 127.018 2
    endloop
  endfacet
  facet normal -0.832109 -0.554612 0
    outer loop
      vertex 95.3867 127.018 3.2
      vertex 95.532 126.8 2
      vertex 95.532 126.8 3.2
    endloop
  endfacet
  facet normal -0.896731 0.442575 0
    outer loop
      vertex 95.532 1.2 2
      vertex 95.6478 1.43463 3.2
      vertex 95.6478 1.43463 2
    endloop
  endfacet
  facet normal -0.896731 0.442575 0
    outer loop
      vertex 95.6478 1.43463 3.2
      vertex 95.532 1.2 2
      vertex 95.532 1.2 3.2
    endloop
  endfacet
  facet normal -0.947038 0.321121 0
    outer loop
      vertex 95.6478 1.43463 2
      vertex 95.7318 1.68236 3.2
      vertex 95.7318 1.68236 2
    endloop
  endfacet
  facet normal -0.947038 0.321121 0
    outer loop
      vertex 95.7318 1.68236 3.2
      vertex 95.6478 1.43463 2
      vertex 95.6478 1.43463 3.2
    endloop
  endfacet
  facet normal 0.980815 0.19494 0
    outer loop
      vertex 71.0743 50.3916 3.2
      vertex 70.9978 50.7765 2
      vertex 70.9978 50.7765 3.2
    endloop
  endfacet
  facet normal 0.980815 0.19494 0
    outer loop
      vertex 70.9978 50.7765 2
      vertex 71.0743 50.3916 3.2
      vertex 71.0743 50.3916 2
    endloop
  endfacet
  facet normal 0.321574 -0.946885 0
    outer loop
      vertex 68.8765 31.1022 2
      vertex 69.2481 31.2284 3.2
      vertex 68.8765 31.1022 3.2
    endloop
  endfacet
  facet normal 0.321574 -0.946885 0
    outer loop
      vertex 69.2481 31.2284 3.2
      vertex 68.8765 31.1022 2
      vertex 69.2481 31.2284 2
    endloop
  endfacet
  facet normal 0 -1 0
    outer loop
      vertex 6.1 31 2
      vertex 68.1 31 3.2
      vertex 6.1 31 3.2
    endloop
  endfacet
  facet normal 0 -1 -0
    outer loop
      vertex 68.1 31 3.2
      vertex 6.1 31 2
      vertex 68.1 31 2
    endloop
  endfacet
  facet normal 0.19494 -0.980815 0
    outer loop
      vertex 68.4916 31.0257 2
      vertex 68.8765 31.1022 3.2
      vertex 68.4916 31.0257 3.2
    endloop
  endfacet
  facet normal 0.19494 -0.980815 0
    outer loop
      vertex 68.8765 31.1022 3.2
      vertex 68.4916 31.0257 2
      vertex 68.8765 31.1022 2
    endloop
  endfacet
  facet normal 0.896911 0.442211 0
    outer loop
      vertex 70.8716 51.1481 3.2
      vertex 70.6981 51.5 2
      vertex 70.6981 51.5 3.2
    endloop
  endfacet
  facet normal 0.896911 0.442211 0
    outer loop
      vertex 70.6981 51.5 2
      vertex 70.8716 51.1481 3.2
      vertex 70.8716 51.1481 2
    endloop
  endfacet
  facet normal -0.555547 -0.831485 0
    outer loop
      vertex 4.27372 31.6199 2
      vertex 4.6 31.4019 3.2
      vertex 4.27372 31.6199 3.2
    endloop
  endfacet
  facet normal -0.555547 -0.831485 -0
    outer loop
      vertex 4.6 31.4019 3.2
      vertex 4.27372 31.6199 2
      vertex 4.6 31.4019 2
    endloop
  endfacet
  facet normal 0.0654873 -0.997853 0
    outer loop
      vertex 68.1 31 2
      vertex 68.4916 31.0257 3.2
      vertex 68.1 31 3.2
    endloop
  endfacet
  facet normal 0.0654873 -0.997853 0
    outer loop
      vertex 68.4916 31.0257 3.2
      vertex 68.1 31 2
      vertex 68.4916 31.0257 2
    endloop
  endfacet
  facet normal -0.555547 0.831485 0
    outer loop
      vertex 4.6 52.5981 2
      vertex 4.27372 52.3801 3.2
      vertex 4.6 52.5981 3.2
    endloop
  endfacet
  facet normal -0.555547 0.831485 0
    outer loop
      vertex 4.27372 52.3801 3.2
      vertex 4.6 52.5981 2
      vertex 4.27372 52.3801 2
    endloop
  endfacet
  facet normal 0.997853 0.0654873 0
    outer loop
      vertex 71.1 50 3.2
      vertex 71.0743 50.3916 2
      vertex 71.0743 50.3916 3.2
    endloop
  endfacet
  facet normal 0.997853 0.0654873 0
    outer loop
      vertex 71.0743 50.3916 2
      vertex 71.1 50 3.2
      vertex 71.1 50 2
    endloop
  endfacet
  facet normal -0.99786 -0.0653858 0
    outer loop
      vertex 3.12566 33.6084 2
      vertex 3.1 34 3.2
      vertex 3.1 34 2
    endloop
  endfacet
  facet normal -0.99786 -0.0653858 0
    outer loop
      vertex 3.1 34 3.2
      vertex 3.12566 33.6084 2
      vertex 3.12566 33.6084 3.2
    endloop
  endfacet
  facet normal 0.980815 -0.19494 0
    outer loop
      vertex 70.9978 33.2235 3.2
      vertex 71.0743 33.6084 2
      vertex 71.0743 33.6084 3.2
    endloop
  endfacet
  facet normal 0.980815 -0.19494 0
    outer loop
      vertex 71.0743 33.6084 2
      vertex 70.9978 33.2235 3.2
      vertex 70.9978 33.2235 2
    endloop
  endfacet
  facet normal -0.442171 0.896931 0
    outer loop
      vertex 4.95194 52.7716 2
      vertex 4.6 52.5981 3.2
      vertex 4.95194 52.7716 3.2
    endloop
  endfacet
  facet normal -0.442171 0.896931 0
    outer loop
      vertex 4.6 52.5981 3.2
      vertex 4.95194 52.7716 2
      vertex 4.6 52.5981 2
    endloop
  endfacet
  facet normal 0.751724 0.659478 0
    outer loop
      vertex 70.4801 51.8263 3.2
      vertex 70.2213 52.1213 2
      vertex 70.2213 52.1213 3.2
    endloop
  endfacet
  facet normal 0.751724 0.659478 0
    outer loop
      vertex 70.2213 52.1213 2
      vertex 70.4801 51.8263 3.2
      vertex 70.4801 51.8263 2
    endloop
  endfacet
  facet normal -0.0654923 0.997853 0
    outer loop
      vertex 6.1 53 2
      vertex 5.70843 52.9743 3.2
      vertex 6.1 53 3.2
    endloop
  endfacet
  facet normal -0.0654923 0.997853 0
    outer loop
      vertex 5.70843 52.9743 3.2
      vertex 6.1 53 2
      vertex 5.70843 52.9743 2
    endloop
  endfacet
  facet normal -0.321574 -0.946885 0
    outer loop
      vertex 4.95194 31.2284 2
      vertex 5.32354 31.1022 3.2
      vertex 4.95194 31.2284 3.2
    endloop
  endfacet
  facet normal -0.321574 -0.946885 -0
    outer loop
      vertex 5.32354 31.1022 3.2
      vertex 4.95194 31.2284 2
      vertex 5.32354 31.1022 2
    endloop
  endfacet
  facet normal 0 1 -0
    outer loop
      vertex 68.1 53 2
      vertex 6.1 53 3.2
      vertex 68.1 53 3.2
    endloop
  endfacet
  facet normal 0 1 0
    outer loop
      vertex 6.1 53 3.2
      vertex 68.1 53 2
      vertex 6.1 53 2
    endloop
  endfacet
  facet normal 0.831501 0.555523 0
    outer loop
      vertex 70.6981 51.5 3.2
      vertex 70.4801 51.8263 2
      vertex 70.4801 51.8263 3.2
    endloop
  endfacet
  facet normal 0.831501 0.555523 0
    outer loop
      vertex 70.4801 51.8263 2
      vertex 70.6981 51.5 3.2
      vertex 70.6981 51.5 2
    endloop
  endfacet
  facet normal -1 0 0
    outer loop
      vertex 3.1 34 2
      vertex 3.1 50 3.2
      vertex 3.1 50 2
    endloop
  endfacet
  facet normal -1 -0 0
    outer loop
      vertex 3.1 50 3.2
      vertex 3.1 34 2
      vertex 3.1 34 3.2
    endloop
  endfacet
  facet normal 0.19494 0.980815 -0
    outer loop
      vertex 68.8765 52.8978 2
      vertex 68.4916 52.9743 3.2
      vertex 68.8765 52.8978 3.2
    endloop
  endfacet
  facet normal 0.19494 0.980815 0
    outer loop
      vertex 68.4916 52.9743 3.2
      vertex 68.8765 52.8978 2
      vertex 68.4916 52.9743 2
    endloop
  endfacet
  facet normal -0.751787 -0.659406 0
    outer loop
      vertex 3.97868 31.8787 2
      vertex 3.71993 32.1737 3.2
      vertex 3.71993 32.1737 2
    endloop
  endfacet
  facet normal -0.751787 -0.659406 0
    outer loop
      vertex 3.71993 32.1737 3.2
      vertex 3.97868 31.8787 2
      vertex 3.97868 31.8787 3.2
    endloop
  endfacet
  facet normal -0.321574 0.946885 0
    outer loop
      vertex 5.32354 52.8978 2
      vertex 4.95194 52.7716 3.2
      vertex 5.32354 52.8978 3.2
    endloop
  endfacet
  facet normal -0.321574 0.946885 0
    outer loop
      vertex 4.95194 52.7716 3.2
      vertex 5.32354 52.8978 2
      vertex 4.95194 52.7716 2
    endloop
  endfacet
  facet normal -0.442171 -0.896931 0
    outer loop
      vertex 4.6 31.4019 2
      vertex 4.95194 31.2284 3.2
      vertex 4.6 31.4019 3.2
    endloop
  endfacet
  facet normal -0.442171 -0.896931 -0
    outer loop
      vertex 4.95194 31.2284 3.2
      vertex 4.6 31.4019 2
      vertex 4.95194 31.2284 2
    endloop
  endfacet
  facet normal -0.99786 0.0653858 0
    outer loop
      vertex 3.1 50 2
      vertex 3.12566 50.3916 3.2
      vertex 3.12566 50.3916 2
    endloop
  endfacet
  facet normal -0.99786 0.0653858 0
    outer loop
      vertex 3.12566 50.3916 3.2
      vertex 3.1 50 2
      vertex 3.1 50 3.2
    endloop
  endfacet
  facet normal -0.194945 0.980814 0
    outer loop
      vertex 5.70843 52.9743 2
      vertex 5.32354 52.8978 3.2
      vertex 5.70843 52.9743 3.2
    endloop
  endfacet
  facet normal -0.194945 0.980814 0
    outer loop
      vertex 5.32354 52.8978 3.2
      vertex 5.70843 52.9743 2
      vertex 5.32354 52.8978 2
    endloop
  endfacet
  facet normal -0.194945 -0.980814 0
    outer loop
      vertex 5.32354 31.1022 2
      vertex 5.70843 31.0257 3.2
      vertex 5.32354 31.1022 3.2
    endloop
  endfacet
  facet normal -0.194945 -0.980814 -0
    outer loop
      vertex 5.70843 31.0257 3.2
      vertex 5.32354 31.1022 2
      vertex 5.70843 31.0257 2
    endloop
  endfacet
  facet normal -0.0654923 -0.997853 0
    outer loop
      vertex 5.70843 31.0257 2
      vertex 6.1 31 3.2
      vertex 5.70843 31.0257 3.2
    endloop
  endfacet
  facet normal -0.0654923 -0.997853 -0
    outer loop
      vertex 6.1 31 3.2
      vertex 5.70843 31.0257 2
      vertex 6.1 31 2
    endloop
  endfacet
  facet normal -0.659428 0.751768 0
    outer loop
      vertex 4.27372 52.3801 2
      vertex 3.97868 52.1213 3.2
      vertex 4.27372 52.3801 3.2
    endloop
  endfacet
  facet normal -0.659428 0.751768 0
    outer loop
      vertex 3.97868 52.1213 3.2
      vertex 4.27372 52.3801 2
      vertex 3.97868 52.1213 2
    endloop
  endfacet
  facet normal -0.89685 0.442334 0
    outer loop
      vertex 3.32836 51.1481 2
      vertex 3.50192 51.5 3.2
      vertex 3.50192 51.5 2
    endloop
  endfacet
  facet normal -0.89685 0.442334 0
    outer loop
      vertex 3.50192 51.5 3.2
      vertex 3.32836 51.1481 2
      vertex 3.32836 51.1481 3.2
    endloop
  endfacet
  facet normal -0.751787 0.659406 0
    outer loop
      vertex 3.71993 51.8263 2
      vertex 3.97868 52.1213 3.2
      vertex 3.97868 52.1213 2
    endloop
  endfacet
  facet normal -0.751787 0.659406 0
    outer loop
      vertex 3.97868 52.1213 3.2
      vertex 3.71993 51.8263 2
      vertex 3.71993 51.8263 3.2
    endloop
  endfacet
  facet normal 0.0654873 0.997853 -0
    outer loop
      vertex 68.4916 52.9743 2
      vertex 68.1 53 3.2
      vertex 68.4916 52.9743 3.2
    endloop
  endfacet
  facet normal 0.0654873 0.997853 0
    outer loop
      vertex 68.1 53 3.2
      vertex 68.4916 52.9743 2
      vertex 68.1 53 2
    endloop
  endfacet
  facet normal -0.831489 0.555541 0
    outer loop
      vertex 3.50192 51.5 2
      vertex 3.71993 51.8263 3.2
      vertex 3.71993 51.8263 2
    endloop
  endfacet
  facet normal -0.831489 0.555541 0
    outer loop
      vertex 3.71993 51.8263 3.2
      vertex 3.50192 51.5 2
      vertex 3.50192 51.5 3.2
    endloop
  endfacet
  facet normal -0.946931 -0.321437 0
    outer loop
      vertex 3.32836 32.8519 2
      vertex 3.20222 33.2235 3.2
      vertex 3.20222 33.2235 2
    endloop
  endfacet
  facet normal -0.946931 -0.321437 0
    outer loop
      vertex 3.20222 33.2235 3.2
      vertex 3.32836 32.8519 2
      vertex 3.32836 32.8519 3.2
    endloop
  endfacet
  facet normal 0.946885 0.321574 0
    outer loop
      vertex 70.9978 50.7765 3.2
      vertex 70.8716 51.1481 2
      vertex 70.8716 51.1481 3.2
    endloop
  endfacet
  facet normal 0.946885 0.321574 0
    outer loop
      vertex 70.8716 51.1481 2
      vertex 70.9978 50.7765 3.2
      vertex 70.9978 50.7765 2
    endloop
  endfacet
  facet normal -0.946931 0.321437 0
    outer loop
      vertex 3.20222 50.7765 2
      vertex 3.32836 51.1481 3.2
      vertex 3.32836 51.1481 2
    endloop
  endfacet
  facet normal -0.946931 0.321437 0
    outer loop
      vertex 3.32836 51.1481 3.2
      vertex 3.20222 50.7765 2
      vertex 3.20222 50.7765 3.2
    endloop
  endfacet
  facet normal 0.997853 -0.0654873 0
    outer loop
      vertex 71.0743 33.6084 3.2
      vertex 71.1 34 2
      vertex 71.1 34 3.2
    endloop
  endfacet
  facet normal 0.997853 -0.0654873 0
    outer loop
      vertex 71.1 34 2
      vertex 71.0743 33.6084 3.2
      vertex 71.0743 33.6084 2
    endloop
  endfacet
  facet normal 0.659478 0.751724 -0
    outer loop
      vertex 70.2213 52.1213 2
      vertex 69.9263 52.3801 3.2
      vertex 70.2213 52.1213 3.2
    endloop
  endfacet
  facet normal 0.659478 0.751724 0
    outer loop
      vertex 69.9263 52.3801 3.2
      vertex 70.2213 52.1213 2
      vertex 69.9263 52.3801 2
    endloop
  endfacet
  facet normal 0.555523 0.831501 -0
    outer loop
      vertex 69.9263 52.3801 2
      vertex 69.6 52.5981 3.2
      vertex 69.9263 52.3801 3.2
    endloop
  endfacet
  facet normal 0.555523 0.831501 0
    outer loop
      vertex 69.6 52.5981 3.2
      vertex 69.9263 52.3801 2
      vertex 69.6 52.5981 2
    endloop
  endfacet
  facet normal -0.89685 -0.442334 0
    outer loop
      vertex 3.50192 32.5 2
      vertex 3.32836 32.8519 3.2
      vertex 3.32836 32.8519 2
    endloop
  endfacet
  facet normal -0.89685 -0.442334 0
    outer loop
      vertex 3.32836 32.8519 3.2
      vertex 3.50192 32.5 2
      vertex 3.50192 32.5 3.2
    endloop
  endfacet
  facet normal 0.321574 0.946885 -0
    outer loop
      vertex 69.2481 52.7716 2
      vertex 68.8765 52.8978 3.2
      vertex 69.2481 52.7716 3.2
    endloop
  endfacet
  facet normal 0.321574 0.946885 0
    outer loop
      vertex 68.8765 52.8978 3.2
      vertex 69.2481 52.7716 2
      vertex 68.8765 52.8978 2
    endloop
  endfacet
  facet normal 0.896911 -0.442211 0
    outer loop
      vertex 70.6981 32.5 3.2
      vertex 70.8716 32.8519 2
      vertex 70.8716 32.8519 3.2
    endloop
  endfacet
  facet normal 0.896911 -0.442211 0
    outer loop
      vertex 70.8716 32.8519 2
      vertex 70.6981 32.5 3.2
      vertex 70.6981 32.5 2
    endloop
  endfacet
  facet normal 0.442211 0.896911 -0
    outer loop
      vertex 69.6 52.5981 2
      vertex 69.2481 52.7716 3.2
      vertex 69.6 52.5981 3.2
    endloop
  endfacet
  facet normal 0.442211 0.896911 0
    outer loop
      vertex 69.2481 52.7716 3.2
      vertex 69.6 52.5981 2
      vertex 69.2481 52.7716 2
    endloop
  endfacet
  facet normal 1 -0 0
    outer loop
      vertex 71.1 34 3.2
      vertex 71.1 50 2
      vertex 71.1 50 3.2
    endloop
  endfacet
  facet normal 1 0 0
    outer loop
      vertex 71.1 50 2
      vertex 71.1 34 3.2
      vertex 71.1 34 2
    endloop
  endfacet
  facet normal -0.659428 -0.751768 0
    outer loop
      vertex 3.97868 31.8787 2
      vertex 4.27372 31.6199 3.2
      vertex 3.97868 31.8787 3.2
    endloop
  endfacet
  facet normal -0.659428 -0.751768 -0
    outer loop
      vertex 4.27372 31.6199 3.2
      vertex 3.97868 31.8787 2
      vertex 4.27372 31.6199 2
    endloop
  endfacet
  facet normal 0.831501 -0.555523 0
    outer loop
      vertex 70.4801 32.1737 3.2
      vertex 70.6981 32.5 2
      vertex 70.6981 32.5 3.2
    endloop
  endfacet
  facet normal 0.831501 -0.555523 0
    outer loop
      vertex 70.6981 32.5 2
      vertex 70.4801 32.1737 3.2
      vertex 70.4801 32.1737 2
    endloop
  endfacet
  facet normal -0.980786 0.195087 0
    outer loop
      vertex 3.12566 50.3916 2
      vertex 3.20222 50.7765 3.2
      vertex 3.20222 50.7765 2
    endloop
  endfacet
  facet normal -0.980786 0.195087 0
    outer loop
      vertex 3.20222 50.7765 3.2
      vertex 3.12566 50.3916 2
      vertex 3.12566 50.3916 3.2
    endloop
  endfacet
  facet normal 0.751724 -0.659478 0
    outer loop
      vertex 70.2213 31.8787 3.2
      vertex 70.4801 32.1737 2
      vertex 70.4801 32.1737 3.2
    endloop
  endfacet
  facet normal 0.751724 -0.659478 0
    outer loop
      vertex 70.4801 32.1737 2
      vertex 70.2213 31.8787 3.2
      vertex 70.2213 31.8787 2
    endloop
  endfacet
  facet normal -0.980786 -0.195087 0
    outer loop
      vertex 3.20222 33.2235 2
      vertex 3.12566 33.6084 3.2
      vertex 3.12566 33.6084 2
    endloop
  endfacet
  facet normal -0.980786 -0.195087 0
    outer loop
      vertex 3.12566 33.6084 3.2
      vertex 3.20222 33.2235 2
      vertex 3.20222 33.2235 3.2
    endloop
  endfacet
  facet normal -0.831489 -0.555541 0
    outer loop
      vertex 3.71993 32.1737 2
      vertex 3.50192 32.5 3.2
      vertex 3.50192 32.5 2
    endloop
  endfacet
  facet normal -0.831489 -0.555541 0
    outer loop
      vertex 3.50192 32.5 3.2
      vertex 3.71993 32.1737 2
      vertex 3.71993 32.1737 3.2
    endloop
  endfacet
  facet normal 0 0 1
    outer loop
      vertex 65.5919 48.15 3.2
      vertex 71.1 50 3.2
      vertex 71.0743 50.3916 3.2
    endloop
  endfacet
  facet normal 0 0 1
    outer loop
      vertex 71.1 50 3.2
      vertex 65.9 47 3.2
      vertex 71.1 34 3.2
    endloop
  endfacet
  facet normal 0 0 1
    outer loop
      vertex 65.5919 48.15 3.2
      vertex 71.0743 50.3916 3.2
      vertex 70.9978 50.7765 3.2
    endloop
  endfacet
  facet normal -0 0 1
    outer loop
      vertex 65.9 37 3.2
      vertex 71.1 34 3.2
      vertex 65.9 47 3.2
    endloop
  endfacet
  facet normal 0 0 1
    outer loop
      vertex 65.5919 48.15 3.2
      vertex 70.9978 50.7765 3.2
      vertex 70.8716 51.1481 3.2
    endloop
  endfacet
  facet normal -0 0 1
    outer loop
      vertex 65.8803 36.6998 3.2
      vertex 71.1 34 3.2
      vertex 65.9 37 3.2
    endloop
  endfacet
  facet normal 0 0 1
    outer loop
      vertex 65.5919 48.15 3.2
      vertex 70.8716 51.1481 3.2
      vertex 70.6981 51.5 3.2
    endloop
  endfacet
  facet normal -0 0 1
    outer loop
      vertex 65.8216 36.4047 3.2
      vertex 71.1 34 3.2
      vertex 65.8803 36.6998 3.2
    endloop
  endfacet
  facet normal 0 0 1
    outer loop
      vertex 65.5919 48.15 3.2
      vertex 70.6981 51.5 3.2
      vertex 70.4801 51.8263 3.2
    endloop
  endfacet
  facet normal -0 0 1
    outer loop
      vertex 65.7249 36.1198 3.2
      vertex 71.1 34 3.2
      vertex 65.8216 36.4047 3.2
    endloop
  endfacet
  facet normal 0 0 1
    outer loop
      vertex 65.5919 48.15 3.2
      vertex 70.4801 51.8263 3.2
      vertex 70.2213 52.1213 3.2
    endloop
  endfacet
  facet normal -0 0 1
    outer loop
      vertex 65.5919 35.85 3.2
      vertex 71.1 34 3.2
      vertex 65.7249 36.1198 3.2
    endloop
  endfacet
  facet normal 0 0 1
    outer loop
      vertex 65.5919 48.15 3.2
      vertex 70.2213 52.1213 3.2
      vertex 69.9263 52.3801 3.2
    endloop
  endfacet
  facet normal 0 0 1
    outer loop
      vertex 71.1 34 3.2
      vertex 65.5919 35.85 3.2
      vertex 71.0743 33.6084 3.2
    endloop
  endfacet
  facet normal 0 0 1
    outer loop
      vertex 65.5919 48.15 3.2
      vertex 69.9263 52.3801 3.2
      vertex 69.6 52.5981 3.2
    endloop
  endfacet
  facet normal 0 0 1
    outer loop
      vertex 71.0743 33.6084 3.2
      vertex 65.5919 35.85 3.2
      vertex 70.9978 33.2235 3.2
    endloop
  endfacet
  facet normal 0 0 1
    outer loop
      vertex 65.5919 48.15 3.2
      vertex 69.6 52.5981 3.2
      vertex 69.2481 52.7716 3.2
    endloop
  endfacet
  facet normal 0 0 1
    outer loop
      vertex 70.9978 33.2235 3.2
      vertex 65.5919 35.85 3.2
      vertex 70.8716 32.8519 3.2
    endloop
  endfacet
  facet normal 0 0 1
    outer loop
      vertex 65.5919 48.15 3.2
      vertex 69.2481 52.7716 3.2
      vertex 68.8765 52.8978 3.2
    endloop
  endfacet
  facet normal 0 0 1
    outer loop
      vertex 70.8716 32.8519 3.2
      vertex 65.5919 35.85 3.2
      vertex 70.6981 32.5 3.2
    endloop
  endfacet
  facet normal 0 0 1
    outer loop
      vertex 65.5919 48.15 3.2
      vertex 68.8765 52.8978 3.2
      vertex 68.4916 52.9743 3.2
    endloop
  endfacet
  facet normal 0 0 1
    outer loop
      vertex 70.6981 32.5 3.2
      vertex 65.5919 35.85 3.2
      vertex 70.4801 32.1737 3.2
    endloop
  endfacet
  facet normal 0 0 1
    outer loop
      vertex 65.5919 48.15 3.2
      vertex 68.4916 52.9743 3.2
      vertex 68.1 53 3.2
    endloop
  endfacet
  facet normal 0 0 1
    outer loop
      vertex 70.4801 32.1737 3.2
      vertex 65.5919 35.85 3.2
      vertex 70.2213 31.8787 3.2
    endloop
  endfacet
  facet normal 0 0 1
    outer loop
      vertex 70.2213 31.8787 3.2
      vertex 65.5919 35.85 3.2
      vertex 69.9263 31.6199 3.2
    endloop
  endfacet
  facet normal 0 0 1
    outer loop
      vertex 71.1 50 3.2
      vertex 65.8803 47.3002 3.2
      vertex 65.9 47 3.2
    endloop
  endfacet
  facet normal 0 0 1
    outer loop
      vertex 71.1 50 3.2
      vertex 65.8216 47.5953 3.2
      vertex 65.8803 47.3002 3.2
    endloop
  endfacet
  facet normal 0 0 1
    outer loop
      vertex 71.1 50 3.2
      vertex 65.7249 47.8802 3.2
      vertex 65.8216 47.5953 3.2
    endloop
  endfacet
  facet normal 0 0 1
    outer loop
      vertex 71.1 50 3.2
      vertex 65.5919 48.15 3.2
      vertex 65.7249 47.8802 3.2
    endloop
  endfacet
  facet normal 0 0 1
    outer loop
      vertex 68.1 53 3.2
      vertex 65.4247 48.4001 3.2
      vertex 65.5919 48.15 3.2
    endloop
  endfacet
  facet normal 0 0 1
    outer loop
      vertex 68.1 53 3.2
      vertex 65.2263 48.6263 3.2
      vertex 65.4247 48.4001 3.2
    endloop
  endfacet
  facet normal 0 0 1
    outer loop
      vertex 68.1 53 3.2
      vertex 65.0001 48.8247 3.2
      vertex 65.2263 48.6263 3.2
    endloop
  endfacet
  facet normal 0 0 1
    outer loop
      vertex 68.1 53 3.2
      vertex 64.75 48.9919 3.2
      vertex 65.0001 48.8247 3.2
    endloop
  endfacet
  facet normal 0 0 1
    outer loop
      vertex 68.1 53 3.2
      vertex 64.4802 49.1249 3.2
      vertex 64.75 48.9919 3.2
    endloop
  endfacet
  facet normal 0 0 1
    outer loop
      vertex 68.1 53 3.2
      vertex 64.1953 49.2216 3.2
      vertex 64.4802 49.1249 3.2
    endloop
  endfacet
  facet normal 0 0 1
    outer loop
      vertex 68.1 53 3.2
      vertex 63.9002 49.2803 3.2
      vertex 64.1953 49.2216 3.2
    endloop
  endfacet
  facet normal 0 0 1
    outer loop
      vertex 68.1 53 3.2
      vertex 63.6 49.3 3.2
      vertex 63.9002 49.2803 3.2
    endloop
  endfacet
  facet normal 0 0 1
    outer loop
      vertex 68.1 53 3.2
      vertex 10.6 49.3 3.2
      vertex 63.6 49.3 3.2
    endloop
  endfacet
  facet normal 0 0 1
    outer loop
      vertex 8.31968 47.3002 3.2
      vertex 3.1 50 3.2
      vertex 8.3 47 3.2
    endloop
  endfacet
  facet normal 0 0 1
    outer loop
      vertex 8.37837 47.5953 3.2
      vertex 3.1 50 3.2
      vertex 8.31968 47.3002 3.2
    endloop
  endfacet
  facet normal 0 0 1
    outer loop
      vertex 8.47508 47.8802 3.2
      vertex 3.1 50 3.2
      vertex 8.37837 47.5953 3.2
    endloop
  endfacet
  facet normal 0 0 1
    outer loop
      vertex 8.60815 48.15 3.2
      vertex 3.1 50 3.2
      vertex 8.47508 47.8802 3.2
    endloop
  endfacet
  facet normal -0 0 1
    outer loop
      vertex 3.1 50 3.2
      vertex 8.60815 48.15 3.2
      vertex 6.1 53 3.2
    endloop
  endfacet
  facet normal 0 0 1
    outer loop
      vertex 8.77529 48.4001 3.2
      vertex 6.1 53 3.2
      vertex 8.60815 48.15 3.2
    endloop
  endfacet
  facet normal 0 0 1
    outer loop
      vertex 8.97366 48.6263 3.2
      vertex 6.1 53 3.2
      vertex 8.77529 48.4001 3.2
    endloop
  endfacet
  facet normal 0 0 1
    outer loop
      vertex 9.19985 48.8247 3.2
      vertex 6.1 53 3.2
      vertex 8.97366 48.6263 3.2
    endloop
  endfacet
  facet normal 0 0 1
    outer loop
      vertex 9.45001 48.9919 3.2
      vertex 6.1 53 3.2
      vertex 9.19985 48.8247 3.2
    endloop
  endfacet
  facet normal 0 0 1
    outer loop
      vertex 9.71983 49.1249 3.2
      vertex 6.1 53 3.2
      vertex 9.45001 48.9919 3.2
    endloop
  endfacet
  facet normal 0 0 1
    outer loop
      vertex 10.0047 49.2216 3.2
      vertex 6.1 53 3.2
      vertex 9.71983 49.1249 3.2
    endloop
  endfacet
  facet normal 0 0 1
    outer loop
      vertex 10.2998 49.2803 3.2
      vertex 6.1 53 3.2
      vertex 10.0047 49.2216 3.2
    endloop
  endfacet
  facet normal 0 0 1
    outer loop
      vertex 10.6 49.3 3.2
      vertex 6.1 53 3.2
      vertex 10.2998 49.2803 3.2
    endloop
  endfacet
  facet normal -0 0 1
    outer loop
      vertex 6.1 53 3.2
      vertex 10.6 49.3 3.2
      vertex 68.1 53 3.2
    endloop
  endfacet
  facet normal 0 0 1
    outer loop
      vertex 69.9263 31.6199 3.2
      vertex 65.5919 35.85 3.2
      vertex 69.6 31.4019 3.2
    endloop
  endfacet
  facet normal 0 0 1
    outer loop
      vertex 69.6 31.4019 3.2
      vertex 65.5919 35.85 3.2
      vertex 69.2481 31.2284 3.2
    endloop
  endfacet
  facet normal 0 0 1
    outer loop
      vertex 69.2481 31.2284 3.2
      vertex 65.5919 35.85 3.2
      vertex 68.8765 31.1022 3.2
    endloop
  endfacet
  facet normal 0 0 1
    outer loop
      vertex 68.8765 31.1022 3.2
      vertex 65.5919 35.85 3.2
      vertex 68.4916 31.0257 3.2
    endloop
  endfacet
  facet normal 0 0 1
    outer loop
      vertex 68.4916 31.0257 3.2
      vertex 65.5919 35.85 3.2
      vertex 68.1 31 3.2
    endloop
  endfacet
  facet normal -0 0 1
    outer loop
      vertex 65.4247 35.5999 3.2
      vertex 68.1 31 3.2
      vertex 65.5919 35.85 3.2
    endloop
  endfacet
  facet normal -0 0 1
    outer loop
      vertex 65.2263 35.3737 3.2
      vertex 68.1 31 3.2
      vertex 65.4247 35.5999 3.2
    endloop
  endfacet
  facet normal -0 0 1
    outer loop
      vertex 65.0001 35.1753 3.2
      vertex 68.1 31 3.2
      vertex 65.2263 35.3737 3.2
    endloop
  endfacet
  facet normal -0 0 1
    outer loop
      vertex 64.75 35.0081 3.2
      vertex 68.1 31 3.2
      vertex 65.0001 35.1753 3.2
    endloop
  endfacet
  facet normal -0 0 1
    outer loop
      vertex 64.4802 34.8751 3.2
      vertex 68.1 31 3.2
      vertex 64.75 35.0081 3.2
    endloop
  endfacet
  facet normal -0 0 1
    outer loop
      vertex 64.1953 34.7784 3.2
      vertex 68.1 31 3.2
      vertex 64.4802 34.8751 3.2
    endloop
  endfacet
  facet normal -0 0 1
    outer loop
      vertex 63.9002 34.7197 3.2
      vertex 68.1 31 3.2
      vertex 64.1953 34.7784 3.2
    endloop
  endfacet
  facet normal -0 0 1
    outer loop
      vertex 63.6 34.7 3.2
      vertex 68.1 31 3.2
      vertex 63.9002 34.7197 3.2
    endloop
  endfacet
  facet normal -0 0 1
    outer loop
      vertex 10.6 34.7 3.2
      vertex 68.1 31 3.2
      vertex 63.6 34.7 3.2
    endloop
  endfacet
  facet normal 0 0 1
    outer loop
      vertex 8.3 47 3.2
      vertex 3.1 50 3.2
      vertex 8.3 37 3.2
    endloop
  endfacet
  facet normal 0 0 1
    outer loop
      vertex 10.6 34.7 3.2
      vertex 6.1 31 3.2
      vertex 68.1 31 3.2
    endloop
  endfacet
  facet normal 0 0 1
    outer loop
      vertex 10.2998 34.7197 3.2
      vertex 6.1 31 3.2
      vertex 10.6 34.7 3.2
    endloop
  endfacet
  facet normal 0 0 1
    outer loop
      vertex 10.0047 34.7784 3.2
      vertex 6.1 31 3.2
      vertex 10.2998 34.7197 3.2
    endloop
  endfacet
  facet normal 0 0 1
    outer loop
      vertex 9.71983 34.8751 3.2
      vertex 6.1 31 3.2
      vertex 10.0047 34.7784 3.2
    endloop
  endfacet
  facet normal 0 0 1
    outer loop
      vertex 9.45001 35.0081 3.2
      vertex 6.1 31 3.2
      vertex 9.71983 34.8751 3.2
    endloop
  endfacet
  facet normal 0 0 1
    outer loop
      vertex 9.19985 35.1753 3.2
      vertex 6.1 31 3.2
      vertex 9.45001 35.0081 3.2
    endloop
  endfacet
  facet normal 0 0 1
    outer loop
      vertex 8.97366 35.3737 3.2
      vertex 6.1 31 3.2
      vertex 9.19985 35.1753 3.2
    endloop
  endfacet
  facet normal 0 0 1
    outer loop
      vertex 8.77529 35.5999 3.2
      vertex 6.1 31 3.2
      vertex 8.97366 35.3737 3.2
    endloop
  endfacet
  facet normal 0 0 1
    outer loop
      vertex 8.60815 35.85 3.2
      vertex 6.1 31 3.2
      vertex 8.77529 35.5999 3.2
    endloop
  endfacet
  facet normal 0 0 1
    outer loop
      vertex 3.1 34 3.2
      vertex 8.60815 35.85 3.2
      vertex 8.47508 36.1198 3.2
    endloop
  endfacet
  facet normal 0 0 1
    outer loop
      vertex 3.1 34 3.2
      vertex 8.47508 36.1198 3.2
      vertex 8.37837 36.4047 3.2
    endloop
  endfacet
  facet normal 0 0 1
    outer loop
      vertex 3.1 34 3.2
      vertex 8.37837 36.4047 3.2
      vertex 8.31968 36.6998 3.2
    endloop
  endfacet
  facet normal 0 0 1
    outer loop
      vertex 3.1 34 3.2
      vertex 8.3 37 3.2
      vertex 3.1 50 3.2
    endloop
  endfacet
  facet normal 0 0 1
    outer loop
      vertex 3.1 50 3.2
      vertex 6.1 53 3.2
      vertex 5.70843 52.9743 3.2
    endloop
  endfacet
  facet normal 0 0 1
    outer loop
      vertex 8.3 37 3.2
      vertex 3.1 34 3.2
      vertex 8.31968 36.6998 3.2
    endloop
  endfacet
  facet normal 0 0 1
    outer loop
      vertex 3.1 50 3.2
      vertex 5.70843 52.9743 3.2
      vertex 5.32354 52.8978 3.2
    endloop
  endfacet
  facet normal 0 0 1
    outer loop
      vertex 8.60815 35.85 3.2
      vertex 3.1 34 3.2
      vertex 6.1 31 3.2
    endloop
  endfacet
  facet normal 0 0 1
    outer loop
      vertex 3.1 50 3.2
      vertex 5.32354 52.8978 3.2
      vertex 4.95194 52.7716 3.2
    endloop
  endfacet
  facet normal 0 0 1
    outer loop
      vertex 6.1 31 3.2
      vertex 3.1 34 3.2
      vertex 5.70843 31.0257 3.2
    endloop
  endfacet
  facet normal 0 0 1
    outer loop
      vertex 3.1 50 3.2
      vertex 4.95194 52.7716 3.2
      vertex 4.6 52.5981 3.2
    endloop
  endfacet
  facet normal 0 0 1
    outer loop
      vertex 5.70843 31.0257 3.2
      vertex 3.1 34 3.2
      vertex 5.32354 31.1022 3.2
    endloop
  endfacet
  facet normal 0 0 1
    outer loop
      vertex 3.1 50 3.2
      vertex 4.6 52.5981 3.2
      vertex 4.27372 52.3801 3.2
    endloop
  endfacet
  facet normal 0 0 1
    outer loop
      vertex 5.32354 31.1022 3.2
      vertex 3.1 34 3.2
      vertex 4.95194 31.2284 3.2
    endloop
  endfacet
  facet normal 0 0 1
    outer loop
      vertex 3.1 50 3.2
      vertex 4.27372 52.3801 3.2
      vertex 3.97868 52.1213 3.2
    endloop
  endfacet
  facet normal 0 0 1
    outer loop
      vertex 4.95194 31.2284 3.2
      vertex 3.1 34 3.2
      vertex 4.6 31.4019 3.2
    endloop
  endfacet
  facet normal 0 0 1
    outer loop
      vertex 3.1 50 3.2
      vertex 3.97868 52.1213 3.2
      vertex 3.71993 51.8263 3.2
    endloop
  endfacet
  facet normal 0 0 1
    outer loop
      vertex 4.6 31.4019 3.2
      vertex 3.1 34 3.2
      vertex 4.27372 31.6199 3.2
    endloop
  endfacet
  facet normal 0 0 1
    outer loop
      vertex 3.1 50 3.2
      vertex 3.71993 51.8263 3.2
      vertex 3.50192 51.5 3.2
    endloop
  endfacet
  facet normal 0 0 1
    outer loop
      vertex 4.27372 31.6199 3.2
      vertex 3.1 34 3.2
      vertex 3.97868 31.8787 3.2
    endloop
  endfacet
  facet normal 0 0 1
    outer loop
      vertex 3.1 50 3.2
      vertex 3.50192 51.5 3.2
      vertex 3.32836 51.1481 3.2
    endloop
  endfacet
  facet normal 0 0 1
    outer loop
      vertex 3.97868 31.8787 3.2
      vertex 3.1 34 3.2
      vertex 3.71993 32.1737 3.2
    endloop
  endfacet
  facet normal 0 0 1
    outer loop
      vertex 3.1 50 3.2
      vertex 3.32836 51.1481 3.2
      vertex 3.20222 50.7765 3.2
    endloop
  endfacet
  facet normal 0 0 1
    outer loop
      vertex 3.71993 32.1737 3.2
      vertex 3.1 34 3.2
      vertex 3.50192 32.5 3.2
    endloop
  endfacet
  facet normal 0 0 1
    outer loop
      vertex 3.1 50 3.2
      vertex 3.20222 50.7765 3.2
      vertex 3.12566 50.3916 3.2
    endloop
  endfacet
  facet normal 0 0 1
    outer loop
      vertex 3.50192 32.5 3.2
      vertex 3.1 34 3.2
      vertex 3.32836 32.8519 3.2
    endloop
  endfacet
  facet normal 0 0 1
    outer loop
      vertex 3.32836 32.8519 3.2
      vertex 3.1 34 3.2
      vertex 3.20222 33.2235 3.2
    endloop
  endfacet
  facet normal 0 0 1
    outer loop
      vertex 3.20222 33.2235 3.2
      vertex 3.1 34 3.2
      vertex 3.12566 33.6084 3.2
    endloop
  endfacet
  facet normal 0.946885 -0.321574 0
    outer loop
      vertex 70.8716 32.8519 3.2
      vertex 70.9978 33.2235 2
      vertex 70.9978 33.2235 3.2
    endloop
  endfacet
  facet normal 0.946885 -0.321574 0
    outer loop
      vertex 70.9978 33.2235 2
      vertex 70.8716 32.8519 3.2
      vertex 70.8716 32.8519 2
    endloop
  endfacet
  facet normal 0.442211 -0.896911 0
    outer loop
      vertex 69.2481 31.2284 2
      vertex 69.6 31.4019 3.2
      vertex 69.2481 31.2284 3.2
    endloop
  endfacet
  facet normal 0.442211 -0.896911 0
    outer loop
      vertex 69.6 31.4019 3.2
      vertex 69.2481 31.2284 2
      vertex 69.6 31.4019 2
    endloop
  endfacet
  facet normal 0.659478 -0.751724 0
    outer loop
      vertex 69.9263 31.6199 2
      vertex 70.2213 31.8787 3.2
      vertex 69.9263 31.6199 3.2
    endloop
  endfacet
  facet normal 0.659478 -0.751724 0
    outer loop
      vertex 70.2213 31.8787 3.2
      vertex 69.9263 31.6199 2
      vertex 70.2213 31.8787 2
    endloop
  endfacet
  facet normal 0.555523 -0.831501 0
    outer loop
      vertex 69.6 31.4019 2
      vertex 69.9263 31.6199 3.2
      vertex 69.6 31.4019 3.2
    endloop
  endfacet
  facet normal 0.555523 -0.831501 0
    outer loop
      vertex 69.9263 31.6199 3.2
      vertex 69.6 31.4019 2
      vertex 69.9263 31.6199 2
    endloop
  endfacet
  facet normal -0.946918 -0.321475 0
    outer loop
      vertex 74.7612 38.1732 2
      vertex 74.3407 39.4118 3.2
      vertex 74.3407 39.4118 2
    endloop
  endfacet
  facet normal -0.946918 -0.321475 0
    outer loop
      vertex 74.3407 39.4118 3.2
      vertex 74.7612 38.1732 2
      vertex 74.7612 38.1732 3.2
    endloop
  endfacet
  facet normal 0.980798 0.195028 0
    outer loop
      vertex 93.9144 43.3053 3.2
      vertex 93.6593 44.5882 2
      vertex 93.6593 44.5882 3.2
    endloop
  endfacet
  facet normal 0.980798 0.195028 0
    outer loop
      vertex 93.6593 44.5882 2
      vertex 93.9144 43.3053 3.2
      vertex 93.9144 43.3053 2
    endloop
  endfacet
  facet normal 0.997857 0.0654382 0
    outer loop
      vertex 94 42 3.2
      vertex 93.9144 43.3053 2
      vertex 93.9144 43.3053 3.2
    endloop
  endfacet
  facet normal 0.997857 0.0654382 0
    outer loop
      vertex 93.9144 43.3053 2
      vertex 94 42 3.2
      vertex 94 42 2
    endloop
  endfacet
  facet normal 0.946918 0.321475 0
    outer loop
      vertex 93.6593 44.5882 3.2
      vertex 93.2388 45.8268 2
      vertex 93.2388 45.8268 3.2
    endloop
  endfacet
  facet normal 0.946918 0.321475 0
    outer loop
      vertex 93.2388 45.8268 2
      vertex 93.6593 44.5882 3.2
      vertex 93.6593 44.5882 2
    endloop
  endfacet
  facet normal 0.321475 0.946918 -0
    outer loop
      vertex 87.8268 51.2388 2
      vertex 86.5882 51.6593 3.2
      vertex 87.8268 51.2388 3.2
    endloop
  endfacet
  facet normal 0.321475 0.946918 0
    outer loop
      vertex 86.5882 51.6593 3.2
      vertex 87.8268 51.2388 2
      vertex 86.5882 51.6593 2
    endloop
  endfacet
  facet normal -0.997862 0.0653621 0
    outer loop
      vertex 74 42 2
      vertex 74.0855 43.3053 3.2
      vertex 74.0855 43.3053 2
    endloop
  endfacet
  facet normal -0.997862 0.0653621 0
    outer loop
      vertex 74.0855 43.3053 3.2
      vertex 74 42 2
      vertex 74 42 3.2
    endloop
  endfacet
  facet normal 0.6593 -0.75188 0
    outer loop
      vertex 90.0876 34.0665 2
      vertex 91.0711 34.9289 3.2
      vertex 90.0876 34.0665 3.2
    endloop
  endfacet
  facet normal 0.6593 -0.75188 0
    outer loop
      vertex 91.0711 34.9289 3.2
      vertex 90.0876 34.0665 2
      vertex 91.0711 34.9289 2
    endloop
  endfacet
  facet normal 0.555617 -0.831438 0
    outer loop
      vertex 89 33.3397 2
      vertex 90.0876 34.0665 3.2
      vertex 89 33.3397 3.2
    endloop
  endfacet
  facet normal 0.555617 -0.831438 0
    outer loop
      vertex 90.0876 34.0665 3.2
      vertex 89 33.3397 2
      vertex 90.0876 34.0665 2
    endloop
  endfacet
  facet normal 0.89689 0.442253 0
    outer loop
      vertex 93.2388 45.8268 3.2
      vertex 92.6603 47 2
      vertex 92.6603 47 3.2
    endloop
  endfacet
  facet normal 0.89689 0.442253 0
    outer loop
      vertex 92.6603 47 2
      vertex 93.2388 45.8268 3.2
      vertex 93.2388 45.8268 2
    endloop
  endfacet
  facet normal 0.555617 0.831438 -0
    outer loop
      vertex 90.0876 49.9335 2
      vertex 89 50.6603 3.2
      vertex 90.0876 49.9335 3.2
    endloop
  endfacet
  facet normal 0.555617 0.831438 0
    outer loop
      vertex 89 50.6603 3.2
      vertex 90.0876 49.9335 2
      vertex 89 50.6603 2
    endloop
  endfacet
  facet normal 0.997857 -0.0654382 0
    outer loop
      vertex 93.9144 40.6947 3.2
      vertex 94 42 2
      vertex 94 42 3.2
    endloop
  endfacet
  facet normal 0.997857 -0.0654382 0
    outer loop
      vertex 94 42 2
      vertex 93.9144 40.6947 3.2
      vertex 93.9144 40.6947 2
    endloop
  endfacet
  facet normal -0.75188 0.6593 0
    outer loop
      vertex 76.0665 48.0876 2
      vertex 76.9289 49.0711 3.2
      vertex 76.9289 49.0711 2
    endloop
  endfacet
  facet normal -0.75188 0.6593 0
    outer loop
      vertex 76.9289 49.0711 3.2
      vertex 76.0665 48.0876 2
      vertex 76.0665 48.0876 3.2
    endloop
  endfacet
  facet normal -0.555617 -0.831438 0
    outer loop
      vertex 77.9124 34.0665 2
      vertex 79 33.3397 3.2
      vertex 77.9124 34.0665 3.2
    endloop
  endfacet
  facet normal -0.555617 -0.831438 -0
    outer loop
      vertex 79 33.3397 3.2
      vertex 77.9124 34.0665 2
      vertex 79 33.3397 2
    endloop
  endfacet
  facet normal 0.321475 -0.946918 0
    outer loop
      vertex 86.5882 32.3407 2
      vertex 87.8268 32.7612 3.2
      vertex 86.5882 32.3407 3.2
    endloop
  endfacet
  facet normal 0.321475 -0.946918 0
    outer loop
      vertex 87.8268 32.7612 3.2
      vertex 86.5882 32.3407 2
      vertex 87.8268 32.7612 2
    endloop
  endfacet
  facet normal -0.75188 -0.6593 0
    outer loop
      vertex 76.9289 34.9289 2
      vertex 76.0665 35.9124 3.2
      vertex 76.0665 35.9124 2
    endloop
  endfacet
  facet normal -0.75188 -0.6593 0
    outer loop
      vertex 76.0665 35.9124 3.2
      vertex 76.9289 34.9289 2
      vertex 76.9289 34.9289 3.2
    endloop
  endfacet
  facet normal 0.980798 -0.195028 0
    outer loop
      vertex 93.6593 39.4118 3.2
      vertex 93.9144 40.6947 2
      vertex 93.9144 40.6947 3.2
    endloop
  endfacet
  facet normal 0.980798 -0.195028 0
    outer loop
      vertex 93.9144 40.6947 2
      vertex 93.6593 39.4118 3.2
      vertex 93.6593 39.4118 2
    endloop
  endfacet
  facet normal 0.89689 -0.442253 0
    outer loop
      vertex 92.6603 37 3.2
      vertex 93.2388 38.1732 2
      vertex 93.2388 38.1732 3.2
    endloop
  endfacet
  facet normal 0.89689 -0.442253 0
    outer loop
      vertex 93.2388 38.1732 2
      vertex 92.6603 37 3.2
      vertex 92.6603 37 2
    endloop
  endfacet
  facet normal -0.442253 -0.89689 0
    outer loop
      vertex 79 33.3397 2
      vertex 80.1732 32.7612 3.2
      vertex 79 33.3397 3.2
    endloop
  endfacet
  facet normal -0.442253 -0.89689 -0
    outer loop
      vertex 80.1732 32.7612 3.2
      vertex 79 33.3397 2
      vertex 80.1732 32.7612 2
    endloop
  endfacet
  facet normal -0.0654382 0.997857 0
    outer loop
      vertex 84 52 2
      vertex 82.6947 51.9144 3.2
      vertex 84 52 3.2
    endloop
  endfacet
  facet normal -0.0654382 0.997857 0
    outer loop
      vertex 82.6947 51.9144 3.2
      vertex 84 52 2
      vertex 82.6947 51.9144 2
    endloop
  endfacet
  facet normal -0.6593 -0.75188 0
    outer loop
      vertex 76.9289 34.9289 2
      vertex 77.9124 34.0665 3.2
      vertex 76.9289 34.9289 3.2
    endloop
  endfacet
  facet normal -0.6593 -0.75188 -0
    outer loop
      vertex 77.9124 34.0665 3.2
      vertex 76.9289 34.9289 2
      vertex 77.9124 34.0665 2
    endloop
  endfacet
  facet normal -0.321475 0.946918 0
    outer loop
      vertex 81.4118 51.6593 2
      vertex 80.1732 51.2388 3.2
      vertex 81.4118 51.6593 3.2
    endloop
  endfacet
  facet normal -0.321475 0.946918 0
    outer loop
      vertex 80.1732 51.2388 3.2
      vertex 81.4118 51.6593 2
      vertex 80.1732 51.2388 2
    endloop
  endfacet
  facet normal 0.442253 -0.89689 0
    outer loop
      vertex 87.8268 32.7612 2
      vertex 89 33.3397 3.2
      vertex 87.8268 32.7612 3.2
    endloop
  endfacet
  facet normal 0.442253 -0.89689 0
    outer loop
      vertex 89 33.3397 3.2
      vertex 87.8268 32.7612 2
      vertex 89 33.3397 2
    endloop
  endfacet
  facet normal 0.195028 -0.980798 0
    outer loop
      vertex 85.3053 32.0856 2
      vertex 86.5882 32.3407 3.2
      vertex 85.3053 32.0856 3.2
    endloop
  endfacet
  facet normal 0.195028 -0.980798 0
    outer loop
      vertex 86.5882 32.3407 3.2
      vertex 85.3053 32.0856 2
      vertex 86.5882 32.3407 2
    endloop
  endfacet
  facet normal 0.831438 0.555617 0
    outer loop
      vertex 92.6603 47 3.2
      vertex 91.9335 48.0876 2
      vertex 91.9335 48.0876 3.2
    endloop
  endfacet
  facet normal 0.831438 0.555617 0
    outer loop
      vertex 91.9335 48.0876 2
      vertex 92.6603 47 3.2
      vertex 92.6603 47 2
    endloop
  endfacet
  facet normal -0.195028 0.980798 0
    outer loop
      vertex 82.6947 51.9144 2
      vertex 81.4118 51.6593 3.2
      vertex 82.6947 51.9144 3.2
    endloop
  endfacet
  facet normal -0.195028 0.980798 0
    outer loop
      vertex 81.4118 51.6593 3.2
      vertex 82.6947 51.9144 2
      vertex 81.4118 51.6593 2
    endloop
  endfacet
  facet normal 0.75188 0.6593 0
    outer loop
      vertex 91.9335 48.0876 3.2
      vertex 91.0711 49.0711 2
      vertex 91.0711 49.0711 3.2
    endloop
  endfacet
  facet normal 0.75188 0.6593 0
    outer loop
      vertex 91.0711 49.0711 2
      vertex 91.9335 48.0876 3.2
      vertex 91.9335 48.0876 2
    endloop
  endfacet
  facet normal -0.6593 0.75188 0
    outer loop
      vertex 77.9124 49.9335 2
      vertex 76.9289 49.0711 3.2
      vertex 77.9124 49.9335 3.2
    endloop
  endfacet
  facet normal -0.6593 0.75188 0
    outer loop
      vertex 76.9289 49.0711 3.2
      vertex 77.9124 49.9335 2
      vertex 76.9289 49.0711 2
    endloop
  endfacet
  facet normal -0.555617 0.831438 0
    outer loop
      vertex 79 50.6603 2
      vertex 77.9124 49.9335 3.2
      vertex 79 50.6603 3.2
    endloop
  endfacet
  facet normal -0.555617 0.831438 0
    outer loop
      vertex 77.9124 49.9335 3.2
      vertex 79 50.6603 2
      vertex 77.9124 49.9335 2
    endloop
  endfacet
  facet normal 0.6593 0.75188 -0
    outer loop
      vertex 91.0711 49.0711 2
      vertex 90.0876 49.9335 3.2
      vertex 91.0711 49.0711 3.2
    endloop
  endfacet
  facet normal 0.6593 0.75188 0
    outer loop
      vertex 90.0876 49.9335 3.2
      vertex 91.0711 49.0711 2
      vertex 90.0876 49.9335 2
    endloop
  endfacet
  facet normal -0.321475 -0.946918 0
    outer loop
      vertex 80.1732 32.7612 2
      vertex 81.4118 32.3407 3.2
      vertex 80.1732 32.7612 3.2
    endloop
  endfacet
  facet normal -0.321475 -0.946918 -0
    outer loop
      vertex 81.4118 32.3407 3.2
      vertex 80.1732 32.7612 2
      vertex 81.4118 32.3407 2
    endloop
  endfacet
  facet normal -0.831438 0.555617 0
    outer loop
      vertex 75.3397 47 2
      vertex 76.0665 48.0876 3.2
      vertex 76.0665 48.0876 2
    endloop
  endfacet
  facet normal -0.831438 0.555617 0
    outer loop
      vertex 76.0665 48.0876 3.2
      vertex 75.3397 47 2
      vertex 75.3397 47 3.2
    endloop
  endfacet
  facet normal 0 0 1
    outer loop
      vertex 91.0401 42 3.2
      vertex 94 42 3.2
      vertex 93.9144 43.3053 3.2
    endloop
  endfacet
  facet normal 0 0 1
    outer loop
      vertex 90.9799 42.9189 3.2
      vertex 93.9144 43.3053 3.2
      vertex 93.6593 44.5882 3.2
    endloop
  endfacet
  facet normal 0 0 1
    outer loop
      vertex 94 42 3.2
      vertex 91.0401 42 3.2
      vertex 93.9144 40.6947 3.2
    endloop
  endfacet
  facet normal 0 0 1
    outer loop
      vertex 90.8002 43.8221 3.2
      vertex 93.6593 44.5882 3.2
      vertex 93.2388 45.8268 3.2
    endloop
  endfacet
  facet normal -0 0 1
    outer loop
      vertex 90.9806 41.0911 3.2
      vertex 93.9144 40.6947 3.2
      vertex 91.0401 42 3.2
    endloop
  endfacet
  facet normal 0 0 1
    outer loop
      vertex 90.4998 44.7032 3.2
      vertex 93.2388 45.8268 3.2
      vertex 92.6603 47 3.2
    endloop
  endfacet
  facet normal -0 0 1
    outer loop
      vertex 90.9799 41.0811 3.2
      vertex 93.9144 40.6947 3.2
      vertex 90.9806 41.0911 3.2
    endloop
  endfacet
  facet normal 0 0 1
    outer loop
      vertex 90.0969 45.5201 3.2
      vertex 92.6603 47 3.2
      vertex 91.9335 48.0876 3.2
    endloop
  endfacet
  facet normal 0 0 1
    outer loop
      vertex 93.9144 40.6947 3.2
      vertex 90.9799 41.0811 3.2
      vertex 93.6593 39.4118 3.2
    endloop
  endfacet
  facet normal 0 0 1
    outer loop
      vertex 89.5787 46.2933 3.2
      vertex 91.9335 48.0876 3.2
      vertex 91.0711 49.0711 3.2
    endloop
  endfacet
  facet normal -0 0 1
    outer loop
      vertex 90.8022 40.1878 3.2
      vertex 93.6593 39.4118 3.2
      vertex 90.9799 41.0811 3.2
    endloop
  endfacet
  facet normal -0 0 1
    outer loop
      vertex 90.8002 40.1779 3.2
      vertex 93.6593 39.4118 3.2
      vertex 90.8022 40.1878 3.2
    endloop
  endfacet
  facet normal 0 0 1
    outer loop
      vertex 93.9144 43.3053 3.2
      vertex 90.9806 42.9088 3.2
      vertex 91.0401 42 3.2
    endloop
  endfacet
  facet normal 0 0 1
    outer loop
      vertex 93.9144 43.3053 3.2
      vertex 90.9799 42.9189 3.2
      vertex 90.9806 42.9088 3.2
    endloop
  endfacet
  facet normal 0 0 1
    outer loop
      vertex 93.6593 44.5882 3.2
      vertex 90.8022 43.8122 3.2
      vertex 90.9799 42.9189 3.2
    endloop
  endfacet
  facet normal 0 0 1
    outer loop
      vertex 93.6593 44.5882 3.2
      vertex 90.8002 43.8221 3.2
      vertex 90.8022 43.8122 3.2
    endloop
  endfacet
  facet normal 0 0 1
    outer loop
      vertex 93.2388 45.8268 3.2
      vertex 90.5075 44.6846 3.2
      vertex 90.8002 43.8221 3.2
    endloop
  endfacet
  facet normal 0 0 1
    outer loop
      vertex 93.2388 45.8268 3.2
      vertex 90.5042 44.6941 3.2
      vertex 90.5075 44.6846 3.2
    endloop
  endfacet
  facet normal 0 0 1
    outer loop
      vertex 93.2388 45.8268 3.2
      vertex 90.4998 44.7032 3.2
      vertex 90.5042 44.6941 3.2
    endloop
  endfacet
  facet normal 0 0 1
    outer loop
      vertex 92.6603 47 3.2
      vertex 90.0969 45.5201 3.2
      vertex 90.4998 44.7032 3.2
    endloop
  endfacet
  facet normal 0 0 1
    outer loop
      vertex 88.9781 46.9781 3.2
      vertex 91.0711 49.0711 3.2
      vertex 90.0876 49.9335 3.2
    endloop
  endfacet
  facet normal 0 0 1
    outer loop
      vertex 91.9335 48.0876 3.2
      vertex 89.5909 46.2774 3.2
      vertex 90.0969 45.5201 3.2
    endloop
  endfacet
  facet normal 0 0 1
    outer loop
      vertex 91.9335 48.0876 3.2
      vertex 89.5853 46.2858 3.2
      vertex 89.5909 46.2774 3.2
    endloop
  endfacet
  facet normal 0 0 1
    outer loop
      vertex 91.9335 48.0876 3.2
      vertex 89.5787 46.2933 3.2
      vertex 89.5853 46.2858 3.2
    endloop
  endfacet
  facet normal 0 0 1
    outer loop
      vertex 88.2774 47.5909 3.2
      vertex 90.0876 49.9335 3.2
      vertex 89 50.6603 3.2
    endloop
  endfacet
  facet normal 0 0 1
    outer loop
      vertex 91.0711 49.0711 3.2
      vertex 88.9781 46.9781 3.2
      vertex 89.5787 46.2933 3.2
    endloop
  endfacet
  facet normal 0 0 1
    outer loop
      vertex 90.0876 49.9335 3.2
      vertex 88.2933 47.5787 3.2
      vertex 88.9781 46.9781 3.2
    endloop
  endfacet
  facet normal 0 0 1
    outer loop
      vertex 90.0876 49.9335 3.2
      vertex 88.2858 47.5853 3.2
      vertex 88.2933 47.5787 3.2
    endloop
  endfacet
  facet normal 0 0 1
    outer loop
      vertex 90.0876 49.9335 3.2
      vertex 88.2774 47.5909 3.2
      vertex 88.2858 47.5853 3.2
    endloop
  endfacet
  facet normal 0 0 1
    outer loop
      vertex 87.5201 48.0969 3.2
      vertex 89 50.6603 3.2
      vertex 87.8268 51.2388 3.2
    endloop
  endfacet
  facet normal 0 0 1
    outer loop
      vertex 89 50.6603 3.2
      vertex 87.5201 48.0969 3.2
      vertex 88.2774 47.5909 3.2
    endloop
  endfacet
  facet normal 0 0 1
    outer loop
      vertex 87.8268 51.2388 3.2
      vertex 86.7032 48.4998 3.2
      vertex 87.5201 48.0969 3.2
    endloop
  endfacet
  facet normal 0 0 1
    outer loop
      vertex 87.8268 51.2388 3.2
      vertex 86.6941 48.5042 3.2
      vertex 86.7032 48.4998 3.2
    endloop
  endfacet
  facet normal 0 0 1
    outer loop
      vertex 87.8268 51.2388 3.2
      vertex 86.6846 48.5075 3.2
      vertex 86.6941 48.5042 3.2
    endloop
  endfacet
  facet normal 0 0 1
    outer loop
      vertex 86.5882 51.6593 3.2
      vertex 86.6846 48.5075 3.2
      vertex 87.8268 51.2388 3.2
    endloop
  endfacet
  facet normal 0 0 1
    outer loop
      vertex 86.5882 51.6593 3.2
      vertex 85.8221 48.8002 3.2
      vertex 86.6846 48.5075 3.2
    endloop
  endfacet
  facet normal 0 0 1
    outer loop
      vertex 86.5882 51.6593 3.2
      vertex 85.8122 48.8022 3.2
      vertex 85.8221 48.8002 3.2
    endloop
  endfacet
  facet normal 0 0 1
    outer loop
      vertex 85.3053 51.9144 3.2
      vertex 85.8122 48.8022 3.2
      vertex 86.5882 51.6593 3.2
    endloop
  endfacet
  facet normal 0 0 1
    outer loop
      vertex 85.3053 51.9144 3.2
      vertex 84.9189 48.9799 3.2
      vertex 85.8122 48.8022 3.2
    endloop
  endfacet
  facet normal 0 0 1
    outer loop
      vertex 85.3053 51.9144 3.2
      vertex 84.9089 48.9806 3.2
      vertex 84.9189 48.9799 3.2
    endloop
  endfacet
  facet normal 0 0 1
    outer loop
      vertex 84 52 3.2
      vertex 84.9089 48.9806 3.2
      vertex 85.3053 51.9144 3.2
    endloop
  endfacet
  facet normal 0 0 1
    outer loop
      vertex 84 52 3.2
      vertex 84 49.0401 3.2
      vertex 84.9089 48.9806 3.2
    endloop
  endfacet
  facet normal 0 0 1
    outer loop
      vertex 84 52 3.2
      vertex 83.0911 48.9806 3.2
      vertex 84 49.0401 3.2
    endloop
  endfacet
  facet normal -0 0 1
    outer loop
      vertex 82.6947 51.9144 3.2
      vertex 83.0911 48.9806 3.2
      vertex 84 52 3.2
    endloop
  endfacet
  facet normal 0 0 1
    outer loop
      vertex 83.0911 48.9806 3.2
      vertex 82.6947 51.9144 3.2
      vertex 83.0811 48.9799 3.2
    endloop
  endfacet
  facet normal 0 0 1
    outer loop
      vertex 82.6947 51.9144 3.2
      vertex 82.1878 48.8022 3.2
      vertex 83.0811 48.9799 3.2
    endloop
  endfacet
  facet normal -0 0 1
    outer loop
      vertex 81.4118 51.6593 3.2
      vertex 82.1878 48.8022 3.2
      vertex 82.6947 51.9144 3.2
    endloop
  endfacet
  facet normal 0 0 1
    outer loop
      vertex 82.1878 48.8022 3.2
      vertex 81.4118 51.6593 3.2
      vertex 82.1779 48.8002 3.2
    endloop
  endfacet
  facet normal 0 0 1
    outer loop
      vertex 81.4118 51.6593 3.2
      vertex 81.3154 48.5075 3.2
      vertex 82.1779 48.8002 3.2
    endloop
  endfacet
  facet normal -0 0 1
    outer loop
      vertex 80.1732 51.2388 3.2
      vertex 81.3154 48.5075 3.2
      vertex 81.4118 51.6593 3.2
    endloop
  endfacet
  facet normal 0 0 1
    outer loop
      vertex 81.3154 48.5075 3.2
      vertex 80.1732 51.2388 3.2
      vertex 81.3059 48.5042 3.2
    endloop
  endfacet
  facet normal 0 0 1
    outer loop
      vertex 81.3059 48.5042 3.2
      vertex 80.1732 51.2388 3.2
      vertex 81.2968 48.4998 3.2
    endloop
  endfacet
  facet normal 0 0 1
    outer loop
      vertex 81.2968 48.4998 3.2
      vertex 80.1732 51.2388 3.2
      vertex 80.4799 48.0969 3.2
    endloop
  endfacet
  facet normal -0 0 1
    outer loop
      vertex 79 50.6603 3.2
      vertex 80.4799 48.0969 3.2
      vertex 80.1732 51.2388 3.2
    endloop
  endfacet
  facet normal 0 0 1
    outer loop
      vertex 80.4799 48.0969 3.2
      vertex 79 50.6603 3.2
      vertex 79.7226 47.5909 3.2
    endloop
  endfacet
  facet normal -0 0 1
    outer loop
      vertex 77.9124 49.9335 3.2
      vertex 79.7226 47.5909 3.2
      vertex 79 50.6603 3.2
    endloop
  endfacet
  facet normal 0 0 1
    outer loop
      vertex 79.7226 47.5909 3.2
      vertex 77.9124 49.9335 3.2
      vertex 79.7142 47.5853 3.2
    endloop
  endfacet
  facet normal 0 0 1
    outer loop
      vertex 79.7142 47.5853 3.2
      vertex 77.9124 49.9335 3.2
      vertex 79.7067 47.5787 3.2
    endloop
  endfacet
  facet normal 0 0 1
    outer loop
      vertex 79.7067 47.5787 3.2
      vertex 77.9124 49.9335 3.2
      vertex 79.0219 46.9781 3.2
    endloop
  endfacet
  facet normal -0 0 1
    outer loop
      vertex 76.9289 49.0711 3.2
      vertex 79.0219 46.9781 3.2
      vertex 77.9124 49.9335 3.2
    endloop
  endfacet
  facet normal 0 0 1
    outer loop
      vertex 79.0219 46.9781 3.2
      vertex 76.9289 49.0711 3.2
      vertex 78.4213 46.2933 3.2
    endloop
  endfacet
  facet normal -0 0 1
    outer loop
      vertex 76.0665 48.0876 3.2
      vertex 78.4213 46.2933 3.2
      vertex 76.9289 49.0711 3.2
    endloop
  endfacet
  facet normal 0 0 1
    outer loop
      vertex 78.4213 46.2933 3.2
      vertex 76.0665 48.0876 3.2
      vertex 78.4147 46.2858 3.2
    endloop
  endfacet
  facet normal 0 0 1
    outer loop
      vertex 78.4147 46.2858 3.2
      vertex 76.0665 48.0876 3.2
      vertex 78.4091 46.2774 3.2
    endloop
  endfacet
  facet normal 0 0 1
    outer loop
      vertex 78.4091 46.2774 3.2
      vertex 76.0665 48.0876 3.2
      vertex 77.9031 45.5201 3.2
    endloop
  endfacet
  facet normal -0 0 1
    outer loop
      vertex 75.3397 47 3.2
      vertex 77.9031 45.5201 3.2
      vertex 76.0665 48.0876 3.2
    endloop
  endfacet
  facet normal 0 0 1
    outer loop
      vertex 77.9031 45.5201 3.2
      vertex 75.3397 47 3.2
      vertex 77.5002 44.7032 3.2
    endloop
  endfacet
  facet normal -0 0 1
    outer loop
      vertex 74.7612 45.8268 3.2
      vertex 77.5002 44.7032 3.2
      vertex 75.3397 47 3.2
    endloop
  endfacet
  facet normal 0 0 1
    outer loop
      vertex 77.5002 44.7032 3.2
      vertex 74.7612 45.8268 3.2
      vertex 77.4958 44.6941 3.2
    endloop
  endfacet
  facet normal -0 0 1
    outer loop
      vertex 74.3407 44.5882 3.2
      vertex 77.1998 43.8221 3.2
      vertex 74.7612 45.8268 3.2
    endloop
  endfacet
  facet normal 0 0 1
    outer loop
      vertex 77.4925 44.6846 3.2
      vertex 74.7612 45.8268 3.2
      vertex 77.1998 43.8221 3.2
    endloop
  endfacet
  facet normal 0 0 1
    outer loop
      vertex 77.4958 44.6941 3.2
      vertex 74.7612 45.8268 3.2
      vertex 77.4925 44.6846 3.2
    endloop
  endfacet
  facet normal 0 0 1
    outer loop
      vertex 93.6593 39.4118 3.2
      vertex 90.8002 40.1779 3.2
      vertex 93.2388 38.1732 3.2
    endloop
  endfacet
  facet normal -0 0 1
    outer loop
      vertex 90.5075 39.3154 3.2
      vertex 93.2388 38.1732 3.2
      vertex 90.8002 40.1779 3.2
    endloop
  endfacet
  facet normal -0 0 1
    outer loop
      vertex 90.5042 39.3059 3.2
      vertex 93.2388 38.1732 3.2
      vertex 90.5075 39.3154 3.2
    endloop
  endfacet
  facet normal -0 0 1
    outer loop
      vertex 90.4998 39.2968 3.2
      vertex 93.2388 38.1732 3.2
      vertex 90.5042 39.3059 3.2
    endloop
  endfacet
  facet normal 0 0 1
    outer loop
      vertex 93.2388 38.1732 3.2
      vertex 90.4998 39.2968 3.2
      vertex 92.6603 37 3.2
    endloop
  endfacet
  facet normal -0 0 1
    outer loop
      vertex 90.0969 38.4799 3.2
      vertex 92.6603 37 3.2
      vertex 90.4998 39.2968 3.2
    endloop
  endfacet
  facet normal 0 0 1
    outer loop
      vertex 92.6603 37 3.2
      vertex 90.0969 38.4799 3.2
      vertex 91.9335 35.9124 3.2
    endloop
  endfacet
  facet normal -0 0 1
    outer loop
      vertex 89.5909 37.7226 3.2
      vertex 91.9335 35.9124 3.2
      vertex 90.0969 38.4799 3.2
    endloop
  endfacet
  facet normal -0 0 1
    outer loop
      vertex 89.5853 37.7142 3.2
      vertex 91.9335 35.9124 3.2
      vertex 89.5909 37.7226 3.2
    endloop
  endfacet
  facet normal -0 0 1
    outer loop
      vertex 89.5787 37.7067 3.2
      vertex 91.9335 35.9124 3.2
      vertex 89.5853 37.7142 3.2
    endloop
  endfacet
  facet normal 0 0 1
    outer loop
      vertex 91.9335 35.9124 3.2
      vertex 89.5787 37.7067 3.2
      vertex 91.0711 34.9289 3.2
    endloop
  endfacet
  facet normal -0 0 1
    outer loop
      vertex 88.9781 37.0219 3.2
      vertex 91.0711 34.9289 3.2
      vertex 89.5787 37.7067 3.2
    endloop
  endfacet
  facet normal 0 0 1
    outer loop
      vertex 91.0711 34.9289 3.2
      vertex 88.9781 37.0219 3.2
      vertex 90.0876 34.0665 3.2
    endloop
  endfacet
  facet normal -0 0 1
    outer loop
      vertex 88.2933 36.4213 3.2
      vertex 90.0876 34.0665 3.2
      vertex 88.9781 37.0219 3.2
    endloop
  endfacet
  facet normal -0 0 1
    outer loop
      vertex 88.2858 36.4147 3.2
      vertex 90.0876 34.0665 3.2
      vertex 88.2933 36.4213 3.2
    endloop
  endfacet
  facet normal -0 0 1
    outer loop
      vertex 88.2774 36.4091 3.2
      vertex 90.0876 34.0665 3.2
      vertex 88.2858 36.4147 3.2
    endloop
  endfacet
  facet normal 0 0 1
    outer loop
      vertex 90.0876 34.0665 3.2
      vertex 88.2774 36.4091 3.2
      vertex 89 33.3397 3.2
    endloop
  endfacet
  facet normal -0 0 1
    outer loop
      vertex 87.5201 35.9031 3.2
      vertex 89 33.3397 3.2
      vertex 88.2774 36.4091 3.2
    endloop
  endfacet
  facet normal 0 0 1
    outer loop
      vertex 89 33.3397 3.2
      vertex 87.5201 35.9031 3.2
      vertex 87.8268 32.7612 3.2
    endloop
  endfacet
  facet normal -0 0 1
    outer loop
      vertex 86.7032 35.5002 3.2
      vertex 87.8268 32.7612 3.2
      vertex 87.5201 35.9031 3.2
    endloop
  endfacet
  facet normal -0 0 1
    outer loop
      vertex 86.6941 35.4958 3.2
      vertex 87.8268 32.7612 3.2
      vertex 86.7032 35.5002 3.2
    endloop
  endfacet
  facet normal -0 0 1
    outer loop
      vertex 86.6846 35.4925 3.2
      vertex 87.8268 32.7612 3.2
      vertex 86.6941 35.4958 3.2
    endloop
  endfacet
  facet normal 0 0 1
    outer loop
      vertex 86.6846 35.4925 3.2
      vertex 86.5882 32.3407 3.2
      vertex 87.8268 32.7612 3.2
    endloop
  endfacet
  facet normal -0 0 1
    outer loop
      vertex 85.8221 35.1998 3.2
      vertex 86.5882 32.3407 3.2
      vertex 86.6846 35.4925 3.2
    endloop
  endfacet
  facet normal -0 0 1
    outer loop
      vertex 85.8122 35.1978 3.2
      vertex 86.5882 32.3407 3.2
      vertex 85.8221 35.1998 3.2
    endloop
  endfacet
  facet normal 0 0 1
    outer loop
      vertex 85.8122 35.1978 3.2
      vertex 85.3053 32.0856 3.2
      vertex 86.5882 32.3407 3.2
    endloop
  endfacet
  facet normal -0 0 1
    outer loop
      vertex 84.9189 35.0201 3.2
      vertex 85.3053 32.0856 3.2
      vertex 85.8122 35.1978 3.2
    endloop
  endfacet
  facet normal -0 0 1
    outer loop
      vertex 84.0101 34.9605 3.2
      vertex 85.3053 32.0856 3.2
      vertex 84.9189 35.0201 3.2
    endloop
  endfacet
  facet normal 0 0 1
    outer loop
      vertex 84 32 3.2
      vertex 84.0101 34.9605 3.2
      vertex 84 34.9599 3.2
    endloop
  endfacet
  facet normal 0 0 1
    outer loop
      vertex 84.0101 34.9605 3.2
      vertex 84 32 3.2
      vertex 85.3053 32.0856 3.2
    endloop
  endfacet
  facet normal 0 0 1
    outer loop
      vertex 83.9899 34.9605 3.2
      vertex 84 32 3.2
      vertex 84 34.9599 3.2
    endloop
  endfacet
  facet normal 0 0 1
    outer loop
      vertex 83.0811 35.0201 3.2
      vertex 84 32 3.2
      vertex 83.9899 34.9605 3.2
    endloop
  endfacet
  facet normal 0 0 1
    outer loop
      vertex 83.0811 35.0201 3.2
      vertex 82.6947 32.0856 3.2
      vertex 84 32 3.2
    endloop
  endfacet
  facet normal 0 0 1
    outer loop
      vertex 82.1878 35.1978 3.2
      vertex 82.6947 32.0856 3.2
      vertex 83.0811 35.0201 3.2
    endloop
  endfacet
  facet normal 0 0 1
    outer loop
      vertex 81.4118 32.3407 3.2
      vertex 82.1878 35.1978 3.2
      vertex 82.1779 35.1998 3.2
    endloop
  endfacet
  facet normal 0 0 1
    outer loop
      vertex 82.1878 35.1978 3.2
      vertex 81.4118 32.3407 3.2
      vertex 82.6947 32.0856 3.2
    endloop
  endfacet
  facet normal 0 0 1
    outer loop
      vertex 81.3154 35.4925 3.2
      vertex 81.4118 32.3407 3.2
      vertex 82.1779 35.1998 3.2
    endloop
  endfacet
  facet normal 0 0 1
    outer loop
      vertex 80.1732 32.7612 3.2
      vertex 81.3154 35.4925 3.2
      vertex 81.3059 35.4958 3.2
    endloop
  endfacet
  facet normal 0 0 1
    outer loop
      vertex 80.1732 32.7612 3.2
      vertex 81.3059 35.4958 3.2
      vertex 81.2968 35.5002 3.2
    endloop
  endfacet
  facet normal 0 0 1
    outer loop
      vertex 80.1732 32.7612 3.2
      vertex 81.2968 35.5002 3.2
      vertex 80.4799 35.9031 3.2
    endloop
  endfacet
  facet normal 0 0 1
    outer loop
      vertex 81.3154 35.4925 3.2
      vertex 80.1732 32.7612 3.2
      vertex 81.4118 32.3407 3.2
    endloop
  endfacet
  facet normal 0 0 1
    outer loop
      vertex 79 33.3397 3.2
      vertex 80.4799 35.9031 3.2
      vertex 79.7226 36.4091 3.2
    endloop
  endfacet
  facet normal 0 0 1
    outer loop
      vertex 77.9124 34.0665 3.2
      vertex 79.7226 36.4091 3.2
      vertex 79.7142 36.4147 3.2
    endloop
  endfacet
  facet normal 0 0 1
    outer loop
      vertex 77.9124 34.0665 3.2
      vertex 79.7142 36.4147 3.2
      vertex 79.7067 36.4213 3.2
    endloop
  endfacet
  facet normal 0 0 1
    outer loop
      vertex 77.9124 34.0665 3.2
      vertex 79.7067 36.4213 3.2
      vertex 79.0219 37.0219 3.2
    endloop
  endfacet
  facet normal 0 0 1
    outer loop
      vertex 80.4799 35.9031 3.2
      vertex 79 33.3397 3.2
      vertex 80.1732 32.7612 3.2
    endloop
  endfacet
  facet normal 0 0 1
    outer loop
      vertex 76.9289 34.9289 3.2
      vertex 79.0219 37.0219 3.2
      vertex 78.4213 37.7067 3.2
    endloop
  endfacet
  facet normal 0 0 1
    outer loop
      vertex 76.0665 35.9124 3.2
      vertex 78.4213 37.7067 3.2
      vertex 78.4147 37.7142 3.2
    endloop
  endfacet
  facet normal 0 0 1
    outer loop
      vertex 76.0665 35.9124 3.2
      vertex 78.4147 37.7142 3.2
      vertex 78.4091 37.7226 3.2
    endloop
  endfacet
  facet normal 0 0 1
    outer loop
      vertex 79.7226 36.4091 3.2
      vertex 77.9124 34.0665 3.2
      vertex 79 33.3397 3.2
    endloop
  endfacet
  facet normal 0 0 1
    outer loop
      vertex 76.0665 35.9124 3.2
      vertex 78.4091 37.7226 3.2
      vertex 77.9031 38.4799 3.2
    endloop
  endfacet
  facet normal 0 0 1
    outer loop
      vertex 75.3397 37 3.2
      vertex 77.9031 38.4799 3.2
      vertex 77.5002 39.2968 3.2
    endloop
  endfacet
  facet normal 0 0 1
    outer loop
      vertex 74.7612 38.1732 3.2
      vertex 77.5002 39.2968 3.2
      vertex 77.4958 39.3059 3.2
    endloop
  endfacet
  facet normal 0 0 1
    outer loop
      vertex 74.7612 38.1732 3.2
      vertex 77.4958 39.3059 3.2
      vertex 77.4925 39.3154 3.2
    endloop
  endfacet
  facet normal 0 0 1
    outer loop
      vertex 74.7612 38.1732 3.2
      vertex 77.4925 39.3154 3.2
      vertex 77.1998 40.1779 3.2
    endloop
  endfacet
  facet normal 0 0 1
    outer loop
      vertex 74.3407 39.4118 3.2
      vertex 77.1998 40.1779 3.2
      vertex 77.1978 40.1878 3.2
    endloop
  endfacet
  facet normal 0 0 1
    outer loop
      vertex 74.3407 39.4118 3.2
      vertex 77.1978 40.1878 3.2
      vertex 77.0201 41.0811 3.2
    endloop
  endfacet
  facet normal 0 0 1
    outer loop
      vertex 79.0219 37.0219 3.2
      vertex 76.9289 34.9289 3.2
      vertex 77.9124 34.0665 3.2
    endloop
  endfacet
  facet normal 0 0 1
    outer loop
      vertex 74.0855 40.6947 3.2
      vertex 77.0201 41.0811 3.2
      vertex 76.9605 41.9899 3.2
    endloop
  endfacet
  facet normal -0 0 1
    outer loop
      vertex 74 42 3.2
      vertex 76.9605 41.9899 3.2
      vertex 76.9599 42 3.2
    endloop
  endfacet
  facet normal 0 0 1
    outer loop
      vertex 77.1998 43.8221 3.2
      vertex 74.3407 44.5882 3.2
      vertex 77.1978 43.8122 3.2
    endloop
  endfacet
  facet normal 0 0 1
    outer loop
      vertex 77.1978 43.8122 3.2
      vertex 74.3407 44.5882 3.2
      vertex 77.0201 42.9189 3.2
    endloop
  endfacet
  facet normal 0 0 1
    outer loop
      vertex 78.4213 37.7067 3.2
      vertex 76.0665 35.9124 3.2
      vertex 76.9289 34.9289 3.2
    endloop
  endfacet
  facet normal -0 0 1
    outer loop
      vertex 74.0855 43.3053 3.2
      vertex 77.0201 42.9189 3.2
      vertex 74.3407 44.5882 3.2
    endloop
  endfacet
  facet normal 0 0 1
    outer loop
      vertex 77.9031 38.4799 3.2
      vertex 75.3397 37 3.2
      vertex 76.0665 35.9124 3.2
    endloop
  endfacet
  facet normal 0 0 1
    outer loop
      vertex 77.0201 42.9189 3.2
      vertex 74.0855 43.3053 3.2
      vertex 76.9605 42.0101 3.2
    endloop
  endfacet
  facet normal 0 0 1
    outer loop
      vertex 77.5002 39.2968 3.2
      vertex 74.7612 38.1732 3.2
      vertex 75.3397 37 3.2
    endloop
  endfacet
  facet normal 0 0 1
    outer loop
      vertex 74 42 3.2
      vertex 76.9605 42.0101 3.2
      vertex 74.0855 43.3053 3.2
    endloop
  endfacet
  facet normal 0 0 1
    outer loop
      vertex 77.1998 40.1779 3.2
      vertex 74.3407 39.4118 3.2
      vertex 74.7612 38.1732 3.2
    endloop
  endfacet
  facet normal 0 0 1
    outer loop
      vertex 76.9605 42.0101 3.2
      vertex 74 42 3.2
      vertex 76.9599 42 3.2
    endloop
  endfacet
  facet normal 0 0 1
    outer loop
      vertex 77.0201 41.0811 3.2
      vertex 74.0855 40.6947 3.2
      vertex 74.3407 39.4118 3.2
    endloop
  endfacet
  facet normal 0 0 1
    outer loop
      vertex 76.9605 41.9899 3.2
      vertex 74 42 3.2
      vertex 74.0855 40.6947 3.2
    endloop
  endfacet
  facet normal -0.442253 0.89689 0
    outer loop
      vertex 80.1732 51.2388 2
      vertex 79 50.6603 3.2
      vertex 80.1732 51.2388 3.2
    endloop
  endfacet
  facet normal -0.442253 0.89689 0
    outer loop
      vertex 79 50.6603 3.2
      vertex 80.1732 51.2388 2
      vertex 79 50.6603 2
    endloop
  endfacet
  facet normal 0.946918 -0.321475 0
    outer loop
      vertex 93.2388 38.1732 3.2
      vertex 93.6593 39.4118 2
      vertex 93.6593 39.4118 3.2
    endloop
  endfacet
  facet normal 0.946918 -0.321475 0
    outer loop
      vertex 93.6593 39.4118 2
      vertex 93.2388 38.1732 3.2
      vertex 93.2388 38.1732 2
    endloop
  endfacet
  facet normal -0.980783 -0.195102 0
    outer loop
      vertex 74.3407 39.4118 2
      vertex 74.0855 40.6947 3.2
      vertex 74.0855 40.6947 2
    endloop
  endfacet
  facet normal -0.980783 -0.195102 0
    outer loop
      vertex 74.0855 40.6947 3.2
      vertex 74.3407 39.4118 2
      vertex 74.3407 39.4118 3.2
    endloop
  endfacet
  facet normal 0.831438 -0.555617 0
    outer loop
      vertex 91.9335 35.9124 3.2
      vertex 92.6603 37 2
      vertex 92.6603 37 3.2
    endloop
  endfacet
  facet normal 0.831438 -0.555617 0
    outer loop
      vertex 92.6603 37 2
      vertex 91.9335 35.9124 3.2
      vertex 91.9335 35.9124 2
    endloop
  endfacet
  facet normal -0.946918 0.321475 0
    outer loop
      vertex 74.3407 44.5882 2
      vertex 74.7612 45.8268 3.2
      vertex 74.7612 45.8268 2
    endloop
  endfacet
  facet normal -0.946918 0.321475 0
    outer loop
      vertex 74.7612 45.8268 3.2
      vertex 74.3407 44.5882 2
      vertex 74.3407 44.5882 3.2
    endloop
  endfacet
  facet normal -0.89689 -0.442253 0
    outer loop
      vertex 75.3397 37 2
      vertex 74.7612 38.1732 3.2
      vertex 74.7612 38.1732 2
    endloop
  endfacet
  facet normal -0.89689 -0.442253 0
    outer loop
      vertex 74.7612 38.1732 3.2
      vertex 75.3397 37 2
      vertex 75.3397 37 3.2
    endloop
  endfacet
  facet normal 0.75188 -0.6593 0
    outer loop
      vertex 91.0711 34.9289 3.2
      vertex 91.9335 35.9124 2
      vertex 91.9335 35.9124 3.2
    endloop
  endfacet
  facet normal 0.75188 -0.6593 0
    outer loop
      vertex 91.9335 35.9124 2
      vertex 91.0711 34.9289 3.2
      vertex 91.0711 34.9289 2
    endloop
  endfacet
  facet normal -0.980783 0.195102 0
    outer loop
      vertex 74.0855 43.3053 2
      vertex 74.3407 44.5882 3.2
      vertex 74.3407 44.5882 2
    endloop
  endfacet
  facet normal -0.980783 0.195102 0
    outer loop
      vertex 74.3407 44.5882 3.2
      vertex 74.0855 43.3053 2
      vertex 74.0855 43.3053 3.2
    endloop
  endfacet
  facet normal 0.442253 0.89689 -0
    outer loop
      vertex 89 50.6603 2
      vertex 87.8268 51.2388 3.2
      vertex 89 50.6603 3.2
    endloop
  endfacet
  facet normal 0.442253 0.89689 0
    outer loop
      vertex 87.8268 51.2388 3.2
      vertex 89 50.6603 2
      vertex 87.8268 51.2388 2
    endloop
  endfacet
  facet normal -0.831438 -0.555617 0
    outer loop
      vertex 76.0665 35.9124 2
      vertex 75.3397 37 3.2
      vertex 75.3397 37 2
    endloop
  endfacet
  facet normal -0.831438 -0.555617 0
    outer loop
      vertex 75.3397 37 3.2
      vertex 76.0665 35.9124 2
      vertex 76.0665 35.9124 3.2
    endloop
  endfacet
  facet normal -0.195028 -0.980798 0
    outer loop
      vertex 81.4118 32.3407 2
      vertex 82.6947 32.0856 3.2
      vertex 81.4118 32.3407 3.2
    endloop
  endfacet
  facet normal -0.195028 -0.980798 -0
    outer loop
      vertex 82.6947 32.0856 3.2
      vertex 81.4118 32.3407 2
      vertex 82.6947 32.0856 2
    endloop
  endfacet
  facet normal -0.89689 0.442253 0
    outer loop
      vertex 74.7612 45.8268 2
      vertex 75.3397 47 3.2
      vertex 75.3397 47 2
    endloop
  endfacet
  facet normal -0.89689 0.442253 0
    outer loop
      vertex 75.3397 47 3.2
      vertex 74.7612 45.8268 2
      vertex 74.7612 45.8268 3.2
    endloop
  endfacet
  facet normal -0.997862 -0.0653621 0
    outer loop
      vertex 74.0855 40.6947 2
      vertex 74 42 3.2
      vertex 74 42 2
    endloop
  endfacet
  facet normal -0.997862 -0.0653621 0
    outer loop
      vertex 74 42 3.2
      vertex 74.0855 40.6947 2
      vertex 74.0855 40.6947 3.2
    endloop
  endfacet
  facet normal 0.0654382 0.997857 -0
    outer loop
      vertex 85.3053 51.9144 2
      vertex 84 52 3.2
      vertex 85.3053 51.9144 3.2
    endloop
  endfacet
  facet normal 0.0654382 0.997857 0
    outer loop
      vertex 84 52 3.2
      vertex 85.3053 51.9144 2
      vertex 84 52 2
    endloop
  endfacet
  facet normal 0.195028 0.980798 -0
    outer loop
      vertex 86.5882 51.6593 2
      vertex 85.3053 51.9144 3.2
      vertex 86.5882 51.6593 3.2
    endloop
  endfacet
  facet normal 0.195028 0.980798 0
    outer loop
      vertex 85.3053 51.9144 3.2
      vertex 86.5882 51.6593 2
      vertex 85.3053 51.9144 2
    endloop
  endfacet
  facet normal -0.0654382 -0.997857 0
    outer loop
      vertex 82.6947 32.0856 2
      vertex 84 32 3.2
      vertex 82.6947 32.0856 3.2
    endloop
  endfacet
  facet normal -0.0654382 -0.997857 -0
    outer loop
      vertex 84 32 3.2
      vertex 82.6947 32.0856 2
      vertex 84 32 2
    endloop
  endfacet
  facet normal 0.0654382 -0.997857 0
    outer loop
      vertex 84 32 2
      vertex 85.3053 32.0856 3.2
      vertex 84 32 3.2
    endloop
  endfacet
  facet normal 0.0654382 -0.997857 0
    outer loop
      vertex 85.3053 32.0856 3.2
      vertex 84 32 2
      vertex 85.3053 32.0856 2
    endloop
  endfacet
  facet normal -0 0 1
    outer loop
      vertex 6.30598 122.88 2
      vertex 35.1112 112.697 2
      vertex 33 123 2
    endloop
  endfacet
  facet normal 0 0 1
    outer loop
      vertex 35.443 114.365 2
      vertex 33 123 2
      vertex 35.1112 112.697 2
    endloop
  endfacet
  facet normal 0 0 1
    outer loop
      vertex 35.9896 115.975 2
      vertex 33 123 2
      vertex 35.443 114.365 2
    endloop
  endfacet
  facet normal 0 0 1
    outer loop
      vertex 36.7417 117.5 2
      vertex 33 123 2
      vertex 35.9896 115.975 2
    endloop
  endfacet
  facet normal 0 0 1
    outer loop
      vertex 37.6864 118.914 2
      vertex 33 123 2
      vertex 36.7417 117.5 2
    endloop
  endfacet
  facet normal 0 0 1
    outer loop
      vertex 38.8076 120.192 2
      vertex 33 123 2
      vertex 37.6864 118.914 2
    endloop
  endfacet
  facet normal 0 0 1
    outer loop
      vertex 40.0861 121.314 2
      vertex 33 123 2
      vertex 38.8076 120.192 2
    endloop
  endfacet
  facet normal 0 0 1
    outer loop
      vertex 41.5 122.258 2
      vertex 33 123 2
      vertex 40.0861 121.314 2
    endloop
  endfacet
  facet normal -0 0 1
    outer loop
      vertex 33 123 2
      vertex 41.5 122.258 2
      vertex 43.004 123 2
    endloop
  endfacet
  facet normal 0 0 1
    outer loop
      vertex 89.9295 122.528 2
      vertex 60.8888 112.697 2
      vertex 61 111 2
    endloop
  endfacet
  facet normal 0 0 1
    outer loop
      vertex 63 123 2
      vertex 60.557 114.365 2
      vertex 60.8888 112.697 2
    endloop
  endfacet
  facet normal 0 0 1
    outer loop
      vertex 63 123 2
      vertex 60.0104 115.975 2
      vertex 60.557 114.365 2
    endloop
  endfacet
  facet normal 0 0 1
    outer loop
      vertex 63 123 2
      vertex 59.2583 117.5 2
      vertex 60.0104 115.975 2
    endloop
  endfacet
  facet normal 0 0 1
    outer loop
      vertex 63 123 2
      vertex 58.3136 118.914 2
      vertex 59.2583 117.5 2
    endloop
  endfacet
  facet normal 0 0 1
    outer loop
      vertex 63 123 2
      vertex 57.1924 120.192 2
      vertex 58.3136 118.914 2
    endloop
  endfacet
  facet normal 0 0 1
    outer loop
      vertex 63 123 2
      vertex 55.9139 121.314 2
      vertex 57.1924 120.192 2
    endloop
  endfacet
  facet normal 0 0 1
    outer loop
      vertex 63 123 2
      vertex 54.5 122.258 2
      vertex 55.9139 121.314 2
    endloop
  endfacet
  facet normal 0 -0 1
    outer loop
      vertex 54.5 122.258 2
      vertex 63 123 2
      vertex 52.996 123 2
    endloop
  endfacet
  facet normal -0 0 1
    outer loop
      vertex 29.4 9.05 2
      vertex 65.4 7.35 2
      vertex 65.4 9.05 2
    endloop
  endfacet
  facet normal 0 0 1
    outer loop
      vertex 65.4 7.35 2
      vertex 29.4 9.05 2
      vertex 29.4 7.35 2
    endloop
  endfacet
  facet normal -0 0 1
    outer loop
      vertex 29.4 12.25 2
      vertex 65.4 10.55 2
      vertex 65.4 12.25 2
    endloop
  endfacet
  facet normal 0 0 1
    outer loop
      vertex 65.4 10.55 2
      vertex 29.4 12.25 2
      vertex 29.4 10.55 2
    endloop
  endfacet
  facet normal -0 0 1
    outer loop
      vertex 29.4 15.45 2
      vertex 65.4 13.75 2
      vertex 65.4 15.45 2
    endloop
  endfacet
  facet normal 0 0 1
    outer loop
      vertex 65.4 13.75 2
      vertex 29.4 15.45 2
      vertex 29.4 13.75 2
    endloop
  endfacet
  facet normal -0 0 1
    outer loop
      vertex 29.4 18.65 2
      vertex 65.4 16.95 2
      vertex 65.4 18.65 2
    endloop
  endfacet
  facet normal 0 0 1
    outer loop
      vertex 65.4 16.95 2
      vertex 29.4 18.65 2
      vertex 29.4 16.95 2
    endloop
  endfacet
  facet normal -0 0 1
    outer loop
      vertex 29.4 21.85 2
      vertex 65.4 20.15 2
      vertex 65.4 21.85 2
    endloop
  endfacet
  facet normal 0 0 1
    outer loop
      vertex 65.4 20.15 2
      vertex 29.4 21.85 2
      vertex 29.4 20.15 2
    endloop
  endfacet
  facet normal 0 0 1
    outer loop
      vertex 68 82.25 2
      vertex 92.8 94.5 2
      vertex 68 83.75 2
    endloop
  endfacet
  facet normal 0 0 1
    outer loop
      vertex 92.8 94.5 2
      vertex 28 83.75 2
      vertex 68 83.75 2
    endloop
  endfacet
  facet normal 0 0 1
    outer loop
      vertex 3.2 94.5 2
      vertex 28 82.25 2
      vertex 28 83.75 2
    endloop
  endfacet
  facet normal 0 0 1
    outer loop
      vertex 28 82.25 2
      vertex 3.2 94.5 2
      vertex 28 79.75 2
    endloop
  endfacet
  facet normal 0 0 1
    outer loop
      vertex 28 79.75 2
      vertex 3.2 94.5 2
      vertex 28 78.25 2
    endloop
  endfacet
  facet normal 0 0 1
    outer loop
      vertex 28 78.25 2
      vertex 3.2 94.5 2
      vertex 28 75.75 2
    endloop
  endfacet
  facet normal 0 0 1
    outer loop
      vertex 28 75.75 2
      vertex 3.2 94.5 2
      vertex 28 74.25 2
    endloop
  endfacet
  facet normal 0 0 1
    outer loop
      vertex 3.2 55.5 2
      vertex 28 74.25 2
      vertex 3.2 94.5 2
    endloop
  endfacet
  facet normal 0 0 1
    outer loop
      vertex 28 74.25 2
      vertex 3.2 55.5 2
      vertex 28 71.75 2
    endloop
  endfacet
  facet normal 0 0 1
    outer loop
      vertex 28 71.75 2
      vertex 3.2 55.5 2
      vertex 28 70.25 2
    endloop
  endfacet
  facet normal 0 0 1
    outer loop
      vertex 28 70.25 2
      vertex 3.2 55.5 2
      vertex 28 67.75 2
    endloop
  endfacet
  facet normal -0 0 1
    outer loop
      vertex 3.2 94.5 2
      vertex 28 83.75 2
      vertex 92.8 94.5 2
    endloop
  endfacet
  facet normal -0 0 1
    outer loop
      vertex 92.5 121.26 2
      vertex 92.8 95.5 2
      vertex 92.9215 121.288 2
    endloop
  endfacet
  facet normal 0 0 1
    outer loop
      vertex 92.0785 121.288 2
      vertex 92.8 95.5 2
      vertex 92.5 121.26 2
    endloop
  endfacet
  facet normal -0 0 1
    outer loop
      vertex 92.0771 121.288 2
      vertex 92.8 95.5 2
      vertex 92.0785 121.288 2
    endloop
  endfacet
  facet normal -0 0 1
    outer loop
      vertex 92.0757 121.288 2
      vertex 92.8 95.5 2
      vertex 92.0771 121.288 2
    endloop
  endfacet
  facet normal 0 0 1
    outer loop
      vertex 91.6614 121.37 2
      vertex 92.8 95.5 2
      vertex 92.0757 121.288 2
    endloop
  endfacet
  facet normal 0 0 1
    outer loop
      vertex 91.2614 121.506 2
      vertex 92.8 95.5 2
      vertex 91.6614 121.37 2
    endloop
  endfacet
  facet normal 0 0 1
    outer loop
      vertex 91.2601 121.507 2
      vertex 92.8 95.5 2
      vertex 91.2614 121.506 2
    endloop
  endfacet
  facet normal -0 0 1
    outer loop
      vertex 91.2588 121.507 2
      vertex 92.8 95.5 2
      vertex 91.2601 121.507 2
    endloop
  endfacet
  facet normal 0 0 1
    outer loop
      vertex 90.88 121.694 2
      vertex 92.8 95.5 2
      vertex 91.2588 121.507 2
    endloop
  endfacet
  facet normal 0 0 1
    outer loop
      vertex 90.8788 121.695 2
      vertex 92.8 95.5 2
      vertex 90.88 121.694 2
    endloop
  endfacet
  facet normal 0 0 1
    outer loop
      vertex 90.5276 121.929 2
      vertex 92.8 95.5 2
      vertex 90.8788 121.695 2
    endloop
  endfacet
  facet normal 0 0 1
    outer loop
      vertex 60.8888 109.303 2
      vertex 90.5276 121.929 2
      vertex 90.21 122.208 2
    endloop
  endfacet
  facet normal 0 0 1
    outer loop
      vertex 60.8888 109.303 2
      vertex 90.21 122.208 2
      vertex 90.2089 122.209 2
    endloop
  endfacet
  facet normal 0 0 1
    outer loop
      vertex 61 111 2
      vertex 90.2089 122.209 2
      vertex 90.208 122.21 2
    endloop
  endfacet
  facet normal 0 0 1
    outer loop
      vertex 61 111 2
      vertex 90.208 122.21 2
      vertex 89.9295 122.528 2
    endloop
  endfacet
  facet normal 0 0 1
    outer loop
      vertex 60.8888 112.697 2
      vertex 89.9295 122.528 2
      vertex 89.6948 122.879 2
    endloop
  endfacet
  facet normal 0 0 1
    outer loop
      vertex 60.8888 112.697 2
      vertex 89.6948 122.879 2
      vertex 89.694 122.88 2
    endloop
  endfacet
  facet normal -0 0 1
    outer loop
      vertex 63 123 2
      vertex 89.694 122.88 2
      vertex 89.5072 123.259 2
    endloop
  endfacet
  facet normal 0 0 1
    outer loop
      vertex 63 123 2
      vertex 89.5072 123.259 2
      vertex 89.5066 123.26 2
    endloop
  endfacet
  facet normal 0 0 1
    outer loop
      vertex 63 123 2
      vertex 89.5066 123.26 2
      vertex 89.5061 123.261 2
    endloop
  endfacet
  facet normal 0 0 1
    outer loop
      vertex 63 123 2
      vertex 89.5061 123.261 2
      vertex 89.3703 123.661 2
    endloop
  endfacet
  facet normal 0 0 1
    outer loop
      vertex 63 123 2
      vertex 89.3703 123.661 2
      vertex 89.2879 124.076 2
    endloop
  endfacet
  facet normal 0 0 1
    outer loop
      vertex 63 123 2
      vertex 89.2879 124.076 2
      vertex 89.2877 124.077 2
    endloop
  endfacet
  facet normal 0 0 1
    outer loop
      vertex 63 123 2
      vertex 89.2876 124.079 2
      vertex 89.2599 124.5 2
    endloop
  endfacet
  facet normal 0 0 1
    outer loop
      vertex 63 123 2
      vertex 89.2599 124.5 2
      vertex 63 127 2
    endloop
  endfacet
  facet normal 0 0 1
    outer loop
      vertex 89.2876 124.079 2
      vertex 63 123 2
      vertex 89.2877 124.077 2
    endloop
  endfacet
  facet normal 0 0 1
    outer loop
      vertex 60.8888 112.697 2
      vertex 89.694 122.88 2
      vertex 63 123 2
    endloop
  endfacet
  facet normal 0 0 1
    outer loop
      vertex 90.2089 122.209 2
      vertex 61 111 2
      vertex 60.8888 109.303 2
    endloop
  endfacet
  facet normal 0 0 1
    outer loop
      vertex 90.5276 121.929 2
      vertex 60.8888 109.303 2
      vertex 92.8 95.5 2
    endloop
  endfacet
  facet normal -0 0 1
    outer loop
      vertex 60.557 107.635 2
      vertex 92.8 95.5 2
      vertex 60.8888 109.303 2
    endloop
  endfacet
  facet normal -0 0 1
    outer loop
      vertex 60.0104 106.025 2
      vertex 92.8 95.5 2
      vertex 60.557 107.635 2
    endloop
  endfacet
  facet normal -0 0 1
    outer loop
      vertex 59.2583 104.5 2
      vertex 92.8 95.5 2
      vertex 60.0104 106.025 2
    endloop
  endfacet
  facet normal -0 0 1
    outer loop
      vertex 58.3136 103.086 2
      vertex 92.8 95.5 2
      vertex 59.2583 104.5 2
    endloop
  endfacet
  facet normal -0 0 1
    outer loop
      vertex 57.1924 101.808 2
      vertex 92.8 95.5 2
      vertex 58.3136 103.086 2
    endloop
  endfacet
  facet normal -0 0 1
    outer loop
      vertex 55.9139 100.686 2
      vertex 92.8 95.5 2
      vertex 57.1924 101.808 2
    endloop
  endfacet
  facet normal -0 0 1
    outer loop
      vertex 54.5 99.7417 2
      vertex 92.8 95.5 2
      vertex 55.9139 100.686 2
    endloop
  endfacet
  facet normal -0 0 1
    outer loop
      vertex 52.9749 98.9896 2
      vertex 92.8 95.5 2
      vertex 54.5 99.7417 2
    endloop
  endfacet
  facet normal -0 0 1
    outer loop
      vertex 51.3646 98.443 2
      vertex 92.8 95.5 2
      vertex 52.9749 98.9896 2
    endloop
  endfacet
  facet normal -0 0 1
    outer loop
      vertex 49.6968 98.1112 2
      vertex 92.8 95.5 2
      vertex 51.3646 98.443 2
    endloop
  endfacet
  facet normal -0 0 1
    outer loop
      vertex 48 98 2
      vertex 92.8 95.5 2
      vertex 49.6968 98.1112 2
    endloop
  endfacet
  facet normal -0 0 1
    outer loop
      vertex 6.30519 122.879 2
      vertex 35.1112 112.697 2
      vertex 6.30598 122.88 2
    endloop
  endfacet
  facet normal -0 0 1
    outer loop
      vertex 6.71244 124.079 2
      vertex 33 123 2
      vertex 6.74006 124.5 2
    endloop
  endfacet
  facet normal -0 0 1
    outer loop
      vertex 6.71235 124.077 2
      vertex 33 123 2
      vertex 6.71244 124.079 2
    endloop
  endfacet
  facet normal -0 0 1
    outer loop
      vertex 6.71207 124.076 2
      vertex 33 123 2
      vertex 6.71235 124.077 2
    endloop
  endfacet
  facet normal -0 0 1
    outer loop
      vertex 6.62966 123.661 2
      vertex 33 123 2
      vertex 6.71207 124.076 2
    endloop
  endfacet
  facet normal -0 0 1
    outer loop
      vertex 6.49389 123.261 2
      vertex 33 123 2
      vertex 6.62966 123.661 2
    endloop
  endfacet
  facet normal -0 0 1
    outer loop
      vertex 6.49343 123.26 2
      vertex 33 123 2
      vertex 6.49389 123.261 2
    endloop
  endfacet
  facet normal -0 0 1
    outer loop
      vertex 6.4928 123.259 2
      vertex 33 123 2
      vertex 6.49343 123.26 2
    endloop
  endfacet
  facet normal 0 0 1
    outer loop
      vertex 6.30598 122.88 2
      vertex 33 123 2
      vertex 6.4928 123.259 2
    endloop
  endfacet
  facet normal -0 0 1
    outer loop
      vertex 6.07052 122.528 2
      vertex 35.1112 112.697 2
      vertex 6.30519 122.879 2
    endloop
  endfacet
  facet normal 0 0 1
    outer loop
      vertex 35.1112 112.697 2
      vertex 6.07052 122.528 2
      vertex 35 111 2
    endloop
  endfacet
  facet normal -0 0 1
    outer loop
      vertex 5.79201 122.21 2
      vertex 35 111 2
      vertex 6.07052 122.528 2
    endloop
  endfacet
  facet normal -0 0 1
    outer loop
      vertex 5.79107 122.209 2
      vertex 35 111 2
      vertex 5.79201 122.21 2
    endloop
  endfacet
  facet normal 0 0 1
    outer loop
      vertex 35 111 2
      vertex 5.79107 122.209 2
      vertex 35.1112 109.303 2
    endloop
  endfacet
  facet normal -0 0 1
    outer loop
      vertex 5.79 122.208 2
      vertex 35.1112 109.303 2
      vertex 5.79107 122.209 2
    endloop
  endfacet
  facet normal -0 0 1
    outer loop
      vertex 5.47243 121.929 2
      vertex 35.1112 109.303 2
      vertex 5.79 122.208 2
    endloop
  endfacet
  facet normal 0 0 1
    outer loop
      vertex 3.2 95.5 2
      vertex 35.1112 109.303 2
      vertex 5.47243 121.929 2
    endloop
  endfacet
  facet normal 0 0 1
    outer loop
      vertex 35.1112 109.303 2
      vertex 3.2 95.5 2
      vertex 35.443 107.635 2
    endloop
  endfacet
  facet normal 0 0 1
    outer loop
      vertex 36.7417 104.5 2
      vertex 3.2 95.5 2
      vertex 37.6864 103.086 2
    endloop
  endfacet
  facet normal 0 0 1
    outer loop
      vertex 37.6864 103.086 2
      vertex 3.2 95.5 2
      vertex 38.8076 101.808 2
    endloop
  endfacet
  facet normal 0 0 1
    outer loop
      vertex 38.8076 101.808 2
      vertex 3.2 95.5 2
      vertex 40.0861 100.686 2
    endloop
  endfacet
  facet normal 0 0 1
    outer loop
      vertex 35.443 107.635 2
      vertex 3.2 95.5 2
      vertex 35.9896 106.025 2
    endloop
  endfacet
  facet normal 0 0 1
    outer loop
      vertex 35.9896 106.025 2
      vertex 3.2 95.5 2
      vertex 36.7417 104.5 2
    endloop
  endfacet
  facet normal 0 0 1
    outer loop
      vertex 3.2 95.5 2
      vertex 5.47243 121.929 2
      vertex 5.12122 121.695 2
    endloop
  endfacet
  facet normal 0 0 1
    outer loop
      vertex 3.2 95.5 2
      vertex 5.12122 121.695 2
      vertex 5.12003 121.694 2
    endloop
  endfacet
  facet normal 0 0 1
    outer loop
      vertex 3.2 95.5 2
      vertex 5.12003 121.694 2
      vertex 5.11875 121.693 2
    endloop
  endfacet
  facet normal 0 0 1
    outer loop
      vertex 3.2 95.5 2
      vertex 5.11875 121.693 2
      vertex 4.73992 121.507 2
    endloop
  endfacet
  facet normal 0 0 1
    outer loop
      vertex 3.2 95.5 2
      vertex 4.73992 121.507 2
      vertex 4.73857 121.506 2
    endloop
  endfacet
  facet normal 0 0 1
    outer loop
      vertex 3.2 95.5 2
      vertex 4.73857 121.506 2
      vertex 4.33859 121.37 2
    endloop
  endfacet
  facet normal 0 0 1
    outer loop
      vertex 3.2 95.5 2
      vertex 4.33859 121.37 2
      vertex 3.92431 121.288 2
    endloop
  endfacet
  facet normal 0 0 1
    outer loop
      vertex 3.2 95.5 2
      vertex 3.92431 121.288 2
      vertex 3.92291 121.288 2
    endloop
  endfacet
  facet normal 0 0 1
    outer loop
      vertex 3.2 95.5 2
      vertex 3.92291 121.288 2
      vertex 3.92149 121.288 2
    endloop
  endfacet
  facet normal 0 0 1
    outer loop
      vertex 3.2 95.5 2
      vertex 3.92149 121.288 2
      vertex 3.5 121.26 2
    endloop
  endfacet
  facet normal 0 0 1
    outer loop
      vertex 48 98 2
      vertex 3.2 95.5 2
      vertex 92.8 95.5 2
    endloop
  endfacet
  facet normal 0 0 1
    outer loop
      vertex 46.3032 98.1112 2
      vertex 3.2 95.5 2
      vertex 48 98 2
    endloop
  endfacet
  facet normal 0 0 1
    outer loop
      vertex 44.6354 98.443 2
      vertex 3.2 95.5 2
      vertex 46.3032 98.1112 2
    endloop
  endfacet
  facet normal 0 0 1
    outer loop
      vertex 43.0251 98.9896 2
      vertex 3.2 95.5 2
      vertex 44.6354 98.443 2
    endloop
  endfacet
  facet normal 0 0 1
    outer loop
      vertex 41.5 99.7417 2
      vertex 3.2 95.5 2
      vertex 43.0251 98.9896 2
    endloop
  endfacet
  facet normal 0 0 1
    outer loop
      vertex 40.0861 100.686 2
      vertex 3.2 95.5 2
      vertex 41.5 99.7417 2
    endloop
  endfacet
  facet normal 0 0 1
    outer loop
      vertex 0.287654 124.077 2
      vertex 3.2 94.5 2
      vertex 3.2 95.5 2
    endloop
  endfacet
  facet normal 0 0 1
    outer loop
      vertex 3.2 94.5 2
      vertex 0.287654 124.077 2
      vertex 3.2 55.5 2
    endloop
  endfacet
  facet normal 0 -0 1
    outer loop
      vertex 3.1 50 2
      vertex 3.2 55.5 2
      vertex 0.287654 124.077 2
    endloop
  endfacet
  facet normal 0 0 1
    outer loop
      vertex 3.2 54.5 2
      vertex 3.1 50 2
      vertex 3.12566 50.3916 2
    endloop
  endfacet
  facet normal -0 0 1
    outer loop
      vertex 3.07569 121.288 2
      vertex 3.2 95.5 2
      vertex 3.07709 121.288 2
    endloop
  endfacet
  facet normal -0 0 1
    outer loop
      vertex 3.07709 121.288 2
      vertex 3.2 95.5 2
      vertex 3.07851 121.288 2
    endloop
  endfacet
  facet normal 0 0 1
    outer loop
      vertex 3.07851 121.288 2
      vertex 3.2 95.5 2
      vertex 3.5 121.26 2
    endloop
  endfacet
  facet normal -0 0 1
    outer loop
      vertex 95.7124 124.079 2
      vertex 95.7401 3.5 2
      vertex 95.7401 124.5 2
    endloop
  endfacet
  facet normal 0 0 1
    outer loop
      vertex 95.7124 124.079 2
      vertex 95.7124 3.92149 2
      vertex 95.7401 3.5 2
    endloop
  endfacet
  facet normal -0 0 1
    outer loop
      vertex 95.7123 124.077 2
      vertex 95.7124 3.92149 2
      vertex 95.7124 124.079 2
    endloop
  endfacet
  facet normal 0 0 1
    outer loop
      vertex 95.7123 124.077 2
      vertex 95.7123 3.92291 2
      vertex 95.7124 3.92149 2
    endloop
  endfacet
  facet normal 0 0 1
    outer loop
      vertex 92.8 94.5 2
      vertex 95.7123 124.077 2
      vertex 95.7121 124.076 2
    endloop
  endfacet
  facet normal 0 0 1
    outer loop
      vertex 95.7123 124.077 2
      vertex 94 42 2
      vertex 95.7123 3.92291 2
    endloop
  endfacet
  facet normal 0 0 1
    outer loop
      vertex 92.8 94.5 2
      vertex 95.7121 124.076 2
      vertex 95.6297 123.661 2
    endloop
  endfacet
  facet normal -0 0 1
    outer loop
      vertex 93.9144 40.6947 2
      vertex 95.7123 3.92291 2
      vertex 94 42 2
    endloop
  endfacet
  facet normal 0 0 1
    outer loop
      vertex 92.8 95.5 2
      vertex 95.6297 123.661 2
      vertex 95.4939 123.261 2
    endloop
  endfacet
  facet normal 0 0 1
    outer loop
      vertex 95.7123 3.92291 2
      vertex 93.9144 40.6947 2
      vertex 95.7121 3.92431 2
    endloop
  endfacet
  facet normal 0 0 1
    outer loop
      vertex 92.8 95.5 2
      vertex 95.4939 123.261 2
      vertex 95.4934 123.26 2
    endloop
  endfacet
  facet normal 0 0 1
    outer loop
      vertex 95.7121 3.92431 2
      vertex 93.9144 40.6947 2
      vertex 95.6297 4.33859 2
    endloop
  endfacet
  facet normal 0 0 1
    outer loop
      vertex 92.8 95.5 2
      vertex 95.4934 123.26 2
      vertex 95.4928 123.259 2
    endloop
  endfacet
  facet normal -0 0 1
    outer loop
      vertex 92.8 28.5 2
      vertex 95.6297 4.33859 2
      vertex 93.9144 40.6947 2
    endloop
  endfacet
  facet normal 0 0 1
    outer loop
      vertex 92.8 95.5 2
      vertex 95.4928 123.259 2
      vertex 95.306 122.88 2
    endloop
  endfacet
  facet normal 0 0 1
    outer loop
      vertex 95.6297 4.33859 2
      vertex 92.8 28.5 2
      vertex 95.4939 4.73857 2
    endloop
  endfacet
  facet normal 0 0 1
    outer loop
      vertex 92.8 95.5 2
      vertex 95.306 122.88 2
      vertex 95.3052 122.879 2
    endloop
  endfacet
  facet normal 0 0 1
    outer loop
      vertex 95.4939 4.73857 2
      vertex 92.8 28.5 2
      vertex 95.4934 4.73992 2
    endloop
  endfacet
  facet normal 0 0 1
    outer loop
      vertex 92.8 95.5 2
      vertex 95.3052 122.879 2
      vertex 95.0705 122.528 2
    endloop
  endfacet
  facet normal 0 0 1
    outer loop
      vertex 95.4934 4.73992 2
      vertex 92.8 28.5 2
      vertex 95.3066 5.11875 2
    endloop
  endfacet
  facet normal 0 0 1
    outer loop
      vertex 92.8 95.5 2
      vertex 95.0705 122.528 2
      vertex 94.792 122.21 2
    endloop
  endfacet
  facet normal 0 0 1
    outer loop
      vertex 95.3066 5.11875 2
      vertex 92.8 28.5 2
      vertex 95.306 5.12003 2
    endloop
  endfacet
  facet normal 0 0 1
    outer loop
      vertex 92.8 95.5 2
      vertex 94.792 122.21 2
      vertex 94.7911 122.209 2
    endloop
  endfacet
  facet normal 0 0 1
    outer loop
      vertex 95.306 5.12003 2
      vertex 92.8 28.5 2
      vertex 95.3052 5.12122 2
    endloop
  endfacet
  facet normal 0 0 1
    outer loop
      vertex 92.8 95.5 2
      vertex 94.7911 122.209 2
      vertex 94.79 122.208 2
    endloop
  endfacet
  facet normal 0 0 1
    outer loop
      vertex 95.3052 5.12122 2
      vertex 92.8 28.5 2
      vertex 95.0705 5.47243 2
    endloop
  endfacet
  facet normal 0 0 1
    outer loop
      vertex 92.8 95.5 2
      vertex 94.79 122.208 2
      vertex 94.4724 121.929 2
    endloop
  endfacet
  facet normal 0 0 1
    outer loop
      vertex 95.0705 5.47243 2
      vertex 92.8 28.5 2
      vertex 94.792 5.79 2
    endloop
  endfacet
  facet normal 0 0 1
    outer loop
      vertex 92.8 95.5 2
      vertex 94.4724 121.929 2
      vertex 94.1212 121.695 2
    endloop
  endfacet
  facet normal 0 0 1
    outer loop
      vertex 94.792 5.79 2
      vertex 92.8 28.5 2
      vertex 94.7911 5.79107 2
    endloop
  endfacet
  facet normal 0 0 1
    outer loop
      vertex 92.8 95.5 2
      vertex 94.1212 121.695 2
      vertex 94.12 121.694 2
    endloop
  endfacet
  facet normal 0 0 1
    outer loop
      vertex 94.7911 5.79107 2
      vertex 92.8 28.5 2
      vertex 94.79 5.79201 2
    endloop
  endfacet
  facet normal 0 0 1
    outer loop
      vertex 92.8 95.5 2
      vertex 94.12 121.694 2
      vertex 94.1188 121.693 2
    endloop
  endfacet
  facet normal 0 0 1
    outer loop
      vertex 94.79 5.79201 2
      vertex 92.8 28.5 2
      vertex 94.4724 6.07052 2
    endloop
  endfacet
  facet normal 0 0 1
    outer loop
      vertex 94.4724 6.07052 2
      vertex 92.8 28.5 2
      vertex 94.1212 6.30519 2
    endloop
  endfacet
  facet normal 0 0 1
    outer loop
      vertex 95.7123 124.077 2
      vertex 93.9144 43.3053 2
      vertex 94 42 2
    endloop
  endfacet
  facet normal 0 0 1
    outer loop
      vertex 92.8 95.5 2
      vertex 94.1188 121.693 2
      vertex 93.7399 121.507 2
    endloop
  endfacet
  facet normal 0 0 1
    outer loop
      vertex 92.8 95.5 2
      vertex 93.7399 121.507 2
      vertex 93.7386 121.506 2
    endloop
  endfacet
  facet normal 0 0 1
    outer loop
      vertex 95.7123 124.077 2
      vertex 92.8 94.5 2
      vertex 93.9144 43.3053 2
    endloop
  endfacet
  facet normal 0 0 1
    outer loop
      vertex 92.8 95.5 2
      vertex 93.7386 121.506 2
      vertex 93.3386 121.37 2
    endloop
  endfacet
  facet normal -0 0 1
    outer loop
      vertex 92.8 55.5 2
      vertex 93.9144 43.3053 2
      vertex 92.8 94.5 2
    endloop
  endfacet
  facet normal 0 0 1
    outer loop
      vertex 92.8 95.5 2
      vertex 93.3386 121.37 2
      vertex 92.9243 121.288 2
    endloop
  endfacet
  facet normal 0 0 1
    outer loop
      vertex 92.8 95.5 2
      vertex 92.9243 121.288 2
      vertex 92.9229 121.288 2
    endloop
  endfacet
  facet normal 0 0 1
    outer loop
      vertex 92.8 95.5 2
      vertex 92.9229 121.288 2
      vertex 92.9215 121.288 2
    endloop
  endfacet
  facet normal 0 0 1
    outer loop
      vertex 95.6297 123.661 2
      vertex 92.8 95.5 2
      vertex 92.8 94.5 2
    endloop
  endfacet
  facet normal -0 0 1
    outer loop
      vertex 92.8 54.5 2
      vertex 93.9144 43.3053 2
      vertex 92.8 55.5 2
    endloop
  endfacet
  facet normal 0 0 1
    outer loop
      vertex 93.9144 43.3053 2
      vertex 92.8 54.5 2
      vertex 93.6593 44.5882 2
    endloop
  endfacet
  facet normal 0 0 1
    outer loop
      vertex 93.6593 44.5882 2
      vertex 92.8 54.5 2
      vertex 93.2388 45.8268 2
    endloop
  endfacet
  facet normal 0 0 1
    outer loop
      vertex 92.8 54.5 2
      vertex 92.6603 47 2
      vertex 93.2388 45.8268 2
    endloop
  endfacet
  facet normal 0 0 1
    outer loop
      vertex 92.8 54.5 2
      vertex 91.9335 48.0876 2
      vertex 92.6603 47 2
    endloop
  endfacet
  facet normal 0 0 1
    outer loop
      vertex 92.8 54.5 2
      vertex 91.0711 49.0711 2
      vertex 91.9335 48.0876 2
    endloop
  endfacet
  facet normal 0 0 1
    outer loop
      vertex 92.8 54.5 2
      vertex 90.0876 49.9335 2
      vertex 91.0711 49.0711 2
    endloop
  endfacet
  facet normal 0 0 1
    outer loop
      vertex 92.8 54.5 2
      vertex 89 50.6603 2
      vertex 90.0876 49.9335 2
    endloop
  endfacet
  facet normal 0 0 1
    outer loop
      vertex 92.8 54.5 2
      vertex 87.8268 51.2388 2
      vertex 89 50.6603 2
    endloop
  endfacet
  facet normal 0 0 1
    outer loop
      vertex 92.8 54.5 2
      vertex 86.5882 51.6593 2
      vertex 87.8268 51.2388 2
    endloop
  endfacet
  facet normal 0 0 1
    outer loop
      vertex 92.8 54.5 2
      vertex 85.3053 51.9144 2
      vertex 86.5882 51.6593 2
    endloop
  endfacet
  facet normal 0 0 1
    outer loop
      vertex 92.8 54.5 2
      vertex 84 52 2
      vertex 85.3053 51.9144 2
    endloop
  endfacet
  facet normal 0 0 1
    outer loop
      vertex 92.8 54.5 2
      vertex 82.6947 51.9144 2
      vertex 84 52 2
    endloop
  endfacet
  facet normal -0 0 1
    outer loop
      vertex 68.8765 52.8978 2
      vertex 82.6947 51.9144 2
      vertex 92.8 54.5 2
    endloop
  endfacet
  facet normal 0 0 1
    outer loop
      vertex 74.0855 43.3053 2
      vertex 71.1 50 2
      vertex 74 42 2
    endloop
  endfacet
  facet normal 0 0 1
    outer loop
      vertex 74.3407 44.5882 2
      vertex 71.1 50 2
      vertex 74.0855 43.3053 2
    endloop
  endfacet
  facet normal 0 0 1
    outer loop
      vertex 74.7612 45.8268 2
      vertex 71.1 50 2
      vertex 74.3407 44.5882 2
    endloop
  endfacet
  facet normal 0 0 1
    outer loop
      vertex 75.3397 47 2
      vertex 71.1 50 2
      vertex 74.7612 45.8268 2
    endloop
  endfacet
  facet normal 0 0 1
    outer loop
      vertex 76.0665 48.0876 2
      vertex 71.1 50 2
      vertex 75.3397 47 2
    endloop
  endfacet
  facet normal 0 0 1
    outer loop
      vertex 71.0743 50.3916 2
      vertex 76.0665 48.0876 2
      vertex 76.9289 49.0711 2
    endloop
  endfacet
  facet normal 0 0 1
    outer loop
      vertex 70.8716 51.1481 2
      vertex 76.9289 49.0711 2
      vertex 77.9124 49.9335 2
    endloop
  endfacet
  facet normal 0 0 1
    outer loop
      vertex 70.4801 51.8263 2
      vertex 77.9124 49.9335 2
      vertex 79 50.6603 2
    endloop
  endfacet
  facet normal 0 0 1
    outer loop
      vertex 70.2213 52.1213 2
      vertex 79 50.6603 2
      vertex 80.1732 51.2388 2
    endloop
  endfacet
  facet normal 0 0 1
    outer loop
      vertex 69.6 52.5981 2
      vertex 80.1732 51.2388 2
      vertex 81.4118 51.6593 2
    endloop
  endfacet
  facet normal -0 -0 1
    outer loop
      vertex 69.2481 52.7716 2
      vertex 82.6947 51.9144 2
      vertex 68.8765 52.8978 2
    endloop
  endfacet
  facet normal 0 0 1
    outer loop
      vertex 76.0665 48.0876 2
      vertex 71.0743 50.3916 2
      vertex 71.1 50 2
    endloop
  endfacet
  facet normal 0 0 1
    outer loop
      vertex 76.9289 49.0711 2
      vertex 70.9978 50.7765 2
      vertex 71.0743 50.3916 2
    endloop
  endfacet
  facet normal 0 0 1
    outer loop
      vertex 76.9289 49.0711 2
      vertex 70.8716 51.1481 2
      vertex 70.9978 50.7765 2
    endloop
  endfacet
  facet normal 0 0 1
    outer loop
      vertex 77.9124 49.9335 2
      vertex 70.6981 51.5 2
      vertex 70.8716 51.1481 2
    endloop
  endfacet
  facet normal 0 0 1
    outer loop
      vertex 77.9124 49.9335 2
      vertex 70.4801 51.8263 2
      vertex 70.6981 51.5 2
    endloop
  endfacet
  facet normal 0 0 1
    outer loop
      vertex 79 50.6603 2
      vertex 70.2213 52.1213 2
      vertex 70.4801 51.8263 2
    endloop
  endfacet
  facet normal 0 0 1
    outer loop
      vertex 80.1732 51.2388 2
      vertex 69.9263 52.3801 2
      vertex 70.2213 52.1213 2
    endloop
  endfacet
  facet normal 0 0 1
    outer loop
      vertex 80.1732 51.2388 2
      vertex 69.6 52.5981 2
      vertex 69.9263 52.3801 2
    endloop
  endfacet
  facet normal 0 0 1
    outer loop
      vertex 81.4118 51.6593 2
      vertex 69.2481 52.7716 2
      vertex 69.6 52.5981 2
    endloop
  endfacet
  facet normal 0 0 1
    outer loop
      vertex 82.6947 51.9144 2
      vertex 69.2481 52.7716 2
      vertex 81.4118 51.6593 2
    endloop
  endfacet
  facet normal 0 0 1
    outer loop
      vertex 92.8 54.5 2
      vertex 68.4916 52.9743 2
      vertex 68.8765 52.8978 2
    endloop
  endfacet
  facet normal 0 0 1
    outer loop
      vertex 92.8 54.5 2
      vertex 68.1 53 2
      vertex 68.4916 52.9743 2
    endloop
  endfacet
  facet normal -0 0 1
    outer loop
      vertex 3.2 54.5 2
      vertex 68.1 53 2
      vertex 92.8 54.5 2
    endloop
  endfacet
  facet normal 0 0 1
    outer loop
      vertex 68.1 53 2
      vertex 3.2 54.5 2
      vertex 6.1 53 2
    endloop
  endfacet
  facet normal 0 0 1
    outer loop
      vertex 3.2 54.5 2
      vertex 5.70843 52.9743 2
      vertex 6.1 53 2
    endloop
  endfacet
  facet normal 0 0 1
    outer loop
      vertex 3.2 54.5 2
      vertex 5.32354 52.8978 2
      vertex 5.70843 52.9743 2
    endloop
  endfacet
  facet normal 0 0 1
    outer loop
      vertex 3.2 54.5 2
      vertex 4.95194 52.7716 2
      vertex 5.32354 52.8978 2
    endloop
  endfacet
  facet normal 0 0 1
    outer loop
      vertex 3.2 54.5 2
      vertex 4.6 52.5981 2
      vertex 4.95194 52.7716 2
    endloop
  endfacet
  facet normal 0 0 1
    outer loop
      vertex 3.2 54.5 2
      vertex 4.27372 52.3801 2
      vertex 4.6 52.5981 2
    endloop
  endfacet
  facet normal 0 0 1
    outer loop
      vertex 3.2 54.5 2
      vertex 3.97868 52.1213 2
      vertex 4.27372 52.3801 2
    endloop
  endfacet
  facet normal 0 0 1
    outer loop
      vertex 3.2 54.5 2
      vertex 3.71993 51.8263 2
      vertex 3.97868 52.1213 2
    endloop
  endfacet
  facet normal 0 0 1
    outer loop
      vertex 3.2 54.5 2
      vertex 3.50192 51.5 2
      vertex 3.71993 51.8263 2
    endloop
  endfacet
  facet normal 0 0 1
    outer loop
      vertex 3.2 54.5 2
      vertex 3.32836 51.1481 2
      vertex 3.50192 51.5 2
    endloop
  endfacet
  facet normal 0 0 1
    outer loop
      vertex 3.2 54.5 2
      vertex 3.20222 50.7765 2
      vertex 3.32836 51.1481 2
    endloop
  endfacet
  facet normal 0 0 1
    outer loop
      vertex 3.20222 50.7765 2
      vertex 3.2 54.5 2
      vertex 3.12566 50.3916 2
    endloop
  endfacet
  facet normal 0 0 1
    outer loop
      vertex 95.4934 125.74 2
      vertex 95.8 125.8 2
      vertex 95.7829 126.061 2
    endloop
  endfacet
  facet normal 0 0 1
    outer loop
      vertex 95.8 125.8 2
      vertex 95.7401 124.5 2
      vertex 95.8 2.2 2
    endloop
  endfacet
  facet normal -0 0 1
    outer loop
      vertex 95.7401 3.5 2
      vertex 95.8 2.2 2
      vertex 95.7401 124.5 2
    endloop
  endfacet
  facet normal -0 0 1
    outer loop
      vertex 95.3066 126.119 2
      vertex 95.7829 126.061 2
      vertex 95.7318 126.318 2
    endloop
  endfacet
  facet normal 0 0 1
    outer loop
      vertex 95.8 125.8 2
      vertex 95.7124 124.921 2
      vertex 95.7401 124.5 2
    endloop
  endfacet
  facet normal 0 0 1
    outer loop
      vertex 95.8 125.8 2
      vertex 95.7123 124.923 2
      vertex 95.7124 124.921 2
    endloop
  endfacet
  facet normal 0 0 1
    outer loop
      vertex 95.8 125.8 2
      vertex 95.7121 124.924 2
      vertex 95.7123 124.923 2
    endloop
  endfacet
  facet normal 0 0 1
    outer loop
      vertex 95.3052 126.121 2
      vertex 95.7318 126.318 2
      vertex 95.6478 126.565 2
    endloop
  endfacet
  facet normal 0 0 1
    outer loop
      vertex 95.8 125.8 2
      vertex 95.6297 125.339 2
      vertex 95.7121 124.924 2
    endloop
  endfacet
  facet normal 0 0 1
    outer loop
      vertex 95.0705 126.472 2
      vertex 95.6478 126.565 2
      vertex 95.532 126.8 2
    endloop
  endfacet
  facet normal 0 0 1
    outer loop
      vertex 95.8 125.8 2
      vertex 95.4939 125.739 2
      vertex 95.6297 125.339 2
    endloop
  endfacet
  facet normal 0 0 1
    outer loop
      vertex 95.8 125.8 2
      vertex 95.4934 125.74 2
      vertex 95.4939 125.739 2
    endloop
  endfacet
  facet normal 0 0 1
    outer loop
      vertex 95.0705 126.472 2
      vertex 95.532 126.8 2
      vertex 95.3867 127.018 2
    endloop
  endfacet
  facet normal 0 0 1
    outer loop
      vertex 95.7829 126.061 2
      vertex 95.3066 126.119 2
      vertex 95.4934 125.74 2
    endloop
  endfacet
  facet normal 0 0 1
    outer loop
      vertex 95.7318 126.318 2
      vertex 95.306 126.12 2
      vertex 95.3066 126.119 2
    endloop
  endfacet
  facet normal 0 0 1
    outer loop
      vertex 95.7318 126.318 2
      vertex 95.3052 126.121 2
      vertex 95.306 126.12 2
    endloop
  endfacet
  facet normal 0 0 1
    outer loop
      vertex 94.792 126.79 2
      vertex 95.3867 127.018 2
      vertex 95.2142 127.214 2
    endloop
  endfacet
  facet normal 0 0 1
    outer loop
      vertex 95.6478 126.565 2
      vertex 95.0705 126.472 2
      vertex 95.3052 126.121 2
    endloop
  endfacet
  facet normal 0 0 1
    outer loop
      vertex 94.79 126.792 2
      vertex 95.2142 127.214 2
      vertex 95.0175 127.387 2
    endloop
  endfacet
  facet normal 0 0 1
    outer loop
      vertex 94.4724 127.071 2
      vertex 95.0175 127.387 2
      vertex 94.8 127.532 2
    endloop
  endfacet
  facet normal 0 0 1
    outer loop
      vertex 95.3867 127.018 2
      vertex 94.792 126.79 2
      vertex 95.0705 126.472 2
    endloop
  endfacet
  facet normal 0 0 1
    outer loop
      vertex 95.2142 127.214 2
      vertex 94.7911 126.791 2
      vertex 94.792 126.79 2
    endloop
  endfacet
  facet normal 0 0 1
    outer loop
      vertex 95.2142 127.214 2
      vertex 94.79 126.792 2
      vertex 94.7911 126.791 2
    endloop
  endfacet
  facet normal 0 0 1
    outer loop
      vertex 94.4724 127.071 2
      vertex 94.8 127.532 2
      vertex 94.5654 127.648 2
    endloop
  endfacet
  facet normal 0 0 1
    outer loop
      vertex 95.0175 127.387 2
      vertex 94.4724 127.071 2
      vertex 94.79 126.792 2
    endloop
  endfacet
  facet normal 0 0 1
    outer loop
      vertex 94.1212 127.305 2
      vertex 94.5654 127.648 2
      vertex 94.3176 127.732 2
    endloop
  endfacet
  facet normal 0 0 1
    outer loop
      vertex 94.5654 127.648 2
      vertex 94.1212 127.305 2
      vertex 94.4724 127.071 2
    endloop
  endfacet
  facet normal 0 0 1
    outer loop
      vertex 94.3176 127.732 2
      vertex 94.12 127.306 2
      vertex 94.1212 127.305 2
    endloop
  endfacet
  facet normal 0 0 1
    outer loop
      vertex 94.3176 127.732 2
      vertex 94.1188 127.307 2
      vertex 94.12 127.306 2
    endloop
  endfacet
  facet normal 0 0 1
    outer loop
      vertex 94.061 127.783 2
      vertex 94.1188 127.307 2
      vertex 94.3176 127.732 2
    endloop
  endfacet
  facet normal 0 0 1
    outer loop
      vertex 93.7399 127.493 2
      vertex 94.061 127.783 2
      vertex 93.8 127.8 2
    endloop
  endfacet
  facet normal 0 0 1
    outer loop
      vertex 94.061 127.783 2
      vertex 93.7399 127.493 2
      vertex 94.1188 127.307 2
    endloop
  endfacet
  facet normal 0 0 1
    outer loop
      vertex 93.8 127.8 2
      vertex 93.7386 127.494 2
      vertex 93.7399 127.493 2
    endloop
  endfacet
  facet normal 0 0 1
    outer loop
      vertex 93.8 127.8 2
      vertex 93.3386 127.63 2
      vertex 93.7386 127.494 2
    endloop
  endfacet
  facet normal 0 0 1
    outer loop
      vertex 93.8 127.8 2
      vertex 92.9243 127.712 2
      vertex 93.3386 127.63 2
    endloop
  endfacet
  facet normal 0 0 1
    outer loop
      vertex 93.8 127.8 2
      vertex 92.9229 127.712 2
      vertex 92.9243 127.712 2
    endloop
  endfacet
  facet normal 0 0 1
    outer loop
      vertex 93.8 127.8 2
      vertex 92.9215 127.712 2
      vertex 92.9229 127.712 2
    endloop
  endfacet
  facet normal 0 0 1
    outer loop
      vertex 93.8 127.8 2
      vertex 92.5 127.74 2
      vertex 92.9215 127.712 2
    endloop
  endfacet
  facet normal 0 0 1
    outer loop
      vertex 92.5 127.74 2
      vertex 92.0771 127.712 2
      vertex 92.0785 127.712 2
    endloop
  endfacet
  facet normal -0 0 -1
    outer loop
      vertex 92.0771 127.712 2
      vertex 91.6614 127.63 2
      vertex 92.0757 127.712 2
    endloop
  endfacet
  facet normal 0 0 -1
    outer loop
      vertex 91.6614 127.63 2
      vertex 91.2601 127.493 2
      vertex 91.2614 127.494 2
    endloop
  endfacet
  facet normal -0 0 -1
    outer loop
      vertex 91.2601 127.493 2
      vertex 90.88 127.306 2
      vertex 91.2588 127.493 2
    endloop
  endfacet
  facet normal 0 0 1
    outer loop
      vertex 90.88 127.306 2
      vertex 90.5276 127.071 2
      vertex 90.8788 127.305 2
    endloop
  endfacet
  facet normal 0 0 1
    outer loop
      vertex 63 127 2
      vertex 89.6948 126.121 2
      vertex 89.9295 126.472 2
    endloop
  endfacet
  facet normal 0 0 1
    outer loop
      vertex 63 127 2
      vertex 89.5061 125.739 2
      vertex 89.5066 125.74 2
    endloop
  endfacet
  facet normal 0 0 1
    outer loop
      vertex 63 127 2
      vertex 89.2879 124.924 2
      vertex 89.3703 125.339 2
    endloop
  endfacet
  facet normal 0 0 1
    outer loop
      vertex 63 127 2
      vertex 89.2876 124.921 2
      vertex 89.2877 124.923 2
    endloop
  endfacet
  facet normal 0 0 1
    outer loop
      vertex 89.2876 124.921 2
      vertex 63 127 2
      vertex 89.2599 124.5 2
    endloop
  endfacet
  facet normal 0 0 1
    outer loop
      vertex 89.2879 124.924 2
      vertex 63 127 2
      vertex 89.2877 124.923 2
    endloop
  endfacet
  facet normal 0 0 1
    outer loop
      vertex 89.5061 125.739 2
      vertex 63 127 2
      vertex 89.3703 125.339 2
    endloop
  endfacet
  facet normal 0 0 1
    outer loop
      vertex 89.6934 126.119 2
      vertex 63 127 2
      vertex 89.5066 125.74 2
    endloop
  endfacet
  facet normal 0 0 1
    outer loop
      vertex 89.694 126.12 2
      vertex 63 127 2
      vertex 89.6934 126.119 2
    endloop
  endfacet
  facet normal 0 0 1
    outer loop
      vertex 89.6948 126.121 2
      vertex 63 127 2
      vertex 89.694 126.12 2
    endloop
  endfacet
  facet normal 0 0 1
    outer loop
      vertex 90.208 126.79 2
      vertex 63 127 2
      vertex 89.9295 126.472 2
    endloop
  endfacet
  facet normal 0 0 1
    outer loop
      vertex 90.2089 126.791 2
      vertex 63 127 2
      vertex 90.208 126.79 2
    endloop
  endfacet
  facet normal 0 0 1
    outer loop
      vertex 90.21 126.792 2
      vertex 63 127 2
      vertex 90.2089 126.791 2
    endloop
  endfacet
  facet normal 0 0 1
    outer loop
      vertex 90.5276 127.071 2
      vertex 63 127 2
      vertex 90.21 126.792 2
    endloop
  endfacet
  facet normal 0 0 1
    outer loop
      vertex 90.88 127.306 2
      vertex 63 127 2
      vertex 90.5276 127.071 2
    endloop
  endfacet
  facet normal 0 0 1
    outer loop
      vertex 91.2601 127.493 2
      vertex 63 127 2
      vertex 90.88 127.306 2
    endloop
  endfacet
  facet normal 0 0 1
    outer loop
      vertex 91.6614 127.63 2
      vertex 63 127 2
      vertex 91.2601 127.493 2
    endloop
  endfacet
  facet normal 0 0 1
    outer loop
      vertex 92.0771 127.712 2
      vertex 63 127 2
      vertex 91.6614 127.63 2
    endloop
  endfacet
  facet normal 0 0 1
    outer loop
      vertex 92.5 127.74 2
      vertex 63 127 2
      vertex 92.0771 127.712 2
    endloop
  endfacet
  facet normal 0 0 1
    outer loop
      vertex 93.8 127.8 2
      vertex 63 127 2
      vertex 92.5 127.74 2
    endloop
  endfacet
  facet normal 0 0 1
    outer loop
      vertex 93.8 127.8 2
      vertex 33 127 2
      vertex 63 127 2
    endloop
  endfacet
  facet normal 0 0 1
    outer loop
      vertex 33 127 2
      vertex 6.74006 124.5 2
      vertex 33 123 2
    endloop
  endfacet
  facet normal 0 0 1
    outer loop
      vertex 33 127 2
      vertex 6.71244 124.921 2
      vertex 6.74006 124.5 2
    endloop
  endfacet
  facet normal 0 0 1
    outer loop
      vertex 33 127 2
      vertex 6.71235 124.923 2
      vertex 6.71244 124.921 2
    endloop
  endfacet
  facet normal 0 0 1
    outer loop
      vertex 33 127 2
      vertex 6.71207 124.924 2
      vertex 6.71235 124.923 2
    endloop
  endfacet
  facet normal 0 0 1
    outer loop
      vertex 33 127 2
      vertex 6.62966 125.339 2
      vertex 6.71207 124.924 2
    endloop
  endfacet
  facet normal 0 0 1
    outer loop
      vertex 33 127 2
      vertex 6.49389 125.739 2
      vertex 6.62966 125.339 2
    endloop
  endfacet
  facet normal 0 0 1
    outer loop
      vertex 33 127 2
      vertex 6.49343 125.74 2
      vertex 6.49389 125.739 2
    endloop
  endfacet
  facet normal 0 0 1
    outer loop
      vertex 33 127 2
      vertex 6.30661 126.119 2
      vertex 6.49343 125.74 2
    endloop
  endfacet
  facet normal 0 0 1
    outer loop
      vertex 33 127 2
      vertex 6.30598 126.12 2
      vertex 6.30661 126.119 2
    endloop
  endfacet
  facet normal 0 0 1
    outer loop
      vertex 33 127 2
      vertex 6.30519 126.121 2
      vertex 6.30598 126.12 2
    endloop
  endfacet
  facet normal 0 0 1
    outer loop
      vertex 33 127 2
      vertex 6.07052 126.472 2
      vertex 6.30519 126.121 2
    endloop
  endfacet
  facet normal 0 0 1
    outer loop
      vertex 33 127 2
      vertex 5.79201 126.79 2
      vertex 6.07052 126.472 2
    endloop
  endfacet
  facet normal -0 0 1
    outer loop
      vertex 3.5 127.74 2
      vertex 33 127 2
      vertex 93.8 127.8 2
    endloop
  endfacet
  facet normal 0 0 1
    outer loop
      vertex 33 127 2
      vertex 5.79107 126.791 2
      vertex 5.79201 126.79 2
    endloop
  endfacet
  facet normal 0 0 1
    outer loop
      vertex 33 127 2
      vertex 5.79 126.792 2
      vertex 5.79107 126.791 2
    endloop
  endfacet
  facet normal 0 0 1
    outer loop
      vertex 33 127 2
      vertex 5.47243 127.071 2
      vertex 5.79 126.792 2
    endloop
  endfacet
  facet normal 0 0 1
    outer loop
      vertex 33 127 2
      vertex 5.12122 127.305 2
      vertex 5.47243 127.071 2
    endloop
  endfacet
  facet normal 0 0 1
    outer loop
      vertex 33 127 2
      vertex 5.12003 127.306 2
      vertex 5.12122 127.305 2
    endloop
  endfacet
  facet normal 0 0 1
    outer loop
      vertex 33 127 2
      vertex 5.11875 127.307 2
      vertex 5.12003 127.306 2
    endloop
  endfacet
  facet normal 0 0 1
    outer loop
      vertex 33 127 2
      vertex 4.73992 127.493 2
      vertex 5.11875 127.307 2
    endloop
  endfacet
  facet normal 0 0 1
    outer loop
      vertex 33 127 2
      vertex 4.73857 127.494 2
      vertex 4.73992 127.493 2
    endloop
  endfacet
  facet normal 0 0 1
    outer loop
      vertex 33 127 2
      vertex 4.33859 127.63 2
      vertex 4.73857 127.494 2
    endloop
  endfacet
  facet normal 0 0 1
    outer loop
      vertex 33 127 2
      vertex 3.92431 127.712 2
      vertex 4.33859 127.63 2
    endloop
  endfacet
  facet normal 0 0 -1
    outer loop
      vertex 33 127 2
      vertex 3.92291 127.712 2
      vertex 3.92431 127.712 2
    endloop
  endfacet
  facet normal 0 0 -1
    outer loop
      vertex 33 127 2
      vertex 3.92149 127.712 2
      vertex 3.92291 127.712 2
    endloop
  endfacet
  facet normal 0 0 1
    outer loop
      vertex 33 127 2
      vertex 3.5 127.74 2
      vertex 3.92149 127.712 2
    endloop
  endfacet
  facet normal 0 0 1
    outer loop
      vertex 2.2 127.8 2
      vertex 3.07851 127.712 2
      vertex 3.5 127.74 2
    endloop
  endfacet
  facet normal 0 0 1
    outer loop
      vertex 2.2 127.8 2
      vertex 3.07569 127.712 2
      vertex 3.07709 127.712 2
    endloop
  endfacet
  facet normal 0 0 1
    outer loop
      vertex 2.2 127.8 2
      vertex 2.26143 127.494 2
      vertex 2.66141 127.63 2
    endloop
  endfacet
  facet normal -0 0 1
    outer loop
      vertex 2.2 127.8 2
      vertex 3.5 127.74 2
      vertex 93.8 127.8 2
    endloop
  endfacet
  facet normal 0 0 1
    outer loop
      vertex 3.07851 127.712 2
      vertex 2.2 127.8 2
      vertex 3.07709 127.712 2
    endloop
  endfacet
  facet normal 0 0 1
    outer loop
      vertex 3.07569 127.712 2
      vertex 2.2 127.8 2
      vertex 2.66141 127.63 2
    endloop
  endfacet
  facet normal 0 0 1
    outer loop
      vertex 2.26143 127.494 2
      vertex 2.2 127.8 2
      vertex 2.26008 127.493 2
    endloop
  endfacet
  facet normal 0 0 1
    outer loop
      vertex 2.2 127.8 2
      vertex 2.2588 127.493 2
      vertex 2.26008 127.493 2
    endloop
  endfacet
  facet normal -0 0 1
    outer loop
      vertex 1.93895 127.783 2
      vertex 2.2588 127.493 2
      vertex 2.2 127.8 2
    endloop
  endfacet
  facet normal 0 0 1
    outer loop
      vertex 1.93895 127.783 2
      vertex 1.87997 127.306 2
      vertex 2.2588 127.493 2
    endloop
  endfacet
  facet normal -0 0 1
    outer loop
      vertex 1.68236 127.732 2
      vertex 1.87997 127.306 2
      vertex 1.93895 127.783 2
    endloop
  endfacet
  facet normal 0 0 1
    outer loop
      vertex 1.87997 127.306 2
      vertex 1.68236 127.732 2
      vertex 1.87878 127.305 2
    endloop
  endfacet
  facet normal -0 0 1
    outer loop
      vertex 1.43463 127.648 2
      vertex 1.87878 127.305 2
      vertex 1.68236 127.732 2
    endloop
  endfacet
  facet normal 0 0 1
    outer loop
      vertex 1.87878 127.305 2
      vertex 1.43463 127.648 2
      vertex 1.52757 127.071 2
    endloop
  endfacet
  facet normal -0 0 1
    outer loop
      vertex 1.2 127.532 2
      vertex 1.52757 127.071 2
      vertex 1.43463 127.648 2
    endloop
  endfacet
  facet normal -0 0 1
    outer loop
      vertex 0.982471 127.387 2
      vertex 1.52757 127.071 2
      vertex 1.2 127.532 2
    endloop
  endfacet
  facet normal 0 0 1
    outer loop
      vertex 1.52757 127.071 2
      vertex 0.982471 127.387 2
      vertex 1.21 126.792 2
    endloop
  endfacet
  facet normal -0 0 1
    outer loop
      vertex 0.785785 127.214 2
      vertex 1.21 126.792 2
      vertex 0.982471 127.387 2
    endloop
  endfacet
  facet normal 0 0 1
    outer loop
      vertex 1.21 126.792 2
      vertex 0.785785 127.214 2
      vertex 1.20893 126.791 2
    endloop
  endfacet
  facet normal 0 0 1
    outer loop
      vertex 1.20893 126.791 2
      vertex 0.785785 127.214 2
      vertex 1.20799 126.79 2
    endloop
  endfacet
  facet normal -0 0 1
    outer loop
      vertex 0.613299 127.018 2
      vertex 1.20799 126.79 2
      vertex 0.785785 127.214 2
    endloop
  endfacet
  facet normal 0 0 1
    outer loop
      vertex 1.20799 126.79 2
      vertex 0.613299 127.018 2
      vertex 0.929483 126.472 2
    endloop
  endfacet
  facet normal -0 0 1
    outer loop
      vertex 0.467944 126.8 2
      vertex 0.929483 126.472 2
      vertex 0.613299 127.018 2
    endloop
  endfacet
  facet normal -0 0 1
    outer loop
      vertex 0.352237 126.565 2
      vertex 0.929483 126.472 2
      vertex 0.467944 126.8 2
    endloop
  endfacet
  facet normal 0 0 1
    outer loop
      vertex 0.929483 126.472 2
      vertex 0.352237 126.565 2
      vertex 0.694813 126.121 2
    endloop
  endfacet
  facet normal -0 0 1
    outer loop
      vertex 0.268146 126.318 2
      vertex 0.694813 126.121 2
      vertex 0.352237 126.565 2
    endloop
  endfacet
  facet normal 0 0 1
    outer loop
      vertex 0.694813 126.121 2
      vertex 0.268146 126.318 2
      vertex 0.694021 126.12 2
    endloop
  endfacet
  facet normal 0 0 1
    outer loop
      vertex 0.694021 126.12 2
      vertex 0.268146 126.318 2
      vertex 0.693391 126.119 2
    endloop
  endfacet
  facet normal 0 0 1
    outer loop
      vertex 0.217105 126.061 2
      vertex 0.693391 126.119 2
      vertex 0.268146 126.318 2
    endloop
  endfacet
  facet normal 0 0 1
    outer loop
      vertex 0.693391 126.119 2
      vertex 0.217105 126.061 2
      vertex 0.50657 125.74 2
    endloop
  endfacet
  facet normal -0 0 1
    outer loop
      vertex 0.2 125.8 2
      vertex 0.50657 125.74 2
      vertex 0.217105 126.061 2
    endloop
  endfacet
  facet normal 0 0 1
    outer loop
      vertex 0.370337 125.339 2
      vertex 0.2 125.8 2
      vertex 0.287932 124.924 2
    endloop
  endfacet
  facet normal 0 0 1
    outer loop
      vertex 0.287932 124.924 2
      vertex 0.2 125.8 2
      vertex 0.287654 124.923 2
    endloop
  endfacet
  facet normal 0 0 1
    outer loop
      vertex 0.50657 125.74 2
      vertex 0.2 125.8 2
      vertex 0.506112 125.739 2
    endloop
  endfacet
  facet normal 0 0 1
    outer loop
      vertex 0.287654 124.923 2
      vertex 0.2 125.8 2
      vertex 0.28756 124.921 2
    endloop
  endfacet
  facet normal 0 0 1
    outer loop
      vertex 0.28756 124.921 2
      vertex 0.2 125.8 2
      vertex 0.259935 124.5 2
    endloop
  endfacet
  facet normal 0 0 1
    outer loop
      vertex 0.506112 125.739 2
      vertex 0.2 125.8 2
      vertex 0.370337 125.339 2
    endloop
  endfacet
  facet normal -0 0 1
    outer loop
      vertex 95.7124 3.07851 2
      vertex 95.8 2.2 2
      vertex 95.7401 3.5 2
    endloop
  endfacet
  facet normal -0 0 1
    outer loop
      vertex 95.7123 3.07709 2
      vertex 95.8 2.2 2
      vertex 95.7124 3.07851 2
    endloop
  endfacet
  facet normal -0 0 1
    outer loop
      vertex 95.7121 3.07569 2
      vertex 95.8 2.2 2
      vertex 95.7123 3.07709 2
    endloop
  endfacet
  facet normal -0 0 1
    outer loop
      vertex 95.6297 2.66141 2
      vertex 95.8 2.2 2
      vertex 95.7121 3.07569 2
    endloop
  endfacet
  facet normal -0 0 1
    outer loop
      vertex 95.4939 2.26143 2
      vertex 95.8 2.2 2
      vertex 95.6297 2.66141 2
    endloop
  endfacet
  facet normal -0 0 1
    outer loop
      vertex 95.4934 2.26008 2
      vertex 95.8 2.2 2
      vertex 95.4939 2.26143 2
    endloop
  endfacet
  facet normal -0 0 1
    outer loop
      vertex 95.4928 2.2588 2
      vertex 95.8 2.2 2
      vertex 95.4934 2.26008 2
    endloop
  endfacet
  facet normal 0 0 1
    outer loop
      vertex 95.8 2.2 2
      vertex 95.4928 2.2588 2
      vertex 95.7829 1.93895 2
    endloop
  endfacet
  facet normal 0 0 1
    outer loop
      vertex 95.306 1.87997 2
      vertex 95.7829 1.93895 2
      vertex 95.4928 2.2588 2
    endloop
  endfacet
  facet normal 0 0 1
    outer loop
      vertex 95.7829 1.93895 2
      vertex 95.306 1.87997 2
      vertex 95.7318 1.68236 2
    endloop
  endfacet
  facet normal -0 0 1
    outer loop
      vertex 95.3052 1.87878 2
      vertex 95.7318 1.68236 2
      vertex 95.306 1.87997 2
    endloop
  endfacet
  facet normal 0 0 1
    outer loop
      vertex 95.7318 1.68236 2
      vertex 95.3052 1.87878 2
      vertex 95.6478 1.43463 2
    endloop
  endfacet
  facet normal -0 0 1
    outer loop
      vertex 95.0705 1.52757 2
      vertex 95.6478 1.43463 2
      vertex 95.3052 1.87878 2
    endloop
  endfacet
  facet normal 0 0 1
    outer loop
      vertex 95.6478 1.43463 2
      vertex 95.0705 1.52757 2
      vertex 95.532 1.2 2
    endloop
  endfacet
  facet normal 0 0 1
    outer loop
      vertex 95.532 1.2 2
      vertex 95.0705 1.52757 2
      vertex 95.3867 0.982471 2
    endloop
  endfacet
  facet normal -0 0 1
    outer loop
      vertex 94.792 1.21 2
      vertex 95.3867 0.982471 2
      vertex 95.0705 1.52757 2
    endloop
  endfacet
  facet normal 0 0 1
    outer loop
      vertex 95.3867 0.982471 2
      vertex 94.792 1.21 2
      vertex 95.2142 0.785785 2
    endloop
  endfacet
  facet normal -0 0 1
    outer loop
      vertex 94.7911 1.20893 2
      vertex 95.2142 0.785785 2
      vertex 94.792 1.21 2
    endloop
  endfacet
  facet normal -0 0 1
    outer loop
      vertex 94.79 1.20799 2
      vertex 95.2142 0.785785 2
      vertex 94.7911 1.20893 2
    endloop
  endfacet
  facet normal 0 0 1
    outer loop
      vertex 95.2142 0.785785 2
      vertex 94.79 1.20799 2
      vertex 95.0175 0.613299 2
    endloop
  endfacet
  facet normal -0 0 1
    outer loop
      vertex 94.4724 0.929483 2
      vertex 95.0175 0.613299 2
      vertex 94.79 1.20799 2
    endloop
  endfacet
  facet normal 0 0 1
    outer loop
      vertex 95.0175 0.613299 2
      vertex 94.4724 0.929483 2
      vertex 94.8 0.467944 2
    endloop
  endfacet
  facet normal 0 0 1
    outer loop
      vertex 94.8 0.467944 2
      vertex 94.4724 0.929483 2
      vertex 94.5654 0.352237 2
    endloop
  endfacet
  facet normal -0 0 1
    outer loop
      vertex 94.1212 0.694813 2
      vertex 94.5654 0.352237 2
      vertex 94.4724 0.929483 2
    endloop
  endfacet
  facet normal 0 0 1
    outer loop
      vertex 94.5654 0.352237 2
      vertex 94.1212 0.694813 2
      vertex 94.3176 0.268146 2
    endloop
  endfacet
  facet normal -0 0 1
    outer loop
      vertex 94.12 0.694021 2
      vertex 94.3176 0.268146 2
      vertex 94.1212 0.694813 2
    endloop
  endfacet
  facet normal -0 0 1
    outer loop
      vertex 94.1188 0.693391 2
      vertex 94.3176 0.268146 2
      vertex 94.12 0.694021 2
    endloop
  endfacet
  facet normal 0 0 1
    outer loop
      vertex 94.1188 0.693391 2
      vertex 94.061 0.217105 2
      vertex 94.3176 0.268146 2
    endloop
  endfacet
  facet normal -0 0 1
    outer loop
      vertex 93.7399 0.50657 2
      vertex 94.061 0.217105 2
      vertex 94.1188 0.693391 2
    endloop
  endfacet
  facet normal 0 0 1
    outer loop
      vertex 94.061 0.217105 2
      vertex 93.7399 0.50657 2
      vertex 93.8 0.2 2
    endloop
  endfacet
  facet normal -0 0 1
    outer loop
      vertex 93.7386 0.506112 2
      vertex 93.8 0.2 2
      vertex 93.7399 0.50657 2
    endloop
  endfacet
  facet normal -0 0 1
    outer loop
      vertex 93.3386 0.370337 2
      vertex 93.8 0.2 2
      vertex 93.7386 0.506112 2
    endloop
  endfacet
  facet normal -0 0 1
    outer loop
      vertex 92.9243 0.287932 2
      vertex 93.8 0.2 2
      vertex 93.3386 0.370337 2
    endloop
  endfacet
  facet normal -0 0 1
    outer loop
      vertex 92.9229 0.287654 2
      vertex 93.8 0.2 2
      vertex 92.9243 0.287932 2
    endloop
  endfacet
  facet normal -0 0 1
    outer loop
      vertex 92.9215 0.28756 2
      vertex 93.8 0.2 2
      vertex 92.9229 0.287654 2
    endloop
  endfacet
  facet normal -0 0 1
    outer loop
      vertex 92.5 0.259935 2
      vertex 93.8 0.2 2
      vertex 92.9215 0.28756 2
    endloop
  endfacet
  facet normal 0 0 -1
    outer loop
      vertex 91.6614 0.370337 2
      vertex 92.0771 0.287654 2
      vertex 92.0757 0.287932 2
    endloop
  endfacet
  facet normal 0 0 -1
    outer loop
      vertex 91.2601 0.50657 2
      vertex 91.6614 0.370337 2
      vertex 91.2614 0.506112 2
    endloop
  endfacet
  facet normal 0 0 -1
    outer loop
      vertex 90.88 0.694021 2
      vertex 91.2601 0.50657 2
      vertex 91.2588 0.5072 2
    endloop
  endfacet
  facet normal 0 0 -1
    outer loop
      vertex 90.5276 0.929483 2
      vertex 90.88 0.694021 2
      vertex 90.8788 0.694813 2
    endloop
  endfacet
  facet normal 0 0 1
    outer loop
      vertex 65.4 5.85 2
      vertex 89.6948 1.87878 2
      vertex 89.694 1.87997 2
    endloop
  endfacet
  facet normal 0 0 1
    outer loop
      vertex 65.4 5.85 2
      vertex 89.5072 2.2588 2
      vertex 89.5066 2.26008 2
    endloop
  endfacet
  facet normal 0 0 1
    outer loop
      vertex 65.4 5.85 2
      vertex 89.5061 2.26143 2
      vertex 89.3703 2.66141 2
    endloop
  endfacet
  facet normal 0 0 1
    outer loop
      vertex 65.4 5.85 2
      vertex 89.2879 3.07569 2
      vertex 89.2877 3.07709 2
    endloop
  endfacet
  facet normal 0 0 1
    outer loop
      vertex 65.4 5.85 2
      vertex 89.2876 3.07851 2
      vertex 89.2599 3.5 2
    endloop
  endfacet
  facet normal 0 0 1
    outer loop
      vertex 89.694 5.12003 2
      vertex 65.4 10.55 2
      vertex 89.6934 5.11875 2
    endloop
  endfacet
  facet normal 0 0 1
    outer loop
      vertex 89.6934 5.11875 2
      vertex 65.4 10.55 2
      vertex 89.5066 4.73992 2
    endloop
  endfacet
  facet normal -0 0 1
    outer loop
      vertex 65.4 9.05 2
      vertex 89.5066 4.73992 2
      vertex 65.4 10.55 2
    endloop
  endfacet
  facet normal 0 0 1
    outer loop
      vertex 89.5066 4.73992 2
      vertex 65.4 9.05 2
      vertex 89.5061 4.73857 2
    endloop
  endfacet
  facet normal 0 0 1
    outer loop
      vertex 89.5061 4.73857 2
      vertex 65.4 9.05 2
      vertex 89.3703 4.33859 2
    endloop
  endfacet
  facet normal -0 0 1
    outer loop
      vertex 65.4 7.35 2
      vertex 89.3703 4.33859 2
      vertex 65.4 9.05 2
    endloop
  endfacet
  facet normal 0 0 1
    outer loop
      vertex 89.3703 4.33859 2
      vertex 65.4 7.35 2
      vertex 89.2879 3.92431 2
    endloop
  endfacet
  facet normal -0 0 1
    outer loop
      vertex 65.4 5.85 2
      vertex 89.2879 3.92431 2
      vertex 65.4 7.35 2
    endloop
  endfacet
  facet normal 0 0 1
    outer loop
      vertex 89.2879 3.92431 2
      vertex 65.4 5.85 2
      vertex 89.2877 3.92291 2
    endloop
  endfacet
  facet normal 0 0 1
    outer loop
      vertex 89.2877 3.92291 2
      vertex 65.4 5.85 2
      vertex 89.2876 3.92149 2
    endloop
  endfacet
  facet normal 0 0 1
    outer loop
      vertex 89.2876 3.92149 2
      vertex 65.4 5.85 2
      vertex 89.2599 3.5 2
    endloop
  endfacet
  facet normal 0 0 1
    outer loop
      vertex 89.2876 3.07851 2
      vertex 65.4 5.85 2
      vertex 89.2877 3.07709 2
    endloop
  endfacet
  facet normal 0 0 1
    outer loop
      vertex 89.2879 3.07569 2
      vertex 65.4 5.85 2
      vertex 89.3703 2.66141 2
    endloop
  endfacet
  facet normal 0 0 1
    outer loop
      vertex 89.5061 2.26143 2
      vertex 65.4 5.85 2
      vertex 89.5066 2.26008 2
    endloop
  endfacet
  facet normal 0 0 1
    outer loop
      vertex 89.5072 2.2588 2
      vertex 65.4 5.85 2
      vertex 89.694 1.87997 2
    endloop
  endfacet
  facet normal 0 0 1
    outer loop
      vertex 89.6948 1.87878 2
      vertex 65.4 5.85 2
      vertex 89.9295 1.52757 2
    endloop
  endfacet
  facet normal 0 0 1
    outer loop
      vertex 89.9295 1.52757 2
      vertex 65.4 5.85 2
      vertex 90.208 1.21 2
    endloop
  endfacet
  facet normal 0 0 1
    outer loop
      vertex 90.208 1.21 2
      vertex 65.4 5.85 2
      vertex 90.2089 1.20893 2
    endloop
  endfacet
  facet normal 0 0 1
    outer loop
      vertex 90.2089 1.20893 2
      vertex 65.4 5.85 2
      vertex 90.21 1.20799 2
    endloop
  endfacet
  facet normal 0 0 1
    outer loop
      vertex 90.21 1.20799 2
      vertex 65.4 5.85 2
      vertex 90.5276 0.929483 2
    endloop
  endfacet
  facet normal 0 0 1
    outer loop
      vertex 90.5276 0.929483 2
      vertex 65.4 5.85 2
      vertex 90.88 0.694021 2
    endloop
  endfacet
  facet normal 0 0 1
    outer loop
      vertex 90.88 0.694021 2
      vertex 65.4 5.85 2
      vertex 91.2601 0.50657 2
    endloop
  endfacet
  facet normal 0 0 1
    outer loop
      vertex 91.2601 0.50657 2
      vertex 65.4 5.85 2
      vertex 91.6614 0.370337 2
    endloop
  endfacet
  facet normal -0 0 1
    outer loop
      vertex 29.4 5.85 2
      vertex 91.6614 0.370337 2
      vertex 65.4 5.85 2
    endloop
  endfacet
  facet normal 0 0 1
    outer loop
      vertex 4.33859 0.370337 2
      vertex 91.6614 0.370337 2
      vertex 29.4 5.85 2
    endloop
  endfacet
  facet normal 0 0 1
    outer loop
      vertex 6.71244 3.07851 2
      vertex 29.4 5.85 2
      vertex 6.74006 3.5 2
    endloop
  endfacet
  facet normal 0 0 1
    outer loop
      vertex 6.71235 3.07709 2
      vertex 29.4 5.85 2
      vertex 6.71244 3.07851 2
    endloop
  endfacet
  facet normal 0 0 1
    outer loop
      vertex 6.71207 3.07569 2
      vertex 29.4 5.85 2
      vertex 6.71235 3.07709 2
    endloop
  endfacet
  facet normal 0 0 1
    outer loop
      vertex 6.62966 2.66141 2
      vertex 29.4 5.85 2
      vertex 6.71207 3.07569 2
    endloop
  endfacet
  facet normal 0 0 1
    outer loop
      vertex 6.49389 2.26143 2
      vertex 29.4 5.85 2
      vertex 6.62966 2.66141 2
    endloop
  endfacet
  facet normal 0 0 1
    outer loop
      vertex 6.49343 2.26008 2
      vertex 29.4 5.85 2
      vertex 6.49389 2.26143 2
    endloop
  endfacet
  facet normal 0 0 1
    outer loop
      vertex 6.4928 2.2588 2
      vertex 29.4 5.85 2
      vertex 6.49343 2.26008 2
    endloop
  endfacet
  facet normal 0 0 1
    outer loop
      vertex 6.30598 1.87997 2
      vertex 29.4 5.85 2
      vertex 6.4928 2.2588 2
    endloop
  endfacet
  facet normal 0 0 1
    outer loop
      vertex 6.30519 1.87878 2
      vertex 29.4 5.85 2
      vertex 6.30598 1.87997 2
    endloop
  endfacet
  facet normal 0 0 1
    outer loop
      vertex 6.07052 1.52757 2
      vertex 29.4 5.85 2
      vertex 6.30519 1.87878 2
    endloop
  endfacet
  facet normal 0 0 1
    outer loop
      vertex 5.79201 1.21 2
      vertex 29.4 5.85 2
      vertex 6.07052 1.52757 2
    endloop
  endfacet
  facet normal 0 0 1
    outer loop
      vertex 5.79107 1.20893 2
      vertex 29.4 5.85 2
      vertex 5.79201 1.21 2
    endloop
  endfacet
  facet normal 0 0 1
    outer loop
      vertex 5.79 1.20799 2
      vertex 29.4 5.85 2
      vertex 5.79107 1.20893 2
    endloop
  endfacet
  facet normal 0 0 1
    outer loop
      vertex 5.47243 0.929483 2
      vertex 29.4 5.85 2
      vertex 5.79 1.20799 2
    endloop
  endfacet
  facet normal 0 0 1
    outer loop
      vertex 5.12122 0.694813 2
      vertex 29.4 5.85 2
      vertex 5.47243 0.929483 2
    endloop
  endfacet
  facet normal 0 0 1
    outer loop
      vertex 5.12003 0.694021 2
      vertex 29.4 5.85 2
      vertex 5.12122 0.694813 2
    endloop
  endfacet
  facet normal 0 0 1
    outer loop
      vertex 5.11875 0.693391 2
      vertex 29.4 5.85 2
      vertex 5.12003 0.694021 2
    endloop
  endfacet
  facet normal 0 0 1
    outer loop
      vertex 4.73992 0.50657 2
      vertex 29.4 5.85 2
      vertex 5.11875 0.693391 2
    endloop
  endfacet
  facet normal 0 0 1
    outer loop
      vertex 4.73857 0.506112 2
      vertex 29.4 5.85 2
      vertex 4.73992 0.50657 2
    endloop
  endfacet
  facet normal 0 0 1
    outer loop
      vertex 4.33859 0.370337 2
      vertex 29.4 5.85 2
      vertex 4.73857 0.506112 2
    endloop
  endfacet
  facet normal 0 0 1
    outer loop
      vertex 91.6614 0.370337 2
      vertex 4.33859 0.370337 2
      vertex 92.0771 0.287654 2
    endloop
  endfacet
  facet normal -0 0 1
    outer loop
      vertex 3.92431 0.287932 2
      vertex 92.0771 0.287654 2
      vertex 4.33859 0.370337 2
    endloop
  endfacet
  facet normal 0 0 1
    outer loop
      vertex 3.92291 0.287654 2
      vertex 92.0771 0.287654 2
      vertex 3.92431 0.287932 2
    endloop
  endfacet
  facet normal 0 0 1
    outer loop
      vertex 92.0771 0.287654 2
      vertex 3.92291 0.287654 2
      vertex 92.0785 0.28756 2
    endloop
  endfacet
  facet normal 0 0 1
    outer loop
      vertex 92.0785 0.28756 2
      vertex 3.92291 0.287654 2
      vertex 92.5 0.259935 2
    endloop
  endfacet
  facet normal -0 0 1
    outer loop
      vertex 3.92149 0.28756 2
      vertex 92.5 0.259935 2
      vertex 3.92291 0.287654 2
    endloop
  endfacet
  facet normal 0 0 1
    outer loop
      vertex 3.5 0.259935 2
      vertex 92.5 0.259935 2
      vertex 3.92149 0.28756 2
    endloop
  endfacet
  facet normal 0 0 1
    outer loop
      vertex 92.5 0.259935 2
      vertex 3.5 0.259935 2
      vertex 93.8 0.2 2
    endloop
  endfacet
  facet normal 0 0 1
    outer loop
      vertex 2.2 0.2 2
      vertex 3.07851 0.28756 2
      vertex 3.07709 0.287654 2
    endloop
  endfacet
  facet normal 0 0 1
    outer loop
      vertex 2.2 0.2 2
      vertex 3.07569 0.287932 2
      vertex 2.66141 0.370337 2
    endloop
  endfacet
  facet normal 0 0 1
    outer loop
      vertex 3.5 0.259935 2
      vertex 2.2 0.2 2
      vertex 93.8 0.2 2
    endloop
  endfacet
  facet normal 0 0 1
    outer loop
      vertex 3.07851 0.28756 2
      vertex 2.2 0.2 2
      vertex 3.5 0.259935 2
    endloop
  endfacet
  facet normal 0 0 1
    outer loop
      vertex 3.07569 0.287932 2
      vertex 2.2 0.2 2
      vertex 3.07709 0.287654 2
    endloop
  endfacet
  facet normal 0 0 1
    outer loop
      vertex 2.26143 0.506112 2
      vertex 2.2 0.2 2
      vertex 2.66141 0.370337 2
    endloop
  endfacet
  facet normal 0 0 1
    outer loop
      vertex 2.26008 0.50657 2
      vertex 2.2 0.2 2
      vertex 2.26143 0.506112 2
    endloop
  endfacet
  facet normal 0 0 1
    outer loop
      vertex 2.2588 0.5072 2
      vertex 2.2 0.2 2
      vertex 2.26008 0.50657 2
    endloop
  endfacet
  facet normal 0 0 1
    outer loop
      vertex 2.2588 0.5072 2
      vertex 1.93895 0.217105 2
      vertex 2.2 0.2 2
    endloop
  endfacet
  facet normal 0 0 1
    outer loop
      vertex 1.87997 0.694021 2
      vertex 1.93895 0.217105 2
      vertex 2.2588 0.5072 2
    endloop
  endfacet
  facet normal 0 0 1
    outer loop
      vertex 1.68236 0.268146 2
      vertex 1.87997 0.694021 2
      vertex 1.87878 0.694813 2
    endloop
  endfacet
  facet normal 0 0 1
    outer loop
      vertex 1.87997 0.694021 2
      vertex 1.68236 0.268146 2
      vertex 1.93895 0.217105 2
    endloop
  endfacet
  facet normal 0 0 1
    outer loop
      vertex 1.43463 0.352237 2
      vertex 1.87878 0.694813 2
      vertex 1.52757 0.929483 2
    endloop
  endfacet
  facet normal 0 0 1
    outer loop
      vertex 1.87878 0.694813 2
      vertex 1.43463 0.352237 2
      vertex 1.68236 0.268146 2
    endloop
  endfacet
  facet normal 0 0 1
    outer loop
      vertex 0.982471 0.613299 2
      vertex 1.52757 0.929483 2
      vertex 1.21 1.20799 2
    endloop
  endfacet
  facet normal 0 0 1
    outer loop
      vertex 0.785785 0.785785 2
      vertex 1.21 1.20799 2
      vertex 1.20893 1.20893 2
    endloop
  endfacet
  facet normal 0 0 1
    outer loop
      vertex 0.785785 0.785785 2
      vertex 1.20893 1.20893 2
      vertex 1.20799 1.21 2
    endloop
  endfacet
  facet normal 0 0 1
    outer loop
      vertex 1.52757 0.929483 2
      vertex 1.2 0.467944 2
      vertex 1.43463 0.352237 2
    endloop
  endfacet
  facet normal 0 0 1
    outer loop
      vertex 1.52757 0.929483 2
      vertex 0.982471 0.613299 2
      vertex 1.2 0.467944 2
    endloop
  endfacet
  facet normal 0 0 1
    outer loop
      vertex 0.613299 0.982471 2
      vertex 1.20799 1.21 2
      vertex 0.929483 1.52757 2
    endloop
  endfacet
  facet normal 0 0 1
    outer loop
      vertex 1.21 1.20799 2
      vertex 0.785785 0.785785 2
      vertex 0.982471 0.613299 2
    endloop
  endfacet
  facet normal 0 0 1
    outer loop
      vertex 0.352237 1.43463 2
      vertex 0.929483 1.52757 2
      vertex 0.694813 1.87878 2
    endloop
  endfacet
  facet normal 0 0 1
    outer loop
      vertex 0.268146 1.68236 2
      vertex 0.694813 1.87878 2
      vertex 0.694021 1.87997 2
    endloop
  endfacet
  facet normal 0 0 1
    outer loop
      vertex 1.20799 1.21 2
      vertex 0.613299 0.982471 2
      vertex 0.785785 0.785785 2
    endloop
  endfacet
  facet normal -0 0 1
    outer loop
      vertex 0.217105 1.93895 2
      vertex 0.694021 1.87997 2
      vertex 0.5072 2.2588 2
    endloop
  endfacet
  facet normal 0 0 1
    outer loop
      vertex 0.2 2.2 2
      vertex 0.5072 2.2588 2
      vertex 0.50657 2.26008 2
    endloop
  endfacet
  facet normal 0 0 1
    outer loop
      vertex 0.2 2.2 2
      vertex 0.50657 2.26008 2
      vertex 0.506112 2.26143 2
    endloop
  endfacet
  facet normal 0 0 1
    outer loop
      vertex 0.929483 1.52757 2
      vertex 0.467944 1.2 2
      vertex 0.613299 0.982471 2
    endloop
  endfacet
  facet normal 0 0 1
    outer loop
      vertex 0.2 2.2 2
      vertex 0.506112 2.26143 2
      vertex 0.370337 2.66141 2
    endloop
  endfacet
  facet normal 0 0 1
    outer loop
      vertex 0.929483 1.52757 2
      vertex 0.352237 1.43463 2
      vertex 0.467944 1.2 2
    endloop
  endfacet
  facet normal 0 0 1
    outer loop
      vertex 0.2 2.2 2
      vertex 0.370337 2.66141 2
      vertex 0.287932 3.07569 2
    endloop
  endfacet
  facet normal 0 0 1
    outer loop
      vertex 0.2 2.2 2
      vertex 0.287932 3.07569 2
      vertex 0.287654 3.07709 2
    endloop
  endfacet
  facet normal 0 0 1
    outer loop
      vertex 0.2 2.2 2
      vertex 0.287654 3.07709 2
      vertex 0.28756 3.07851 2
    endloop
  endfacet
  facet normal 0 0 1
    outer loop
      vertex 0.5072 2.2588 2
      vertex 0.2 2.2 2
      vertex 0.217105 1.93895 2
    endloop
  endfacet
  facet normal 0 0 1
    outer loop
      vertex 0.2 2.2 2
      vertex 0.28756 3.07851 2
      vertex 0.259935 3.5 2
    endloop
  endfacet
  facet normal 0 0 1
    outer loop
      vertex 0.694813 1.87878 2
      vertex 0.268146 1.68236 2
      vertex 0.352237 1.43463 2
    endloop
  endfacet
  facet normal 0 0 1
    outer loop
      vertex 0.259935 124.5 2
      vertex 0.2 125.8 2
      vertex 0.259935 3.5 2
    endloop
  endfacet
  facet normal 0 0 1
    outer loop
      vertex 0.2 2.2 2
      vertex 0.259935 3.5 2
      vertex 0.2 125.8 2
    endloop
  endfacet
  facet normal 0 0 1
    outer loop
      vertex 0.694021 1.87997 2
      vertex 0.217105 1.93895 2
      vertex 0.268146 1.68236 2
    endloop
  endfacet
  facet normal 0 0 1
    outer loop
      vertex 94.1212 6.30519 2
      vertex 92.8 28.5 2
      vertex 94.12 6.30598 2
    endloop
  endfacet
  facet normal 0 0 1
    outer loop
      vertex 94.12 6.30598 2
      vertex 92.8 28.5 2
      vertex 94.1188 6.30661 2
    endloop
  endfacet
  facet normal 0 0 1
    outer loop
      vertex 94.1188 6.30661 2
      vertex 92.8 28.5 2
      vertex 93.7399 6.49343 2
    endloop
  endfacet
  facet normal 0 0 1
    outer loop
      vertex 92.8 29.5 2
      vertex 93.9144 40.6947 2
      vertex 93.6593 39.4118 2
    endloop
  endfacet
  facet normal 0 0 1
    outer loop
      vertex 93.7399 6.49343 2
      vertex 92.8 28.5 2
      vertex 93.7386 6.49389 2
    endloop
  endfacet
  facet normal 0 0 1
    outer loop
      vertex 92.8 29.5 2
      vertex 93.6593 39.4118 2
      vertex 93.2388 38.1732 2
    endloop
  endfacet
  facet normal 0 0 1
    outer loop
      vertex 93.7386 6.49389 2
      vertex 92.8 28.5 2
      vertex 93.3386 6.62966 2
    endloop
  endfacet
  facet normal 0 0 1
    outer loop
      vertex 93.3386 6.62966 2
      vertex 92.8 28.5 2
      vertex 92.9243 6.71207 2
    endloop
  endfacet
  facet normal 0 0 1
    outer loop
      vertex 92.9243 6.71207 2
      vertex 92.8 28.5 2
      vertex 92.9229 6.71235 2
    endloop
  endfacet
  facet normal 0 0 1
    outer loop
      vertex 93.9144 40.6947 2
      vertex 92.8 29.5 2
      vertex 92.8 28.5 2
    endloop
  endfacet
  facet normal -0 0 1
    outer loop
      vertex 92.6603 37 2
      vertex 92.8 29.5 2
      vertex 93.2388 38.1732 2
    endloop
  endfacet
  facet normal -0 0 1
    outer loop
      vertex 91.9335 35.9124 2
      vertex 92.8 29.5 2
      vertex 92.6603 37 2
    endloop
  endfacet
  facet normal -0 0 1
    outer loop
      vertex 91.0711 34.9289 2
      vertex 92.8 29.5 2
      vertex 91.9335 35.9124 2
    endloop
  endfacet
  facet normal -0 0 1
    outer loop
      vertex 90.0876 34.0665 2
      vertex 92.8 29.5 2
      vertex 91.0711 34.9289 2
    endloop
  endfacet
  facet normal -0 0 1
    outer loop
      vertex 89 33.3397 2
      vertex 92.8 29.5 2
      vertex 90.0876 34.0665 2
    endloop
  endfacet
  facet normal -0 0 1
    outer loop
      vertex 87.8268 32.7612 2
      vertex 92.8 29.5 2
      vertex 89 33.3397 2
    endloop
  endfacet
  facet normal -0 0 1
    outer loop
      vertex 86.5882 32.3407 2
      vertex 92.8 29.5 2
      vertex 87.8268 32.7612 2
    endloop
  endfacet
  facet normal -0 0 1
    outer loop
      vertex 85.3053 32.0856 2
      vertex 92.8 29.5 2
      vertex 86.5882 32.3407 2
    endloop
  endfacet
  facet normal -0 0 1
    outer loop
      vertex 84 32 2
      vertex 92.8 29.5 2
      vertex 85.3053 32.0856 2
    endloop
  endfacet
  facet normal 0 0 1
    outer loop
      vertex 82.6947 32.0856 2
      vertex 92.8 29.5 2
      vertex 84 32 2
    endloop
  endfacet
  facet normal 0 0 1
    outer loop
      vertex 69.2481 31.2284 2
      vertex 82.6947 32.0856 2
      vertex 81.4118 32.3407 2
    endloop
  endfacet
  facet normal 0 0 1
    outer loop
      vertex 71.1 34 2
      vertex 74 42 2
      vertex 71.1 50 2
    endloop
  endfacet
  facet normal 0 0 1
    outer loop
      vertex 74 42 2
      vertex 71.1 34 2
      vertex 74.0855 40.6947 2
    endloop
  endfacet
  facet normal 0 0 1
    outer loop
      vertex 74.0855 40.6947 2
      vertex 71.1 34 2
      vertex 74.3407 39.4118 2
    endloop
  endfacet
  facet normal 0 0 1
    outer loop
      vertex 71.1 34 2
      vertex 74.7612 38.1732 2
      vertex 74.3407 39.4118 2
    endloop
  endfacet
  facet normal 0 0 1
    outer loop
      vertex 71.1 34 2
      vertex 75.3397 37 2
      vertex 74.7612 38.1732 2
    endloop
  endfacet
  facet normal 0 0 1
    outer loop
      vertex 71.1 34 2
      vertex 76.0665 35.9124 2
      vertex 75.3397 37 2
    endloop
  endfacet
  facet normal 0 0 1
    outer loop
      vertex 71.0743 33.6084 2
      vertex 76.0665 35.9124 2
      vertex 71.1 34 2
    endloop
  endfacet
  facet normal 0 0 1
    outer loop
      vertex 76.0665 35.9124 2
      vertex 71.0743 33.6084 2
      vertex 76.9289 34.9289 2
    endloop
  endfacet
  facet normal 0 0 1
    outer loop
      vertex 70.9978 33.2235 2
      vertex 76.9289 34.9289 2
      vertex 71.0743 33.6084 2
    endloop
  endfacet
  facet normal 0 0 1
    outer loop
      vertex 70.8716 32.8519 2
      vertex 76.9289 34.9289 2
      vertex 70.9978 33.2235 2
    endloop
  endfacet
  facet normal 0 0 1
    outer loop
      vertex 76.9289 34.9289 2
      vertex 70.8716 32.8519 2
      vertex 77.9124 34.0665 2
    endloop
  endfacet
  facet normal 0 0 1
    outer loop
      vertex 70.6981 32.5 2
      vertex 77.9124 34.0665 2
      vertex 70.8716 32.8519 2
    endloop
  endfacet
  facet normal 0 0 1
    outer loop
      vertex 70.4801 32.1737 2
      vertex 77.9124 34.0665 2
      vertex 70.6981 32.5 2
    endloop
  endfacet
  facet normal 0 0 1
    outer loop
      vertex 77.9124 34.0665 2
      vertex 70.4801 32.1737 2
      vertex 79 33.3397 2
    endloop
  endfacet
  facet normal 0 0 1
    outer loop
      vertex 70.2213 31.8787 2
      vertex 79 33.3397 2
      vertex 70.4801 32.1737 2
    endloop
  endfacet
  facet normal 0 0 1
    outer loop
      vertex 79 33.3397 2
      vertex 70.2213 31.8787 2
      vertex 80.1732 32.7612 2
    endloop
  endfacet
  facet normal 0 0 1
    outer loop
      vertex 69.9263 31.6199 2
      vertex 80.1732 32.7612 2
      vertex 70.2213 31.8787 2
    endloop
  endfacet
  facet normal 0 0 1
    outer loop
      vertex 69.6 31.4019 2
      vertex 80.1732 32.7612 2
      vertex 69.9263 31.6199 2
    endloop
  endfacet
  facet normal 0 0 1
    outer loop
      vertex 80.1732 32.7612 2
      vertex 69.6 31.4019 2
      vertex 81.4118 32.3407 2
    endloop
  endfacet
  facet normal 0 0 1
    outer loop
      vertex 69.2481 31.2284 2
      vertex 81.4118 32.3407 2
      vertex 69.6 31.4019 2
    endloop
  endfacet
  facet normal 0 0 1
    outer loop
      vertex 82.6947 32.0856 2
      vertex 69.2481 31.2284 2
      vertex 68.8765 31.1022 2
    endloop
  endfacet
  facet normal 0 0 1
    outer loop
      vertex 82.6947 32.0856 2
      vertex 68.8765 31.1022 2
      vertex 92.8 29.5 2
    endloop
  endfacet
  facet normal -0 0 1
    outer loop
      vertex 68.4916 31.0257 2
      vertex 92.8 29.5 2
      vertex 68.8765 31.1022 2
    endloop
  endfacet
  facet normal -0 0 1
    outer loop
      vertex 68.1 31 2
      vertex 92.8 29.5 2
      vertex 68.4916 31.0257 2
    endloop
  endfacet
  facet normal 0 0 1
    outer loop
      vertex 3.2 29.5 2
      vertex 68.1 31 2
      vertex 6.1 31 2
    endloop
  endfacet
  facet normal 0 0 1
    outer loop
      vertex 68.1 31 2
      vertex 3.2 29.5 2
      vertex 92.8 29.5 2
    endloop
  endfacet
  facet normal 0 0 1
    outer loop
      vertex 5.70843 31.0257 2
      vertex 3.2 29.5 2
      vertex 6.1 31 2
    endloop
  endfacet
  facet normal 0 0 1
    outer loop
      vertex 5.32354 31.1022 2
      vertex 3.2 29.5 2
      vertex 5.70843 31.0257 2
    endloop
  endfacet
  facet normal 0 0 1
    outer loop
      vertex 4.95194 31.2284 2
      vertex 3.2 29.5 2
      vertex 5.32354 31.1022 2
    endloop
  endfacet
  facet normal 0 0 1
    outer loop
      vertex 4.6 31.4019 2
      vertex 3.2 29.5 2
      vertex 4.95194 31.2284 2
    endloop
  endfacet
  facet normal 0 0 1
    outer loop
      vertex 4.27372 31.6199 2
      vertex 3.2 29.5 2
      vertex 4.6 31.4019 2
    endloop
  endfacet
  facet normal 0 0 1
    outer loop
      vertex 3.97868 31.8787 2
      vertex 3.2 29.5 2
      vertex 4.27372 31.6199 2
    endloop
  endfacet
  facet normal 0 0 1
    outer loop
      vertex 3.71993 32.1737 2
      vertex 3.2 29.5 2
      vertex 3.97868 31.8787 2
    endloop
  endfacet
  facet normal 0 0 1
    outer loop
      vertex 3.50192 32.5 2
      vertex 3.2 29.5 2
      vertex 3.71993 32.1737 2
    endloop
  endfacet
  facet normal 0 0 1
    outer loop
      vertex 3.32836 32.8519 2
      vertex 3.2 29.5 2
      vertex 3.50192 32.5 2
    endloop
  endfacet
  facet normal 0 0 1
    outer loop
      vertex 3.20222 33.2235 2
      vertex 3.2 29.5 2
      vertex 3.32836 32.8519 2
    endloop
  endfacet
  facet normal 0 0 1
    outer loop
      vertex 3.1 34 2
      vertex 3.2 29.5 2
      vertex 3.12566 33.6084 2
    endloop
  endfacet
  facet normal 0 0 1
    outer loop
      vertex 3.12566 33.6084 2
      vertex 3.2 29.5 2
      vertex 3.20222 33.2235 2
    endloop
  endfacet
  facet normal 0 0 1
    outer loop
      vertex 92.9229 6.71235 2
      vertex 92.8 28.5 2
      vertex 92.9215 6.71244 2
    endloop
  endfacet
  facet normal 0 0 1
    outer loop
      vertex 92.8 28.5 2
      vertex 92.5 6.74006 2
      vertex 92.9215 6.71244 2
    endloop
  endfacet
  facet normal 0 0 1
    outer loop
      vertex 92.8 28.5 2
      vertex 92.0785 6.71244 2
      vertex 92.5 6.74006 2
    endloop
  endfacet
  facet normal 0 0 1
    outer loop
      vertex 92.8 28.5 2
      vertex 92.0771 6.71235 2
      vertex 92.0785 6.71244 2
    endloop
  endfacet
  facet normal 0 0 1
    outer loop
      vertex 92.8 28.5 2
      vertex 92.0757 6.71207 2
      vertex 92.0771 6.71235 2
    endloop
  endfacet
  facet normal 0 0 1
    outer loop
      vertex 92.8 28.5 2
      vertex 91.6614 6.62966 2
      vertex 92.0757 6.71207 2
    endloop
  endfacet
  facet normal 0 0 1
    outer loop
      vertex 92.8 28.5 2
      vertex 91.2614 6.49389 2
      vertex 91.6614 6.62966 2
    endloop
  endfacet
  facet normal 0 0 1
    outer loop
      vertex 92.8 28.5 2
      vertex 91.2601 6.49343 2
      vertex 91.2614 6.49389 2
    endloop
  endfacet
  facet normal 0 0 1
    outer loop
      vertex 92.8 28.5 2
      vertex 91.2588 6.4928 2
      vertex 91.2601 6.49343 2
    endloop
  endfacet
  facet normal 0 0 1
    outer loop
      vertex 92.8 28.5 2
      vertex 90.88 6.30598 2
      vertex 91.2588 6.4928 2
    endloop
  endfacet
  facet normal 0 0 1
    outer loop
      vertex 92.8 28.5 2
      vertex 90.8788 6.30519 2
      vertex 90.88 6.30598 2
    endloop
  endfacet
  facet normal 0 0 1
    outer loop
      vertex 92.8 28.5 2
      vertex 90.5276 6.07052 2
      vertex 90.8788 6.30519 2
    endloop
  endfacet
  facet normal 0 0 1
    outer loop
      vertex 65.4 21.85 2
      vertex 92.8 28.5 2
      vertex 65.4 23.35 2
    endloop
  endfacet
  facet normal 0 0 1
    outer loop
      vertex 65.4 20.15 2
      vertex 92.8 28.5 2
      vertex 65.4 21.85 2
    endloop
  endfacet
  facet normal 0 0 1
    outer loop
      vertex 65.4 18.65 2
      vertex 92.8 28.5 2
      vertex 65.4 20.15 2
    endloop
  endfacet
  facet normal 0 0 1
    outer loop
      vertex 92.8 28.5 2
      vertex 65.4 18.65 2
      vertex 90.5276 6.07052 2
    endloop
  endfacet
  facet normal -0 0 1
    outer loop
      vertex 65.4 16.95 2
      vertex 90.5276 6.07052 2
      vertex 65.4 18.65 2
    endloop
  endfacet
  facet normal 0 0 1
    outer loop
      vertex 90.5276 6.07052 2
      vertex 65.4 16.95 2
      vertex 90.21 5.79201 2
    endloop
  endfacet
  facet normal 0 0 1
    outer loop
      vertex 90.21 5.79201 2
      vertex 65.4 16.95 2
      vertex 90.2089 5.79107 2
    endloop
  endfacet
  facet normal -0 0 1
    outer loop
      vertex 65.4 15.45 2
      vertex 90.2089 5.79107 2
      vertex 65.4 16.95 2
    endloop
  endfacet
  facet normal 0 0 1
    outer loop
      vertex 90.2089 5.79107 2
      vertex 65.4 15.45 2
      vertex 90.208 5.79 2
    endloop
  endfacet
  facet normal 0 0 1
    outer loop
      vertex 90.208 5.79 2
      vertex 65.4 15.45 2
      vertex 89.9295 5.47243 2
    endloop
  endfacet
  facet normal -0 0 1
    outer loop
      vertex 65.4 13.75 2
      vertex 89.9295 5.47243 2
      vertex 65.4 15.45 2
    endloop
  endfacet
  facet normal -0 0 1
    outer loop
      vertex 65.4 12.25 2
      vertex 89.9295 5.47243 2
      vertex 65.4 13.75 2
    endloop
  endfacet
  facet normal -0 0 1
    outer loop
      vertex 65.4 10.55 2
      vertex 89.694 5.12003 2
      vertex 65.4 12.25 2
    endloop
  endfacet
  facet normal 0 0 1
    outer loop
      vertex 89.6948 5.12122 2
      vertex 65.4 12.25 2
      vertex 89.694 5.12003 2
    endloop
  endfacet
  facet normal 0 0 1
    outer loop
      vertex 89.9295 5.47243 2
      vertex 65.4 12.25 2
      vertex 89.6948 5.12122 2
    endloop
  endfacet
  facet normal 0 0 1
    outer loop
      vertex 92.8 28.5 2
      vertex 29.4 23.35 2
      vertex 65.4 23.35 2
    endloop
  endfacet
  facet normal 0 0 1
    outer loop
      vertex 3.2 28.5 2
      vertex 29.4 21.85 2
      vertex 29.4 23.35 2
    endloop
  endfacet
  facet normal 0 0 1
    outer loop
      vertex 29.4 21.85 2
      vertex 3.2 28.5 2
      vertex 29.4 20.15 2
    endloop
  endfacet
  facet normal 0 0 1
    outer loop
      vertex 29.4 20.15 2
      vertex 3.2 28.5 2
      vertex 29.4 18.65 2
    endloop
  endfacet
  facet normal 0 -0 1
    outer loop
      vertex 5.47243 6.07052 2
      vertex 29.4 18.65 2
      vertex 3.2 28.5 2
    endloop
  endfacet
  facet normal 0 0 1
    outer loop
      vertex 29.4 18.65 2
      vertex 5.47243 6.07052 2
      vertex 29.4 16.95 2
    endloop
  endfacet
  facet normal 0 -0 1
    outer loop
      vertex 5.79 5.79201 2
      vertex 29.4 16.95 2
      vertex 5.47243 6.07052 2
    endloop
  endfacet
  facet normal 0 0 1
    outer loop
      vertex 29.4 16.95 2
      vertex 5.79107 5.79107 2
      vertex 29.4 15.45 2
    endloop
  endfacet
  facet normal 0 -0 1
    outer loop
      vertex 6.07052 5.47243 2
      vertex 29.4 13.75 2
      vertex 5.79201 5.79 2
    endloop
  endfacet
  facet normal 0 0 1
    outer loop
      vertex 29.4 13.75 2
      vertex 6.07052 5.47243 2
      vertex 29.4 12.25 2
    endloop
  endfacet
  facet normal 0 0 1
    outer loop
      vertex 29.4 12.25 2
      vertex 6.30598 5.12003 2
      vertex 29.4 10.55 2
    endloop
  endfacet
  facet normal 0 -0 1
    outer loop
      vertex 6.30661 5.11875 2
      vertex 29.4 10.55 2
      vertex 6.30598 5.12003 2
    endloop
  endfacet
  facet normal 0 0 1
    outer loop
      vertex 29.4 5.85 2
      vertex 6.71244 3.92149 2
      vertex 6.74006 3.5 2
    endloop
  endfacet
  facet normal 0 0 1
    outer loop
      vertex 29.4 5.85 2
      vertex 6.71235 3.92291 2
      vertex 6.71244 3.92149 2
    endloop
  endfacet
  facet normal 0 0 1
    outer loop
      vertex 29.4 5.85 2
      vertex 6.71207 3.92431 2
      vertex 6.71235 3.92291 2
    endloop
  endfacet
  facet normal 0 0 1
    outer loop
      vertex 29.4 5.85 2
      vertex 6.62966 4.33859 2
      vertex 6.71207 3.92431 2
    endloop
  endfacet
  facet normal 0 0 1
    outer loop
      vertex 29.4 7.35 2
      vertex 6.62966 4.33859 2
      vertex 29.4 5.85 2
    endloop
  endfacet
  facet normal 0 -0 1
    outer loop
      vertex 6.62966 4.33859 2
      vertex 29.4 7.35 2
      vertex 6.49389 4.73857 2
    endloop
  endfacet
  facet normal 0 0 1
    outer loop
      vertex 29.4 9.05 2
      vertex 6.49389 4.73857 2
      vertex 29.4 7.35 2
    endloop
  endfacet
  facet normal 0 -0 1
    outer loop
      vertex 6.49389 4.73857 2
      vertex 29.4 9.05 2
      vertex 6.49343 4.73992 2
    endloop
  endfacet
  facet normal 0 0 1
    outer loop
      vertex 29.4 10.55 2
      vertex 6.49343 4.73992 2
      vertex 29.4 9.05 2
    endloop
  endfacet
  facet normal 0 -0 1
    outer loop
      vertex 6.49343 4.73992 2
      vertex 29.4 10.55 2
      vertex 6.30661 5.11875 2
    endloop
  endfacet
  facet normal 0 -0 1
    outer loop
      vertex 6.30598 5.12003 2
      vertex 29.4 12.25 2
      vertex 6.30519 5.12122 2
    endloop
  endfacet
  facet normal 0 -0 1
    outer loop
      vertex 6.30519 5.12122 2
      vertex 29.4 12.25 2
      vertex 6.07052 5.47243 2
    endloop
  endfacet
  facet normal 0 -0 1
    outer loop
      vertex 5.79201 5.79 2
      vertex 29.4 13.75 2
      vertex 5.79107 5.79107 2
    endloop
  endfacet
  facet normal 0 0 1
    outer loop
      vertex 29.4 15.45 2
      vertex 5.79107 5.79107 2
      vertex 29.4 13.75 2
    endloop
  endfacet
  facet normal 0 -0 1
    outer loop
      vertex 5.79107 5.79107 2
      vertex 29.4 16.95 2
      vertex 5.79 5.79201 2
    endloop
  endfacet
  facet normal 0 0 1
    outer loop
      vertex 5.47243 6.07052 2
      vertex 3.2 28.5 2
      vertex 5.12122 6.30519 2
    endloop
  endfacet
  facet normal 0 0 1
    outer loop
      vertex 5.12122 6.30519 2
      vertex 3.2 28.5 2
      vertex 5.12003 6.30598 2
    endloop
  endfacet
  facet normal 0 0 1
    outer loop
      vertex 5.12003 6.30598 2
      vertex 3.2 28.5 2
      vertex 5.11875 6.30661 2
    endloop
  endfacet
  facet normal 0 0 1
    outer loop
      vertex 5.11875 6.30661 2
      vertex 3.2 28.5 2
      vertex 4.73992 6.49343 2
    endloop
  endfacet
  facet normal 0 0 1
    outer loop
      vertex 4.73992 6.49343 2
      vertex 3.2 28.5 2
      vertex 4.73857 6.49389 2
    endloop
  endfacet
  facet normal 0 0 1
    outer loop
      vertex 4.73857 6.49389 2
      vertex 3.2 28.5 2
      vertex 4.33859 6.62966 2
    endloop
  endfacet
  facet normal 0 0 1
    outer loop
      vertex 4.33859 6.62966 2
      vertex 3.2 28.5 2
      vertex 3.92431 6.71207 2
    endloop
  endfacet
  facet normal 0 0 1
    outer loop
      vertex 3.92431 6.71207 2
      vertex 3.2 28.5 2
      vertex 3.92291 6.71235 2
    endloop
  endfacet
  facet normal 0 0 1
    outer loop
      vertex 3.92291 6.71235 2
      vertex 3.2 28.5 2
      vertex 3.92149 6.71244 2
    endloop
  endfacet
  facet normal -0 0 1
    outer loop
      vertex 3.2 28.5 2
      vertex 29.4 23.35 2
      vertex 92.8 28.5 2
    endloop
  endfacet
  facet normal 0 0 1
    outer loop
      vertex 3.92149 6.71244 2
      vertex 3.2 28.5 2
      vertex 3.5 6.74006 2
    endloop
  endfacet
  facet normal 0 0 1
    outer loop
      vertex 3.2 29.5 2
      vertex 3.1 34 2
      vertex 3.2 28.5 2
    endloop
  endfacet
  facet normal 0 0 1
    outer loop
      vertex 3.2 28.5 2
      vertex 3.1 34 2
      vertex 0.370337 4.33859 2
    endloop
  endfacet
  facet normal 0 0 1
    outer loop
      vertex 3.2 28.5 2
      vertex 3.07851 6.71244 2
      vertex 3.5 6.74006 2
    endloop
  endfacet
  facet normal 0 0 1
    outer loop
      vertex 2.66141 121.37 2
      vertex 3.2 95.5 2
      vertex 3.07569 121.288 2
    endloop
  endfacet
  facet normal 0 0 1
    outer loop
      vertex 2.26143 121.506 2
      vertex 3.2 95.5 2
      vertex 2.66141 121.37 2
    endloop
  endfacet
  facet normal 0 0 1
    outer loop
      vertex 3.2 28.5 2
      vertex 3.07709 6.71235 2
      vertex 3.07851 6.71244 2
    endloop
  endfacet
  facet normal 0 0 1
    outer loop
      vertex 2.26008 121.507 2
      vertex 3.2 95.5 2
      vertex 2.26143 121.506 2
    endloop
  endfacet
  facet normal 0 0 1
    outer loop
      vertex 3.2 28.5 2
      vertex 3.07569 6.71207 2
      vertex 3.07709 6.71235 2
    endloop
  endfacet
  facet normal -0 0 1
    outer loop
      vertex 2.2588 121.507 2
      vertex 3.2 95.5 2
      vertex 2.26008 121.507 2
    endloop
  endfacet
  facet normal 0 0 1
    outer loop
      vertex 3.2 28.5 2
      vertex 2.66141 6.62966 2
      vertex 3.07569 6.71207 2
    endloop
  endfacet
  facet normal 0 0 1
    outer loop
      vertex 1.87997 121.694 2
      vertex 3.2 95.5 2
      vertex 2.2588 121.507 2
    endloop
  endfacet
  facet normal 0 0 1
    outer loop
      vertex 3.2 28.5 2
      vertex 2.26143 6.49389 2
      vertex 2.66141 6.62966 2
    endloop
  endfacet
  facet normal 0 0 1
    outer loop
      vertex 1.87878 121.695 2
      vertex 3.2 95.5 2
      vertex 1.87997 121.694 2
    endloop
  endfacet
  facet normal 0 0 1
    outer loop
      vertex 3.2 28.5 2
      vertex 2.26008 6.49343 2
      vertex 2.26143 6.49389 2
    endloop
  endfacet
  facet normal 0 0 1
    outer loop
      vertex 1.52757 121.929 2
      vertex 3.2 95.5 2
      vertex 1.87878 121.695 2
    endloop
  endfacet
  facet normal 0 0 1
    outer loop
      vertex 3.2 28.5 2
      vertex 2.2588 6.4928 2
      vertex 2.26008 6.49343 2
    endloop
  endfacet
  facet normal 0 0 1
    outer loop
      vertex 1.21 122.208 2
      vertex 3.2 95.5 2
      vertex 1.52757 121.929 2
    endloop
  endfacet
  facet normal 0 0 1
    outer loop
      vertex 3.2 28.5 2
      vertex 1.87997 6.30598 2
      vertex 2.2588 6.4928 2
    endloop
  endfacet
  facet normal 0 0 1
    outer loop
      vertex 1.20893 122.209 2
      vertex 3.2 95.5 2
      vertex 1.21 122.208 2
    endloop
  endfacet
  facet normal 0 0 1
    outer loop
      vertex 3.2 28.5 2
      vertex 1.87878 6.30519 2
      vertex 1.87997 6.30598 2
    endloop
  endfacet
  facet normal 0 0 1
    outer loop
      vertex 1.20799 122.21 2
      vertex 3.2 95.5 2
      vertex 1.20893 122.209 2
    endloop
  endfacet
  facet normal 0 0 1
    outer loop
      vertex 3.2 28.5 2
      vertex 1.52757 6.07052 2
      vertex 1.87878 6.30519 2
    endloop
  endfacet
  facet normal 0 0 1
    outer loop
      vertex 0.929483 122.528 2
      vertex 3.2 95.5 2
      vertex 1.20799 122.21 2
    endloop
  endfacet
  facet normal 0 0 1
    outer loop
      vertex 3.2 28.5 2
      vertex 1.21 5.79201 2
      vertex 1.52757 6.07052 2
    endloop
  endfacet
  facet normal 0 0 1
    outer loop
      vertex 0.694813 122.879 2
      vertex 3.2 95.5 2
      vertex 0.929483 122.528 2
    endloop
  endfacet
  facet normal 0 0 1
    outer loop
      vertex 3.2 28.5 2
      vertex 1.20893 5.79107 2
      vertex 1.21 5.79201 2
    endloop
  endfacet
  facet normal 0 0 1
    outer loop
      vertex 0.694021 122.88 2
      vertex 3.2 95.5 2
      vertex 0.694813 122.879 2
    endloop
  endfacet
  facet normal 0 0 1
    outer loop
      vertex 3.2 28.5 2
      vertex 1.20799 5.79 2
      vertex 1.20893 5.79107 2
    endloop
  endfacet
  facet normal 0 0 1
    outer loop
      vertex 0.5072 123.259 2
      vertex 3.2 95.5 2
      vertex 0.694021 122.88 2
    endloop
  endfacet
  facet normal 0 0 1
    outer loop
      vertex 3.2 28.5 2
      vertex 0.929483 5.47243 2
      vertex 1.20799 5.79 2
    endloop
  endfacet
  facet normal 0 0 1
    outer loop
      vertex 0.50657 123.26 2
      vertex 3.2 95.5 2
      vertex 0.5072 123.259 2
    endloop
  endfacet
  facet normal 0 0 1
    outer loop
      vertex 3.2 28.5 2
      vertex 0.694813 5.12122 2
      vertex 0.929483 5.47243 2
    endloop
  endfacet
  facet normal 0 0 1
    outer loop
      vertex 0.506112 123.261 2
      vertex 3.2 95.5 2
      vertex 0.50657 123.26 2
    endloop
  endfacet
  facet normal 0 0 1
    outer loop
      vertex 3.2 28.5 2
      vertex 0.694021 5.12003 2
      vertex 0.694813 5.12122 2
    endloop
  endfacet
  facet normal 0 0 1
    outer loop
      vertex 3.2 28.5 2
      vertex 0.693391 5.11875 2
      vertex 0.694021 5.12003 2
    endloop
  endfacet
  facet normal 0 0 1
    outer loop
      vertex 0.370337 123.661 2
      vertex 3.2 95.5 2
      vertex 0.506112 123.261 2
    endloop
  endfacet
  facet normal 0 0 1
    outer loop
      vertex 0.287932 124.076 2
      vertex 3.2 95.5 2
      vertex 0.370337 123.661 2
    endloop
  endfacet
  facet normal 0 0 1
    outer loop
      vertex 3.2 28.5 2
      vertex 0.50657 4.73992 2
      vertex 0.693391 5.11875 2
    endloop
  endfacet
  facet normal 0 0 1
    outer loop
      vertex 0.287654 124.077 2
      vertex 3.2 95.5 2
      vertex 0.287932 124.076 2
    endloop
  endfacet
  facet normal 0 0 1
    outer loop
      vertex 3.2 28.5 2
      vertex 0.506112 4.73857 2
      vertex 0.50657 4.73992 2
    endloop
  endfacet
  facet normal 0 0 1
    outer loop
      vertex 3.2 55.5 2
      vertex 3.1 50 2
      vertex 3.2 54.5 2
    endloop
  endfacet
  facet normal 0 0 1
    outer loop
      vertex 3.2 28.5 2
      vertex 0.370337 4.33859 2
      vertex 0.506112 4.73857 2
    endloop
  endfacet
  facet normal 0 0 1
    outer loop
      vertex 0.287654 3.92291 2
      vertex 3.1 50 2
      vertex 0.287654 124.077 2
    endloop
  endfacet
  facet normal 0 0 1
    outer loop
      vertex 3.1 34 2
      vertex 0.287932 3.92431 2
      vertex 0.370337 4.33859 2
    endloop
  endfacet
  facet normal 0 0 1
    outer loop
      vertex 3.1 50 2
      vertex 0.287654 3.92291 2
      vertex 3.1 34 2
    endloop
  endfacet
  facet normal 0 0 1
    outer loop
      vertex 3.1 34 2
      vertex 0.287654 3.92291 2
      vertex 0.287932 3.92431 2
    endloop
  endfacet
  facet normal 0 0 1
    outer loop
      vertex 0.28756 124.079 2
      vertex 0.287654 3.92291 2
      vertex 0.287654 124.077 2
    endloop
  endfacet
  facet normal 0 0 1
    outer loop
      vertex 0.28756 124.079 2
      vertex 0.28756 3.92149 2
      vertex 0.287654 3.92291 2
    endloop
  endfacet
  facet normal 0 0 1
    outer loop
      vertex 0.259935 124.5 2
      vertex 0.28756 3.92149 2
      vertex 0.28756 124.079 2
    endloop
  endfacet
  facet normal 0 0 1
    outer loop
      vertex 0.28756 3.92149 2
      vertex 0.259935 124.5 2
      vertex 0.259935 3.5 2
    endloop
  endfacet
  facet normal -0 0 1
    outer loop
      vertex 28 70.25 2
      vertex 68 67.75 2
      vertex 68 70.25 2
    endloop
  endfacet
  facet normal 0 0 1
    outer loop
      vertex 68 67.75 2
      vertex 28 70.25 2
      vertex 28 67.75 2
    endloop
  endfacet
  facet normal -0 0 1
    outer loop
      vertex 28 74.25 2
      vertex 68 71.75 2
      vertex 68 74.25 2
    endloop
  endfacet
  facet normal 0 0 1
    outer loop
      vertex 68 71.75 2
      vertex 28 74.25 2
      vertex 28 71.75 2
    endloop
  endfacet
  facet normal -0 0 1
    outer loop
      vertex 28 78.25 2
      vertex 68 75.75 2
      vertex 68 78.25 2
    endloop
  endfacet
  facet normal 0 0 1
    outer loop
      vertex 68 75.75 2
      vertex 28 78.25 2
      vertex 28 75.75 2
    endloop
  endfacet
  facet normal -0 0 1
    outer loop
      vertex 28 82.25 2
      vertex 68 79.75 2
      vertex 68 82.25 2
    endloop
  endfacet
  facet normal 0 0 1
    outer loop
      vertex 68 79.75 2
      vertex 28 82.25 2
      vertex 28 79.75 2
    endloop
  endfacet
  facet normal 0 0 1
    outer loop
      vertex 68 79.75 2
      vertex 92.8 94.5 2
      vertex 68 82.25 2
    endloop
  endfacet
  facet normal 0 0 1
    outer loop
      vertex 68 78.25 2
      vertex 92.8 94.5 2
      vertex 68 79.75 2
    endloop
  endfacet
  facet normal 0 0 1
    outer loop
      vertex 68 75.75 2
      vertex 92.8 94.5 2
      vertex 68 78.25 2
    endloop
  endfacet
  facet normal 0 0 1
    outer loop
      vertex 92.8 94.5 2
      vertex 68 75.75 2
      vertex 92.8 55.5 2
    endloop
  endfacet
  facet normal -0 0 1
    outer loop
      vertex 68 74.25 2
      vertex 92.8 55.5 2
      vertex 68 75.75 2
    endloop
  endfacet
  facet normal -0 0 1
    outer loop
      vertex 68 71.75 2
      vertex 92.8 55.5 2
      vertex 68 74.25 2
    endloop
  endfacet
  facet normal -0 0 1
    outer loop
      vertex 68 70.25 2
      vertex 92.8 55.5 2
      vertex 68 71.75 2
    endloop
  endfacet
  facet normal -0 0 1
    outer loop
      vertex 68 67.75 2
      vertex 92.8 55.5 2
      vertex 68 70.25 2
    endloop
  endfacet
  facet normal -0 0 1
    outer loop
      vertex 68 66.25 2
      vertex 92.8 55.5 2
      vertex 68 67.75 2
    endloop
  endfacet
  facet normal -0 0 1
    outer loop
      vertex 28 66.25 2
      vertex 92.8 55.5 2
      vertex 68 66.25 2
    endloop
  endfacet
  facet normal 0 0 1
    outer loop
      vertex 28 66.25 2
      vertex 3.2 55.5 2
      vertex 92.8 55.5 2
    endloop
  endfacet
  facet normal 0 0 1
    outer loop
      vertex 28 67.75 2
      vertex 3.2 55.5 2
      vertex 28 66.25 2
    endloop
  endfacet
  facet normal -0 0 -1
    outer loop
      vertex 7.46177 32.8011 0
      vertex 3.5 5.2 0
      vertex 7.27598 32.8642 0
    endloop
  endfacet
  facet normal 0 0 -1
    outer loop
      vertex 6.35 49.75 0
      vertex 5.18546 124.278 0
      vertex 5.2 124.5 0
    endloop
  endfacet
  facet normal 0 0 -1
    outer loop
      vertex 3.2781 5.18546 0
      vertex 7.27598 32.8642 0
      vertex 3.5 5.2 0
    endloop
  endfacet
  facet normal 0 0 -1
    outer loop
      vertex 6.35 49.75 0
      vertex 5.14207 124.06 0
      vertex 5.18546 124.278 0
    endloop
  endfacet
  facet normal -0 0 -1
    outer loop
      vertex 7.27598 32.8642 0
      vertex 3.2781 5.18546 0
      vertex 7.1 32.951 0
    endloop
  endfacet
  facet normal 0 0 -1
    outer loop
      vertex 6.35 49.75 0
      vertex 5.07059 123.849 0
      vertex 5.14207 124.06 0
    endloop
  endfacet
  facet normal 0 0 -1
    outer loop
      vertex 3.06001 5.14207 0
      vertex 7.1 32.951 0
      vertex 3.2781 5.18546 0
    endloop
  endfacet
  facet normal 0 0 -1
    outer loop
      vertex 6.35 49.75 0
      vertex 4.97224 123.65 0
      vertex 5.07059 123.849 0
    endloop
  endfacet
  facet normal 0 0 -1
    outer loop
      vertex -4.8 5.5 0
      vertex 7.1 32.951 0
      vertex 3.06001 5.14207 0
    endloop
  endfacet
  facet normal 0 0 -1
    outer loop
      vertex 6.35 49.75 0
      vertex 4.8487 123.465 0
      vertex 4.97224 123.65 0
    endloop
  endfacet
  facet normal -0 0 -1
    outer loop
      vertex 7.1 32.951 0
      vertex -4.8 5.5 0
      vertex 6.93685 33.06 0
    endloop
  endfacet
  facet normal 0 0 -1
    outer loop
      vertex 6.35 49.75 0
      vertex 4.70208 123.298 0
      vertex 4.8487 123.465 0
    endloop
  endfacet
  facet normal -0 0 -1
    outer loop
      vertex 6.93685 33.06 0
      vertex -4.8 5.5 0
      vertex 6.78935 33.1893 0
    endloop
  endfacet
  facet normal 0 0 -1
    outer loop
      vertex 6.35 49.75 0
      vertex 4.53489 123.151 0
      vertex 4.70208 123.298 0
    endloop
  endfacet
  facet normal -0 0 -1
    outer loop
      vertex 6.78935 33.1893 0
      vertex -4.8 5.5 0
      vertex 6.65997 33.3369 0
    endloop
  endfacet
  facet normal 0 0 -1
    outer loop
      vertex 6.35 49.75 0
      vertex 4.35 123.028 0
      vertex 4.53489 123.151 0
    endloop
  endfacet
  facet normal -0 0 -1
    outer loop
      vertex 6.65997 33.3369 0
      vertex -4.8 5.5 0
      vertex 6.55096 33.5 0
    endloop
  endfacet
  facet normal 0 0 -1
    outer loop
      vertex 6.35 49.75 0
      vertex 4.15056 122.929 0
      vertex 4.35 123.028 0
    endloop
  endfacet
  facet normal -0 0 -1
    outer loop
      vertex 6.55096 33.5 0
      vertex -4.8 5.5 0
      vertex 6.46418 33.676 0
    endloop
  endfacet
  facet normal 0 0 -1
    outer loop
      vertex 6.35 49.75 0
      vertex 3.93999 122.858 0
      vertex 4.15056 122.929 0
    endloop
  endfacet
  facet normal -0 0 -1
    outer loop
      vertex 6.46418 33.676 0
      vertex -4.8 5.5 0
      vertex 6.40112 33.8618 0
    endloop
  endfacet
  facet normal 0 0 -1
    outer loop
      vertex 6.35 49.75 0
      vertex 3.72189 122.815 0
      vertex 3.93999 122.858 0
    endloop
  endfacet
  facet normal -0 0 -1
    outer loop
      vertex 6.40112 33.8618 0
      vertex -4.8 5.5 0
      vertex 6.36283 34.0542 0
    endloop
  endfacet
  facet normal 0 0 -1
    outer loop
      vertex 6.35 49.75 0
      vertex 3.5 122.8 0
      vertex 3.72189 122.815 0
    endloop
  endfacet
  facet normal -0 0 -1
    outer loop
      vertex 6.35 34.25 0
      vertex -4.8 5.5 0
      vertex 6.35 49.75 0
    endloop
  endfacet
  facet normal 0 0 -1
    outer loop
      vertex -4.8 122.5 0
      vertex 6.35 49.75 0
      vertex -4.8 5.5 0
    endloop
  endfacet
  facet normal -0 0 -1
    outer loop
      vertex 6.36283 34.0542 0
      vertex -4.8 5.5 0
      vertex 6.35 34.25 0
    endloop
  endfacet
  facet normal 0 0 -1
    outer loop
      vertex 6.35 49.75 0
      vertex -4.8 122.5 0
      vertex 3.5 122.8 0
    endloop
  endfacet
  facet normal 0 0 -1
    outer loop
      vertex -4.8 5.5 0
      vertex 3.06001 5.14207 0
      vertex 2.84944 5.07059 0
    endloop
  endfacet
  facet normal -0 0 -1
    outer loop
      vertex 3.5 122.8 0
      vertex -4.8 122.5 0
      vertex 3.2781 122.815 0
    endloop
  endfacet
  facet normal 0 0 -1
    outer loop
      vertex -4.8 5.5 0
      vertex 2.84944 5.07059 0
      vertex 2.65 4.97224 0
    endloop
  endfacet
  facet normal -0 0 -1
    outer loop
      vertex 3.2781 122.815 0
      vertex -4.8 122.5 0
      vertex 3.06001 122.858 0
    endloop
  endfacet
  facet normal 0 0 -1
    outer loop
      vertex -4.8 5.5 0
      vertex 2.65 4.97224 0
      vertex 2.46511 4.8487 0
    endloop
  endfacet
  facet normal -0 0 -1
    outer loop
      vertex 3.06001 122.858 0
      vertex -4.8 122.5 0
      vertex 2.84944 122.929 0
    endloop
  endfacet
  facet normal 0 0 -1
    outer loop
      vertex -4.8 5.5 0
      vertex 2.46511 4.8487 0
      vertex 2.29792 4.70208 0
    endloop
  endfacet
  facet normal -0 0 -1
    outer loop
      vertex 2.84944 122.929 0
      vertex -4.8 122.5 0
      vertex 2.65 123.028 0
    endloop
  endfacet
  facet normal 0 0 -1
    outer loop
      vertex -4.8 5.5 0
      vertex 2.29792 4.70208 0
      vertex 2.1513 4.53489 0
    endloop
  endfacet
  facet normal -0 0 -1
    outer loop
      vertex 2.65 123.028 0
      vertex -4.8 122.5 0
      vertex 2.46511 123.151 0
    endloop
  endfacet
  facet normal 0 0 -1
    outer loop
      vertex -4.8 5.5 0
      vertex 2.1513 4.53489 0
      vertex 2.02776 4.35 0
    endloop
  endfacet
  facet normal -0 0 -1
    outer loop
      vertex 2.46511 123.151 0
      vertex -4.8 122.5 0
      vertex 2.29792 123.298 0
    endloop
  endfacet
  facet normal 0 0 -1
    outer loop
      vertex -4.8 5.5 0
      vertex 2.02776 4.35 0
      vertex 1.9294 4.15056 0
    endloop
  endfacet
  facet normal -0 0 -1
    outer loop
      vertex 2.29792 123.298 0
      vertex -4.8 122.5 0
      vertex 2.1513 123.465 0
    endloop
  endfacet
  facet normal 0 0 -1
    outer loop
      vertex -4.8 5.5 0
      vertex 1.9294 4.15056 0
      vertex 1.85793 3.93999 0
    endloop
  endfacet
  facet normal -0 0 -1
    outer loop
      vertex 2.1513 123.465 0
      vertex -4.8 122.5 0
      vertex 2.02776 123.65 0
    endloop
  endfacet
  facet normal 0 0 -1
    outer loop
      vertex -4.8 5.5 0
      vertex 1.85793 3.93999 0
      vertex 1.81454 3.72189 0
    endloop
  endfacet
  facet normal -0 0 -1
    outer loop
      vertex 2.02776 123.65 0
      vertex -4.8 122.5 0
      vertex 1.9294 123.849 0
    endloop
  endfacet
  facet normal 0 0 -1
    outer loop
      vertex -4.8 5.5 0
      vertex 1.81454 3.72189 0
      vertex 1.8 3.5 0
    endloop
  endfacet
  facet normal -0 0 -1
    outer loop
      vertex 1.9294 123.849 0
      vertex -4.8 122.5 0
      vertex 1.85793 124.06 0
    endloop
  endfacet
  facet normal 0 0 -1
    outer loop
      vertex 5.18546 124.722 0
      vertex 42.8432 114.957 0
      vertex 5.2 124.5 0
    endloop
  endfacet
  facet normal 0 0 -1
    outer loop
      vertex 42.8432 114.957 0
      vertex 5.18546 124.722 0
      vertex 5.5 132.8 0
    endloop
  endfacet
  facet normal 0 0 -1
    outer loop
      vertex 5.14207 124.94 0
      vertex 5.5 132.8 0
      vertex 5.18546 124.722 0
    endloop
  endfacet
  facet normal 0 0 -1
    outer loop
      vertex 5.07059 125.151 0
      vertex 5.5 132.8 0
      vertex 5.14207 124.94 0
    endloop
  endfacet
  facet normal 0 0 -1
    outer loop
      vertex 4.97224 125.35 0
      vertex 5.5 132.8 0
      vertex 5.07059 125.151 0
    endloop
  endfacet
  facet normal 0 0 -1
    outer loop
      vertex 4.8487 125.535 0
      vertex 5.5 132.8 0
      vertex 4.97224 125.35 0
    endloop
  endfacet
  facet normal 0 0 -1
    outer loop
      vertex 4.70208 125.702 0
      vertex 5.5 132.8 0
      vertex 4.8487 125.535 0
    endloop
  endfacet
  facet normal 0 0 -1
    outer loop
      vertex 4.53489 125.849 0
      vertex 5.5 132.8 0
      vertex 4.70208 125.702 0
    endloop
  endfacet
  facet normal 0 0 -1
    outer loop
      vertex 4.35 125.972 0
      vertex 5.5 132.8 0
      vertex 4.53489 125.849 0
    endloop
  endfacet
  facet normal 0 0 -1
    outer loop
      vertex 4.15056 126.071 0
      vertex 5.5 132.8 0
      vertex 4.35 125.972 0
    endloop
  endfacet
  facet normal 0 0 -1
    outer loop
      vertex 3.93999 126.142 0
      vertex 5.5 132.8 0
      vertex 4.15056 126.071 0
    endloop
  endfacet
  facet normal 0 0 -1
    outer loop
      vertex 5.5 132.8 0
      vertex 3.93999 126.142 0
      vertex 4.15558 132.712 0
    endloop
  endfacet
  facet normal 0 0 -1
    outer loop
      vertex 3.72189 126.185 0
      vertex 4.15558 132.712 0
      vertex 3.93999 126.142 0
    endloop
  endfacet
  facet normal 0 0 -1
    outer loop
      vertex 2.83417 132.449 0
      vertex 3.72189 126.185 0
      vertex 3.5 126.2 0
    endloop
  endfacet
  facet normal 0 0 -1
    outer loop
      vertex 2.83417 132.449 0
      vertex 3.5 126.2 0
      vertex 3.2781 126.185 0
    endloop
  endfacet
  facet normal 0 0 -1
    outer loop
      vertex 1.55836 132.016 0
      vertex 3.2781 126.185 0
      vertex 3.06001 126.142 0
    endloop
  endfacet
  facet normal 0 0 -1
    outer loop
      vertex 0.350006 131.42 0
      vertex 3.06001 126.142 0
      vertex 2.84944 126.071 0
    endloop
  endfacet
  facet normal 0 0 -1
    outer loop
      vertex 3.72189 126.185 0
      vertex 2.83417 132.449 0
      vertex 4.15558 132.712 0
    endloop
  endfacet
  facet normal 0 0 -1
    outer loop
      vertex 0.350006 131.42 0
      vertex 2.84944 126.071 0
      vertex 2.65 125.972 0
    endloop
  endfacet
  facet normal 0 0 -1
    outer loop
      vertex -0.770247 130.672 0
      vertex 2.65 125.972 0
      vertex 2.46511 125.849 0
    endloop
  endfacet
  facet normal 0 0 -1
    outer loop
      vertex -1.7832 129.783 0
      vertex 2.46511 125.849 0
      vertex 2.29792 125.702 0
    endloop
  endfacet
  facet normal 0 0 -1
    outer loop
      vertex -1.7832 129.783 0
      vertex 2.29792 125.702 0
      vertex 2.1513 125.535 0
    endloop
  endfacet
  facet normal 0 0 -1
    outer loop
      vertex -2.67154 128.77 0
      vertex 2.1513 125.535 0
      vertex 2.02776 125.35 0
    endloop
  endfacet
  facet normal 0 0 -1
    outer loop
      vertex -3.42006 127.65 0
      vertex 2.02776 125.35 0
      vertex 1.9294 125.151 0
    endloop
  endfacet
  facet normal 0 0 -1
    outer loop
      vertex -3.42006 127.65 0
      vertex 1.9294 125.151 0
      vertex 1.85793 124.94 0
    endloop
  endfacet
  facet normal 0 0 -1
    outer loop
      vertex -4.01596 126.442 0
      vertex 1.85793 124.94 0
      vertex 1.81454 124.722 0
    endloop
  endfacet
  facet normal 0 0 -1
    outer loop
      vertex 3.2781 126.185 0
      vertex 1.55836 132.016 0
      vertex 2.83417 132.449 0
    endloop
  endfacet
  facet normal 0 0 -1
    outer loop
      vertex -4.01596 126.442 0
      vertex 1.81454 124.722 0
      vertex 1.8 124.5 0
    endloop
  endfacet
  facet normal 0 -0 -1
    outer loop
      vertex -4.71188 123.844 0
      vertex 1.85793 124.06 0
      vertex -4.8 122.5 0
    endloop
  endfacet
  facet normal 0 0 -1
    outer loop
      vertex -4.8 5.5 0
      vertex 1.55836 -4.01596 0
      vertex 0.350006 -3.42006 0
    endloop
  endfacet
  facet normal -0 0 -1
    outer loop
      vertex 1.85793 124.06 0
      vertex -4.71188 123.844 0
      vertex 1.81454 124.278 0
    endloop
  endfacet
  facet normal 0 0 -1
    outer loop
      vertex -4.8 5.5 0
      vertex 0.350006 -3.42006 0
      vertex -0.770247 -2.67154 0
    endloop
  endfacet
  facet normal 0 -0 -1
    outer loop
      vertex -4.44903 125.166 0
      vertex 1.81454 124.278 0
      vertex -4.71188 123.844 0
    endloop
  endfacet
  facet normal 0 0 -1
    outer loop
      vertex -4.8 5.5 0
      vertex -0.770247 -2.67154 0
      vertex -1.7832 -1.7832 0
    endloop
  endfacet
  facet normal 0 0 -1
    outer loop
      vertex 3.06001 126.142 0
      vertex 0.350006 131.42 0
      vertex 1.55836 132.016 0
    endloop
  endfacet
  facet normal 0 0 -1
    outer loop
      vertex -4.8 5.5 0
      vertex -1.7832 -1.7832 0
      vertex -2.67154 -0.770247 0
    endloop
  endfacet
  facet normal 0 0 -1
    outer loop
      vertex 2.65 125.972 0
      vertex -0.770247 130.672 0
      vertex 0.350006 131.42 0
    endloop
  endfacet
  facet normal 0 0 -1
    outer loop
      vertex -4.8 5.5 0
      vertex -2.67154 -0.770247 0
      vertex -3.42006 0.350006 0
    endloop
  endfacet
  facet normal 0 0 -1
    outer loop
      vertex 2.46511 125.849 0
      vertex -1.7832 129.783 0
      vertex -0.770247 130.672 0
    endloop
  endfacet
  facet normal 0 0 -1
    outer loop
      vertex -4.8 5.5 0
      vertex -3.42006 0.350006 0
      vertex -4.01596 1.55836 0
    endloop
  endfacet
  facet normal 0 0 -1
    outer loop
      vertex 2.1513 125.535 0
      vertex -2.67154 128.77 0
      vertex -1.7832 129.783 0
    endloop
  endfacet
  facet normal 0 0 -1
    outer loop
      vertex -4.8 5.5 0
      vertex -4.01596 1.55836 0
      vertex -4.44903 2.83417 0
    endloop
  endfacet
  facet normal 0 0 -1
    outer loop
      vertex 2.02776 125.35 0
      vertex -3.42006 127.65 0
      vertex -2.67154 128.77 0
    endloop
  endfacet
  facet normal 0 0 -1
    outer loop
      vertex -4.8 5.5 0
      vertex -4.44903 2.83417 0
      vertex -4.71188 4.15558 0
    endloop
  endfacet
  facet normal 0 0 -1
    outer loop
      vertex 1.85793 124.94 0
      vertex -4.01596 126.442 0
      vertex -3.42006 127.65 0
    endloop
  endfacet
  facet normal 0 0 -1
    outer loop
      vertex 1.8 124.5 0
      vertex -4.44903 125.166 0
      vertex -4.01596 126.442 0
    endloop
  endfacet
  facet normal 0 0 -1
    outer loop
      vertex 1.81454 124.278 0
      vertex -4.44903 125.166 0
      vertex 1.8 124.5 0
    endloop
  endfacet
  facet normal 0 0 -1
    outer loop
      vertex 91.2979 123.298 0
      vertex 54.4444 110.152 0
      vertex 54.5 111 0
    endloop
  endfacet
  facet normal 0 0 -1
    outer loop
      vertex 66.5458 51.2372 0
      vertex 54.2785 109.318 0
      vertex 54.4444 110.152 0
    endloop
  endfacet
  facet normal 0 0 -1
    outer loop
      vertex 66.5458 51.2372 0
      vertex 54.0052 108.513 0
      vertex 54.2785 109.318 0
    endloop
  endfacet
  facet normal 0 0 -1
    outer loop
      vertex 66.5458 51.2372 0
      vertex 53.6292 107.75 0
      vertex 54.0052 108.513 0
    endloop
  endfacet
  facet normal 0 0 -1
    outer loop
      vertex 66.5458 51.2372 0
      vertex 53.1568 107.043 0
      vertex 53.6292 107.75 0
    endloop
  endfacet
  facet normal 0 0 -1
    outer loop
      vertex 66.5458 51.2372 0
      vertex 52.5962 106.404 0
      vertex 53.1568 107.043 0
    endloop
  endfacet
  facet normal 0 0 -1
    outer loop
      vertex 66.5458 51.2372 0
      vertex 51.9569 105.843 0
      vertex 52.5962 106.404 0
    endloop
  endfacet
  facet normal 0 0 -1
    outer loop
      vertex 66.35 51.25 0
      vertex 51.25 105.371 0
      vertex 51.9569 105.843 0
    endloop
  endfacet
  facet normal 0 0 -1
    outer loop
      vertex 66.35 51.25 0
      vertex 50.4874 104.995 0
      vertex 51.25 105.371 0
    endloop
  endfacet
  facet normal 0 0 -1
    outer loop
      vertex 66.35 51.25 0
      vertex 49.6823 104.721 0
      vertex 50.4874 104.995 0
    endloop
  endfacet
  facet normal 0 0 -1
    outer loop
      vertex 66.35 51.25 0
      vertex 48.8484 104.556 0
      vertex 49.6823 104.721 0
    endloop
  endfacet
  facet normal 0 0 -1
    outer loop
      vertex 66.35 51.25 0
      vertex 48 104.5 0
      vertex 48.8484 104.556 0
    endloop
  endfacet
  facet normal 0 0 -1
    outer loop
      vertex 66.35 51.25 0
      vertex 47.1516 104.556 0
      vertex 48 104.5 0
    endloop
  endfacet
  facet normal 0 0 -1
    outer loop
      vertex 66.35 51.25 0
      vertex 46.3177 104.721 0
      vertex 47.1516 104.556 0
    endloop
  endfacet
  facet normal 0 0 -1
    outer loop
      vertex 7.85 51.25 0
      vertex 46.3177 104.721 0
      vertex 66.35 51.25 0
    endloop
  endfacet
  facet normal -0 0 -1
    outer loop
      vertex 46.3177 104.721 0
      vertex 7.85 51.25 0
      vertex 45.5126 104.995 0
    endloop
  endfacet
  facet normal -0 0 -1
    outer loop
      vertex 45.5126 104.995 0
      vertex 7.85 51.25 0
      vertex 44.75 105.371 0
    endloop
  endfacet
  facet normal -0 0 -1
    outer loop
      vertex 44.75 105.371 0
      vertex 7.85 51.25 0
      vertex 44.043 105.843 0
    endloop
  endfacet
  facet normal -0 0 -1
    outer loop
      vertex 44.043 105.843 0
      vertex 7.85 51.25 0
      vertex 43.4038 106.404 0
    endloop
  endfacet
  facet normal -0 0 -1
    outer loop
      vertex 43.4038 106.404 0
      vertex 7.85 51.25 0
      vertex 42.8432 107.043 0
    endloop
  endfacet
  facet normal -0 0 -1
    outer loop
      vertex 42.8432 107.043 0
      vertex 7.85 51.25 0
      vertex 42.3708 107.75 0
    endloop
  endfacet
  facet normal 0 0 -1
    outer loop
      vertex 5.2 124.5 0
      vertex 41.5556 110.152 0
      vertex 41.7215 109.318 0
    endloop
  endfacet
  facet normal 0 0 -1
    outer loop
      vertex 5.2 124.5 0
      vertex 41.7215 109.318 0
      vertex 41.9948 108.513 0
    endloop
  endfacet
  facet normal 0 0 -1
    outer loop
      vertex 42.3708 107.75 0
      vertex 5.2 124.5 0
      vertex 41.9948 108.513 0
    endloop
  endfacet
  facet normal 0 0 -1
    outer loop
      vertex 5.2 124.5 0
      vertex 42.3708 107.75 0
      vertex 7.85 51.25 0
    endloop
  endfacet
  facet normal 0 0 -1
    outer loop
      vertex 29.4 20.15 0
      vertex 65.4 21.85 0
      vertex 65.4 20.15 0
    endloop
  endfacet
  facet normal -0 0 -1
    outer loop
      vertex 65.4 21.85 0
      vertex 29.4 20.15 0
      vertex 29.4 21.85 0
    endloop
  endfacet
  facet normal 0 0 -1
    outer loop
      vertex 29.4 16.95 0
      vertex 65.4 18.65 0
      vertex 65.4 16.95 0
    endloop
  endfacet
  facet normal -0 0 -1
    outer loop
      vertex 65.4 18.65 0
      vertex 29.4 16.95 0
      vertex 29.4 18.65 0
    endloop
  endfacet
  facet normal 0 0 -1
    outer loop
      vertex 29.4 13.75 0
      vertex 65.4 15.45 0
      vertex 65.4 13.75 0
    endloop
  endfacet
  facet normal -0 0 -1
    outer loop
      vertex 65.4 15.45 0
      vertex 29.4 13.75 0
      vertex 29.4 15.45 0
    endloop
  endfacet
  facet normal 0 0 -1
    outer loop
      vertex 29.4 10.55 0
      vertex 65.4 12.25 0
      vertex 65.4 10.55 0
    endloop
  endfacet
  facet normal -0 0 -1
    outer loop
      vertex 65.4 12.25 0
      vertex 29.4 10.55 0
      vertex 29.4 12.25 0
    endloop
  endfacet
  facet normal 0 0 -1
    outer loop
      vertex 29.4 7.35 0
      vertex 65.4 9.05 0
      vertex 65.4 7.35 0
    endloop
  endfacet
  facet normal -0 0 -1
    outer loop
      vertex 65.4 9.05 0
      vertex 29.4 7.35 0
      vertex 29.4 9.05 0
    endloop
  endfacet
  facet normal -0 0 -1
    outer loop
      vertex 92.2781 122.815 0
      vertex 84 48.25 0
      vertex 92.06 122.858 0
    endloop
  endfacet
  facet normal 0 0 -1
    outer loop
      vertex 54.4444 110.152 0
      vertex 92.06 122.858 0
      vertex 84 48.25 0
    endloop
  endfacet
  facet normal 0 0 -1
    outer loop
      vertex 54.4444 110.152 0
      vertex 91.8494 122.929 0
      vertex 92.06 122.858 0
    endloop
  endfacet
  facet normal 0 0 -1
    outer loop
      vertex 54.4444 110.152 0
      vertex 91.65 123.028 0
      vertex 91.8494 122.929 0
    endloop
  endfacet
  facet normal 0 0 -1
    outer loop
      vertex 54.4444 110.152 0
      vertex 91.4651 123.151 0
      vertex 91.65 123.028 0
    endloop
  endfacet
  facet normal 0 0 -1
    outer loop
      vertex 54.4444 110.152 0
      vertex 91.2979 123.298 0
      vertex 91.4651 123.151 0
    endloop
  endfacet
  facet normal -0 0 -1
    outer loop
      vertex 91.2979 123.298 0
      vertex 54.5 111 0
      vertex 91.1513 123.465 0
    endloop
  endfacet
  facet normal -0 0 -1
    outer loop
      vertex 91.1513 123.465 0
      vertex 54.5 111 0
      vertex 91.0278 123.65 0
    endloop
  endfacet
  facet normal 0 0 -1
    outer loop
      vertex 54.4444 111.848 0
      vertex 91.0278 123.65 0
      vertex 54.5 111 0
    endloop
  endfacet
  facet normal -0 0 -1
    outer loop
      vertex 91.0278 123.65 0
      vertex 54.4444 111.848 0
      vertex 90.9294 123.849 0
    endloop
  endfacet
  facet normal 0 0 -1
    outer loop
      vertex 54.2785 112.682 0
      vertex 90.9294 123.849 0
      vertex 54.4444 111.848 0
    endloop
  endfacet
  facet normal -0 0 -1
    outer loop
      vertex 90.9294 123.849 0
      vertex 54.2785 112.682 0
      vertex 90.8579 124.06 0
    endloop
  endfacet
  facet normal 0 0 -1
    outer loop
      vertex 54.4444 110.152 0
      vertex 84 48.25 0
      vertex 83.1842 48.1965 0
    endloop
  endfacet
  facet normal 0 0 -1
    outer loop
      vertex 67.1 51.049 0
      vertex 83.1842 48.1965 0
      vertex 82.3824 48.037 0
    endloop
  endfacet
  facet normal 0 0 -1
    outer loop
      vertex 67.2631 50.94 0
      vertex 82.3824 48.037 0
      vertex 81.6082 47.7742 0
    endloop
  endfacet
  facet normal 0 0 -1
    outer loop
      vertex 67.54 50.6631 0
      vertex 81.6082 47.7742 0
      vertex 80.875 47.4127 0
    endloop
  endfacet
  facet normal 0 0 -1
    outer loop
      vertex 67.649 50.5 0
      vertex 80.875 47.4127 0
      vertex 80.1952 46.9585 0
    endloop
  endfacet
  facet normal 0 0 -1
    outer loop
      vertex 67.7989 50.1382 0
      vertex 80.1952 46.9585 0
      vertex 79.5806 46.4194 0
    endloop
  endfacet
  facet normal 0 0 -1
    outer loop
      vertex 67.8372 49.9458 0
      vertex 79.5806 46.4194 0
      vertex 79.0415 45.8048 0
    endloop
  endfacet
  facet normal 0 0 -1
    outer loop
      vertex 67.85 49.75 0
      vertex 79.0415 45.8048 0
      vertex 78.5873 45.125 0
    endloop
  endfacet
  facet normal 0 0 -1
    outer loop
      vertex 67.85 49.75 0
      vertex 78.5873 45.125 0
      vertex 78.2258 44.3918 0
    endloop
  endfacet
  facet normal 0 0 -1
    outer loop
      vertex 67.85 49.75 0
      vertex 78.2258 44.3918 0
      vertex 77.963 43.6176 0
    endloop
  endfacet
  facet normal 0 0 -1
    outer loop
      vertex 67.85 49.75 0
      vertex 77.963 43.6176 0
      vertex 77.8035 42.8158 0
    endloop
  endfacet
  facet normal 0 0 -1
    outer loop
      vertex 67.85 49.75 0
      vertex 77.75 42 0
      vertex 67.85 34.25 0
    endloop
  endfacet
  facet normal 0 0 -1
    outer loop
      vertex 77.75 42 0
      vertex 67.85 49.75 0
      vertex 77.8035 42.8158 0
    endloop
  endfacet
  facet normal 0 0 -1
    outer loop
      vertex 79.0415 45.8048 0
      vertex 67.85 49.75 0
      vertex 67.8372 49.9458 0
    endloop
  endfacet
  facet normal 0 0 -1
    outer loop
      vertex 79.5806 46.4194 0
      vertex 67.8372 49.9458 0
      vertex 67.7989 50.1382 0
    endloop
  endfacet
  facet normal 0 0 -1
    outer loop
      vertex 80.1952 46.9585 0
      vertex 67.7989 50.1382 0
      vertex 67.7358 50.324 0
    endloop
  endfacet
  facet normal 0 0 -1
    outer loop
      vertex 80.1952 46.9585 0
      vertex 67.7358 50.324 0
      vertex 67.649 50.5 0
    endloop
  endfacet
  facet normal 0 0 -1
    outer loop
      vertex 80.875 47.4127 0
      vertex 67.649 50.5 0
      vertex 67.54 50.6631 0
    endloop
  endfacet
  facet normal 0 0 -1
    outer loop
      vertex 81.6082 47.7742 0
      vertex 67.54 50.6631 0
      vertex 67.4107 50.8107 0
    endloop
  endfacet
  facet normal 0 0 -1
    outer loop
      vertex 81.6082 47.7742 0
      vertex 67.4107 50.8107 0
      vertex 67.2631 50.94 0
    endloop
  endfacet
  facet normal 0 0 -1
    outer loop
      vertex 82.3824 48.037 0
      vertex 67.2631 50.94 0
      vertex 67.1 51.049 0
    endloop
  endfacet
  facet normal 0 0 -1
    outer loop
      vertex 83.1842 48.1965 0
      vertex 67.1 51.049 0
      vertex 66.924 51.1358 0
    endloop
  endfacet
  facet normal 0 0 -1
    outer loop
      vertex 54.4444 110.152 0
      vertex 83.1842 48.1965 0
      vertex 66.924 51.1358 0
    endloop
  endfacet
  facet normal 0 0 -1
    outer loop
      vertex 54.4444 110.152 0
      vertex 66.924 51.1358 0
      vertex 66.7382 51.1989 0
    endloop
  endfacet
  facet normal 0 0 -1
    outer loop
      vertex 54.4444 110.152 0
      vertex 66.7382 51.1989 0
      vertex 66.5458 51.2372 0
    endloop
  endfacet
  facet normal 0 0 -1
    outer loop
      vertex 51.9569 105.843 0
      vertex 66.5458 51.2372 0
      vertex 66.35 51.25 0
    endloop
  endfacet
  facet normal 0 0 -1
    outer loop
      vertex 54.0052 113.487 0
      vertex 90.8579 124.06 0
      vertex 54.2785 112.682 0
    endloop
  endfacet
  facet normal -0 0 -1
    outer loop
      vertex 90.8579 124.06 0
      vertex 54.0052 113.487 0
      vertex 90.8145 124.278 0
    endloop
  endfacet
  facet normal 0 0 -1
    outer loop
      vertex 53.6292 114.25 0
      vertex 90.8145 124.278 0
      vertex 54.0052 113.487 0
    endloop
  endfacet
  facet normal -0 0 -1
    outer loop
      vertex 90.8145 124.278 0
      vertex 53.6292 114.25 0
      vertex 90.8 124.5 0
    endloop
  endfacet
  facet normal 0 0 -1
    outer loop
      vertex 53.1568 114.957 0
      vertex 90.8 124.5 0
      vertex 53.6292 114.25 0
    endloop
  endfacet
  facet normal -0 0 -1
    outer loop
      vertex 90.8 124.5 0
      vertex 53.1568 114.957 0
      vertex 90.5 132.8 0
    endloop
  endfacet
  facet normal 0 0 -1
    outer loop
      vertex 52.5962 115.596 0
      vertex 90.5 132.8 0
      vertex 53.1568 114.957 0
    endloop
  endfacet
  facet normal 0 0 -1
    outer loop
      vertex 51.9569 116.157 0
      vertex 90.5 132.8 0
      vertex 52.5962 115.596 0
    endloop
  endfacet
  facet normal 0 0 -1
    outer loop
      vertex 51.25 116.629 0
      vertex 90.5 132.8 0
      vertex 51.9569 116.157 0
    endloop
  endfacet
  facet normal 0 0 -1
    outer loop
      vertex 50.4874 117.005 0
      vertex 90.5 132.8 0
      vertex 51.25 116.629 0
    endloop
  endfacet
  facet normal 0 0 -1
    outer loop
      vertex 49.6823 117.279 0
      vertex 90.5 132.8 0
      vertex 50.4874 117.005 0
    endloop
  endfacet
  facet normal 0 0 -1
    outer loop
      vertex 48.8484 117.444 0
      vertex 90.5 132.8 0
      vertex 49.6823 117.279 0
    endloop
  endfacet
  facet normal 0 0 -1
    outer loop
      vertex 48 117.5 0
      vertex 90.5 132.8 0
      vertex 48.8484 117.444 0
    endloop
  endfacet
  facet normal 0 0 -1
    outer loop
      vertex 5.5 132.8 0
      vertex 48 117.5 0
      vertex 47.1516 117.444 0
    endloop
  endfacet
  facet normal 0 0 -1
    outer loop
      vertex 5.5 132.8 0
      vertex 47.1516 117.444 0
      vertex 46.3177 117.279 0
    endloop
  endfacet
  facet normal 0 0 -1
    outer loop
      vertex 5.5 132.8 0
      vertex 46.3177 117.279 0
      vertex 45.5126 117.005 0
    endloop
  endfacet
  facet normal 0 0 -1
    outer loop
      vertex 5.2 124.5 0
      vertex 41.5 111 0
      vertex 41.5556 110.152 0
    endloop
  endfacet
  facet normal 0 0 -1
    outer loop
      vertex 5.2 124.5 0
      vertex 41.5556 111.848 0
      vertex 41.5 111 0
    endloop
  endfacet
  facet normal 0 0 -1
    outer loop
      vertex 5.2 124.5 0
      vertex 41.7215 112.682 0
      vertex 41.5556 111.848 0
    endloop
  endfacet
  facet normal 0 0 -1
    outer loop
      vertex 5.2 124.5 0
      vertex 41.9948 113.487 0
      vertex 41.7215 112.682 0
    endloop
  endfacet
  facet normal 0 0 -1
    outer loop
      vertex 5.2 124.5 0
      vertex 7.85 51.25 0
      vertex 7.65421 51.2372 0
    endloop
  endfacet
  facet normal 0 0 -1
    outer loop
      vertex 5.2 124.5 0
      vertex 7.65421 51.2372 0
      vertex 7.46177 51.1989 0
    endloop
  endfacet
  facet normal 0 0 -1
    outer loop
      vertex 5.2 124.5 0
      vertex 7.46177 51.1989 0
      vertex 7.27598 51.1358 0
    endloop
  endfacet
  facet normal 0 0 -1
    outer loop
      vertex 5.2 124.5 0
      vertex 7.27598 51.1358 0
      vertex 7.1 51.049 0
    endloop
  endfacet
  facet normal 0 0 -1
    outer loop
      vertex 5.2 124.5 0
      vertex 7.1 51.049 0
      vertex 6.93685 50.94 0
    endloop
  endfacet
  facet normal 0 0 -1
    outer loop
      vertex 5.2 124.5 0
      vertex 6.93685 50.94 0
      vertex 6.78935 50.8107 0
    endloop
  endfacet
  facet normal 0 0 -1
    outer loop
      vertex 5.2 124.5 0
      vertex 6.78935 50.8107 0
      vertex 6.65997 50.6631 0
    endloop
  endfacet
  facet normal 0 0 -1
    outer loop
      vertex 5.2 124.5 0
      vertex 6.65997 50.6631 0
      vertex 6.55096 50.5 0
    endloop
  endfacet
  facet normal 0 0 -1
    outer loop
      vertex 48 117.5 0
      vertex 5.5 132.8 0
      vertex 90.5 132.8 0
    endloop
  endfacet
  facet normal 0 0 -1
    outer loop
      vertex 44.75 116.629 0
      vertex 5.5 132.8 0
      vertex 45.5126 117.005 0
    endloop
  endfacet
  facet normal 0 0 -1
    outer loop
      vertex 44.043 116.157 0
      vertex 5.5 132.8 0
      vertex 44.75 116.629 0
    endloop
  endfacet
  facet normal 0 0 -1
    outer loop
      vertex 43.4038 115.596 0
      vertex 5.5 132.8 0
      vertex 44.043 116.157 0
    endloop
  endfacet
  facet normal 0 0 -1
    outer loop
      vertex 42.8432 114.957 0
      vertex 5.5 132.8 0
      vertex 43.4038 115.596 0
    endloop
  endfacet
  facet normal 0 0 -1
    outer loop
      vertex 5.2 124.5 0
      vertex 42.8432 114.957 0
      vertex 42.3708 114.25 0
    endloop
  endfacet
  facet normal 0 0 -1
    outer loop
      vertex 5.2 124.5 0
      vertex 42.3708 114.25 0
      vertex 41.9948 113.487 0
    endloop
  endfacet
  facet normal 0 0 -1
    outer loop
      vertex 5.2 124.5 0
      vertex 6.55096 50.5 0
      vertex 6.46418 50.324 0
    endloop
  endfacet
  facet normal 0 0 -1
    outer loop
      vertex 5.2 124.5 0
      vertex 6.46418 50.324 0
      vertex 6.40112 50.1382 0
    endloop
  endfacet
  facet normal 0 0 -1
    outer loop
      vertex 5.2 124.5 0
      vertex 6.40112 50.1382 0
      vertex 6.36283 49.9458 0
    endloop
  endfacet
  facet normal 0 0 -1
    outer loop
      vertex 5.2 124.5 0
      vertex 6.36283 49.9458 0
      vertex 6.35 49.75 0
    endloop
  endfacet
  facet normal -0 0 -1
    outer loop
      vertex 7.65421 32.7628 0
      vertex 3.72189 5.18546 0
      vertex 7.46177 32.8011 0
    endloop
  endfacet
  facet normal 0 0 -1
    outer loop
      vertex 3.5 5.2 0
      vertex 7.46177 32.8011 0
      vertex 3.72189 5.18546 0
    endloop
  endfacet
  facet normal 0 0 -1
    outer loop
      vertex 5.5 -4.8 0
      vertex 5.18546 3.2781 0
      vertex 5.2 3.5 0
    endloop
  endfacet
  facet normal 0 0 -1
    outer loop
      vertex 5.5 -4.8 0
      vertex 5.14207 3.06001 0
      vertex 5.18546 3.2781 0
    endloop
  endfacet
  facet normal 0 0 -1
    outer loop
      vertex 5.5 -4.8 0
      vertex 5.07059 2.84944 0
      vertex 5.14207 3.06001 0
    endloop
  endfacet
  facet normal 0 0 -1
    outer loop
      vertex 5.5 -4.8 0
      vertex 4.97224 2.65 0
      vertex 5.07059 2.84944 0
    endloop
  endfacet
  facet normal 0 0 -1
    outer loop
      vertex 5.5 -4.8 0
      vertex 4.8487 2.46511 0
      vertex 4.97224 2.65 0
    endloop
  endfacet
  facet normal 0 0 -1
    outer loop
      vertex 5.5 -4.8 0
      vertex 4.70208 2.29792 0
      vertex 4.8487 2.46511 0
    endloop
  endfacet
  facet normal 0 0 -1
    outer loop
      vertex 5.5 -4.8 0
      vertex 4.53489 2.1513 0
      vertex 4.70208 2.29792 0
    endloop
  endfacet
  facet normal 0 0 -1
    outer loop
      vertex 5.5 -4.8 0
      vertex 4.35 2.02776 0
      vertex 4.53489 2.1513 0
    endloop
  endfacet
  facet normal 0 0 -1
    outer loop
      vertex 3.93999 1.85793 0
      vertex 5.5 -4.8 0
      vertex 4.15558 -4.71188 0
    endloop
  endfacet
  facet normal 0 0 -1
    outer loop
      vertex 5.5 -4.8 0
      vertex 4.15056 1.9294 0
      vertex 4.35 2.02776 0
    endloop
  endfacet
  facet normal 0 0 -1
    outer loop
      vertex 5.5 -4.8 0
      vertex 3.93999 1.85793 0
      vertex 4.15056 1.9294 0
    endloop
  endfacet
  facet normal 0 0 -1
    outer loop
      vertex 4.15558 -4.71188 0
      vertex 3.72189 1.81454 0
      vertex 3.93999 1.85793 0
    endloop
  endfacet
  facet normal 0 0 -1
    outer loop
      vertex 2.83417 -4.44903 0
      vertex 3.72189 1.81454 0
      vertex 4.15558 -4.71188 0
    endloop
  endfacet
  facet normal 0 0 -1
    outer loop
      vertex 3.72189 1.81454 0
      vertex 2.83417 -4.44903 0
      vertex 3.5 1.8 0
    endloop
  endfacet
  facet normal -0 0 -1
    outer loop
      vertex 3.5 1.8 0
      vertex 2.83417 -4.44903 0
      vertex 3.2781 1.81454 0
    endloop
  endfacet
  facet normal 0 0 -1
    outer loop
      vertex 1.55836 -4.01596 0
      vertex 3.2781 1.81454 0
      vertex 2.83417 -4.44903 0
    endloop
  endfacet
  facet normal -0 0 -1
    outer loop
      vertex 3.2781 1.81454 0
      vertex 1.55836 -4.01596 0
      vertex 3.06001 1.85793 0
    endloop
  endfacet
  facet normal -0 0 -1
    outer loop
      vertex 3.06001 1.85793 0
      vertex 1.55836 -4.01596 0
      vertex 2.84944 1.9294 0
    endloop
  endfacet
  facet normal -0 0 -1
    outer loop
      vertex 2.84944 1.9294 0
      vertex 1.55836 -4.01596 0
      vertex 2.65 2.02776 0
    endloop
  endfacet
  facet normal -0 0 -1
    outer loop
      vertex 2.65 2.02776 0
      vertex 1.55836 -4.01596 0
      vertex 2.46511 2.1513 0
    endloop
  endfacet
  facet normal -0 0 -1
    outer loop
      vertex 2.46511 2.1513 0
      vertex 1.55836 -4.01596 0
      vertex 2.29792 2.29792 0
    endloop
  endfacet
  facet normal -0 0 -1
    outer loop
      vertex 2.29792 2.29792 0
      vertex 1.55836 -4.01596 0
      vertex 2.1513 2.46511 0
    endloop
  endfacet
  facet normal -0 0 -1
    outer loop
      vertex 2.1513 2.46511 0
      vertex 1.55836 -4.01596 0
      vertex 2.02776 2.65 0
    endloop
  endfacet
  facet normal 0 0 -1
    outer loop
      vertex -4.8 5.5 0
      vertex 2.02776 2.65 0
      vertex 1.55836 -4.01596 0
    endloop
  endfacet
  facet normal 0 0 -1
    outer loop
      vertex 2.02776 2.65 0
      vertex -4.8 5.5 0
      vertex 1.9294 2.84944 0
    endloop
  endfacet
  facet normal 0 0 -1
    outer loop
      vertex 1.81454 3.2781 0
      vertex -4.8 5.5 0
      vertex 1.8 3.5 0
    endloop
  endfacet
  facet normal 0 0 -1
    outer loop
      vertex 1.85793 3.06001 0
      vertex -4.8 5.5 0
      vertex 1.81454 3.2781 0
    endloop
  endfacet
  facet normal 0 0 -1
    outer loop
      vertex 1.9294 2.84944 0
      vertex -4.8 5.5 0
      vertex 1.85793 3.06001 0
    endloop
  endfacet
  facet normal 0 0 -1
    outer loop
      vertex 65.4 21.85 0
      vertex 83.1842 35.8035 0
      vertex 65.4 20.15 0
    endloop
  endfacet
  facet normal -0 0 -1
    outer loop
      vertex 83.1842 35.8035 0
      vertex 65.4 21.85 0
      vertex 82.3824 35.963 0
    endloop
  endfacet
  facet normal 0 0 -1
    outer loop
      vertex 65.4 23.35 0
      vertex 82.3824 35.963 0
      vertex 65.4 21.85 0
    endloop
  endfacet
  facet normal -0 0 -1
    outer loop
      vertex 82.3824 35.963 0
      vertex 65.4 23.35 0
      vertex 81.6082 36.2258 0
    endloop
  endfacet
  facet normal 0 0 -1
    outer loop
      vertex 81.6082 36.2258 0
      vertex 65.4 23.35 0
      vertex 67.4107 33.1893 0
    endloop
  endfacet
  facet normal 0 0 -1
    outer loop
      vertex 67.4107 33.1893 0
      vertex 65.4 23.35 0
      vertex 67.2631 33.06 0
    endloop
  endfacet
  facet normal 0 0 -1
    outer loop
      vertex 67.2631 33.06 0
      vertex 65.4 23.35 0
      vertex 67.1 32.951 0
    endloop
  endfacet
  facet normal 0 0 -1
    outer loop
      vertex 67.1 32.951 0
      vertex 65.4 23.35 0
      vertex 66.924 32.8642 0
    endloop
  endfacet
  facet normal 0 0 -1
    outer loop
      vertex 66.924 32.8642 0
      vertex 65.4 23.35 0
      vertex 66.7382 32.8011 0
    endloop
  endfacet
  facet normal 0 0 -1
    outer loop
      vertex 66.7382 32.8011 0
      vertex 65.4 23.35 0
      vertex 66.5458 32.7628 0
    endloop
  endfacet
  facet normal 0 0 -1
    outer loop
      vertex 66.5458 32.7628 0
      vertex 65.4 23.35 0
      vertex 66.35 32.75 0
    endloop
  endfacet
  facet normal 0 0 -1
    outer loop
      vertex 29.4 23.35 0
      vertex 66.35 32.75 0
      vertex 65.4 23.35 0
    endloop
  endfacet
  facet normal -0 0 -1
    outer loop
      vertex 66.35 32.75 0
      vertex 29.4 23.35 0
      vertex 7.85 32.75 0
    endloop
  endfacet
  facet normal 0 0 -1
    outer loop
      vertex 90.1965 42.8158 0
      vertex 100.8 5.5 0
      vertex 90.25 42 0
    endloop
  endfacet
  facet normal 0 0 -1
    outer loop
      vertex 100.8 122.5 0
      vertex 94.1855 124.278 0
      vertex 94.2 124.5 0
    endloop
  endfacet
  facet normal 0 0 -1
    outer loop
      vertex 90.25 42 0
      vertex 94.1855 3.72189 0
      vertex 94.1421 3.93999 0
    endloop
  endfacet
  facet normal 0 0 -1
    outer loop
      vertex 100.8 5.5 0
      vertex 90.1965 42.8158 0
      vertex 100.8 122.5 0
    endloop
  endfacet
  facet normal 0 0 -1
    outer loop
      vertex 90.1965 41.1842 0
      vertex 94.1421 3.93999 0
      vertex 94.0706 4.15056 0
    endloop
  endfacet
  facet normal 0 0 -1
    outer loop
      vertex 100.8 122.5 0
      vertex 94.1421 124.06 0
      vertex 94.1855 124.278 0
    endloop
  endfacet
  facet normal 0 0 -1
    outer loop
      vertex 90.037 40.3824 0
      vertex 94.0706 4.15056 0
      vertex 93.9722 4.35 0
    endloop
  endfacet
  facet normal 0 0 -1
    outer loop
      vertex 100.8 122.5 0
      vertex 94.0706 123.849 0
      vertex 94.1421 124.06 0
    endloop
  endfacet
  facet normal 0 0 -1
    outer loop
      vertex 89.7742 39.6082 0
      vertex 93.9722 4.35 0
      vertex 93.8487 4.53489 0
    endloop
  endfacet
  facet normal 0 0 -1
    outer loop
      vertex 100.8 122.5 0
      vertex 93.9722 123.65 0
      vertex 94.0706 123.849 0
    endloop
  endfacet
  facet normal 0 0 -1
    outer loop
      vertex 89.4127 38.875 0
      vertex 93.8487 4.53489 0
      vertex 93.7021 4.70208 0
    endloop
  endfacet
  facet normal 0 0 -1
    outer loop
      vertex 100.8 122.5 0
      vertex 93.8487 123.465 0
      vertex 93.9722 123.65 0
    endloop
  endfacet
  facet normal 0 0 -1
    outer loop
      vertex 89.4127 38.875 0
      vertex 93.7021 4.70208 0
      vertex 93.5349 4.8487 0
    endloop
  endfacet
  facet normal 0 0 -1
    outer loop
      vertex 100.8 122.5 0
      vertex 93.7021 123.298 0
      vertex 93.8487 123.465 0
    endloop
  endfacet
  facet normal 0 0 -1
    outer loop
      vertex 88.9585 38.1952 0
      vertex 93.5349 4.8487 0
      vertex 93.35 4.97224 0
    endloop
  endfacet
  facet normal 0 0 -1
    outer loop
      vertex 100.8 122.5 0
      vertex 93.5349 123.151 0
      vertex 93.7021 123.298 0
    endloop
  endfacet
  facet normal 0 0 -1
    outer loop
      vertex 88.4194 37.5806 0
      vertex 93.35 4.97224 0
      vertex 93.1506 5.07059 0
    endloop
  endfacet
  facet normal 0 0 -1
    outer loop
      vertex 100.8 122.5 0
      vertex 93.35 123.028 0
      vertex 93.5349 123.151 0
    endloop
  endfacet
  facet normal 0 0 -1
    outer loop
      vertex 87.8048 37.0415 0
      vertex 93.1506 5.07059 0
      vertex 92.94 5.14207 0
    endloop
  endfacet
  facet normal 0 0 -1
    outer loop
      vertex 100.8 122.5 0
      vertex 93.1506 122.929 0
      vertex 93.35 123.028 0
    endloop
  endfacet
  facet normal 0 0 -1
    outer loop
      vertex 87.125 36.5873 0
      vertex 92.94 5.14207 0
      vertex 92.7219 5.18546 0
    endloop
  endfacet
  facet normal 0 0 -1
    outer loop
      vertex 100.8 122.5 0
      vertex 92.94 122.858 0
      vertex 93.1506 122.929 0
    endloop
  endfacet
  facet normal 0 0 -1
    outer loop
      vertex 86.3918 36.2258 0
      vertex 92.7219 5.18546 0
      vertex 92.5 5.2 0
    endloop
  endfacet
  facet normal 0 0 -1
    outer loop
      vertex 100.8 122.5 0
      vertex 92.7219 122.815 0
      vertex 92.94 122.858 0
    endloop
  endfacet
  facet normal 0 0 -1
    outer loop
      vertex 86.3918 36.2258 0
      vertex 92.5 5.2 0
      vertex 92.2781 5.18546 0
    endloop
  endfacet
  facet normal 0 0 -1
    outer loop
      vertex 90.037 43.6176 0
      vertex 100.8 122.5 0
      vertex 90.1965 42.8158 0
    endloop
  endfacet
  facet normal 0 0 -1
    outer loop
      vertex 85.6176 35.963 0
      vertex 92.2781 5.18546 0
      vertex 92.06 5.14207 0
    endloop
  endfacet
  facet normal 0 0 -1
    outer loop
      vertex 89.7742 44.3918 0
      vertex 100.8 122.5 0
      vertex 90.037 43.6176 0
    endloop
  endfacet
  facet normal 0 0 -1
    outer loop
      vertex 84.8158 35.8035 0
      vertex 92.06 5.14207 0
      vertex 91.8494 5.07059 0
    endloop
  endfacet
  facet normal 0 0 -1
    outer loop
      vertex 89.4127 45.125 0
      vertex 100.8 122.5 0
      vertex 89.7742 44.3918 0
    endloop
  endfacet
  facet normal 0 0 -1
    outer loop
      vertex 84 35.75 0
      vertex 91.8494 5.07059 0
      vertex 91.65 4.97224 0
    endloop
  endfacet
  facet normal 0 0 -1
    outer loop
      vertex 88.9585 45.8048 0
      vertex 100.8 122.5 0
      vertex 89.4127 45.125 0
    endloop
  endfacet
  facet normal 0 0 -1
    outer loop
      vertex 83.1842 35.8035 0
      vertex 91.65 4.97224 0
      vertex 91.4651 4.8487 0
    endloop
  endfacet
  facet normal 0 0 -1
    outer loop
      vertex 88.4194 46.4194 0
      vertex 100.8 122.5 0
      vertex 88.9585 45.8048 0
    endloop
  endfacet
  facet normal 0 0 -1
    outer loop
      vertex 91.0278 4.35 0
      vertex 65.4 12.25 0
      vertex 91.1513 4.53489 0
    endloop
  endfacet
  facet normal 0 0 -1
    outer loop
      vertex 87.8048 46.9585 0
      vertex 100.8 122.5 0
      vertex 88.4194 46.4194 0
    endloop
  endfacet
  facet normal 0 0 -1
    outer loop
      vertex 65.4 10.55 0
      vertex 90.9294 4.15056 0
      vertex 65.4 9.05 0
    endloop
  endfacet
  facet normal 0 0 -1
    outer loop
      vertex 87.125 47.4127 0
      vertex 100.8 122.5 0
      vertex 87.8048 46.9585 0
    endloop
  endfacet
  facet normal 0 0 -1
    outer loop
      vertex 65.4 9.05 0
      vertex 90.9294 4.15056 0
      vertex 65.4 7.35 0
    endloop
  endfacet
  facet normal 0 0 -1
    outer loop
      vertex 86.3918 47.7742 0
      vertex 100.8 122.5 0
      vertex 87.125 47.4127 0
    endloop
  endfacet
  facet normal 0 0 -1
    outer loop
      vertex 90.8579 3.93999 0
      vertex 65.4 7.35 0
      vertex 90.9294 4.15056 0
    endloop
  endfacet
  facet normal 0 0 -1
    outer loop
      vertex 85.6176 48.037 0
      vertex 100.8 122.5 0
      vertex 86.3918 47.7742 0
    endloop
  endfacet
  facet normal 0 0 -1
    outer loop
      vertex 65.4 7.35 0
      vertex 90.8579 3.93999 0
      vertex 65.4 5.85 0
    endloop
  endfacet
  facet normal -0 0 -1
    outer loop
      vertex 100.8 122.5 0
      vertex 85.6176 48.037 0
      vertex 92.7219 122.815 0
    endloop
  endfacet
  facet normal 0 0 -1
    outer loop
      vertex 65.4 5.85 0
      vertex 90.8579 3.93999 0
      vertex 90.8145 3.72189 0
    endloop
  endfacet
  facet normal 0 0 -1
    outer loop
      vertex 92.7219 122.815 0
      vertex 85.6176 48.037 0
      vertex 92.5 122.8 0
    endloop
  endfacet
  facet normal 0 0 -1
    outer loop
      vertex 65.4 5.85 0
      vertex 90.8145 3.72189 0
      vertex 90.8 3.5 0
    endloop
  endfacet
  facet normal 0 0 -1
    outer loop
      vertex 84.8158 48.1965 0
      vertex 92.5 122.8 0
      vertex 85.6176 48.037 0
    endloop
  endfacet
  facet normal 0 0 -1
    outer loop
      vertex 100.449 2.83417 0
      vertex 94.1855 3.72189 0
      vertex 100.712 4.15558 0
    endloop
  endfacet
  facet normal -0 0 -1
    outer loop
      vertex 100.712 4.15558 0
      vertex 94.1855 3.72189 0
      vertex 100.8 5.5 0
    endloop
  endfacet
  facet normal 0 0 -1
    outer loop
      vertex 94.1855 3.72189 0
      vertex 100.449 2.83417 0
      vertex 94.2 3.5 0
    endloop
  endfacet
  facet normal 0 0 -1
    outer loop
      vertex 90.25 42 0
      vertex 100.8 5.5 0
      vertex 94.1855 3.72189 0
    endloop
  endfacet
  facet normal 0 0 -1
    outer loop
      vertex 94.2 3.5 0
      vertex 100.449 2.83417 0
      vertex 100.016 1.55836 0
    endloop
  endfacet
  facet normal 0 0 -1
    outer loop
      vertex 100.8 122.5 0
      vertex 94.2 124.5 0
      vertex 100.712 123.844 0
    endloop
  endfacet
  facet normal 0 0 -1
    outer loop
      vertex 94.1421 3.06001 0
      vertex 100.016 1.55836 0
      vertex 99.4201 0.350006 0
    endloop
  endfacet
  facet normal 0 0 -1
    outer loop
      vertex 100.712 123.844 0
      vertex 94.2 124.5 0
      vertex 100.449 125.166 0
    endloop
  endfacet
  facet normal 0 0 -1
    outer loop
      vertex 93.9722 2.65 0
      vertex 99.4201 0.350006 0
      vertex 98.6715 -0.770247 0
    endloop
  endfacet
  facet normal -0 0 -1
    outer loop
      vertex 100.449 125.166 0
      vertex 94.2 124.5 0
      vertex 100.016 126.442 0
    endloop
  endfacet
  facet normal 0 0 -1
    outer loop
      vertex 93.8487 2.46511 0
      vertex 98.6715 -0.770247 0
      vertex 97.7832 -1.7832 0
    endloop
  endfacet
  facet normal 0 0 -1
    outer loop
      vertex 94.1855 124.722 0
      vertex 100.016 126.442 0
      vertex 94.2 124.5 0
    endloop
  endfacet
  facet normal 0 0 -1
    outer loop
      vertex 93.5349 2.1513 0
      vertex 97.7832 -1.7832 0
      vertex 96.7702 -2.67154 0
    endloop
  endfacet
  facet normal 0 0 -1
    outer loop
      vertex 94.1421 124.94 0
      vertex 100.016 126.442 0
      vertex 94.1855 124.722 0
    endloop
  endfacet
  facet normal 0 0 -1
    outer loop
      vertex 93.35 2.02776 0
      vertex 96.7702 -2.67154 0
      vertex 95.65 -3.42006 0
    endloop
  endfacet
  facet normal -0 0 -1
    outer loop
      vertex 100.016 126.442 0
      vertex 94.1421 124.94 0
      vertex 99.4201 127.65 0
    endloop
  endfacet
  facet normal 0 0 -1
    outer loop
      vertex 92.94 1.85793 0
      vertex 95.65 -3.42006 0
      vertex 94.4416 -4.01596 0
    endloop
  endfacet
  facet normal 0 0 -1
    outer loop
      vertex 94.0706 125.151 0
      vertex 99.4201 127.65 0
      vertex 94.1421 124.94 0
    endloop
  endfacet
  facet normal 0 0 -1
    outer loop
      vertex 93.9722 125.35 0
      vertex 99.4201 127.65 0
      vertex 94.0706 125.151 0
    endloop
  endfacet
  facet normal 0 0 -1
    outer loop
      vertex 100.016 1.55836 0
      vertex 94.1855 3.2781 0
      vertex 94.2 3.5 0
    endloop
  endfacet
  facet normal 0 0 -1
    outer loop
      vertex 100.016 1.55836 0
      vertex 94.1421 3.06001 0
      vertex 94.1855 3.2781 0
    endloop
  endfacet
  facet normal 0 0 -1
    outer loop
      vertex 99.4201 0.350006 0
      vertex 94.0706 2.84944 0
      vertex 94.1421 3.06001 0
    endloop
  endfacet
  facet normal 0 0 -1
    outer loop
      vertex 99.4201 0.350006 0
      vertex 93.9722 2.65 0
      vertex 94.0706 2.84944 0
    endloop
  endfacet
  facet normal 0 0 -1
    outer loop
      vertex 98.6715 -0.770247 0
      vertex 93.8487 2.46511 0
      vertex 93.9722 2.65 0
    endloop
  endfacet
  facet normal 0 0 -1
    outer loop
      vertex 97.7832 -1.7832 0
      vertex 93.7021 2.29792 0
      vertex 93.8487 2.46511 0
    endloop
  endfacet
  facet normal 0 0 -1
    outer loop
      vertex 97.7832 -1.7832 0
      vertex 93.5349 2.1513 0
      vertex 93.7021 2.29792 0
    endloop
  endfacet
  facet normal 0 0 -1
    outer loop
      vertex 96.7702 -2.67154 0
      vertex 93.35 2.02776 0
      vertex 93.5349 2.1513 0
    endloop
  endfacet
  facet normal 0 0 -1
    outer loop
      vertex 92.7219 1.81454 0
      vertex 94.4416 -4.01596 0
      vertex 93.1658 -4.44903 0
    endloop
  endfacet
  facet normal 0 0 -1
    outer loop
      vertex 95.65 -3.42006 0
      vertex 93.1506 1.9294 0
      vertex 93.35 2.02776 0
    endloop
  endfacet
  facet normal 0 0 -1
    outer loop
      vertex 95.65 -3.42006 0
      vertex 92.94 1.85793 0
      vertex 93.1506 1.9294 0
    endloop
  endfacet
  facet normal 0 0 -1
    outer loop
      vertex 94.4416 -4.01596 0
      vertex 92.7219 1.81454 0
      vertex 92.94 1.85793 0
    endloop
  endfacet
  facet normal 0 0 -1
    outer loop
      vertex 93.1658 -4.44903 0
      vertex 92.5 1.8 0
      vertex 92.7219 1.81454 0
    endloop
  endfacet
  facet normal 0 0 -1
    outer loop
      vertex 93.1658 -4.44903 0
      vertex 92.2781 1.81454 0
      vertex 92.5 1.8 0
    endloop
  endfacet
  facet normal 0 0 -1
    outer loop
      vertex 91.8444 -4.71188 0
      vertex 92.2781 1.81454 0
      vertex 93.1658 -4.44903 0
    endloop
  endfacet
  facet normal -0 0 -1
    outer loop
      vertex 92.2781 1.81454 0
      vertex 91.8444 -4.71188 0
      vertex 92.06 1.85793 0
    endloop
  endfacet
  facet normal 0 0 -1
    outer loop
      vertex 90.5 -4.8 0
      vertex 92.06 1.85793 0
      vertex 91.8444 -4.71188 0
    endloop
  endfacet
  facet normal -0 0 -1
    outer loop
      vertex 92.06 1.85793 0
      vertex 90.5 -4.8 0
      vertex 91.8494 1.9294 0
    endloop
  endfacet
  facet normal -0 0 -1
    outer loop
      vertex 91.8494 1.9294 0
      vertex 90.5 -4.8 0
      vertex 91.65 2.02776 0
    endloop
  endfacet
  facet normal -0 0 -1
    outer loop
      vertex 91.65 2.02776 0
      vertex 90.5 -4.8 0
      vertex 91.4651 2.1513 0
    endloop
  endfacet
  facet normal -0 0 -1
    outer loop
      vertex 91.4651 2.1513 0
      vertex 90.5 -4.8 0
      vertex 91.2979 2.29792 0
    endloop
  endfacet
  facet normal -0 0 -1
    outer loop
      vertex 91.2979 2.29792 0
      vertex 90.5 -4.8 0
      vertex 91.1513 2.46511 0
    endloop
  endfacet
  facet normal -0 0 -1
    outer loop
      vertex 91.1513 2.46511 0
      vertex 90.5 -4.8 0
      vertex 91.0278 2.65 0
    endloop
  endfacet
  facet normal -0 0 -1
    outer loop
      vertex 91.0278 2.65 0
      vertex 90.5 -4.8 0
      vertex 90.9294 2.84944 0
    endloop
  endfacet
  facet normal -0 0 -1
    outer loop
      vertex 90.9294 2.84944 0
      vertex 90.5 -4.8 0
      vertex 90.8579 3.06001 0
    endloop
  endfacet
  facet normal 0 0 -1
    outer loop
      vertex 90.8145 3.2781 0
      vertex 65.4 5.85 0
      vertex 90.8 3.5 0
    endloop
  endfacet
  facet normal 0 0 -1
    outer loop
      vertex 90.8579 3.06001 0
      vertex 65.4 5.85 0
      vertex 90.8145 3.2781 0
    endloop
  endfacet
  facet normal 0 0 -1
    outer loop
      vertex 65.4 5.85 0
      vertex 90.8579 3.06001 0
      vertex 90.5 -4.8 0
    endloop
  endfacet
  facet normal -0 0 -1
    outer loop
      vertex 99.4201 127.65 0
      vertex 93.9722 125.35 0
      vertex 98.6715 128.77 0
    endloop
  endfacet
  facet normal 0 0 -1
    outer loop
      vertex 93.8487 125.535 0
      vertex 98.6715 128.77 0
      vertex 93.9722 125.35 0
    endloop
  endfacet
  facet normal -0 0 -1
    outer loop
      vertex 98.6715 128.77 0
      vertex 93.8487 125.535 0
      vertex 97.7832 129.783 0
    endloop
  endfacet
  facet normal 0 0 -1
    outer loop
      vertex 93.7021 125.702 0
      vertex 97.7832 129.783 0
      vertex 93.8487 125.535 0
    endloop
  endfacet
  facet normal 0 0 -1
    outer loop
      vertex 93.5349 125.849 0
      vertex 97.7832 129.783 0
      vertex 93.7021 125.702 0
    endloop
  endfacet
  facet normal -0 0 -1
    outer loop
      vertex 97.7832 129.783 0
      vertex 93.5349 125.849 0
      vertex 96.7702 130.672 0
    endloop
  endfacet
  facet normal 0 0 -1
    outer loop
      vertex 93.35 125.972 0
      vertex 96.7702 130.672 0
      vertex 93.5349 125.849 0
    endloop
  endfacet
  facet normal -0 0 -1
    outer loop
      vertex 96.7702 130.672 0
      vertex 93.35 125.972 0
      vertex 95.65 131.42 0
    endloop
  endfacet
  facet normal 0 0 -1
    outer loop
      vertex 93.1506 126.071 0
      vertex 95.65 131.42 0
      vertex 93.35 125.972 0
    endloop
  endfacet
  facet normal 0 0 -1
    outer loop
      vertex 92.94 126.142 0
      vertex 95.65 131.42 0
      vertex 93.1506 126.071 0
    endloop
  endfacet
  facet normal -0 0 -1
    outer loop
      vertex 95.65 131.42 0
      vertex 92.94 126.142 0
      vertex 94.4416 132.016 0
    endloop
  endfacet
  facet normal 0 0 -1
    outer loop
      vertex 92.7219 126.185 0
      vertex 94.4416 132.016 0
      vertex 92.94 126.142 0
    endloop
  endfacet
  facet normal -0 0 -1
    outer loop
      vertex 94.4416 132.016 0
      vertex 92.7219 126.185 0
      vertex 93.1658 132.449 0
    endloop
  endfacet
  facet normal 0 0 -1
    outer loop
      vertex 92.5 126.2 0
      vertex 93.1658 132.449 0
      vertex 92.7219 126.185 0
    endloop
  endfacet
  facet normal 0 0 -1
    outer loop
      vertex 92.2781 126.185 0
      vertex 93.1658 132.449 0
      vertex 92.5 126.2 0
    endloop
  endfacet
  facet normal 0 0 -1
    outer loop
      vertex 91.8444 132.712 0
      vertex 92.2781 126.185 0
      vertex 92.06 126.142 0
    endloop
  endfacet
  facet normal 0 0 -1
    outer loop
      vertex 90.5 132.8 0
      vertex 92.06 126.142 0
      vertex 91.8494 126.071 0
    endloop
  endfacet
  facet normal 0 0 -1
    outer loop
      vertex 92.2781 126.185 0
      vertex 91.8444 132.712 0
      vertex 93.1658 132.449 0
    endloop
  endfacet
  facet normal 0 0 -1
    outer loop
      vertex 90.5 132.8 0
      vertex 91.8494 126.071 0
      vertex 91.65 125.972 0
    endloop
  endfacet
  facet normal 0 0 -1
    outer loop
      vertex 90.5 132.8 0
      vertex 91.65 125.972 0
      vertex 91.4651 125.849 0
    endloop
  endfacet
  facet normal 0 0 -1
    outer loop
      vertex 90.5 132.8 0
      vertex 91.4651 125.849 0
      vertex 91.2979 125.702 0
    endloop
  endfacet
  facet normal 0 0 -1
    outer loop
      vertex 90.5 132.8 0
      vertex 91.2979 125.702 0
      vertex 91.1513 125.535 0
    endloop
  endfacet
  facet normal 0 0 -1
    outer loop
      vertex 90.5 132.8 0
      vertex 91.1513 125.535 0
      vertex 91.0278 125.35 0
    endloop
  endfacet
  facet normal 0 0 -1
    outer loop
      vertex 90.5 132.8 0
      vertex 91.0278 125.35 0
      vertex 90.9294 125.151 0
    endloop
  endfacet
  facet normal 0 0 -1
    outer loop
      vertex 90.5 132.8 0
      vertex 90.9294 125.151 0
      vertex 90.8579 124.94 0
    endloop
  endfacet
  facet normal 0 0 -1
    outer loop
      vertex 90.5 132.8 0
      vertex 90.8579 124.94 0
      vertex 90.8145 124.722 0
    endloop
  endfacet
  facet normal 0 0 -1
    outer loop
      vertex 92.06 126.142 0
      vertex 90.5 132.8 0
      vertex 91.8444 132.712 0
    endloop
  endfacet
  facet normal 0 0 -1
    outer loop
      vertex 90.8 124.5 0
      vertex 90.5 132.8 0
      vertex 90.8145 124.722 0
    endloop
  endfacet
  facet normal -0 0 -1
    outer loop
      vertex 92.5 122.8 0
      vertex 84.8158 48.1965 0
      vertex 92.2781 122.815 0
    endloop
  endfacet
  facet normal 0 0 -1
    outer loop
      vertex 84 48.25 0
      vertex 92.2781 122.815 0
      vertex 84.8158 48.1965 0
    endloop
  endfacet
  facet normal 0 0 -1
    outer loop
      vertex 94.1421 3.93999 0
      vertex 90.1965 41.1842 0
      vertex 90.25 42 0
    endloop
  endfacet
  facet normal 0 0 -1
    outer loop
      vertex 94.0706 4.15056 0
      vertex 90.037 40.3824 0
      vertex 90.1965 41.1842 0
    endloop
  endfacet
  facet normal 0 0 -1
    outer loop
      vertex 93.9722 4.35 0
      vertex 89.7742 39.6082 0
      vertex 90.037 40.3824 0
    endloop
  endfacet
  facet normal 0 0 -1
    outer loop
      vertex 93.8487 4.53489 0
      vertex 89.4127 38.875 0
      vertex 89.7742 39.6082 0
    endloop
  endfacet
  facet normal 0 0 -1
    outer loop
      vertex 93.5349 4.8487 0
      vertex 88.9585 38.1952 0
      vertex 89.4127 38.875 0
    endloop
  endfacet
  facet normal 0 0 -1
    outer loop
      vertex 93.35 4.97224 0
      vertex 88.4194 37.5806 0
      vertex 88.9585 38.1952 0
    endloop
  endfacet
  facet normal 0 0 -1
    outer loop
      vertex 93.1506 5.07059 0
      vertex 87.8048 37.0415 0
      vertex 88.4194 37.5806 0
    endloop
  endfacet
  facet normal 0 0 -1
    outer loop
      vertex 92.94 5.14207 0
      vertex 87.125 36.5873 0
      vertex 87.8048 37.0415 0
    endloop
  endfacet
  facet normal 0 0 -1
    outer loop
      vertex 92.7219 5.18546 0
      vertex 86.3918 36.2258 0
      vertex 87.125 36.5873 0
    endloop
  endfacet
  facet normal 0 0 -1
    outer loop
      vertex 92.2781 5.18546 0
      vertex 85.6176 35.963 0
      vertex 86.3918 36.2258 0
    endloop
  endfacet
  facet normal 0 0 -1
    outer loop
      vertex 92.06 5.14207 0
      vertex 84.8158 35.8035 0
      vertex 85.6176 35.963 0
    endloop
  endfacet
  facet normal 0 0 -1
    outer loop
      vertex 91.8494 5.07059 0
      vertex 84 35.75 0
      vertex 84.8158 35.8035 0
    endloop
  endfacet
  facet normal 0 0 -1
    outer loop
      vertex 90.9294 4.15056 0
      vertex 65.4 10.55 0
      vertex 91.0278 4.35 0
    endloop
  endfacet
  facet normal 0 0 -1
    outer loop
      vertex 91.65 4.97224 0
      vertex 83.1842 35.8035 0
      vertex 84 35.75 0
    endloop
  endfacet
  facet normal 0 0 -1
    outer loop
      vertex 65.4 12.25 0
      vertex 91.0278 4.35 0
      vertex 65.4 10.55 0
    endloop
  endfacet
  facet normal 0 0 -1
    outer loop
      vertex 65.4 13.75 0
      vertex 91.1513 4.53489 0
      vertex 65.4 12.25 0
    endloop
  endfacet
  facet normal 0 0 -1
    outer loop
      vertex 65.4 18.65 0
      vertex 91.4651 4.8487 0
      vertex 65.4 16.95 0
    endloop
  endfacet
  facet normal 0 0 -1
    outer loop
      vertex 91.4651 4.8487 0
      vertex 65.4 18.65 0
      vertex 83.1842 35.8035 0
    endloop
  endfacet
  facet normal 0 -0 -1
    outer loop
      vertex 67.54 33.3369 0
      vertex 81.6082 36.2258 0
      vertex 67.4107 33.1893 0
    endloop
  endfacet
  facet normal -0 0 -1
    outer loop
      vertex 81.6082 36.2258 0
      vertex 67.54 33.3369 0
      vertex 80.875 36.5873 0
    endloop
  endfacet
  facet normal -0 0 -1
    outer loop
      vertex 80.875 36.5873 0
      vertex 67.649 33.5 0
      vertex 80.1952 37.0415 0
    endloop
  endfacet
  facet normal 0 -0 -1
    outer loop
      vertex 67.7358 33.676 0
      vertex 80.1952 37.0415 0
      vertex 67.649 33.5 0
    endloop
  endfacet
  facet normal -0 0 -1
    outer loop
      vertex 77.8035 41.1842 0
      vertex 67.85 34.25 0
      vertex 77.75 42 0
    endloop
  endfacet
  facet normal -0 0 -1
    outer loop
      vertex 77.963 40.3824 0
      vertex 67.85 34.25 0
      vertex 77.8035 41.1842 0
    endloop
  endfacet
  facet normal 0 -0 -1
    outer loop
      vertex 67.8372 34.0542 0
      vertex 79.5806 37.5806 0
      vertex 67.7989 33.8618 0
    endloop
  endfacet
  facet normal -0 0 -1
    outer loop
      vertex 78.2258 39.6082 0
      vertex 67.85 34.25 0
      vertex 77.963 40.3824 0
    endloop
  endfacet
  facet normal -0 0 -1
    outer loop
      vertex 78.5873 38.875 0
      vertex 67.85 34.25 0
      vertex 78.2258 39.6082 0
    endloop
  endfacet
  facet normal -0 0 -1
    outer loop
      vertex 79.0415 38.1952 0
      vertex 67.85 34.25 0
      vertex 78.5873 38.875 0
    endloop
  endfacet
  facet normal 0 -0 -1
    outer loop
      vertex 67.85 34.25 0
      vertex 79.0415 38.1952 0
      vertex 67.8372 34.0542 0
    endloop
  endfacet
  facet normal -0 0 -1
    outer loop
      vertex 79.5806 37.5806 0
      vertex 67.8372 34.0542 0
      vertex 79.0415 38.1952 0
    endloop
  endfacet
  facet normal 0 -0 -1
    outer loop
      vertex 67.7989 33.8618 0
      vertex 80.1952 37.0415 0
      vertex 67.7358 33.676 0
    endloop
  endfacet
  facet normal -0 0 -1
    outer loop
      vertex 80.1952 37.0415 0
      vertex 67.7989 33.8618 0
      vertex 79.5806 37.5806 0
    endloop
  endfacet
  facet normal 0 -0 -1
    outer loop
      vertex 67.649 33.5 0
      vertex 80.875 36.5873 0
      vertex 67.54 33.3369 0
    endloop
  endfacet
  facet normal 0 0 -1
    outer loop
      vertex 91.1513 4.53489 0
      vertex 65.4 13.75 0
      vertex 91.2979 4.70208 0
    endloop
  endfacet
  facet normal 0 0 -1
    outer loop
      vertex 65.4 15.45 0
      vertex 91.2979 4.70208 0
      vertex 65.4 13.75 0
    endloop
  endfacet
  facet normal 0 0 -1
    outer loop
      vertex 65.4 16.95 0
      vertex 91.2979 4.70208 0
      vertex 65.4 15.45 0
    endloop
  endfacet
  facet normal 0 0 -1
    outer loop
      vertex 91.2979 4.70208 0
      vertex 65.4 16.95 0
      vertex 91.4651 4.8487 0
    endloop
  endfacet
  facet normal 0 0 -1
    outer loop
      vertex 65.4 20.15 0
      vertex 83.1842 35.8035 0
      vertex 65.4 18.65 0
    endloop
  endfacet
  facet normal 0 0 -1
    outer loop
      vertex 5.5 -4.8 0
      vertex 65.4 5.85 0
      vertex 90.5 -4.8 0
    endloop
  endfacet
  facet normal 0 0 -1
    outer loop
      vertex 5.2 3.5 0
      vertex 29.4 5.85 0
      vertex 5.5 -4.8 0
    endloop
  endfacet
  facet normal 0 0 -1
    outer loop
      vertex 5.18546 3.72189 0
      vertex 29.4 5.85 0
      vertex 5.2 3.5 0
    endloop
  endfacet
  facet normal 0 0 -1
    outer loop
      vertex 5.14207 3.93999 0
      vertex 29.4 5.85 0
      vertex 5.18546 3.72189 0
    endloop
  endfacet
  facet normal -0 0 -1
    outer loop
      vertex 29.4 5.85 0
      vertex 5.14207 3.93999 0
      vertex 29.4 7.35 0
    endloop
  endfacet
  facet normal 0 0 -1
    outer loop
      vertex 5.07059 4.15056 0
      vertex 29.4 7.35 0
      vertex 5.14207 3.93999 0
    endloop
  endfacet
  facet normal -0 0 -1
    outer loop
      vertex 29.4 7.35 0
      vertex 5.07059 4.15056 0
      vertex 29.4 9.05 0
    endloop
  endfacet
  facet normal -0 0 -1
    outer loop
      vertex 29.4 9.05 0
      vertex 5.07059 4.15056 0
      vertex 29.4 10.55 0
    endloop
  endfacet
  facet normal 0 0 -1
    outer loop
      vertex 4.97224 4.35 0
      vertex 29.4 10.55 0
      vertex 5.07059 4.15056 0
    endloop
  endfacet
  facet normal 0 0 -1
    outer loop
      vertex 29.4 16.95 0
      vertex 7.85 32.75 0
      vertex 29.4 18.65 0
    endloop
  endfacet
  facet normal 0 0 -1
    outer loop
      vertex 29.4 20.15 0
      vertex 7.85 32.75 0
      vertex 29.4 21.85 0
    endloop
  endfacet
  facet normal 0 0 -1
    outer loop
      vertex 29.4 21.85 0
      vertex 7.85 32.75 0
      vertex 29.4 23.35 0
    endloop
  endfacet
  facet normal 0 0 -1
    outer loop
      vertex 29.4 18.65 0
      vertex 7.85 32.75 0
      vertex 29.4 20.15 0
    endloop
  endfacet
  facet normal -0 0 -1
    outer loop
      vertex 29.4 10.55 0
      vertex 4.97224 4.35 0
      vertex 29.4 12.25 0
    endloop
  endfacet
  facet normal 0 0 -1
    outer loop
      vertex 4.8487 4.53489 0
      vertex 29.4 12.25 0
      vertex 4.97224 4.35 0
    endloop
  endfacet
  facet normal -0 0 -1
    outer loop
      vertex 29.4 12.25 0
      vertex 4.8487 4.53489 0
      vertex 29.4 13.75 0
    endloop
  endfacet
  facet normal 0 0 -1
    outer loop
      vertex 4.70208 4.70208 0
      vertex 29.4 13.75 0
      vertex 4.8487 4.53489 0
    endloop
  endfacet
  facet normal -0 0 -1
    outer loop
      vertex 29.4 13.75 0
      vertex 4.70208 4.70208 0
      vertex 29.4 15.45 0
    endloop
  endfacet
  facet normal 0 0 -1
    outer loop
      vertex 4.53489 4.8487 0
      vertex 29.4 15.45 0
      vertex 4.70208 4.70208 0
    endloop
  endfacet
  facet normal 0 0 -1
    outer loop
      vertex 3.72189 5.18546 0
      vertex 7.65421 32.7628 0
      vertex 3.93999 5.14207 0
    endloop
  endfacet
  facet normal -0 0 -1
    outer loop
      vertex 7.85 32.75 0
      vertex 3.93999 5.14207 0
      vertex 7.65421 32.7628 0
    endloop
  endfacet
  facet normal 0 0 -1
    outer loop
      vertex 3.93999 5.14207 0
      vertex 7.85 32.75 0
      vertex 4.15056 5.07059 0
    endloop
  endfacet
  facet normal 0 0 -1
    outer loop
      vertex 4.15056 5.07059 0
      vertex 7.85 32.75 0
      vertex 4.35 4.97224 0
    endloop
  endfacet
  facet normal 0 0 -1
    outer loop
      vertex 4.35 4.97224 0
      vertex 7.85 32.75 0
      vertex 4.53489 4.8487 0
    endloop
  endfacet
  facet normal -0 0 -1
    outer loop
      vertex 29.4 16.95 0
      vertex 4.53489 4.8487 0
      vertex 7.85 32.75 0
    endloop
  endfacet
  facet normal -0 0 -1
    outer loop
      vertex 29.4 15.45 0
      vertex 4.53489 4.8487 0
      vertex 29.4 16.95 0
    endloop
  endfacet
  facet normal -0 0 -1
    outer loop
      vertex 65.4 5.85 0
      vertex 5.5 -4.8 0
      vertex 29.4 5.85 0
    endloop
  endfacet
  facet normal 0.980784 -0.195098 0
    outer loop
      vertex 60.557 107.635 3.2
      vertex 60.8888 109.303 2
      vertex 60.8888 109.303 3.2
    endloop
  endfacet
  facet normal 0.980784 -0.195098 0
    outer loop
      vertex 60.8888 109.303 2
      vertex 60.557 107.635 3.2
      vertex 60.557 107.635 2
    endloop
  endfacet
  facet normal 0.195121 -0.980779 0
    outer loop
      vertex 49.6968 98.1112 2
      vertex 51.3646 98.443 3.2
      vertex 49.6968 98.1112 3.2
    endloop
  endfacet
  facet normal 0.195121 -0.980779 0
    outer loop
      vertex 51.3646 98.443 3.2
      vertex 49.6968 98.1112 2
      vertex 51.3646 98.443 2
    endloop
  endfacet
  facet normal 0.980784 0.195098 0
    outer loop
      vertex 60.8888 112.697 3.2
      vertex 60.557 114.365 2
      vertex 60.557 114.365 3.2
    endloop
  endfacet
  facet normal 0.980784 0.195098 0
    outer loop
      vertex 60.557 114.365 2
      vertex 60.8888 112.697 3.2
      vertex 60.8888 112.697 2
    endloop
  endfacet
  facet normal 0.99786 0.0653872 0
    outer loop
      vertex 61 111 3.2
      vertex 60.8888 112.697 2
      vertex 60.8888 112.697 3.2
    endloop
  endfacet
  facet normal 0.99786 0.0653872 0
    outer loop
      vertex 60.8888 112.697 2
      vertex 61 111 3.2
      vertex 61 111 2
    endloop
  endfacet
  facet normal -0.555392 -0.831589 0
    outer loop
      vertex 40.0861 100.686 2
      vertex 41.5 99.7417 3.2
      vertex 40.0861 100.686 3.2
    endloop
  endfacet
  facet normal -0.555392 -0.831589 -0
    outer loop
      vertex 41.5 99.7417 3.2
      vertex 40.0861 100.686 2
      vertex 41.5 99.7417 2
    endloop
  endfacet
  facet normal -0.89686 0.442314 0
    outer loop
      vertex 35.9896 115.975 2
      vertex 36.7417 117.5 3.2
      vertex 36.7417 117.5 2
    endloop
  endfacet
  facet normal -0.89686 0.442314 0
    outer loop
      vertex 36.7417 117.5 3.2
      vertex 35.9896 115.975 2
      vertex 35.9896 115.975 3.2
    endloop
  endfacet
  facet normal -0.751716 -0.659487 0
    outer loop
      vertex 38.8076 101.808 2
      vertex 37.6864 103.086 3.2
      vertex 37.6864 103.086 2
    endloop
  endfacet
  facet normal -0.751716 -0.659487 0
    outer loop
      vertex 37.6864 103.086 3.2
      vertex 38.8076 101.808 2
      vertex 38.8076 101.808 3.2
    endloop
  endfacet
  facet normal -0.321427 -0.946934 0
    outer loop
      vertex 43.0251 98.9896 2
      vertex 44.6354 98.443 3.2
      vertex 43.0251 98.9896 3.2
    endloop
  endfacet
  facet normal -0.321427 -0.946934 -0
    outer loop
      vertex 44.6354 98.443 3.2
      vertex 43.0251 98.9896 2
      vertex 44.6354 98.443 2
    endloop
  endfacet
  facet normal -0.751716 0.659487 0
    outer loop
      vertex 37.6864 118.914 2
      vertex 38.8076 120.192 3.2
      vertex 38.8076 120.192 2
    endloop
  endfacet
  facet normal -0.751716 0.659487 0
    outer loop
      vertex 38.8076 120.192 3.2
      vertex 37.6864 118.914 2
      vertex 37.6864 118.914 3.2
    endloop
  endfacet
  facet normal -0.55527 0.83167 0
    outer loop
      vertex 41.5 122.258 2
      vertex 40.0861 121.314 3.2
      vertex 41.5 122.258 3.2
    endloop
  endfacet
  facet normal -0.55527 0.83167 0
    outer loop
      vertex 40.0861 121.314 3.2
      vertex 41.5 122.258 2
      vertex 40.0861 121.314 2
    endloop
  endfacet
  facet normal 0.751716 -0.659487 0
    outer loop
      vertex 57.1924 101.808 3.2
      vertex 58.3136 103.086 2
      vertex 58.3136 103.086 3.2
    endloop
  endfacet
  facet normal 0.751716 -0.659487 0
    outer loop
      vertex 58.3136 103.086 2
      vertex 57.1924 101.808 3.2
      vertex 57.1924 101.808 2
    endloop
  endfacet
  facet normal -0.89686 -0.442314 0
    outer loop
      vertex 36.7417 104.5 2
      vertex 35.9896 106.025 3.2
      vertex 35.9896 106.025 2
    endloop
  endfacet
  facet normal -0.89686 -0.442314 0
    outer loop
      vertex 35.9896 106.025 3.2
      vertex 36.7417 104.5 2
      vertex 36.7417 104.5 3.2
    endloop
  endfacet
  facet normal -0.659607 0.751611 0
    outer loop
      vertex 40.0861 121.314 2
      vertex 38.8076 120.192 3.2
      vertex 40.0861 121.314 3.2
    endloop
  endfacet
  facet normal -0.659607 0.751611 0
    outer loop
      vertex 38.8076 120.192 3.2
      vertex 40.0861 121.314 2
      vertex 38.8076 120.192 2
    endloop
  endfacet
  facet normal 0.442437 0.8968 -0
    outer loop
      vertex 54.5 122.258 2
      vertex 52.996 123 3.2
      vertex 54.5 122.258 3.2
    endloop
  endfacet
  facet normal 0.442437 0.8968 0
    outer loop
      vertex 52.996 123 3.2
      vertex 54.5 122.258 2
      vertex 52.996 123 2
    endloop
  endfacet
  facet normal 0.946916 -0.321481 0
    outer loop
      vertex 60.0104 106.025 3.2
      vertex 60.557 107.635 2
      vertex 60.557 107.635 3.2
    endloop
  endfacet
  facet normal 0.946916 -0.321481 0
    outer loop
      vertex 60.557 107.635 2
      vertex 60.0104 106.025 3.2
      vertex 60.0104 106.025 2
    endloop
  endfacet
  facet normal 0.659607 0.751611 -0
    outer loop
      vertex 57.1924 120.192 2
      vertex 55.9139 121.314 3.2
      vertex 57.1924 120.192 3.2
    endloop
  endfacet
  facet normal 0.659607 0.751611 0
    outer loop
      vertex 55.9139 121.314 3.2
      vertex 57.1924 120.192 2
      vertex 55.9139 121.314 2
    endloop
  endfacet
  facet normal 0.659607 -0.751611 0
    outer loop
      vertex 55.9139 100.686 2
      vertex 57.1924 101.808 3.2
      vertex 55.9139 100.686 3.2
    endloop
  endfacet
  facet normal 0.659607 -0.751611 0
    outer loop
      vertex 57.1924 101.808 3.2
      vertex 55.9139 100.686 2
      vertex 57.1924 101.808 2
    endloop
  endfacet
  facet normal 0.0653948 -0.997859 0
    outer loop
      vertex 48 98 2
      vertex 49.6968 98.1112 3.2
      vertex 48 98 3.2
    endloop
  endfacet
  facet normal 0.0653948 -0.997859 0
    outer loop
      vertex 49.6968 98.1112 3.2
      vertex 48 98 2
      vertex 49.6968 98.1112 2
    endloop
  endfacet
  facet normal 0.831498 -0.555528 0
    outer loop
      vertex 58.3136 103.086 3.2
      vertex 59.2583 104.5 2
      vertex 59.2583 104.5 3.2
    endloop
  endfacet
  facet normal 0.831498 -0.555528 0
    outer loop
      vertex 59.2583 104.5 2
      vertex 58.3136 103.086 3.2
      vertex 58.3136 103.086 2
    endloop
  endfacet
  facet normal -0.946916 0.321481 0
    outer loop
      vertex 35.443 114.365 2
      vertex 35.9896 115.975 3.2
      vertex 35.9896 115.975 2
    endloop
  endfacet
  facet normal -0.946916 0.321481 0
    outer loop
      vertex 35.9896 115.975 3.2
      vertex 35.443 114.365 2
      vertex 35.443 114.365 3.2
    endloop
  endfacet
  facet normal -0.980784 -0.195098 0
    outer loop
      vertex 35.443 107.635 2
      vertex 35.1112 109.303 3.2
      vertex 35.1112 109.303 2
    endloop
  endfacet
  facet normal -0.980784 -0.195098 0
    outer loop
      vertex 35.1112 109.303 3.2
      vertex 35.443 107.635 2
      vertex 35.443 107.635 3.2
    endloop
  endfacet
  facet normal -0.980784 0.195098 0
    outer loop
      vertex 35.1112 112.697 2
      vertex 35.443 114.365 3.2
      vertex 35.443 114.365 2
    endloop
  endfacet
  facet normal -0.980784 0.195098 0
    outer loop
      vertex 35.443 114.365 3.2
      vertex 35.1112 112.697 2
      vertex 35.1112 112.697 3.2
    endloop
  endfacet
  facet normal 0.751716 0.659487 0
    outer loop
      vertex 58.3136 118.914 3.2
      vertex 57.1924 120.192 2
      vertex 57.1924 120.192 3.2
    endloop
  endfacet
  facet normal 0.751716 0.659487 0
    outer loop
      vertex 57.1924 120.192 2
      vertex 58.3136 118.914 3.2
      vertex 58.3136 118.914 2
    endloop
  endfacet
  facet normal -0.946916 -0.321481 0
    outer loop
      vertex 35.9896 106.025 2
      vertex 35.443 107.635 3.2
      vertex 35.443 107.635 2
    endloop
  endfacet
  facet normal -0.946916 -0.321481 0
    outer loop
      vertex 35.443 107.635 3.2
      vertex 35.9896 106.025 2
      vertex 35.9896 106.025 3.2
    endloop
  endfacet
  facet normal 0.831498 0.555528 0
    outer loop
      vertex 59.2583 117.5 3.2
      vertex 58.3136 118.914 2
      vertex 58.3136 118.914 3.2
    endloop
  endfacet
  facet normal 0.831498 0.555528 0
    outer loop
      vertex 58.3136 118.914 2
      vertex 59.2583 117.5 3.2
      vertex 59.2583 117.5 2
    endloop
  endfacet
  facet normal 0.99786 -0.0653872 0
    outer loop
      vertex 60.8888 109.303 3.2
      vertex 61 111 2
      vertex 61 111 3.2
    endloop
  endfacet
  facet normal 0.99786 -0.0653872 0
    outer loop
      vertex 61 111 2
      vertex 60.8888 109.303 3.2
      vertex 60.8888 109.303 2
    endloop
  endfacet
  facet normal -0.99786 0.0653872 0
    outer loop
      vertex 35 111 2
      vertex 35.1112 112.697 3.2
      vertex 35.1112 112.697 2
    endloop
  endfacet
  facet normal -0.99786 0.0653872 0
    outer loop
      vertex 35.1112 112.697 3.2
      vertex 35 111 2
      vertex 35 111 3.2
    endloop
  endfacet
  facet normal 0.55527 0.83167 -0
    outer loop
      vertex 55.9139 121.314 2
      vertex 54.5 122.258 3.2
      vertex 55.9139 121.314 3.2
    endloop
  endfacet
  facet normal 0.55527 0.83167 0
    outer loop
      vertex 54.5 122.258 3.2
      vertex 55.9139 121.314 2
      vertex 54.5 122.258 2
    endloop
  endfacet
  facet normal 0.442291 -0.896872 0
    outer loop
      vertex 52.9749 98.9896 2
      vertex 54.5 99.7417 3.2
      vertex 52.9749 98.9896 3.2
    endloop
  endfacet
  facet normal 0.442291 -0.896872 0
    outer loop
      vertex 54.5 99.7417 3.2
      vertex 52.9749 98.9896 2
      vertex 54.5 99.7417 2
    endloop
  endfacet
  facet normal 0.89686 -0.442314 0
    outer loop
      vertex 59.2583 104.5 3.2
      vertex 60.0104 106.025 2
      vertex 60.0104 106.025 3.2
    endloop
  endfacet
  facet normal 0.89686 -0.442314 0
    outer loop
      vertex 60.0104 106.025 2
      vertex 59.2583 104.5 3.2
      vertex 59.2583 104.5 2
    endloop
  endfacet
  facet normal -0.442437 0.8968 0
    outer loop
      vertex 43.004 123 2
      vertex 41.5 122.258 3.2
      vertex 43.004 123 3.2
    endloop
  endfacet
  facet normal -0.442437 0.8968 0
    outer loop
      vertex 41.5 122.258 3.2
      vertex 43.004 123 2
      vertex 41.5 122.258 2
    endloop
  endfacet
  facet normal -0.831498 -0.555528 0
    outer loop
      vertex 37.6864 103.086 2
      vertex 36.7417 104.5 3.2
      vertex 36.7417 104.5 2
    endloop
  endfacet
  facet normal -0.831498 -0.555528 0
    outer loop
      vertex 36.7417 104.5 3.2
      vertex 37.6864 103.086 2
      vertex 37.6864 103.086 3.2
    endloop
  endfacet
  facet normal 0.555392 -0.831589 0
    outer loop
      vertex 54.5 99.7417 2
      vertex 55.9139 100.686 3.2
      vertex 54.5 99.7417 3.2
    endloop
  endfacet
  facet normal 0.555392 -0.831589 0
    outer loop
      vertex 55.9139 100.686 3.2
      vertex 54.5 99.7417 2
      vertex 55.9139 100.686 2
    endloop
  endfacet
  facet normal -0.99786 -0.0653872 0
    outer loop
      vertex 35.1112 109.303 2
      vertex 35 111 3.2
      vertex 35 111 2
    endloop
  endfacet
  facet normal -0.99786 -0.0653872 0
    outer loop
      vertex 35 111 3.2
      vertex 35.1112 109.303 2
      vertex 35.1112 109.303 3.2
    endloop
  endfacet
  facet normal 0.89686 0.442314 0
    outer loop
      vertex 60.0104 115.975 3.2
      vertex 59.2583 117.5 2
      vertex 59.2583 117.5 3.2
    endloop
  endfacet
  facet normal 0.89686 0.442314 0
    outer loop
      vertex 59.2583 117.5 2
      vertex 60.0104 115.975 3.2
      vertex 60.0104 115.975 2
    endloop
  endfacet
  facet normal -0.195121 -0.980779 0
    outer loop
      vertex 44.6354 98.443 2
      vertex 46.3032 98.1112 3.2
      vertex 44.6354 98.443 3.2
    endloop
  endfacet
  facet normal -0.195121 -0.980779 -0
    outer loop
      vertex 46.3032 98.1112 3.2
      vertex 44.6354 98.443 2
      vertex 46.3032 98.1112 2
    endloop
  endfacet
  facet normal 0.946916 0.321481 0
    outer loop
      vertex 60.557 114.365 3.2
      vertex 60.0104 115.975 2
      vertex 60.0104 115.975 3.2
    endloop
  endfacet
  facet normal 0.946916 0.321481 0
    outer loop
      vertex 60.0104 115.975 2
      vertex 60.557 114.365 3.2
      vertex 60.557 114.365 2
    endloop
  endfacet
  facet normal 0.321427 -0.946934 0
    outer loop
      vertex 51.3646 98.443 2
      vertex 52.9749 98.9896 3.2
      vertex 51.3646 98.443 3.2
    endloop
  endfacet
  facet normal 0.321427 -0.946934 0
    outer loop
      vertex 52.9749 98.9896 3.2
      vertex 51.3646 98.443 2
      vertex 52.9749 98.9896 2
    endloop
  endfacet
  facet normal -0.659607 -0.751611 0
    outer loop
      vertex 38.8076 101.808 2
      vertex 40.0861 100.686 3.2
      vertex 38.8076 101.808 3.2
    endloop
  endfacet
  facet normal -0.659607 -0.751611 -0
    outer loop
      vertex 40.0861 100.686 3.2
      vertex 38.8076 101.808 2
      vertex 40.0861 100.686 2
    endloop
  endfacet
  facet normal -0.831498 0.555528 0
    outer loop
      vertex 36.7417 117.5 2
      vertex 37.6864 118.914 3.2
      vertex 37.6864 118.914 2
    endloop
  endfacet
  facet normal -0.831498 0.555528 0
    outer loop
      vertex 37.6864 118.914 3.2
      vertex 36.7417 117.5 2
      vertex 36.7417 117.5 3.2
    endloop
  endfacet
  facet normal -0.0653948 -0.997859 0
    outer loop
      vertex 46.3032 98.1112 2
      vertex 48 98 3.2
      vertex 46.3032 98.1112 3.2
    endloop
  endfacet
  facet normal -0.0653948 -0.997859 -0
    outer loop
      vertex 48 98 3.2
      vertex 46.3032 98.1112 2
      vertex 48 98 2
    endloop
  endfacet
  facet normal -0.442291 -0.896872 0
    outer loop
      vertex 41.5 99.7417 2
      vertex 43.0251 98.9896 3.2
      vertex 41.5 99.7417 3.2
    endloop
  endfacet
  facet normal -0.442291 -0.896872 -0
    outer loop
      vertex 43.0251 98.9896 3.2
      vertex 41.5 99.7417 2
      vertex 43.0251 98.9896 2
    endloop
  endfacet
  facet normal -0 0 1
    outer loop
      vertex 56.4898 111.004 3.2
      vertex 61 111 3.2
      vertex 60.8888 112.697 3.2
    endloop
  endfacet
  facet normal 0 0 1
    outer loop
      vertex 56.4174 112.108 3.2
      vertex 60.8888 112.697 3.2
      vertex 60.557 114.365 3.2
    endloop
  endfacet
  facet normal 0 0 1
    outer loop
      vertex 61 111 3.2
      vertex 56.4898 111.004 3.2
      vertex 56.4901 111 3.2
    endloop
  endfacet
  facet normal 0 0 1
    outer loop
      vertex 56.2008 113.197 3.2
      vertex 60.557 114.365 3.2
      vertex 60.0104 115.975 3.2
    endloop
  endfacet
  facet normal 0 0 1
    outer loop
      vertex 56.4898 110.996 3.2
      vertex 61 111 3.2
      vertex 56.4901 111 3.2
    endloop
  endfacet
  facet normal 0 0 1
    outer loop
      vertex 55.8438 114.249 3.2
      vertex 60.0104 115.975 3.2
      vertex 59.2583 117.5 3.2
    endloop
  endfacet
  facet normal 0 0 1
    outer loop
      vertex 61 111 3.2
      vertex 56.4898 110.996 3.2
      vertex 60.8888 109.303 3.2
    endloop
  endfacet
  facet normal 0 0 1
    outer loop
      vertex 55.3503 115.249 3.2
      vertex 59.2583 117.5 3.2
      vertex 58.3136 118.914 3.2
    endloop
  endfacet
  facet normal -0 0 1
    outer loop
      vertex 56.4174 109.892 3.2
      vertex 60.8888 109.303 3.2
      vertex 56.4898 110.996 3.2
    endloop
  endfacet
  facet normal 0 0 1
    outer loop
      vertex 54.7356 116.168 3.2
      vertex 58.3136 118.914 3.2
      vertex 57.1924 120.192 3.2
    endloop
  endfacet
  facet normal 0 0 1
    outer loop
      vertex 60.8888 109.303 3.2
      vertex 56.4174 109.892 3.2
      vertex 60.557 107.635 3.2
    endloop
  endfacet
  facet normal -0 0 1
    outer loop
      vertex 56.2008 108.803 3.2
      vertex 60.557 107.635 3.2
      vertex 56.2016 108.807 3.2
    endloop
  endfacet
  facet normal -0 0 1
    outer loop
      vertex 56.2016 108.807 3.2
      vertex 60.557 107.635 3.2
      vertex 56.4174 109.892 3.2
    endloop
  endfacet
  facet normal 0 0 1
    outer loop
      vertex 60.8888 112.697 3.2
      vertex 56.4174 112.108 3.2
      vertex 56.4898 111.004 3.2
    endloop
  endfacet
  facet normal 0 0 1
    outer loop
      vertex 60.557 114.365 3.2
      vertex 56.2016 113.193 3.2
      vertex 56.4174 112.108 3.2
    endloop
  endfacet
  facet normal 0 0 1
    outer loop
      vertex 60.557 114.365 3.2
      vertex 56.2008 113.197 3.2
      vertex 56.2016 113.193 3.2
    endloop
  endfacet
  facet normal 0 0 1
    outer loop
      vertex 54.0002 117.006 3.2
      vertex 57.1924 120.192 3.2
      vertex 55.9139 121.314 3.2
    endloop
  endfacet
  facet normal 0 0 1
    outer loop
      vertex 60.0104 115.975 3.2
      vertex 55.8451 114.245 3.2
      vertex 56.2008 113.197 3.2
    endloop
  endfacet
  facet normal 0 0 1
    outer loop
      vertex 60.0104 115.975 3.2
      vertex 55.8438 114.249 3.2
      vertex 55.8451 114.245 3.2
    endloop
  endfacet
  facet normal 0 0 1
    outer loop
      vertex 59.2583 117.5 3.2
      vertex 55.3545 115.241 3.2
      vertex 55.8438 114.249 3.2
    endloop
  endfacet
  facet normal 0 0 1
    outer loop
      vertex 59.2583 117.5 3.2
      vertex 55.3526 115.245 3.2
      vertex 55.3545 115.241 3.2
    endloop
  endfacet
  facet normal 0 0 1
    outer loop
      vertex 59.2583 117.5 3.2
      vertex 55.3503 115.249 3.2
      vertex 55.3526 115.245 3.2
    endloop
  endfacet
  facet normal 0 0 1
    outer loop
      vertex 58.3136 118.914 3.2
      vertex 54.7356 116.168 3.2
      vertex 55.3503 115.249 3.2
    endloop
  endfacet
  facet normal 0 0 1
    outer loop
      vertex 53.1684 117.736 3.2
      vertex 55.9139 121.314 3.2
      vertex 54.5 122.258 3.2
    endloop
  endfacet
  facet normal 0 0 1
    outer loop
      vertex 57.1924 120.192 3.2
      vertex 54.0062 117 3.2
      vertex 54.7356 116.168 3.2
    endloop
  endfacet
  facet normal 0 0 1
    outer loop
      vertex 57.1924 120.192 3.2
      vertex 54.0034 117.003 3.2
      vertex 54.0062 117 3.2
    endloop
  endfacet
  facet normal 0 0 1
    outer loop
      vertex 57.1924 120.192 3.2
      vertex 54.0002 117.006 3.2
      vertex 54.0034 117.003 3.2
    endloop
  endfacet
  facet normal 0 0 1
    outer loop
      vertex 55.9139 121.314 3.2
      vertex 53.1684 117.736 3.2
      vertex 54.0002 117.006 3.2
    endloop
  endfacet
  facet normal 0 0 1
    outer loop
      vertex 52.2412 118.354 3.2
      vertex 54.5 122.258 3.2
      vertex 52.996 123 3.2
    endloop
  endfacet
  facet normal 0 0 1
    outer loop
      vertex 54.5 122.258 3.2
      vertex 52.2485 118.35 3.2
      vertex 53.1684 117.736 3.2
    endloop
  endfacet
  facet normal 0 0 1
    outer loop
      vertex 54.5 122.258 3.2
      vertex 52.245 118.353 3.2
      vertex 52.2485 118.35 3.2
    endloop
  endfacet
  facet normal 0 0 1
    outer loop
      vertex 54.5 122.258 3.2
      vertex 52.2412 118.354 3.2
      vertex 52.245 118.353 3.2
    endloop
  endfacet
  facet normal 0 0 1
    outer loop
      vertex 52.996 123 3.2
      vertex 51.249 118.844 3.2
      vertex 52.2412 118.354 3.2
    endloop
  endfacet
  facet normal 0 0 1
    outer loop
      vertex 52.996 123 3.2
      vertex 51.245 118.845 3.2
      vertex 51.249 118.844 3.2
    endloop
  endfacet
  facet normal 0 0 1
    outer loop
      vertex 52.996 123 3.2
      vertex 50.1974 119.201 3.2
      vertex 51.245 118.845 3.2
    endloop
  endfacet
  facet normal 0 0 1
    outer loop
      vertex 52.996 123 3.2
      vertex 50.1932 119.202 3.2
      vertex 50.1974 119.201 3.2
    endloop
  endfacet
  facet normal 0 0 1
    outer loop
      vertex 52.996 123 3.2
      vertex 49.1082 119.417 3.2
      vertex 50.1932 119.202 3.2
    endloop
  endfacet
  facet normal 0 0 1
    outer loop
      vertex 52.996 123 3.2
      vertex 48.0042 119.49 3.2
      vertex 49.1082 119.417 3.2
    endloop
  endfacet
  facet normal 0 0 1
    outer loop
      vertex 52.996 123 3.2
      vertex 48 119.49 3.2
      vertex 48.0042 119.49 3.2
    endloop
  endfacet
  facet normal -0 0 1
    outer loop
      vertex 43.004 123 3.2
      vertex 48 119.49 3.2
      vertex 52.996 123 3.2
    endloop
  endfacet
  facet normal 0 0 1
    outer loop
      vertex 48 119.49 3.2
      vertex 43.004 123 3.2
      vertex 47.9958 119.49 3.2
    endloop
  endfacet
  facet normal 0 0 1
    outer loop
      vertex 47.9958 119.49 3.2
      vertex 43.004 123 3.2
      vertex 46.8918 119.417 3.2
    endloop
  endfacet
  facet normal 0 0 1
    outer loop
      vertex 46.8918 119.417 3.2
      vertex 43.004 123 3.2
      vertex 45.8068 119.202 3.2
    endloop
  endfacet
  facet normal 0 0 1
    outer loop
      vertex 45.8068 119.202 3.2
      vertex 43.004 123 3.2
      vertex 45.8026 119.201 3.2
    endloop
  endfacet
  facet normal 0 0 1
    outer loop
      vertex 45.8026 119.201 3.2
      vertex 43.004 123 3.2
      vertex 44.755 118.845 3.2
    endloop
  endfacet
  facet normal 0 0 1
    outer loop
      vertex 44.755 118.845 3.2
      vertex 43.004 123 3.2
      vertex 44.751 118.844 3.2
    endloop
  endfacet
  facet normal 0 0 1
    outer loop
      vertex 44.751 118.844 3.2
      vertex 43.004 123 3.2
      vertex 43.7588 118.354 3.2
    endloop
  endfacet
  facet normal -0 0 1
    outer loop
      vertex 41.5 122.258 3.2
      vertex 43.7588 118.354 3.2
      vertex 43.004 123 3.2
    endloop
  endfacet
  facet normal 0 0 1
    outer loop
      vertex 43.7588 118.354 3.2
      vertex 41.5 122.258 3.2
      vertex 43.755 118.353 3.2
    endloop
  endfacet
  facet normal 0 0 1
    outer loop
      vertex 43.755 118.353 3.2
      vertex 41.5 122.258 3.2
      vertex 43.7515 118.35 3.2
    endloop
  endfacet
  facet normal 0 0 1
    outer loop
      vertex 43.7515 118.35 3.2
      vertex 41.5 122.258 3.2
      vertex 42.8316 117.736 3.2
    endloop
  endfacet
  facet normal -0 0 1
    outer loop
      vertex 40.0861 121.314 3.2
      vertex 42.8316 117.736 3.2
      vertex 41.5 122.258 3.2
    endloop
  endfacet
  facet normal 0 0 1
    outer loop
      vertex 42.8316 117.736 3.2
      vertex 40.0861 121.314 3.2
      vertex 41.9998 117.006 3.2
    endloop
  endfacet
  facet normal -0 0 1
    outer loop
      vertex 38.8076 120.192 3.2
      vertex 41.9998 117.006 3.2
      vertex 40.0861 121.314 3.2
    endloop
  endfacet
  facet normal 0 0 1
    outer loop
      vertex 41.9998 117.006 3.2
      vertex 38.8076 120.192 3.2
      vertex 41.9966 117.003 3.2
    endloop
  endfacet
  facet normal 0 0 1
    outer loop
      vertex 41.9966 117.003 3.2
      vertex 38.8076 120.192 3.2
      vertex 41.9938 117 3.2
    endloop
  endfacet
  facet normal 0 0 1
    outer loop
      vertex 41.9938 117 3.2
      vertex 38.8076 120.192 3.2
      vertex 41.2644 116.168 3.2
    endloop
  endfacet
  facet normal -0 0 1
    outer loop
      vertex 37.6864 118.914 3.2
      vertex 41.2644 116.168 3.2
      vertex 38.8076 120.192 3.2
    endloop
  endfacet
  facet normal 0 0 1
    outer loop
      vertex 41.2644 116.168 3.2
      vertex 37.6864 118.914 3.2
      vertex 40.6497 115.249 3.2
    endloop
  endfacet
  facet normal -0 0 1
    outer loop
      vertex 36.7417 117.5 3.2
      vertex 40.6497 115.249 3.2
      vertex 37.6864 118.914 3.2
    endloop
  endfacet
  facet normal 0 0 1
    outer loop
      vertex 40.6497 115.249 3.2
      vertex 36.7417 117.5 3.2
      vertex 40.6474 115.245 3.2
    endloop
  endfacet
  facet normal 0 0 1
    outer loop
      vertex 40.6474 115.245 3.2
      vertex 36.7417 117.5 3.2
      vertex 40.6455 115.241 3.2
    endloop
  endfacet
  facet normal 0 0 1
    outer loop
      vertex 40.6455 115.241 3.2
      vertex 36.7417 117.5 3.2
      vertex 40.1562 114.249 3.2
    endloop
  endfacet
  facet normal -0 0 1
    outer loop
      vertex 35.9896 115.975 3.2
      vertex 40.1562 114.249 3.2
      vertex 36.7417 117.5 3.2
    endloop
  endfacet
  facet normal 0 0 1
    outer loop
      vertex 40.1562 114.249 3.2
      vertex 35.9896 115.975 3.2
      vertex 40.1549 114.245 3.2
    endloop
  endfacet
  facet normal 0 0 1
    outer loop
      vertex 40.1549 114.245 3.2
      vertex 35.9896 115.975 3.2
      vertex 39.7992 113.197 3.2
    endloop
  endfacet
  facet normal -0 0 1
    outer loop
      vertex 35.443 114.365 3.2
      vertex 39.7992 113.197 3.2
      vertex 35.9896 115.975 3.2
    endloop
  endfacet
  facet normal 0 0 1
    outer loop
      vertex 60.557 107.635 3.2
      vertex 56.2008 108.803 3.2
      vertex 60.0104 106.025 3.2
    endloop
  endfacet
  facet normal -0 0 1
    outer loop
      vertex 55.8451 107.755 3.2
      vertex 60.0104 106.025 3.2
      vertex 56.2008 108.803 3.2
    endloop
  endfacet
  facet normal -0 0 1
    outer loop
      vertex 55.8438 107.751 3.2
      vertex 60.0104 106.025 3.2
      vertex 55.8451 107.755 3.2
    endloop
  endfacet
  facet normal 0 0 1
    outer loop
      vertex 60.0104 106.025 3.2
      vertex 55.8438 107.751 3.2
      vertex 59.2583 104.5 3.2
    endloop
  endfacet
  facet normal -0 0 1
    outer loop
      vertex 55.3545 106.759 3.2
      vertex 59.2583 104.5 3.2
      vertex 55.8438 107.751 3.2
    endloop
  endfacet
  facet normal -0 0 1
    outer loop
      vertex 55.3526 106.755 3.2
      vertex 59.2583 104.5 3.2
      vertex 55.3545 106.759 3.2
    endloop
  endfacet
  facet normal -0 0 1
    outer loop
      vertex 55.3503 106.751 3.2
      vertex 59.2583 104.5 3.2
      vertex 55.3526 106.755 3.2
    endloop
  endfacet
  facet normal 0 0 1
    outer loop
      vertex 59.2583 104.5 3.2
      vertex 55.3503 106.751 3.2
      vertex 58.3136 103.086 3.2
    endloop
  endfacet
  facet normal -0 0 1
    outer loop
      vertex 54.7356 105.832 3.2
      vertex 58.3136 103.086 3.2
      vertex 55.3503 106.751 3.2
    endloop
  endfacet
  facet normal 0 0 1
    outer loop
      vertex 58.3136 103.086 3.2
      vertex 54.7356 105.832 3.2
      vertex 57.1924 101.808 3.2
    endloop
  endfacet
  facet normal -0 0 1
    outer loop
      vertex 54.0062 105 3.2
      vertex 57.1924 101.808 3.2
      vertex 54.7356 105.832 3.2
    endloop
  endfacet
  facet normal -0 0 1
    outer loop
      vertex 54.0034 104.997 3.2
      vertex 57.1924 101.808 3.2
      vertex 54.0062 105 3.2
    endloop
  endfacet
  facet normal -0 0 1
    outer loop
      vertex 54.0002 104.994 3.2
      vertex 57.1924 101.808 3.2
      vertex 54.0034 104.997 3.2
    endloop
  endfacet
  facet normal 0 0 1
    outer loop
      vertex 57.1924 101.808 3.2
      vertex 54.0002 104.994 3.2
      vertex 55.9139 100.686 3.2
    endloop
  endfacet
  facet normal -0 0 1
    outer loop
      vertex 53.1684 104.264 3.2
      vertex 55.9139 100.686 3.2
      vertex 54.0002 104.994 3.2
    endloop
  endfacet
  facet normal 0 0 1
    outer loop
      vertex 55.9139 100.686 3.2
      vertex 53.1684 104.264 3.2
      vertex 54.5 99.7417 3.2
    endloop
  endfacet
  facet normal -0 0 1
    outer loop
      vertex 52.2485 103.65 3.2
      vertex 54.5 99.7417 3.2
      vertex 53.1684 104.264 3.2
    endloop
  endfacet
  facet normal -0 0 1
    outer loop
      vertex 52.245 103.647 3.2
      vertex 54.5 99.7417 3.2
      vertex 52.2485 103.65 3.2
    endloop
  endfacet
  facet normal -0 0 1
    outer loop
      vertex 52.2412 103.646 3.2
      vertex 54.5 99.7417 3.2
      vertex 52.245 103.647 3.2
    endloop
  endfacet
  facet normal 0 0 1
    outer loop
      vertex 54.5 99.7417 3.2
      vertex 52.2412 103.646 3.2
      vertex 52.9749 98.9896 3.2
    endloop
  endfacet
  facet normal -0 0 1
    outer loop
      vertex 51.249 103.156 3.2
      vertex 52.9749 98.9896 3.2
      vertex 52.2412 103.646 3.2
    endloop
  endfacet
  facet normal -0 0 1
    outer loop
      vertex 51.245 103.155 3.2
      vertex 52.9749 98.9896 3.2
      vertex 51.249 103.156 3.2
    endloop
  endfacet
  facet normal 0 0 1
    outer loop
      vertex 52.9749 98.9896 3.2
      vertex 51.245 103.155 3.2
      vertex 51.3646 98.443 3.2
    endloop
  endfacet
  facet normal -0 0 1
    outer loop
      vertex 50.1974 102.799 3.2
      vertex 51.3646 98.443 3.2
      vertex 51.245 103.155 3.2
    endloop
  endfacet
  facet normal -0 0 1
    outer loop
      vertex 50.1932 102.798 3.2
      vertex 51.3646 98.443 3.2
      vertex 50.1974 102.799 3.2
    endloop
  endfacet
  facet normal 0 0 1
    outer loop
      vertex 50.1932 102.798 3.2
      vertex 49.6968 98.1112 3.2
      vertex 51.3646 98.443 3.2
    endloop
  endfacet
  facet normal -0 0 1
    outer loop
      vertex 49.1082 102.583 3.2
      vertex 49.6968 98.1112 3.2
      vertex 50.1932 102.798 3.2
    endloop
  endfacet
  facet normal -0 0 1
    outer loop
      vertex 48.0042 102.51 3.2
      vertex 49.6968 98.1112 3.2
      vertex 49.1082 102.583 3.2
    endloop
  endfacet
  facet normal 0 0 1
    outer loop
      vertex 48 98 3.2
      vertex 48.0042 102.51 3.2
      vertex 48 102.51 3.2
    endloop
  endfacet
  facet normal 0 0 1
    outer loop
      vertex 48.0042 102.51 3.2
      vertex 48 98 3.2
      vertex 49.6968 98.1112 3.2
    endloop
  endfacet
  facet normal -0 0 1
    outer loop
      vertex 47.9958 102.51 3.2
      vertex 48 98 3.2
      vertex 48 102.51 3.2
    endloop
  endfacet
  facet normal 0 0 1
    outer loop
      vertex 46.8918 102.583 3.2
      vertex 48 98 3.2
      vertex 47.9958 102.51 3.2
    endloop
  endfacet
  facet normal 0 0 1
    outer loop
      vertex 46.8918 102.583 3.2
      vertex 46.3032 98.1112 3.2
      vertex 48 98 3.2
    endloop
  endfacet
  facet normal 0 0 1
    outer loop
      vertex 45.8068 102.798 3.2
      vertex 46.3032 98.1112 3.2
      vertex 46.8918 102.583 3.2
    endloop
  endfacet
  facet normal 0 0 1
    outer loop
      vertex 44.6354 98.443 3.2
      vertex 45.8068 102.798 3.2
      vertex 45.8026 102.799 3.2
    endloop
  endfacet
  facet normal 0 0 1
    outer loop
      vertex 44.6354 98.443 3.2
      vertex 45.8026 102.799 3.2
      vertex 44.755 103.155 3.2
    endloop
  endfacet
  facet normal 0 0 1
    outer loop
      vertex 43.0251 98.9896 3.2
      vertex 44.755 103.155 3.2
      vertex 44.751 103.156 3.2
    endloop
  endfacet
  facet normal 0 0 1
    outer loop
      vertex 45.8068 102.798 3.2
      vertex 44.6354 98.443 3.2
      vertex 46.3032 98.1112 3.2
    endloop
  endfacet
  facet normal 0 0 1
    outer loop
      vertex 43.0251 98.9896 3.2
      vertex 44.751 103.156 3.2
      vertex 43.7588 103.646 3.2
    endloop
  endfacet
  facet normal 0 0 1
    outer loop
      vertex 41.5 99.7417 3.2
      vertex 43.7588 103.646 3.2
      vertex 43.755 103.647 3.2
    endloop
  endfacet
  facet normal 0 0 1
    outer loop
      vertex 41.5 99.7417 3.2
      vertex 43.755 103.647 3.2
      vertex 43.7515 103.65 3.2
    endloop
  endfacet
  facet normal 0 0 1
    outer loop
      vertex 44.755 103.155 3.2
      vertex 43.0251 98.9896 3.2
      vertex 44.6354 98.443 3.2
    endloop
  endfacet
  facet normal 0 0 1
    outer loop
      vertex 41.5 99.7417 3.2
      vertex 43.7515 103.65 3.2
      vertex 42.8316 104.264 3.2
    endloop
  endfacet
  facet normal 0 0 1
    outer loop
      vertex 40.0861 100.686 3.2
      vertex 42.8316 104.264 3.2
      vertex 41.9998 104.994 3.2
    endloop
  endfacet
  facet normal 0 0 1
    outer loop
      vertex 38.8076 101.808 3.2
      vertex 41.9998 104.994 3.2
      vertex 41.9966 104.997 3.2
    endloop
  endfacet
  facet normal 0 0 1
    outer loop
      vertex 38.8076 101.808 3.2
      vertex 41.9966 104.997 3.2
      vertex 41.9938 105 3.2
    endloop
  endfacet
  facet normal 0 0 1
    outer loop
      vertex 43.7588 103.646 3.2
      vertex 41.5 99.7417 3.2
      vertex 43.0251 98.9896 3.2
    endloop
  endfacet
  facet normal 0 0 1
    outer loop
      vertex 38.8076 101.808 3.2
      vertex 41.9938 105 3.2
      vertex 41.2644 105.832 3.2
    endloop
  endfacet
  facet normal 0 0 1
    outer loop
      vertex 37.6864 103.086 3.2
      vertex 41.2644 105.832 3.2
      vertex 40.6497 106.751 3.2
    endloop
  endfacet
  facet normal 0 0 1
    outer loop
      vertex 36.7417 104.5 3.2
      vertex 40.6497 106.751 3.2
      vertex 40.6474 106.755 3.2
    endloop
  endfacet
  facet normal 0 0 1
    outer loop
      vertex 36.7417 104.5 3.2
      vertex 40.6474 106.755 3.2
      vertex 40.6455 106.759 3.2
    endloop
  endfacet
  facet normal 0 0 1
    outer loop
      vertex 36.7417 104.5 3.2
      vertex 40.6455 106.759 3.2
      vertex 40.1562 107.751 3.2
    endloop
  endfacet
  facet normal 0 0 1
    outer loop
      vertex 35.9896 106.025 3.2
      vertex 40.1562 107.751 3.2
      vertex 40.1549 107.755 3.2
    endloop
  endfacet
  facet normal 0 0 1
    outer loop
      vertex 42.8316 104.264 3.2
      vertex 40.0861 100.686 3.2
      vertex 41.5 99.7417 3.2
    endloop
  endfacet
  facet normal 0 0 1
    outer loop
      vertex 35.9896 106.025 3.2
      vertex 40.1549 107.755 3.2
      vertex 39.7992 108.803 3.2
    endloop
  endfacet
  facet normal 0 0 1
    outer loop
      vertex 35.443 107.635 3.2
      vertex 39.7992 108.803 3.2
      vertex 39.7984 108.807 3.2
    endloop
  endfacet
  facet normal 0 0 1
    outer loop
      vertex 35.443 107.635 3.2
      vertex 39.7984 108.807 3.2
      vertex 39.5826 109.892 3.2
    endloop
  endfacet
  facet normal 0 0 1
    outer loop
      vertex 35.1112 109.303 3.2
      vertex 39.5826 109.892 3.2
      vertex 39.5102 110.996 3.2
    endloop
  endfacet
  facet normal -0 0 1
    outer loop
      vertex 35 111 3.2
      vertex 39.5102 110.996 3.2
      vertex 39.5099 111 3.2
    endloop
  endfacet
  facet normal 0 0 1
    outer loop
      vertex 39.7992 113.197 3.2
      vertex 35.443 114.365 3.2
      vertex 39.7984 113.193 3.2
    endloop
  endfacet
  facet normal 0 0 1
    outer loop
      vertex 41.9998 104.994 3.2
      vertex 38.8076 101.808 3.2
      vertex 40.0861 100.686 3.2
    endloop
  endfacet
  facet normal 0 0 1
    outer loop
      vertex 39.7984 113.193 3.2
      vertex 35.443 114.365 3.2
      vertex 39.5826 112.108 3.2
    endloop
  endfacet
  facet normal 0 0 1
    outer loop
      vertex 41.2644 105.832 3.2
      vertex 37.6864 103.086 3.2
      vertex 38.8076 101.808 3.2
    endloop
  endfacet
  facet normal -0 0 1
    outer loop
      vertex 35.1112 112.697 3.2
      vertex 39.5826 112.108 3.2
      vertex 35.443 114.365 3.2
    endloop
  endfacet
  facet normal 0 0 1
    outer loop
      vertex 40.6497 106.751 3.2
      vertex 36.7417 104.5 3.2
      vertex 37.6864 103.086 3.2
    endloop
  endfacet
  facet normal 0 0 1
    outer loop
      vertex 39.5826 112.108 3.2
      vertex 35.1112 112.697 3.2
      vertex 39.5102 111.004 3.2
    endloop
  endfacet
  facet normal 0 0 1
    outer loop
      vertex 40.1562 107.751 3.2
      vertex 35.9896 106.025 3.2
      vertex 36.7417 104.5 3.2
    endloop
  endfacet
  facet normal 0 0 1
    outer loop
      vertex 35 111 3.2
      vertex 39.5102 111.004 3.2
      vertex 35.1112 112.697 3.2
    endloop
  endfacet
  facet normal 0 0 1
    outer loop
      vertex 39.7992 108.803 3.2
      vertex 35.443 107.635 3.2
      vertex 35.9896 106.025 3.2
    endloop
  endfacet
  facet normal 0 0 1
    outer loop
      vertex 39.5102 111.004 3.2
      vertex 35 111 3.2
      vertex 39.5099 111 3.2
    endloop
  endfacet
  facet normal 0 0 1
    outer loop
      vertex 39.5826 109.892 3.2
      vertex 35.1112 109.303 3.2
      vertex 35.443 107.635 3.2
    endloop
  endfacet
  facet normal 0 0 1
    outer loop
      vertex 39.5102 110.996 3.2
      vertex 35 111 3.2
      vertex 35.1112 109.303 3.2
    endloop
  endfacet
  facet normal -0 0 1
    outer loop
      vertex 33 124 6.19
      vertex 63 123 6.19
      vertex 63 124 6.19
    endloop
  endfacet
  facet normal 0 0 1
    outer loop
      vertex 63 123 6.19
      vertex 33 124 6.19
      vertex 33 123 6.19
    endloop
  endfacet
  facet normal -1 0 0
    outer loop
      vertex 33 123 2
      vertex 33 124 6.19
      vertex 33 127 2
    endloop
  endfacet
  facet normal -1 -0 0
    outer loop
      vertex 33 124 6.19
      vertex 33 123 2
      vertex 33 123 6.19
    endloop
  endfacet
  facet normal 0 0.813077 0.582156
    outer loop
      vertex 63 127 2
      vertex 33 124 6.19
      vertex 63 124 6.19
    endloop
  endfacet
  facet normal 0 0.813077 0.582156
    outer loop
      vertex 33 124 6.19
      vertex 63 127 2
      vertex 33 127 2
    endloop
  endfacet
  facet normal 0 -1 0
    outer loop
      vertex 33 123 6.19
      vertex 43.004 123 3.2
      vertex 63 123 6.19
    endloop
  endfacet
  facet normal 0 -1 0
    outer loop
      vertex 33 123 2
      vertex 43.004 123 3.2
      vertex 33 123 6.19
    endloop
  endfacet
  facet normal 0 -1 -0
    outer loop
      vertex 43.004 123 3.2
      vertex 33 123 2
      vertex 43.004 123 2
    endloop
  endfacet
  facet normal 0 -1 0
    outer loop
      vertex 52.996 123 3.2
      vertex 63 123 6.19
      vertex 43.004 123 3.2
    endloop
  endfacet
  facet normal 0 -1 0
    outer loop
      vertex 63 123 2
      vertex 52.996 123 3.2
      vertex 52.996 123 2
    endloop
  endfacet
  facet normal 0 -1 0
    outer loop
      vertex 52.996 123 3.2
      vertex 63 123 2
      vertex 63 123 6.19
    endloop
  endfacet
  facet normal 1 0 0
    outer loop
      vertex 63 123 2
      vertex 63 124 6.19
      vertex 63 123 6.19
    endloop
  endfacet
  facet normal 1 0 0
    outer loop
      vertex 63 124 6.19
      vertex 63 123 2
      vertex 63 127 2
    endloop
  endfacet
  facet normal -0.980779 -0.195122 0
    outer loop
      vertex 5.18546 3.72189 0
      vertex 5.14207 3.93999 0.45
      vertex 5.14207 3.93999 0
    endloop
  endfacet
  facet normal -0.980779 -0.195122 0
    outer loop
      vertex 5.14207 3.93999 0.45
      vertex 5.18546 3.72189 0
      vertex 5.18546 3.72189 0.45
    endloop
  endfacet
  facet normal -0.99786 -0.0653877 0
    outer loop
      vertex 5.2 3.5 0
      vertex 5.18546 3.72189 0.45
      vertex 5.18546 3.72189 0
    endloop
  endfacet
  facet normal -0.99786 -0.0653877 0
    outer loop
      vertex 5.18546 3.72189 0.45
      vertex 5.2 3.5 0
      vertex 5.2 3.5 0.45
    endloop
  endfacet
  facet normal 0.442278 -0.896878 0
    outer loop
      vertex 2.65 4.97224 0
      vertex 2.84944 5.07059 0.45
      vertex 2.65 4.97224 0.45
    endloop
  endfacet
  facet normal 0.442278 -0.896878 0
    outer loop
      vertex 2.84944 5.07059 0.45
      vertex 2.65 4.97224 0
      vertex 2.84944 5.07059 0
    endloop
  endfacet
  facet normal -0.555572 -0.831469 0
    outer loop
      vertex 4.35 4.97224 0
      vertex 4.53489 4.8487 0.45
      vertex 4.35 4.97224 0.45
    endloop
  endfacet
  facet normal -0.555572 -0.831469 -0
    outer loop
      vertex 4.53489 4.8487 0.45
      vertex 4.35 4.97224 0
      vertex 4.53489 4.8487 0
    endloop
  endfacet
  facet normal 0.659342 -0.751844 0
    outer loop
      vertex 2.29792 4.70208 0
      vertex 2.46511 4.8487 0.45
      vertex 2.29792 4.70208 0.45
    endloop
  endfacet
  facet normal 0.659342 -0.751844 0
    outer loop
      vertex 2.46511 4.8487 0.45
      vertex 2.29792 4.70208 0
      vertex 2.46511 4.8487 0
    endloop
  endfacet
  facet normal -0.321404 0.946942 0
    outer loop
      vertex 4.15056 1.9294 0
      vertex 3.93999 1.85793 0.45
      vertex 4.15056 1.9294 0.45
    endloop
  endfacet
  facet normal -0.321404 0.946942 0
    outer loop
      vertex 3.93999 1.85793 0.45
      vertex 4.15056 1.9294 0
      vertex 3.93999 1.85793 0
    endloop
  endfacet
  facet normal -0.831469 0.555572 0
    outer loop
      vertex 4.8487 2.46511 0
      vertex 4.97224 2.65 0.45
      vertex 4.97224 2.65 0
    endloop
  endfacet
  facet normal -0.831469 0.555572 0
    outer loop
      vertex 4.97224 2.65 0.45
      vertex 4.8487 2.46511 0
      vertex 4.8487 2.46511 0.45
    endloop
  endfacet
  facet normal -0.946929 0.321444 0
    outer loop
      vertex 5.07059 2.84944 0
      vertex 5.14207 3.06001 0.45
      vertex 5.14207 3.06001 0
    endloop
  endfacet
  facet normal -0.946929 0.321444 0
    outer loop
      vertex 5.14207 3.06001 0.45
      vertex 5.07059 2.84944 0
      vertex 5.07059 2.84944 0.45
    endloop
  endfacet
  facet normal -0.321444 -0.946929 0
    outer loop
      vertex 3.93999 5.14207 0
      vertex 4.15056 5.07059 0.45
      vertex 3.93999 5.14207 0.45
    endloop
  endfacet
  facet normal -0.321444 -0.946929 -0
    outer loop
      vertex 4.15056 5.07059 0.45
      vertex 3.93999 5.14207 0
      vertex 4.15056 5.07059 0
    endloop
  endfacet
  facet normal -0.195122 -0.980779 0
    outer loop
      vertex 3.72189 5.18546 0
      vertex 3.93999 5.14207 0.45
      vertex 3.72189 5.18546 0.45
    endloop
  endfacet
  facet normal -0.195122 -0.980779 -0
    outer loop
      vertex 3.93999 5.14207 0.45
      vertex 3.72189 5.18546 0
      vertex 3.93999 5.14207 0
    endloop
  endfacet
  facet normal 0.555572 -0.831469 0
    outer loop
      vertex 2.46511 4.8487 0
      vertex 2.65 4.97224 0.45
      vertex 2.46511 4.8487 0.45
    endloop
  endfacet
  facet normal 0.555572 -0.831469 0
    outer loop
      vertex 2.65 4.97224 0.45
      vertex 2.46511 4.8487 0
      vertex 2.65 4.97224 0
    endloop
  endfacet
  facet normal -0.896878 0.442278 0
    outer loop
      vertex 4.97224 2.65 0
      vertex 5.07059 2.84944 0.45
      vertex 5.07059 2.84944 0
    endloop
  endfacet
  facet normal -0.896878 0.442278 0
    outer loop
      vertex 5.07059 2.84944 0.45
      vertex 4.97224 2.65 0
      vertex 4.97224 2.65 0.45
    endloop
  endfacet
  facet normal -0.659342 -0.751844 0
    outer loop
      vertex 4.53489 4.8487 0
      vertex 4.70208 4.70208 0.45
      vertex 4.53489 4.8487 0.45
    endloop
  endfacet
  facet normal -0.659342 -0.751844 -0
    outer loop
      vertex 4.70208 4.70208 0.45
      vertex 4.53489 4.8487 0
      vertex 4.70208 4.70208 0
    endloop
  endfacet
  facet normal -0.555572 0.831469 0
    outer loop
      vertex 4.53489 2.1513 0
      vertex 4.35 2.02776 0.45
      vertex 4.53489 2.1513 0.45
    endloop
  endfacet
  facet normal -0.555572 0.831469 0
    outer loop
      vertex 4.35 2.02776 0.45
      vertex 4.53489 2.1513 0
      vertex 4.35 2.02776 0
    endloop
  endfacet
  facet normal -0.442278 -0.896878 0
    outer loop
      vertex 4.15056 5.07059 0
      vertex 4.35 4.97224 0.45
      vertex 4.15056 5.07059 0.45
    endloop
  endfacet
  facet normal -0.442278 -0.896878 -0
    outer loop
      vertex 4.35 4.97224 0.45
      vertex 4.15056 5.07059 0
      vertex 4.35 4.97224 0
    endloop
  endfacet
  facet normal 0.659342 0.751844 -0
    outer loop
      vertex 2.46511 2.1513 0
      vertex 2.29792 2.29792 0.45
      vertex 2.46511 2.1513 0.45
    endloop
  endfacet
  facet normal 0.659342 0.751844 0
    outer loop
      vertex 2.29792 2.29792 0.45
      vertex 2.46511 2.1513 0
      vertex 2.29792 2.29792 0
    endloop
  endfacet
  facet normal 0.751844 0.659342 0
    outer loop
      vertex 2.29792 2.29792 0.45
      vertex 2.1513 2.46511 0
      vertex 2.1513 2.46511 0.45
    endloop
  endfacet
  facet normal 0.751844 0.659342 0
    outer loop
      vertex 2.1513 2.46511 0
      vertex 2.29792 2.29792 0.45
      vertex 2.29792 2.29792 0
    endloop
  endfacet
  facet normal 0.831469 0.555572 0
    outer loop
      vertex 2.1513 2.46511 0.45
      vertex 2.02776 2.65 0
      vertex 2.02776 2.65 0.45
    endloop
  endfacet
  facet normal 0.831469 0.555572 0
    outer loop
      vertex 2.02776 2.65 0
      vertex 2.1513 2.46511 0.45
      vertex 2.1513 2.46511 0
    endloop
  endfacet
  facet normal -0.831469 -0.555572 0
    outer loop
      vertex 4.97224 4.35 0
      vertex 4.8487 4.53489 0.45
      vertex 4.8487 4.53489 0
    endloop
  endfacet
  facet normal -0.831469 -0.555572 0
    outer loop
      vertex 4.8487 4.53489 0.45
      vertex 4.97224 4.35 0
      vertex 4.97224 4.35 0.45
    endloop
  endfacet
  facet normal -0.195122 0.980779 0
    outer loop
      vertex 3.93999 1.85793 0
      vertex 3.72189 1.81454 0.45
      vertex 3.93999 1.85793 0.45
    endloop
  endfacet
  facet normal -0.195122 0.980779 0
    outer loop
      vertex 3.72189 1.81454 0.45
      vertex 3.93999 1.85793 0
      vertex 3.72189 1.81454 0
    endloop
  endfacet
  facet normal -0.980777 0.19513 0
    outer loop
      vertex 5.14207 3.06001 0
      vertex 5.18546 3.2781 0.45
      vertex 5.18546 3.2781 0
    endloop
  endfacet
  facet normal -0.980777 0.19513 0
    outer loop
      vertex 5.18546 3.2781 0.45
      vertex 5.14207 3.06001 0
      vertex 5.14207 3.06001 0.45
    endloop
  endfacet
  facet normal 0.946942 0.321404 0
    outer loop
      vertex 1.9294 2.84944 0.45
      vertex 1.85793 3.06001 0
      vertex 1.85793 3.06001 0.45
    endloop
  endfacet
  facet normal 0.946942 0.321404 0
    outer loop
      vertex 1.85793 3.06001 0
      vertex 1.9294 2.84944 0.45
      vertex 1.9294 2.84944 0
    endloop
  endfacet
  facet normal -0.442314 0.89686 0
    outer loop
      vertex 4.35 2.02776 0
      vertex 4.15056 1.9294 0.45
      vertex 4.35 2.02776 0.45
    endloop
  endfacet
  facet normal -0.442314 0.89686 0
    outer loop
      vertex 4.15056 1.9294 0.45
      vertex 4.35 2.02776 0
      vertex 4.15056 1.9294 0
    endloop
  endfacet
  facet normal -0.0653877 -0.99786 0
    outer loop
      vertex 3.5 5.2 0
      vertex 3.72189 5.18546 0.45
      vertex 3.5 5.2 0.45
    endloop
  endfacet
  facet normal -0.0653877 -0.99786 -0
    outer loop
      vertex 3.72189 5.18546 0.45
      vertex 3.5 5.2 0
      vertex 3.72189 5.18546 0
    endloop
  endfacet
  facet normal 0.321444 -0.946929 0
    outer loop
      vertex 2.84944 5.07059 0
      vertex 3.06001 5.14207 0.45
      vertex 2.84944 5.07059 0.45
    endloop
  endfacet
  facet normal 0.321444 -0.946929 0
    outer loop
      vertex 3.06001 5.14207 0.45
      vertex 2.84944 5.07059 0
      vertex 3.06001 5.14207 0
    endloop
  endfacet
  facet normal 0.19513 -0.980777 0
    outer loop
      vertex 3.06001 5.14207 0
      vertex 3.2781 5.18546 0.45
      vertex 3.06001 5.14207 0.45
    endloop
  endfacet
  facet normal 0.19513 -0.980777 0
    outer loop
      vertex 3.2781 5.18546 0.45
      vertex 3.06001 5.14207 0
      vertex 3.2781 5.18546 0
    endloop
  endfacet
  facet normal -0.896878 -0.442278 0
    outer loop
      vertex 5.07059 4.15056 0
      vertex 4.97224 4.35 0.45
      vertex 4.97224 4.35 0
    endloop
  endfacet
  facet normal -0.896878 -0.442278 0
    outer loop
      vertex 4.97224 4.35 0.45
      vertex 5.07059 4.15056 0
      vertex 5.07059 4.15056 0.45
    endloop
  endfacet
  facet normal -0.99786 0.0653848 0
    outer loop
      vertex 5.18546 3.2781 0
      vertex 5.2 3.5 0.45
      vertex 5.2 3.5 0
    endloop
  endfacet
  facet normal -0.99786 0.0653848 0
    outer loop
      vertex 5.2 3.5 0.45
      vertex 5.18546 3.2781 0
      vertex 5.18546 3.2781 0.45
    endloop
  endfacet
  facet normal -0.0653877 0.99786 0
    outer loop
      vertex 3.72189 1.81454 0
      vertex 3.5 1.8 0.45
      vertex 3.72189 1.81454 0.45
    endloop
  endfacet
  facet normal -0.0653877 0.99786 0
    outer loop
      vertex 3.5 1.8 0.45
      vertex 3.72189 1.81454 0
      vertex 3.5 1.8 0
    endloop
  endfacet
  facet normal -0.751844 -0.659342 0
    outer loop
      vertex 4.8487 4.53489 0
      vertex 4.70208 4.70208 0.45
      vertex 4.70208 4.70208 0
    endloop
  endfacet
  facet normal -0.751844 -0.659342 0
    outer loop
      vertex 4.70208 4.70208 0.45
      vertex 4.8487 4.53489 0
      vertex 4.8487 4.53489 0.45
    endloop
  endfacet
  facet normal 0.99786 0.0653848 0
    outer loop
      vertex 1.81454 3.2781 0.45
      vertex 1.8 3.5 0
      vertex 1.8 3.5 0.45
    endloop
  endfacet
  facet normal 0.99786 0.0653848 0
    outer loop
      vertex 1.8 3.5 0
      vertex 1.81454 3.2781 0.45
      vertex 1.81454 3.2781 0
    endloop
  endfacet
  facet normal -0.751844 0.659342 0
    outer loop
      vertex 4.70208 2.29792 0
      vertex 4.8487 2.46511 0.45
      vertex 4.8487 2.46511 0
    endloop
  endfacet
  facet normal -0.751844 0.659342 0
    outer loop
      vertex 4.8487 2.46511 0.45
      vertex 4.70208 2.29792 0
      vertex 4.70208 2.29792 0.45
    endloop
  endfacet
  facet normal 0.751844 -0.659342 0
    outer loop
      vertex 2.1513 4.53489 0.45
      vertex 2.29792 4.70208 0
      vertex 2.29792 4.70208 0.45
    endloop
  endfacet
  facet normal 0.751844 -0.659342 0
    outer loop
      vertex 2.29792 4.70208 0
      vertex 2.1513 4.53489 0.45
      vertex 2.1513 4.53489 0
    endloop
  endfacet
  facet normal 0.831469 -0.555572 0
    outer loop
      vertex 2.02776 4.35 0.45
      vertex 2.1513 4.53489 0
      vertex 2.1513 4.53489 0.45
    endloop
  endfacet
  facet normal 0.831469 -0.555572 0
    outer loop
      vertex 2.1513 4.53489 0
      vertex 2.02776 4.35 0.45
      vertex 2.02776 4.35 0
    endloop
  endfacet
  facet normal 0.0653848 -0.99786 0
    outer loop
      vertex 3.2781 5.18546 0
      vertex 3.5 5.2 0.45
      vertex 3.2781 5.18546 0.45
    endloop
  endfacet
  facet normal 0.0653848 -0.99786 0
    outer loop
      vertex 3.5 5.2 0.45
      vertex 3.2781 5.18546 0
      vertex 3.5 5.2 0
    endloop
  endfacet
  facet normal 0.980777 0.19513 0
    outer loop
      vertex 1.85793 3.06001 0.45
      vertex 1.81454 3.2781 0
      vertex 1.81454 3.2781 0.45
    endloop
  endfacet
  facet normal 0.980777 0.19513 0
    outer loop
      vertex 1.81454 3.2781 0
      vertex 1.85793 3.06001 0.45
      vertex 1.85793 3.06001 0
    endloop
  endfacet
  facet normal 0.321404 0.946942 -0
    outer loop
      vertex 3.06001 1.85793 0
      vertex 2.84944 1.9294 0.45
      vertex 3.06001 1.85793 0.45
    endloop
  endfacet
  facet normal 0.321404 0.946942 0
    outer loop
      vertex 2.84944 1.9294 0.45
      vertex 3.06001 1.85793 0
      vertex 2.84944 1.9294 0
    endloop
  endfacet
  facet normal -0.946929 -0.321444 0
    outer loop
      vertex 5.14207 3.93999 0
      vertex 5.07059 4.15056 0.45
      vertex 5.07059 4.15056 0
    endloop
  endfacet
  facet normal -0.946929 -0.321444 0
    outer loop
      vertex 5.07059 4.15056 0.45
      vertex 5.14207 3.93999 0
      vertex 5.14207 3.93999 0.45
    endloop
  endfacet
  facet normal 0.442314 0.89686 -0
    outer loop
      vertex 2.84944 1.9294 0
      vertex 2.65 2.02776 0.45
      vertex 2.84944 1.9294 0.45
    endloop
  endfacet
  facet normal 0.442314 0.89686 0
    outer loop
      vertex 2.65 2.02776 0.45
      vertex 2.84944 1.9294 0
      vertex 2.65 2.02776 0
    endloop
  endfacet
  facet normal 0.555572 0.831469 -0
    outer loop
      vertex 2.65 2.02776 0
      vertex 2.46511 2.1513 0.45
      vertex 2.65 2.02776 0.45
    endloop
  endfacet
  facet normal 0.555572 0.831469 0
    outer loop
      vertex 2.46511 2.1513 0.45
      vertex 2.65 2.02776 0
      vertex 2.46511 2.1513 0
    endloop
  endfacet
  facet normal 0.19513 0.980777 -0
    outer loop
      vertex 3.2781 1.81454 0
      vertex 3.06001 1.85793 0.45
      vertex 3.2781 1.81454 0.45
    endloop
  endfacet
  facet normal 0.19513 0.980777 0
    outer loop
      vertex 3.06001 1.85793 0.45
      vertex 3.2781 1.81454 0
      vertex 3.06001 1.85793 0
    endloop
  endfacet
  facet normal 0.89686 -0.442314 0
    outer loop
      vertex 1.9294 4.15056 0.45
      vertex 2.02776 4.35 0
      vertex 2.02776 4.35 0.45
    endloop
  endfacet
  facet normal 0.89686 -0.442314 0
    outer loop
      vertex 2.02776 4.35 0
      vertex 1.9294 4.15056 0.45
      vertex 1.9294 4.15056 0
    endloop
  endfacet
  facet normal 0.0653848 0.99786 -0
    outer loop
      vertex 3.5 1.8 0
      vertex 3.2781 1.81454 0.45
      vertex 3.5 1.8 0.45
    endloop
  endfacet
  facet normal 0.0653848 0.99786 0
    outer loop
      vertex 3.2781 1.81454 0.45
      vertex 3.5 1.8 0
      vertex 3.2781 1.81454 0
    endloop
  endfacet
  facet normal 0.89686 0.442314 0
    outer loop
      vertex 2.02776 2.65 0.45
      vertex 1.9294 2.84944 0
      vertex 1.9294 2.84944 0.45
    endloop
  endfacet
  facet normal 0.89686 0.442314 0
    outer loop
      vertex 1.9294 2.84944 0
      vertex 2.02776 2.65 0.45
      vertex 2.02776 2.65 0
    endloop
  endfacet
  facet normal 0.99786 -0.0653877 0
    outer loop
      vertex 1.8 3.5 0.45
      vertex 1.81454 3.72189 0
      vertex 1.81454 3.72189 0.45
    endloop
  endfacet
  facet normal 0.99786 -0.0653877 0
    outer loop
      vertex 1.81454 3.72189 0
      vertex 1.8 3.5 0.45
      vertex 1.8 3.5 0
    endloop
  endfacet
  facet normal 0.980779 -0.195122 0
    outer loop
      vertex 1.81454 3.72189 0.45
      vertex 1.85793 3.93999 0
      vertex 1.85793 3.93999 0.45
    endloop
  endfacet
  facet normal 0.980779 -0.195122 0
    outer loop
      vertex 1.85793 3.93999 0
      vertex 1.81454 3.72189 0.45
      vertex 1.81454 3.72189 0
    endloop
  endfacet
  facet normal 0.946942 -0.321404 0
    outer loop
      vertex 1.85793 3.93999 0.45
      vertex 1.9294 4.15056 0
      vertex 1.9294 4.15056 0.45
    endloop
  endfacet
  facet normal 0.946942 -0.321404 0
    outer loop
      vertex 1.9294 4.15056 0
      vertex 1.85793 3.93999 0.45
      vertex 1.85793 3.93999 0
    endloop
  endfacet
  facet normal -0.659342 0.751844 0
    outer loop
      vertex 4.70208 2.29792 0
      vertex 4.53489 2.1513 0.45
      vertex 4.70208 2.29792 0.45
    endloop
  endfacet
  facet normal -0.659342 0.751844 0
    outer loop
      vertex 4.53489 2.1513 0.45
      vertex 4.70208 2.29792 0
      vertex 4.53489 2.1513 0
    endloop
  endfacet
  facet normal 0.590453 -0.394526 0.70407
    outer loop
      vertex 2.1513 4.53489 0.45
      vertex 0.929483 5.47243 2
      vertex 0.694813 5.12122 2
    endloop
  endfacet
  facet normal 0.708567 -0.0469051 0.704083
    outer loop
      vertex 0.28756 3.92149 2
      vertex 1.81454 3.72189 0.45
      vertex 0.287654 3.92291 2
    endloop
  endfacet
  facet normal 0.708613 -0.0464339 0.704068
    outer loop
      vertex 1.81454 3.72189 0.45
      vertex 0.28756 3.92149 2
      vertex 1.8 3.5 0.45
    endloop
  endfacet
  facet normal -0.708613 -0.046435 0.704068
    outer loop
      vertex 6.74006 3.5 2
      vertex 6.71244 3.92149 2
      vertex 5.2 3.5 0.45
    endloop
  endfacet
  facet normal -0.70876 -0.0449214 0.704018
    outer loop
      vertex 5.18546 3.72189 0.45
      vertex 6.71244 3.92149 2
      vertex 6.71235 3.92291 2
    endloop
  endfacet
  facet normal -0.708613 -0.0464339 0.704068
    outer loop
      vertex 6.71244 3.92149 2
      vertex 5.18546 3.72189 0.45
      vertex 5.2 3.5 0.45
    endloop
  endfacet
  facet normal 0.590453 0.394526 0.70407
    outer loop
      vertex 0.929483 1.52757 2
      vertex 2.1513 2.46511 0.45
      vertex 0.694813 1.87878 2
    endloop
  endfacet
  facet normal 0.228264 0.672444 0.70407
    outer loop
      vertex 2.66141 0.370337 2
      vertex 3.06001 1.85793 0.45
      vertex 2.26143 0.506112 2
    endloop
  endfacet
  facet normal 0.63689 0.314102 0.704068
    outer loop
      vertex 1.9294 2.84944 0.45
      vertex 0.5072 2.2588 2
      vertex 2.02776 2.65 0.45
    endloop
  endfacet
  facet normal 0.637124 0.313585 0.704086
    outer loop
      vertex 0.5072 2.2588 2
      vertex 1.9294 2.84944 0.45
      vertex 0.50657 2.26008 2
    endloop
  endfacet
  facet normal -0.139273 -0.696365 0.704045
    outer loop
      vertex 3.72189 5.18546 0.45
      vertex 3.92431 6.71207 2
      vertex 3.92291 6.71235 2
    endloop
  endfacet
  facet normal -0.138562 -0.696483 0.704068
    outer loop
      vertex 3.92431 6.71207 2
      vertex 3.72189 5.18546 0.45
      vertex 3.93999 5.14207 0.45
    endloop
  endfacet
  facet normal -0.468229 -0.533897 0.704071
    outer loop
      vertex 5.79 5.79201 2
      vertex 5.47243 6.07052 2
      vertex 4.53489 4.8487 0.45
    endloop
  endfacet
  facet normal 0.228267 -0.672442 0.704071
    outer loop
      vertex 2.26143 6.49389 2
      vertex 2.84944 5.07059 0.45
      vertex 3.06001 5.14207 0.45
    endloop
  endfacet
  facet normal 0.229031 -0.672155 0.704097
    outer loop
      vertex 2.84944 5.07059 0.45
      vertex 2.26143 6.49389 2
      vertex 2.26008 6.49343 2
    endloop
  endfacet
  facet normal 0.139273 -0.696365 0.704044
    outer loop
      vertex 3.07569 6.71207 2
      vertex 3.2781 5.18546 0.45
      vertex 3.07709 6.71235 2
    endloop
  endfacet
  facet normal 0.138568 -0.696482 0.704068
    outer loop
      vertex 3.2781 5.18546 0.45
      vertex 3.07569 6.71207 2
      vertex 3.06001 5.14207 0.45
    endloop
  endfacet
  facet normal -0.590452 0.394526 0.704071
    outer loop
      vertex 6.07052 1.52757 2
      vertex 6.30519 1.87878 2
      vertex 4.8487 2.46511 0.45
    endloop
  endfacet
  facet normal -0.392724 -0.591572 0.704138
    outer loop
      vertex 4.35 4.97224 0.45
      vertex 5.12122 6.30519 2
      vertex 5.12003 6.30598 2
    endloop
  endfacet
  facet normal -0.394528 -0.590451 0.704071
    outer loop
      vertex 5.12122 6.30519 2
      vertex 4.35 4.97224 0.45
      vertex 4.53489 4.8487 0.45
    endloop
  endfacet
  facet normal 0.468227 0.5339 0.70407
    outer loop
      vertex 1.52757 0.929483 2
      vertex 2.46511 2.1513 0.45
      vertex 1.21 1.20799 2
    endloop
  endfacet
  facet normal -0.3136 -0.637155 0.704052
    outer loop
      vertex 5.11875 6.30661 2
      vertex 4.35 4.97224 0.45
      vertex 5.12003 6.30598 2
    endloop
  endfacet
  facet normal -0.314076 -0.636901 0.704069
    outer loop
      vertex 4.35 4.97224 0.45
      vertex 5.11875 6.30661 2
      vertex 4.15056 5.07059 0.45
    endloop
  endfacet
  facet normal -0.314087 0.636896 0.704068
    outer loop
      vertex 4.73992 0.50657 2
      vertex 5.11875 0.693391 2
      vertex 4.15056 1.9294 0.45
    endloop
  endfacet
  facet normal -0.672442 0.228267 0.704071
    outer loop
      vertex 5.07059 2.84944 0.45
      vertex 6.49389 2.26143 2
      vertex 5.14207 3.06001 0.45
    endloop
  endfacet
  facet normal -0.672155 0.229031 0.704097
    outer loop
      vertex 6.49389 2.26143 2
      vertex 5.07059 2.84944 0.45
      vertex 6.49343 2.26008 2
    endloop
  endfacet
  facet normal -0.636895 -0.314085 0.70407
    outer loop
      vertex 6.49343 4.73992 2
      vertex 6.30661 5.11875 2
      vertex 5.07059 4.15056 0.45
    endloop
  endfacet
  facet normal -0.314085 -0.636895 0.70407
    outer loop
      vertex 5.11875 6.30661 2
      vertex 4.73992 6.49343 2
      vertex 4.15056 5.07059 0.45
    endloop
  endfacet
  facet normal -0.228257 -0.672447 0.70407
    outer loop
      vertex 4.73857 6.49389 2
      vertex 4.33859 6.62966 2
      vertex 3.93999 5.14207 0.45
    endloop
  endfacet
  facet normal -0.394526 -0.590452 0.704071
    outer loop
      vertex 5.47243 6.07052 2
      vertex 5.12122 6.30519 2
      vertex 4.53489 4.8487 0.45
    endloop
  endfacet
  facet normal -0.708613 0.046435 0.704068
    outer loop
      vertex 6.71244 3.07851 2
      vertex 6.74006 3.5 2
      vertex 5.2 3.5 0.45
    endloop
  endfacet
  facet normal -0.0469051 0.708567 0.704083
    outer loop
      vertex 3.72189 1.81454 0.45
      vertex 3.92149 0.28756 2
      vertex 3.92291 0.287654 2
    endloop
  endfacet
  facet normal -0.0464339 0.708613 0.704068
    outer loop
      vertex 3.92149 0.28756 2
      vertex 3.72189 1.81454 0.45
      vertex 3.5 1.8 0.45
    endloop
  endfacet
  facet normal -0.708613 0.0464319 0.704068
    outer loop
      vertex 5.18546 3.2781 0.45
      vertex 6.71244 3.07851 2
      vertex 5.2 3.5 0.45
    endloop
  endfacet
  facet normal -0.70876 0.0449214 0.704018
    outer loop
      vertex 6.71244 3.07851 2
      vertex 5.18546 3.2781 0.45
      vertex 6.71235 3.07709 2
    endloop
  endfacet
  facet normal -0.672447 0.228257 0.70407
    outer loop
      vertex 6.49389 2.26143 2
      vertex 6.62966 2.66141 2
      vertex 5.14207 3.06001 0.45
    endloop
  endfacet
  facet normal -0.637122 0.313584 0.704088
    outer loop
      vertex 5.07059 2.84944 0.45
      vertex 6.4928 2.2588 2
      vertex 6.49343 2.26008 2
    endloop
  endfacet
  facet normal -0.6369 0.314075 0.704071
    outer loop
      vertex 6.4928 2.2588 2
      vertex 5.07059 2.84944 0.45
      vertex 4.97224 2.65 0.45
    endloop
  endfacet
  facet normal 0.138539 0.696486 0.70407
    outer loop
      vertex 3.07569 0.287932 2
      vertex 3.06001 1.85793 0.45
      vertex 2.66141 0.370337 2
    endloop
  endfacet
  facet normal -0.533897 0.468229 0.704071
    outer loop
      vertex 5.79201 1.21 2
      vertex 6.07052 1.52757 2
      vertex 4.8487 2.46511 0.45
    endloop
  endfacet
  facet normal 0.708613 0.0464319 0.704068
    outer loop
      vertex 0.28756 3.07851 2
      vertex 1.81454 3.2781 0.45
      vertex 1.8 3.5 0.45
    endloop
  endfacet
  facet normal 0.708567 0.0469051 0.704083
    outer loop
      vertex 1.81454 3.2781 0.45
      vertex 0.28756 3.07851 2
      vertex 0.287654 3.07709 2
    endloop
  endfacet
  facet normal 0.672444 0.228264 0.70407
    outer loop
      vertex 0.506112 2.26143 2
      vertex 1.85793 3.06001 0.45
      vertex 0.370337 2.66141 2
    endloop
  endfacet
  facet normal 0.672489 -0.228148 0.704064
    outer loop
      vertex 0.506112 4.73857 2
      vertex 1.9294 4.15056 0.45
      vertex 0.50657 4.73992 2
    endloop
  endfacet
  facet normal 0.672455 -0.228239 0.704067
    outer loop
      vertex 1.9294 4.15056 0.45
      vertex 0.506112 4.73857 2
      vertex 1.85793 3.93999 0.45
    endloop
  endfacet
  facet normal 0.313584 -0.637122 0.704088
    outer loop
      vertex 2.2588 6.4928 2
      vertex 2.84944 5.07059 0.45
      vertex 2.26008 6.49343 2
    endloop
  endfacet
  facet normal 0.314075 -0.6369 0.704071
    outer loop
      vertex 2.84944 5.07059 0.45
      vertex 2.2588 6.4928 2
      vertex 2.65 4.97224 0.45
    endloop
  endfacet
  facet normal 0.392724 -0.591572 0.704138
    outer loop
      vertex 1.87878 6.30519 2
      vertex 2.65 4.97224 0.45
      vertex 1.87997 6.30598 2
    endloop
  endfacet
  facet normal 0.394528 -0.590451 0.704071
    outer loop
      vertex 2.65 4.97224 0.45
      vertex 1.87878 6.30519 2
      vertex 2.46511 4.8487 0.45
    endloop
  endfacet
  facet normal -0.138547 -0.696484 0.70407
    outer loop
      vertex 3.93999 5.14207 0.45
      vertex 4.33859 6.62966 2
      vertex 3.92431 6.71207 2
    endloop
  endfacet
  facet normal -0.394528 0.590451 0.70407
    outer loop
      vertex 4.35 2.02776 0.45
      vertex 5.12122 0.694813 2
      vertex 4.53489 2.1513 0.45
    endloop
  endfacet
  facet normal -0.393428 0.591136 0.704111
    outer loop
      vertex 5.12122 0.694813 2
      vertex 4.35 2.02776 0.45
      vertex 5.12003 0.694021 2
    endloop
  endfacet
  facet normal -0.3136 0.637155 0.704052
    outer loop
      vertex 4.35 2.02776 0.45
      vertex 5.11875 0.693391 2
      vertex 5.12003 0.694021 2
    endloop
  endfacet
  facet normal -0.314101 0.636888 0.70407
    outer loop
      vertex 5.11875 0.693391 2
      vertex 4.35 2.02776 0.45
      vertex 4.15056 1.9294 0.45
    endloop
  endfacet
  facet normal 0.533908 0.468219 0.704069
    outer loop
      vertex 1.20799 1.21 2
      vertex 2.29792 2.29792 0.45
      vertex 2.1513 2.46511 0.45
    endloop
  endfacet
  facet normal 0.533486 0.46867 0.704089
    outer loop
      vertex 2.29792 2.29792 0.45
      vertex 1.20799 1.21 2
      vertex 1.20893 1.20893 2
    endloop
  endfacet
  facet normal 0.046435 -0.708613 0.704068
    outer loop
      vertex 3.5 5.2 0.45
      vertex 3.5 6.74006 2
      vertex 3.07851 6.71244 2
    endloop
  endfacet
  facet normal 0.0464433 0.708611 0.704069
    outer loop
      vertex 3.5 0.259935 2
      vertex 3.5 1.8 0.45
      vertex 3.07851 0.28756 2
    endloop
  endfacet
  facet normal -0.696365 0.139273 0.704044
    outer loop
      vertex 5.18546 3.2781 0.45
      vertex 6.71207 3.07569 2
      vertex 6.71235 3.07709 2
    endloop
  endfacet
  facet normal -0.696482 0.138568 0.704068
    outer loop
      vertex 6.71207 3.07569 2
      vertex 5.18546 3.2781 0.45
      vertex 5.14207 3.06001 0.45
    endloop
  endfacet
  facet normal 0.138547 -0.696484 0.70407
    outer loop
      vertex 3.06001 5.14207 0.45
      vertex 3.07569 6.71207 2
      vertex 2.66141 6.62966 2
    endloop
  endfacet
  facet normal 0.394528 0.590451 0.70407
    outer loop
      vertex 1.87878 0.694813 2
      vertex 2.65 2.02776 0.45
      vertex 2.46511 2.1513 0.45
    endloop
  endfacet
  facet normal 0.393428 0.591136 0.704111
    outer loop
      vertex 2.65 2.02776 0.45
      vertex 1.87878 0.694813 2
      vertex 1.87997 0.694021 2
    endloop
  endfacet
  facet normal -0.590452 -0.394526 0.704071
    outer loop
      vertex 6.30519 5.12122 2
      vertex 6.07052 5.47243 2
      vertex 4.8487 4.53489 0.45
    endloop
  endfacet
  facet normal -0.533908 0.468219 0.704069
    outer loop
      vertex 4.70208 2.29792 0.45
      vertex 5.79201 1.21 2
      vertex 4.8487 2.46511 0.45
    endloop
  endfacet
  facet normal -0.533486 0.46867 0.704089
    outer loop
      vertex 5.79201 1.21 2
      vertex 4.70208 2.29792 0.45
      vertex 5.79107 1.20893 2
    endloop
  endfacet
  facet normal 0.590451 -0.394528 0.70407
    outer loop
      vertex 0.694813 5.12122 2
      vertex 2.02776 4.35 0.45
      vertex 2.1513 4.53489 0.45
    endloop
  endfacet
  facet normal 0.591136 -0.393428 0.704111
    outer loop
      vertex 2.02776 4.35 0.45
      vertex 0.694813 5.12122 2
      vertex 0.694021 5.12003 2
    endloop
  endfacet
  facet normal -0.46867 0.533486 0.704089
    outer loop
      vertex 4.70208 2.29792 0.45
      vertex 5.79 1.20799 2
      vertex 5.79107 1.20893 2
    endloop
  endfacet
  facet normal -0.468219 0.533908 0.704069
    outer loop
      vertex 5.79 1.20799 2
      vertex 4.70208 2.29792 0.45
      vertex 4.53489 2.1513 0.45
    endloop
  endfacet
  facet normal 0.5339 0.468227 0.70407
    outer loop
      vertex 1.20799 1.21 2
      vertex 2.1513 2.46511 0.45
      vertex 0.929483 1.52757 2
    endloop
  endfacet
  facet normal 0.590451 0.394528 0.70407
    outer loop
      vertex 2.02776 2.65 0.45
      vertex 0.694813 1.87878 2
      vertex 2.1513 2.46511 0.45
    endloop
  endfacet
  facet normal 0.591136 0.393428 0.704111
    outer loop
      vertex 0.694813 1.87878 2
      vertex 2.02776 2.65 0.45
      vertex 0.694021 1.87997 2
    endloop
  endfacet
  facet normal -0.696484 0.138547 0.70407
    outer loop
      vertex 6.62966 2.66141 2
      vertex 6.71207 3.07569 2
      vertex 5.14207 3.06001 0.45
    endloop
  endfacet
  facet normal 0.636895 0.314087 0.70407
    outer loop
      vertex 0.694021 1.87997 2
      vertex 2.02776 2.65 0.45
      vertex 0.5072 2.2588 2
    endloop
  endfacet
  facet normal 0.468229 -0.533897 0.704071
    outer loop
      vertex 2.46511 4.8487 0.45
      vertex 1.52757 6.07052 2
      vertex 1.21 5.79201 2
    endloop
  endfacet
  facet normal 0.468219 0.533908 0.704069
    outer loop
      vertex 2.29792 2.29792 0.45
      vertex 1.21 1.20799 2
      vertex 2.46511 2.1513 0.45
    endloop
  endfacet
  facet normal 0.46867 0.533486 0.704089
    outer loop
      vertex 1.21 1.20799 2
      vertex 2.29792 2.29792 0.45
      vertex 1.20893 1.20893 2
    endloop
  endfacet
  facet normal -0.046435 -0.708613 0.704068
    outer loop
      vertex 3.92149 6.71244 2
      vertex 3.5 6.74006 2
      vertex 3.5 5.2 0.45
    endloop
  endfacet
  facet normal -0.138539 0.696486 0.70407
    outer loop
      vertex 4.33859 0.370337 2
      vertex 3.93999 1.85793 0.45
      vertex 3.92431 0.287932 2
    endloop
  endfacet
  facet normal -0.672447 -0.228257 0.70407
    outer loop
      vertex 6.62966 4.33859 2
      vertex 6.49389 4.73857 2
      vertex 5.14207 3.93999 0.45
    endloop
  endfacet
  facet normal 0.394526 0.590453 0.70407
    outer loop
      vertex 1.87878 0.694813 2
      vertex 2.46511 2.1513 0.45
      vertex 1.52757 0.929483 2
    endloop
  endfacet
  facet normal 0.672444 -0.228264 0.70407
    outer loop
      vertex 1.85793 3.93999 0.45
      vertex 0.506112 4.73857 2
      vertex 0.370337 4.33859 2
    endloop
  endfacet
  facet normal 0.696486 -0.138539 0.70407
    outer loop
      vertex 1.85793 3.93999 0.45
      vertex 0.370337 4.33859 2
      vertex 0.287932 3.92431 2
    endloop
  endfacet
  facet normal -0.228264 0.672444 0.70407
    outer loop
      vertex 4.33859 0.370337 2
      vertex 4.73857 0.506112 2
      vertex 3.93999 1.85793 0.45
    endloop
  endfacet
  facet normal -0.138562 0.696483 0.704068
    outer loop
      vertex 3.72189 1.81454 0.45
      vertex 3.92431 0.287932 2
      vertex 3.93999 1.85793 0.45
    endloop
  endfacet
  facet normal -0.13831 0.696525 0.704076
    outer loop
      vertex 3.92431 0.287932 2
      vertex 3.72189 1.81454 0.45
      vertex 3.92291 0.287654 2
    endloop
  endfacet
  facet normal -0.394526 0.590453 0.70407
    outer loop
      vertex 5.12122 0.694813 2
      vertex 5.47243 0.929483 2
      vertex 4.53489 2.1513 0.45
    endloop
  endfacet
  facet normal -0.468227 0.5339 0.70407
    outer loop
      vertex 5.47243 0.929483 2
      vertex 5.79 1.20799 2
      vertex 4.53489 2.1513 0.45
    endloop
  endfacet
  facet normal 0.0464319 0.708613 0.704068
    outer loop
      vertex 3.2781 1.81454 0.45
      vertex 3.07851 0.28756 2
      vertex 3.5 1.8 0.45
    endloop
  endfacet
  facet normal 0.0469051 0.708567 0.704083
    outer loop
      vertex 3.07851 0.28756 2
      vertex 3.2781 1.81454 0.45
      vertex 3.07709 0.287654 2
    endloop
  endfacet
  facet normal 0.636896 -0.314087 0.704068
    outer loop
      vertex 1.9294 4.15056 0.45
      vertex 0.693391 5.11875 2
      vertex 0.50657 4.73992 2
    endloop
  endfacet
  facet normal -0.636896 0.314085 0.70407
    outer loop
      vertex 6.30598 1.87997 2
      vertex 6.4928 2.2588 2
      vertex 4.97224 2.65 0.45
    endloop
  endfacet
  facet normal -0.228148 0.672489 0.704064
    outer loop
      vertex 4.15056 1.9294 0.45
      vertex 4.73857 0.506112 2
      vertex 4.73992 0.50657 2
    endloop
  endfacet
  facet normal -0.228239 0.672455 0.704067
    outer loop
      vertex 4.73857 0.506112 2
      vertex 4.15056 1.9294 0.45
      vertex 3.93999 1.85793 0.45
    endloop
  endfacet
  facet normal 0.228239 0.672455 0.704067
    outer loop
      vertex 2.84944 1.9294 0.45
      vertex 2.26143 0.506112 2
      vertex 3.06001 1.85793 0.45
    endloop
  endfacet
  facet normal 0.228148 0.672489 0.704064
    outer loop
      vertex 2.26143 0.506112 2
      vertex 2.84944 1.9294 0.45
      vertex 2.26008 0.50657 2
    endloop
  endfacet
  facet normal -0.591572 0.392724 0.704138
    outer loop
      vertex 4.97224 2.65 0.45
      vertex 6.30519 1.87878 2
      vertex 6.30598 1.87997 2
    endloop
  endfacet
  facet normal -0.590451 0.394528 0.704071
    outer loop
      vertex 6.30519 1.87878 2
      vertex 4.97224 2.65 0.45
      vertex 4.8487 2.46511 0.45
    endloop
  endfacet
  facet normal 0.533486 -0.46867 0.704089
    outer loop
      vertex 1.20799 5.79 2
      vertex 2.29792 4.70208 0.45
      vertex 1.20893 5.79107 2
    endloop
  endfacet
  facet normal 0.533908 -0.468219 0.704069
    outer loop
      vertex 2.29792 4.70208 0.45
      vertex 1.20799 5.79 2
      vertex 2.1513 4.53489 0.45
    endloop
  endfacet
  facet normal 0.228257 -0.672447 0.70407
    outer loop
      vertex 3.06001 5.14207 0.45
      vertex 2.66141 6.62966 2
      vertex 2.26143 6.49389 2
    endloop
  endfacet
  facet normal 0.672455 0.228239 0.704067
    outer loop
      vertex 0.506112 2.26143 2
      vertex 1.9294 2.84944 0.45
      vertex 1.85793 3.06001 0.45
    endloop
  endfacet
  facet normal 0.672489 0.228148 0.704064
    outer loop
      vertex 1.9294 2.84944 0.45
      vertex 0.506112 2.26143 2
      vertex 0.50657 2.26008 2
    endloop
  endfacet
  facet normal -0.0464339 -0.708613 0.704068
    outer loop
      vertex 3.72189 5.18546 0.45
      vertex 3.92149 6.71244 2
      vertex 3.5 5.2 0.45
    endloop
  endfacet
  facet normal -0.0449214 -0.70876 0.704018
    outer loop
      vertex 3.92149 6.71244 2
      vertex 3.72189 5.18546 0.45
      vertex 3.92291 6.71235 2
    endloop
  endfacet
  facet normal 0.0449214 -0.70876 0.704018
    outer loop
      vertex 3.2781 5.18546 0.45
      vertex 3.07851 6.71244 2
      vertex 3.07709 6.71235 2
    endloop
  endfacet
  facet normal 0.0464319 -0.708613 0.704068
    outer loop
      vertex 3.07851 6.71244 2
      vertex 3.2781 5.18546 0.45
      vertex 3.5 5.2 0.45
    endloop
  endfacet
  facet normal 0.13831 0.696526 0.704075
    outer loop
      vertex 3.2781 1.81454 0.45
      vertex 3.07569 0.287932 2
      vertex 3.07709 0.287654 2
    endloop
  endfacet
  facet normal 0.138568 0.696483 0.704067
    outer loop
      vertex 3.07569 0.287932 2
      vertex 3.2781 1.81454 0.45
      vertex 3.06001 1.85793 0.45
    endloop
  endfacet
  facet normal -0.672155 -0.229031 0.704097
    outer loop
      vertex 5.07059 4.15056 0.45
      vertex 6.49389 4.73857 2
      vertex 6.49343 4.73992 2
    endloop
  endfacet
  facet normal -0.672442 -0.228267 0.704071
    outer loop
      vertex 6.49389 4.73857 2
      vertex 5.07059 4.15056 0.45
      vertex 5.14207 3.93999 0.45
    endloop
  endfacet
  facet normal -0.591572 -0.392724 0.704138
    outer loop
      vertex 6.30519 5.12122 2
      vertex 4.97224 4.35 0.45
      vertex 6.30598 5.12003 2
    endloop
  endfacet
  facet normal -0.590451 -0.394528 0.704071
    outer loop
      vertex 4.97224 4.35 0.45
      vertex 6.30519 5.12122 2
      vertex 4.8487 4.53489 0.45
    endloop
  endfacet
  facet normal 0.394526 -0.590452 0.704071
    outer loop
      vertex 2.46511 4.8487 0.45
      vertex 1.87878 6.30519 2
      vertex 1.52757 6.07052 2
    endloop
  endfacet
  facet normal 0.708611 0.0464433 0.704069
    outer loop
      vertex 0.28756 3.07851 2
      vertex 1.8 3.5 0.45
      vertex 0.259935 3.5 2
    endloop
  endfacet
  facet normal -0.0464433 0.708611 0.704069
    outer loop
      vertex 3.92149 0.28756 2
      vertex 3.5 1.8 0.45
      vertex 3.5 0.259935 2
    endloop
  endfacet
  facet normal -0.229031 -0.672155 0.704097
    outer loop
      vertex 4.73857 6.49389 2
      vertex 4.15056 5.07059 0.45
      vertex 4.73992 6.49343 2
    endloop
  endfacet
  facet normal -0.228267 -0.672442 0.704071
    outer loop
      vertex 4.15056 5.07059 0.45
      vertex 4.73857 6.49389 2
      vertex 3.93999 5.14207 0.45
    endloop
  endfacet
  facet normal 0.708611 -0.0464433 0.704069
    outer loop
      vertex 1.8 3.5 0.45
      vertex 0.28756 3.92149 2
      vertex 0.259935 3.5 2
    endloop
  endfacet
  facet normal 0.314102 0.63689 0.704068
    outer loop
      vertex 2.2588 0.5072 2
      vertex 2.84944 1.9294 0.45
      vertex 2.65 2.02776 0.45
    endloop
  endfacet
  facet normal 0.313585 0.637124 0.704086
    outer loop
      vertex 2.84944 1.9294 0.45
      vertex 2.2588 0.5072 2
      vertex 2.26008 0.50657 2
    endloop
  endfacet
  facet normal 0.314087 0.636895 0.70407
    outer loop
      vertex 2.2588 0.5072 2
      vertex 2.65 2.02776 0.45
      vertex 1.87997 0.694021 2
    endloop
  endfacet
  facet normal 0.637155 -0.3136 0.704052
    outer loop
      vertex 0.693391 5.11875 2
      vertex 2.02776 4.35 0.45
      vertex 0.694021 5.12003 2
    endloop
  endfacet
  facet normal 0.636888 -0.314101 0.70407
    outer loop
      vertex 2.02776 4.35 0.45
      vertex 0.693391 5.11875 2
      vertex 1.9294 4.15056 0.45
    endloop
  endfacet
  facet normal -0.637155 -0.3136 0.704052
    outer loop
      vertex 4.97224 4.35 0.45
      vertex 6.30661 5.11875 2
      vertex 6.30598 5.12003 2
    endloop
  endfacet
  facet normal -0.636901 -0.314076 0.704069
    outer loop
      vertex 6.30661 5.11875 2
      vertex 4.97224 4.35 0.45
      vertex 5.07059 4.15056 0.45
    endloop
  endfacet
  facet normal 0.314085 -0.636896 0.70407
    outer loop
      vertex 2.65 4.97224 0.45
      vertex 2.2588 6.4928 2
      vertex 1.87997 6.30598 2
    endloop
  endfacet
  facet normal -0.696484 -0.138547 0.70407
    outer loop
      vertex 6.71207 3.92431 2
      vertex 6.62966 4.33859 2
      vertex 5.14207 3.93999 0.45
    endloop
  endfacet
  facet normal -0.696365 -0.139273 0.704045
    outer loop
      vertex 6.71207 3.92431 2
      vertex 5.18546 3.72189 0.45
      vertex 6.71235 3.92291 2
    endloop
  endfacet
  facet normal -0.696483 -0.138562 0.704068
    outer loop
      vertex 5.18546 3.72189 0.45
      vertex 6.71207 3.92431 2
      vertex 5.14207 3.93999 0.45
    endloop
  endfacet
  facet normal -0.533897 -0.468229 0.704071
    outer loop
      vertex 6.07052 5.47243 2
      vertex 5.79201 5.79 2
      vertex 4.8487 4.53489 0.45
    endloop
  endfacet
  facet normal 0.696483 -0.138562 0.704068
    outer loop
      vertex 0.287932 3.92431 2
      vertex 1.81454 3.72189 0.45
      vertex 1.85793 3.93999 0.45
    endloop
  endfacet
  facet normal 0.696525 -0.13831 0.704076
    outer loop
      vertex 1.81454 3.72189 0.45
      vertex 0.287932 3.92431 2
      vertex 0.287654 3.92291 2
    endloop
  endfacet
  facet normal 0.696486 0.138539 0.70407
    outer loop
      vertex 0.370337 2.66141 2
      vertex 1.85793 3.06001 0.45
      vertex 0.287932 3.07569 2
    endloop
  endfacet
  facet normal 0.696483 0.138568 0.704067
    outer loop
      vertex 1.81454 3.2781 0.45
      vertex 0.287932 3.07569 2
      vertex 1.85793 3.06001 0.45
    endloop
  endfacet
  facet normal 0.696526 0.13831 0.704075
    outer loop
      vertex 0.287932 3.07569 2
      vertex 1.81454 3.2781 0.45
      vertex 0.287654 3.07709 2
    endloop
  endfacet
  facet normal 0.468219 -0.533908 0.704069
    outer loop
      vertex 1.21 5.79201 2
      vertex 2.29792 4.70208 0.45
      vertex 2.46511 4.8487 0.45
    endloop
  endfacet
  facet normal 0.46867 -0.533486 0.704089
    outer loop
      vertex 2.29792 4.70208 0.45
      vertex 1.21 5.79201 2
      vertex 1.20893 5.79107 2
    endloop
  endfacet
  facet normal 0.5339 -0.468227 0.70407
    outer loop
      vertex 2.1513 4.53489 0.45
      vertex 1.20799 5.79 2
      vertex 0.929483 5.47243 2
    endloop
  endfacet
  facet normal -0.46867 -0.533486 0.704089
    outer loop
      vertex 5.79 5.79201 2
      vertex 4.70208 4.70208 0.45
      vertex 5.79107 5.79107 2
    endloop
  endfacet
  facet normal -0.468219 -0.533908 0.704069
    outer loop
      vertex 4.70208 4.70208 0.45
      vertex 5.79 5.79201 2
      vertex 4.53489 4.8487 0.45
    endloop
  endfacet
  facet normal -0.533486 -0.46867 0.704089
    outer loop
      vertex 4.70208 4.70208 0.45
      vertex 5.79201 5.79 2
      vertex 5.79107 5.79107 2
    endloop
  endfacet
  facet normal -0.533908 -0.468219 0.704069
    outer loop
      vertex 5.79201 5.79 2
      vertex 4.70208 4.70208 0.45
      vertex 4.8487 4.53489 0.45
    endloop
  endfacet
  facet normal -0.98077 -0.195165 0
    outer loop
      vertex 94.1855 3.72189 0
      vertex 94.1421 3.93999 0.45
      vertex 94.1421 3.93999 0
    endloop
  endfacet
  facet normal -0.98077 -0.195165 0
    outer loop
      vertex 94.1421 3.93999 0.45
      vertex 94.1855 3.72189 0
      vertex 94.1855 3.72189 0.45
    endloop
  endfacet
  facet normal -0.997872 -0.0652086 0
    outer loop
      vertex 94.2 3.5 0
      vertex 94.1855 3.72189 0.45
      vertex 94.1855 3.72189 0
    endloop
  endfacet
  facet normal -0.997872 -0.0652086 0
    outer loop
      vertex 94.1855 3.72189 0.45
      vertex 94.2 3.5 0
      vertex 94.2 3.5 0.45
    endloop
  endfacet
  facet normal 0.442349 -0.896843 0
    outer loop
      vertex 91.65 4.97224 0
      vertex 91.8494 5.07059 0.45
      vertex 91.65 4.97224 0.45
    endloop
  endfacet
  facet normal 0.442349 -0.896843 0
    outer loop
      vertex 91.8494 5.07059 0.45
      vertex 91.65 4.97224 0
      vertex 91.8494 5.07059 0
    endloop
  endfacet
  facet normal -0.555551 -0.831483 0
    outer loop
      vertex 93.35 4.97224 0
      vertex 93.5349 4.8487 0.45
      vertex 93.35 4.97224 0.45
    endloop
  endfacet
  facet normal -0.555551 -0.831483 -0
    outer loop
      vertex 93.5349 4.8487 0.45
      vertex 93.35 4.97224 0
      vertex 93.5349 4.8487 0
    endloop
  endfacet
  facet normal 0.659319 -0.751863 0
    outer loop
      vertex 91.2979 4.70208 0
      vertex 91.4651 4.8487 0.45
      vertex 91.2979 4.70208 0.45
    endloop
  endfacet
  facet normal 0.659319 -0.751863 0
    outer loop
      vertex 91.4651 4.8487 0.45
      vertex 91.2979 4.70208 0
      vertex 91.4651 4.8487 0
    endloop
  endfacet
  facet normal -0.321363 0.946956 0
    outer loop
      vertex 93.1506 1.9294 0
      vertex 92.94 1.85793 0.45
      vertex 93.1506 1.9294 0.45
    endloop
  endfacet
  facet normal -0.321363 0.946956 0
    outer loop
      vertex 92.94 1.85793 0.45
      vertex 93.1506 1.9294 0
      vertex 92.94 1.85793 0
    endloop
  endfacet
  facet normal -0.831552 0.555447 0
    outer loop
      vertex 93.8487 2.46511 0
      vertex 93.9722 2.65 0.45
      vertex 93.9722 2.65 0
    endloop
  endfacet
  facet normal -0.831552 0.555447 0
    outer loop
      vertex 93.9722 2.65 0.45
      vertex 93.8487 2.46511 0
      vertex 93.8487 2.46511 0.45
    endloop
  endfacet
  facet normal -0.946901 0.321525 0
    outer loop
      vertex 94.0706 2.84944 0
      vertex 94.1421 3.06001 0.45
      vertex 94.1421 3.06001 0
    endloop
  endfacet
  facet normal -0.946901 0.321525 0
    outer loop
      vertex 94.1421 3.06001 0.45
      vertex 94.0706 2.84944 0
      vertex 94.0706 2.84944 0.45
    endloop
  endfacet
  facet normal -0.321403 -0.946943 0
    outer loop
      vertex 92.94 5.14207 0
      vertex 93.1506 5.07059 0.45
      vertex 92.94 5.14207 0.45
    endloop
  endfacet
  facet normal -0.321403 -0.946943 -0
    outer loop
      vertex 93.1506 5.07059 0.45
      vertex 92.94 5.14207 0
      vertex 93.1506 5.07059 0
    endloop
  endfacet
  facet normal -0.195122 -0.980779 0
    outer loop
      vertex 92.7219 5.18546 0
      vertex 92.94 5.14207 0.45
      vertex 92.7219 5.18546 0.45
    endloop
  endfacet
  facet normal -0.195122 -0.980779 -0
    outer loop
      vertex 92.94 5.14207 0.45
      vertex 92.7219 5.18546 0
      vertex 92.94 5.14207 0
    endloop
  endfacet
  facet normal 0.555551 -0.831483 0
    outer loop
      vertex 91.4651 4.8487 0
      vertex 91.65 4.97224 0.45
      vertex 91.4651 4.8487 0.45
    endloop
  endfacet
  facet normal 0.555551 -0.831483 0
    outer loop
      vertex 91.65 4.97224 0.45
      vertex 91.4651 4.8487 0
      vertex 91.65 4.97224 0
    endloop
  endfacet
  facet normal -0.896789 0.442459 0
    outer loop
      vertex 93.9722 2.65 0
      vertex 94.0706 2.84944 0.45
      vertex 94.0706 2.84944 0
    endloop
  endfacet
  facet normal -0.896789 0.442459 0
    outer loop
      vertex 94.0706 2.84944 0.45
      vertex 93.9722 2.65 0
      vertex 93.9722 2.65 0.45
    endloop
  endfacet
  facet normal -0.659319 -0.751863 0
    outer loop
      vertex 93.5349 4.8487 0
      vertex 93.7021 4.70208 0.45
      vertex 93.5349 4.8487 0.45
    endloop
  endfacet
  facet normal -0.659319 -0.751863 -0
    outer loop
      vertex 93.7021 4.70208 0.45
      vertex 93.5349 4.8487 0
      vertex 93.7021 4.70208 0
    endloop
  endfacet
  facet normal -0.555551 0.831483 0
    outer loop
      vertex 93.5349 2.1513 0
      vertex 93.35 2.02776 0.45
      vertex 93.5349 2.1513 0.45
    endloop
  endfacet
  facet normal -0.555551 0.831483 0
    outer loop
      vertex 93.35 2.02776 0.45
      vertex 93.5349 2.1513 0
      vertex 93.35 2.02776 0
    endloop
  endfacet
  facet normal -0.442349 -0.896843 0
    outer loop
      vertex 93.1506 5.07059 0
      vertex 93.35 4.97224 0.45
      vertex 93.1506 5.07059 0.45
    endloop
  endfacet
  facet normal -0.442349 -0.896843 -0
    outer loop
      vertex 93.35 4.97224 0.45
      vertex 93.1506 5.07059 0
      vertex 93.35 4.97224 0
    endloop
  endfacet
  facet normal 0.659319 0.751863 -0
    outer loop
      vertex 91.4651 2.1513 0
      vertex 91.2979 2.29792 0.45
      vertex 91.4651 2.1513 0.45
    endloop
  endfacet
  facet normal 0.659319 0.751863 0
    outer loop
      vertex 91.2979 2.29792 0.45
      vertex 91.4651 2.1513 0
      vertex 91.2979 2.29792 0
    endloop
  endfacet
  facet normal 0.751888 0.659291 0
    outer loop
      vertex 91.2979 2.29792 0.45
      vertex 91.1513 2.46511 0
      vertex 91.1513 2.46511 0.45
    endloop
  endfacet
  facet normal 0.751888 0.659291 0
    outer loop
      vertex 91.1513 2.46511 0
      vertex 91.2979 2.29792 0.45
      vertex 91.2979 2.29792 0
    endloop
  endfacet
  facet normal 0.831552 0.555447 0
    outer loop
      vertex 91.1513 2.46511 0.45
      vertex 91.0278 2.65 0
      vertex 91.0278 2.65 0.45
    endloop
  endfacet
  facet normal 0.831552 0.555447 0
    outer loop
      vertex 91.0278 2.65 0
      vertex 91.1513 2.46511 0.45
      vertex 91.1513 2.46511 0
    endloop
  endfacet
  facet normal -0.831552 -0.555447 0
    outer loop
      vertex 93.9722 4.35 0
      vertex 93.8487 4.53489 0.45
      vertex 93.8487 4.53489 0
    endloop
  endfacet
  facet normal -0.831552 -0.555447 0
    outer loop
      vertex 93.8487 4.53489 0.45
      vertex 93.9722 4.35 0
      vertex 93.9722 4.35 0.45
    endloop
  endfacet
  facet normal -0.195122 0.980779 0
    outer loop
      vertex 92.94 1.85793 0
      vertex 92.7219 1.81454 0.45
      vertex 92.94 1.85793 0.45
    endloop
  endfacet
  facet normal -0.195122 0.980779 0
    outer loop
      vertex 92.7219 1.81454 0.45
      vertex 92.94 1.85793 0
      vertex 92.7219 1.81454 0
    endloop
  endfacet
  facet normal -0.980769 0.195173 0
    outer loop
      vertex 94.1421 3.06001 0
      vertex 94.1855 3.2781 0.45
      vertex 94.1855 3.2781 0
    endloop
  endfacet
  facet normal -0.980769 0.195173 0
    outer loop
      vertex 94.1855 3.2781 0.45
      vertex 94.1421 3.06001 0
      vertex 94.1421 3.06001 0.45
    endloop
  endfacet
  facet normal 0.946901 0.321525 0
    outer loop
      vertex 90.9294 2.84944 0.45
      vertex 90.8579 3.06001 0
      vertex 90.8579 3.06001 0.45
    endloop
  endfacet
  facet normal 0.946901 0.321525 0
    outer loop
      vertex 90.8579 3.06001 0
      vertex 90.9294 2.84944 0.45
      vertex 90.9294 2.84944 0
    endloop
  endfacet
  facet normal -0.442386 0.896825 0
    outer loop
      vertex 93.35 2.02776 0
      vertex 93.1506 1.9294 0.45
      vertex 93.35 2.02776 0.45
    endloop
  endfacet
  facet normal -0.442386 0.896825 0
    outer loop
      vertex 93.1506 1.9294 0.45
      vertex 93.35 2.02776 0
      vertex 93.1506 1.9294 0
    endloop
  endfacet
  facet normal -0.0653848 -0.99786 0
    outer loop
      vertex 92.5 5.2 0
      vertex 92.7219 5.18546 0.45
      vertex 92.5 5.2 0.45
    endloop
  endfacet
  facet normal -0.0653848 -0.99786 -0
    outer loop
      vertex 92.7219 5.18546 0.45
      vertex 92.5 5.2 0
      vertex 92.7219 5.18546 0
    endloop
  endfacet
  facet normal 0.321403 -0.946943 0
    outer loop
      vertex 91.8494 5.07059 0
      vertex 92.06 5.14207 0.45
      vertex 91.8494 5.07059 0.45
    endloop
  endfacet
  facet normal 0.321403 -0.946943 0
    outer loop
      vertex 92.06 5.14207 0.45
      vertex 91.8494 5.07059 0
      vertex 92.06 5.14207 0
    endloop
  endfacet
  facet normal 0.195122 -0.980779 0
    outer loop
      vertex 92.06 5.14207 0
      vertex 92.2781 5.18546 0.45
      vertex 92.06 5.14207 0.45
    endloop
  endfacet
  facet normal 0.195122 -0.980779 0
    outer loop
      vertex 92.2781 5.18546 0.45
      vertex 92.06 5.14207 0
      vertex 92.2781 5.18546 0
    endloop
  endfacet
  facet normal -0.896789 -0.442459 0
    outer loop
      vertex 94.0706 4.15056 0
      vertex 93.9722 4.35 0.45
      vertex 93.9722 4.35 0
    endloop
  endfacet
  facet normal -0.896789 -0.442459 0
    outer loop
      vertex 93.9722 4.35 0.45
      vertex 94.0706 4.15056 0
      vertex 94.0706 4.15056 0.45
    endloop
  endfacet
  facet normal -0.997872 0.0652057 0
    outer loop
      vertex 94.1855 3.2781 0
      vertex 94.2 3.5 0.45
      vertex 94.2 3.5 0
    endloop
  endfacet
  facet normal -0.997872 0.0652057 0
    outer loop
      vertex 94.2 3.5 0.45
      vertex 94.1855 3.2781 0
      vertex 94.1855 3.2781 0.45
    endloop
  endfacet
  facet normal -0.0653848 0.99786 0
    outer loop
      vertex 92.7219 1.81454 0
      vertex 92.5 1.8 0.45
      vertex 92.7219 1.81454 0.45
    endloop
  endfacet
  facet normal -0.0653848 0.99786 0
    outer loop
      vertex 92.5 1.8 0.45
      vertex 92.7219 1.81454 0
      vertex 92.5 1.8 0
    endloop
  endfacet
  facet normal -0.751888 -0.659291 0
    outer loop
      vertex 93.8487 4.53489 0
      vertex 93.7021 4.70208 0.45
      vertex 93.7021 4.70208 0
    endloop
  endfacet
  facet normal -0.751888 -0.659291 0
    outer loop
      vertex 93.7021 4.70208 0.45
      vertex 93.8487 4.53489 0
      vertex 93.8487 4.53489 0.45
    endloop
  endfacet
  facet normal 0.997872 0.0652057 0
    outer loop
      vertex 90.8145 3.2781 0.45
      vertex 90.8 3.5 0
      vertex 90.8 3.5 0.45
    endloop
  endfacet
  facet normal 0.997872 0.0652057 0
    outer loop
      vertex 90.8 3.5 0
      vertex 90.8145 3.2781 0.45
      vertex 90.8145 3.2781 0
    endloop
  endfacet
  facet normal -0.751888 0.659291 0
    outer loop
      vertex 93.7021 2.29792 0
      vertex 93.8487 2.46511 0.45
      vertex 93.8487 2.46511 0
    endloop
  endfacet
  facet normal -0.751888 0.659291 0
    outer loop
      vertex 93.8487 2.46511 0.45
      vertex 93.7021 2.29792 0
      vertex 93.7021 2.29792 0.45
    endloop
  endfacet
  facet normal 0.751888 -0.659291 0
    outer loop
      vertex 91.1513 4.53489 0.45
      vertex 91.2979 4.70208 0
      vertex 91.2979 4.70208 0.45
    endloop
  endfacet
  facet normal 0.751888 -0.659291 0
    outer loop
      vertex 91.2979 4.70208 0
      vertex 91.1513 4.53489 0.45
      vertex 91.1513 4.53489 0
    endloop
  endfacet
  facet normal 0.831552 -0.555447 0
    outer loop
      vertex 91.0278 4.35 0.45
      vertex 91.1513 4.53489 0
      vertex 91.1513 4.53489 0.45
    endloop
  endfacet
  facet normal 0.831552 -0.555447 0
    outer loop
      vertex 91.1513 4.53489 0
      vertex 91.0278 4.35 0.45
      vertex 91.0278 4.35 0
    endloop
  endfacet
  facet normal 0.0653848 -0.99786 0
    outer loop
      vertex 92.2781 5.18546 0
      vertex 92.5 5.2 0.45
      vertex 92.2781 5.18546 0.45
    endloop
  endfacet
  facet normal 0.0653848 -0.99786 0
    outer loop
      vertex 92.5 5.2 0.45
      vertex 92.2781 5.18546 0
      vertex 92.5 5.2 0
    endloop
  endfacet
  facet normal 0.980769 0.195173 0
    outer loop
      vertex 90.8579 3.06001 0.45
      vertex 90.8145 3.2781 0
      vertex 90.8145 3.2781 0.45
    endloop
  endfacet
  facet normal 0.980769 0.195173 0
    outer loop
      vertex 90.8145 3.2781 0
      vertex 90.8579 3.06001 0.45
      vertex 90.8579 3.06001 0
    endloop
  endfacet
  facet normal 0.321363 0.946956 -0
    outer loop
      vertex 92.06 1.85793 0
      vertex 91.8494 1.9294 0.45
      vertex 92.06 1.85793 0.45
    endloop
  endfacet
  facet normal 0.321363 0.946956 0
    outer loop
      vertex 91.8494 1.9294 0.45
      vertex 92.06 1.85793 0
      vertex 91.8494 1.9294 0
    endloop
  endfacet
  facet normal -0.946901 -0.321525 0
    outer loop
      vertex 94.1421 3.93999 0
      vertex 94.0706 4.15056 0.45
      vertex 94.0706 4.15056 0
    endloop
  endfacet
  facet normal -0.946901 -0.321525 0
    outer loop
      vertex 94.0706 4.15056 0.45
      vertex 94.1421 3.93999 0
      vertex 94.1421 3.93999 0.45
    endloop
  endfacet
  facet normal 0.442386 0.896825 -0
    outer loop
      vertex 91.8494 1.9294 0
      vertex 91.65 2.02776 0.45
      vertex 91.8494 1.9294 0.45
    endloop
  endfacet
  facet normal 0.442386 0.896825 0
    outer loop
      vertex 91.65 2.02776 0.45
      vertex 91.8494 1.9294 0
      vertex 91.65 2.02776 0
    endloop
  endfacet
  facet normal 0.555551 0.831483 -0
    outer loop
      vertex 91.65 2.02776 0
      vertex 91.4651 2.1513 0.45
      vertex 91.65 2.02776 0.45
    endloop
  endfacet
  facet normal 0.555551 0.831483 0
    outer loop
      vertex 91.4651 2.1513 0.45
      vertex 91.65 2.02776 0
      vertex 91.4651 2.1513 0
    endloop
  endfacet
  facet normal 0.195122 0.980779 -0
    outer loop
      vertex 92.2781 1.81454 0
      vertex 92.06 1.85793 0.45
      vertex 92.2781 1.81454 0.45
    endloop
  endfacet
  facet normal 0.195122 0.980779 0
    outer loop
      vertex 92.06 1.85793 0.45
      vertex 92.2781 1.81454 0
      vertex 92.06 1.85793 0
    endloop
  endfacet
  facet normal 0.896789 -0.442459 0
    outer loop
      vertex 90.9294 4.15056 0.45
      vertex 91.0278 4.35 0
      vertex 91.0278 4.35 0.45
    endloop
  endfacet
  facet normal 0.896789 -0.442459 0
    outer loop
      vertex 91.0278 4.35 0
      vertex 90.9294 4.15056 0.45
      vertex 90.9294 4.15056 0
    endloop
  endfacet
  facet normal 0.0653848 0.99786 -0
    outer loop
      vertex 92.5 1.8 0
      vertex 92.2781 1.81454 0.45
      vertex 92.5 1.8 0.45
    endloop
  endfacet
  facet normal 0.0653848 0.99786 0
    outer loop
      vertex 92.2781 1.81454 0.45
      vertex 92.5 1.8 0
      vertex 92.2781 1.81454 0
    endloop
  endfacet
  facet normal 0.896789 0.442459 0
    outer loop
      vertex 91.0278 2.65 0.45
      vertex 90.9294 2.84944 0
      vertex 90.9294 2.84944 0.45
    endloop
  endfacet
  facet normal 0.896789 0.442459 0
    outer loop
      vertex 90.9294 2.84944 0
      vertex 91.0278 2.65 0.45
      vertex 91.0278 2.65 0
    endloop
  endfacet
  facet normal 0.997872 -0.0652086 0
    outer loop
      vertex 90.8 3.5 0.45
      vertex 90.8145 3.72189 0
      vertex 90.8145 3.72189 0.45
    endloop
  endfacet
  facet normal 0.997872 -0.0652086 0
    outer loop
      vertex 90.8145 3.72189 0
      vertex 90.8 3.5 0.45
      vertex 90.8 3.5 0
    endloop
  endfacet
  facet normal 0.98077 -0.195165 0
    outer loop
      vertex 90.8145 3.72189 0.45
      vertex 90.8579 3.93999 0
      vertex 90.8579 3.93999 0.45
    endloop
  endfacet
  facet normal 0.98077 -0.195165 0
    outer loop
      vertex 90.8579 3.93999 0
      vertex 90.8145 3.72189 0.45
      vertex 90.8145 3.72189 0
    endloop
  endfacet
  facet normal 0.946901 -0.321525 0
    outer loop
      vertex 90.8579 3.93999 0.45
      vertex 90.9294 4.15056 0
      vertex 90.9294 4.15056 0.45
    endloop
  endfacet
  facet normal 0.946901 -0.321525 0
    outer loop
      vertex 90.9294 4.15056 0
      vertex 90.8579 3.93999 0.45
      vertex 90.8579 3.93999 0
    endloop
  endfacet
  facet normal -0.659319 0.751863 0
    outer loop
      vertex 93.7021 2.29792 0
      vertex 93.5349 2.1513 0.45
      vertex 93.7021 2.29792 0.45
    endloop
  endfacet
  facet normal -0.659319 0.751863 0
    outer loop
      vertex 93.5349 2.1513 0.45
      vertex 93.7021 2.29792 0
      vertex 93.5349 2.1513 0
    endloop
  endfacet
  facet normal 0.590431 -0.394562 0.704068
    outer loop
      vertex 91.1513 4.53489 0.45
      vertex 89.9295 5.47243 2
      vertex 89.6948 5.12122 2
    endloop
  endfacet
  facet normal 0.70829 -0.0498796 0.704157
    outer loop
      vertex 89.2876 3.92149 2
      vertex 90.8145 3.72189 0.45
      vertex 89.2877 3.92291 2
    endloop
  endfacet
  facet normal 0.708643 -0.0463082 0.704046
    outer loop
      vertex 90.8145 3.72189 0.45
      vertex 89.2876 3.92149 2
      vertex 90.8 3.5 0.45
    endloop
  endfacet
  facet normal -0.708599 -0.0465686 0.704073
    outer loop
      vertex 95.7401 3.5 2
      vertex 95.7124 3.92149 2
      vertex 94.2 3.5 0.45
    endloop
  endfacet
  facet normal -0.70829 -0.0498796 0.704157
    outer loop
      vertex 94.1855 3.72189 0.45
      vertex 95.7124 3.92149 2
      vertex 95.7123 3.92291 2
    endloop
  endfacet
  facet normal -0.708643 -0.0463082 0.704046
    outer loop
      vertex 95.7124 3.92149 2
      vertex 94.1855 3.72189 0.45
      vertex 94.2 3.5 0.45
    endloop
  endfacet
  facet normal 0.590431 0.394562 0.704068
    outer loop
      vertex 89.9295 1.52757 2
      vertex 91.1513 2.46511 0.45
      vertex 89.6948 1.87878 2
    endloop
  endfacet
  facet normal 0.228254 0.672447 0.704071
    outer loop
      vertex 91.6614 0.370337 2
      vertex 92.06 1.85793 0.45
      vertex 91.2614 0.506112 2
    endloop
  endfacet
  facet normal 0.636842 0.314206 0.704064
    outer loop
      vertex 90.9294 2.84944 0.45
      vertex 89.5072 2.2588 2
      vertex 91.0278 2.65 0.45
    endloop
  endfacet
  facet normal 0.64265 0.301242 0.704453
    outer loop
      vertex 89.5072 2.2588 2
      vertex 90.9294 2.84944 0.45
      vertex 89.5066 2.26008 2
    endloop
  endfacet
  facet normal -0.139273 -0.696366 0.704044
    outer loop
      vertex 92.7219 5.18546 0.45
      vertex 92.9243 6.71207 2
      vertex 92.9229 6.71235 2
    endloop
  endfacet
  facet normal -0.138562 -0.696484 0.704067
    outer loop
      vertex 92.9243 6.71207 2
      vertex 92.7219 5.18546 0.45
      vertex 92.94 5.14207 0.45
    endloop
  endfacet
  facet normal -0.468208 -0.533922 0.704066
    outer loop
      vertex 94.79 5.79201 2
      vertex 94.4724 6.07052 2
      vertex 93.5349 4.8487 0.45
    endloop
  endfacet
  facet normal 0.228238 -0.672454 0.704069
    outer loop
      vertex 91.2614 6.49389 2
      vertex 91.8494 5.07059 0.45
      vertex 92.06 5.14207 0.45
    endloop
  endfacet
  facet normal 0.236797 -0.669208 0.704335
    outer loop
      vertex 91.8494 5.07059 0.45
      vertex 91.2614 6.49389 2
      vertex 91.2601 6.49343 2
    endloop
  endfacet
  facet normal 0.139273 -0.696366 0.704044
    outer loop
      vertex 92.0757 6.71207 2
      vertex 92.2781 5.18546 0.45
      vertex 92.0771 6.71235 2
    endloop
  endfacet
  facet normal 0.138562 -0.696484 0.704067
    outer loop
      vertex 92.2781 5.18546 0.45
      vertex 92.0757 6.71207 2
      vertex 92.06 5.14207 0.45
    endloop
  endfacet
  facet normal -0.590431 0.394562 0.704068
    outer loop
      vertex 95.0705 1.52757 2
      vertex 95.3052 1.87878 2
      vertex 93.8487 2.46511 0.45
    endloop
  endfacet
  facet normal -0.390401 -0.593014 0.704217
    outer loop
      vertex 93.35 4.97224 0.45
      vertex 94.1212 6.30519 2
      vertex 94.12 6.30598 2
    endloop
  endfacet
  facet normal -0.394514 -0.590462 0.704069
    outer loop
      vertex 94.1212 6.30519 2
      vertex 93.35 4.97224 0.45
      vertex 93.5349 4.8487 0.45
    endloop
  endfacet
  facet normal 0.468205 0.533925 0.704065
    outer loop
      vertex 90.5276 0.929483 2
      vertex 91.4651 2.1513 0.45
      vertex 90.21 1.20799 2
    endloop
  endfacet
  facet normal -0.329876 -0.628334 0.704541
    outer loop
      vertex 94.1188 6.30661 2
      vertex 93.35 4.97224 0.45
      vertex 94.12 6.30598 2
    endloop
  endfacet
  facet normal -0.314123 -0.63687 0.704076
    outer loop
      vertex 93.35 4.97224 0.45
      vertex 94.1188 6.30661 2
      vertex 93.1506 5.07059 0.45
    endloop
  endfacet
  facet normal -0.314042 0.636923 0.704064
    outer loop
      vertex 93.7399 0.50657 2
      vertex 94.1188 0.693391 2
      vertex 93.1506 1.9294 0.45
    endloop
  endfacet
  facet normal -0.672421 0.228324 0.704073
    outer loop
      vertex 94.0706 2.84944 0.45
      vertex 95.4939 2.26143 2
      vertex 94.1421 3.06001 0.45
    endloop
  endfacet
  facet normal -0.665462 0.246468 0.704566
    outer loop
      vertex 95.4939 2.26143 2
      vertex 94.0706 2.84944 0.45
      vertex 95.4934 2.26008 2
    endloop
  endfacet
  facet normal -0.636915 -0.314061 0.704063
    outer loop
      vertex 95.4934 4.73992 2
      vertex 95.3066 5.11875 2
      vertex 94.0706 4.15056 0.45
    endloop
  endfacet
  facet normal -0.31404 -0.636922 0.704066
    outer loop
      vertex 94.1188 6.30661 2
      vertex 93.7399 6.49343 2
      vertex 93.1506 5.07059 0.45
    endloop
  endfacet
  facet normal -0.228246 -0.67245 0.70407
    outer loop
      vertex 93.7386 6.49389 2
      vertex 93.3386 6.62966 2
      vertex 92.94 5.14207 0.45
    endloop
  endfacet
  facet normal -0.394536 -0.590451 0.704066
    outer loop
      vertex 94.4724 6.07052 2
      vertex 94.1212 6.30519 2
      vertex 93.5349 4.8487 0.45
    endloop
  endfacet
  facet normal -0.708599 0.0465686 0.704073
    outer loop
      vertex 95.7124 3.07851 2
      vertex 95.7401 3.5 2
      vertex 94.2 3.5 0.45
    endloop
  endfacet
  facet normal -0.0475708 0.708501 0.704105
    outer loop
      vertex 92.7219 1.81454 0.45
      vertex 92.9215 0.28756 2
      vertex 92.9229 0.287654 2
    endloop
  endfacet
  facet normal -0.0464319 0.708613 0.704068
    outer loop
      vertex 92.9215 0.28756 2
      vertex 92.7219 1.81454 0.45
      vertex 92.5 1.8 0.45
    endloop
  endfacet
  facet normal -0.708644 0.0463061 0.704045
    outer loop
      vertex 94.1855 3.2781 0.45
      vertex 95.7124 3.07851 2
      vertex 94.2 3.5 0.45
    endloop
  endfacet
  facet normal -0.70829 0.0498796 0.704157
    outer loop
      vertex 95.7124 3.07851 2
      vertex 94.1855 3.2781 0.45
      vertex 95.7123 3.07709 2
    endloop
  endfacet
  facet normal -0.672431 0.228302 0.70407
    outer loop
      vertex 95.4939 2.26143 2
      vertex 95.6297 2.66141 2
      vertex 94.1421 3.06001 0.45
    endloop
  endfacet
  facet normal -0.64265 0.301242 0.704453
    outer loop
      vertex 94.0706 2.84944 0.45
      vertex 95.4928 2.2588 2
      vertex 95.4934 2.26008 2
    endloop
  endfacet
  facet normal -0.636842 0.314206 0.704064
    outer loop
      vertex 95.4928 2.2588 2
      vertex 94.0706 2.84944 0.45
      vertex 93.9722 2.65 0.45
    endloop
  endfacet
  facet normal 0.138533 0.696487 0.70407
    outer loop
      vertex 92.0757 0.287932 2
      vertex 92.06 1.85793 0.45
      vertex 91.6614 0.370337 2
    endloop
  endfacet
  facet normal -0.533907 0.468222 0.704068
    outer loop
      vertex 94.792 1.21 2
      vertex 95.0705 1.52757 2
      vertex 93.8487 2.46511 0.45
    endloop
  endfacet
  facet normal 0.708644 0.0463061 0.704045
    outer loop
      vertex 89.2876 3.07851 2
      vertex 90.8145 3.2781 0.45
      vertex 90.8 3.5 0.45
    endloop
  endfacet
  facet normal 0.70829 0.0498796 0.704157
    outer loop
      vertex 90.8145 3.2781 0.45
      vertex 89.2876 3.07851 2
      vertex 89.2877 3.07709 2
    endloop
  endfacet
  facet normal 0.672431 0.228302 0.70407
    outer loop
      vertex 89.5061 2.26143 2
      vertex 90.8579 3.06001 0.45
      vertex 89.3703 2.66141 2
    endloop
  endfacet
  facet normal 0.665462 -0.246468 0.704566
    outer loop
      vertex 89.5061 4.73857 2
      vertex 90.9294 4.15056 0.45
      vertex 89.5066 4.73992 2
    endloop
  endfacet
  facet normal 0.672421 -0.228324 0.704073
    outer loop
      vertex 90.9294 4.15056 0.45
      vertex 89.5061 4.73857 2
      vertex 90.8579 3.93999 0.45
    endloop
  endfacet
  facet normal 0.309627 -0.638914 0.704216
    outer loop
      vertex 91.2588 6.4928 2
      vertex 91.8494 5.07059 0.45
      vertex 91.2601 6.49343 2
    endloop
  endfacet
  facet normal 0.314128 -0.63688 0.704065
    outer loop
      vertex 91.8494 5.07059 0.45
      vertex 91.2588 6.4928 2
      vertex 91.65 4.97224 0.45
    endloop
  endfacet
  facet normal 0.390401 -0.593014 0.704217
    outer loop
      vertex 90.8788 6.30519 2
      vertex 91.65 4.97224 0.45
      vertex 90.88 6.30598 2
    endloop
  endfacet
  facet normal 0.394514 -0.590462 0.704069
    outer loop
      vertex 91.65 4.97224 0.45
      vertex 90.8788 6.30519 2
      vertex 91.4651 4.8487 0.45
    endloop
  endfacet
  facet normal -0.138541 -0.696486 0.70407
    outer loop
      vertex 92.94 5.14207 0.45
      vertex 93.3386 6.62966 2
      vertex 92.9243 6.71207 2
    endloop
  endfacet
  facet normal -0.394515 0.590463 0.704068
    outer loop
      vertex 93.35 2.02776 0.45
      vertex 94.1212 0.694813 2
      vertex 93.5349 2.1513 0.45
    endloop
  endfacet
  facet normal -0.391103 0.592581 0.704192
    outer loop
      vertex 94.1212 0.694813 2
      vertex 93.35 2.02776 0.45
      vertex 94.12 0.694021 2
    endloop
  endfacet
  facet normal -0.329876 0.628334 0.704541
    outer loop
      vertex 93.35 2.02776 0.45
      vertex 94.1188 0.693391 2
      vertex 94.12 0.694021 2
    endloop
  endfacet
  facet normal -0.314149 0.636857 0.704077
    outer loop
      vertex 94.1188 0.693391 2
      vertex 93.35 2.02776 0.45
      vertex 93.1506 1.9294 0.45
    endloop
  endfacet
  facet normal 0.533944 0.468187 0.704062
    outer loop
      vertex 90.208 1.21 2
      vertex 91.2979 2.29792 0.45
      vertex 91.1513 2.46511 0.45
    endloop
  endfacet
  facet normal 0.543871 0.457462 0.703514
    outer loop
      vertex 91.2979 2.29792 0.45
      vertex 90.208 1.21 2
      vertex 90.2089 1.20893 2
    endloop
  endfacet
  facet normal 0.0464339 -0.708613 0.704068
    outer loop
      vertex 92.5 5.2 0.45
      vertex 92.5 6.74006 2
      vertex 92.0785 6.71244 2
    endloop
  endfacet
  facet normal 0.0464422 0.708611 0.704069
    outer loop
      vertex 92.5 0.259935 2
      vertex 92.5 1.8 0.45
      vertex 92.0785 0.28756 2
    endloop
  endfacet
  facet normal -0.702288 0.100327 0.704788
    outer loop
      vertex 94.1855 3.2781 0.45
      vertex 95.7121 3.07569 2
      vertex 95.7123 3.07709 2
    endloop
  endfacet
  facet normal -0.696479 0.1386 0.704064
    outer loop
      vertex 95.7121 3.07569 2
      vertex 94.1855 3.2781 0.45
      vertex 94.1421 3.06001 0.45
    endloop
  endfacet
  facet normal 0.138541 -0.696486 0.70407
    outer loop
      vertex 92.06 5.14207 0.45
      vertex 92.0757 6.71207 2
      vertex 91.6614 6.62966 2
    endloop
  endfacet
  facet normal 0.394515 0.590463 0.704068
    outer loop
      vertex 90.8788 0.694813 2
      vertex 91.65 2.02776 0.45
      vertex 91.4651 2.1513 0.45
    endloop
  endfacet
  facet normal 0.391103 0.592581 0.704192
    outer loop
      vertex 91.65 2.02776 0.45
      vertex 90.8788 0.694813 2
      vertex 90.88 0.694021 2
    endloop
  endfacet
  facet normal -0.590431 -0.394562 0.704068
    outer loop
      vertex 95.3052 5.12122 2
      vertex 95.0705 5.47243 2
      vertex 93.8487 4.53489 0.45
    endloop
  endfacet
  facet normal -0.533944 0.468187 0.704062
    outer loop
      vertex 93.7021 2.29792 0.45
      vertex 94.792 1.21 2
      vertex 93.8487 2.46511 0.45
    endloop
  endfacet
  facet normal -0.543871 0.457462 0.703514
    outer loop
      vertex 94.792 1.21 2
      vertex 93.7021 2.29792 0.45
      vertex 94.7911 1.20893 2
    endloop
  endfacet
  facet normal 0.590499 -0.394433 0.704084
    outer loop
      vertex 89.6948 5.12122 2
      vertex 91.0278 4.35 0.45
      vertex 91.1513 4.53489 0.45
    endloop
  endfacet
  facet normal 0.589382 -0.396223 0.704014
    outer loop
      vertex 91.0278 4.35 0.45
      vertex 89.6948 5.12122 2
      vertex 89.694 5.12003 2
    endloop
  endfacet
  facet normal -0.461549 0.54011 0.703743
    outer loop
      vertex 93.7021 2.29792 0.45
      vertex 94.79 1.20799 2
      vertex 94.7911 1.20893 2
    endloop
  endfacet
  facet normal -0.468206 0.533924 0.704065
    outer loop
      vertex 94.79 1.20799 2
      vertex 93.7021 2.29792 0.45
      vertex 93.5349 2.1513 0.45
    endloop
  endfacet
  facet normal 0.533907 0.468222 0.704068
    outer loop
      vertex 90.208 1.21 2
      vertex 91.1513 2.46511 0.45
      vertex 89.9295 1.52757 2
    endloop
  endfacet
  facet normal 0.590499 0.394433 0.704084
    outer loop
      vertex 91.0278 2.65 0.45
      vertex 89.6948 1.87878 2
      vertex 91.1513 2.46511 0.45
    endloop
  endfacet
  facet normal 0.589382 0.396223 0.704014
    outer loop
      vertex 89.6948 1.87878 2
      vertex 91.0278 2.65 0.45
      vertex 89.694 1.87997 2
    endloop
  endfacet
  facet normal -0.696486 0.138531 0.704071
    outer loop
      vertex 95.6297 2.66141 2
      vertex 95.7121 3.07569 2
      vertex 94.1421 3.06001 0.45
    endloop
  endfacet
  facet normal 0.636899 0.314053 0.704081
    outer loop
      vertex 89.694 1.87997 2
      vertex 91.0278 2.65 0.45
      vertex 89.5072 2.2588 2
    endloop
  endfacet
  facet normal 0.468208 -0.533922 0.704066
    outer loop
      vertex 91.4651 4.8487 0.45
      vertex 90.5276 6.07052 2
      vertex 90.21 5.79201 2
    endloop
  endfacet
  facet normal 0.468206 0.533924 0.704065
    outer loop
      vertex 91.2979 2.29792 0.45
      vertex 90.21 1.20799 2
      vertex 91.4651 2.1513 0.45
    endloop
  endfacet
  facet normal 0.461549 0.54011 0.703743
    outer loop
      vertex 90.21 1.20799 2
      vertex 91.2979 2.29792 0.45
      vertex 90.2089 1.20893 2
    endloop
  endfacet
  facet normal -0.0464339 -0.708613 0.704068
    outer loop
      vertex 92.9215 6.71244 2
      vertex 92.5 6.74006 2
      vertex 92.5 5.2 0.45
    endloop
  endfacet
  facet normal -0.138533 0.696487 0.70407
    outer loop
      vertex 93.3386 0.370337 2
      vertex 92.94 1.85793 0.45
      vertex 92.9243 0.287932 2
    endloop
  endfacet
  facet normal -0.672431 -0.228302 0.70407
    outer loop
      vertex 95.6297 4.33859 2
      vertex 95.4939 4.73857 2
      vertex 94.1421 3.93999 0.45
    endloop
  endfacet
  facet normal 0.394536 0.590451 0.704065
    outer loop
      vertex 90.8788 0.694813 2
      vertex 91.4651 2.1513 0.45
      vertex 90.5276 0.929483 2
    endloop
  endfacet
  facet normal 0.672431 -0.228302 0.70407
    outer loop
      vertex 90.8579 3.93999 0.45
      vertex 89.5061 4.73857 2
      vertex 89.3703 4.33859 2
    endloop
  endfacet
  facet normal 0.696486 -0.138531 0.704071
    outer loop
      vertex 90.8579 3.93999 0.45
      vertex 89.3703 4.33859 2
      vertex 89.2879 3.92431 2
    endloop
  endfacet
  facet normal -0.228254 0.672447 0.704071
    outer loop
      vertex 93.3386 0.370337 2
      vertex 93.7386 0.506112 2
      vertex 92.94 1.85793 0.45
    endloop
  endfacet
  facet normal -0.138562 0.696484 0.704067
    outer loop
      vertex 92.7219 1.81454 0.45
      vertex 92.9243 0.287932 2
      vertex 92.94 1.85793 0.45
    endloop
  endfacet
  facet normal -0.13831 0.696526 0.704075
    outer loop
      vertex 92.9243 0.287932 2
      vertex 92.7219 1.81454 0.45
      vertex 92.9229 0.287654 2
    endloop
  endfacet
  facet normal -0.394536 0.590451 0.704065
    outer loop
      vertex 94.1212 0.694813 2
      vertex 94.4724 0.929483 2
      vertex 93.5349 2.1513 0.45
    endloop
  endfacet
  facet normal -0.468205 0.533925 0.704065
    outer loop
      vertex 94.4724 0.929483 2
      vertex 94.79 1.20799 2
      vertex 93.5349 2.1513 0.45
    endloop
  endfacet
  facet normal 0.0464319 0.708613 0.704068
    outer loop
      vertex 92.2781 1.81454 0.45
      vertex 92.0785 0.28756 2
      vertex 92.5 1.8 0.45
    endloop
  endfacet
  facet normal 0.0475708 0.708501 0.704105
    outer loop
      vertex 92.0785 0.28756 2
      vertex 92.2781 1.81454 0.45
      vertex 92.0771 0.287654 2
    endloop
  endfacet
  facet normal 0.636915 -0.314061 0.704063
    outer loop
      vertex 90.9294 4.15056 0.45
      vertex 89.6934 5.11875 2
      vertex 89.5066 4.73992 2
    endloop
  endfacet
  facet normal -0.636899 0.314053 0.704081
    outer loop
      vertex 95.306 1.87997 2
      vertex 95.4928 2.2588 2
      vertex 93.9722 2.65 0.45
    endloop
  endfacet
  facet normal -0.23589 0.669557 0.704307
    outer loop
      vertex 93.1506 1.9294 0.45
      vertex 93.7386 0.506112 2
      vertex 93.7399 0.50657 2
    endloop
  endfacet
  facet normal -0.228211 0.672467 0.704066
    outer loop
      vertex 93.7386 0.506112 2
      vertex 93.1506 1.9294 0.45
      vertex 92.94 1.85793 0.45
    endloop
  endfacet
  facet normal 0.228211 0.672467 0.704066
    outer loop
      vertex 91.8494 1.9294 0.45
      vertex 91.2614 0.506112 2
      vertex 92.06 1.85793 0.45
    endloop
  endfacet
  facet normal 0.23589 0.669557 0.704307
    outer loop
      vertex 91.2614 0.506112 2
      vertex 91.8494 1.9294 0.45
      vertex 91.2601 0.50657 2
    endloop
  endfacet
  facet normal -0.589382 0.396223 0.704014
    outer loop
      vertex 93.9722 2.65 0.45
      vertex 95.3052 1.87878 2
      vertex 95.306 1.87997 2
    endloop
  endfacet
  facet normal -0.590499 0.394433 0.704084
    outer loop
      vertex 95.3052 1.87878 2
      vertex 93.9722 2.65 0.45
      vertex 93.8487 2.46511 0.45
    endloop
  endfacet
  facet normal 0.543871 -0.457462 0.703514
    outer loop
      vertex 90.208 5.79 2
      vertex 91.2979 4.70208 0.45
      vertex 90.2089 5.79107 2
    endloop
  endfacet
  facet normal 0.533944 -0.468187 0.704062
    outer loop
      vertex 91.2979 4.70208 0.45
      vertex 90.208 5.79 2
      vertex 91.1513 4.53489 0.45
    endloop
  endfacet
  facet normal 0.228246 -0.67245 0.70407
    outer loop
      vertex 92.06 5.14207 0.45
      vertex 91.6614 6.62966 2
      vertex 91.2614 6.49389 2
    endloop
  endfacet
  facet normal 0.672421 0.228324 0.704073
    outer loop
      vertex 89.5061 2.26143 2
      vertex 90.9294 2.84944 0.45
      vertex 90.8579 3.06001 0.45
    endloop
  endfacet
  facet normal 0.665462 0.246468 0.704566
    outer loop
      vertex 90.9294 2.84944 0.45
      vertex 89.5061 2.26143 2
      vertex 89.5066 2.26008 2
    endloop
  endfacet
  facet normal -0.0464319 -0.708613 0.704068
    outer loop
      vertex 92.7219 5.18546 0.45
      vertex 92.9215 6.71244 2
      vertex 92.5 5.2 0.45
    endloop
  endfacet
  facet normal -0.0455592 -0.708698 0.704039
    outer loop
      vertex 92.9215 6.71244 2
      vertex 92.7219 5.18546 0.45
      vertex 92.9229 6.71235 2
    endloop
  endfacet
  facet normal 0.0455592 -0.708698 0.704039
    outer loop
      vertex 92.2781 5.18546 0.45
      vertex 92.0785 6.71244 2
      vertex 92.0771 6.71235 2
    endloop
  endfacet
  facet normal 0.0464319 -0.708613 0.704068
    outer loop
      vertex 92.0785 6.71244 2
      vertex 92.2781 5.18546 0.45
      vertex 92.5 5.2 0.45
    endloop
  endfacet
  facet normal 0.13831 0.696526 0.704075
    outer loop
      vertex 92.2781 1.81454 0.45
      vertex 92.0757 0.287932 2
      vertex 92.0771 0.287654 2
    endloop
  endfacet
  facet normal 0.138562 0.696484 0.704067
    outer loop
      vertex 92.0757 0.287932 2
      vertex 92.2781 1.81454 0.45
      vertex 92.06 1.85793 0.45
    endloop
  endfacet
  facet normal -0.665462 -0.246468 0.704566
    outer loop
      vertex 94.0706 4.15056 0.45
      vertex 95.4939 4.73857 2
      vertex 95.4934 4.73992 2
    endloop
  endfacet
  facet normal -0.672421 -0.228324 0.704073
    outer loop
      vertex 95.4939 4.73857 2
      vertex 94.0706 4.15056 0.45
      vertex 94.1421 3.93999 0.45
    endloop
  endfacet
  facet normal -0.589382 -0.396223 0.704014
    outer loop
      vertex 95.3052 5.12122 2
      vertex 93.9722 4.35 0.45
      vertex 95.306 5.12003 2
    endloop
  endfacet
  facet normal -0.590499 -0.394433 0.704084
    outer loop
      vertex 93.9722 4.35 0.45
      vertex 95.3052 5.12122 2
      vertex 93.8487 4.53489 0.45
    endloop
  endfacet
  facet normal 0.394536 -0.590451 0.704066
    outer loop
      vertex 91.4651 4.8487 0.45
      vertex 90.8788 6.30519 2
      vertex 90.5276 6.07052 2
    endloop
  endfacet
  facet normal 0.708599 0.0465686 0.704073
    outer loop
      vertex 89.2876 3.07851 2
      vertex 90.8 3.5 0.45
      vertex 89.2599 3.5 2
    endloop
  endfacet
  facet normal -0.0464422 0.708611 0.704069
    outer loop
      vertex 92.9215 0.28756 2
      vertex 92.5 1.8 0.45
      vertex 92.5 0.259935 2
    endloop
  endfacet
  facet normal -0.236797 -0.669208 0.704335
    outer loop
      vertex 93.7386 6.49389 2
      vertex 93.1506 5.07059 0.45
      vertex 93.7399 6.49343 2
    endloop
  endfacet
  facet normal -0.228238 -0.672454 0.704069
    outer loop
      vertex 93.1506 5.07059 0.45
      vertex 93.7386 6.49389 2
      vertex 92.94 5.14207 0.45
    endloop
  endfacet
  facet normal 0.708599 -0.0465686 0.704073
    outer loop
      vertex 90.8 3.5 0.45
      vertex 89.2876 3.92149 2
      vertex 89.2599 3.5 2
    endloop
  endfacet
  facet normal 0.314155 0.63687 0.704062
    outer loop
      vertex 91.2588 0.5072 2
      vertex 91.8494 1.9294 0.45
      vertex 91.65 2.02776 0.45
    endloop
  endfacet
  facet normal 0.309628 0.638915 0.704214
    outer loop
      vertex 91.8494 1.9294 0.45
      vertex 91.2588 0.5072 2
      vertex 91.2601 0.50657 2
    endloop
  endfacet
  facet normal 0.314108 0.636887 0.704067
    outer loop
      vertex 91.2588 0.5072 2
      vertex 91.65 2.02776 0.45
      vertex 90.88 0.694021 2
    endloop
  endfacet
  facet normal 0.64346 -0.301622 0.703551
    outer loop
      vertex 89.6934 5.11875 2
      vertex 91.0278 4.35 0.45
      vertex 89.694 5.12003 2
    endloop
  endfacet
  facet normal 0.636828 -0.314199 0.70408
    outer loop
      vertex 91.0278 4.35 0.45
      vertex 89.6934 5.11875 2
      vertex 90.9294 4.15056 0.45
    endloop
  endfacet
  facet normal -0.64346 -0.301622 0.703551
    outer loop
      vertex 93.9722 4.35 0.45
      vertex 95.3066 5.11875 2
      vertex 95.306 5.12003 2
    endloop
  endfacet
  facet normal -0.636828 -0.314199 0.70408
    outer loop
      vertex 95.3066 5.11875 2
      vertex 93.9722 4.35 0.45
      vertex 94.0706 4.15056 0.45
    endloop
  endfacet
  facet normal 0.314106 -0.636888 0.704068
    outer loop
      vertex 91.65 4.97224 0.45
      vertex 91.2588 6.4928 2
      vertex 90.88 6.30598 2
    endloop
  endfacet
  facet normal -0.696486 -0.138531 0.704071
    outer loop
      vertex 95.7121 3.92431 2
      vertex 95.6297 4.33859 2
      vertex 94.1421 3.93999 0.45
    endloop
  endfacet
  facet normal -0.702288 -0.100327 0.704788
    outer loop
      vertex 95.7121 3.92431 2
      vertex 94.1855 3.72189 0.45
      vertex 95.7123 3.92291 2
    endloop
  endfacet
  facet normal -0.69648 -0.138593 0.704065
    outer loop
      vertex 94.1855 3.72189 0.45
      vertex 95.7121 3.92431 2
      vertex 94.1421 3.93999 0.45
    endloop
  endfacet
  facet normal -0.533907 -0.468222 0.704068
    outer loop
      vertex 95.0705 5.47243 2
      vertex 94.792 5.79 2
      vertex 93.8487 4.53489 0.45
    endloop
  endfacet
  facet normal 0.69648 -0.138593 0.704065
    outer loop
      vertex 89.2879 3.92431 2
      vertex 90.8145 3.72189 0.45
      vertex 90.8579 3.93999 0.45
    endloop
  endfacet
  facet normal 0.702288 -0.100327 0.704788
    outer loop
      vertex 90.8145 3.72189 0.45
      vertex 89.2879 3.92431 2
      vertex 89.2877 3.92291 2
    endloop
  endfacet
  facet normal 0.696486 0.138531 0.704071
    outer loop
      vertex 89.3703 2.66141 2
      vertex 90.8579 3.06001 0.45
      vertex 89.2879 3.07569 2
    endloop
  endfacet
  facet normal 0.696479 0.1386 0.704064
    outer loop
      vertex 90.8145 3.2781 0.45
      vertex 89.2879 3.07569 2
      vertex 90.8579 3.06001 0.45
    endloop
  endfacet
  facet normal 0.702288 0.100327 0.704788
    outer loop
      vertex 89.2879 3.07569 2
      vertex 90.8145 3.2781 0.45
      vertex 89.2877 3.07709 2
    endloop
  endfacet
  facet normal 0.468206 -0.533924 0.704065
    outer loop
      vertex 90.21 5.79201 2
      vertex 91.2979 4.70208 0.45
      vertex 91.4651 4.8487 0.45
    endloop
  endfacet
  facet normal 0.461549 -0.54011 0.703743
    outer loop
      vertex 91.2979 4.70208 0.45
      vertex 90.21 5.79201 2
      vertex 90.2089 5.79107 2
    endloop
  endfacet
  facet normal 0.533907 -0.468222 0.704068
    outer loop
      vertex 91.1513 4.53489 0.45
      vertex 90.208 5.79 2
      vertex 89.9295 5.47243 2
    endloop
  endfacet
  facet normal -0.461549 -0.54011 0.703743
    outer loop
      vertex 94.79 5.79201 2
      vertex 93.7021 4.70208 0.45
      vertex 94.7911 5.79107 2
    endloop
  endfacet
  facet normal -0.468206 -0.533924 0.704065
    outer loop
      vertex 93.7021 4.70208 0.45
      vertex 94.79 5.79201 2
      vertex 93.5349 4.8487 0.45
    endloop
  endfacet
  facet normal -0.543871 -0.457462 0.703514
    outer loop
      vertex 93.7021 4.70208 0.45
      vertex 94.792 5.79 2
      vertex 94.7911 5.79107 2
    endloop
  endfacet
  facet normal -0.533944 -0.468187 0.704062
    outer loop
      vertex 94.792 5.79 2
      vertex 93.7021 4.70208 0.45
      vertex 93.8487 4.53489 0.45
    endloop
  endfacet
  facet normal -0.980762 -0.195208 0
    outer loop
      vertex 5.18546 124.722 0
      vertex 5.14207 124.94 0.45
      vertex 5.14207 124.94 0
    endloop
  endfacet
  facet normal -0.980762 -0.195208 0
    outer loop
      vertex 5.14207 124.94 0.45
      vertex 5.18546 124.722 0
      vertex 5.18546 124.722 0.45
    endloop
  endfacet
  facet normal -0.997862 -0.0653555 0
    outer loop
      vertex 5.2 124.5 0
      vertex 5.18546 124.722 0.45
      vertex 5.18546 124.722 0
    endloop
  endfacet
  facet normal -0.997862 -0.0653555 0
    outer loop
      vertex 5.18546 124.722 0.45
      vertex 5.2 124.5 0
      vertex 5.2 124.5 0.45
    endloop
  endfacet
  facet normal 0.444625 -0.895717 0
    outer loop
      vertex 2.65 125.972 0
      vertex 2.84944 126.071 0.45
      vertex 2.65 125.972 0.45
    endloop
  endfacet
  facet normal 0.444625 -0.895717 0
    outer loop
      vertex 2.84944 126.071 0.45
      vertex 2.65 125.972 0
      vertex 2.84944 126.071 0
    endloop
  endfacet
  facet normal -0.553889 -0.83259 0
    outer loop
      vertex 4.35 125.972 0
      vertex 4.53489 125.849 0.45
      vertex 4.35 125.972 0.45
    endloop
  endfacet
  facet normal -0.553889 -0.83259 -0
    outer loop
      vertex 4.53489 125.849 0.45
      vertex 4.35 125.972 0
      vertex 4.53489 125.849 0
    endloop
  endfacet
  facet normal 0.660306 -0.750997 0
    outer loop
      vertex 2.29792 125.702 0
      vertex 2.46511 125.849 0.45
      vertex 2.29792 125.702 0.45
    endloop
  endfacet
  facet normal 0.660306 -0.750997 0
    outer loop
      vertex 2.46511 125.849 0.45
      vertex 2.29792 125.702 0
      vertex 2.46511 125.849 0
    endloop
  endfacet
  facet normal -0.319506 0.947584 0
    outer loop
      vertex 4.15056 122.929 0
      vertex 3.93999 122.858 0.45
      vertex 4.15056 122.929 0.45
    endloop
  endfacet
  facet normal -0.319506 0.947584 0
    outer loop
      vertex 3.93999 122.858 0.45
      vertex 4.15056 122.929 0
      vertex 3.93999 122.858 0
    endloop
  endfacet
  facet normal -0.831621 0.555343 0
    outer loop
      vertex 4.8487 123.465 0
      vertex 4.97224 123.65 0.45
      vertex 4.97224 123.65 0
    endloop
  endfacet
  facet normal -0.831621 0.555343 0
    outer loop
      vertex 4.97224 123.65 0.45
      vertex 4.8487 123.465 0
      vertex 4.8487 123.465 0.45
    endloop
  endfacet
  facet normal -0.947128 0.320856 0
    outer loop
      vertex 5.07059 123.849 0
      vertex 5.14207 124.06 0.45
      vertex 5.14207 124.06 0
    endloop
  endfacet
  facet normal -0.947128 0.320856 0
    outer loop
      vertex 5.14207 124.06 0.45
      vertex 5.07059 123.849 0
      vertex 5.07059 123.849 0.45
    endloop
  endfacet
  facet normal -0.319506 -0.947584 0
    outer loop
      vertex 3.93999 126.142 0
      vertex 4.15056 126.071 0.45
      vertex 3.93999 126.142 0.45
    endloop
  endfacet
  facet normal -0.319506 -0.947584 -0
    outer loop
      vertex 4.15056 126.071 0.45
      vertex 3.93999 126.142 0
      vertex 4.15056 126.071 0
    endloop
  endfacet
  facet normal -0.193434 -0.981113 0
    outer loop
      vertex 3.72189 126.185 0
      vertex 3.93999 126.142 0.45
      vertex 3.72189 126.185 0.45
    endloop
  endfacet
  facet normal -0.193434 -0.981113 -0
    outer loop
      vertex 3.93999 126.142 0.45
      vertex 3.72189 126.185 0
      vertex 3.93999 126.142 0
    endloop
  endfacet
  facet normal 0.553889 -0.83259 0
    outer loop
      vertex 2.46511 125.849 0
      vertex 2.65 125.972 0.45
      vertex 2.46511 125.849 0.45
    endloop
  endfacet
  facet normal 0.553889 -0.83259 0
    outer loop
      vertex 2.65 125.972 0.45
      vertex 2.46511 125.849 0
      vertex 2.65 125.972 0
    endloop
  endfacet
  facet normal -0.89649 0.443064 0
    outer loop
      vertex 4.97224 123.65 0
      vertex 5.07059 123.849 0.45
      vertex 5.07059 123.849 0
    endloop
  endfacet
  facet normal -0.89649 0.443064 0
    outer loop
      vertex 5.07059 123.849 0.45
      vertex 4.97224 123.65 0
      vertex 4.97224 123.65 0.45
    endloop
  endfacet
  facet normal -0.660306 -0.750997 0
    outer loop
      vertex 4.53489 125.849 0
      vertex 4.70208 125.702 0.45
      vertex 4.53489 125.849 0.45
    endloop
  endfacet
  facet normal -0.660306 -0.750997 -0
    outer loop
      vertex 4.70208 125.702 0.45
      vertex 4.53489 125.849 0
      vertex 4.70208 125.702 0
    endloop
  endfacet
  facet normal -0.553889 0.83259 0
    outer loop
      vertex 4.53489 123.151 0
      vertex 4.35 123.028 0.45
      vertex 4.53489 123.151 0.45
    endloop
  endfacet
  facet normal -0.553889 0.83259 0
    outer loop
      vertex 4.35 123.028 0.45
      vertex 4.53489 123.151 0
      vertex 4.35 123.028 0
    endloop
  endfacet
  facet normal -0.444625 -0.895717 0
    outer loop
      vertex 4.15056 126.071 0
      vertex 4.35 125.972 0.45
      vertex 4.15056 126.071 0.45
    endloop
  endfacet
  facet normal -0.444625 -0.895717 -0
    outer loop
      vertex 4.35 125.972 0.45
      vertex 4.15056 126.071 0
      vertex 4.35 125.972 0
    endloop
  endfacet
  facet normal 0.660306 0.750997 -0
    outer loop
      vertex 2.46511 123.151 0
      vertex 2.29792 123.298 0.45
      vertex 2.46511 123.151 0.45
    endloop
  endfacet
  facet normal 0.660306 0.750997 0
    outer loop
      vertex 2.29792 123.298 0.45
      vertex 2.46511 123.151 0
      vertex 2.29792 123.298 0
    endloop
  endfacet
  facet normal 0.751472 0.659765 0
    outer loop
      vertex 2.29792 123.298 0.45
      vertex 2.1513 123.465 0
      vertex 2.1513 123.465 0.45
    endloop
  endfacet
  facet normal 0.751472 0.659765 0
    outer loop
      vertex 2.1513 123.465 0
      vertex 2.29792 123.298 0.45
      vertex 2.29792 123.298 0
    endloop
  endfacet
  facet normal 0.831621 0.555343 0
    outer loop
      vertex 2.1513 123.465 0.45
      vertex 2.02776 123.65 0
      vertex 2.02776 123.65 0.45
    endloop
  endfacet
  facet normal 0.831621 0.555343 0
    outer loop
      vertex 2.02776 123.65 0
      vertex 2.1513 123.465 0.45
      vertex 2.1513 123.465 0
    endloop
  endfacet
  facet normal -0.831621 -0.555343 0
    outer loop
      vertex 4.97224 125.35 0
      vertex 4.8487 125.535 0.45
      vertex 4.8487 125.535 0
    endloop
  endfacet
  facet normal -0.831621 -0.555343 0
    outer loop
      vertex 4.8487 125.535 0.45
      vertex 4.97224 125.35 0
      vertex 4.97224 125.35 0.45
    endloop
  endfacet
  facet normal -0.193434 0.981113 0
    outer loop
      vertex 3.93999 122.858 0
      vertex 3.72189 122.815 0.45
      vertex 3.93999 122.858 0.45
    endloop
  endfacet
  facet normal -0.193434 0.981113 0
    outer loop
      vertex 3.72189 122.815 0.45
      vertex 3.93999 122.858 0
      vertex 3.72189 122.815 0
    endloop
  endfacet
  facet normal -0.980762 0.195208 0
    outer loop
      vertex 5.14207 124.06 0
      vertex 5.18546 124.278 0.45
      vertex 5.18546 124.278 0
    endloop
  endfacet
  facet normal -0.980762 0.195208 0
    outer loop
      vertex 5.18546 124.278 0.45
      vertex 5.14207 124.06 0
      vertex 5.14207 124.06 0.45
    endloop
  endfacet
  facet normal 0.947141 0.320816 0
    outer loop
      vertex 1.9294 123.849 0.45
      vertex 1.85793 124.06 0
      vertex 1.85793 124.06 0.45
    endloop
  endfacet
  facet normal 0.947141 0.320816 0
    outer loop
      vertex 1.85793 124.06 0
      vertex 1.9294 123.849 0.45
      vertex 1.9294 123.849 0
    endloop
  endfacet
  facet normal -0.444625 0.895717 0
    outer loop
      vertex 4.35 123.028 0
      vertex 4.15056 122.929 0.45
      vertex 4.35 123.028 0.45
    endloop
  endfacet
  facet normal -0.444625 0.895717 0
    outer loop
      vertex 4.15056 122.929 0.45
      vertex 4.35 123.028 0
      vertex 4.15056 122.929 0
    endloop
  endfacet
  facet normal -0.0674471 -0.997723 0
    outer loop
      vertex 3.5 126.2 0
      vertex 3.72189 126.185 0.45
      vertex 3.5 126.2 0.45
    endloop
  endfacet
  facet normal -0.0674471 -0.997723 -0
    outer loop
      vertex 3.72189 126.185 0.45
      vertex 3.5 126.2 0
      vertex 3.72189 126.185 0
    endloop
  endfacet
  facet normal 0.319506 -0.947584 0
    outer loop
      vertex 2.84944 126.071 0
      vertex 3.06001 126.142 0.45
      vertex 2.84944 126.071 0.45
    endloop
  endfacet
  facet normal 0.319506 -0.947584 0
    outer loop
      vertex 3.06001 126.142 0.45
      vertex 2.84944 126.071 0
      vertex 3.06001 126.142 0
    endloop
  endfacet
  facet normal 0.193442 -0.981112 0
    outer loop
      vertex 3.06001 126.142 0
      vertex 3.2781 126.185 0.45
      vertex 3.06001 126.142 0.45
    endloop
  endfacet
  facet normal 0.193442 -0.981112 0
    outer loop
      vertex 3.2781 126.185 0.45
      vertex 3.06001 126.142 0
      vertex 3.2781 126.185 0
    endloop
  endfacet
  facet normal -0.89649 -0.443064 0
    outer loop
      vertex 5.07059 125.151 0
      vertex 4.97224 125.35 0.45
      vertex 4.97224 125.35 0
    endloop
  endfacet
  facet normal -0.89649 -0.443064 0
    outer loop
      vertex 4.97224 125.35 0.45
      vertex 5.07059 125.151 0
      vertex 5.07059 125.151 0.45
    endloop
  endfacet
  facet normal -0.997862 0.0653555 0
    outer loop
      vertex 5.18546 124.278 0
      vertex 5.2 124.5 0.45
      vertex 5.2 124.5 0
    endloop
  endfacet
  facet normal -0.997862 0.0653555 0
    outer loop
      vertex 5.2 124.5 0.45
      vertex 5.18546 124.278 0
      vertex 5.18546 124.278 0.45
    endloop
  endfacet
  facet normal -0.0674471 0.997723 0
    outer loop
      vertex 3.72189 122.815 0
      vertex 3.5 122.8 0.45
      vertex 3.72189 122.815 0.45
    endloop
  endfacet
  facet normal -0.0674471 0.997723 0
    outer loop
      vertex 3.5 122.8 0.45
      vertex 3.72189 122.815 0
      vertex 3.5 122.8 0
    endloop
  endfacet
  facet normal -0.751472 -0.659765 0
    outer loop
      vertex 4.8487 125.535 0
      vertex 4.70208 125.702 0.45
      vertex 4.70208 125.702 0
    endloop
  endfacet
  facet normal -0.751472 -0.659765 0
    outer loop
      vertex 4.70208 125.702 0.45
      vertex 4.8487 125.535 0
      vertex 4.8487 125.535 0.45
    endloop
  endfacet
  facet normal 0.997862 0.0653555 0
    outer loop
      vertex 1.81454 124.278 0.45
      vertex 1.8 124.5 0
      vertex 1.8 124.5 0.45
    endloop
  endfacet
  facet normal 0.997862 0.0653555 0
    outer loop
      vertex 1.8 124.5 0
      vertex 1.81454 124.278 0.45
      vertex 1.81454 124.278 0
    endloop
  endfacet
  facet normal -0.751472 0.659765 0
    outer loop
      vertex 4.70208 123.298 0
      vertex 4.8487 123.465 0.45
      vertex 4.8487 123.465 0
    endloop
  endfacet
  facet normal -0.751472 0.659765 0
    outer loop
      vertex 4.8487 123.465 0.45
      vertex 4.70208 123.298 0
      vertex 4.70208 123.298 0.45
    endloop
  endfacet
  facet normal 0.751472 -0.659765 0
    outer loop
      vertex 2.1513 125.535 0.45
      vertex 2.29792 125.702 0
      vertex 2.29792 125.702 0.45
    endloop
  endfacet
  facet normal 0.751472 -0.659765 0
    outer loop
      vertex 2.29792 125.702 0
      vertex 2.1513 125.535 0.45
      vertex 2.1513 125.535 0
    endloop
  endfacet
  facet normal 0.831621 -0.555343 0
    outer loop
      vertex 2.02776 125.35 0.45
      vertex 2.1513 125.535 0
      vertex 2.1513 125.535 0.45
    endloop
  endfacet
  facet normal 0.831621 -0.555343 0
    outer loop
      vertex 2.1513 125.535 0
      vertex 2.02776 125.35 0.45
      vertex 2.02776 125.35 0
    endloop
  endfacet
  facet normal 0.0674441 -0.997723 0
    outer loop
      vertex 3.2781 126.185 0
      vertex 3.5 126.2 0.45
      vertex 3.2781 126.185 0.45
    endloop
  endfacet
  facet normal 0.0674441 -0.997723 0
    outer loop
      vertex 3.5 126.2 0.45
      vertex 3.2781 126.185 0
      vertex 3.5 126.2 0
    endloop
  endfacet
  facet normal 0.980762 0.195208 0
    outer loop
      vertex 1.85793 124.06 0.45
      vertex 1.81454 124.278 0
      vertex 1.81454 124.278 0.45
    endloop
  endfacet
  facet normal 0.980762 0.195208 0
    outer loop
      vertex 1.81454 124.278 0
      vertex 1.85793 124.06 0.45
      vertex 1.85793 124.06 0
    endloop
  endfacet
  facet normal 0.319506 0.947584 -0
    outer loop
      vertex 3.06001 122.858 0
      vertex 2.84944 122.929 0.45
      vertex 3.06001 122.858 0.45
    endloop
  endfacet
  facet normal 0.319506 0.947584 0
    outer loop
      vertex 2.84944 122.929 0.45
      vertex 3.06001 122.858 0
      vertex 2.84944 122.929 0
    endloop
  endfacet
  facet normal -0.947128 -0.320856 0
    outer loop
      vertex 5.14207 124.94 0
      vertex 5.07059 125.151 0.45
      vertex 5.07059 125.151 0
    endloop
  endfacet
  facet normal -0.947128 -0.320856 0
    outer loop
      vertex 5.07059 125.151 0.45
      vertex 5.14207 124.94 0
      vertex 5.14207 124.94 0.45
    endloop
  endfacet
  facet normal 0.444625 0.895717 -0
    outer loop
      vertex 2.84944 122.929 0
      vertex 2.65 123.028 0.45
      vertex 2.84944 122.929 0.45
    endloop
  endfacet
  facet normal 0.444625 0.895717 0
    outer loop
      vertex 2.65 123.028 0.45
      vertex 2.84944 122.929 0
      vertex 2.65 123.028 0
    endloop
  endfacet
  facet normal 0.553889 0.83259 -0
    outer loop
      vertex 2.65 123.028 0
      vertex 2.46511 123.151 0.45
      vertex 2.65 123.028 0.45
    endloop
  endfacet
  facet normal 0.553889 0.83259 0
    outer loop
      vertex 2.46511 123.151 0.45
      vertex 2.65 123.028 0
      vertex 2.46511 123.151 0
    endloop
  endfacet
  facet normal 0.0674441 0.997723 -0
    outer loop
      vertex 3.5 122.8 0
      vertex 3.2781 122.815 0.45
      vertex 3.5 122.8 0.45
    endloop
  endfacet
  facet normal 0.0674441 0.997723 0
    outer loop
      vertex 3.2781 122.815 0.45
      vertex 3.5 122.8 0
      vertex 3.2781 122.815 0
    endloop
  endfacet
  facet normal 0.193442 0.981112 -0
    outer loop
      vertex 3.2781 122.815 0
      vertex 3.06001 122.858 0.45
      vertex 3.2781 122.815 0.45
    endloop
  endfacet
  facet normal 0.193442 0.981112 0
    outer loop
      vertex 3.06001 122.858 0.45
      vertex 3.2781 122.815 0
      vertex 3.06001 122.858 0
    endloop
  endfacet
  facet normal 0.896472 -0.4431 0
    outer loop
      vertex 1.9294 125.151 0.45
      vertex 2.02776 125.35 0
      vertex 2.02776 125.35 0.45
    endloop
  endfacet
  facet normal 0.896472 -0.4431 0
    outer loop
      vertex 2.02776 125.35 0
      vertex 1.9294 125.151 0.45
      vertex 1.9294 125.151 0
    endloop
  endfacet
  facet normal 0.896472 0.4431 0
    outer loop
      vertex 2.02776 123.65 0.45
      vertex 1.9294 123.849 0
      vertex 1.9294 123.849 0.45
    endloop
  endfacet
  facet normal 0.896472 0.4431 0
    outer loop
      vertex 1.9294 123.849 0
      vertex 2.02776 123.65 0.45
      vertex 2.02776 123.65 0
    endloop
  endfacet
  facet normal 0.997862 -0.0653555 0
    outer loop
      vertex 1.8 124.5 0.45
      vertex 1.81454 124.722 0
      vertex 1.81454 124.722 0.45
    endloop
  endfacet
  facet normal 0.997862 -0.0653555 0
    outer loop
      vertex 1.81454 124.722 0
      vertex 1.8 124.5 0.45
      vertex 1.8 124.5 0
    endloop
  endfacet
  facet normal 0.980762 -0.195208 0
    outer loop
      vertex 1.81454 124.722 0.45
      vertex 1.85793 124.94 0
      vertex 1.85793 124.94 0.45
    endloop
  endfacet
  facet normal 0.980762 -0.195208 0
    outer loop
      vertex 1.85793 124.94 0
      vertex 1.81454 124.722 0.45
      vertex 1.81454 124.722 0
    endloop
  endfacet
  facet normal 0.947141 -0.320816 0
    outer loop
      vertex 1.85793 124.94 0.45
      vertex 1.9294 125.151 0
      vertex 1.9294 125.151 0.45
    endloop
  endfacet
  facet normal 0.947141 -0.320816 0
    outer loop
      vertex 1.9294 125.151 0
      vertex 1.85793 124.94 0.45
      vertex 1.85793 124.94 0
    endloop
  endfacet
  facet normal -0.660306 0.750997 0
    outer loop
      vertex 4.70208 123.298 0
      vertex 4.53489 123.151 0.45
      vertex 4.70208 123.298 0.45
    endloop
  endfacet
  facet normal -0.660306 0.750997 0
    outer loop
      vertex 4.53489 123.151 0.45
      vertex 4.70208 123.298 0
      vertex 4.53489 123.151 0
    endloop
  endfacet
  facet normal 0.590395 -0.394724 0.704007
    outer loop
      vertex 2.1513 125.535 0.45
      vertex 0.929483 126.472 2
      vertex 0.694813 126.121 2
    endloop
  endfacet
  facet normal 0.709836 -0.0333623 0.703577
    outer loop
      vertex 0.28756 124.921 2
      vertex 1.81454 124.722 0.45
      vertex 0.287654 124.923 2
    endloop
  endfacet
  facet normal 0.708624 -0.0464117 0.704058
    outer loop
      vertex 1.81454 124.722 0.45
      vertex 0.28756 124.921 2
      vertex 1.8 124.5 0.45
    endloop
  endfacet
  facet normal -0.708611 -0.0464889 0.704066
    outer loop
      vertex 6.74006 124.5 2
      vertex 6.71244 124.921 2
      vertex 5.2 124.5 0.45
    endloop
  endfacet
  facet normal -0.70996 -0.0319482 0.703517
    outer loop
      vertex 5.18546 124.722 0.45
      vertex 6.71244 124.921 2
      vertex 6.71235 124.923 2
    endloop
  endfacet
  facet normal -0.708624 -0.0464117 0.704058
    outer loop
      vertex 6.71244 124.921 2
      vertex 5.18546 124.722 0.45
      vertex 5.2 124.5 0.45
    endloop
  endfacet
  facet normal 0.590395 0.394724 0.704007
    outer loop
      vertex 0.929483 122.528 2
      vertex 2.1513 123.465 0.45
      vertex 0.694813 122.879 2
    endloop
  endfacet
  facet normal 0.228579 0.672256 0.704147
    outer loop
      vertex 2.66141 121.37 2
      vertex 3.06001 122.858 0.45
      vertex 2.26143 121.506 2
    endloop
  endfacet
  facet normal 0.63669 0.314698 0.703982
    outer loop
      vertex 1.9294 123.849 0.45
      vertex 0.5072 123.259 2
      vertex 2.02776 123.65 0.45
    endloop
  endfacet
  facet normal 0.604523 0.380849 0.699647
    outer loop
      vertex 0.5072 123.259 2
      vertex 1.9294 123.849 0.45
      vertex 0.50657 123.26 2
    endloop
  endfacet
  facet normal 0 -0.712372 0.701802
    outer loop
      vertex 3.72189 126.185 0.45
      vertex 3.92431 127.712 2
      vertex 3.92291 127.712 2
    endloop
  endfacet
  facet normal -0.137339 -0.696596 0.704195
    outer loop
      vertex 3.92431 127.712 2
      vertex 3.72189 126.185 0.45
      vertex 3.93999 126.142 0.45
    endloop
  endfacet
  facet normal -0.468687 -0.53348 0.704081
    outer loop
      vertex 5.79 126.792 2
      vertex 5.47243 127.071 2
      vertex 4.53489 125.849 0.45
    endloop
  endfacet
  facet normal 0.226927 -0.673014 0.703958
    outer loop
      vertex 2.26143 127.494 2
      vertex 2.84944 126.071 0.45
      vertex 3.06001 126.142 0.45
    endloop
  endfacet
  facet normal 0.428634 -0.578656 0.693851
    outer loop
      vertex 2.84944 126.071 0.45
      vertex 2.26143 127.494 2
      vertex 2.26008 127.493 2
    endloop
  endfacet
  facet normal 0 -0.712372 0.701802
    outer loop
      vertex 3.07569 127.712 2
      vertex 3.2781 126.185 0.45
      vertex 3.07709 127.712 2
    endloop
  endfacet
  facet normal 0.137345 -0.696596 0.704195
    outer loop
      vertex 3.2781 126.185 0.45
      vertex 3.07569 127.712 2
      vertex 3.06001 126.142 0.45
    endloop
  endfacet
  facet normal -0.590395 0.394724 0.704008
    outer loop
      vertex 6.07052 122.528 2
      vertex 6.30519 122.879 2
      vertex 4.8487 123.465 0.45
    endloop
  endfacet
  facet normal -0.459829 -0.547196 0.699381
    outer loop
      vertex 4.35 125.972 0.45
      vertex 5.12122 127.305 2
      vertex 5.12003 127.306 2
    endloop
  endfacet
  facet normal -0.393303 -0.591202 0.704126
    outer loop
      vertex 5.12122 127.305 2
      vertex 4.35 125.972 0.45
      vertex 4.53489 125.849 0.45
    endloop
  endfacet
  facet normal 0.468687 0.53348 0.704081
    outer loop
      vertex 1.52757 121.929 2
      vertex 2.46511 123.151 0.45
      vertex 1.21 122.208 2
    endloop
  endfacet
  facet normal -0.43881 -0.561677 0.701402
    outer loop
      vertex 5.11875 127.307 2
      vertex 4.35 125.972 0.45
      vertex 5.12003 127.306 2
    endloop
  endfacet
  facet normal -0.315659 -0.635909 0.704258
    outer loop
      vertex 4.35 125.972 0.45
      vertex 5.11875 127.307 2
      vertex 4.15056 126.071 0.45
    endloop
  endfacet
  facet normal -0.313033 0.637561 0.703936
    outer loop
      vertex 4.73992 121.507 2
      vertex 5.11875 121.693 2
      vertex 4.15056 122.929 0.45
    endloop
  endfacet
  facet normal -0.672598 0.227854 0.704056
    outer loop
      vertex 5.07059 123.849 0.45
      vertex 6.49389 123.261 2
      vertex 5.14207 124.06 0.45
    endloop
  endfacet
  facet normal -0.644728 0.296575 0.704534
    outer loop
      vertex 6.49389 123.261 2
      vertex 5.07059 123.849 0.45
      vertex 6.49343 123.26 2
    endloop
  endfacet
  facet normal -0.63698 -0.313986 0.704038
    outer loop
      vertex 6.49343 125.74 2
      vertex 6.30661 126.119 2
      vertex 5.07059 125.151 0.45
    endloop
  endfacet
  facet normal -0.313033 -0.637561 0.703936
    outer loop
      vertex 5.11875 127.307 2
      vertex 4.73992 127.493 2
      vertex 4.15056 126.071 0.45
    endloop
  endfacet
  facet normal -0.228579 -0.672256 0.704147
    outer loop
      vertex 4.73857 127.494 2
      vertex 4.33859 127.63 2
      vertex 3.93999 126.142 0.45
    endloop
  endfacet
  facet normal -0.393744 -0.590969 0.704074
    outer loop
      vertex 5.47243 127.071 2
      vertex 5.12122 127.305 2
      vertex 4.53489 125.849 0.45
    endloop
  endfacet
  facet normal -0.708611 0.0464889 0.704066
    outer loop
      vertex 6.71244 124.079 2
      vertex 6.74006 124.5 2
      vertex 5.2 124.5 0.45
    endloop
  endfacet
  facet normal 0 0.712372 0.701802
    outer loop
      vertex 3.72189 122.815 0.45
      vertex 3.92149 121.288 2
      vertex 3.92291 121.288 2
    endloop
  endfacet
  facet normal -0.047893 0.708465 0.704119
    outer loop
      vertex 3.92149 121.288 2
      vertex 3.72189 122.815 0.45
      vertex 3.5 122.8 0.45
    endloop
  endfacet
  facet normal -0.708624 0.0464117 0.704058
    outer loop
      vertex 5.18546 124.278 0.45
      vertex 6.71244 124.079 2
      vertex 5.2 124.5 0.45
    endloop
  endfacet
  facet normal -0.70996 0.0319482 0.703517
    outer loop
      vertex 6.71244 124.079 2
      vertex 5.18546 124.278 0.45
      vertex 6.71235 124.077 2
    endloop
  endfacet
  facet normal -0.672422 0.228237 0.7041
    outer loop
      vertex 6.49389 123.261 2
      vertex 6.62966 123.661 2
      vertex 5.14207 124.06 0.45
    endloop
  endfacet
  facet normal -0.604521 0.380848 0.699649
    outer loop
      vertex 5.07059 123.849 0.45
      vertex 6.4928 123.259 2
      vertex 6.49343 123.26 2
    endloop
  endfacet
  facet normal -0.6367 0.314671 0.703985
    outer loop
      vertex 6.4928 123.259 2
      vertex 5.07059 123.849 0.45
      vertex 4.97224 123.65 0.45
    endloop
  endfacet
  facet normal 0.13787 0.696547 0.70414
    outer loop
      vertex 3.07569 121.288 2
      vertex 3.06001 122.858 0.45
      vertex 2.66141 121.37 2
    endloop
  endfacet
  facet normal -0.53426 0.467915 0.704004
    outer loop
      vertex 5.79201 122.21 2
      vertex 6.07052 122.528 2
      vertex 4.8487 123.465 0.45
    endloop
  endfacet
  facet normal 0.708624 0.0464117 0.704058
    outer loop
      vertex 0.28756 124.079 2
      vertex 1.81454 124.278 0.45
      vertex 1.8 124.5 0.45
    endloop
  endfacet
  facet normal 0.709836 0.0333623 0.703577
    outer loop
      vertex 1.81454 124.278 0.45
      vertex 0.28756 124.079 2
      vertex 0.287654 124.077 2
    endloop
  endfacet
  facet normal 0.672419 0.228244 0.7041
    outer loop
      vertex 0.506112 123.261 2
      vertex 1.85793 124.06 0.45
      vertex 0.370337 123.661 2
    endloop
  endfacet
  facet normal 0.645199 -0.295501 0.704554
    outer loop
      vertex 0.506112 125.739 2
      vertex 1.9294 125.151 0.45
      vertex 0.50657 125.74 2
    endloop
  endfacet
  facet normal 0.672611 -0.227827 0.704052
    outer loop
      vertex 1.9294 125.151 0.45
      vertex 0.506112 125.739 2
      vertex 1.85793 124.94 0.45
    endloop
  endfacet
  facet normal 0 -0.736878 0.676026
    outer loop
      vertex 2.2588 127.493 2
      vertex 2.84944 126.071 0.45
      vertex 2.26008 127.493 2
    endloop
  endfacet
  facet normal 0.315787 -0.636168 0.703966
    outer loop
      vertex 2.84944 126.071 0.45
      vertex 2.2588 127.493 2
      vertex 2.65 125.972 0.45
    endloop
  endfacet
  facet normal 0.459829 -0.547196 0.699381
    outer loop
      vertex 1.87878 127.305 2
      vertex 2.65 125.972 0.45
      vertex 1.87997 127.306 2
    endloop
  endfacet
  facet normal 0.393303 -0.591202 0.704126
    outer loop
      vertex 2.65 125.972 0.45
      vertex 1.87878 127.305 2
      vertex 2.46511 125.849 0.45
    endloop
  endfacet
  facet normal -0.13787 -0.696547 0.70414
    outer loop
      vertex 3.93999 126.142 0.45
      vertex 4.33859 127.63 2
      vertex 3.92431 127.712 2
    endloop
  endfacet
  facet normal -0.393303 0.591202 0.704126
    outer loop
      vertex 4.35 123.028 0.45
      vertex 5.12122 121.695 2
      vertex 4.53489 123.151 0.45
    endloop
  endfacet
  facet normal -0.459829 0.547196 0.699381
    outer loop
      vertex 5.12122 121.695 2
      vertex 4.35 123.028 0.45
      vertex 5.12003 121.694 2
    endloop
  endfacet
  facet normal -0.43881 0.561677 0.701402
    outer loop
      vertex 4.35 123.028 0.45
      vertex 5.11875 121.693 2
      vertex 5.12003 121.694 2
    endloop
  endfacet
  facet normal -0.315659 0.635909 0.704258
    outer loop
      vertex 5.11875 121.693 2
      vertex 4.35 123.028 0.45
      vertex 4.15056 122.929 0.45
    endloop
  endfacet
  facet normal 0.533625 0.468504 0.704094
    outer loop
      vertex 1.20799 122.21 2
      vertex 2.29792 123.298 0.45
      vertex 2.1513 123.465 0.45
    endloop
  endfacet
  facet normal 0.516993 0.485973 0.704662
    outer loop
      vertex 2.29792 123.298 0.45
      vertex 1.20799 122.21 2
      vertex 1.20893 122.209 2
    endloop
  endfacet
  facet normal 0.0470733 -0.708605 0.704033
    outer loop
      vertex 3.5 126.2 0.45
      vertex 3.5 127.74 2
      vertex 3.07851 127.712 2
    endloop
  endfacet
  facet normal 0.0470733 0.708605 0.704033
    outer loop
      vertex 3.5 121.26 2
      vertex 3.5 122.8 0.45
      vertex 3.07851 121.288 2
    endloop
  endfacet
  facet normal -0.686534 0.19223 0.701226
    outer loop
      vertex 5.18546 124.278 0.45
      vertex 6.71207 124.076 2
      vertex 6.71235 124.077 2
    endloop
  endfacet
  facet normal -0.696491 0.138627 0.704047
    outer loop
      vertex 6.71207 124.076 2
      vertex 5.18546 124.278 0.45
      vertex 5.14207 124.06 0.45
    endloop
  endfacet
  facet normal 0.13787 -0.696547 0.70414
    outer loop
      vertex 3.06001 126.142 0.45
      vertex 3.07569 127.712 2
      vertex 2.66141 127.63 2
    endloop
  endfacet
  facet normal 0.393303 0.591202 0.704126
    outer loop
      vertex 1.87878 121.695 2
      vertex 2.65 123.028 0.45
      vertex 2.46511 123.151 0.45
    endloop
  endfacet
  facet normal 0.459829 0.547196 0.699381
    outer loop
      vertex 2.65 123.028 0.45
      vertex 1.87878 121.695 2
      vertex 1.87997 121.694 2
    endloop
  endfacet
  facet normal -0.590395 -0.394724 0.704008
    outer loop
      vertex 6.30519 126.121 2
      vertex 6.07052 126.472 2
      vertex 4.8487 125.535 0.45
    endloop
  endfacet
  facet normal -0.533625 0.468504 0.704094
    outer loop
      vertex 4.70208 123.298 0.45
      vertex 5.79201 122.21 2
      vertex 4.8487 123.465 0.45
    endloop
  endfacet
  facet normal -0.516993 0.485973 0.704662
    outer loop
      vertex 5.79201 122.21 2
      vertex 4.70208 123.298 0.45
      vertex 5.79107 122.209 2
    endloop
  endfacet
  facet normal 0.590578 -0.394378 0.704048
    outer loop
      vertex 0.694813 126.121 2
      vertex 2.02776 125.35 0.45
      vertex 2.1513 125.535 0.45
    endloop
  endfacet
  facet normal 0.559053 -0.44277 0.701009
    outer loop
      vertex 2.02776 125.35 0.45
      vertex 0.694813 126.121 2
      vertex 0.694021 126.12 2
    endloop
  endfacet
  facet normal -0.484502 0.518417 0.704629
    outer loop
      vertex 4.70208 123.298 0.45
      vertex 5.79 122.208 2
      vertex 5.79107 122.209 2
    endloop
  endfacet
  facet normal -0.468877 0.533276 0.70411
    outer loop
      vertex 5.79 122.208 2
      vertex 4.70208 123.298 0.45
      vertex 4.53489 123.151 0.45
    endloop
  endfacet
  facet normal 0.534263 0.467912 0.704004
    outer loop
      vertex 1.20799 122.21 2
      vertex 2.1513 123.465 0.45
      vertex 0.929483 122.528 2
    endloop
  endfacet
  facet normal 0.590578 0.394378 0.704048
    outer loop
      vertex 2.02776 123.65 0.45
      vertex 0.694813 122.879 2
      vertex 2.1513 123.465 0.45
    endloop
  endfacet
  facet normal 0.559053 0.44277 0.701009
    outer loop
      vertex 0.694813 122.879 2
      vertex 2.02776 123.65 0.45
      vertex 0.694021 122.88 2
    endloop
  endfacet
  facet normal -0.69652 0.138314 0.70408
    outer loop
      vertex 6.62966 123.661 2
      vertex 6.71207 124.076 2
      vertex 5.14207 124.06 0.45
    endloop
  endfacet
  facet normal 0.636958 0.313976 0.704062
    outer loop
      vertex 0.694021 122.88 2
      vertex 2.02776 123.65 0.45
      vertex 0.5072 123.259 2
    endloop
  endfacet
  facet normal 0.468687 -0.53348 0.704081
    outer loop
      vertex 2.46511 125.849 0.45
      vertex 1.52757 127.071 2
      vertex 1.21 126.792 2
    endloop
  endfacet
  facet normal 0.468877 0.533276 0.70411
    outer loop
      vertex 2.29792 123.298 0.45
      vertex 1.21 122.208 2
      vertex 2.46511 123.151 0.45
    endloop
  endfacet
  facet normal 0.484502 0.518417 0.704629
    outer loop
      vertex 1.21 122.208 2
      vertex 2.29792 123.298 0.45
      vertex 1.20893 122.209 2
    endloop
  endfacet
  facet normal -0.0470733 -0.708605 0.704033
    outer loop
      vertex 3.92149 127.712 2
      vertex 3.5 127.74 2
      vertex 3.5 126.2 0.45
    endloop
  endfacet
  facet normal -0.13787 0.696547 0.70414
    outer loop
      vertex 4.33859 121.37 2
      vertex 3.93999 122.858 0.45
      vertex 3.92431 121.288 2
    endloop
  endfacet
  facet normal -0.672422 -0.228237 0.7041
    outer loop
      vertex 6.62966 125.339 2
      vertex 6.49389 125.739 2
      vertex 5.14207 124.94 0.45
    endloop
  endfacet
  facet normal 0.393744 0.590969 0.704074
    outer loop
      vertex 1.87878 121.695 2
      vertex 2.46511 123.151 0.45
      vertex 1.52757 121.929 2
    endloop
  endfacet
  facet normal 0.672419 -0.228244 0.7041
    outer loop
      vertex 1.85793 124.94 0.45
      vertex 0.506112 125.739 2
      vertex 0.370337 125.339 2
    endloop
  endfacet
  facet normal 0.696522 -0.138306 0.70408
    outer loop
      vertex 1.85793 124.94 0.45
      vertex 0.370337 125.339 2
      vertex 0.287932 124.924 2
    endloop
  endfacet
  facet normal -0.228579 0.672256 0.704147
    outer loop
      vertex 4.33859 121.37 2
      vertex 4.73857 121.506 2
      vertex 3.93999 122.858 0.45
    endloop
  endfacet
  facet normal -0.137339 0.696596 0.704195
    outer loop
      vertex 3.72189 122.815 0.45
      vertex 3.92431 121.288 2
      vertex 3.93999 122.858 0.45
    endloop
  endfacet
  facet normal 0 0.712372 0.701802
    outer loop
      vertex 3.92431 121.288 2
      vertex 3.72189 122.815 0.45
      vertex 3.92291 121.288 2
    endloop
  endfacet
  facet normal -0.393744 0.590969 0.704074
    outer loop
      vertex 5.12122 121.695 2
      vertex 5.47243 121.929 2
      vertex 4.53489 123.151 0.45
    endloop
  endfacet
  facet normal -0.468687 0.53348 0.704081
    outer loop
      vertex 5.47243 121.929 2
      vertex 5.79 122.208 2
      vertex 4.53489 123.151 0.45
    endloop
  endfacet
  facet normal 0.0478908 0.708465 0.704119
    outer loop
      vertex 3.2781 122.815 0.45
      vertex 3.07851 121.288 2
      vertex 3.5 122.8 0.45
    endloop
  endfacet
  facet normal 0 0.712372 0.701802
    outer loop
      vertex 3.07851 121.288 2
      vertex 3.2781 122.815 0.45
      vertex 3.07709 121.288 2
    endloop
  endfacet
  facet normal 0.636981 -0.313988 0.704036
    outer loop
      vertex 1.9294 125.151 0.45
      vertex 0.693391 126.119 2
      vertex 0.50657 125.74 2
    endloop
  endfacet
  facet normal -0.636958 0.313975 0.704063
    outer loop
      vertex 6.30598 122.88 2
      vertex 6.4928 123.259 2
      vertex 4.97224 123.65 0.45
    endloop
  endfacet
  facet normal -0.428634 0.578656 0.693851
    outer loop
      vertex 4.15056 122.929 0.45
      vertex 4.73857 121.506 2
      vertex 4.73992 121.507 2
    endloop
  endfacet
  facet normal -0.226927 0.673014 0.703958
    outer loop
      vertex 4.73857 121.506 2
      vertex 4.15056 122.929 0.45
      vertex 3.93999 122.858 0.45
    endloop
  endfacet
  facet normal 0.226927 0.673014 0.703958
    outer loop
      vertex 2.84944 122.929 0.45
      vertex 2.26143 121.506 2
      vertex 3.06001 122.858 0.45
    endloop
  endfacet
  facet normal 0.428634 0.578656 0.693851
    outer loop
      vertex 2.26143 121.506 2
      vertex 2.84944 122.929 0.45
      vertex 2.26008 121.507 2
    endloop
  endfacet
  facet normal -0.559548 0.442043 0.701074
    outer loop
      vertex 4.97224 123.65 0.45
      vertex 6.30519 122.879 2
      vertex 6.30598 122.88 2
    endloop
  endfacet
  facet normal -0.590577 0.394378 0.704049
    outer loop
      vertex 6.30519 122.879 2
      vertex 4.97224 123.65 0.45
      vertex 4.8487 123.465 0.45
    endloop
  endfacet
  facet normal 0.516993 -0.485973 0.704662
    outer loop
      vertex 1.20799 126.79 2
      vertex 2.29792 125.702 0.45
      vertex 1.20893 126.791 2
    endloop
  endfacet
  facet normal 0.533625 -0.468504 0.704094
    outer loop
      vertex 2.29792 125.702 0.45
      vertex 1.20799 126.79 2
      vertex 2.1513 125.535 0.45
    endloop
  endfacet
  facet normal 0.228579 -0.672256 0.704147
    outer loop
      vertex 3.06001 126.142 0.45
      vertex 2.66141 127.63 2
      vertex 2.26143 127.494 2
    endloop
  endfacet
  facet normal 0.672611 0.227827 0.704052
    outer loop
      vertex 0.506112 123.261 2
      vertex 1.9294 123.849 0.45
      vertex 1.85793 124.06 0.45
    endloop
  endfacet
  facet normal 0.645199 0.295501 0.704554
    outer loop
      vertex 1.9294 123.849 0.45
      vertex 0.506112 123.261 2
      vertex 0.50657 123.26 2
    endloop
  endfacet
  facet normal -0.047893 -0.708465 0.704119
    outer loop
      vertex 3.72189 126.185 0.45
      vertex 3.92149 127.712 2
      vertex 3.5 126.2 0.45
    endloop
  endfacet
  facet normal 0 -0.712372 0.701802
    outer loop
      vertex 3.92149 127.712 2
      vertex 3.72189 126.185 0.45
      vertex 3.92291 127.712 2
    endloop
  endfacet
  facet normal 0 -0.712372 0.701802
    outer loop
      vertex 3.2781 126.185 0.45
      vertex 3.07851 127.712 2
      vertex 3.07709 127.712 2
    endloop
  endfacet
  facet normal 0.0478908 -0.708465 0.704119
    outer loop
      vertex 3.07851 127.712 2
      vertex 3.2781 126.185 0.45
      vertex 3.5 126.2 0.45
    endloop
  endfacet
  facet normal 0 0.712372 0.701802
    outer loop
      vertex 3.2781 122.815 0.45
      vertex 3.07569 121.288 2
      vertex 3.07709 121.288 2
    endloop
  endfacet
  facet normal 0.137345 0.696596 0.704195
    outer loop
      vertex 3.07569 121.288 2
      vertex 3.2781 122.815 0.45
      vertex 3.06001 122.858 0.45
    endloop
  endfacet
  facet normal -0.644728 -0.296575 0.704534
    outer loop
      vertex 5.07059 125.151 0.45
      vertex 6.49389 125.739 2
      vertex 6.49343 125.74 2
    endloop
  endfacet
  facet normal -0.672598 -0.227854 0.704056
    outer loop
      vertex 6.49389 125.739 2
      vertex 5.07059 125.151 0.45
      vertex 5.14207 124.94 0.45
    endloop
  endfacet
  facet normal -0.559548 -0.442043 0.701074
    outer loop
      vertex 6.30519 126.121 2
      vertex 4.97224 125.35 0.45
      vertex 6.30598 126.12 2
    endloop
  endfacet
  facet normal -0.590577 -0.394378 0.704049
    outer loop
      vertex 4.97224 125.35 0.45
      vertex 6.30519 126.121 2
      vertex 4.8487 125.535 0.45
    endloop
  endfacet
  facet normal 0.393744 -0.590969 0.704074
    outer loop
      vertex 2.46511 125.849 0.45
      vertex 1.87878 127.305 2
      vertex 1.52757 127.071 2
    endloop
  endfacet
  facet normal 0.708609 0.0464972 0.704067
    outer loop
      vertex 0.28756 124.079 2
      vertex 1.8 124.5 0.45
      vertex 0.259935 124.5 2
    endloop
  endfacet
  facet normal -0.0470733 0.708605 0.704033
    outer loop
      vertex 3.92149 121.288 2
      vertex 3.5 122.8 0.45
      vertex 3.5 121.26 2
    endloop
  endfacet
  facet normal -0.428634 -0.578656 0.693851
    outer loop
      vertex 4.73857 127.494 2
      vertex 4.15056 126.071 0.45
      vertex 4.73992 127.493 2
    endloop
  endfacet
  facet normal -0.226927 -0.673014 0.703958
    outer loop
      vertex 4.15056 126.071 0.45
      vertex 4.73857 127.494 2
      vertex 3.93999 126.142 0.45
    endloop
  endfacet
  facet normal 0.708609 -0.0464972 0.704067
    outer loop
      vertex 1.8 124.5 0.45
      vertex 0.28756 124.921 2
      vertex 0.259935 124.5 2
    endloop
  endfacet
  facet normal 0.315787 0.636168 0.703966
    outer loop
      vertex 2.2588 121.507 2
      vertex 2.84944 122.929 0.45
      vertex 2.65 123.028 0.45
    endloop
  endfacet
  facet normal 0 0.736878 0.676026
    outer loop
      vertex 2.84944 122.929 0.45
      vertex 2.2588 121.507 2
      vertex 2.26008 121.507 2
    endloop
  endfacet
  facet normal 0.314301 0.63672 0.704133
    outer loop
      vertex 2.2588 121.507 2
      vertex 2.65 123.028 0.45
      vertex 1.87997 121.694 2
    endloop
  endfacet
  facet normal 0.600422 -0.378266 0.704562
    outer loop
      vertex 0.693391 126.119 2
      vertex 2.02776 125.35 0.45
      vertex 0.694021 126.12 2
    endloop
  endfacet
  facet normal 0.636572 -0.314639 0.704116
    outer loop
      vertex 2.02776 125.35 0.45
      vertex 0.693391 126.119 2
      vertex 1.9294 125.151 0.45
    endloop
  endfacet
  facet normal -0.600422 -0.378266 0.704562
    outer loop
      vertex 4.97224 125.35 0.45
      vertex 6.30661 126.119 2
      vertex 6.30598 126.12 2
    endloop
  endfacet
  facet normal -0.636585 -0.314614 0.704115
    outer loop
      vertex 6.30661 126.119 2
      vertex 4.97224 125.35 0.45
      vertex 5.07059 125.151 0.45
    endloop
  endfacet
  facet normal 0.314301 -0.63672 0.704133
    outer loop
      vertex 2.65 125.972 0.45
      vertex 2.2588 127.493 2
      vertex 1.87997 127.306 2
    endloop
  endfacet
  facet normal -0.69652 -0.138314 0.70408
    outer loop
      vertex 6.71207 124.924 2
      vertex 6.62966 125.339 2
      vertex 5.14207 124.94 0.45
    endloop
  endfacet
  facet normal -0.686534 -0.19223 0.701226
    outer loop
      vertex 6.71207 124.924 2
      vertex 5.18546 124.722 0.45
      vertex 6.71235 124.923 2
    endloop
  endfacet
  facet normal -0.696491 -0.138627 0.704047
    outer loop
      vertex 5.18546 124.722 0.45
      vertex 6.71207 124.924 2
      vertex 5.14207 124.94 0.45
    endloop
  endfacet
  facet normal -0.53426 -0.467915 0.704004
    outer loop
      vertex 6.07052 126.472 2
      vertex 5.79201 126.79 2
      vertex 4.8487 125.535 0.45
    endloop
  endfacet
  facet normal 0.696492 -0.138627 0.704047
    outer loop
      vertex 0.287932 124.924 2
      vertex 1.81454 124.722 0.45
      vertex 1.85793 124.94 0.45
    endloop
  endfacet
  facet normal 0.686802 -0.190931 0.701319
    outer loop
      vertex 1.81454 124.722 0.45
      vertex 0.287932 124.924 2
      vertex 0.287654 124.923 2
    endloop
  endfacet
  facet normal 0.696522 0.138306 0.70408
    outer loop
      vertex 0.370337 123.661 2
      vertex 1.85793 124.06 0.45
      vertex 0.287932 124.076 2
    endloop
  endfacet
  facet normal 0.696492 0.138627 0.704047
    outer loop
      vertex 1.81454 124.278 0.45
      vertex 0.287932 124.076 2
      vertex 1.85793 124.06 0.45
    endloop
  endfacet
  facet normal 0.686802 0.190931 0.701319
    outer loop
      vertex 0.287932 124.076 2
      vertex 1.81454 124.278 0.45
      vertex 0.287654 124.077 2
    endloop
  endfacet
  facet normal 0.468877 -0.533276 0.70411
    outer loop
      vertex 1.21 126.792 2
      vertex 2.29792 125.702 0.45
      vertex 2.46511 125.849 0.45
    endloop
  endfacet
  facet normal 0.484502 -0.518417 0.704629
    outer loop
      vertex 2.29792 125.702 0.45
      vertex 1.21 126.792 2
      vertex 1.20893 126.791 2
    endloop
  endfacet
  facet normal 0.534263 -0.467912 0.704004
    outer loop
      vertex 2.1513 125.535 0.45
      vertex 1.20799 126.79 2
      vertex 0.929483 126.472 2
    endloop
  endfacet
  facet normal -0.484502 -0.518417 0.704629
    outer loop
      vertex 5.79 126.792 2
      vertex 4.70208 125.702 0.45
      vertex 5.79107 126.791 2
    endloop
  endfacet
  facet normal -0.468877 -0.533276 0.70411
    outer loop
      vertex 4.70208 125.702 0.45
      vertex 5.79 126.792 2
      vertex 4.53489 125.849 0.45
    endloop
  endfacet
  facet normal -0.516993 -0.485973 0.704662
    outer loop
      vertex 4.70208 125.702 0.45
      vertex 5.79201 126.79 2
      vertex 5.79107 126.791 2
    endloop
  endfacet
  facet normal -0.533625 -0.468504 0.704094
    outer loop
      vertex 5.79201 126.79 2
      vertex 4.70208 125.702 0.45
      vertex 4.8487 125.535 0.45
    endloop
  endfacet
  facet normal -0.980753 -0.195251 0
    outer loop
      vertex 94.1855 124.722 0
      vertex 94.1421 124.94 0.45
      vertex 94.1421 124.94 0
    endloop
  endfacet
  facet normal -0.980753 -0.195251 0
    outer loop
      vertex 94.1421 124.94 0.45
      vertex 94.1855 124.722 0
      vertex 94.1855 124.722 0.45
    endloop
  endfacet
  facet normal -0.997874 -0.0651764 0
    outer loop
      vertex 94.2 124.5 0
      vertex 94.1855 124.722 0.45
      vertex 94.1855 124.722 0
    endloop
  endfacet
  facet normal -0.997874 -0.0651764 0
    outer loop
      vertex 94.1855 124.722 0.45
      vertex 94.2 124.5 0
      vertex 94.2 124.5 0.45
    endloop
  endfacet
  facet normal 0.444696 -0.895681 0
    outer loop
      vertex 91.65 125.972 0
      vertex 91.8494 126.071 0.45
      vertex 91.65 125.972 0.45
    endloop
  endfacet
  facet normal 0.444696 -0.895681 0
    outer loop
      vertex 91.8494 126.071 0.45
      vertex 91.65 125.972 0
      vertex 91.8494 126.071 0
    endloop
  endfacet
  facet normal -0.553869 -0.832604 0
    outer loop
      vertex 93.35 125.972 0
      vertex 93.5349 125.849 0.45
      vertex 93.35 125.972 0.45
    endloop
  endfacet
  facet normal -0.553869 -0.832604 -0
    outer loop
      vertex 93.5349 125.849 0.45
      vertex 93.35 125.972 0
      vertex 93.5349 125.849 0
    endloop
  endfacet
  facet normal 0.660284 -0.751016 0
    outer loop
      vertex 91.2979 125.702 0
      vertex 91.4651 125.849 0.45
      vertex 91.2979 125.702 0.45
    endloop
  endfacet
  facet normal 0.660284 -0.751016 0
    outer loop
      vertex 91.4651 125.849 0.45
      vertex 91.2979 125.702 0
      vertex 91.4651 125.849 0
    endloop
  endfacet
  facet normal -0.319466 0.947598 0
    outer loop
      vertex 93.1506 122.929 0
      vertex 92.94 122.858 0.45
      vertex 93.1506 122.929 0.45
    endloop
  endfacet
  facet normal -0.319466 0.947598 0
    outer loop
      vertex 92.94 122.858 0.45
      vertex 93.1506 122.929 0
      vertex 92.94 122.858 0
    endloop
  endfacet
  facet normal -0.831704 0.555219 0
    outer loop
      vertex 93.8487 123.465 0
      vertex 93.9722 123.65 0.45
      vertex 93.9722 123.65 0
    endloop
  endfacet
  facet normal -0.831704 0.555219 0
    outer loop
      vertex 93.9722 123.65 0.45
      vertex 93.8487 123.465 0
      vertex 93.8487 123.465 0.45
    endloop
  endfacet
  facet normal -0.947101 0.320937 0
    outer loop
      vertex 94.0706 123.849 0
      vertex 94.1421 124.06 0.45
      vertex 94.1421 124.06 0
    endloop
  endfacet
  facet normal -0.947101 0.320937 0
    outer loop
      vertex 94.1421 124.06 0.45
      vertex 94.0706 123.849 0
      vertex 94.0706 123.849 0.45
    endloop
  endfacet
  facet normal -0.319466 -0.947598 0
    outer loop
      vertex 92.94 126.142 0
      vertex 93.1506 126.071 0.45
      vertex 92.94 126.142 0.45
    endloop
  endfacet
  facet normal -0.319466 -0.947598 -0
    outer loop
      vertex 93.1506 126.071 0.45
      vertex 92.94 126.142 0
      vertex 93.1506 126.071 0
    endloop
  endfacet
  facet normal -0.193434 -0.981113 0
    outer loop
      vertex 92.7219 126.185 0
      vertex 92.94 126.142 0.45
      vertex 92.7219 126.185 0.45
    endloop
  endfacet
  facet normal -0.193434 -0.981113 -0
    outer loop
      vertex 92.94 126.142 0.45
      vertex 92.7219 126.185 0
      vertex 92.94 126.142 0
    endloop
  endfacet
  facet normal 0.553869 -0.832604 0
    outer loop
      vertex 91.4651 125.849 0
      vertex 91.65 125.972 0.45
      vertex 91.4651 125.849 0.45
    endloop
  endfacet
  facet normal 0.553869 -0.832604 0
    outer loop
      vertex 91.65 125.972 0.45
      vertex 91.4651 125.849 0
      vertex 91.65 125.972 0
    endloop
  endfacet
  facet normal -0.8964 0.443245 0
    outer loop
      vertex 93.9722 123.65 0
      vertex 94.0706 123.849 0.45
      vertex 94.0706 123.849 0
    endloop
  endfacet
  facet normal -0.8964 0.443245 0
    outer loop
      vertex 94.0706 123.849 0.45
      vertex 93.9722 123.65 0
      vertex 93.9722 123.65 0.45
    endloop
  endfacet
  facet normal -0.660284 -0.751016 0
    outer loop
      vertex 93.5349 125.849 0
      vertex 93.7021 125.702 0.45
      vertex 93.5349 125.849 0.45
    endloop
  endfacet
  facet normal -0.660284 -0.751016 -0
    outer loop
      vertex 93.7021 125.702 0.45
      vertex 93.5349 125.849 0
      vertex 93.7021 125.702 0
    endloop
  endfacet
  facet normal -0.553869 0.832604 0
    outer loop
      vertex 93.5349 123.151 0
      vertex 93.35 123.028 0.45
      vertex 93.5349 123.151 0.45
    endloop
  endfacet
  facet normal -0.553869 0.832604 0
    outer loop
      vertex 93.35 123.028 0.45
      vertex 93.5349 123.151 0
      vertex 93.35 123.028 0
    endloop
  endfacet
  facet normal -0.444696 -0.895681 0
    outer loop
      vertex 93.1506 126.071 0
      vertex 93.35 125.972 0.45
      vertex 93.1506 126.071 0.45
    endloop
  endfacet
  facet normal -0.444696 -0.895681 -0
    outer loop
      vertex 93.35 125.972 0.45
      vertex 93.1506 126.071 0
      vertex 93.35 125.972 0
    endloop
  endfacet
  facet normal 0.660284 0.751016 -0
    outer loop
      vertex 91.4651 123.151 0
      vertex 91.2979 123.298 0.45
      vertex 91.4651 123.151 0.45
    endloop
  endfacet
  facet normal 0.660284 0.751016 0
    outer loop
      vertex 91.2979 123.298 0.45
      vertex 91.4651 123.151 0
      vertex 91.2979 123.298 0
    endloop
  endfacet
  facet normal 0.751516 0.659714 0
    outer loop
      vertex 91.2979 123.298 0.45
      vertex 91.1513 123.465 0
      vertex 91.1513 123.465 0.45
    endloop
  endfacet
  facet normal 0.751516 0.659714 0
    outer loop
      vertex 91.1513 123.465 0
      vertex 91.2979 123.298 0.45
      vertex 91.2979 123.298 0
    endloop
  endfacet
  facet normal 0.831704 0.555219 0
    outer loop
      vertex 91.1513 123.465 0.45
      vertex 91.0278 123.65 0
      vertex 91.0278 123.65 0.45
    endloop
  endfacet
  facet normal 0.831704 0.555219 0
    outer loop
      vertex 91.0278 123.65 0
      vertex 91.1513 123.465 0.45
      vertex 91.1513 123.465 0
    endloop
  endfacet
  facet normal -0.831704 -0.555219 0
    outer loop
      vertex 93.9722 125.35 0
      vertex 93.8487 125.535 0.45
      vertex 93.8487 125.535 0
    endloop
  endfacet
  facet normal -0.831704 -0.555219 0
    outer loop
      vertex 93.8487 125.535 0.45
      vertex 93.9722 125.35 0
      vertex 93.9722 125.35 0.45
    endloop
  endfacet
  facet normal -0.193434 0.981113 0
    outer loop
      vertex 92.94 122.858 0
      vertex 92.7219 122.815 0.45
      vertex 92.94 122.858 0.45
    endloop
  endfacet
  facet normal -0.193434 0.981113 0
    outer loop
      vertex 92.7219 122.815 0.45
      vertex 92.94 122.858 0
      vertex 92.7219 122.815 0
    endloop
  endfacet
  facet normal -0.980753 0.195251 0
    outer loop
      vertex 94.1421 124.06 0
      vertex 94.1855 124.278 0.45
      vertex 94.1855 124.278 0
    endloop
  endfacet
  facet normal -0.980753 0.195251 0
    outer loop
      vertex 94.1855 124.278 0.45
      vertex 94.1421 124.06 0
      vertex 94.1421 124.06 0.45
    endloop
  endfacet
  facet normal 0.947101 0.320937 0
    outer loop
      vertex 90.9294 123.849 0.45
      vertex 90.8579 124.06 0
      vertex 90.8579 124.06 0.45
    endloop
  endfacet
  facet normal 0.947101 0.320937 0
    outer loop
      vertex 90.8579 124.06 0
      vertex 90.9294 123.849 0.45
      vertex 90.9294 123.849 0
    endloop
  endfacet
  facet normal -0.444696 0.895681 0
    outer loop
      vertex 93.35 123.028 0
      vertex 93.1506 122.929 0.45
      vertex 93.35 123.028 0.45
    endloop
  endfacet
  facet normal -0.444696 0.895681 0
    outer loop
      vertex 93.1506 122.929 0.45
      vertex 93.35 123.028 0
      vertex 93.1506 122.929 0
    endloop
  endfacet
  facet normal -0.0674441 -0.997723 0
    outer loop
      vertex 92.5 126.2 0
      vertex 92.7219 126.185 0.45
      vertex 92.5 126.2 0.45
    endloop
  endfacet
  facet normal -0.0674441 -0.997723 -0
    outer loop
      vertex 92.7219 126.185 0.45
      vertex 92.5 126.2 0
      vertex 92.7219 126.185 0
    endloop
  endfacet
  facet normal 0.319466 -0.947598 0
    outer loop
      vertex 91.8494 126.071 0
      vertex 92.06 126.142 0.45
      vertex 91.8494 126.071 0.45
    endloop
  endfacet
  facet normal 0.319466 -0.947598 0
    outer loop
      vertex 92.06 126.142 0.45
      vertex 91.8494 126.071 0
      vertex 92.06 126.142 0
    endloop
  endfacet
  facet normal 0.193434 -0.981113 0
    outer loop
      vertex 92.06 126.142 0
      vertex 92.2781 126.185 0.45
      vertex 92.06 126.142 0.45
    endloop
  endfacet
  facet normal 0.193434 -0.981113 0
    outer loop
      vertex 92.2781 126.185 0.45
      vertex 92.06 126.142 0
      vertex 92.2781 126.185 0
    endloop
  endfacet
  facet normal -0.8964 -0.443245 0
    outer loop
      vertex 94.0706 125.151 0
      vertex 93.9722 125.35 0.45
      vertex 93.9722 125.35 0
    endloop
  endfacet
  facet normal -0.8964 -0.443245 0
    outer loop
      vertex 93.9722 125.35 0.45
      vertex 94.0706 125.151 0
      vertex 94.0706 125.151 0.45
    endloop
  endfacet
  facet normal -0.997874 0.0651764 0
    outer loop
      vertex 94.1855 124.278 0
      vertex 94.2 124.5 0.45
      vertex 94.2 124.5 0
    endloop
  endfacet
  facet normal -0.997874 0.0651764 0
    outer loop
      vertex 94.2 124.5 0.45
      vertex 94.1855 124.278 0
      vertex 94.1855 124.278 0.45
    endloop
  endfacet
  facet normal -0.0674441 0.997723 0
    outer loop
      vertex 92.7219 122.815 0
      vertex 92.5 122.8 0.45
      vertex 92.7219 122.815 0.45
    endloop
  endfacet
  facet normal -0.0674441 0.997723 0
    outer loop
      vertex 92.5 122.8 0.45
      vertex 92.7219 122.815 0
      vertex 92.5 122.8 0
    endloop
  endfacet
  facet normal -0.751516 -0.659714 0
    outer loop
      vertex 93.8487 125.535 0
      vertex 93.7021 125.702 0.45
      vertex 93.7021 125.702 0
    endloop
  endfacet
  facet normal -0.751516 -0.659714 0
    outer loop
      vertex 93.7021 125.702 0.45
      vertex 93.8487 125.535 0
      vertex 93.8487 125.535 0.45
    endloop
  endfacet
  facet normal 0.997874 0.0651764 0
    outer loop
      vertex 90.8145 124.278 0.45
      vertex 90.8 124.5 0
      vertex 90.8 124.5 0.45
    endloop
  endfacet
  facet normal 0.997874 0.0651764 0
    outer loop
      vertex 90.8 124.5 0
      vertex 90.8145 124.278 0.45
      vertex 90.8145 124.278 0
    endloop
  endfacet
  facet normal -0.751516 0.659714 0
    outer loop
      vertex 93.7021 123.298 0
      vertex 93.8487 123.465 0.45
      vertex 93.8487 123.465 0
    endloop
  endfacet
  facet normal -0.751516 0.659714 0
    outer loop
      vertex 93.8487 123.465 0.45
      vertex 93.7021 123.298 0
      vertex 93.7021 123.298 0.45
    endloop
  endfacet
  facet normal 0.751516 -0.659714 0
    outer loop
      vertex 91.1513 125.535 0.45
      vertex 91.2979 125.702 0
      vertex 91.2979 125.702 0.45
    endloop
  endfacet
  facet normal 0.751516 -0.659714 0
    outer loop
      vertex 91.2979 125.702 0
      vertex 91.1513 125.535 0.45
      vertex 91.1513 125.535 0
    endloop
  endfacet
  facet normal 0.831704 -0.555219 0
    outer loop
      vertex 91.0278 125.35 0.45
      vertex 91.1513 125.535 0
      vertex 91.1513 125.535 0.45
    endloop
  endfacet
  facet normal 0.831704 -0.555219 0
    outer loop
      vertex 91.1513 125.535 0
      vertex 91.0278 125.35 0.45
      vertex 91.0278 125.35 0
    endloop
  endfacet
  facet normal 0.0674441 -0.997723 0
    outer loop
      vertex 92.2781 126.185 0
      vertex 92.5 126.2 0.45
      vertex 92.2781 126.185 0.45
    endloop
  endfacet
  facet normal 0.0674441 -0.997723 0
    outer loop
      vertex 92.5 126.2 0.45
      vertex 92.2781 126.185 0
      vertex 92.5 126.2 0
    endloop
  endfacet
  facet normal 0.980753 0.195251 0
    outer loop
      vertex 90.8579 124.06 0.45
      vertex 90.8145 124.278 0
      vertex 90.8145 124.278 0.45
    endloop
  endfacet
  facet normal 0.980753 0.195251 0
    outer loop
      vertex 90.8145 124.278 0
      vertex 90.8579 124.06 0.45
      vertex 90.8579 124.06 0
    endloop
  endfacet
  facet normal 0.319466 0.947598 -0
    outer loop
      vertex 92.06 122.858 0
      vertex 91.8494 122.929 0.45
      vertex 92.06 122.858 0.45
    endloop
  endfacet
  facet normal 0.319466 0.947598 0
    outer loop
      vertex 91.8494 122.929 0.45
      vertex 92.06 122.858 0
      vertex 91.8494 122.929 0
    endloop
  endfacet
  facet normal -0.947101 -0.320937 0
    outer loop
      vertex 94.1421 124.94 0
      vertex 94.0706 125.151 0.45
      vertex 94.0706 125.151 0
    endloop
  endfacet
  facet normal -0.947101 -0.320937 0
    outer loop
      vertex 94.0706 125.151 0.45
      vertex 94.1421 124.94 0
      vertex 94.1421 124.94 0.45
    endloop
  endfacet
  facet normal 0.444696 0.895681 -0
    outer loop
      vertex 91.8494 122.929 0
      vertex 91.65 123.028 0.45
      vertex 91.8494 122.929 0.45
    endloop
  endfacet
  facet normal 0.444696 0.895681 0
    outer loop
      vertex 91.65 123.028 0.45
      vertex 91.8494 122.929 0
      vertex 91.65 123.028 0
    endloop
  endfacet
  facet normal 0.553869 0.832604 -0
    outer loop
      vertex 91.65 123.028 0
      vertex 91.4651 123.151 0.45
      vertex 91.65 123.028 0.45
    endloop
  endfacet
  facet normal 0.553869 0.832604 0
    outer loop
      vertex 91.4651 123.151 0.45
      vertex 91.65 123.028 0
      vertex 91.4651 123.151 0
    endloop
  endfacet
  facet normal 0.193434 0.981113 -0
    outer loop
      vertex 92.2781 122.815 0
      vertex 92.06 122.858 0.45
      vertex 92.2781 122.815 0.45
    endloop
  endfacet
  facet normal 0.193434 0.981113 0
    outer loop
      vertex 92.06 122.858 0.45
      vertex 92.2781 122.815 0
      vertex 92.06 122.858 0
    endloop
  endfacet
  facet normal 0.8964 -0.443245 0
    outer loop
      vertex 90.9294 125.151 0.45
      vertex 91.0278 125.35 0
      vertex 91.0278 125.35 0.45
    endloop
  endfacet
  facet normal 0.8964 -0.443245 0
    outer loop
      vertex 91.0278 125.35 0
      vertex 90.9294 125.151 0.45
      vertex 90.9294 125.151 0
    endloop
  endfacet
  facet normal 0.0674441 0.997723 -0
    outer loop
      vertex 92.5 122.8 0
      vertex 92.2781 122.815 0.45
      vertex 92.5 122.8 0.45
    endloop
  endfacet
  facet normal 0.0674441 0.997723 0
    outer loop
      vertex 92.2781 122.815 0.45
      vertex 92.5 122.8 0
      vertex 92.2781 122.815 0
    endloop
  endfacet
  facet normal 0.8964 0.443245 0
    outer loop
      vertex 91.0278 123.65 0.45
      vertex 90.9294 123.849 0
      vertex 90.9294 123.849 0.45
    endloop
  endfacet
  facet normal 0.8964 0.443245 0
    outer loop
      vertex 90.9294 123.849 0
      vertex 91.0278 123.65 0.45
      vertex 91.0278 123.65 0
    endloop
  endfacet
  facet normal 0.997874 -0.0651764 0
    outer loop
      vertex 90.8 124.5 0.45
      vertex 90.8145 124.722 0
      vertex 90.8145 124.722 0.45
    endloop
  endfacet
  facet normal 0.997874 -0.0651764 0
    outer loop
      vertex 90.8145 124.722 0
      vertex 90.8 124.5 0.45
      vertex 90.8 124.5 0
    endloop
  endfacet
  facet normal 0.980753 -0.195251 0
    outer loop
      vertex 90.8145 124.722 0.45
      vertex 90.8579 124.94 0
      vertex 90.8579 124.94 0.45
    endloop
  endfacet
  facet normal 0.980753 -0.195251 0
    outer loop
      vertex 90.8579 124.94 0
      vertex 90.8145 124.722 0.45
      vertex 90.8145 124.722 0
    endloop
  endfacet
  facet normal 0.947101 -0.320937 0
    outer loop
      vertex 90.8579 124.94 0.45
      vertex 90.9294 125.151 0
      vertex 90.9294 125.151 0.45
    endloop
  endfacet
  facet normal 0.947101 -0.320937 0
    outer loop
      vertex 90.9294 125.151 0
      vertex 90.8579 124.94 0.45
      vertex 90.8579 124.94 0
    endloop
  endfacet
  facet normal -0.660284 0.751016 0
    outer loop
      vertex 93.7021 123.298 0
      vertex 93.5349 123.151 0.45
      vertex 93.7021 123.298 0.45
    endloop
  endfacet
  facet normal -0.660284 0.751016 0
    outer loop
      vertex 93.5349 123.151 0.45
      vertex 93.7021 123.298 0
      vertex 93.5349 123.151 0
    endloop
  endfacet
  facet normal 0.590374 -0.39476 0.704005
    outer loop
      vertex 91.1513 125.535 0.45
      vertex 89.9295 126.472 2
      vertex 89.6948 126.121 2
    endloop
  endfacet
  facet normal 0.709665 -0.0354833 0.703645
    outer loop
      vertex 89.2876 124.921 2
      vertex 90.8145 124.722 0.45
      vertex 89.2877 124.923 2
    endloop
  endfacet
  facet normal 0.708655 -0.046286 0.704036
    outer loop
      vertex 90.8145 124.722 0.45
      vertex 89.2876 124.921 2
      vertex 90.8 124.5 0.45
    endloop
  endfacet
  facet normal -0.708597 -0.0466227 0.704071
    outer loop
      vertex 95.7401 124.5 2
      vertex 95.7124 124.921 2
      vertex 94.2 124.5 0.45
    endloop
  endfacet
  facet normal -0.709665 -0.0354833 0.703645
    outer loop
      vertex 94.1855 124.722 0.45
      vertex 95.7124 124.921 2
      vertex 95.7123 124.923 2
    endloop
  endfacet
  facet normal -0.708655 -0.046286 0.704036
    outer loop
      vertex 95.7124 124.921 2
      vertex 94.1855 124.722 0.45
      vertex 94.2 124.5 0.45
    endloop
  endfacet
  facet normal 0.590374 0.39476 0.704005
    outer loop
      vertex 89.9295 122.528 2
      vertex 91.1513 123.465 0.45
      vertex 89.6948 122.879 2
    endloop
  endfacet
  facet normal 0.228568 0.672259 0.704148
    outer loop
      vertex 91.6614 121.37 2
      vertex 92.06 122.858 0.45
      vertex 91.2614 121.506 2
    endloop
  endfacet
  facet normal 0.636643 0.314802 0.703978
    outer loop
      vertex 90.9294 123.849 0.45
      vertex 89.5072 123.259 2
      vertex 91.0278 123.65 0.45
    endloop
  endfacet
  facet normal 0.611627 0.366976 0.700885
    outer loop
      vertex 89.5072 123.259 2
      vertex 90.9294 123.849 0.45
      vertex 89.5066 123.26 2
    endloop
  endfacet
  facet normal 0 -0.712372 0.701802
    outer loop
      vertex 92.7219 126.185 0.45
      vertex 92.9243 127.712 2
      vertex 92.9229 127.712 2
    endloop
  endfacet
  facet normal -0.137339 -0.696597 0.704195
    outer loop
      vertex 92.9243 127.712 2
      vertex 92.7219 126.185 0.45
      vertex 92.94 126.142 0.45
    endloop
  endfacet
  facet normal -0.468666 -0.533506 0.704076
    outer loop
      vertex 94.79 126.792 2
      vertex 94.4724 127.071 2
      vertex 93.5349 125.849 0.45
    endloop
  endfacet
  facet normal 0.226898 -0.673025 0.703956
    outer loop
      vertex 91.2614 127.494 2
      vertex 91.8494 126.071 0.45
      vertex 92.06 126.142 0.45
    endloop
  endfacet
  facet normal 0.440063 -0.572081 0.692147
    outer loop
      vertex 91.8494 126.071 0.45
      vertex 91.2614 127.494 2
      vertex 91.2601 127.493 2
    endloop
  endfacet
  facet normal 0 -0.712372 0.701802
    outer loop
      vertex 92.0757 127.712 2
      vertex 92.2781 126.185 0.45
      vertex 92.0771 127.712 2
    endloop
  endfacet
  facet normal 0.137339 -0.696597 0.704195
    outer loop
      vertex 92.2781 126.185 0.45
      vertex 92.0757 127.712 2
      vertex 92.06 126.142 0.45
    endloop
  endfacet
  facet normal -0.590374 0.39476 0.704005
    outer loop
      vertex 95.0705 122.528 2
      vertex 95.3052 122.879 2
      vertex 93.8487 123.465 0.45
    endloop
  endfacet
  facet normal -0.457412 -0.548895 0.699634
    outer loop
      vertex 93.35 125.972 0.45
      vertex 94.1212 127.305 2
      vertex 94.12 127.306 2
    endloop
  endfacet
  facet normal -0.393289 -0.591213 0.704124
    outer loop
      vertex 94.1212 127.305 2
      vertex 93.35 125.972 0.45
      vertex 93.5349 125.849 0.45
    endloop
  endfacet
  facet normal 0.468666 0.533506 0.704076
    outer loop
      vertex 90.5276 121.929 2
      vertex 91.4651 123.151 0.45
      vertex 90.21 122.208 2
    endloop
  endfacet
  facet normal -0.457412 -0.548895 0.699634
    outer loop
      vertex 94.1188 127.307 2
      vertex 93.35 125.972 0.45
      vertex 94.12 127.306 2
    endloop
  endfacet
  facet normal -0.315706 -0.635877 0.704265
    outer loop
      vertex 93.35 125.972 0.45
      vertex 94.1188 127.307 2
      vertex 93.1506 126.071 0.45
    endloop
  endfacet
  facet normal -0.312989 0.637588 0.703932
    outer loop
      vertex 93.7399 121.507 2
      vertex 94.1188 121.693 2
      vertex 93.1506 122.929 0.45
    endloop
  endfacet
  facet normal -0.672576 0.227911 0.704058
    outer loop
      vertex 94.0706 123.849 0.45
      vertex 95.4939 123.261 2
      vertex 94.1421 124.06 0.45
    endloop
  endfacet
  facet normal -0.635318 0.317659 0.703892
    outer loop
      vertex 95.4939 123.261 2
      vertex 94.0706 123.849 0.45
      vertex 95.4934 123.26 2
    endloop
  endfacet
  facet normal -0.637 -0.313962 0.70403
    outer loop
      vertex 95.4934 125.74 2
      vertex 95.3066 126.119 2
      vertex 94.0706 125.151 0.45
    endloop
  endfacet
  facet normal -0.312989 -0.637588 0.703932
    outer loop
      vertex 94.1188 127.307 2
      vertex 93.7399 127.493 2
      vertex 93.1506 126.071 0.45
    endloop
  endfacet
  facet normal -0.228568 -0.672259 0.704148
    outer loop
      vertex 93.7386 127.494 2
      vertex 93.3386 127.63 2
      vertex 92.94 126.142 0.45
    endloop
  endfacet
  facet normal -0.393754 -0.590968 0.70407
    outer loop
      vertex 94.4724 127.071 2
      vertex 94.1212 127.305 2
      vertex 93.5349 125.849 0.45
    endloop
  endfacet
  facet normal -0.708597 0.0466227 0.704071
    outer loop
      vertex 95.7124 124.079 2
      vertex 95.7401 124.5 2
      vertex 94.2 124.5 0.45
    endloop
  endfacet
  facet normal 0 0.712372 0.701802
    outer loop
      vertex 92.7219 122.815 0.45
      vertex 92.9215 121.288 2
      vertex 92.9229 121.288 2
    endloop
  endfacet
  facet normal -0.0478908 0.708465 0.704119
    outer loop
      vertex 92.9215 121.288 2
      vertex 92.7219 122.815 0.45
      vertex 92.5 122.8 0.45
    endloop
  endfacet
  facet normal -0.708655 0.046286 0.704036
    outer loop
      vertex 94.1855 124.278 0.45
      vertex 95.7124 124.079 2
      vertex 94.2 124.5 0.45
    endloop
  endfacet
  facet normal -0.709665 0.0354833 0.703645
    outer loop
      vertex 95.7124 124.079 2
      vertex 94.1855 124.278 0.45
      vertex 95.7123 124.077 2
    endloop
  endfacet
  facet normal -0.672406 0.228282 0.7041
    outer loop
      vertex 95.4939 123.261 2
      vertex 95.6297 123.661 2
      vertex 94.1421 124.06 0.45
    endloop
  endfacet
  facet normal -0.611627 0.366976 0.700885
    outer loop
      vertex 94.0706 123.849 0.45
      vertex 95.4928 123.259 2
      vertex 95.4934 123.26 2
    endloop
  endfacet
  facet normal -0.636643 0.314802 0.703978
    outer loop
      vertex 95.4928 123.259 2
      vertex 94.0706 123.849 0.45
      vertex 93.9722 123.65 0.45
    endloop
  endfacet
  facet normal 0.137864 0.696549 0.70414
    outer loop
      vertex 92.0757 121.288 2
      vertex 92.06 122.858 0.45
      vertex 91.6614 121.37 2
    endloop
  endfacet
  facet normal -0.534271 0.467907 0.704001
    outer loop
      vertex 94.792 122.21 2
      vertex 95.0705 122.528 2
      vertex 93.8487 123.465 0.45
    endloop
  endfacet
  facet normal 0.708655 0.046286 0.704036
    outer loop
      vertex 89.2876 124.079 2
      vertex 90.8145 124.278 0.45
      vertex 90.8 124.5 0.45
    endloop
  endfacet
  facet normal 0.709665 0.0354833 0.703645
    outer loop
      vertex 90.8145 124.278 0.45
      vertex 89.2876 124.079 2
      vertex 89.2877 124.077 2
    endloop
  endfacet
  facet normal 0.672406 0.228282 0.7041
    outer loop
      vertex 89.5061 123.261 2
      vertex 90.8579 124.06 0.45
      vertex 89.3703 123.661 2
    endloop
  endfacet
  facet normal 0.635318 -0.317659 0.703892
    outer loop
      vertex 89.5061 125.739 2
      vertex 90.9294 125.151 0.45
      vertex 89.5066 125.74 2
    endloop
  endfacet
  facet normal 0.672576 -0.227911 0.704058
    outer loop
      vertex 90.9294 125.151 0.45
      vertex 89.5061 125.739 2
      vertex 90.8579 124.94 0.45
    endloop
  endfacet
  facet normal 0 -0.736878 0.676026
    outer loop
      vertex 91.2588 127.493 2
      vertex 91.8494 126.071 0.45
      vertex 91.2601 127.493 2
    endloop
  endfacet
  facet normal 0.315841 -0.636148 0.70396
    outer loop
      vertex 91.8494 126.071 0.45
      vertex 91.2588 127.493 2
      vertex 91.65 125.972 0.45
    endloop
  endfacet
  facet normal 0.457412 -0.548895 0.699634
    outer loop
      vertex 90.8788 127.305 2
      vertex 91.65 125.972 0.45
      vertex 90.88 127.306 2
    endloop
  endfacet
  facet normal 0.393289 -0.591213 0.704124
    outer loop
      vertex 91.65 125.972 0.45
      vertex 90.8788 127.305 2
      vertex 91.4651 125.849 0.45
    endloop
  endfacet
  facet normal -0.137864 -0.696549 0.70414
    outer loop
      vertex 92.94 126.142 0.45
      vertex 93.3386 127.63 2
      vertex 92.9243 127.712 2
    endloop
  endfacet
  facet normal -0.393289 0.591213 0.704124
    outer loop
      vertex 93.35 123.028 0.45
      vertex 94.1212 121.695 2
      vertex 93.5349 123.151 0.45
    endloop
  endfacet
  facet normal -0.457412 0.548895 0.699634
    outer loop
      vertex 94.1212 121.695 2
      vertex 93.35 123.028 0.45
      vertex 94.12 121.694 2
    endloop
  endfacet
  facet normal -0.457412 0.548895 0.699634
    outer loop
      vertex 93.35 123.028 0.45
      vertex 94.1188 121.693 2
      vertex 94.12 121.694 2
    endloop
  endfacet
  facet normal -0.315706 0.635877 0.704265
    outer loop
      vertex 94.1188 121.693 2
      vertex 93.35 123.028 0.45
      vertex 93.1506 122.929 0.45
    endloop
  endfacet
  facet normal 0.533662 0.468472 0.704087
    outer loop
      vertex 90.208 122.21 2
      vertex 91.2979 123.298 0.45
      vertex 91.1513 123.465 0.45
    endloop
  endfacet
  facet normal 0.527635 0.474872 0.704342
    outer loop
      vertex 91.2979 123.298 0.45
      vertex 90.208 122.21 2
      vertex 90.2089 122.209 2
    endloop
  endfacet
  facet normal 0.0470722 -0.708605 0.704033
    outer loop
      vertex 92.5 126.2 0.45
      vertex 92.5 127.74 2
      vertex 92.0785 127.712 2
    endloop
  endfacet
  facet normal 0.0470722 0.708605 0.704033
    outer loop
      vertex 92.5 121.26 2
      vertex 92.5 122.8 0.45
      vertex 92.0785 121.288 2
    endloop
  endfacet
  facet normal -0.696386 0.139277 0.704023
    outer loop
      vertex 94.1855 124.278 0.45
      vertex 95.7121 124.076 2
      vertex 95.7123 124.077 2
    endloop
  endfacet
  facet normal -0.696488 0.138659 0.704044
    outer loop
      vertex 95.7121 124.076 2
      vertex 94.1855 124.278 0.45
      vertex 94.1421 124.06 0.45
    endloop
  endfacet
  facet normal 0.137864 -0.696549 0.70414
    outer loop
      vertex 92.06 126.142 0.45
      vertex 92.0757 127.712 2
      vertex 91.6614 127.63 2
    endloop
  endfacet
  facet normal 0.393289 0.591213 0.704124
    outer loop
      vertex 90.8788 121.695 2
      vertex 91.65 123.028 0.45
      vertex 91.4651 123.151 0.45
    endloop
  endfacet
  facet normal 0.457412 0.548895 0.699634
    outer loop
      vertex 91.65 123.028 0.45
      vertex 90.8788 121.695 2
      vertex 90.88 121.694 2
    endloop
  endfacet
  facet normal -0.590374 -0.39476 0.704005
    outer loop
      vertex 95.3052 126.121 2
      vertex 95.0705 126.472 2
      vertex 93.8487 125.535 0.45
    endloop
  endfacet
  facet normal -0.533662 0.468472 0.704087
    outer loop
      vertex 93.7021 123.298 0.45
      vertex 94.792 122.21 2
      vertex 93.8487 123.465 0.45
    endloop
  endfacet
  facet normal -0.527635 0.474872 0.704342
    outer loop
      vertex 94.792 122.21 2
      vertex 93.7021 123.298 0.45
      vertex 94.7911 122.209 2
    endloop
  endfacet
  facet normal 0.590626 -0.394282 0.704062
    outer loop
      vertex 89.6948 126.121 2
      vertex 91.0278 125.35 0.45
      vertex 91.1513 125.535 0.45
    endloop
  endfacet
  facet normal 0.557071 -0.445656 0.700759
    outer loop
      vertex 91.0278 125.35 0.45
      vertex 89.6948 126.121 2
      vertex 89.694 126.12 2
    endloop
  endfacet
  facet normal -0.477445 0.525189 0.704431
    outer loop
      vertex 93.7021 123.298 0.45
      vertex 94.79 122.208 2
      vertex 94.7911 122.209 2
    endloop
  endfacet
  facet normal -0.468864 0.533292 0.704107
    outer loop
      vertex 94.79 122.208 2
      vertex 93.7021 123.298 0.45
      vertex 93.5349 123.151 0.45
    endloop
  endfacet
  facet normal 0.534271 0.467907 0.704001
    outer loop
      vertex 90.208 122.21 2
      vertex 91.1513 123.465 0.45
      vertex 89.9295 122.528 2
    endloop
  endfacet
  facet normal 0.590626 0.394282 0.704062
    outer loop
      vertex 91.0278 123.65 0.45
      vertex 89.6948 122.879 2
      vertex 91.1513 123.465 0.45
    endloop
  endfacet
  facet normal 0.557071 0.445656 0.700759
    outer loop
      vertex 89.6948 122.879 2
      vertex 91.0278 123.65 0.45
      vertex 89.694 122.88 2
    endloop
  endfacet
  facet normal -0.696522 0.138297 0.704082
    outer loop
      vertex 95.6297 123.661 2
      vertex 95.7121 124.076 2
      vertex 94.1421 124.06 0.45
    endloop
  endfacet
  facet normal 0.636961 0.313943 0.704074
    outer loop
      vertex 89.694 122.88 2
      vertex 91.0278 123.65 0.45
      vertex 89.5072 123.259 2
    endloop
  endfacet
  facet normal 0.468666 -0.533506 0.704076
    outer loop
      vertex 91.4651 125.849 0.45
      vertex 90.5276 127.071 2
      vertex 90.21 126.792 2
    endloop
  endfacet
  facet normal 0.468864 0.533292 0.704107
    outer loop
      vertex 91.2979 123.298 0.45
      vertex 90.21 122.208 2
      vertex 91.4651 123.151 0.45
    endloop
  endfacet
  facet normal 0.477445 0.525189 0.704431
    outer loop
      vertex 90.21 122.208 2
      vertex 91.2979 123.298 0.45
      vertex 90.2089 122.209 2
    endloop
  endfacet
  facet normal -0.0470722 -0.708605 0.704033
    outer loop
      vertex 92.9215 127.712 2
      vertex 92.5 127.74 2
      vertex 92.5 126.2 0.45
    endloop
  endfacet
  facet normal -0.137864 0.696549 0.70414
    outer loop
      vertex 93.3386 121.37 2
      vertex 92.94 122.858 0.45
      vertex 92.9243 121.288 2
    endloop
  endfacet
  facet normal -0.672406 -0.228282 0.7041
    outer loop
      vertex 95.6297 125.339 2
      vertex 95.4939 125.739 2
      vertex 94.1421 124.94 0.45
    endloop
  endfacet
  facet normal 0.393754 0.590968 0.70407
    outer loop
      vertex 90.8788 121.695 2
      vertex 91.4651 123.151 0.45
      vertex 90.5276 121.929 2
    endloop
  endfacet
  facet normal 0.672406 -0.228282 0.7041
    outer loop
      vertex 90.8579 124.94 0.45
      vertex 89.5061 125.739 2
      vertex 89.3703 125.339 2
    endloop
  endfacet
  facet normal 0.696522 -0.138297 0.704082
    outer loop
      vertex 90.8579 124.94 0.45
      vertex 89.3703 125.339 2
      vertex 89.2879 124.924 2
    endloop
  endfacet
  facet normal -0.228568 0.672259 0.704148
    outer loop
      vertex 93.3386 121.37 2
      vertex 93.7386 121.506 2
      vertex 92.94 122.858 0.45
    endloop
  endfacet
  facet normal -0.137339 0.696597 0.704195
    outer loop
      vertex 92.7219 122.815 0.45
      vertex 92.9243 121.288 2
      vertex 92.94 122.858 0.45
    endloop
  endfacet
  facet normal 0 0.712372 0.701802
    outer loop
      vertex 92.9243 121.288 2
      vertex 92.7219 122.815 0.45
      vertex 92.9229 121.288 2
    endloop
  endfacet
  facet normal -0.393754 0.590968 0.70407
    outer loop
      vertex 94.1212 121.695 2
      vertex 94.4724 121.929 2
      vertex 93.5349 123.151 0.45
    endloop
  endfacet
  facet normal -0.468666 0.533506 0.704076
    outer loop
      vertex 94.4724 121.929 2
      vertex 94.79 122.208 2
      vertex 93.5349 123.151 0.45
    endloop
  endfacet
  facet normal 0.0478908 0.708465 0.704119
    outer loop
      vertex 92.2781 122.815 0.45
      vertex 92.0785 121.288 2
      vertex 92.5 122.8 0.45
    endloop
  endfacet
  facet normal 0 0.712372 0.701802
    outer loop
      vertex 92.0785 121.288 2
      vertex 92.2781 122.815 0.45
      vertex 92.0771 121.288 2
    endloop
  endfacet
  facet normal 0.637 -0.313962 0.70403
    outer loop
      vertex 90.9294 125.151 0.45
      vertex 89.6934 126.119 2
      vertex 89.5066 125.74 2
    endloop
  endfacet
  facet normal -0.636961 0.313943 0.704074
    outer loop
      vertex 95.306 122.88 2
      vertex 95.4928 123.259 2
      vertex 93.9722 123.65 0.45
    endloop
  endfacet
  facet normal -0.440063 0.572081 0.692147
    outer loop
      vertex 93.1506 122.929 0.45
      vertex 93.7386 121.506 2
      vertex 93.7399 121.507 2
    endloop
  endfacet
  facet normal -0.226898 0.673025 0.703956
    outer loop
      vertex 93.7386 121.506 2
      vertex 93.1506 122.929 0.45
      vertex 92.94 122.858 0.45
    endloop
  endfacet
  facet normal 0.226898 0.673025 0.703956
    outer loop
      vertex 91.8494 122.929 0.45
      vertex 91.2614 121.506 2
      vertex 92.06 122.858 0.45
    endloop
  endfacet
  facet normal 0.440063 0.572081 0.692147
    outer loop
      vertex 91.2614 121.506 2
      vertex 91.8494 122.929 0.45
      vertex 91.2601 121.507 2
    endloop
  endfacet
  facet normal -0.557071 0.445656 0.700759
    outer loop
      vertex 93.9722 123.65 0.45
      vertex 95.3052 122.879 2
      vertex 95.306 122.88 2
    endloop
  endfacet
  facet normal -0.590626 0.394282 0.704062
    outer loop
      vertex 95.3052 122.879 2
      vertex 93.9722 123.65 0.45
      vertex 93.8487 123.465 0.45
    endloop
  endfacet
  facet normal 0.527635 -0.474872 0.704342
    outer loop
      vertex 90.208 126.79 2
      vertex 91.2979 125.702 0.45
      vertex 90.2089 126.791 2
    endloop
  endfacet
  facet normal 0.533662 -0.468472 0.704087
    outer loop
      vertex 91.2979 125.702 0.45
      vertex 90.208 126.79 2
      vertex 91.1513 125.535 0.45
    endloop
  endfacet
  facet normal 0.228568 -0.672259 0.704148
    outer loop
      vertex 92.06 126.142 0.45
      vertex 91.6614 127.63 2
      vertex 91.2614 127.494 2
    endloop
  endfacet
  facet normal 0.672576 0.227911 0.704058
    outer loop
      vertex 89.5061 123.261 2
      vertex 90.9294 123.849 0.45
      vertex 90.8579 124.06 0.45
    endloop
  endfacet
  facet normal 0.635318 0.317659 0.703892
    outer loop
      vertex 90.9294 123.849 0.45
      vertex 89.5061 123.261 2
      vertex 89.5066 123.26 2
    endloop
  endfacet
  facet normal -0.0478908 -0.708465 0.704119
    outer loop
      vertex 92.7219 126.185 0.45
      vertex 92.9215 127.712 2
      vertex 92.5 126.2 0.45
    endloop
  endfacet
  facet normal 0 -0.712372 0.701802
    outer loop
      vertex 92.9215 127.712 2
      vertex 92.7219 126.185 0.45
      vertex 92.9229 127.712 2
    endloop
  endfacet
  facet normal 0 -0.712372 0.701802
    outer loop
      vertex 92.2781 126.185 0.45
      vertex 92.0785 127.712 2
      vertex 92.0771 127.712 2
    endloop
  endfacet
  facet normal 0.0478908 -0.708465 0.704119
    outer loop
      vertex 92.0785 127.712 2
      vertex 92.2781 126.185 0.45
      vertex 92.5 126.2 0.45
    endloop
  endfacet
  facet normal 0 0.712372 0.701802
    outer loop
      vertex 92.2781 122.815 0.45
      vertex 92.0757 121.288 2
      vertex 92.0771 121.288 2
    endloop
  endfacet
  facet normal 0.137339 0.696597 0.704195
    outer loop
      vertex 92.0757 121.288 2
      vertex 92.2781 122.815 0.45
      vertex 92.06 122.858 0.45
    endloop
  endfacet
  facet normal -0.635318 -0.317659 0.703892
    outer loop
      vertex 94.0706 125.151 0.45
      vertex 95.4939 125.739 2
      vertex 95.4934 125.74 2
    endloop
  endfacet
  facet normal -0.672576 -0.227911 0.704058
    outer loop
      vertex 95.4939 125.739 2
      vertex 94.0706 125.151 0.45
      vertex 94.1421 124.94 0.45
    endloop
  endfacet
  facet normal -0.557071 -0.445656 0.700759
    outer loop
      vertex 95.3052 126.121 2
      vertex 93.9722 125.35 0.45
      vertex 95.306 126.12 2
    endloop
  endfacet
  facet normal -0.590626 -0.394282 0.704062
    outer loop
      vertex 93.9722 125.35 0.45
      vertex 95.3052 126.121 2
      vertex 93.8487 125.535 0.45
    endloop
  endfacet
  facet normal 0.393754 -0.590968 0.70407
    outer loop
      vertex 91.4651 125.849 0.45
      vertex 90.8788 127.305 2
      vertex 90.5276 127.071 2
    endloop
  endfacet
  facet normal 0.708597 0.0466227 0.704071
    outer loop
      vertex 89.2876 124.079 2
      vertex 90.8 124.5 0.45
      vertex 89.2599 124.5 2
    endloop
  endfacet
  facet normal -0.0470722 0.708605 0.704033
    outer loop
      vertex 92.9215 121.288 2
      vertex 92.5 122.8 0.45
      vertex 92.5 121.26 2
    endloop
  endfacet
  facet normal -0.440063 -0.572081 0.692147
    outer loop
      vertex 93.7386 127.494 2
      vertex 93.1506 126.071 0.45
      vertex 93.7399 127.493 2
    endloop
  endfacet
  facet normal -0.226898 -0.673025 0.703956
    outer loop
      vertex 93.1506 126.071 0.45
      vertex 93.7386 127.494 2
      vertex 92.94 126.142 0.45
    endloop
  endfacet
  facet normal 0.708597 -0.0466227 0.704071
    outer loop
      vertex 90.8 124.5 0.45
      vertex 89.2876 124.921 2
      vertex 89.2599 124.5 2
    endloop
  endfacet
  facet normal 0.315841 0.636148 0.70396
    outer loop
      vertex 91.2588 121.507 2
      vertex 91.8494 122.929 0.45
      vertex 91.65 123.028 0.45
    endloop
  endfacet
  facet normal 0 0.736878 0.676026
    outer loop
      vertex 91.8494 122.929 0.45
      vertex 91.2588 121.507 2
      vertex 91.2601 121.507 2
    endloop
  endfacet
  facet normal 0.314322 0.636712 0.70413
    outer loop
      vertex 91.2588 121.507 2
      vertex 91.65 123.028 0.45
      vertex 90.88 121.694 2
    endloop
  endfacet
  facet normal 0.608321 -0.364992 0.704788
    outer loop
      vertex 89.6934 126.119 2
      vertex 91.0278 125.35 0.45
      vertex 89.694 126.12 2
    endloop
  endfacet
  facet normal 0.636512 -0.314738 0.704126
    outer loop
      vertex 91.0278 125.35 0.45
      vertex 89.6934 126.119 2
      vertex 90.9294 125.151 0.45
    endloop
  endfacet
  facet normal -0.608321 -0.364992 0.704788
    outer loop
      vertex 93.9722 125.35 0.45
      vertex 95.3066 126.119 2
      vertex 95.306 126.12 2
    endloop
  endfacet
  facet normal -0.636512 -0.314738 0.704126
    outer loop
      vertex 95.3066 126.119 2
      vertex 93.9722 125.35 0.45
      vertex 94.0706 125.151 0.45
    endloop
  endfacet
  facet normal 0.314322 -0.636712 0.70413
    outer loop
      vertex 91.65 125.972 0.45
      vertex 91.2588 127.493 2
      vertex 90.88 127.306 2
    endloop
  endfacet
  facet normal -0.696522 -0.138297 0.704082
    outer loop
      vertex 95.7121 124.924 2
      vertex 95.6297 125.339 2
      vertex 94.1421 124.94 0.45
    endloop
  endfacet
  facet normal -0.696386 -0.139277 0.704023
    outer loop
      vertex 95.7121 124.924 2
      vertex 94.1855 124.722 0.45
      vertex 95.7123 124.923 2
    endloop
  endfacet
  facet normal -0.696488 -0.138659 0.704044
    outer loop
      vertex 94.1855 124.722 0.45
      vertex 95.7121 124.924 2
      vertex 94.1421 124.94 0.45
    endloop
  endfacet
  facet normal -0.534271 -0.467907 0.704001
    outer loop
      vertex 95.0705 126.472 2
      vertex 94.792 126.79 2
      vertex 93.8487 125.535 0.45
    endloop
  endfacet
  facet normal 0.696488 -0.138659 0.704044
    outer loop
      vertex 89.2879 124.924 2
      vertex 90.8145 124.722 0.45
      vertex 90.8579 124.94 0.45
    endloop
  endfacet
  facet normal 0.696386 -0.139277 0.704023
    outer loop
      vertex 90.8145 124.722 0.45
      vertex 89.2879 124.924 2
      vertex 89.2877 124.923 2
    endloop
  endfacet
  facet normal 0.696522 0.138297 0.704082
    outer loop
      vertex 89.3703 123.661 2
      vertex 90.8579 124.06 0.45
      vertex 89.2879 124.076 2
    endloop
  endfacet
  facet normal 0.696488 0.138659 0.704044
    outer loop
      vertex 90.8145 124.278 0.45
      vertex 89.2879 124.076 2
      vertex 90.8579 124.06 0.45
    endloop
  endfacet
  facet normal 0.696386 0.139277 0.704023
    outer loop
      vertex 89.2879 124.076 2
      vertex 90.8145 124.278 0.45
      vertex 89.2877 124.077 2
    endloop
  endfacet
  facet normal 0.468864 -0.533292 0.704107
    outer loop
      vertex 90.21 126.792 2
      vertex 91.2979 125.702 0.45
      vertex 91.4651 125.849 0.45
    endloop
  endfacet
  facet normal 0.477445 -0.525189 0.704431
    outer loop
      vertex 91.2979 125.702 0.45
      vertex 90.21 126.792 2
      vertex 90.2089 126.791 2
    endloop
  endfacet
  facet normal 0.534271 -0.467907 0.704001
    outer loop
      vertex 91.1513 125.535 0.45
      vertex 90.208 126.79 2
      vertex 89.9295 126.472 2
    endloop
  endfacet
  facet normal -0.477445 -0.525189 0.704431
    outer loop
      vertex 94.79 126.792 2
      vertex 93.7021 125.702 0.45
      vertex 94.7911 126.791 2
    endloop
  endfacet
  facet normal -0.468864 -0.533292 0.704107
    outer loop
      vertex 93.7021 125.702 0.45
      vertex 94.79 126.792 2
      vertex 93.5349 125.849 0.45
    endloop
  endfacet
  facet normal -0.527635 -0.474872 0.704342
    outer loop
      vertex 93.7021 125.702 0.45
      vertex 94.792 126.79 2
      vertex 94.7911 126.791 2
    endloop
  endfacet
  facet normal -0.533662 -0.468472 0.704087
    outer loop
      vertex 94.792 126.79 2
      vertex 93.7021 125.702 0.45
      vertex 93.8487 125.535 0.45
    endloop
  endfacet
  facet normal -1 0 0
    outer loop
      vertex 92.8 94.5 1.4
      vertex 92.8 95.5 2
      vertex 92.8 95.5 1.4
    endloop
  endfacet
  facet normal -1 -0 0
    outer loop
      vertex 92.8 95.5 2
      vertex 92.8 94.5 1.4
      vertex 92.8 94.5 2
    endloop
  endfacet
  facet normal -0 0 1
    outer loop
      vertex 3.2 95.5 1.4
      vertex 92.8 94.5 1.4
      vertex 92.8 95.5 1.4
    endloop
  endfacet
  facet normal 0 0 1
    outer loop
      vertex 92.8 94.5 1.4
      vertex 3.2 95.5 1.4
      vertex 3.2 94.5 1.4
    endloop
  endfacet
  facet normal 1 -0 0
    outer loop
      vertex 3.2 94.5 2
      vertex 3.2 95.5 1.4
      vertex 3.2 95.5 2
    endloop
  endfacet
  facet normal 1 0 0
    outer loop
      vertex 3.2 95.5 1.4
      vertex 3.2 94.5 2
      vertex 3.2 94.5 1.4
    endloop
  endfacet
  facet normal 0 -1 0
    outer loop
      vertex 3.2 95.5 1.4
      vertex 92.8 95.5 2
      vertex 3.2 95.5 2
    endloop
  endfacet
  facet normal 0 -1 -0
    outer loop
      vertex 92.8 95.5 2
      vertex 3.2 95.5 1.4
      vertex 92.8 95.5 1.4
    endloop
  endfacet
  facet normal 0 1 -0
    outer loop
      vertex 92.8 94.5 1.4
      vertex 3.2 94.5 2
      vertex 92.8 94.5 2
    endloop
  endfacet
  facet normal 0 1 0
    outer loop
      vertex 3.2 94.5 2
      vertex 92.8 94.5 1.4
      vertex 3.2 94.5 1.4
    endloop
  endfacet
  facet normal -1 0 0
    outer loop
      vertex 92.8 54.5 1.4
      vertex 92.8 55.5 2
      vertex 92.8 55.5 1.4
    endloop
  endfacet
  facet normal -1 -0 0
    outer loop
      vertex 92.8 55.5 2
      vertex 92.8 54.5 1.4
      vertex 92.8 54.5 2
    endloop
  endfacet
  facet normal -0 0 1
    outer loop
      vertex 3.2 55.5 1.4
      vertex 92.8 54.5 1.4
      vertex 92.8 55.5 1.4
    endloop
  endfacet
  facet normal 0 0 1
    outer loop
      vertex 92.8 54.5 1.4
      vertex 3.2 55.5 1.4
      vertex 3.2 54.5 1.4
    endloop
  endfacet
  facet normal 1 -0 0
    outer loop
      vertex 3.2 54.5 2
      vertex 3.2 55.5 1.4
      vertex 3.2 55.5 2
    endloop
  endfacet
  facet normal 1 0 0
    outer loop
      vertex 3.2 55.5 1.4
      vertex 3.2 54.5 2
      vertex 3.2 54.5 1.4
    endloop
  endfacet
  facet normal 0 -1 0
    outer loop
      vertex 3.2 55.5 1.4
      vertex 92.8 55.5 2
      vertex 3.2 55.5 2
    endloop
  endfacet
  facet normal 0 -1 -0
    outer loop
      vertex 92.8 55.5 2
      vertex 3.2 55.5 1.4
      vertex 92.8 55.5 1.4
    endloop
  endfacet
  facet normal 0 1 -0
    outer loop
      vertex 92.8 54.5 1.4
      vertex 3.2 54.5 2
      vertex 92.8 54.5 2
    endloop
  endfacet
  facet normal 0 1 0
    outer loop
      vertex 3.2 54.5 2
      vertex 92.8 54.5 1.4
      vertex 3.2 54.5 1.4
    endloop
  endfacet
  facet normal -1 0 0
    outer loop
      vertex 92.8 28.5 1.4
      vertex 92.8 29.5 2
      vertex 92.8 29.5 1.4
    endloop
  endfacet
  facet normal -1 -0 0
    outer loop
      vertex 92.8 29.5 2
      vertex 92.8 28.5 1.4
      vertex 92.8 28.5 2
    endloop
  endfacet
  facet normal -0 0 1
    outer loop
      vertex 3.2 29.5 1.4
      vertex 92.8 28.5 1.4
      vertex 92.8 29.5 1.4
    endloop
  endfacet
  facet normal 0 0 1
    outer loop
      vertex 92.8 28.5 1.4
      vertex 3.2 29.5 1.4
      vertex 3.2 28.5 1.4
    endloop
  endfacet
  facet normal 1 -0 0
    outer loop
      vertex 3.2 28.5 2
      vertex 3.2 29.5 1.4
      vertex 3.2 29.5 2
    endloop
  endfacet
  facet normal 1 0 0
    outer loop
      vertex 3.2 29.5 1.4
      vertex 3.2 28.5 2
      vertex 3.2 28.5 1.4
    endloop
  endfacet
  facet normal 0 -1 0
    outer loop
      vertex 3.2 29.5 1.4
      vertex 92.8 29.5 2
      vertex 3.2 29.5 2
    endloop
  endfacet
  facet normal 0 -1 -0
    outer loop
      vertex 92.8 29.5 2
      vertex 3.2 29.5 1.4
      vertex 92.8 29.5 1.4
    endloop
  endfacet
  facet normal 0 1 -0
    outer loop
      vertex 92.8 28.5 1.4
      vertex 3.2 28.5 2
      vertex 92.8 28.5 2
    endloop
  endfacet
  facet normal 0 1 0
    outer loop
      vertex 3.2 28.5 2
      vertex 92.8 28.5 1.4
      vertex 3.2 28.5 1.4
    endloop
  endfacet
  facet normal -1 0 0
    outer loop
      vertex 68 66.25 1.2
      vertex 68 67.75 2
      vertex 68 67.75 1.2
    endloop
  endfacet
  facet normal -1 -0 0
    outer loop
      vertex 68 67.75 2
      vertex 68 66.25 1.2
      vertex 68 66.25 2
    endloop
  endfacet
  facet normal -0 0 1
    outer loop
      vertex 28 67.75 1.2
      vertex 68 66.25 1.2
      vertex 68 67.75 1.2
    endloop
  endfacet
  facet normal 0 0 1
    outer loop
      vertex 68 66.25 1.2
      vertex 28 67.75 1.2
      vertex 28 66.25 1.2
    endloop
  endfacet
  facet normal 1 -0 0
    outer loop
      vertex 28 66.25 2
      vertex 28 67.75 1.2
      vertex 28 67.75 2
    endloop
  endfacet
  facet normal 1 0 0
    outer loop
      vertex 28 67.75 1.2
      vertex 28 66.25 2
      vertex 28 66.25 1.2
    endloop
  endfacet
  facet normal 0 -1 0
    outer loop
      vertex 28 67.75 1.2
      vertex 68 67.75 2
      vertex 28 67.75 2
    endloop
  endfacet
  facet normal 0 -1 -0
    outer loop
      vertex 68 67.75 2
      vertex 28 67.75 1.2
      vertex 68 67.75 1.2
    endloop
  endfacet
  facet normal 0 1 -0
    outer loop
      vertex 68 66.25 1.2
      vertex 28 66.25 2
      vertex 68 66.25 2
    endloop
  endfacet
  facet normal 0 1 0
    outer loop
      vertex 28 66.25 2
      vertex 68 66.25 1.2
      vertex 28 66.25 1.2
    endloop
  endfacet
  facet normal -1 0 0
    outer loop
      vertex 68 70.25 1.2
      vertex 68 71.75 2
      vertex 68 71.75 1.2
    endloop
  endfacet
  facet normal -1 -0 0
    outer loop
      vertex 68 71.75 2
      vertex 68 70.25 1.2
      vertex 68 70.25 2
    endloop
  endfacet
  facet normal -0 0 1
    outer loop
      vertex 28 71.75 1.2
      vertex 68 70.25 1.2
      vertex 68 71.75 1.2
    endloop
  endfacet
  facet normal 0 0 1
    outer loop
      vertex 68 70.25 1.2
      vertex 28 71.75 1.2
      vertex 28 70.25 1.2
    endloop
  endfacet
  facet normal 1 -0 0
    outer loop
      vertex 28 70.25 2
      vertex 28 71.75 1.2
      vertex 28 71.75 2
    endloop
  endfacet
  facet normal 1 0 0
    outer loop
      vertex 28 71.75 1.2
      vertex 28 70.25 2
      vertex 28 70.25 1.2
    endloop
  endfacet
  facet normal 0 -1 0
    outer loop
      vertex 28 71.75 1.2
      vertex 68 71.75 2
      vertex 28 71.75 2
    endloop
  endfacet
  facet normal 0 -1 -0
    outer loop
      vertex 68 71.75 2
      vertex 28 71.75 1.2
      vertex 68 71.75 1.2
    endloop
  endfacet
  facet normal 0 1 -0
    outer loop
      vertex 68 70.25 1.2
      vertex 28 70.25 2
      vertex 68 70.25 2
    endloop
  endfacet
  facet normal 0 1 0
    outer loop
      vertex 28 70.25 2
      vertex 68 70.25 1.2
      vertex 28 70.25 1.2
    endloop
  endfacet
  facet normal -1 0 0
    outer loop
      vertex 68 74.25 1.2
      vertex 68 75.75 2
      vertex 68 75.75 1.2
    endloop
  endfacet
  facet normal -1 -0 0
    outer loop
      vertex 68 75.75 2
      vertex 68 74.25 1.2
      vertex 68 74.25 2
    endloop
  endfacet
  facet normal -0 0 1
    outer loop
      vertex 28 75.75 1.2
      vertex 68 74.25 1.2
      vertex 68 75.75 1.2
    endloop
  endfacet
  facet normal 0 0 1
    outer loop
      vertex 68 74.25 1.2
      vertex 28 75.75 1.2
      vertex 28 74.25 1.2
    endloop
  endfacet
  facet normal 1 -0 0
    outer loop
      vertex 28 74.25 2
      vertex 28 75.75 1.2
      vertex 28 75.75 2
    endloop
  endfacet
  facet normal 1 0 0
    outer loop
      vertex 28 75.75 1.2
      vertex 28 74.25 2
      vertex 28 74.25 1.2
    endloop
  endfacet
  facet normal 0 -1 0
    outer loop
      vertex 28 75.75 1.2
      vertex 68 75.75 2
      vertex 28 75.75 2
    endloop
  endfacet
  facet normal 0 -1 -0
    outer loop
      vertex 68 75.75 2
      vertex 28 75.75 1.2
      vertex 68 75.75 1.2
    endloop
  endfacet
  facet normal 0 1 -0
    outer loop
      vertex 68 74.25 1.2
      vertex 28 74.25 2
      vertex 68 74.25 2
    endloop
  endfacet
  facet normal 0 1 0
    outer loop
      vertex 28 74.25 2
      vertex 68 74.25 1.2
      vertex 28 74.25 1.2
    endloop
  endfacet
  facet normal -1 0 0
    outer loop
      vertex 68 78.25 1.2
      vertex 68 79.75 2
      vertex 68 79.75 1.2
    endloop
  endfacet
  facet normal -1 -0 0
    outer loop
      vertex 68 79.75 2
      vertex 68 78.25 1.2
      vertex 68 78.25 2
    endloop
  endfacet
  facet normal -0 0 1
    outer loop
      vertex 28 79.75 1.2
      vertex 68 78.25 1.2
      vertex 68 79.75 1.2
    endloop
  endfacet
  facet normal 0 0 1
    outer loop
      vertex 68 78.25 1.2
      vertex 28 79.75 1.2
      vertex 28 78.25 1.2
    endloop
  endfacet
  facet normal 1 -0 0
    outer loop
      vertex 28 78.25 2
      vertex 28 79.75 1.2
      vertex 28 79.75 2
    endloop
  endfacet
  facet normal 1 0 0
    outer loop
      vertex 28 79.75 1.2
      vertex 28 78.25 2
      vertex 28 78.25 1.2
    endloop
  endfacet
  facet normal 0 -1 0
    outer loop
      vertex 28 79.75 1.2
      vertex 68 79.75 2
      vertex 28 79.75 2
    endloop
  endfacet
  facet normal 0 -1 -0
    outer loop
      vertex 68 79.75 2
      vertex 28 79.75 1.2
      vertex 68 79.75 1.2
    endloop
  endfacet
  facet normal 0 1 -0
    outer loop
      vertex 68 78.25 1.2
      vertex 28 78.25 2
      vertex 68 78.25 2
    endloop
  endfacet
  facet normal 0 1 0
    outer loop
      vertex 28 78.25 2
      vertex 68 78.25 1.2
      vertex 28 78.25 1.2
    endloop
  endfacet
  facet normal -1 0 0
    outer loop
      vertex 68 82.25 1.2
      vertex 68 83.75 2
      vertex 68 83.75 1.2
    endloop
  endfacet
  facet normal -1 -0 0
    outer loop
      vertex 68 83.75 2
      vertex 68 82.25 1.2
      vertex 68 82.25 2
    endloop
  endfacet
  facet normal -0 0 1
    outer loop
      vertex 28 83.75 1.2
      vertex 68 82.25 1.2
      vertex 68 83.75 1.2
    endloop
  endfacet
  facet normal 0 0 1
    outer loop
      vertex 68 82.25 1.2
      vertex 28 83.75 1.2
      vertex 28 82.25 1.2
    endloop
  endfacet
  facet normal 1 -0 0
    outer loop
      vertex 28 82.25 2
      vertex 28 83.75 1.2
      vertex 28 83.75 2
    endloop
  endfacet
  facet normal 1 0 0
    outer loop
      vertex 28 83.75 1.2
      vertex 28 82.25 2
      vertex 28 82.25 1.2
    endloop
  endfacet
  facet normal 0 -1 0
    outer loop
      vertex 28 83.75 1.2
      vertex 68 83.75 2
      vertex 28 83.75 2
    endloop
  endfacet
  facet normal 0 -1 -0
    outer loop
      vertex 68 83.75 2
      vertex 28 83.75 1.2
      vertex 68 83.75 1.2
    endloop
  endfacet
  facet normal 0 1 -0
    outer loop
      vertex 68 82.25 1.2
      vertex 28 82.25 2
      vertex 68 82.25 2
    endloop
  endfacet
  facet normal 0 1 0
    outer loop
      vertex 28 82.25 2
      vertex 68 82.25 1.2
      vertex 28 82.25 1.2
    endloop
  endfacet
  facet normal -0.946885 0.321574 0
    outer loop
      vertex 64.9858 36.426 1
      vertex 65.0489 36.6118 2.4
      vertex 65.0489 36.6118 1
    endloop
  endfacet
  facet normal -0.946885 0.321574 0
    outer loop
      vertex 65.0489 36.6118 2.4
      vertex 64.9858 36.426 1
      vertex 64.9858 36.426 2.4
    endloop
  endfacet
  facet normal 0.8969 0.442233 0
    outer loop
      vertex 9.30096 36.25 2.4
      vertex 9.21418 36.426 1
      vertex 9.21418 36.426 2.4
    endloop
  endfacet
  facet normal 0.8969 0.442233 0
    outer loop
      vertex 9.21418 36.426 1
      vertex 9.30096 36.25 2.4
      vertex 9.30096 36.25 1
    endloop
  endfacet
  facet normal -0.0652336 0.99787 0
    outer loop
      vertex 63.7958 35.5128 1
      vertex 63.6 35.5 2.4
      vertex 63.7958 35.5128 2.4
    endloop
  endfacet
  facet normal -0.0652336 0.99787 0
    outer loop
      vertex 63.6 35.5 2.4
      vertex 63.7958 35.5128 1
      vertex 63.6 35.5 1
    endloop
  endfacet
  facet normal 0.195234 -0.980757 0
    outer loop
      vertex 10.2118 48.4489 1
      vertex 10.4042 48.4872 2.4
      vertex 10.2118 48.4489 2.4
    endloop
  endfacet
  facet normal 0.195234 -0.980757 0
    outer loop
      vertex 10.4042 48.4872 2.4
      vertex 10.2118 48.4489 1
      vertex 10.4042 48.4872 1
    endloop
  endfacet
  facet normal 0.980766 -0.195185 0
    outer loop
      vertex 9.11283 47.1958 2.4
      vertex 9.15112 47.3882 1
      vertex 9.15112 47.3882 2.4
    endloop
  endfacet
  facet normal 0.980766 -0.195185 0
    outer loop
      vertex 9.15112 47.3882 1
      vertex 9.11283 47.1958 2.4
      vertex 9.11283 47.1958 1
    endloop
  endfacet
  facet normal 0.0652336 0.99787 -0
    outer loop
      vertex 10.6 35.5 1
      vertex 10.4042 35.5128 2.4
      vertex 10.6 35.5 2.4
    endloop
  endfacet
  facet normal 0.0652336 0.99787 0
    outer loop
      vertex 10.4042 35.5128 2.4
      vertex 10.6 35.5 1
      vertex 10.4042 35.5128 1
    endloop
  endfacet
  facet normal 0.442315 0.89686 -0
    outer loop
      vertex 10.026 35.6142 1
      vertex 9.85 35.701 2.4
      vertex 10.026 35.6142 2.4
    endloop
  endfacet
  facet normal 0.442315 0.89686 0
    outer loop
      vertex 9.85 35.701 2.4
      vertex 10.026 35.6142 1
      vertex 9.85 35.701 1
    endloop
  endfacet
  facet normal -0.195234 -0.980757 0
    outer loop
      vertex 63.7958 48.4872 1
      vertex 63.9882 48.4489 2.4
      vertex 63.7958 48.4872 2.4
    endloop
  endfacet
  facet normal -0.195234 -0.980757 -0
    outer loop
      vertex 63.9882 48.4489 2.4
      vertex 63.7958 48.4872 1
      vertex 63.9882 48.4489 1
    endloop
  endfacet
  facet normal -0.321574 -0.946885 0
    outer loop
      vertex 63.9882 48.4489 1
      vertex 64.174 48.3858 2.4
      vertex 63.9882 48.4489 2.4
    endloop
  endfacet
  facet normal -0.321574 -0.946885 -0
    outer loop
      vertex 64.174 48.3858 2.4
      vertex 63.9882 48.4489 1
      vertex 64.174 48.3858 1
    endloop
  endfacet
  facet normal 0.442315 -0.89686 0
    outer loop
      vertex 9.85 48.299 1
      vertex 10.026 48.3858 2.4
      vertex 9.85 48.299 2.4
    endloop
  endfacet
  facet normal 0.442315 -0.89686 0
    outer loop
      vertex 10.026 48.3858 2.4
      vertex 9.85 48.299 1
      vertex 10.026 48.3858 1
    endloop
  endfacet
  facet normal 0.831399 -0.555676 0
    outer loop
      vertex 9.30096 47.75 2.4
      vertex 9.40997 47.9131 1
      vertex 9.40997 47.9131 2.4
    endloop
  endfacet
  facet normal 0.831399 -0.555676 0
    outer loop
      vertex 9.40997 47.9131 1
      vertex 9.30096 47.75 2.4
      vertex 9.30096 47.75 1
    endloop
  endfacet
  facet normal 0.99786 0.0653858 0
    outer loop
      vertex 9.11283 36.8042 2.4
      vertex 9.1 37 1
      vertex 9.1 37 2.4
    endloop
  endfacet
  facet normal 0.99786 0.0653858 0
    outer loop
      vertex 9.1 37 1
      vertex 9.11283 36.8042 2.4
      vertex 9.11283 36.8042 1
    endloop
  endfacet
  facet normal 0.321574 -0.946885 0
    outer loop
      vertex 10.026 48.3858 1
      vertex 10.2118 48.4489 2.4
      vertex 10.026 48.3858 2.4
    endloop
  endfacet
  facet normal 0.321574 -0.946885 0
    outer loop
      vertex 10.2118 48.4489 2.4
      vertex 10.026 48.3858 1
      vertex 10.2118 48.4489 1
    endloop
  endfacet
  facet normal 1 -0 0
    outer loop
      vertex 9.1 37 2.4
      vertex 9.1 47 1
      vertex 9.1 47 2.4
    endloop
  endfacet
  facet normal 1 0 0
    outer loop
      vertex 9.1 47 1
      vertex 9.1 37 2.4
      vertex 9.1 37 1
    endloop
  endfacet
  facet normal 0 1 -0
    outer loop
      vertex 63.6 35.5 1
      vertex 10.6 35.5 2.4
      vertex 63.6 35.5 2.4
    endloop
  endfacet
  facet normal 0 1 0
    outer loop
      vertex 10.6 35.5 2.4
      vertex 63.6 35.5 1
      vertex 10.6 35.5 1
    endloop
  endfacet
  facet normal 0 -1 0
    outer loop
      vertex 10.6 48.5 1
      vertex 63.6 48.5 2.4
      vertex 10.6 48.5 2.4
    endloop
  endfacet
  facet normal 0 -1 -0
    outer loop
      vertex 63.6 48.5 2.4
      vertex 10.6 48.5 1
      vertex 63.6 48.5 1
    endloop
  endfacet
  facet normal 0.555523 -0.831501 0
    outer loop
      vertex 9.68685 48.19 1
      vertex 9.85 48.299 2.4
      vertex 9.68685 48.19 2.4
    endloop
  endfacet
  facet normal 0.555523 -0.831501 0
    outer loop
      vertex 9.85 48.299 2.4
      vertex 9.68685 48.19 1
      vertex 9.85 48.299 1
    endloop
  endfacet
  facet normal -0.0652336 -0.99787 0
    outer loop
      vertex 63.6 48.5 1
      vertex 63.7958 48.4872 2.4
      vertex 63.6 48.5 2.4
    endloop
  endfacet
  facet normal -0.0652336 -0.99787 -0
    outer loop
      vertex 63.7958 48.4872 2.4
      vertex 63.6 48.5 1
      vertex 63.7958 48.4872 1
    endloop
  endfacet
  facet normal 0.0652336 -0.99787 0
    outer loop
      vertex 10.4042 48.4872 1
      vertex 10.6 48.5 2.4
      vertex 10.4042 48.4872 2.4
    endloop
  endfacet
  facet normal 0.0652336 -0.99787 0
    outer loop
      vertex 10.6 48.5 2.4
      vertex 10.4042 48.4872 1
      vertex 10.6 48.5 1
    endloop
  endfacet
  facet normal 0.831399 0.555676 0
    outer loop
      vertex 9.40997 36.0869 2.4
      vertex 9.30096 36.25 1
      vertex 9.30096 36.25 2.4
    endloop
  endfacet
  facet normal 0.831399 0.555676 0
    outer loop
      vertex 9.30096 36.25 1
      vertex 9.40997 36.0869 2.4
      vertex 9.40997 36.0869 1
    endloop
  endfacet
  facet normal 0.99786 -0.0653858 0
    outer loop
      vertex 9.1 47 2.4
      vertex 9.11283 47.1958 1
      vertex 9.11283 47.1958 2.4
    endloop
  endfacet
  facet normal 0.99786 -0.0653858 0
    outer loop
      vertex 9.11283 47.1958 1
      vertex 9.1 47 2.4
      vertex 9.1 47 1
    endloop
  endfacet
  facet normal 0.65919 0.751976 -0
    outer loop
      vertex 9.68685 35.81 1
      vertex 9.53935 35.9393 2.4
      vertex 9.68685 35.81 2.4
    endloop
  endfacet
  facet normal 0.65919 0.751976 0
    outer loop
      vertex 9.53935 35.9393 2.4
      vertex 9.68685 35.81 1
      vertex 9.53935 35.9393 1
    endloop
  endfacet
  facet normal -0.89686 0.442315 0
    outer loop
      vertex 64.899 36.25 1
      vertex 64.9858 36.426 2.4
      vertex 64.9858 36.426 1
    endloop
  endfacet
  facet normal -0.89686 0.442315 0
    outer loop
      vertex 64.9858 36.426 2.4
      vertex 64.899 36.25 1
      vertex 64.899 36.25 2.4
    endloop
  endfacet
  facet normal -0.752198 0.658937 0
    outer loop
      vertex 64.6607 35.9393 1
      vertex 64.79 36.0869 2.4
      vertex 64.79 36.0869 1
    endloop
  endfacet
  facet normal -0.752198 0.658937 0
    outer loop
      vertex 64.79 36.0869 2.4
      vertex 64.6607 35.9393 1
      vertex 64.6607 35.9393 2.4
    endloop
  endfacet
  facet normal 0.946947 0.321391 0
    outer loop
      vertex 9.21418 36.426 2.4
      vertex 9.15112 36.6118 1
      vertex 9.15112 36.6118 2.4
    endloop
  endfacet
  facet normal 0.946947 0.321391 0
    outer loop
      vertex 9.15112 36.6118 1
      vertex 9.21418 36.426 2.4
      vertex 9.21418 36.426 1
    endloop
  endfacet
  facet normal 0.751996 0.659168 0
    outer loop
      vertex 9.53935 35.9393 2.4
      vertex 9.40997 36.0869 1
      vertex 9.40997 36.0869 2.4
    endloop
  endfacet
  facet normal 0.751996 0.659168 0
    outer loop
      vertex 9.40997 36.0869 1
      vertex 9.53935 35.9393 2.4
      vertex 9.53935 35.9393 1
    endloop
  endfacet
  facet normal -1 0 0
    outer loop
      vertex 65.1 37 1
      vertex 65.1 47 2.4
      vertex 65.1 47 1
    endloop
  endfacet
  facet normal -1 -0 0
    outer loop
      vertex 65.1 47 2.4
      vertex 65.1 37 1
      vertex 65.1 37 2.4
    endloop
  endfacet
  facet normal -0.99787 0.0652336 0
    outer loop
      vertex 65.0872 36.8042 1
      vertex 65.1 37 2.4
      vertex 65.1 37 1
    endloop
  endfacet
  facet normal -0.99787 0.0652336 0
    outer loop
      vertex 65.1 37 2.4
      vertex 65.0872 36.8042 1
      vertex 65.0872 36.8042 2.4
    endloop
  endfacet
  facet normal -0.442315 -0.89686 0
    outer loop
      vertex 64.174 48.3858 1
      vertex 64.35 48.299 2.4
      vertex 64.174 48.3858 2.4
    endloop
  endfacet
  facet normal -0.442315 -0.89686 -0
    outer loop
      vertex 64.35 48.299 2.4
      vertex 64.174 48.3858 1
      vertex 64.35 48.299 1
    endloop
  endfacet
  facet normal -0.980757 0.195234 0
    outer loop
      vertex 65.0489 36.6118 1
      vertex 65.0872 36.8042 2.4
      vertex 65.0872 36.8042 1
    endloop
  endfacet
  facet normal -0.980757 0.195234 0
    outer loop
      vertex 65.0872 36.8042 2.4
      vertex 65.0489 36.6118 1
      vertex 65.0489 36.6118 2.4
    endloop
  endfacet
  facet normal 0.65919 -0.751976 0
    outer loop
      vertex 9.53935 48.0607 1
      vertex 9.68685 48.19 2.4
      vertex 9.53935 48.0607 2.4
    endloop
  endfacet
  facet normal 0.65919 -0.751976 0
    outer loop
      vertex 9.68685 48.19 2.4
      vertex 9.53935 48.0607 1
      vertex 9.68685 48.19 1
    endloop
  endfacet
  facet normal -0.442315 0.89686 0
    outer loop
      vertex 64.35 35.701 1
      vertex 64.174 35.6142 2.4
      vertex 64.35 35.701 2.4
    endloop
  endfacet
  facet normal -0.442315 0.89686 0
    outer loop
      vertex 64.174 35.6142 2.4
      vertex 64.35 35.701 1
      vertex 64.174 35.6142 1
    endloop
  endfacet
  facet normal 0.195234 0.980757 -0
    outer loop
      vertex 10.4042 35.5128 1
      vertex 10.2118 35.5511 2.4
      vertex 10.4042 35.5128 2.4
    endloop
  endfacet
  facet normal 0.195234 0.980757 0
    outer loop
      vertex 10.2118 35.5511 2.4
      vertex 10.4042 35.5128 1
      vertex 10.2118 35.5511 1
    endloop
  endfacet
  facet normal 0.946947 -0.321391 0
    outer loop
      vertex 9.15112 47.3882 2.4
      vertex 9.21418 47.574 1
      vertex 9.21418 47.574 2.4
    endloop
  endfacet
  facet normal 0.946947 -0.321391 0
    outer loop
      vertex 9.21418 47.574 1
      vertex 9.15112 47.3882 2.4
      vertex 9.15112 47.3882 1
    endloop
  endfacet
  facet normal 0.321574 0.946885 -0
    outer loop
      vertex 10.2118 35.5511 1
      vertex 10.026 35.6142 2.4
      vertex 10.2118 35.5511 2.4
    endloop
  endfacet
  facet normal 0.321574 0.946885 0
    outer loop
      vertex 10.026 35.6142 2.4
      vertex 10.2118 35.5511 1
      vertex 10.026 35.6142 1
    endloop
  endfacet
  facet normal -0.555641 0.831422 0
    outer loop
      vertex 64.5131 35.81 1
      vertex 64.35 35.701 2.4
      vertex 64.5131 35.81 2.4
    endloop
  endfacet
  facet normal -0.555641 0.831422 0
    outer loop
      vertex 64.35 35.701 2.4
      vertex 64.5131 35.81 1
      vertex 64.35 35.701 1
    endloop
  endfacet
  facet normal -0.555641 -0.831422 0
    outer loop
      vertex 64.35 48.299 1
      vertex 64.5131 48.19 2.4
      vertex 64.35 48.299 2.4
    endloop
  endfacet
  facet normal -0.555641 -0.831422 -0
    outer loop
      vertex 64.5131 48.19 2.4
      vertex 64.35 48.299 1
      vertex 64.5131 48.19 1
    endloop
  endfacet
  facet normal 0.751996 -0.659168 0
    outer loop
      vertex 9.40997 47.9131 2.4
      vertex 9.53935 48.0607 1
      vertex 9.53935 48.0607 2.4
    endloop
  endfacet
  facet normal 0.751996 -0.659168 0
    outer loop
      vertex 9.53935 48.0607 1
      vertex 9.40997 47.9131 2.4
      vertex 9.40997 47.9131 1
    endloop
  endfacet
  facet normal 0.555523 0.831501 -0
    outer loop
      vertex 9.85 35.701 1
      vertex 9.68685 35.81 2.4
      vertex 9.85 35.701 2.4
    endloop
  endfacet
  facet normal 0.555523 0.831501 0
    outer loop
      vertex 9.68685 35.81 2.4
      vertex 9.85 35.701 1
      vertex 9.68685 35.81 1
    endloop
  endfacet
  facet normal -0.658937 -0.752198 0
    outer loop
      vertex 64.5131 48.19 1
      vertex 64.6607 48.0607 2.4
      vertex 64.5131 48.19 2.4
    endloop
  endfacet
  facet normal -0.658937 -0.752198 -0
    outer loop
      vertex 64.6607 48.0607 2.4
      vertex 64.5131 48.19 1
      vertex 64.6607 48.0607 1
    endloop
  endfacet
  facet normal 0.8969 -0.442233 0
    outer loop
      vertex 9.21418 47.574 2.4
      vertex 9.30096 47.75 1
      vertex 9.30096 47.75 2.4
    endloop
  endfacet
  facet normal 0.8969 -0.442233 0
    outer loop
      vertex 9.30096 47.75 1
      vertex 9.21418 47.574 2.4
      vertex 9.21418 47.574 1
    endloop
  endfacet
  facet normal 0.980766 0.195185 0
    outer loop
      vertex 9.15112 36.6118 2.4
      vertex 9.11283 36.8042 1
      vertex 9.11283 36.8042 2.4
    endloop
  endfacet
  facet normal 0.980766 0.195185 0
    outer loop
      vertex 9.11283 36.8042 1
      vertex 9.15112 36.6118 2.4
      vertex 9.15112 36.6118 1
    endloop
  endfacet
  facet normal -0.980757 -0.195234 0
    outer loop
      vertex 65.0872 47.1958 1
      vertex 65.0489 47.3882 2.4
      vertex 65.0489 47.3882 1
    endloop
  endfacet
  facet normal -0.980757 -0.195234 0
    outer loop
      vertex 65.0489 47.3882 2.4
      vertex 65.0872 47.1958 1
      vertex 65.0872 47.1958 2.4
    endloop
  endfacet
  facet normal -0.195234 0.980757 0
    outer loop
      vertex 63.9882 35.5511 1
      vertex 63.7958 35.5128 2.4
      vertex 63.9882 35.5511 2.4
    endloop
  endfacet
  facet normal -0.195234 0.980757 0
    outer loop
      vertex 63.7958 35.5128 2.4
      vertex 63.9882 35.5511 1
      vertex 63.7958 35.5128 1
    endloop
  endfacet
  facet normal -0.946885 -0.321574 0
    outer loop
      vertex 65.0489 47.3882 1
      vertex 64.9858 47.574 2.4
      vertex 64.9858 47.574 1
    endloop
  endfacet
  facet normal -0.946885 -0.321574 0
    outer loop
      vertex 64.9858 47.574 2.4
      vertex 65.0489 47.3882 1
      vertex 65.0489 47.3882 2.4
    endloop
  endfacet
  facet normal -0.658937 0.752198 0
    outer loop
      vertex 64.6607 35.9393 1
      vertex 64.5131 35.81 2.4
      vertex 64.6607 35.9393 2.4
    endloop
  endfacet
  facet normal -0.658937 0.752198 0
    outer loop
      vertex 64.5131 35.81 2.4
      vertex 64.6607 35.9393 1
      vertex 64.5131 35.81 1
    endloop
  endfacet
  facet normal -0.99787 -0.0652336 0
    outer loop
      vertex 65.1 47 1
      vertex 65.0872 47.1958 2.4
      vertex 65.0872 47.1958 1
    endloop
  endfacet
  facet normal -0.99787 -0.0652336 0
    outer loop
      vertex 65.0872 47.1958 2.4
      vertex 65.1 47 1
      vertex 65.1 47 2.4
    endloop
  endfacet
  facet normal -0.831422 0.555641 0
    outer loop
      vertex 64.79 36.0869 1
      vertex 64.899 36.25 2.4
      vertex 64.899 36.25 1
    endloop
  endfacet
  facet normal -0.831422 0.555641 0
    outer loop
      vertex 64.899 36.25 2.4
      vertex 64.79 36.0869 1
      vertex 64.79 36.0869 2.4
    endloop
  endfacet
  facet normal -0.89686 -0.442315 0
    outer loop
      vertex 64.9858 47.574 1
      vertex 64.899 47.75 2.4
      vertex 64.899 47.75 1
    endloop
  endfacet
  facet normal -0.89686 -0.442315 0
    outer loop
      vertex 64.899 47.75 2.4
      vertex 64.9858 47.574 1
      vertex 64.9858 47.574 2.4
    endloop
  endfacet
  facet normal -0.321574 0.946885 0
    outer loop
      vertex 64.174 35.6142 1
      vertex 63.9882 35.5511 2.4
      vertex 64.174 35.6142 2.4
    endloop
  endfacet
  facet normal -0.321574 0.946885 0
    outer loop
      vertex 63.9882 35.5511 2.4
      vertex 64.174 35.6142 1
      vertex 63.9882 35.5511 1
    endloop
  endfacet
  facet normal -0.831422 -0.555641 0
    outer loop
      vertex 64.899 47.75 1
      vertex 64.79 47.9131 2.4
      vertex 64.79 47.9131 1
    endloop
  endfacet
  facet normal -0.831422 -0.555641 0
    outer loop
      vertex 64.79 47.9131 2.4
      vertex 64.899 47.75 1
      vertex 64.899 47.75 2.4
    endloop
  endfacet
  facet normal -0.752198 -0.658937 0
    outer loop
      vertex 64.79 47.9131 1
      vertex 64.6607 48.0607 2.4
      vertex 64.6607 48.0607 1
    endloop
  endfacet
  facet normal -0.752198 -0.658937 0
    outer loop
      vertex 64.6607 48.0607 2.4
      vertex 64.79 47.9131 1
      vertex 64.79 47.9131 2.4
    endloop
  endfacet
  facet normal -0.980785 -0.195093 0
    outer loop
      vertex 65.8803 47.3002 2.4
      vertex 65.8216 47.5953 3.2
      vertex 65.8216 47.5953 2.4
    endloop
  endfacet
  facet normal -0.980785 -0.195093 0
    outer loop
      vertex 65.8216 47.5953 3.2
      vertex 65.8803 47.3002 2.4
      vertex 65.8803 47.3002 3.2
    endloop
  endfacet
  facet normal -0.321408 0.946941 0
    outer loop
      vertex 64.4802 34.8751 2.4
      vertex 64.1953 34.7784 3.2
      vertex 64.4802 34.8751 3.2
    endloop
  endfacet
  facet normal -0.321408 0.946941 0
    outer loop
      vertex 64.1953 34.7784 3.2
      vertex 64.4802 34.8751 2.4
      vertex 64.1953 34.7784 2.4
    endloop
  endfacet
  facet normal 0 1 -0
    outer loop
      vertex 63.6 34.7 2.4
      vertex 10.6 34.7 3.2
      vertex 63.6 34.7 3.2
    endloop
  endfacet
  facet normal 0 1 0
    outer loop
      vertex 10.6 34.7 3.2
      vertex 63.6 34.7 2.4
      vertex 10.6 34.7 2.4
    endloop
  endfacet
  facet normal -0.195093 0.980785 0
    outer loop
      vertex 64.1953 34.7784 2.4
      vertex 63.9002 34.7197 3.2
      vertex 64.1953 34.7784 3.2
    endloop
  endfacet
  facet normal -0.195093 0.980785 0
    outer loop
      vertex 63.9002 34.7197 3.2
      vertex 64.1953 34.7784 2.4
      vertex 63.9002 34.7197 2.4
    endloop
  endfacet
  facet normal 0.442127 -0.896953 0
    outer loop
      vertex 9.45001 48.9919 2.4
      vertex 9.71983 49.1249 3.2
      vertex 9.45001 48.9919 3.2
    endloop
  endfacet
  facet normal 0.442127 -0.896953 0
    outer loop
      vertex 9.71983 49.1249 3.2
      vertex 9.45001 48.9919 2.4
      vertex 9.71983 49.1249 2.4
    endloop
  endfacet
  facet normal 0.0654821 0.997854 -0
    outer loop
      vertex 10.6 34.7 2.4
      vertex 10.2998 34.7197 3.2
      vertex 10.6 34.7 3.2
    endloop
  endfacet
  facet normal 0.0654821 0.997854 0
    outer loop
      vertex 10.2998 34.7197 3.2
      vertex 10.6 34.7 2.4
      vertex 10.2998 34.7197 2.4
    endloop
  endfacet
  facet normal 0.751843 -0.659342 0
    outer loop
      vertex 8.77529 48.4001 3.2
      vertex 8.97366 48.6263 2.4
      vertex 8.97366 48.6263 3.2
    endloop
  endfacet
  facet normal 0.751843 -0.659342 0
    outer loop
      vertex 8.97366 48.6263 2.4
      vertex 8.77529 48.4001 3.2
      vertex 8.77529 48.4001 2.4
    endloop
  endfacet
  facet normal 0.659415 0.751779 -0
    outer loop
      vertex 9.19985 35.1753 2.4
      vertex 8.97366 35.3737 3.2
      vertex 9.19985 35.1753 3.2
    endloop
  endfacet
  facet normal 0.659415 0.751779 0
    outer loop
      vertex 8.97366 35.3737 3.2
      vertex 9.19985 35.1753 2.4
      vertex 8.97366 35.3737 2.4
    endloop
  endfacet
  facet normal -0.0654821 0.997854 0
    outer loop
      vertex 63.9002 34.7197 2.4
      vertex 63.6 34.7 3.2
      vertex 63.9002 34.7197 3.2
    endloop
  endfacet
  facet normal -0.0654821 0.997854 0
    outer loop
      vertex 63.6 34.7 3.2
      vertex 63.9002 34.7197 2.4
      vertex 63.6 34.7 2.4
    endloop
  endfacet
  facet normal 0.0654821 -0.997854 0
    outer loop
      vertex 10.2998 49.2803 2.4
      vertex 10.6 49.3 3.2
      vertex 10.2998 49.2803 3.2
    endloop
  endfacet
  facet normal 0.0654821 -0.997854 0
    outer loop
      vertex 10.6 49.3 3.2
      vertex 10.2998 49.2803 2.4
      vertex 10.6 49.3 2.4
    endloop
  endfacet
  facet normal 0 -1 0
    outer loop
      vertex 10.6 49.3 2.4
      vertex 63.6 49.3 3.2
      vertex 10.6 49.3 3.2
    endloop
  endfacet
  facet normal 0 -1 -0
    outer loop
      vertex 63.6 49.3 3.2
      vertex 10.6 49.3 2.4
      vertex 63.6 49.3 2.4
    endloop
  endfacet
  facet normal -1 0 0
    outer loop
      vertex 65.9 37 2.4
      vertex 65.9 47 3.2
      vertex 65.9 47 2.4
    endloop
  endfacet
  facet normal -1 -0 0
    outer loop
      vertex 65.9 47 3.2
      vertex 65.9 37 2.4
      vertex 65.9 37 3.2
    endloop
  endfacet
  facet normal -0.997854 -0.0654821 0
    outer loop
      vertex 65.9 47 2.4
      vertex 65.8803 47.3002 3.2
      vertex 65.8803 47.3002 2.4
    endloop
  endfacet
  facet normal -0.997854 -0.0654821 0
    outer loop
      vertex 65.8803 47.3002 3.2
      vertex 65.9 47 2.4
      vertex 65.9 47 3.2
    endloop
  endfacet
  facet normal 0.980791 0.195061 0
    outer loop
      vertex 8.37837 36.4047 3.2
      vertex 8.31968 36.6998 2.4
      vertex 8.31968 36.6998 3.2
    endloop
  endfacet
  facet normal 0.980791 0.195061 0
    outer loop
      vertex 8.31968 36.6998 2.4
      vertex 8.37837 36.4047 3.2
      vertex 8.37837 36.4047 2.4
    endloop
  endfacet
  facet normal 0.997858 0.0654159 0
    outer loop
      vertex 8.31968 36.6998 3.2
      vertex 8.3 37 2.4
      vertex 8.3 37 3.2
    endloop
  endfacet
  facet normal 0.997858 0.0654159 0
    outer loop
      vertex 8.3 37 2.4
      vertex 8.31968 36.6998 3.2
      vertex 8.31968 36.6998 2.4
    endloop
  endfacet
  facet normal 0.751843 0.659342 0
    outer loop
      vertex 8.97366 35.3737 3.2
      vertex 8.77529 35.5999 2.4
      vertex 8.77529 35.5999 3.2
    endloop
  endfacet
  facet normal 0.751843 0.659342 0
    outer loop
      vertex 8.77529 35.5999 2.4
      vertex 8.97366 35.3737 3.2
      vertex 8.97366 35.3737 2.4
    endloop
  endfacet
  facet normal -0.0654821 -0.997854 0
    outer loop
      vertex 63.6 49.3 2.4
      vertex 63.9002 49.2803 3.2
      vertex 63.6 49.3 3.2
    endloop
  endfacet
  facet normal -0.0654821 -0.997854 -0
    outer loop
      vertex 63.9002 49.2803 3.2
      vertex 63.6 49.3 2.4
      vertex 63.9002 49.2803 2.4
    endloop
  endfacet
  facet normal -0.195093 -0.980785 0
    outer loop
      vertex 63.9002 49.2803 2.4
      vertex 64.1953 49.2216 3.2
      vertex 63.9002 49.2803 3.2
    endloop
  endfacet
  facet normal -0.195093 -0.980785 -0
    outer loop
      vertex 64.1953 49.2216 3.2
      vertex 63.9002 49.2803 2.4
      vertex 64.1953 49.2216 2.4
    endloop
  endfacet
  facet normal 0.946931 0.321438 0
    outer loop
      vertex 8.47508 36.1198 3.2
      vertex 8.37837 36.4047 2.4
      vertex 8.37837 36.4047 3.2
    endloop
  endfacet
  facet normal 0.946931 0.321438 0
    outer loop
      vertex 8.37837 36.4047 2.4
      vertex 8.47508 36.1198 3.2
      vertex 8.47508 36.1198 2.4
    endloop
  endfacet
  facet normal 0.831426 -0.555636 0
    outer loop
      vertex 8.60815 48.15 3.2
      vertex 8.77529 48.4001 2.4
      vertex 8.77529 48.4001 3.2
    endloop
  endfacet
  facet normal 0.831426 -0.555636 0
    outer loop
      vertex 8.77529 48.4001 2.4
      vertex 8.60815 48.15 3.2
      vertex 8.60815 48.15 2.4
    endloop
  endfacet
  facet normal -0.997854 0.0654821 0
    outer loop
      vertex 65.8803 36.6998 2.4
      vertex 65.9 37 3.2
      vertex 65.9 37 2.4
    endloop
  endfacet
  facet normal -0.997854 0.0654821 0
    outer loop
      vertex 65.9 37 3.2
      vertex 65.8803 36.6998 2.4
      vertex 65.8803 36.6998 3.2
    endloop
  endfacet
  facet normal 0.195093 0.980785 -0
    outer loop
      vertex 10.2998 34.7197 2.4
      vertex 10.0047 34.7784 3.2
      vertex 10.2998 34.7197 3.2
    endloop
  endfacet
  facet normal 0.195093 0.980785 0
    outer loop
      vertex 10.0047 34.7784 3.2
      vertex 10.2998 34.7197 2.4
      vertex 10.0047 34.7784 2.4
    endloop
  endfacet
  facet normal -0.831334 0.555774 0
    outer loop
      vertex 65.4247 35.5999 2.4
      vertex 65.5919 35.85 3.2
      vertex 65.5919 35.85 2.4
    endloop
  endfacet
  facet normal -0.831334 0.555774 0
    outer loop
      vertex 65.5919 35.85 3.2
      vertex 65.4247 35.5999 2.4
      vertex 65.4247 35.5999 3.2
    endloop
  endfacet
  facet normal 0.555682 0.831395 -0
    outer loop
      vertex 9.45001 35.0081 2.4
      vertex 9.19985 35.1753 3.2
      vertex 9.45001 35.0081 3.2
    endloop
  endfacet
  facet normal 0.555682 0.831395 0
    outer loop
      vertex 9.19985 35.1753 3.2
      vertex 9.45001 35.0081 2.4
      vertex 9.19985 35.1753 2.4
    endloop
  endfacet
  facet normal 1 -0 0
    outer loop
      vertex 8.3 37 3.2
      vertex 8.3 47 2.4
      vertex 8.3 47 3.2
    endloop
  endfacet
  facet normal 1 0 0
    outer loop
      vertex 8.3 47 2.4
      vertex 8.3 37 3.2
      vertex 8.3 37 2.4
    endloop
  endfacet
  facet normal 0.831426 0.555636 0
    outer loop
      vertex 8.77529 35.5999 3.2
      vertex 8.60815 35.85 2.4
      vertex 8.60815 35.85 3.2
    endloop
  endfacet
  facet normal 0.831426 0.555636 0
    outer loop
      vertex 8.60815 35.85 2.4
      vertex 8.77529 35.5999 3.2
      vertex 8.77529 35.5999 2.4
    endloop
  endfacet
  facet normal 0.321438 -0.94693 0
    outer loop
      vertex 9.71983 49.1249 2.4
      vertex 10.0047 49.2216 3.2
      vertex 9.71983 49.1249 3.2
    endloop
  endfacet
  facet normal 0.321438 -0.94693 0
    outer loop
      vertex 10.0047 49.2216 3.2
      vertex 9.71983 49.1249 2.4
      vertex 10.0047 49.2216 2.4
    endloop
  endfacet
  facet normal -0.659398 -0.751794 0
    outer loop
      vertex 65.0001 48.8247 2.4
      vertex 65.2263 48.6263 3.2
      vertex 65.0001 48.8247 3.2
    endloop
  endfacet
  facet normal -0.659398 -0.751794 -0
    outer loop
      vertex 65.2263 48.6263 3.2
      vertex 65.0001 48.8247 2.4
      vertex 65.2263 48.6263 2.4
    endloop
  endfacet
  facet normal -0.321408 -0.946941 0
    outer loop
      vertex 64.1953 49.2216 2.4
      vertex 64.4802 49.1249 3.2
      vertex 64.1953 49.2216 3.2
    endloop
  endfacet
  facet normal -0.321408 -0.946941 -0
    outer loop
      vertex 64.4802 49.1249 3.2
      vertex 64.1953 49.2216 2.4
      vertex 64.4802 49.1249 2.4
    endloop
  endfacet
  facet normal 0.195093 -0.980785 0
    outer loop
      vertex 10.0047 49.2216 2.4
      vertex 10.2998 49.2803 3.2
      vertex 10.0047 49.2216 3.2
    endloop
  endfacet
  facet normal 0.195093 -0.980785 0
    outer loop
      vertex 10.2998 49.2803 3.2
      vertex 10.0047 49.2216 2.4
      vertex 10.2998 49.2803 2.4
    endloop
  endfacet
  facet normal -0.751794 -0.659398 0
    outer loop
      vertex 65.4247 48.4001 2.4
      vertex 65.2263 48.6263 3.2
      vertex 65.2263 48.6263 2.4
    endloop
  endfacet
  facet normal -0.751794 -0.659398 0
    outer loop
      vertex 65.2263 48.6263 3.2
      vertex 65.4247 48.4001 2.4
      vertex 65.4247 48.4001 3.2
    endloop
  endfacet
  facet normal 0.659415 -0.751779 0
    outer loop
      vertex 8.97366 48.6263 2.4
      vertex 9.19985 48.8247 3.2
      vertex 8.97366 48.6263 3.2
    endloop
  endfacet
  facet normal 0.659415 -0.751779 0
    outer loop
      vertex 9.19985 48.8247 3.2
      vertex 8.97366 48.6263 2.4
      vertex 9.19985 48.8247 2.4
    endloop
  endfacet
  facet normal -0.555774 -0.831334 0
    outer loop
      vertex 64.75 48.9919 2.4
      vertex 65.0001 48.8247 3.2
      vertex 64.75 48.9919 3.2
    endloop
  endfacet
  facet normal -0.555774 -0.831334 -0
    outer loop
      vertex 65.0001 48.8247 3.2
      vertex 64.75 48.9919 2.4
      vertex 65.0001 48.8247 2.4
    endloop
  endfacet
  facet normal 0.980791 -0.195061 0
    outer loop
      vertex 8.31968 47.3002 3.2
      vertex 8.37837 47.5953 2.4
      vertex 8.37837 47.5953 3.2
    endloop
  endfacet
  facet normal 0.980791 -0.195061 0
    outer loop
      vertex 8.37837 47.5953 2.4
      vertex 8.31968 47.3002 3.2
      vertex 8.31968 47.3002 2.4
    endloop
  endfacet
  facet normal 0.997858 -0.0654159 0
    outer loop
      vertex 8.3 47 3.2
      vertex 8.31968 47.3002 2.4
      vertex 8.31968 47.3002 3.2
    endloop
  endfacet
  facet normal 0.997858 -0.0654159 0
    outer loop
      vertex 8.31968 47.3002 2.4
      vertex 8.3 47 3.2
      vertex 8.3 47 2.4
    endloop
  endfacet
  facet normal 0.946931 -0.321438 0
    outer loop
      vertex 8.37837 47.5953 3.2
      vertex 8.47508 47.8802 2.4
      vertex 8.47508 47.8802 3.2
    endloop
  endfacet
  facet normal 0.946931 -0.321438 0
    outer loop
      vertex 8.47508 47.8802 2.4
      vertex 8.37837 47.5953 3.2
      vertex 8.37837 47.5953 2.4
    endloop
  endfacet
  facet normal 0.896847 -0.44234 0
    outer loop
      vertex 8.47508 47.8802 3.2
      vertex 8.60815 48.15 2.4
      vertex 8.60815 48.15 3.2
    endloop
  endfacet
  facet normal 0.896847 -0.44234 0
    outer loop
      vertex 8.60815 48.15 2.4
      vertex 8.47508 47.8802 3.2
      vertex 8.47508 47.8802 2.4
    endloop
  endfacet
  facet normal 0.896847 0.44234 0
    outer loop
      vertex 8.60815 35.85 3.2
      vertex 8.47508 36.1198 2.4
      vertex 8.47508 36.1198 3.2
    endloop
  endfacet
  facet normal 0.896847 0.44234 0
    outer loop
      vertex 8.47508 36.1198 2.4
      vertex 8.60815 35.85 3.2
      vertex 8.60815 35.85 2.4
    endloop
  endfacet
  facet normal 0.555682 -0.831395 0
    outer loop
      vertex 9.19985 48.8247 2.4
      vertex 9.45001 48.9919 3.2
      vertex 9.19985 48.8247 3.2
    endloop
  endfacet
  facet normal 0.555682 -0.831395 0
    outer loop
      vertex 9.45001 48.9919 3.2
      vertex 9.19985 48.8247 2.4
      vertex 9.45001 48.9919 2.4
    endloop
  endfacet
  facet normal -0.442153 -0.89694 0
    outer loop
      vertex 64.4802 49.1249 2.4
      vertex 64.75 48.9919 3.2
      vertex 64.4802 49.1249 3.2
    endloop
  endfacet
  facet normal -0.442153 -0.89694 -0
    outer loop
      vertex 64.75 48.9919 3.2
      vertex 64.4802 49.1249 2.4
      vertex 64.75 48.9919 2.4
    endloop
  endfacet
  facet normal -0.751794 0.659398 0
    outer loop
      vertex 65.2263 35.3737 2.4
      vertex 65.4247 35.5999 3.2
      vertex 65.4247 35.5999 2.4
    endloop
  endfacet
  facet normal -0.751794 0.659398 0
    outer loop
      vertex 65.4247 35.5999 3.2
      vertex 65.2263 35.3737 2.4
      vertex 65.2263 35.3737 3.2
    endloop
  endfacet
  facet normal -0.89694 0.442153 0
    outer loop
      vertex 65.5919 35.85 2.4
      vertex 65.7249 36.1198 3.2
      vertex 65.7249 36.1198 2.4
    endloop
  endfacet
  facet normal -0.89694 0.442153 0
    outer loop
      vertex 65.7249 36.1198 3.2
      vertex 65.5919 35.85 2.4
      vertex 65.5919 35.85 3.2
    endloop
  endfacet
  facet normal -0.980785 0.195093 0
    outer loop
      vertex 65.8216 36.4047 2.4
      vertex 65.8803 36.6998 3.2
      vertex 65.8803 36.6998 2.4
    endloop
  endfacet
  facet normal -0.980785 0.195093 0
    outer loop
      vertex 65.8803 36.6998 3.2
      vertex 65.8216 36.4047 2.4
      vertex 65.8216 36.4047 3.2
    endloop
  endfacet
  facet normal 0.321438 0.94693 -0
    outer loop
      vertex 10.0047 34.7784 2.4
      vertex 9.71983 34.8751 3.2
      vertex 10.0047 34.7784 3.2
    endloop
  endfacet
  facet normal 0.321438 0.94693 0
    outer loop
      vertex 9.71983 34.8751 3.2
      vertex 10.0047 34.7784 2.4
      vertex 9.71983 34.8751 2.4
    endloop
  endfacet
  facet normal -0.946941 -0.321408 0
    outer loop
      vertex 65.8216 47.5953 2.4
      vertex 65.7249 47.8802 3.2
      vertex 65.7249 47.8802 2.4
    endloop
  endfacet
  facet normal -0.946941 -0.321408 0
    outer loop
      vertex 65.7249 47.8802 3.2
      vertex 65.8216 47.5953 2.4
      vertex 65.8216 47.5953 3.2
    endloop
  endfacet
  facet normal 0.442127 0.896953 -0
    outer loop
      vertex 9.71983 34.8751 2.4
      vertex 9.45001 35.0081 3.2
      vertex 9.71983 34.8751 3.2
    endloop
  endfacet
  facet normal 0.442127 0.896953 0
    outer loop
      vertex 9.45001 35.0081 3.2
      vertex 9.71983 34.8751 2.4
      vertex 9.45001 35.0081 2.4
    endloop
  endfacet
  facet normal -0.831334 -0.555774 0
    outer loop
      vertex 65.5919 48.15 2.4
      vertex 65.4247 48.4001 3.2
      vertex 65.4247 48.4001 2.4
    endloop
  endfacet
  facet normal -0.831334 -0.555774 0
    outer loop
      vertex 65.4247 48.4001 3.2
      vertex 65.5919 48.15 2.4
      vertex 65.5919 48.15 3.2
    endloop
  endfacet
  facet normal -0.89694 -0.442153 0
    outer loop
      vertex 65.7249 47.8802 2.4
      vertex 65.5919 48.15 3.2
      vertex 65.5919 48.15 2.4
    endloop
  endfacet
  facet normal -0.89694 -0.442153 0
    outer loop
      vertex 65.5919 48.15 3.2
      vertex 65.7249 47.8802 2.4
      vertex 65.7249 47.8802 3.2
    endloop
  endfacet
  facet normal -0.946941 0.321408 0
    outer loop
      vertex 65.7249 36.1198 2.4
      vertex 65.8216 36.4047 3.2
      vertex 65.8216 36.4047 2.4
    endloop
  endfacet
  facet normal -0.946941 0.321408 0
    outer loop
      vertex 65.8216 36.4047 3.2
      vertex 65.7249 36.1198 2.4
      vertex 65.7249 36.1198 3.2
    endloop
  endfacet
  facet normal -0.442153 0.89694 0
    outer loop
      vertex 64.75 35.0081 2.4
      vertex 64.4802 34.8751 3.2
      vertex 64.75 35.0081 3.2
    endloop
  endfacet
  facet normal -0.442153 0.89694 0
    outer loop
      vertex 64.4802 34.8751 3.2
      vertex 64.75 35.0081 2.4
      vertex 64.4802 34.8751 2.4
    endloop
  endfacet
  facet normal -0.659398 0.751794 0
    outer loop
      vertex 65.2263 35.3737 2.4
      vertex 65.0001 35.1753 3.2
      vertex 65.2263 35.3737 3.2
    endloop
  endfacet
  facet normal -0.659398 0.751794 0
    outer loop
      vertex 65.0001 35.1753 3.2
      vertex 65.2263 35.3737 2.4
      vertex 65.0001 35.1753 2.4
    endloop
  endfacet
  facet normal 0 0 1
    outer loop
      vertex 65.1 47 2.4
      vertex 65.9 47 2.4
      vertex 65.8803 47.3002 2.4
    endloop
  endfacet
  facet normal 0 0 1
    outer loop
      vertex 65.9 47 2.4
      vertex 65.1 47 2.4
      vertex 65.9 37 2.4
    endloop
  endfacet
  facet normal 0 0 1
    outer loop
      vertex 65.0872 47.1958 2.4
      vertex 65.8803 47.3002 2.4
      vertex 65.8216 47.5953 2.4
    endloop
  endfacet
  facet normal 0 0 1
    outer loop
      vertex 65.1 37 2.4
      vertex 65.9 37 2.4
      vertex 65.1 47 2.4
    endloop
  endfacet
  facet normal 0 0 1
    outer loop
      vertex 65.0489 47.3882 2.4
      vertex 65.8216 47.5953 2.4
      vertex 65.7249 47.8802 2.4
    endloop
  endfacet
  facet normal 0 0 1
    outer loop
      vertex 65.9 37 2.4
      vertex 65.1 37 2.4
      vertex 65.8803 36.6998 2.4
    endloop
  endfacet
  facet normal 0 0 1
    outer loop
      vertex 64.9858 47.574 2.4
      vertex 65.7249 47.8802 2.4
      vertex 65.5919 48.15 2.4
    endloop
  endfacet
  facet normal -0 0 1
    outer loop
      vertex 65.0872 36.8042 2.4
      vertex 65.8803 36.6998 2.4
      vertex 65.1 37 2.4
    endloop
  endfacet
  facet normal 0 0 1
    outer loop
      vertex 64.899 47.75 2.4
      vertex 65.5919 48.15 2.4
      vertex 65.4247 48.4001 2.4
    endloop
  endfacet
  facet normal 0 0 1
    outer loop
      vertex 65.8803 36.6998 2.4
      vertex 65.0872 36.8042 2.4
      vertex 65.8216 36.4047 2.4
    endloop
  endfacet
  facet normal 0 0 1
    outer loop
      vertex 64.79 47.9131 2.4
      vertex 65.4247 48.4001 2.4
      vertex 65.2263 48.6263 2.4
    endloop
  endfacet
  facet normal -0 0 1
    outer loop
      vertex 65.0489 36.6118 2.4
      vertex 65.8216 36.4047 2.4
      vertex 65.0872 36.8042 2.4
    endloop
  endfacet
  facet normal 0 0 1
    outer loop
      vertex 65.8216 36.4047 2.4
      vertex 65.0489 36.6118 2.4
      vertex 65.7249 36.1198 2.4
    endloop
  endfacet
  facet normal 0 0 1
    outer loop
      vertex 65.8803 47.3002 2.4
      vertex 65.0872 47.1958 2.4
      vertex 65.1 47 2.4
    endloop
  endfacet
  facet normal 0 0 1
    outer loop
      vertex 65.8216 47.5953 2.4
      vertex 65.0489 47.3882 2.4
      vertex 65.0872 47.1958 2.4
    endloop
  endfacet
  facet normal 0 0 1
    outer loop
      vertex 64.6607 48.0607 2.4
      vertex 65.2263 48.6263 2.4
      vertex 65.0001 48.8247 2.4
    endloop
  endfacet
  facet normal 0 0 1
    outer loop
      vertex 65.7249 47.8802 2.4
      vertex 64.9858 47.574 2.4
      vertex 65.0489 47.3882 2.4
    endloop
  endfacet
  facet normal 0 0 1
    outer loop
      vertex 65.5919 48.15 2.4
      vertex 64.899 47.75 2.4
      vertex 64.9858 47.574 2.4
    endloop
  endfacet
  facet normal 0 0 1
    outer loop
      vertex 65.4247 48.4001 2.4
      vertex 64.79 47.9131 2.4
      vertex 64.899 47.75 2.4
    endloop
  endfacet
  facet normal 0 0 1
    outer loop
      vertex 64.5131 48.19 2.4
      vertex 65.0001 48.8247 2.4
      vertex 64.75 48.9919 2.4
    endloop
  endfacet
  facet normal 0 0 1
    outer loop
      vertex 65.2263 48.6263 2.4
      vertex 64.6607 48.0607 2.4
      vertex 64.79 47.9131 2.4
    endloop
  endfacet
  facet normal 0 0 1
    outer loop
      vertex 65.0001 48.8247 2.4
      vertex 64.5131 48.19 2.4
      vertex 64.6607 48.0607 2.4
    endloop
  endfacet
  facet normal 0 0 1
    outer loop
      vertex 64.35 48.299 2.4
      vertex 64.75 48.9919 2.4
      vertex 64.4802 49.1249 2.4
    endloop
  endfacet
  facet normal 0 0 1
    outer loop
      vertex 64.75 48.9919 2.4
      vertex 64.35 48.299 2.4
      vertex 64.5131 48.19 2.4
    endloop
  endfacet
  facet normal 0 0 1
    outer loop
      vertex 64.174 48.3858 2.4
      vertex 64.4802 49.1249 2.4
      vertex 64.1953 49.2216 2.4
    endloop
  endfacet
  facet normal 0 0 1
    outer loop
      vertex 64.4802 49.1249 2.4
      vertex 64.174 48.3858 2.4
      vertex 64.35 48.299 2.4
    endloop
  endfacet
  facet normal 0 0 1
    outer loop
      vertex 64.1953 49.2216 2.4
      vertex 63.9882 48.4489 2.4
      vertex 64.174 48.3858 2.4
    endloop
  endfacet
  facet normal 0 0 1
    outer loop
      vertex 63.9002 49.2803 2.4
      vertex 63.9882 48.4489 2.4
      vertex 64.1953 49.2216 2.4
    endloop
  endfacet
  facet normal 0 0 1
    outer loop
      vertex 63.9002 49.2803 2.4
      vertex 63.7958 48.4872 2.4
      vertex 63.9882 48.4489 2.4
    endloop
  endfacet
  facet normal 0 0 1
    outer loop
      vertex 63.6 49.3 2.4
      vertex 63.7958 48.4872 2.4
      vertex 63.9002 49.2803 2.4
    endloop
  endfacet
  facet normal 0 0 1
    outer loop
      vertex 63.6 49.3 2.4
      vertex 63.6 48.5 2.4
      vertex 63.7958 48.4872 2.4
    endloop
  endfacet
  facet normal -0 0 1
    outer loop
      vertex 10.6 49.3 2.4
      vertex 63.6 48.5 2.4
      vertex 63.6 49.3 2.4
    endloop
  endfacet
  facet normal 0 0 1
    outer loop
      vertex 10.6 49.3 2.4
      vertex 10.6 48.5 2.4
      vertex 63.6 48.5 2.4
    endloop
  endfacet
  facet normal 0 0 1
    outer loop
      vertex 10.6 49.3 2.4
      vertex 10.4042 48.4872 2.4
      vertex 10.6 48.5 2.4
    endloop
  endfacet
  facet normal -0 0 1
    outer loop
      vertex 10.2998 49.2803 2.4
      vertex 10.4042 48.4872 2.4
      vertex 10.6 49.3 2.4
    endloop
  endfacet
  facet normal 0 0 1
    outer loop
      vertex 10.2998 49.2803 2.4
      vertex 10.2118 48.4489 2.4
      vertex 10.4042 48.4872 2.4
    endloop
  endfacet
  facet normal -0 0 1
    outer loop
      vertex 10.0047 49.2216 2.4
      vertex 10.2118 48.4489 2.4
      vertex 10.2998 49.2803 2.4
    endloop
  endfacet
  facet normal 0 0 1
    outer loop
      vertex 10.2118 48.4489 2.4
      vertex 10.0047 49.2216 2.4
      vertex 10.026 48.3858 2.4
    endloop
  endfacet
  facet normal -0 0 1
    outer loop
      vertex 9.71983 49.1249 2.4
      vertex 10.026 48.3858 2.4
      vertex 10.0047 49.2216 2.4
    endloop
  endfacet
  facet normal 0 0 1
    outer loop
      vertex 10.026 48.3858 2.4
      vertex 9.71983 49.1249 2.4
      vertex 9.85 48.299 2.4
    endloop
  endfacet
  facet normal -0 0 1
    outer loop
      vertex 9.45001 48.9919 2.4
      vertex 9.85 48.299 2.4
      vertex 9.71983 49.1249 2.4
    endloop
  endfacet
  facet normal 0 0 1
    outer loop
      vertex 9.85 48.299 2.4
      vertex 9.45001 48.9919 2.4
      vertex 9.68685 48.19 2.4
    endloop
  endfacet
  facet normal -0 0 1
    outer loop
      vertex 9.19985 48.8247 2.4
      vertex 9.68685 48.19 2.4
      vertex 9.45001 48.9919 2.4
    endloop
  endfacet
  facet normal 0 0 1
    outer loop
      vertex 9.68685 48.19 2.4
      vertex 9.19985 48.8247 2.4
      vertex 9.53935 48.0607 2.4
    endloop
  endfacet
  facet normal -0 0 1
    outer loop
      vertex 8.97366 48.6263 2.4
      vertex 9.53935 48.0607 2.4
      vertex 9.19985 48.8247 2.4
    endloop
  endfacet
  facet normal 0 0 1
    outer loop
      vertex 9.53935 48.0607 2.4
      vertex 8.97366 48.6263 2.4
      vertex 9.40997 47.9131 2.4
    endloop
  endfacet
  facet normal -0 0 1
    outer loop
      vertex 8.77529 48.4001 2.4
      vertex 9.40997 47.9131 2.4
      vertex 8.97366 48.6263 2.4
    endloop
  endfacet
  facet normal 0 0 1
    outer loop
      vertex 9.40997 47.9131 2.4
      vertex 8.77529 48.4001 2.4
      vertex 9.30096 47.75 2.4
    endloop
  endfacet
  facet normal -0 0 1
    outer loop
      vertex 8.60815 48.15 2.4
      vertex 9.30096 47.75 2.4
      vertex 8.77529 48.4001 2.4
    endloop
  endfacet
  facet normal 0 0 1
    outer loop
      vertex 9.30096 47.75 2.4
      vertex 8.60815 48.15 2.4
      vertex 9.21418 47.574 2.4
    endloop
  endfacet
  facet normal 0 0 1
    outer loop
      vertex 9.21418 47.574 2.4
      vertex 8.47508 47.8802 2.4
      vertex 9.15112 47.3882 2.4
    endloop
  endfacet
  facet normal -0 0 1
    outer loop
      vertex 8.47508 47.8802 2.4
      vertex 9.21418 47.574 2.4
      vertex 8.60815 48.15 2.4
    endloop
  endfacet
  facet normal -0 0 1
    outer loop
      vertex 64.9858 36.426 2.4
      vertex 65.7249 36.1198 2.4
      vertex 65.0489 36.6118 2.4
    endloop
  endfacet
  facet normal 0 0 1
    outer loop
      vertex 65.7249 36.1198 2.4
      vertex 64.9858 36.426 2.4
      vertex 65.5919 35.85 2.4
    endloop
  endfacet
  facet normal -0 0 1
    outer loop
      vertex 64.899 36.25 2.4
      vertex 65.5919 35.85 2.4
      vertex 64.9858 36.426 2.4
    endloop
  endfacet
  facet normal 0 0 1
    outer loop
      vertex 65.5919 35.85 2.4
      vertex 64.899 36.25 2.4
      vertex 65.4247 35.5999 2.4
    endloop
  endfacet
  facet normal -0 0 1
    outer loop
      vertex 64.79 36.0869 2.4
      vertex 65.4247 35.5999 2.4
      vertex 64.899 36.25 2.4
    endloop
  endfacet
  facet normal 0 0 1
    outer loop
      vertex 65.4247 35.5999 2.4
      vertex 64.79 36.0869 2.4
      vertex 65.2263 35.3737 2.4
    endloop
  endfacet
  facet normal -0 0 1
    outer loop
      vertex 64.6607 35.9393 2.4
      vertex 65.2263 35.3737 2.4
      vertex 64.79 36.0869 2.4
    endloop
  endfacet
  facet normal 0 0 1
    outer loop
      vertex 65.2263 35.3737 2.4
      vertex 64.6607 35.9393 2.4
      vertex 65.0001 35.1753 2.4
    endloop
  endfacet
  facet normal -0 0 1
    outer loop
      vertex 64.5131 35.81 2.4
      vertex 65.0001 35.1753 2.4
      vertex 64.6607 35.9393 2.4
    endloop
  endfacet
  facet normal 0 0 1
    outer loop
      vertex 65.0001 35.1753 2.4
      vertex 64.5131 35.81 2.4
      vertex 64.75 35.0081 2.4
    endloop
  endfacet
  facet normal -0 0 1
    outer loop
      vertex 64.35 35.701 2.4
      vertex 64.75 35.0081 2.4
      vertex 64.5131 35.81 2.4
    endloop
  endfacet
  facet normal 0 0 1
    outer loop
      vertex 64.75 35.0081 2.4
      vertex 64.35 35.701 2.4
      vertex 64.4802 34.8751 2.4
    endloop
  endfacet
  facet normal -0 0 1
    outer loop
      vertex 64.174 35.6142 2.4
      vertex 64.4802 34.8751 2.4
      vertex 64.35 35.701 2.4
    endloop
  endfacet
  facet normal 0 0 1
    outer loop
      vertex 64.4802 34.8751 2.4
      vertex 64.174 35.6142 2.4
      vertex 64.1953 34.7784 2.4
    endloop
  endfacet
  facet normal -0 0 1
    outer loop
      vertex 63.9882 35.5511 2.4
      vertex 64.1953 34.7784 2.4
      vertex 64.174 35.6142 2.4
    endloop
  endfacet
  facet normal 0 0 1
    outer loop
      vertex 63.9882 35.5511 2.4
      vertex 63.9002 34.7197 2.4
      vertex 64.1953 34.7784 2.4
    endloop
  endfacet
  facet normal -0 0 1
    outer loop
      vertex 63.7958 35.5128 2.4
      vertex 63.9002 34.7197 2.4
      vertex 63.9882 35.5511 2.4
    endloop
  endfacet
  facet normal -0 0 1
    outer loop
      vertex 63.6 35.5 2.4
      vertex 63.9002 34.7197 2.4
      vertex 63.7958 35.5128 2.4
    endloop
  endfacet
  facet normal 0 0 1
    outer loop
      vertex 63.6 35.5 2.4
      vertex 63.6 34.7 2.4
      vertex 63.9002 34.7197 2.4
    endloop
  endfacet
  facet normal -0 0 1
    outer loop
      vertex 10.6 35.5 2.4
      vertex 63.6 34.7 2.4
      vertex 63.6 35.5 2.4
    endloop
  endfacet
  facet normal 0 0 1
    outer loop
      vertex 10.6 35.5 2.4
      vertex 10.6 34.7 2.4
      vertex 63.6 34.7 2.4
    endloop
  endfacet
  facet normal 0 0 1
    outer loop
      vertex 10.4042 35.5128 2.4
      vertex 10.6 34.7 2.4
      vertex 10.6 35.5 2.4
    endloop
  endfacet
  facet normal 0 0 1
    outer loop
      vertex 10.4042 35.5128 2.4
      vertex 10.2998 34.7197 2.4
      vertex 10.6 34.7 2.4
    endloop
  endfacet
  facet normal 0 0 1
    outer loop
      vertex 10.2118 35.5511 2.4
      vertex 10.2998 34.7197 2.4
      vertex 10.4042 35.5128 2.4
    endloop
  endfacet
  facet normal 0 0 1
    outer loop
      vertex 10.0047 34.7784 2.4
      vertex 10.2118 35.5511 2.4
      vertex 10.026 35.6142 2.4
    endloop
  endfacet
  facet normal 0 0 1
    outer loop
      vertex 10.2118 35.5511 2.4
      vertex 10.0047 34.7784 2.4
      vertex 10.2998 34.7197 2.4
    endloop
  endfacet
  facet normal 0 0 1
    outer loop
      vertex 9.71983 34.8751 2.4
      vertex 10.026 35.6142 2.4
      vertex 9.85 35.701 2.4
    endloop
  endfacet
  facet normal 0 0 1
    outer loop
      vertex 10.026 35.6142 2.4
      vertex 9.71983 34.8751 2.4
      vertex 10.0047 34.7784 2.4
    endloop
  endfacet
  facet normal 0 0 1
    outer loop
      vertex 9.45001 35.0081 2.4
      vertex 9.85 35.701 2.4
      vertex 9.68685 35.81 2.4
    endloop
  endfacet
  facet normal 0 0 1
    outer loop
      vertex 9.19985 35.1753 2.4
      vertex 9.68685 35.81 2.4
      vertex 9.53935 35.9393 2.4
    endloop
  endfacet
  facet normal 0 0 1
    outer loop
      vertex 9.85 35.701 2.4
      vertex 9.45001 35.0081 2.4
      vertex 9.71983 34.8751 2.4
    endloop
  endfacet
  facet normal 0 0 1
    outer loop
      vertex 8.97366 35.3737 2.4
      vertex 9.53935 35.9393 2.4
      vertex 9.40997 36.0869 2.4
    endloop
  endfacet
  facet normal 0 0 1
    outer loop
      vertex 8.77529 35.5999 2.4
      vertex 9.40997 36.0869 2.4
      vertex 9.30096 36.25 2.4
    endloop
  endfacet
  facet normal 0 0 1
    outer loop
      vertex 8.60815 35.85 2.4
      vertex 9.30096 36.25 2.4
      vertex 9.21418 36.426 2.4
    endloop
  endfacet
  facet normal 0 0 1
    outer loop
      vertex 9.68685 35.81 2.4
      vertex 9.19985 35.1753 2.4
      vertex 9.45001 35.0081 2.4
    endloop
  endfacet
  facet normal 0 0 1
    outer loop
      vertex 8.47508 36.1198 2.4
      vertex 9.21418 36.426 2.4
      vertex 9.15112 36.6118 2.4
    endloop
  endfacet
  facet normal 0 0 1
    outer loop
      vertex 8.37837 36.4047 2.4
      vertex 9.15112 36.6118 2.4
      vertex 9.11283 36.8042 2.4
    endloop
  endfacet
  facet normal 0 0 1
    outer loop
      vertex 8.31968 36.6998 2.4
      vertex 9.11283 36.8042 2.4
      vertex 9.1 37 2.4
    endloop
  endfacet
  facet normal 0 0 1
    outer loop
      vertex 9.53935 35.9393 2.4
      vertex 8.97366 35.3737 2.4
      vertex 9.19985 35.1753 2.4
    endloop
  endfacet
  facet normal 0 0 1
    outer loop
      vertex 9.1 47 2.4
      vertex 8.3 47 2.4
      vertex 9.1 37 2.4
    endloop
  endfacet
  facet normal -0 0 1
    outer loop
      vertex 8.37837 47.5953 2.4
      vertex 9.15112 47.3882 2.4
      vertex 8.47508 47.8802 2.4
    endloop
  endfacet
  facet normal 0 0 1
    outer loop
      vertex 8.3 37 2.4
      vertex 9.1 37 2.4
      vertex 8.3 47 2.4
    endloop
  endfacet
  facet normal 0 0 1
    outer loop
      vertex 9.15112 47.3882 2.4
      vertex 8.37837 47.5953 2.4
      vertex 9.11283 47.1958 2.4
    endloop
  endfacet
  facet normal 0 -0 1
    outer loop
      vertex 8.31968 36.6998 2.4
      vertex 9.1 37 2.4
      vertex 8.3 37 2.4
    endloop
  endfacet
  facet normal -0 0 1
    outer loop
      vertex 8.31968 47.3002 2.4
      vertex 9.11283 47.1958 2.4
      vertex 8.37837 47.5953 2.4
    endloop
  endfacet
  facet normal 0 0 1
    outer loop
      vertex 9.40997 36.0869 2.4
      vertex 8.77529 35.5999 2.4
      vertex 8.97366 35.3737 2.4
    endloop
  endfacet
  facet normal 0 0 1
    outer loop
      vertex 9.11283 47.1958 2.4
      vertex 8.31968 47.3002 2.4
      vertex 9.1 47 2.4
    endloop
  endfacet
  facet normal 0 0 1
    outer loop
      vertex 9.30096 36.25 2.4
      vertex 8.60815 35.85 2.4
      vertex 8.77529 35.5999 2.4
    endloop
  endfacet
  facet normal 0 0 1
    outer loop
      vertex 9.1 47 2.4
      vertex 8.31968 47.3002 2.4
      vertex 8.3 47 2.4
    endloop
  endfacet
  facet normal 0 0 1
    outer loop
      vertex 9.21418 36.426 2.4
      vertex 8.47508 36.1198 2.4
      vertex 8.60815 35.85 2.4
    endloop
  endfacet
  facet normal 0 0 1
    outer loop
      vertex 9.15112 36.6118 2.4
      vertex 8.37837 36.4047 2.4
      vertex 8.47508 36.1198 2.4
    endloop
  endfacet
  facet normal 0 0 1
    outer loop
      vertex 9.11283 36.8042 2.4
      vertex 8.31968 36.6998 2.4
      vertex 8.37837 36.4047 2.4
    endloop
  endfacet
  facet normal -0.555774 0.831334 0
    outer loop
      vertex 65.0001 35.1753 2.4
      vertex 64.75 35.0081 3.2
      vertex 65.0001 35.1753 3.2
    endloop
  endfacet
  facet normal -0.555774 0.831334 0
    outer loop
      vertex 64.75 35.0081 3.2
      vertex 65.0001 35.1753 2.4
      vertex 64.75 35.0081 2.4
    endloop
  endfacet
  facet normal -0.946885 0.321574 0
    outer loop
      vertex 67.7358 33.676 0
      vertex 67.7989 33.8618 1
      vertex 67.7989 33.8618 0
    endloop
  endfacet
  facet normal -0.946885 0.321574 0
    outer loop
      vertex 67.7989 33.8618 1
      vertex 67.7358 33.676 0
      vertex 67.7358 33.676 1
    endloop
  endfacet
  facet normal 0.8969 0.442233 0
    outer loop
      vertex 6.55096 33.5 1
      vertex 6.46418 33.676 0
      vertex 6.46418 33.676 1
    endloop
  endfacet
  facet normal 0.8969 0.442233 0
    outer loop
      vertex 6.46418 33.676 0
      vertex 6.55096 33.5 1
      vertex 6.55096 33.5 0
    endloop
  endfacet
  facet normal -0.0652336 0.99787 0
    outer loop
      vertex 66.5458 32.7628 0
      vertex 66.35 32.75 1
      vertex 66.5458 32.7628 1
    endloop
  endfacet
  facet normal -0.0652336 0.99787 0
    outer loop
      vertex 66.35 32.75 1
      vertex 66.5458 32.7628 0
      vertex 66.35 32.75 0
    endloop
  endfacet
  facet normal 0.195195 -0.980764 0
    outer loop
      vertex 7.46177 51.1989 0
      vertex 7.65421 51.2372 1
      vertex 7.46177 51.1989 1
    endloop
  endfacet
  facet normal 0.195195 -0.980764 0
    outer loop
      vertex 7.65421 51.2372 1
      vertex 7.46177 51.1989 0
      vertex 7.65421 51.2372 0
    endloop
  endfacet
  facet normal 0.980766 -0.195185 0
    outer loop
      vertex 6.36283 49.9458 1
      vertex 6.40112 50.1382 0
      vertex 6.40112 50.1382 1
    endloop
  endfacet
  facet normal 0.980766 -0.195185 0
    outer loop
      vertex 6.40112 50.1382 0
      vertex 6.36283 49.9458 1
      vertex 6.36283 49.9458 0
    endloop
  endfacet
  facet normal 0.0652369 0.99787 -0
    outer loop
      vertex 7.85 32.75 0
      vertex 7.65421 32.7628 1
      vertex 7.85 32.75 1
    endloop
  endfacet
  facet normal 0.0652369 0.99787 0
    outer loop
      vertex 7.65421 32.7628 1
      vertex 7.85 32.75 0
      vertex 7.65421 32.7628 0
    endloop
  endfacet
  facet normal 0.442355 0.89684 -0
    outer loop
      vertex 7.27598 32.8642 0
      vertex 7.1 32.951 1
      vertex 7.27598 32.8642 1
    endloop
  endfacet
  facet normal 0.442355 0.89684 0
    outer loop
      vertex 7.1 32.951 1
      vertex 7.27598 32.8642 0
      vertex 7.1 32.951 0
    endloop
  endfacet
  facet normal -0.195234 -0.980757 0
    outer loop
      vertex 66.5458 51.2372 0
      vertex 66.7382 51.1989 1
      vertex 66.5458 51.2372 1
    endloop
  endfacet
  facet normal -0.195234 -0.980757 -0
    outer loop
      vertex 66.7382 51.1989 1
      vertex 66.5458 51.2372 0
      vertex 66.7382 51.1989 0
    endloop
  endfacet
  facet normal -0.321574 -0.946885 0
    outer loop
      vertex 66.7382 51.1989 0
      vertex 66.924 51.1358 1
      vertex 66.7382 51.1989 1
    endloop
  endfacet
  facet normal -0.321574 -0.946885 -0
    outer loop
      vertex 66.924 51.1358 1
      vertex 66.7382 51.1989 0
      vertex 66.924 51.1358 0
    endloop
  endfacet
  facet normal 0.442355 -0.89684 0
    outer loop
      vertex 7.1 51.049 0
      vertex 7.27598 51.1358 1
      vertex 7.1 51.049 1
    endloop
  endfacet
  facet normal 0.442355 -0.89684 0
    outer loop
      vertex 7.27598 51.1358 1
      vertex 7.1 51.049 0
      vertex 7.27598 51.1358 0
    endloop
  endfacet
  facet normal 0.831399 -0.555676 0
    outer loop
      vertex 6.55096 50.5 1
      vertex 6.65997 50.6631 0
      vertex 6.65997 50.6631 1
    endloop
  endfacet
  facet normal 0.831399 -0.555676 0
    outer loop
      vertex 6.65997 50.6631 0
      vertex 6.55096 50.5 1
      vertex 6.55096 50.5 0
    endloop
  endfacet
  facet normal 0.99786 0.0653858 0
    outer loop
      vertex 6.36283 34.0542 1
      vertex 6.35 34.25 0
      vertex 6.35 34.25 1
    endloop
  endfacet
  facet normal 0.99786 0.0653858 0
    outer loop
      vertex 6.35 34.25 0
      vertex 6.36283 34.0542 1
      vertex 6.36283 34.0542 0
    endloop
  endfacet
  facet normal 0.321589 -0.946879 0
    outer loop
      vertex 7.27598 51.1358 0
      vertex 7.46177 51.1989 1
      vertex 7.27598 51.1358 1
    endloop
  endfacet
  facet normal 0.321589 -0.946879 0
    outer loop
      vertex 7.46177 51.1989 1
      vertex 7.27598 51.1358 0
      vertex 7.46177 51.1989 0
    endloop
  endfacet
  facet normal 1 -0 0
    outer loop
      vertex 6.35 34.25 1
      vertex 6.35 49.75 0
      vertex 6.35 49.75 1
    endloop
  endfacet
  facet normal 1 0 0
    outer loop
      vertex 6.35 49.75 0
      vertex 6.35 34.25 1
      vertex 6.35 34.25 0
    endloop
  endfacet
  facet normal 0 1 -0
    outer loop
      vertex 66.35 32.75 0
      vertex 7.85 32.75 1
      vertex 66.35 32.75 1
    endloop
  endfacet
  facet normal 0 1 0
    outer loop
      vertex 7.85 32.75 1
      vertex 66.35 32.75 0
      vertex 7.85 32.75 0
    endloop
  endfacet
  facet normal 0 -1 0
    outer loop
      vertex 7.85 51.25 0
      vertex 66.35 51.25 1
      vertex 7.85 51.25 1
    endloop
  endfacet
  facet normal 0 -1 -0
    outer loop
      vertex 66.35 51.25 1
      vertex 7.85 51.25 0
      vertex 66.35 51.25 0
    endloop
  endfacet
  facet normal 0.555523 -0.831501 0
    outer loop
      vertex 6.93685 50.94 0
      vertex 7.1 51.049 1
      vertex 6.93685 50.94 1
    endloop
  endfacet
  facet normal 0.555523 -0.831501 0
    outer loop
      vertex 7.1 51.049 1
      vertex 6.93685 50.94 0
      vertex 7.1 51.049 0
    endloop
  endfacet
  facet normal -0.0652336 -0.99787 0
    outer loop
      vertex 66.35 51.25 0
      vertex 66.5458 51.2372 1
      vertex 66.35 51.25 1
    endloop
  endfacet
  facet normal -0.0652336 -0.99787 -0
    outer loop
      vertex 66.5458 51.2372 1
      vertex 66.35 51.25 0
      vertex 66.5458 51.2372 0
    endloop
  endfacet
  facet normal 0.0652369 -0.99787 0
    outer loop
      vertex 7.65421 51.2372 0
      vertex 7.85 51.25 1
      vertex 7.65421 51.2372 1
    endloop
  endfacet
  facet normal 0.0652369 -0.99787 0
    outer loop
      vertex 7.85 51.25 1
      vertex 7.65421 51.2372 0
      vertex 7.85 51.25 0
    endloop
  endfacet
  facet normal 0.831399 0.555676 0
    outer loop
      vertex 6.65997 33.3369 1
      vertex 6.55096 33.5 0
      vertex 6.55096 33.5 1
    endloop
  endfacet
  facet normal 0.831399 0.555676 0
    outer loop
      vertex 6.55096 33.5 0
      vertex 6.65997 33.3369 1
      vertex 6.65997 33.3369 0
    endloop
  endfacet
  facet normal 0.99786 -0.0653858 0
    outer loop
      vertex 6.35 49.75 1
      vertex 6.36283 49.9458 0
      vertex 6.36283 49.9458 1
    endloop
  endfacet
  facet normal 0.99786 -0.0653858 0
    outer loop
      vertex 6.36283 49.9458 0
      vertex 6.35 49.75 1
      vertex 6.35 49.75 0
    endloop
  endfacet
  facet normal 0.65919 0.751976 -0
    outer loop
      vertex 6.93685 33.06 0
      vertex 6.78935 33.1893 1
      vertex 6.93685 33.06 1
    endloop
  endfacet
  facet normal 0.65919 0.751976 0
    outer loop
      vertex 6.78935 33.1893 1
      vertex 6.93685 33.06 0
      vertex 6.78935 33.1893 0
    endloop
  endfacet
  facet normal -0.89686 0.442315 0
    outer loop
      vertex 67.649 33.5 0
      vertex 67.7358 33.676 1
      vertex 67.7358 33.676 0
    endloop
  endfacet
  facet normal -0.89686 0.442315 0
    outer loop
      vertex 67.7358 33.676 1
      vertex 67.649 33.5 0
      vertex 67.649 33.5 1
    endloop
  endfacet
  facet normal -0.752198 0.658937 0
    outer loop
      vertex 67.4107 33.1893 0
      vertex 67.54 33.3369 1
      vertex 67.54 33.3369 0
    endloop
  endfacet
  facet normal -0.752198 0.658937 0
    outer loop
      vertex 67.54 33.3369 1
      vertex 67.4107 33.1893 0
      vertex 67.4107 33.1893 1
    endloop
  endfacet
  facet normal 0.946947 0.321391 0
    outer loop
      vertex 6.46418 33.676 1
      vertex 6.40112 33.8618 0
      vertex 6.40112 33.8618 1
    endloop
  endfacet
  facet normal 0.946947 0.321391 0
    outer loop
      vertex 6.40112 33.8618 0
      vertex 6.46418 33.676 1
      vertex 6.46418 33.676 0
    endloop
  endfacet
  facet normal 0.751996 0.659168 0
    outer loop
      vertex 6.78935 33.1893 1
      vertex 6.65997 33.3369 0
      vertex 6.65997 33.3369 1
    endloop
  endfacet
  facet normal 0.751996 0.659168 0
    outer loop
      vertex 6.65997 33.3369 0
      vertex 6.78935 33.1893 1
      vertex 6.78935 33.1893 0
    endloop
  endfacet
  facet normal -1 0 0
    outer loop
      vertex 67.85 34.25 0
      vertex 67.85 49.75 1
      vertex 67.85 49.75 0
    endloop
  endfacet
  facet normal -1 -0 0
    outer loop
      vertex 67.85 49.75 1
      vertex 67.85 34.25 0
      vertex 67.85 34.25 1
    endloop
  endfacet
  facet normal -0.99787 0.0652336 0
    outer loop
      vertex 67.8372 34.0542 0
      vertex 67.85 34.25 1
      vertex 67.85 34.25 0
    endloop
  endfacet
  facet normal -0.99787 0.0652336 0
    outer loop
      vertex 67.85 34.25 1
      vertex 67.8372 34.0542 0
      vertex 67.8372 34.0542 1
    endloop
  endfacet
  facet normal -0.442315 -0.89686 0
    outer loop
      vertex 66.924 51.1358 0
      vertex 67.1 51.049 1
      vertex 66.924 51.1358 1
    endloop
  endfacet
  facet normal -0.442315 -0.89686 -0
    outer loop
      vertex 67.1 51.049 1
      vertex 66.924 51.1358 0
      vertex 67.1 51.049 0
    endloop
  endfacet
  facet normal -0.980757 0.195234 0
    outer loop
      vertex 67.7989 33.8618 0
      vertex 67.8372 34.0542 1
      vertex 67.8372 34.0542 0
    endloop
  endfacet
  facet normal -0.980757 0.195234 0
    outer loop
      vertex 67.8372 34.0542 1
      vertex 67.7989 33.8618 0
      vertex 67.7989 33.8618 1
    endloop
  endfacet
  facet normal 0.65919 -0.751976 0
    outer loop
      vertex 6.78935 50.8107 0
      vertex 6.93685 50.94 1
      vertex 6.78935 50.8107 1
    endloop
  endfacet
  facet normal 0.65919 -0.751976 0
    outer loop
      vertex 6.93685 50.94 1
      vertex 6.78935 50.8107 0
      vertex 6.93685 50.94 0
    endloop
  endfacet
  facet normal -0.442315 0.89686 0
    outer loop
      vertex 67.1 32.951 0
      vertex 66.924 32.8642 1
      vertex 67.1 32.951 1
    endloop
  endfacet
  facet normal -0.442315 0.89686 0
    outer loop
      vertex 66.924 32.8642 1
      vertex 67.1 32.951 0
      vertex 66.924 32.8642 0
    endloop
  endfacet
  facet normal 0.195195 0.980764 -0
    outer loop
      vertex 7.65421 32.7628 0
      vertex 7.46177 32.8011 1
      vertex 7.65421 32.7628 1
    endloop
  endfacet
  facet normal 0.195195 0.980764 0
    outer loop
      vertex 7.46177 32.8011 1
      vertex 7.65421 32.7628 0
      vertex 7.46177 32.8011 0
    endloop
  endfacet
  facet normal 0.946947 -0.321391 0
    outer loop
      vertex 6.40112 50.1382 1
      vertex 6.46418 50.324 0
      vertex 6.46418 50.324 1
    endloop
  endfacet
  facet normal 0.946947 -0.321391 0
    outer loop
      vertex 6.46418 50.324 0
      vertex 6.40112 50.1382 1
      vertex 6.40112 50.1382 0
    endloop
  endfacet
  facet normal 0.321589 0.946879 -0
    outer loop
      vertex 7.46177 32.8011 0
      vertex 7.27598 32.8642 1
      vertex 7.46177 32.8011 1
    endloop
  endfacet
  facet normal 0.321589 0.946879 0
    outer loop
      vertex 7.27598 32.8642 1
      vertex 7.46177 32.8011 0
      vertex 7.27598 32.8642 0
    endloop
  endfacet
  facet normal -0.555641 0.831422 0
    outer loop
      vertex 67.2631 33.06 0
      vertex 67.1 32.951 1
      vertex 67.2631 33.06 1
    endloop
  endfacet
  facet normal -0.555641 0.831422 0
    outer loop
      vertex 67.1 32.951 1
      vertex 67.2631 33.06 0
      vertex 67.1 32.951 0
    endloop
  endfacet
  facet normal -0.555641 -0.831422 0
    outer loop
      vertex 67.1 51.049 0
      vertex 67.2631 50.94 1
      vertex 67.1 51.049 1
    endloop
  endfacet
  facet normal -0.555641 -0.831422 -0
    outer loop
      vertex 67.2631 50.94 1
      vertex 67.1 51.049 0
      vertex 67.2631 50.94 0
    endloop
  endfacet
  facet normal 0.751996 -0.659168 0
    outer loop
      vertex 6.65997 50.6631 1
      vertex 6.78935 50.8107 0
      vertex 6.78935 50.8107 1
    endloop
  endfacet
  facet normal 0.751996 -0.659168 0
    outer loop
      vertex 6.78935 50.8107 0
      vertex 6.65997 50.6631 1
      vertex 6.65997 50.6631 0
    endloop
  endfacet
  facet normal 0.555523 0.831501 -0
    outer loop
      vertex 7.1 32.951 0
      vertex 6.93685 33.06 1
      vertex 7.1 32.951 1
    endloop
  endfacet
  facet normal 0.555523 0.831501 0
    outer loop
      vertex 6.93685 33.06 1
      vertex 7.1 32.951 0
      vertex 6.93685 33.06 0
    endloop
  endfacet
  facet normal -0.658937 -0.752198 0
    outer loop
      vertex 67.2631 50.94 0
      vertex 67.4107 50.8107 1
      vertex 67.2631 50.94 1
    endloop
  endfacet
  facet normal -0.658937 -0.752198 -0
    outer loop
      vertex 67.4107 50.8107 1
      vertex 67.2631 50.94 0
      vertex 67.4107 50.8107 0
    endloop
  endfacet
  facet normal 0.8969 -0.442233 0
    outer loop
      vertex 6.46418 50.324 1
      vertex 6.55096 50.5 0
      vertex 6.55096 50.5 1
    endloop
  endfacet
  facet normal 0.8969 -0.442233 0
    outer loop
      vertex 6.55096 50.5 0
      vertex 6.46418 50.324 1
      vertex 6.46418 50.324 0
    endloop
  endfacet
  facet normal 0.980766 0.195185 0
    outer loop
      vertex 6.40112 33.8618 1
      vertex 6.36283 34.0542 0
      vertex 6.36283 34.0542 1
    endloop
  endfacet
  facet normal 0.980766 0.195185 0
    outer loop
      vertex 6.36283 34.0542 0
      vertex 6.40112 33.8618 1
      vertex 6.40112 33.8618 0
    endloop
  endfacet
  facet normal 0 0 -1
    outer loop
      vertex 66.35 32.75 1
      vertex 67.85 34.25 1
      vertex 67.8372 34.0542 1
    endloop
  endfacet
  facet normal 0 0 -1
    outer loop
      vertex 67.85 34.25 1
      vertex 65.1 37 1
      vertex 67.85 49.75 1
    endloop
  endfacet
  facet normal 0 0 -1
    outer loop
      vertex 66.35 32.75 1
      vertex 67.8372 34.0542 1
      vertex 67.7989 33.8618 1
    endloop
  endfacet
  facet normal 0 0 -1
    outer loop
      vertex 65.1 47 1
      vertex 67.85 49.75 1
      vertex 65.1 37 1
    endloop
  endfacet
  facet normal 0 0 -1
    outer loop
      vertex 66.35 32.75 1
      vertex 67.7989 33.8618 1
      vertex 67.7358 33.676 1
    endloop
  endfacet
  facet normal 0 0 -1
    outer loop
      vertex 65.0872 47.1958 1
      vertex 67.85 49.75 1
      vertex 65.1 47 1
    endloop
  endfacet
  facet normal 0 0 -1
    outer loop
      vertex 66.35 32.75 1
      vertex 67.7358 33.676 1
      vertex 67.649 33.5 1
    endloop
  endfacet
  facet normal 0 0 -1
    outer loop
      vertex 65.0489 47.3882 1
      vertex 67.85 49.75 1
      vertex 65.0872 47.1958 1
    endloop
  endfacet
  facet normal 0 0 -1
    outer loop
      vertex 66.35 32.75 1
      vertex 67.649 33.5 1
      vertex 67.54 33.3369 1
    endloop
  endfacet
  facet normal 0 0 -1
    outer loop
      vertex 64.9858 47.574 1
      vertex 67.85 49.75 1
      vertex 65.0489 47.3882 1
    endloop
  endfacet
  facet normal 0 0 -1
    outer loop
      vertex 66.35 32.75 1
      vertex 67.54 33.3369 1
      vertex 67.4107 33.1893 1
    endloop
  endfacet
  facet normal 0 0 -1
    outer loop
      vertex 64.899 47.75 1
      vertex 67.85 49.75 1
      vertex 64.9858 47.574 1
    endloop
  endfacet
  facet normal 0 0 -1
    outer loop
      vertex 66.35 32.75 1
      vertex 67.4107 33.1893 1
      vertex 67.2631 33.06 1
    endloop
  endfacet
  facet normal 0 0 -1
    outer loop
      vertex 64.79 47.9131 1
      vertex 67.85 49.75 1
      vertex 64.899 47.75 1
    endloop
  endfacet
  facet normal 0 0 -1
    outer loop
      vertex 66.35 32.75 1
      vertex 67.2631 33.06 1
      vertex 67.1 32.951 1
    endloop
  endfacet
  facet normal 0 0 -1
    outer loop
      vertex 64.6607 48.0607 1
      vertex 67.85 49.75 1
      vertex 64.79 47.9131 1
    endloop
  endfacet
  facet normal 0 0 -1
    outer loop
      vertex 66.35 32.75 1
      vertex 67.1 32.951 1
      vertex 66.924 32.8642 1
    endloop
  endfacet
  facet normal 0 -0 -1
    outer loop
      vertex 66.35 51.25 1
      vertex 67.85 49.75 1
      vertex 64.6607 48.0607 1
    endloop
  endfacet
  facet normal 0 0 -1
    outer loop
      vertex 66.35 32.75 1
      vertex 66.924 32.8642 1
      vertex 66.7382 32.8011 1
    endloop
  endfacet
  facet normal 0 0 -1
    outer loop
      vertex 67.85 49.75 1
      vertex 66.35 51.25 1
      vertex 67.8372 49.9458 1
    endloop
  endfacet
  facet normal 0 0 -1
    outer loop
      vertex 66.35 32.75 1
      vertex 66.7382 32.8011 1
      vertex 66.5458 32.7628 1
    endloop
  endfacet
  facet normal 0 0 -1
    outer loop
      vertex 67.8372 49.9458 1
      vertex 66.35 51.25 1
      vertex 67.7989 50.1382 1
    endloop
  endfacet
  facet normal -0 0 -1
    outer loop
      vertex 67.85 34.25 1
      vertex 66.35 32.75 1
      vertex 64.6607 35.9393 1
    endloop
  endfacet
  facet normal 0 0 -1
    outer loop
      vertex 67.7989 50.1382 1
      vertex 66.35 51.25 1
      vertex 67.7358 50.324 1
    endloop
  endfacet
  facet normal 0 0 -1
    outer loop
      vertex 67.7358 50.324 1
      vertex 66.35 51.25 1
      vertex 67.649 50.5 1
    endloop
  endfacet
  facet normal 0 0 -1
    outer loop
      vertex 67.85 34.25 1
      vertex 65.0872 36.8042 1
      vertex 65.1 37 1
    endloop
  endfacet
  facet normal 0 0 -1
    outer loop
      vertex 67.85 34.25 1
      vertex 65.0489 36.6118 1
      vertex 65.0872 36.8042 1
    endloop
  endfacet
  facet normal 0 0 -1
    outer loop
      vertex 67.85 34.25 1
      vertex 64.9858 36.426 1
      vertex 65.0489 36.6118 1
    endloop
  endfacet
  facet normal 0 0 -1
    outer loop
      vertex 67.85 34.25 1
      vertex 64.899 36.25 1
      vertex 64.9858 36.426 1
    endloop
  endfacet
  facet normal 0 0 -1
    outer loop
      vertex 67.85 34.25 1
      vertex 64.79 36.0869 1
      vertex 64.899 36.25 1
    endloop
  endfacet
  facet normal 0 0 -1
    outer loop
      vertex 67.85 34.25 1
      vertex 64.6607 35.9393 1
      vertex 64.79 36.0869 1
    endloop
  endfacet
  facet normal 0 0 -1
    outer loop
      vertex 66.35 32.75 1
      vertex 64.5131 35.81 1
      vertex 64.6607 35.9393 1
    endloop
  endfacet
  facet normal 0 0 -1
    outer loop
      vertex 66.35 32.75 1
      vertex 64.35 35.701 1
      vertex 64.5131 35.81 1
    endloop
  endfacet
  facet normal 0 0 -1
    outer loop
      vertex 66.35 32.75 1
      vertex 64.174 35.6142 1
      vertex 64.35 35.701 1
    endloop
  endfacet
  facet normal 0 0 -1
    outer loop
      vertex 66.35 32.75 1
      vertex 63.9882 35.5511 1
      vertex 64.174 35.6142 1
    endloop
  endfacet
  facet normal 0 0 -1
    outer loop
      vertex 66.35 32.75 1
      vertex 63.7958 35.5128 1
      vertex 63.9882 35.5511 1
    endloop
  endfacet
  facet normal 0 0 -1
    outer loop
      vertex 66.35 32.75 1
      vertex 63.6 35.5 1
      vertex 63.7958 35.5128 1
    endloop
  endfacet
  facet normal 0 0 -1
    outer loop
      vertex 66.35 32.75 1
      vertex 10.6 35.5 1
      vertex 63.6 35.5 1
    endloop
  endfacet
  facet normal -0 0 -1
    outer loop
      vertex 9.11283 36.8042 1
      vertex 6.35 34.25 1
      vertex 9.1 37 1
    endloop
  endfacet
  facet normal -0 0 -1
    outer loop
      vertex 9.15112 36.6118 1
      vertex 6.35 34.25 1
      vertex 9.11283 36.8042 1
    endloop
  endfacet
  facet normal -0 0 -1
    outer loop
      vertex 9.21418 36.426 1
      vertex 6.35 34.25 1
      vertex 9.15112 36.6118 1
    endloop
  endfacet
  facet normal -0 0 -1
    outer loop
      vertex 9.30096 36.25 1
      vertex 6.35 34.25 1
      vertex 9.21418 36.426 1
    endloop
  endfacet
  facet normal -0 0 -1
    outer loop
      vertex 9.40997 36.0869 1
      vertex 6.35 34.25 1
      vertex 9.30096 36.25 1
    endloop
  endfacet
  facet normal -0 0 -1
    outer loop
      vertex 9.53935 35.9393 1
      vertex 6.35 34.25 1
      vertex 9.40997 36.0869 1
    endloop
  endfacet
  facet normal 0 0 -1
    outer loop
      vertex 6.35 34.25 1
      vertex 9.53935 35.9393 1
      vertex 7.85 32.75 1
    endloop
  endfacet
  facet normal -0 0 -1
    outer loop
      vertex 9.68685 35.81 1
      vertex 7.85 32.75 1
      vertex 9.53935 35.9393 1
    endloop
  endfacet
  facet normal -0 0 -1
    outer loop
      vertex 9.85 35.701 1
      vertex 7.85 32.75 1
      vertex 9.68685 35.81 1
    endloop
  endfacet
  facet normal -0 0 -1
    outer loop
      vertex 10.026 35.6142 1
      vertex 7.85 32.75 1
      vertex 9.85 35.701 1
    endloop
  endfacet
  facet normal -0 0 -1
    outer loop
      vertex 10.2118 35.5511 1
      vertex 7.85 32.75 1
      vertex 10.026 35.6142 1
    endloop
  endfacet
  facet normal -0 0 -1
    outer loop
      vertex 10.4042 35.5128 1
      vertex 7.85 32.75 1
      vertex 10.2118 35.5511 1
    endloop
  endfacet
  facet normal -0 0 -1
    outer loop
      vertex 10.6 35.5 1
      vertex 7.85 32.75 1
      vertex 10.4042 35.5128 1
    endloop
  endfacet
  facet normal 0 0 -1
    outer loop
      vertex 7.85 32.75 1
      vertex 10.6 35.5 1
      vertex 66.35 32.75 1
    endloop
  endfacet
  facet normal 0 0 -1
    outer loop
      vertex 67.649 50.5 1
      vertex 66.35 51.25 1
      vertex 67.54 50.6631 1
    endloop
  endfacet
  facet normal 0 0 -1
    outer loop
      vertex 67.4107 50.8107 1
      vertex 66.35 51.25 1
      vertex 67.2631 50.94 1
    endloop
  endfacet
  facet normal 0 0 -1
    outer loop
      vertex 67.2631 50.94 1
      vertex 66.35 51.25 1
      vertex 67.1 51.049 1
    endloop
  endfacet
  facet normal 0 0 -1
    outer loop
      vertex 67.1 51.049 1
      vertex 66.35 51.25 1
      vertex 66.924 51.1358 1
    endloop
  endfacet
  facet normal 0 0 -1
    outer loop
      vertex 66.924 51.1358 1
      vertex 66.35 51.25 1
      vertex 66.7382 51.1989 1
    endloop
  endfacet
  facet normal 0 0 -1
    outer loop
      vertex 66.7382 51.1989 1
      vertex 66.35 51.25 1
      vertex 66.5458 51.2372 1
    endloop
  endfacet
  facet normal 0 0 -1
    outer loop
      vertex 67.54 50.6631 1
      vertex 66.35 51.25 1
      vertex 67.4107 50.8107 1
    endloop
  endfacet
  facet normal 0 0 -1
    outer loop
      vertex 64.5131 48.19 1
      vertex 66.35 51.25 1
      vertex 64.6607 48.0607 1
    endloop
  endfacet
  facet normal 0 0 -1
    outer loop
      vertex 64.35 48.299 1
      vertex 66.35 51.25 1
      vertex 64.5131 48.19 1
    endloop
  endfacet
  facet normal 0 0 -1
    outer loop
      vertex 64.174 48.3858 1
      vertex 66.35 51.25 1
      vertex 64.35 48.299 1
    endloop
  endfacet
  facet normal 0 0 -1
    outer loop
      vertex 63.9882 48.4489 1
      vertex 66.35 51.25 1
      vertex 64.174 48.3858 1
    endloop
  endfacet
  facet normal 0 0 -1
    outer loop
      vertex 63.7958 48.4872 1
      vertex 66.35 51.25 1
      vertex 63.9882 48.4489 1
    endloop
  endfacet
  facet normal 0 0 -1
    outer loop
      vertex 63.6 48.5 1
      vertex 66.35 51.25 1
      vertex 63.7958 48.4872 1
    endloop
  endfacet
  facet normal 0 0 -1
    outer loop
      vertex 10.6 48.5 1
      vertex 66.35 51.25 1
      vertex 63.6 48.5 1
    endloop
  endfacet
  facet normal -0 0 -1
    outer loop
      vertex 9.1 37 1
      vertex 6.35 34.25 1
      vertex 9.1 47 1
    endloop
  endfacet
  facet normal 0 0 -1
    outer loop
      vertex 10.6 48.5 1
      vertex 7.85 51.25 1
      vertex 66.35 51.25 1
    endloop
  endfacet
  facet normal 0 0 -1
    outer loop
      vertex 10.4042 48.4872 1
      vertex 7.85 51.25 1
      vertex 10.6 48.5 1
    endloop
  endfacet
  facet normal 0 0 -1
    outer loop
      vertex 10.2118 48.4489 1
      vertex 7.85 51.25 1
      vertex 10.4042 48.4872 1
    endloop
  endfacet
  facet normal 0 0 -1
    outer loop
      vertex 10.026 48.3858 1
      vertex 7.85 51.25 1
      vertex 10.2118 48.4489 1
    endloop
  endfacet
  facet normal 0 0 -1
    outer loop
      vertex 9.85 48.299 1
      vertex 7.85 51.25 1
      vertex 10.026 48.3858 1
    endloop
  endfacet
  facet normal 0 0 -1
    outer loop
      vertex 9.68685 48.19 1
      vertex 7.85 51.25 1
      vertex 9.85 48.299 1
    endloop
  endfacet
  facet normal 0 0 -1
    outer loop
      vertex 9.53935 48.0607 1
      vertex 7.85 51.25 1
      vertex 9.68685 48.19 1
    endloop
  endfacet
  facet normal 0 0 -1
    outer loop
      vertex 6.35 49.75 1
      vertex 9.53935 48.0607 1
      vertex 9.40997 47.9131 1
    endloop
  endfacet
  facet normal 0 0 -1
    outer loop
      vertex 6.35 49.75 1
      vertex 9.40997 47.9131 1
      vertex 9.30096 47.75 1
    endloop
  endfacet
  facet normal 0 0 -1
    outer loop
      vertex 6.35 49.75 1
      vertex 9.30096 47.75 1
      vertex 9.21418 47.574 1
    endloop
  endfacet
  facet normal 0 0 -1
    outer loop
      vertex 6.35 49.75 1
      vertex 9.21418 47.574 1
      vertex 9.15112 47.3882 1
    endloop
  endfacet
  facet normal 0 0 -1
    outer loop
      vertex 6.35 49.75 1
      vertex 9.15112 47.3882 1
      vertex 9.11283 47.1958 1
    endloop
  endfacet
  facet normal 0 0 -1
    outer loop
      vertex 6.35 49.75 1
      vertex 9.1 47 1
      vertex 6.35 34.25 1
    endloop
  endfacet
  facet normal 0 0 -1
    outer loop
      vertex 6.35 34.25 1
      vertex 7.85 32.75 1
      vertex 7.65421 32.7628 1
    endloop
  endfacet
  facet normal 0 0 -1
    outer loop
      vertex 9.1 47 1
      vertex 6.35 49.75 1
      vertex 9.11283 47.1958 1
    endloop
  endfacet
  facet normal 0 0 -1
    outer loop
      vertex 6.35 34.25 1
      vertex 7.65421 32.7628 1
      vertex 7.46177 32.8011 1
    endloop
  endfacet
  facet normal 0 0 -1
    outer loop
      vertex 9.53935 48.0607 1
      vertex 6.35 49.75 1
      vertex 7.85 51.25 1
    endloop
  endfacet
  facet normal 0 0 -1
    outer loop
      vertex 6.35 34.25 1
      vertex 7.46177 32.8011 1
      vertex 7.27598 32.8642 1
    endloop
  endfacet
  facet normal 0 0 -1
    outer loop
      vertex 7.85 51.25 1
      vertex 6.35 49.75 1
      vertex 7.65421 51.2372 1
    endloop
  endfacet
  facet normal 0 0 -1
    outer loop
      vertex 6.35 34.25 1
      vertex 7.27598 32.8642 1
      vertex 7.1 32.951 1
    endloop
  endfacet
  facet normal 0 0 -1
    outer loop
      vertex 7.65421 51.2372 1
      vertex 6.35 49.75 1
      vertex 7.46177 51.1989 1
    endloop
  endfacet
  facet normal 0 0 -1
    outer loop
      vertex 6.35 34.25 1
      vertex 7.1 32.951 1
      vertex 6.93685 33.06 1
    endloop
  endfacet
  facet normal 0 0 -1
    outer loop
      vertex 7.46177 51.1989 1
      vertex 6.35 49.75 1
      vertex 7.27598 51.1358 1
    endloop
  endfacet
  facet normal 0 0 -1
    outer loop
      vertex 6.35 34.25 1
      vertex 6.93685 33.06 1
      vertex 6.78935 33.1893 1
    endloop
  endfacet
  facet normal 0 0 -1
    outer loop
      vertex 7.27598 51.1358 1
      vertex 6.35 49.75 1
      vertex 7.1 51.049 1
    endloop
  endfacet
  facet normal 0 0 -1
    outer loop
      vertex 6.35 34.25 1
      vertex 6.78935 33.1893 1
      vertex 6.65997 33.3369 1
    endloop
  endfacet
  facet normal 0 0 -1
    outer loop
      vertex 7.1 51.049 1
      vertex 6.35 49.75 1
      vertex 6.93685 50.94 1
    endloop
  endfacet
  facet normal 0 0 -1
    outer loop
      vertex 6.35 34.25 1
      vertex 6.65997 33.3369 1
      vertex 6.55096 33.5 1
    endloop
  endfacet
  facet normal 0 0 -1
    outer loop
      vertex 6.93685 50.94 1
      vertex 6.35 49.75 1
      vertex 6.78935 50.8107 1
    endloop
  endfacet
  facet normal 0 0 -1
    outer loop
      vertex 6.35 34.25 1
      vertex 6.55096 33.5 1
      vertex 6.46418 33.676 1
    endloop
  endfacet
  facet normal 0 0 -1
    outer loop
      vertex 6.78935 50.8107 1
      vertex 6.35 49.75 1
      vertex 6.65997 50.6631 1
    endloop
  endfacet
  facet normal 0 0 -1
    outer loop
      vertex 6.35 34.25 1
      vertex 6.46418 33.676 1
      vertex 6.40112 33.8618 1
    endloop
  endfacet
  facet normal 0 0 -1
    outer loop
      vertex 6.65997 50.6631 1
      vertex 6.35 49.75 1
      vertex 6.55096 50.5 1
    endloop
  endfacet
  facet normal 0 0 -1
    outer loop
      vertex 6.35 34.25 1
      vertex 6.40112 33.8618 1
      vertex 6.36283 34.0542 1
    endloop
  endfacet
  facet normal 0 0 -1
    outer loop
      vertex 6.55096 50.5 1
      vertex 6.35 49.75 1
      vertex 6.46418 50.324 1
    endloop
  endfacet
  facet normal 0 0 -1
    outer loop
      vertex 6.46418 50.324 1
      vertex 6.35 49.75 1
      vertex 6.40112 50.1382 1
    endloop
  endfacet
  facet normal 0 0 -1
    outer loop
      vertex 6.40112 50.1382 1
      vertex 6.35 49.75 1
      vertex 6.36283 49.9458 1
    endloop
  endfacet
  facet normal -0.980757 -0.195234 0
    outer loop
      vertex 67.8372 49.9458 0
      vertex 67.7989 50.1382 1
      vertex 67.7989 50.1382 0
    endloop
  endfacet
  facet normal -0.980757 -0.195234 0
    outer loop
      vertex 67.7989 50.1382 1
      vertex 67.8372 49.9458 0
      vertex 67.8372 49.9458 1
    endloop
  endfacet
  facet normal -0.195234 0.980757 0
    outer loop
      vertex 66.7382 32.8011 0
      vertex 66.5458 32.7628 1
      vertex 66.7382 32.8011 1
    endloop
  endfacet
  facet normal -0.195234 0.980757 0
    outer loop
      vertex 66.5458 32.7628 1
      vertex 66.7382 32.8011 0
      vertex 66.5458 32.7628 0
    endloop
  endfacet
  facet normal -0.946885 -0.321574 0
    outer loop
      vertex 67.7989 50.1382 0
      vertex 67.7358 50.324 1
      vertex 67.7358 50.324 0
    endloop
  endfacet
  facet normal -0.946885 -0.321574 0
    outer loop
      vertex 67.7358 50.324 1
      vertex 67.7989 50.1382 0
      vertex 67.7989 50.1382 1
    endloop
  endfacet
  facet normal -0.658937 0.752198 0
    outer loop
      vertex 67.4107 33.1893 0
      vertex 67.2631 33.06 1
      vertex 67.4107 33.1893 1
    endloop
  endfacet
  facet normal -0.658937 0.752198 0
    outer loop
      vertex 67.2631 33.06 1
      vertex 67.4107 33.1893 0
      vertex 67.2631 33.06 0
    endloop
  endfacet
  facet normal -0.99787 -0.0652336 0
    outer loop
      vertex 67.85 49.75 0
      vertex 67.8372 49.9458 1
      vertex 67.8372 49.9458 0
    endloop
  endfacet
  facet normal -0.99787 -0.0652336 0
    outer loop
      vertex 67.8372 49.9458 1
      vertex 67.85 49.75 0
      vertex 67.85 49.75 1
    endloop
  endfacet
  facet normal -0.831422 0.555641 0
    outer loop
      vertex 67.54 33.3369 0
      vertex 67.649 33.5 1
      vertex 67.649 33.5 0
    endloop
  endfacet
  facet normal -0.831422 0.555641 0
    outer loop
      vertex 67.649 33.5 1
      vertex 67.54 33.3369 0
      vertex 67.54 33.3369 1
    endloop
  endfacet
  facet normal -0.89686 -0.442315 0
    outer loop
      vertex 67.7358 50.324 0
      vertex 67.649 50.5 1
      vertex 67.649 50.5 0
    endloop
  endfacet
  facet normal -0.89686 -0.442315 0
    outer loop
      vertex 67.649 50.5 1
      vertex 67.7358 50.324 0
      vertex 67.7358 50.324 1
    endloop
  endfacet
  facet normal -0.321574 0.946885 0
    outer loop
      vertex 66.924 32.8642 0
      vertex 66.7382 32.8011 1
      vertex 66.924 32.8642 1
    endloop
  endfacet
  facet normal -0.321574 0.946885 0
    outer loop
      vertex 66.7382 32.8011 1
      vertex 66.924 32.8642 0
      vertex 66.7382 32.8011 0
    endloop
  endfacet
  facet normal -0.831422 -0.555641 0
    outer loop
      vertex 67.649 50.5 0
      vertex 67.54 50.6631 1
      vertex 67.54 50.6631 0
    endloop
  endfacet
  facet normal -0.831422 -0.555641 0
    outer loop
      vertex 67.54 50.6631 1
      vertex 67.649 50.5 0
      vertex 67.649 50.5 1
    endloop
  endfacet
  facet normal -0.752198 -0.658937 0
    outer loop
      vertex 67.54 50.6631 0
      vertex 67.4107 50.8107 1
      vertex 67.4107 50.8107 0
    endloop
  endfacet
  facet normal -0.752198 -0.658937 0
    outer loop
      vertex 67.4107 50.8107 1
      vertex 67.54 50.6631 0
      vertex 67.54 50.6631 1
    endloop
  endfacet
  facet normal 0.997857 -0.0654392 0
    outer loop
      vertex 77.75 42 2.4
      vertex 77.8035 42.8158 0
      vertex 77.8035 42.8158 2.4
    endloop
  endfacet
  facet normal 0.997857 -0.0654392 0
    outer loop
      vertex 77.8035 42.8158 0
      vertex 77.75 42 2.4
      vertex 77.75 42 0
    endloop
  endfacet
  facet normal -0.195105 0.980782 0
    outer loop
      vertex 85.6176 35.963 0
      vertex 84.8158 35.8035 2.4
      vertex 85.6176 35.963 2.4
    endloop
  endfacet
  facet normal -0.195105 0.980782 0
    outer loop
      vertex 84.8158 35.8035 2.4
      vertex 85.6176 35.963 0
      vertex 84.8158 35.8035 0
    endloop
  endfacet
  facet normal -0.980782 -0.195105 0
    outer loop
      vertex 90.1965 42.8158 0
      vertex 90.037 43.6176 2.4
      vertex 90.037 43.6176 0
    endloop
  endfacet
  facet normal -0.980782 -0.195105 0
    outer loop
      vertex 90.037 43.6176 2.4
      vertex 90.1965 42.8158 0
      vertex 90.1965 42.8158 2.4
    endloop
  endfacet
  facet normal -0.997857 -0.0654392 0
    outer loop
      vertex 90.25 42 0
      vertex 90.1965 42.8158 2.4
      vertex 90.1965 42.8158 0
    endloop
  endfacet
  facet normal -0.997857 -0.0654392 0
    outer loop
      vertex 90.1965 42.8158 2.4
      vertex 90.25 42 0
      vertex 90.25 42 2.4
    endloop
  endfacet
  facet normal 0.195105 0.980782 -0
    outer loop
      vertex 83.1842 35.8035 0
      vertex 82.3824 35.963 2.4
      vertex 83.1842 35.8035 2.4
    endloop
  endfacet
  facet normal 0.195105 0.980782 0
    outer loop
      vertex 82.3824 35.963 2.4
      vertex 83.1842 35.8035 0
      vertex 82.3824 35.963 0
    endloop
  endfacet
  facet normal -0.980782 0.195105 0
    outer loop
      vertex 90.037 40.3824 0
      vertex 90.1965 41.1842 2.4
      vertex 90.1965 41.1842 0
    endloop
  endfacet
  facet normal -0.980782 0.195105 0
    outer loop
      vertex 90.1965 41.1842 2.4
      vertex 90.037 40.3824 0
      vertex 90.037 40.3824 2.4
    endloop
  endfacet
  facet normal 0.751773 -0.659422 0
    outer loop
      vertex 79.0415 45.8048 2.4
      vertex 79.5806 46.4194 0
      vertex 79.5806 46.4194 2.4
    endloop
  endfacet
  facet normal 0.751773 -0.659422 0
    outer loop
      vertex 79.5806 46.4194 0
      vertex 79.0415 45.8048 2.4
      vertex 79.0415 45.8048 0
    endloop
  endfacet
  facet normal -0.321433 -0.946932 0
    outer loop
      vertex 85.6176 48.037 0
      vertex 86.3918 47.7742 2.4
      vertex 85.6176 48.037 2.4
    endloop
  endfacet
  facet normal -0.321433 -0.946932 -0
    outer loop
      vertex 86.3918 47.7742 2.4
      vertex 85.6176 48.037 0
      vertex 86.3918 47.7742 0
    endloop
  endfacet
  facet normal 0.321433 -0.946932 0
    outer loop
      vertex 81.6082 47.7742 0
      vertex 82.3824 48.037 2.4
      vertex 81.6082 47.7742 2.4
    endloop
  endfacet
  facet normal 0.321433 -0.946932 0
    outer loop
      vertex 82.3824 48.037 2.4
      vertex 81.6082 47.7742 0
      vertex 82.3824 48.037 0
    endloop
  endfacet
  facet normal -0.0654392 0.997857 0
    outer loop
      vertex 84.8158 35.8035 0
      vertex 84 35.75 2.4
      vertex 84.8158 35.8035 2.4
    endloop
  endfacet
  facet normal -0.0654392 0.997857 0
    outer loop
      vertex 84 35.75 2.4
      vertex 84.8158 35.8035 0
      vertex 84 35.75 0
    endloop
  endfacet
  facet normal -0.659422 -0.751773 0
    outer loop
      vertex 87.8048 46.9585 0
      vertex 88.4194 46.4194 2.4
      vertex 87.8048 46.9585 2.4
    endloop
  endfacet
  facet normal -0.659422 -0.751773 -0
    outer loop
      vertex 88.4194 46.4194 2.4
      vertex 87.8048 46.9585 0
      vertex 88.4194 46.4194 0
    endloop
  endfacet
  facet normal 0.896909 -0.442216 0
    outer loop
      vertex 78.2258 44.3918 2.4
      vertex 78.5873 45.125 0
      vertex 78.5873 45.125 2.4
    endloop
  endfacet
  facet normal 0.896909 -0.442216 0
    outer loop
      vertex 78.5873 45.125 0
      vertex 78.2258 44.3918 2.4
      vertex 78.2258 44.3918 0
    endloop
  endfacet
  facet normal -0.946932 0.321433 0
    outer loop
      vertex 89.7742 39.6082 0
      vertex 90.037 40.3824 2.4
      vertex 90.037 40.3824 0
    endloop
  endfacet
  facet normal -0.946932 0.321433 0
    outer loop
      vertex 90.037 40.3824 2.4
      vertex 89.7742 39.6082 0
      vertex 89.7742 39.6082 2.4
    endloop
  endfacet
  facet normal 0.980782 0.195105 0
    outer loop
      vertex 77.963 40.3824 2.4
      vertex 77.8035 41.1842 0
      vertex 77.8035 41.1842 2.4
    endloop
  endfacet
  facet normal 0.980782 0.195105 0
    outer loop
      vertex 77.8035 41.1842 0
      vertex 77.963 40.3824 2.4
      vertex 77.963 40.3824 0
    endloop
  endfacet
  facet normal -0.831485 0.555547 0
    outer loop
      vertex 88.9585 38.1952 0
      vertex 89.4127 38.875 2.4
      vertex 89.4127 38.875 0
    endloop
  endfacet
  facet normal -0.831485 0.555547 0
    outer loop
      vertex 89.4127 38.875 2.4
      vertex 88.9585 38.1952 0
      vertex 88.9585 38.1952 2.4
    endloop
  endfacet
  facet normal 0.555547 -0.831485 0
    outer loop
      vertex 80.1952 46.9585 0
      vertex 80.875 47.4127 2.4
      vertex 80.1952 46.9585 2.4
    endloop
  endfacet
  facet normal 0.555547 -0.831485 0
    outer loop
      vertex 80.875 47.4127 2.4
      vertex 80.1952 46.9585 0
      vertex 80.875 47.4127 0
    endloop
  endfacet
  facet normal 0.946932 0.321433 0
    outer loop
      vertex 78.2258 39.6082 2.4
      vertex 77.963 40.3824 0
      vertex 77.963 40.3824 2.4
    endloop
  endfacet
  facet normal 0.946932 0.321433 0
    outer loop
      vertex 77.963 40.3824 0
      vertex 78.2258 39.6082 2.4
      vertex 78.2258 39.6082 0
    endloop
  endfacet
  facet normal 0.0654392 0.997857 -0
    outer loop
      vertex 84 35.75 0
      vertex 83.1842 35.8035 2.4
      vertex 84 35.75 2.4
    endloop
  endfacet
  facet normal 0.0654392 0.997857 0
    outer loop
      vertex 83.1842 35.8035 2.4
      vertex 84 35.75 0
      vertex 83.1842 35.8035 0
    endloop
  endfacet
  facet normal 0.659422 -0.751773 0
    outer loop
      vertex 79.5806 46.4194 0
      vertex 80.1952 46.9585 2.4
      vertex 79.5806 46.4194 2.4
    endloop
  endfacet
  facet normal 0.659422 -0.751773 0
    outer loop
      vertex 80.1952 46.9585 2.4
      vertex 79.5806 46.4194 0
      vertex 80.1952 46.9585 0
    endloop
  endfacet
  facet normal -0.442216 -0.896909 0
    outer loop
      vertex 86.3918 47.7742 0
      vertex 87.125 47.4127 2.4
      vertex 86.3918 47.7742 2.4
    endloop
  endfacet
  facet normal -0.442216 -0.896909 -0
    outer loop
      vertex 87.125 47.4127 2.4
      vertex 86.3918 47.7742 0
      vertex 87.125 47.4127 0
    endloop
  endfacet
  facet normal -0.195105 -0.980782 0
    outer loop
      vertex 84.8158 48.1965 0
      vertex 85.6176 48.037 2.4
      vertex 84.8158 48.1965 2.4
    endloop
  endfacet
  facet normal -0.195105 -0.980782 -0
    outer loop
      vertex 85.6176 48.037 2.4
      vertex 84.8158 48.1965 0
      vertex 85.6176 48.037 0
    endloop
  endfacet
  facet normal -0.997857 0.0654392 0
    outer loop
      vertex 90.1965 41.1842 0
      vertex 90.25 42 2.4
      vertex 90.25 42 0
    endloop
  endfacet
  facet normal -0.997857 0.0654392 0
    outer loop
      vertex 90.25 42 2.4
      vertex 90.1965 41.1842 0
      vertex 90.1965 41.1842 2.4
    endloop
  endfacet
  facet normal 0.896909 0.442216 0
    outer loop
      vertex 78.5873 38.875 2.4
      vertex 78.2258 39.6082 0
      vertex 78.2258 39.6082 2.4
    endloop
  endfacet
  facet normal 0.896909 0.442216 0
    outer loop
      vertex 78.2258 39.6082 0
      vertex 78.5873 38.875 2.4
      vertex 78.5873 38.875 0
    endloop
  endfacet
  facet normal -0.555547 -0.831485 0
    outer loop
      vertex 87.125 47.4127 0
      vertex 87.8048 46.9585 2.4
      vertex 87.125 47.4127 2.4
    endloop
  endfacet
  facet normal -0.555547 -0.831485 -0
    outer loop
      vertex 87.8048 46.9585 2.4
      vertex 87.125 47.4127 0
      vertex 87.8048 46.9585 0
    endloop
  endfacet
  facet normal 0.321433 0.946932 -0
    outer loop
      vertex 82.3824 35.963 0
      vertex 81.6082 36.2258 2.4
      vertex 82.3824 35.963 2.4
    endloop
  endfacet
  facet normal 0.321433 0.946932 0
    outer loop
      vertex 81.6082 36.2258 2.4
      vertex 82.3824 35.963 0
      vertex 81.6082 36.2258 0
    endloop
  endfacet
  facet normal -0.659422 0.751773 0
    outer loop
      vertex 88.4194 37.5806 0
      vertex 87.8048 37.0415 2.4
      vertex 88.4194 37.5806 2.4
    endloop
  endfacet
  facet normal -0.659422 0.751773 0
    outer loop
      vertex 87.8048 37.0415 2.4
      vertex 88.4194 37.5806 0
      vertex 87.8048 37.0415 0
    endloop
  endfacet
  facet normal -0.831485 -0.555547 0
    outer loop
      vertex 89.4127 45.125 0
      vertex 88.9585 45.8048 2.4
      vertex 88.9585 45.8048 0
    endloop
  endfacet
  facet normal -0.831485 -0.555547 0
    outer loop
      vertex 88.9585 45.8048 2.4
      vertex 89.4127 45.125 0
      vertex 89.4127 45.125 2.4
    endloop
  endfacet
  facet normal 0.831485 0.555547 0
    outer loop
      vertex 79.0415 38.1952 2.4
      vertex 78.5873 38.875 0
      vertex 78.5873 38.875 2.4
    endloop
  endfacet
  facet normal 0.831485 0.555547 0
    outer loop
      vertex 78.5873 38.875 0
      vertex 79.0415 38.1952 2.4
      vertex 79.0415 38.1952 0
    endloop
  endfacet
  facet normal -0.555547 0.831485 0
    outer loop
      vertex 87.8048 37.0415 0
      vertex 87.125 36.5873 2.4
      vertex 87.8048 37.0415 2.4
    endloop
  endfacet
  facet normal -0.555547 0.831485 0
    outer loop
      vertex 87.125 36.5873 2.4
      vertex 87.8048 37.0415 0
      vertex 87.125 36.5873 0
    endloop
  endfacet
  facet normal 0.195105 -0.980782 0
    outer loop
      vertex 82.3824 48.037 0
      vertex 83.1842 48.1965 2.4
      vertex 82.3824 48.037 2.4
    endloop
  endfacet
  facet normal 0.195105 -0.980782 0
    outer loop
      vertex 83.1842 48.1965 2.4
      vertex 82.3824 48.037 0
      vertex 83.1842 48.1965 0
    endloop
  endfacet
  facet normal -0.896909 -0.442216 0
    outer loop
      vertex 89.7742 44.3918 0
      vertex 89.4127 45.125 2.4
      vertex 89.4127 45.125 0
    endloop
  endfacet
  facet normal -0.896909 -0.442216 0
    outer loop
      vertex 89.4127 45.125 2.4
      vertex 89.7742 44.3918 0
      vertex 89.7742 44.3918 2.4
    endloop
  endfacet
  facet normal 0.555547 0.831485 -0
    outer loop
      vertex 80.875 36.5873 0
      vertex 80.1952 37.0415 2.4
      vertex 80.875 36.5873 2.4
    endloop
  endfacet
  facet normal 0.555547 0.831485 0
    outer loop
      vertex 80.1952 37.0415 2.4
      vertex 80.875 36.5873 0
      vertex 80.1952 37.0415 0
    endloop
  endfacet
  facet normal 0.659422 0.751773 -0
    outer loop
      vertex 80.1952 37.0415 0
      vertex 79.5806 37.5806 2.4
      vertex 80.1952 37.0415 2.4
    endloop
  endfacet
  facet normal 0.659422 0.751773 0
    outer loop
      vertex 79.5806 37.5806 2.4
      vertex 80.1952 37.0415 0
      vertex 79.5806 37.5806 0
    endloop
  endfacet
  facet normal -0.751773 0.659422 0
    outer loop
      vertex 88.4194 37.5806 0
      vertex 88.9585 38.1952 2.4
      vertex 88.9585 38.1952 0
    endloop
  endfacet
  facet normal -0.751773 0.659422 0
    outer loop
      vertex 88.9585 38.1952 2.4
      vertex 88.4194 37.5806 0
      vertex 88.4194 37.5806 2.4
    endloop
  endfacet
  facet normal 0.997857 0.0654392 0
    outer loop
      vertex 77.8035 41.1842 2.4
      vertex 77.75 42 0
      vertex 77.75 42 2.4
    endloop
  endfacet
  facet normal 0.997857 0.0654392 0
    outer loop
      vertex 77.75 42 0
      vertex 77.8035 41.1842 2.4
      vertex 77.8035 41.1842 0
    endloop
  endfacet
  facet normal -0.896909 0.442216 0
    outer loop
      vertex 89.4127 38.875 0
      vertex 89.7742 39.6082 2.4
      vertex 89.7742 39.6082 0
    endloop
  endfacet
  facet normal -0.896909 0.442216 0
    outer loop
      vertex 89.7742 39.6082 2.4
      vertex 89.4127 38.875 0
      vertex 89.4127 38.875 2.4
    endloop
  endfacet
  facet normal -0.442216 0.896909 0
    outer loop
      vertex 87.125 36.5873 0
      vertex 86.3918 36.2258 2.4
      vertex 87.125 36.5873 2.4
    endloop
  endfacet
  facet normal -0.442216 0.896909 0
    outer loop
      vertex 86.3918 36.2258 2.4
      vertex 87.125 36.5873 0
      vertex 86.3918 36.2258 0
    endloop
  endfacet
  facet normal 0.751773 0.659422 0
    outer loop
      vertex 79.5806 37.5806 2.4
      vertex 79.0415 38.1952 0
      vertex 79.0415 38.1952 2.4
    endloop
  endfacet
  facet normal 0.751773 0.659422 0
    outer loop
      vertex 79.0415 38.1952 0
      vertex 79.5806 37.5806 2.4
      vertex 79.5806 37.5806 0
    endloop
  endfacet
  facet normal 0.980782 -0.195105 0
    outer loop
      vertex 77.8035 42.8158 2.4
      vertex 77.963 43.6176 0
      vertex 77.963 43.6176 2.4
    endloop
  endfacet
  facet normal 0.980782 -0.195105 0
    outer loop
      vertex 77.963 43.6176 0
      vertex 77.8035 42.8158 2.4
      vertex 77.8035 42.8158 0
    endloop
  endfacet
  facet normal -0.751773 -0.659422 0
    outer loop
      vertex 88.9585 45.8048 0
      vertex 88.4194 46.4194 2.4
      vertex 88.4194 46.4194 0
    endloop
  endfacet
  facet normal -0.751773 -0.659422 0
    outer loop
      vertex 88.4194 46.4194 2.4
      vertex 88.9585 45.8048 0
      vertex 88.9585 45.8048 2.4
    endloop
  endfacet
  facet normal 0.831485 -0.555547 0
    outer loop
      vertex 78.5873 45.125 2.4
      vertex 79.0415 45.8048 0
      vertex 79.0415 45.8048 2.4
    endloop
  endfacet
  facet normal 0.831485 -0.555547 0
    outer loop
      vertex 79.0415 45.8048 0
      vertex 78.5873 45.125 2.4
      vertex 78.5873 45.125 0
    endloop
  endfacet
  facet normal 0.442216 0.896909 -0
    outer loop
      vertex 81.6082 36.2258 0
      vertex 80.875 36.5873 2.4
      vertex 81.6082 36.2258 2.4
    endloop
  endfacet
  facet normal 0.442216 0.896909 0
    outer loop
      vertex 80.875 36.5873 2.4
      vertex 81.6082 36.2258 0
      vertex 80.875 36.5873 0
    endloop
  endfacet
  facet normal -0.946932 -0.321433 0
    outer loop
      vertex 90.037 43.6176 0
      vertex 89.7742 44.3918 2.4
      vertex 89.7742 44.3918 0
    endloop
  endfacet
  facet normal -0.946932 -0.321433 0
    outer loop
      vertex 89.7742 44.3918 2.4
      vertex 90.037 43.6176 0
      vertex 90.037 43.6176 2.4
    endloop
  endfacet
  facet normal 0.442216 -0.896909 0
    outer loop
      vertex 80.875 47.4127 0
      vertex 81.6082 47.7742 2.4
      vertex 80.875 47.4127 2.4
    endloop
  endfacet
  facet normal 0.442216 -0.896909 0
    outer loop
      vertex 81.6082 47.7742 2.4
      vertex 80.875 47.4127 0
      vertex 81.6082 47.7742 0
    endloop
  endfacet
  facet normal -0.0654392 -0.997857 0
    outer loop
      vertex 84 48.25 0
      vertex 84.8158 48.1965 2.4
      vertex 84 48.25 2.4
    endloop
  endfacet
  facet normal -0.0654392 -0.997857 -0
    outer loop
      vertex 84.8158 48.1965 2.4
      vertex 84 48.25 0
      vertex 84.8158 48.1965 0
    endloop
  endfacet
  facet normal -0.321433 0.946932 0
    outer loop
      vertex 86.3918 36.2258 0
      vertex 85.6176 35.963 2.4
      vertex 86.3918 36.2258 2.4
    endloop
  endfacet
  facet normal -0.321433 0.946932 0
    outer loop
      vertex 85.6176 35.963 2.4
      vertex 86.3918 36.2258 0
      vertex 85.6176 35.963 0
    endloop
  endfacet
  facet normal 0.0654392 -0.997857 0
    outer loop
      vertex 83.1842 48.1965 0
      vertex 84 48.25 2.4
      vertex 83.1842 48.1965 2.4
    endloop
  endfacet
  facet normal 0.0654392 -0.997857 0
    outer loop
      vertex 84 48.25 2.4
      vertex 83.1842 48.1965 0
      vertex 84 48.25 0
    endloop
  endfacet
  facet normal 0.946932 -0.321433 0
    outer loop
      vertex 77.963 43.6176 2.4
      vertex 78.2258 44.3918 0
      vertex 78.2258 44.3918 2.4
    endloop
  endfacet
  facet normal 0.946932 -0.321433 0
    outer loop
      vertex 78.2258 44.3918 0
      vertex 77.963 43.6176 2.4
      vertex 77.963 43.6176 0
    endloop
  endfacet
  facet normal -0.0466081 0.710695 0.701955
    outer loop
      vertex 84.9189 35.0201 3.2
      vertex 84.8158 35.8035 2.4
      vertex 84.0101 34.9605 3.2
    endloop
  endfacet
  facet normal 0.674456 -0.228885 0.70194
    outer loop
      vertex 77.963 43.6176 2.4
      vertex 77.4925 44.6846 3.2
      vertex 77.1998 43.8221 3.2
    endloop
  endfacet
  facet normal -0.138957 -0.698538 0.701951
    outer loop
      vertex 85.8122 48.8022 3.2
      vertex 84.9189 48.9799 3.2
      vertex 84.8158 48.1965 2.4
    endloop
  endfacet
  facet normal -0.710725 -0.0465318 0.70193
    outer loop
      vertex 91.0401 42 3.2
      vertex 90.9806 42.9088 3.2
      vertex 90.25 42 2.4
    endloop
  endfacet
  facet normal -0.710435 -0.049238 0.702039
    outer loop
      vertex 90.1965 42.8158 2.4
      vertex 90.9806 42.9088 3.2
      vertex 90.9799 42.9189 3.2
    endloop
  endfacet
  facet normal -0.710678 -0.0466061 0.701972
    outer loop
      vertex 90.9806 42.9088 3.2
      vertex 90.1965 42.8158 2.4
      vertex 90.25 42 2.4
    endloop
  endfacet
  facet normal 0.698538 0.138957 0.701951
    outer loop
      vertex 77.1978 40.1878 3.2
      vertex 77.8035 41.1842 2.4
      vertex 77.0201 41.0811 3.2
    endloop
  endfacet
  facet normal 0.049727 -0.710386 0.702054
    outer loop
      vertex 83.1842 48.1965 2.4
      vertex 83.0911 48.9806 3.2
      vertex 83.0811 48.9799 3.2
    endloop
  endfacet
  facet normal 0.046606 -0.710675 0.701975
    outer loop
      vertex 83.0911 48.9806 3.2
      vertex 83.1842 48.1965 2.4
      vertex 84 48.25 2.4
    endloop
  endfacet
  facet normal 0.228885 0.674456 0.70194
    outer loop
      vertex 82.1779 35.1998 3.2
      vertex 82.3824 35.963 2.4
      vertex 81.3154 35.4925 3.2
    endloop
  endfacet
  facet normal -0.641069 0.309967 0.702104
    outer loop
      vertex 89.7742 39.6082 2.4
      vertex 90.4998 39.2968 3.2
      vertex 90.5042 39.3059 3.2
    endloop
  endfacet
  facet normal -0.638784 0.314949 0.701971
    outer loop
      vertex 90.4998 39.2968 3.2
      vertex 89.7742 39.6082 2.4
      vertex 89.4127 38.875 2.4
    endloop
  endfacet
  facet normal -0.534727 0.47056 0.701883
    outer loop
      vertex 88.9585 38.1952 2.4
      vertex 89.5787 37.7067 3.2
      vertex 89.5853 37.7142 3.2
    endloop
  endfacet
  facet normal -0.535459 0.469681 0.701914
    outer loop
      vertex 89.5787 37.7067 3.2
      vertex 88.9585 38.1952 2.4
      vertex 88.4194 37.5806 2.4
    endloop
  endfacet
  facet normal 0.535459 0.469681 0.701914
    outer loop
      vertex 79.0415 38.1952 2.4
      vertex 78.4213 37.7067 3.2
      vertex 79.5806 37.5806 2.4
    endloop
  endfacet
  facet normal 0.534727 0.47056 0.701883
    outer loop
      vertex 78.4213 37.7067 3.2
      vertex 79.0415 38.1952 2.4
      vertex 78.4147 37.7142 3.2
    endloop
  endfacet
  facet normal 0.228927 0.674411 0.70197
    outer loop
      vertex 81.6082 36.2258 2.4
      vertex 81.3154 35.4925 3.2
      vertex 82.3824 35.963 2.4
    endloop
  endfacet
  facet normal 0.23366 0.672657 0.702094
    outer loop
      vertex 81.3154 35.4925 3.2
      vertex 81.6082 36.2258 2.4
      vertex 81.3059 35.4958 3.2
    endloop
  endfacet
  facet normal 0.535459 -0.469681 0.701914
    outer loop
      vertex 78.4213 46.2933 3.2
      vertex 79.0415 45.8048 2.4
      vertex 79.5806 46.4194 2.4
    endloop
  endfacet
  facet normal 0.534727 -0.47056 0.701883
    outer loop
      vertex 79.0415 45.8048 2.4
      vertex 78.4213 46.2933 3.2
      vertex 78.4147 46.2858 3.2
    endloop
  endfacet
  facet normal 0.710861 0.0422294 0.702064
    outer loop
      vertex 76.9605 41.9899 3.2
      vertex 77.75 42 2.4
      vertex 76.9599 42 3.2
    endloop
  endfacet
  facet normal 0.710695 0.0466072 0.701955
    outer loop
      vertex 77.75 42 2.4
      vertex 76.9605 41.9899 3.2
      vertex 77.8035 41.1842 2.4
    endloop
  endfacet
  facet normal 0.315054 0.638787 0.70192
    outer loop
      vertex 81.2968 35.5002 3.2
      vertex 80.875 36.5873 2.4
      vertex 80.4799 35.9031 3.2
    endloop
  endfacet
  facet normal 0.3957 -0.592221 0.701923
    outer loop
      vertex 80.875 47.4127 2.4
      vertex 80.4799 48.0969 3.2
      vertex 79.7226 47.5909 3.2
    endloop
  endfacet
  facet normal -0.47056 -0.534727 0.701883
    outer loop
      vertex 87.8048 46.9585 2.4
      vertex 88.2933 47.5787 3.2
      vertex 88.2858 47.5853 3.2
    endloop
  endfacet
  facet normal -0.469681 -0.535459 0.701914
    outer loop
      vertex 88.2933 47.5787 3.2
      vertex 87.8048 46.9585 2.4
      vertex 88.4194 46.4194 2.4
    endloop
  endfacet
  facet normal 0.47056 0.534727 0.701883
    outer loop
      vertex 80.1952 37.0415 2.4
      vertex 79.7067 36.4213 3.2
      vertex 79.7142 36.4147 3.2
    endloop
  endfacet
  facet normal 0.469681 0.535459 0.701914
    outer loop
      vertex 79.7067 36.4213 3.2
      vertex 80.1952 37.0415 2.4
      vertex 79.5806 37.5806 2.4
    endloop
  endfacet
  facet normal -0.315054 0.638787 0.70192
    outer loop
      vertex 87.5201 35.9031 3.2
      vertex 87.125 36.5873 2.4
      vertex 86.7032 35.5002 3.2
    endloop
  endfacet
  facet normal -0.309967 -0.641069 0.702104
    outer loop
      vertex 86.3918 47.7742 2.4
      vertex 86.7032 48.4998 3.2
      vertex 86.6941 48.5042 3.2
    endloop
  endfacet
  facet normal -0.314949 -0.638784 0.701971
    outer loop
      vertex 86.7032 48.4998 3.2
      vertex 86.3918 47.7742 2.4
      vertex 87.125 47.4127 2.4
    endloop
  endfacet
  facet normal 0.698537 0.138958 0.701952
    outer loop
      vertex 77.1978 40.1878 3.2
      vertex 77.963 40.3824 2.4
      vertex 77.8035 41.1842 2.4
    endloop
  endfacet
  facet normal 0.698068 0.141024 0.702006
    outer loop
      vertex 77.963 40.3824 2.4
      vertex 77.1978 40.1878 3.2
      vertex 77.1998 40.1779 3.2
    endloop
  endfacet
  facet normal -0.535471 -0.469632 0.701938
    outer loop
      vertex 89.5787 46.2933 3.2
      vertex 88.9781 46.9781 3.2
      vertex 88.4194 46.4194 2.4
    endloop
  endfacet
  facet normal 0.592221 -0.3957 0.701923
    outer loop
      vertex 78.5873 45.125 2.4
      vertex 78.4091 46.2774 3.2
      vertex 77.9031 45.5201 3.2
    endloop
  endfacet
  facet normal 0.3957 0.592221 0.701923
    outer loop
      vertex 80.4799 35.9031 3.2
      vertex 80.875 36.5873 2.4
      vertex 79.7226 36.4091 3.2
    endloop
  endfacet
  facet normal -0.469681 0.535459 0.701914
    outer loop
      vertex 87.8048 37.0415 2.4
      vertex 88.2933 36.4213 3.2
      vertex 88.4194 37.5806 2.4
    endloop
  endfacet
  facet normal -0.47056 0.534727 0.701883
    outer loop
      vertex 88.2933 36.4213 3.2
      vertex 87.8048 37.0415 2.4
      vertex 88.2858 36.4147 3.2
    endloop
  endfacet
  facet normal 0.638784 0.314949 0.701971
    outer loop
      vertex 78.2258 39.6082 2.4
      vertex 77.5002 39.2968 3.2
      vertex 78.5873 38.875 2.4
    endloop
  endfacet
  facet normal 0.641069 0.309967 0.702104
    outer loop
      vertex 77.5002 39.2968 3.2
      vertex 78.2258 39.6082 2.4
      vertex 77.4958 39.3059 3.2
    endloop
  endfacet
  facet normal -0.228885 -0.674456 0.70194
    outer loop
      vertex 86.6846 48.5075 3.2
      vertex 85.8221 48.8002 3.2
      vertex 85.6176 48.037 2.4
    endloop
  endfacet
  facet normal -0.710675 0.046606 0.701975
    outer loop
      vertex 90.1965 41.1842 2.4
      vertex 90.9806 41.0911 3.2
      vertex 90.25 42 2.4
    endloop
  endfacet
  facet normal -0.710386 0.049727 0.702054
    outer loop
      vertex 90.9806 41.0911 3.2
      vertex 90.1965 41.1842 2.4
      vertex 90.9799 41.0811 3.2
    endloop
  endfacet
  facet normal 0.592221 0.3957 0.701923
    outer loop
      vertex 78.4091 37.7226 3.2
      vertex 78.5873 38.875 2.4
      vertex 77.9031 38.4799 3.2
    endloop
  endfacet
  facet normal -0.638787 0.315054 0.70192
    outer loop
      vertex 90.0969 38.4799 3.2
      vertex 90.4998 39.2968 3.2
      vertex 89.4127 38.875 2.4
    endloop
  endfacet
  facet normal -0.710725 0.0465267 0.70193
    outer loop
      vertex 90.9806 41.0911 3.2
      vertex 91.0401 42 3.2
      vertex 90.25 42 2.4
    endloop
  endfacet
  facet normal -0.698537 0.138958 0.701952
    outer loop
      vertex 90.037 40.3824 2.4
      vertex 90.8022 40.1878 3.2
      vertex 90.1965 41.1842 2.4
    endloop
  endfacet
  facet normal -0.698068 0.141024 0.702006
    outer loop
      vertex 90.8022 40.1878 3.2
      vertex 90.037 40.3824 2.4
      vertex 90.8002 40.1779 3.2
    endloop
  endfacet
  facet normal 0.138957 -0.698538 0.701951
    outer loop
      vertex 83.1842 48.1965 2.4
      vertex 83.0811 48.9799 3.2
      vertex 82.1878 48.8022 3.2
    endloop
  endfacet
  facet normal 0.638787 0.315054 0.70192
    outer loop
      vertex 77.9031 38.4799 3.2
      vertex 78.5873 38.875 2.4
      vertex 77.5002 39.2968 3.2
    endloop
  endfacet
  facet normal -0.228885 0.674456 0.70194
    outer loop
      vertex 85.8221 35.1998 3.2
      vertex 86.6846 35.4925 3.2
      vertex 85.6176 35.963 2.4
    endloop
  endfacet
  facet normal 0.395693 -0.592233 0.701916
    outer loop
      vertex 79.7226 47.5909 3.2
      vertex 80.1952 46.9585 2.4
      vertex 80.875 47.4127 2.4
    endloop
  endfacet
  facet normal 0.395101 -0.592652 0.701897
    outer loop
      vertex 80.1952 46.9585 2.4
      vertex 79.7226 47.5909 3.2
      vertex 79.7142 47.5853 3.2
    endloop
  endfacet
  facet normal -0.3957 0.592221 0.701923
    outer loop
      vertex 87.5201 35.9031 3.2
      vertex 88.2774 36.4091 3.2
      vertex 87.125 36.5873 2.4
    endloop
  endfacet
  facet normal 0.138958 0.698537 0.701952
    outer loop
      vertex 82.3824 35.963 2.4
      vertex 82.1878 35.1978 3.2
      vertex 83.1842 35.8035 2.4
    endloop
  endfacet
  facet normal 0.141024 0.698068 0.702006
    outer loop
      vertex 82.1878 35.1978 3.2
      vertex 82.3824 35.963 2.4
      vertex 82.1779 35.1998 3.2
    endloop
  endfacet
  facet normal -0.138957 0.698538 0.701951
    outer loop
      vertex 84.9189 35.0201 3.2
      vertex 85.8122 35.1978 3.2
      vertex 84.8158 35.8035 2.4
    endloop
  endfacet
  facet normal 0.698068 -0.141024 0.702006
    outer loop
      vertex 77.1978 43.8122 3.2
      vertex 77.963 43.6176 2.4
      vertex 77.1998 43.8221 3.2
    endloop
  endfacet
  facet normal 0.698537 -0.138958 0.701952
    outer loop
      vertex 77.963 43.6176 2.4
      vertex 77.1978 43.8122 3.2
      vertex 77.8035 42.8158 2.4
    endloop
  endfacet
  facet normal 0.638787 -0.315054 0.70192
    outer loop
      vertex 78.5873 45.125 2.4
      vertex 77.9031 45.5201 3.2
      vertex 77.5002 44.7032 3.2
    endloop
  endfacet
  facet normal 0.592652 -0.395101 0.701897
    outer loop
      vertex 78.4091 46.2774 3.2
      vertex 79.0415 45.8048 2.4
      vertex 78.4147 46.2858 3.2
    endloop
  endfacet
  facet normal 0.592233 -0.395693 0.701916
    outer loop
      vertex 79.0415 45.8048 2.4
      vertex 78.4091 46.2774 3.2
      vertex 78.5873 45.125 2.4
    endloop
  endfacet
  facet normal 0.138957 0.698538 0.701951
    outer loop
      vertex 83.0811 35.0201 3.2
      vertex 83.1842 35.8035 2.4
      vertex 82.1878 35.1978 3.2
    endloop
  endfacet
  facet normal 0.47056 -0.534727 0.701883
    outer loop
      vertex 79.7067 47.5787 3.2
      vertex 80.1952 46.9585 2.4
      vertex 79.7142 47.5853 3.2
    endloop
  endfacet
  facet normal 0.469681 -0.535459 0.701914
    outer loop
      vertex 80.1952 46.9585 2.4
      vertex 79.7067 47.5787 3.2
      vertex 79.5806 46.4194 2.4
    endloop
  endfacet
  facet normal -0.469632 0.535471 0.701938
    outer loop
      vertex 88.9781 37.0219 3.2
      vertex 88.4194 37.5806 2.4
      vertex 88.2933 36.4213 3.2
    endloop
  endfacet
  facet normal -0.535471 0.469632 0.701938
    outer loop
      vertex 88.9781 37.0219 3.2
      vertex 89.5787 37.7067 3.2
      vertex 88.4194 37.5806 2.4
    endloop
  endfacet
  facet normal 0.469632 0.535471 0.701938
    outer loop
      vertex 79.7067 36.4213 3.2
      vertex 79.5806 37.5806 2.4
      vertex 79.0219 37.0219 3.2
    endloop
  endfacet
  facet normal -0.592221 0.3957 0.701923
    outer loop
      vertex 89.5909 37.7226 3.2
      vertex 90.0969 38.4799 3.2
      vertex 89.4127 38.875 2.4
    endloop
  endfacet
  facet normal 0.710695 -0.0466081 0.701955
    outer loop
      vertex 77.8035 42.8158 2.4
      vertex 77.0201 42.9189 3.2
      vertex 76.9605 42.0101 3.2
    endloop
  endfacet
  facet normal -0.674456 0.228885 0.70194
    outer loop
      vertex 90.5075 39.3154 3.2
      vertex 90.8002 40.1779 3.2
      vertex 90.037 40.3824 2.4
    endloop
  endfacet
  facet normal -0.0465267 -0.710725 0.70193
    outer loop
      vertex 84.9089 48.9806 3.2
      vertex 84 49.0401 3.2
      vertex 84 48.25 2.4
    endloop
  endfacet
  facet normal -0.23366 0.672657 0.702094
    outer loop
      vertex 86.3918 36.2258 2.4
      vertex 86.6846 35.4925 3.2
      vertex 86.6941 35.4958 3.2
    endloop
  endfacet
  facet normal -0.228927 0.674411 0.70197
    outer loop
      vertex 86.6846 35.4925 3.2
      vertex 86.3918 36.2258 2.4
      vertex 85.6176 35.963 2.4
    endloop
  endfacet
  facet normal 0.592233 0.395693 0.701916
    outer loop
      vertex 78.4091 37.7226 3.2
      vertex 79.0415 38.1952 2.4
      vertex 78.5873 38.875 2.4
    endloop
  endfacet
  facet normal 0.592652 0.395101 0.701897
    outer loop
      vertex 79.0415 38.1952 2.4
      vertex 78.4091 37.7226 3.2
      vertex 78.4147 37.7142 3.2
    endloop
  endfacet
  facet normal 0.395693 0.592233 0.701916
    outer loop
      vertex 80.1952 37.0415 2.4
      vertex 79.7226 36.4091 3.2
      vertex 80.875 36.5873 2.4
    endloop
  endfacet
  facet normal 0.395101 0.592652 0.701897
    outer loop
      vertex 79.7226 36.4091 3.2
      vertex 80.1952 37.0415 2.4
      vertex 79.7142 36.4147 3.2
    endloop
  endfacet
  facet normal 0.698538 -0.138957 0.701951
    outer loop
      vertex 77.8035 42.8158 2.4
      vertex 77.1978 43.8122 3.2
      vertex 77.0201 42.9189 3.2
    endloop
  endfacet
  facet normal -0.23366 -0.672657 0.702094
    outer loop
      vertex 86.6846 48.5075 3.2
      vertex 86.3918 47.7742 2.4
      vertex 86.6941 48.5042 3.2
    endloop
  endfacet
  facet normal -0.228927 -0.674411 0.70197
    outer loop
      vertex 86.3918 47.7742 2.4
      vertex 86.6846 48.5075 3.2
      vertex 85.6176 48.037 2.4
    endloop
  endfacet
  facet normal -0.698538 -0.138957 0.701951
    outer loop
      vertex 90.9799 42.9189 3.2
      vertex 90.8022 43.8122 3.2
      vertex 90.1965 42.8158 2.4
    endloop
  endfacet
  facet normal 0.710861 -0.0422294 0.702064
    outer loop
      vertex 77.75 42 2.4
      vertex 76.9605 42.0101 3.2
      vertex 76.9599 42 3.2
    endloop
  endfacet
  facet normal 0.710695 -0.0466072 0.701955
    outer loop
      vertex 76.9605 42.0101 3.2
      vertex 77.75 42 2.4
      vertex 77.8035 42.8158 2.4
    endloop
  endfacet
  facet normal 0.0466081 0.710695 0.701955
    outer loop
      vertex 83.9899 34.9605 3.2
      vertex 83.1842 35.8035 2.4
      vertex 83.0811 35.0201 3.2
    endloop
  endfacet
  facet normal -0.592221 -0.3957 0.701923
    outer loop
      vertex 90.0969 45.5201 3.2
      vertex 89.5909 46.2774 3.2
      vertex 89.4127 45.125 2.4
    endloop
  endfacet
  facet normal -0.141024 0.698068 0.702006
    outer loop
      vertex 85.6176 35.963 2.4
      vertex 85.8122 35.1978 3.2
      vertex 85.8221 35.1998 3.2
    endloop
  endfacet
  facet normal -0.138958 0.698537 0.701952
    outer loop
      vertex 85.8122 35.1978 3.2
      vertex 85.6176 35.963 2.4
      vertex 84.8158 35.8035 2.4
    endloop
  endfacet
  facet normal -0.314949 0.638784 0.701971
    outer loop
      vertex 86.3918 36.2258 2.4
      vertex 86.7032 35.5002 3.2
      vertex 87.125 36.5873 2.4
    endloop
  endfacet
  facet normal -0.309967 0.641069 0.702104
    outer loop
      vertex 86.7032 35.5002 3.2
      vertex 86.3918 36.2258 2.4
      vertex 86.6941 35.4958 3.2
    endloop
  endfacet
  facet normal -0.469632 -0.535471 0.701938
    outer loop
      vertex 88.4194 46.4194 2.4
      vertex 88.9781 46.9781 3.2
      vertex 88.2933 47.5787 3.2
    endloop
  endfacet
  facet normal -0.0466072 0.710695 0.701955
    outer loop
      vertex 84 35.75 2.4
      vertex 84.0101 34.9605 3.2
      vertex 84.8158 35.8035 2.4
    endloop
  endfacet
  facet normal -0.0422294 0.710861 0.702064
    outer loop
      vertex 84.0101 34.9605 3.2
      vertex 84 35.75 2.4
      vertex 84 34.9599 3.2
    endloop
  endfacet
  facet normal -0.592233 0.395693 0.701916
    outer loop
      vertex 88.9585 38.1952 2.4
      vertex 89.5909 37.7226 3.2
      vertex 89.4127 38.875 2.4
    endloop
  endfacet
  facet normal -0.592652 0.395101 0.701897
    outer loop
      vertex 89.5909 37.7226 3.2
      vertex 88.9585 38.1952 2.4
      vertex 89.5853 37.7142 3.2
    endloop
  endfacet
  facet normal -0.674411 0.228927 0.70197
    outer loop
      vertex 89.7742 39.6082 2.4
      vertex 90.5075 39.3154 3.2
      vertex 90.037 40.3824 2.4
    endloop
  endfacet
  facet normal -0.672657 0.23366 0.702094
    outer loop
      vertex 90.5075 39.3154 3.2
      vertex 89.7742 39.6082 2.4
      vertex 90.5042 39.3059 3.2
    endloop
  endfacet
  facet normal 0.710695 0.0466081 0.701955
    outer loop
      vertex 77.0201 41.0811 3.2
      vertex 77.8035 41.1842 2.4
      vertex 76.9605 41.9899 3.2
    endloop
  endfacet
  facet normal 0.0465267 -0.710725 0.70193
    outer loop
      vertex 84 48.25 2.4
      vertex 84 49.0401 3.2
      vertex 83.0911 48.9806 3.2
    endloop
  endfacet
  facet normal -0.698538 0.138957 0.701951
    outer loop
      vertex 90.8022 40.1878 3.2
      vertex 90.9799 41.0811 3.2
      vertex 90.1965 41.1842 2.4
    endloop
  endfacet
  facet normal -0.395101 0.592652 0.701897
    outer loop
      vertex 87.8048 37.0415 2.4
      vertex 88.2774 36.4091 3.2
      vertex 88.2858 36.4147 3.2
    endloop
  endfacet
  facet normal -0.395693 0.592233 0.701916
    outer loop
      vertex 88.2774 36.4091 3.2
      vertex 87.8048 37.0415 2.4
      vertex 87.125 36.5873 2.4
    endloop
  endfacet
  facet normal -0.141024 -0.698068 0.702006
    outer loop
      vertex 85.8122 48.8022 3.2
      vertex 85.6176 48.037 2.4
      vertex 85.8221 48.8002 3.2
    endloop
  endfacet
  facet normal -0.138958 -0.698537 0.701952
    outer loop
      vertex 85.6176 48.037 2.4
      vertex 85.8122 48.8022 3.2
      vertex 84.8158 48.1965 2.4
    endloop
  endfacet
  facet normal 0.228885 -0.674456 0.70194
    outer loop
      vertex 82.3824 48.037 2.4
      vertex 82.1779 48.8002 3.2
      vertex 81.3154 48.5075 3.2
    endloop
  endfacet
  facet normal 0.535471 0.469632 0.701938
    outer loop
      vertex 79.0219 37.0219 3.2
      vertex 79.5806 37.5806 2.4
      vertex 78.4213 37.7067 3.2
    endloop
  endfacet
  facet normal -0.395101 -0.592652 0.701897
    outer loop
      vertex 88.2774 47.5909 3.2
      vertex 87.8048 46.9585 2.4
      vertex 88.2858 47.5853 3.2
    endloop
  endfacet
  facet normal -0.395693 -0.592233 0.701916
    outer loop
      vertex 87.8048 46.9585 2.4
      vertex 88.2774 47.5909 3.2
      vertex 87.125 47.4127 2.4
    endloop
  endfacet
  facet normal 0.309967 0.641069 0.702104
    outer loop
      vertex 81.6082 36.2258 2.4
      vertex 81.2968 35.5002 3.2
      vertex 81.3059 35.4958 3.2
    endloop
  endfacet
  facet normal 0.314949 0.638784 0.701971
    outer loop
      vertex 81.2968 35.5002 3.2
      vertex 81.6082 36.2258 2.4
      vertex 80.875 36.5873 2.4
    endloop
  endfacet
  facet normal 0.674456 0.228885 0.70194
    outer loop
      vertex 77.4925 39.3154 3.2
      vertex 77.963 40.3824 2.4
      vertex 77.1998 40.1779 3.2
    endloop
  endfacet
  facet normal -0.638787 -0.315054 0.70192
    outer loop
      vertex 90.4998 44.7032 3.2
      vertex 90.0969 45.5201 3.2
      vertex 89.4127 45.125 2.4
    endloop
  endfacet
  facet normal 0.315054 -0.638787 0.70192
    outer loop
      vertex 80.875 47.4127 2.4
      vertex 81.2968 48.4998 3.2
      vertex 80.4799 48.0969 3.2
    endloop
  endfacet
  facet normal 0.309967 -0.641069 0.702104
    outer loop
      vertex 81.2968 48.4998 3.2
      vertex 81.6082 47.7742 2.4
      vertex 81.3059 48.5042 3.2
    endloop
  endfacet
  facet normal 0.314949 -0.638784 0.701971
    outer loop
      vertex 81.6082 47.7742 2.4
      vertex 81.2968 48.4998 3.2
      vertex 80.875 47.4127 2.4
    endloop
  endfacet
  facet normal -0.3957 -0.592221 0.701923
    outer loop
      vertex 88.2774 47.5909 3.2
      vertex 87.5201 48.0969 3.2
      vertex 87.125 47.4127 2.4
    endloop
  endfacet
  facet normal 0.138958 -0.698537 0.701952
    outer loop
      vertex 82.1878 48.8022 3.2
      vertex 82.3824 48.037 2.4
      vertex 83.1842 48.1965 2.4
    endloop
  endfacet
  facet normal 0.141024 -0.698068 0.702006
    outer loop
      vertex 82.3824 48.037 2.4
      vertex 82.1878 48.8022 3.2
      vertex 82.1779 48.8002 3.2
    endloop
  endfacet
  facet normal 0.535471 -0.469632 0.701938
    outer loop
      vertex 79.5806 46.4194 2.4
      vertex 79.0219 46.9781 3.2
      vertex 78.4213 46.2933 3.2
    endloop
  endfacet
  facet normal 0.674411 0.228927 0.70197
    outer loop
      vertex 77.4925 39.3154 3.2
      vertex 78.2258 39.6082 2.4
      vertex 77.963 40.3824 2.4
    endloop
  endfacet
  facet normal 0.672657 0.23366 0.702094
    outer loop
      vertex 78.2258 39.6082 2.4
      vertex 77.4925 39.3154 3.2
      vertex 77.4958 39.3059 3.2
    endloop
  endfacet
  facet normal -0.534727 -0.47056 0.701883
    outer loop
      vertex 89.5787 46.2933 3.2
      vertex 88.9585 45.8048 2.4
      vertex 89.5853 46.2858 3.2
    endloop
  endfacet
  facet normal -0.535459 -0.469681 0.701914
    outer loop
      vertex 88.9585 45.8048 2.4
      vertex 89.5787 46.2933 3.2
      vertex 88.4194 46.4194 2.4
    endloop
  endfacet
  facet normal -0.315054 -0.638787 0.70192
    outer loop
      vertex 87.125 47.4127 2.4
      vertex 87.5201 48.0969 3.2
      vertex 86.7032 48.4998 3.2
    endloop
  endfacet
  facet normal 0.0422294 0.710861 0.702064
    outer loop
      vertex 84 35.75 2.4
      vertex 83.9899 34.9605 3.2
      vertex 84 34.9599 3.2
    endloop
  endfacet
  facet normal 0.0466072 0.710695 0.701955
    outer loop
      vertex 83.9899 34.9605 3.2
      vertex 84 35.75 2.4
      vertex 83.1842 35.8035 2.4
    endloop
  endfacet
  facet normal -0.046606 -0.710675 0.701975
    outer loop
      vertex 84.8158 48.1965 2.4
      vertex 84.9089 48.9806 3.2
      vertex 84 48.25 2.4
    endloop
  endfacet
  facet normal -0.049727 -0.710386 0.702054
    outer loop
      vertex 84.9089 48.9806 3.2
      vertex 84.8158 48.1965 2.4
      vertex 84.9189 48.9799 3.2
    endloop
  endfacet
  facet normal -0.641069 -0.309967 0.702104
    outer loop
      vertex 90.4998 44.7032 3.2
      vertex 89.7742 44.3918 2.4
      vertex 90.5042 44.6941 3.2
    endloop
  endfacet
  facet normal -0.638784 -0.314949 0.701971
    outer loop
      vertex 89.7742 44.3918 2.4
      vertex 90.4998 44.7032 3.2
      vertex 89.4127 45.125 2.4
    endloop
  endfacet
  facet normal 0.469632 -0.535471 0.701938
    outer loop
      vertex 79.5806 46.4194 2.4
      vertex 79.7067 47.5787 3.2
      vertex 79.0219 46.9781 3.2
    endloop
  endfacet
  facet normal 0.228927 -0.674411 0.70197
    outer loop
      vertex 81.3154 48.5075 3.2
      vertex 81.6082 47.7742 2.4
      vertex 82.3824 48.037 2.4
    endloop
  endfacet
  facet normal 0.23366 -0.672657 0.702094
    outer loop
      vertex 81.6082 47.7742 2.4
      vertex 81.3154 48.5075 3.2
      vertex 81.3059 48.5042 3.2
    endloop
  endfacet
  facet normal -0.592652 -0.395101 0.701897
    outer loop
      vertex 88.9585 45.8048 2.4
      vertex 89.5909 46.2774 3.2
      vertex 89.5853 46.2858 3.2
    endloop
  endfacet
  facet normal -0.592233 -0.395693 0.701916
    outer loop
      vertex 89.5909 46.2774 3.2
      vertex 88.9585 45.8048 2.4
      vertex 89.4127 45.125 2.4
    endloop
  endfacet
  facet normal -0.674456 -0.228885 0.70194
    outer loop
      vertex 90.8002 43.8221 3.2
      vertex 90.5075 44.6846 3.2
      vertex 90.037 43.6176 2.4
    endloop
  endfacet
  facet normal -0.698068 -0.141024 0.702006
    outer loop
      vertex 90.037 43.6176 2.4
      vertex 90.8022 43.8122 3.2
      vertex 90.8002 43.8221 3.2
    endloop
  endfacet
  facet normal -0.698537 -0.138958 0.701952
    outer loop
      vertex 90.8022 43.8122 3.2
      vertex 90.037 43.6176 2.4
      vertex 90.1965 42.8158 2.4
    endloop
  endfacet
  facet normal 0.672657 -0.23366 0.702094
    outer loop
      vertex 77.4925 44.6846 3.2
      vertex 78.2258 44.3918 2.4
      vertex 77.4958 44.6941 3.2
    endloop
  endfacet
  facet normal 0.674411 -0.228927 0.70197
    outer loop
      vertex 78.2258 44.3918 2.4
      vertex 77.4925 44.6846 3.2
      vertex 77.963 43.6176 2.4
    endloop
  endfacet
  facet normal 0.638784 -0.314949 0.701971
    outer loop
      vertex 77.5002 44.7032 3.2
      vertex 78.2258 44.3918 2.4
      vertex 78.5873 45.125 2.4
    endloop
  endfacet
  facet normal 0.641069 -0.309967 0.702104
    outer loop
      vertex 78.2258 44.3918 2.4
      vertex 77.5002 44.7032 3.2
      vertex 77.4958 44.6941 3.2
    endloop
  endfacet
  facet normal -0.672657 -0.23366 0.702094
    outer loop
      vertex 89.7742 44.3918 2.4
      vertex 90.5075 44.6846 3.2
      vertex 90.5042 44.6941 3.2
    endloop
  endfacet
  facet normal -0.674411 -0.228927 0.70197
    outer loop
      vertex 90.5075 44.6846 3.2
      vertex 89.7742 44.3918 2.4
      vertex 90.037 43.6176 2.4
    endloop
  endfacet
  facet normal -1 0 0
    outer loop
      vertex 65.4 5.85 0
      vertex 65.4 7.35 2
      vertex 65.4 7.35 0
    endloop
  endfacet
  facet normal -1 -0 0
    outer loop
      vertex 65.4 7.35 2
      vertex 65.4 5.85 0
      vertex 65.4 5.85 2
    endloop
  endfacet
  facet normal 1 -0 0
    outer loop
      vertex 29.4 5.85 2
      vertex 29.4 7.35 0
      vertex 29.4 7.35 2
    endloop
  endfacet
  facet normal 1 0 0
    outer loop
      vertex 29.4 7.35 0
      vertex 29.4 5.85 2
      vertex 29.4 5.85 0
    endloop
  endfacet
  facet normal 0 -1 0
    outer loop
      vertex 29.4 7.35 0
      vertex 65.4 7.35 2
      vertex 29.4 7.35 2
    endloop
  endfacet
  facet normal 0 -1 -0
    outer loop
      vertex 65.4 7.35 2
      vertex 29.4 7.35 0
      vertex 65.4 7.35 0
    endloop
  endfacet
  facet normal 0 1 -0
    outer loop
      vertex 65.4 5.85 0
      vertex 29.4 5.85 2
      vertex 65.4 5.85 2
    endloop
  endfacet
  facet normal 0 1 0
    outer loop
      vertex 29.4 5.85 2
      vertex 65.4 5.85 0
      vertex 29.4 5.85 0
    endloop
  endfacet
  facet normal -1 0 0
    outer loop
      vertex 65.4 9.05 0
      vertex 65.4 10.55 2
      vertex 65.4 10.55 0
    endloop
  endfacet
  facet normal -1 -0 0
    outer loop
      vertex 65.4 10.55 2
      vertex 65.4 9.05 0
      vertex 65.4 9.05 2
    endloop
  endfacet
  facet normal 1 -0 0
    outer loop
      vertex 29.4 9.05 2
      vertex 29.4 10.55 0
      vertex 29.4 10.55 2
    endloop
  endfacet
  facet normal 1 0 0
    outer loop
      vertex 29.4 10.55 0
      vertex 29.4 9.05 2
      vertex 29.4 9.05 0
    endloop
  endfacet
  facet normal 0 -1 0
    outer loop
      vertex 29.4 10.55 0
      vertex 65.4 10.55 2
      vertex 29.4 10.55 2
    endloop
  endfacet
  facet normal 0 -1 -0
    outer loop
      vertex 65.4 10.55 2
      vertex 29.4 10.55 0
      vertex 65.4 10.55 0
    endloop
  endfacet
  facet normal 0 1 -0
    outer loop
      vertex 65.4 9.05 0
      vertex 29.4 9.05 2
      vertex 65.4 9.05 2
    endloop
  endfacet
  facet normal 0 1 0
    outer loop
      vertex 29.4 9.05 2
      vertex 65.4 9.05 0
      vertex 29.4 9.05 0
    endloop
  endfacet
  facet normal -1 0 0
    outer loop
      vertex 65.4 12.25 0
      vertex 65.4 13.75 2
      vertex 65.4 13.75 0
    endloop
  endfacet
  facet normal -1 -0 0
    outer loop
      vertex 65.4 13.75 2
      vertex 65.4 12.25 0
      vertex 65.4 12.25 2
    endloop
  endfacet
  facet normal 1 -0 0
    outer loop
      vertex 29.4 12.25 2
      vertex 29.4 13.75 0
      vertex 29.4 13.75 2
    endloop
  endfacet
  facet normal 1 0 0
    outer loop
      vertex 29.4 13.75 0
      vertex 29.4 12.25 2
      vertex 29.4 12.25 0
    endloop
  endfacet
  facet normal 0 -1 0
    outer loop
      vertex 29.4 13.75 0
      vertex 65.4 13.75 2
      vertex 29.4 13.75 2
    endloop
  endfacet
  facet normal 0 -1 -0
    outer loop
      vertex 65.4 13.75 2
      vertex 29.4 13.75 0
      vertex 65.4 13.75 0
    endloop
  endfacet
  facet normal 0 1 -0
    outer loop
      vertex 65.4 12.25 0
      vertex 29.4 12.25 2
      vertex 65.4 12.25 2
    endloop
  endfacet
  facet normal 0 1 0
    outer loop
      vertex 29.4 12.25 2
      vertex 65.4 12.25 0
      vertex 29.4 12.25 0
    endloop
  endfacet
  facet normal -1 0 0
    outer loop
      vertex 65.4 15.45 0
      vertex 65.4 16.95 2
      vertex 65.4 16.95 0
    endloop
  endfacet
  facet normal -1 -0 0
    outer loop
      vertex 65.4 16.95 2
      vertex 65.4 15.45 0
      vertex 65.4 15.45 2
    endloop
  endfacet
  facet normal 1 -0 0
    outer loop
      vertex 29.4 15.45 2
      vertex 29.4 16.95 0
      vertex 29.4 16.95 2
    endloop
  endfacet
  facet normal 1 0 0
    outer loop
      vertex 29.4 16.95 0
      vertex 29.4 15.45 2
      vertex 29.4 15.45 0
    endloop
  endfacet
  facet normal 0 -1 0
    outer loop
      vertex 29.4 16.95 0
      vertex 65.4 16.95 2
      vertex 29.4 16.95 2
    endloop
  endfacet
  facet normal 0 -1 -0
    outer loop
      vertex 65.4 16.95 2
      vertex 29.4 16.95 0
      vertex 65.4 16.95 0
    endloop
  endfacet
  facet normal 0 1 -0
    outer loop
      vertex 65.4 15.45 0
      vertex 29.4 15.45 2
      vertex 65.4 15.45 2
    endloop
  endfacet
  facet normal 0 1 0
    outer loop
      vertex 29.4 15.45 2
      vertex 65.4 15.45 0
      vertex 29.4 15.45 0
    endloop
  endfacet
  facet normal -1 0 0
    outer loop
      vertex 65.4 18.65 0
      vertex 65.4 20.15 2
      vertex 65.4 20.15 0
    endloop
  endfacet
  facet normal -1 -0 0
    outer loop
      vertex 65.4 20.15 2
      vertex 65.4 18.65 0
      vertex 65.4 18.65 2
    endloop
  endfacet
  facet normal 1 -0 0
    outer loop
      vertex 29.4 18.65 2
      vertex 29.4 20.15 0
      vertex 29.4 20.15 2
    endloop
  endfacet
  facet normal 1 0 0
    outer loop
      vertex 29.4 20.15 0
      vertex 29.4 18.65 2
      vertex 29.4 18.65 0
    endloop
  endfacet
  facet normal 0 -1 0
    outer loop
      vertex 29.4 20.15 0
      vertex 65.4 20.15 2
      vertex 29.4 20.15 2
    endloop
  endfacet
  facet normal 0 -1 -0
    outer loop
      vertex 65.4 20.15 2
      vertex 29.4 20.15 0
      vertex 65.4 20.15 0
    endloop
  endfacet
  facet normal 0 1 -0
    outer loop
      vertex 65.4 18.65 0
      vertex 29.4 18.65 2
      vertex 65.4 18.65 2
    endloop
  endfacet
  facet normal 0 1 0
    outer loop
      vertex 29.4 18.65 2
      vertex 65.4 18.65 0
      vertex 29.4 18.65 0
    endloop
  endfacet
  facet normal -1 0 0
    outer loop
      vertex 65.4 21.85 0
      vertex 65.4 23.35 2
      vertex 65.4 23.35 0
    endloop
  endfacet
  facet normal -1 -0 0
    outer loop
      vertex 65.4 23.35 2
      vertex 65.4 21.85 0
      vertex 65.4 21.85 2
    endloop
  endfacet
  facet normal 1 -0 0
    outer loop
      vertex 29.4 21.85 2
      vertex 29.4 23.35 0
      vertex 29.4 23.35 2
    endloop
  endfacet
  facet normal 1 0 0
    outer loop
      vertex 29.4 23.35 0
      vertex 29.4 21.85 2
      vertex 29.4 21.85 0
    endloop
  endfacet
  facet normal 0 -1 0
    outer loop
      vertex 29.4 23.35 0
      vertex 65.4 23.35 2
      vertex 29.4 23.35 2
    endloop
  endfacet
  facet normal 0 -1 -0
    outer loop
      vertex 65.4 23.35 2
      vertex 29.4 23.35 0
      vertex 65.4 23.35 0
    endloop
  endfacet
  facet normal 0 1 -0
    outer loop
      vertex 65.4 21.85 0
      vertex 29.4 21.85 2
      vertex 65.4 21.85 2
    endloop
  endfacet
  facet normal 0 1 0
    outer loop
      vertex 29.4 21.85 2
      vertex 65.4 21.85 0
      vertex 29.4 21.85 0
    endloop
  endfacet
  facet normal -0.980784 0.195098 0
    outer loop
      vertex 54.2785 109.318 0
      vertex 54.4444 110.152 1.2
      vertex 54.4444 110.152 0
    endloop
  endfacet
  facet normal -0.980784 0.195098 0
    outer loop
      vertex 54.4444 110.152 1.2
      vertex 54.2785 109.318 0
      vertex 54.2785 109.318 1.2
    endloop
  endfacet
  facet normal -0.194102 0.980981 0
    outer loop
      vertex 49.6823 104.721 0
      vertex 48.8484 104.556 1.2
      vertex 49.6823 104.721 1.2
    endloop
  endfacet
  facet normal -0.194102 0.980981 0
    outer loop
      vertex 48.8484 104.556 1.2
      vertex 49.6823 104.721 0
      vertex 48.8484 104.556 0
    endloop
  endfacet
  facet normal -0.980784 -0.195098 0
    outer loop
      vertex 54.4444 111.848 0
      vertex 54.2785 112.682 1.2
      vertex 54.2785 112.682 0
    endloop
  endfacet
  facet normal -0.980784 -0.195098 0
    outer loop
      vertex 54.2785 112.682 1.2
      vertex 54.4444 111.848 0
      vertex 54.4444 111.848 1.2
    endloop
  endfacet
  facet normal -0.997857 -0.0654256 0
    outer loop
      vertex 54.5 111 0
      vertex 54.4444 111.848 1.2
      vertex 54.4444 111.848 0
    endloop
  endfacet
  facet normal -0.997857 -0.0654256 0
    outer loop
      vertex 54.4444 111.848 1.2
      vertex 54.5 111 0
      vertex 54.5 111 1.2
    endloop
  endfacet
  facet normal 0.555243 0.831688 -0
    outer loop
      vertex 44.75 105.371 0
      vertex 44.043 105.843 1.2
      vertex 44.75 105.371 1.2
    endloop
  endfacet
  facet normal 0.555243 0.831688 0
    outer loop
      vertex 44.043 105.843 1.2
      vertex 44.75 105.371 0
      vertex 44.043 105.843 0
    endloop
  endfacet
  facet normal 0.896999 -0.442033 0
    outer loop
      vertex 41.9948 113.487 1.2
      vertex 42.3708 114.25 0
      vertex 42.3708 114.25 1.2
    endloop
  endfacet
  facet normal 0.896999 -0.442033 0
    outer loop
      vertex 42.3708 114.25 0
      vertex 41.9948 113.487 1.2
      vertex 41.9948 113.487 0
    endloop
  endfacet
  facet normal 0.751716 0.659487 0
    outer loop
      vertex 43.4038 106.404 1.2
      vertex 42.8432 107.043 0
      vertex 42.8432 107.043 1.2
    endloop
  endfacet
  facet normal 0.751716 0.659487 0
    outer loop
      vertex 42.8432 107.043 0
      vertex 43.4038 106.404 1.2
      vertex 43.4038 106.404 0
    endloop
  endfacet
  facet normal 0.322183 0.946677 -0
    outer loop
      vertex 46.3177 104.721 0
      vertex 45.5126 104.995 1.2
      vertex 46.3177 104.721 1.2
    endloop
  endfacet
  facet normal 0.322183 0.946677 0
    outer loop
      vertex 45.5126 104.995 1.2
      vertex 46.3177 104.721 0
      vertex 45.5126 104.995 0
    endloop
  endfacet
  facet normal 0.659636 0.751585 -0
    outer loop
      vertex 44.043 105.843 0
      vertex 43.4038 106.404 1.2
      vertex 44.043 105.843 1.2
    endloop
  endfacet
  facet normal 0.659636 0.751585 0
    outer loop
      vertex 43.4038 106.404 1.2
      vertex 44.043 105.843 0
      vertex 43.4038 106.404 0
    endloop
  endfacet
  facet normal 0.751716 -0.659487 0
    outer loop
      vertex 42.8432 114.957 1.2
      vertex 43.4038 115.596 0
      vertex 43.4038 115.596 1.2
    endloop
  endfacet
  facet normal 0.751716 -0.659487 0
    outer loop
      vertex 43.4038 115.596 0
      vertex 42.8432 114.957 1.2
      vertex 42.8432 114.957 0
    endloop
  endfacet
  facet normal 0.555243 -0.831688 0
    outer loop
      vertex 44.043 116.157 0
      vertex 44.75 116.629 1.2
      vertex 44.043 116.157 1.2
    endloop
  endfacet
  facet normal 0.555243 -0.831688 0
    outer loop
      vertex 44.75 116.629 1.2
      vertex 44.043 116.157 0
      vertex 44.75 116.629 0
    endloop
  endfacet
  facet normal -0.751716 0.659487 0
    outer loop
      vertex 52.5962 106.404 0
      vertex 53.1568 107.043 1.2
      vertex 53.1568 107.043 0
    endloop
  endfacet
  facet normal -0.751716 0.659487 0
    outer loop
      vertex 53.1568 107.043 1.2
      vertex 52.5962 106.404 0
      vertex 52.5962 106.404 1.2
    endloop
  endfacet
  facet normal 0.659636 -0.751585 0
    outer loop
      vertex 43.4038 115.596 0
      vertex 44.043 116.157 1.2
      vertex 43.4038 115.596 1.2
    endloop
  endfacet
  facet normal 0.659636 -0.751585 0
    outer loop
      vertex 44.043 116.157 1.2
      vertex 43.4038 115.596 0
      vertex 44.043 116.157 0
    endloop
  endfacet
  facet normal -0.44222 -0.896907 0
    outer loop
      vertex 50.4874 117.005 0
      vertex 51.25 116.629 1.2
      vertex 50.4874 117.005 1.2
    endloop
  endfacet
  facet normal -0.44222 -0.896907 -0
    outer loop
      vertex 51.25 116.629 1.2
      vertex 50.4874 117.005 0
      vertex 51.25 116.629 0
    endloop
  endfacet
  facet normal -0.946916 0.321481 0
    outer loop
      vertex 54.0052 108.513 0
      vertex 54.2785 109.318 1.2
      vertex 54.2785 109.318 0
    endloop
  endfacet
  facet normal -0.946916 0.321481 0
    outer loop
      vertex 54.2785 109.318 1.2
      vertex 54.0052 108.513 0
      vertex 54.0052 108.513 1.2
    endloop
  endfacet
  facet normal -0.659578 -0.751636 0
    outer loop
      vertex 51.9569 116.157 0
      vertex 52.5962 115.596 1.2
      vertex 51.9569 116.157 1.2
    endloop
  endfacet
  facet normal -0.659578 -0.751636 -0
    outer loop
      vertex 52.5962 115.596 1.2
      vertex 51.9569 116.157 0
      vertex 52.5962 115.596 0
    endloop
  endfacet
  facet normal -0.659578 0.751636 0
    outer loop
      vertex 52.5962 106.404 0
      vertex 51.9569 105.843 1.2
      vertex 52.5962 106.404 1.2
    endloop
  endfacet
  facet normal -0.659578 0.751636 0
    outer loop
      vertex 51.9569 105.843 1.2
      vertex 52.5962 106.404 0
      vertex 51.9569 105.843 0
    endloop
  endfacet
  facet normal -0.0658633 0.997829 0
    outer loop
      vertex 48.8484 104.556 0
      vertex 48 104.5 1.2
      vertex 48.8484 104.556 1.2
    endloop
  endfacet
  facet normal -0.0658633 0.997829 0
    outer loop
      vertex 48 104.5 1.2
      vertex 48.8484 104.556 0
      vertex 48 104.5 0
    endloop
  endfacet
  facet normal -0.831471 0.555568 0
    outer loop
      vertex 53.1568 107.043 0
      vertex 53.6292 107.75 1.2
      vertex 53.6292 107.75 0
    endloop
  endfacet
  facet normal -0.831471 0.555568 0
    outer loop
      vertex 53.6292 107.75 1.2
      vertex 53.1568 107.043 0
      vertex 53.1568 107.043 1.2
    endloop
  endfacet
  facet normal 0.946916 -0.321481 0
    outer loop
      vertex 41.7215 112.682 1.2
      vertex 41.9948 113.487 0
      vertex 41.9948 113.487 1.2
    endloop
  endfacet
  facet normal 0.946916 -0.321481 0
    outer loop
      vertex 41.9948 113.487 0
      vertex 41.7215 112.682 1.2
      vertex 41.7215 112.682 0
    endloop
  endfacet
  facet normal 0.0658633 -0.997829 0
    outer loop
      vertex 47.1516 117.444 0
      vertex 48 117.5 1.2
      vertex 47.1516 117.444 1.2
    endloop
  endfacet
  facet normal 0.0658633 -0.997829 0
    outer loop
      vertex 48 117.5 1.2
      vertex 47.1516 117.444 0
      vertex 48 117.5 0
    endloop
  endfacet
  facet normal 0.980784 0.195098 0
    outer loop
      vertex 41.7215 109.318 1.2
      vertex 41.5556 110.152 0
      vertex 41.5556 110.152 1.2
    endloop
  endfacet
  facet normal 0.980784 0.195098 0
    outer loop
      vertex 41.5556 110.152 0
      vertex 41.7215 109.318 1.2
      vertex 41.7215 109.318 0
    endloop
  endfacet
  facet normal 0.980784 -0.195098 0
    outer loop
      vertex 41.5556 111.848 1.2
      vertex 41.7215 112.682 0
      vertex 41.7215 112.682 1.2
    endloop
  endfacet
  facet normal 0.980784 -0.195098 0
    outer loop
      vertex 41.7215 112.682 0
      vertex 41.5556 111.848 1.2
      vertex 41.5556 111.848 0
    endloop
  endfacet
  facet normal -0.751716 -0.659487 0
    outer loop
      vertex 53.1568 114.957 0
      vertex 52.5962 115.596 1.2
      vertex 52.5962 115.596 0
    endloop
  endfacet
  facet normal -0.751716 -0.659487 0
    outer loop
      vertex 52.5962 115.596 1.2
      vertex 53.1568 114.957 0
      vertex 53.1568 114.957 1.2
    endloop
  endfacet
  facet normal -0.0658633 -0.997829 0
    outer loop
      vertex 48 117.5 0
      vertex 48.8484 117.444 1.2
      vertex 48 117.5 1.2
    endloop
  endfacet
  facet normal -0.0658633 -0.997829 -0
    outer loop
      vertex 48.8484 117.444 1.2
      vertex 48 117.5 0
      vertex 48.8484 117.444 0
    endloop
  endfacet
  facet normal 0.946916 0.321481 0
    outer loop
      vertex 41.9948 108.513 1.2
      vertex 41.7215 109.318 0
      vertex 41.7215 109.318 1.2
    endloop
  endfacet
  facet normal 0.946916 0.321481 0
    outer loop
      vertex 41.7215 109.318 0
      vertex 41.9948 108.513 1.2
      vertex 41.9948 108.513 0
    endloop
  endfacet
  facet normal -0.831471 -0.555568 0
    outer loop
      vertex 53.6292 114.25 0
      vertex 53.1568 114.957 1.2
      vertex 53.1568 114.957 0
    endloop
  endfacet
  facet normal -0.831471 -0.555568 0
    outer loop
      vertex 53.1568 114.957 1.2
      vertex 53.6292 114.25 0
      vertex 53.6292 114.25 1.2
    endloop
  endfacet
  facet normal -0.555297 -0.831652 0
    outer loop
      vertex 51.25 116.629 0
      vertex 51.9569 116.157 1.2
      vertex 51.25 116.629 1.2
    endloop
  endfacet
  facet normal -0.555297 -0.831652 -0
    outer loop
      vertex 51.9569 116.157 1.2
      vertex 51.25 116.629 0
      vertex 51.9569 116.157 0
    endloop
  endfacet
  facet normal 0.322183 -0.946677 0
    outer loop
      vertex 45.5126 117.005 0
      vertex 46.3177 117.279 1.2
      vertex 45.5126 117.005 1.2
    endloop
  endfacet
  facet normal 0.322183 -0.946677 0
    outer loop
      vertex 46.3177 117.279 1.2
      vertex 45.5126 117.005 0
      vertex 46.3177 117.279 0
    endloop
  endfacet
  facet normal -0.997857 0.0654256 0
    outer loop
      vertex 54.4444 110.152 0
      vertex 54.5 111 1.2
      vertex 54.5 111 0
    endloop
  endfacet
  facet normal -0.997857 0.0654256 0
    outer loop
      vertex 54.5 111 1.2
      vertex 54.4444 110.152 0
      vertex 54.4444 110.152 1.2
    endloop
  endfacet
  facet normal 0.997857 -0.0654256 0
    outer loop
      vertex 41.5 111 1.2
      vertex 41.5556 111.848 0
      vertex 41.5556 111.848 1.2
    endloop
  endfacet
  facet normal 0.997857 -0.0654256 0
    outer loop
      vertex 41.5556 111.848 0
      vertex 41.5 111 1.2
      vertex 41.5 111 0
    endloop
  endfacet
  facet normal -0.44222 0.896907 0
    outer loop
      vertex 51.25 105.371 0
      vertex 50.4874 104.995 1.2
      vertex 51.25 105.371 1.2
    endloop
  endfacet
  facet normal -0.44222 0.896907 0
    outer loop
      vertex 50.4874 104.995 1.2
      vertex 51.25 105.371 0
      vertex 50.4874 104.995 0
    endloop
  endfacet
  facet normal -0.896999 0.442033 0
    outer loop
      vertex 53.6292 107.75 0
      vertex 54.0052 108.513 1.2
      vertex 54.0052 108.513 0
    endloop
  endfacet
  facet normal -0.896999 0.442033 0
    outer loop
      vertex 54.0052 108.513 1.2
      vertex 53.6292 107.75 0
      vertex 53.6292 107.75 1.2
    endloop
  endfacet
  facet normal 0.194102 -0.980981 0
    outer loop
      vertex 46.3177 117.279 0
      vertex 47.1516 117.444 1.2
      vertex 46.3177 117.279 1.2
    endloop
  endfacet
  facet normal 0.194102 -0.980981 0
    outer loop
      vertex 47.1516 117.444 1.2
      vertex 46.3177 117.279 0
      vertex 47.1516 117.444 0
    endloop
  endfacet
  facet normal 0.44222 -0.896907 0
    outer loop
      vertex 44.75 116.629 0
      vertex 45.5126 117.005 1.2
      vertex 44.75 116.629 1.2
    endloop
  endfacet
  facet normal 0.44222 -0.896907 0
    outer loop
      vertex 45.5126 117.005 1.2
      vertex 44.75 116.629 0
      vertex 45.5126 117.005 0
    endloop
  endfacet
  facet normal 0.831471 0.555568 0
    outer loop
      vertex 42.8432 107.043 1.2
      vertex 42.3708 107.75 0
      vertex 42.3708 107.75 1.2
    endloop
  endfacet
  facet normal 0.831471 0.555568 0
    outer loop
      vertex 42.3708 107.75 0
      vertex 42.8432 107.043 1.2
      vertex 42.8432 107.043 0
    endloop
  endfacet
  facet normal -0.194102 -0.980981 0
    outer loop
      vertex 48.8484 117.444 0
      vertex 49.6823 117.279 1.2
      vertex 48.8484 117.444 1.2
    endloop
  endfacet
  facet normal -0.194102 -0.980981 -0
    outer loop
      vertex 49.6823 117.279 1.2
      vertex 48.8484 117.444 0
      vertex 49.6823 117.279 0
    endloop
  endfacet
  facet normal -0.555297 0.831652 0
    outer loop
      vertex 51.9569 105.843 0
      vertex 51.25 105.371 1.2
      vertex 51.9569 105.843 1.2
    endloop
  endfacet
  facet normal -0.555297 0.831652 0
    outer loop
      vertex 51.25 105.371 1.2
      vertex 51.9569 105.843 0
      vertex 51.25 105.371 0
    endloop
  endfacet
  facet normal -0.322183 -0.946677 0
    outer loop
      vertex 49.6823 117.279 0
      vertex 50.4874 117.005 1.2
      vertex 49.6823 117.279 1.2
    endloop
  endfacet
  facet normal -0.322183 -0.946677 -0
    outer loop
      vertex 50.4874 117.005 1.2
      vertex 49.6823 117.279 0
      vertex 50.4874 117.005 0
    endloop
  endfacet
  facet normal 0.896999 0.442033 0
    outer loop
      vertex 42.3708 107.75 1.2
      vertex 41.9948 108.513 0
      vertex 41.9948 108.513 1.2
    endloop
  endfacet
  facet normal 0.896999 0.442033 0
    outer loop
      vertex 41.9948 108.513 0
      vertex 42.3708 107.75 1.2
      vertex 42.3708 107.75 0
    endloop
  endfacet
  facet normal 0.997857 0.0654256 0
    outer loop
      vertex 41.5556 110.152 1.2
      vertex 41.5 111 0
      vertex 41.5 111 1.2
    endloop
  endfacet
  facet normal 0.997857 0.0654256 0
    outer loop
      vertex 41.5 111 0
      vertex 41.5556 110.152 1.2
      vertex 41.5556 110.152 0
    endloop
  endfacet
  facet normal -0.896999 -0.442033 0
    outer loop
      vertex 54.0052 113.487 0
      vertex 53.6292 114.25 1.2
      vertex 53.6292 114.25 0
    endloop
  endfacet
  facet normal -0.896999 -0.442033 0
    outer loop
      vertex 53.6292 114.25 1.2
      vertex 54.0052 113.487 0
      vertex 54.0052 113.487 1.2
    endloop
  endfacet
  facet normal -0.946916 -0.321481 0
    outer loop
      vertex 54.2785 112.682 0
      vertex 54.0052 113.487 1.2
      vertex 54.0052 113.487 0
    endloop
  endfacet
  facet normal -0.946916 -0.321481 0
    outer loop
      vertex 54.0052 113.487 1.2
      vertex 54.2785 112.682 0
      vertex 54.2785 112.682 1.2
    endloop
  endfacet
  facet normal -0.322183 0.946677 0
    outer loop
      vertex 50.4874 104.995 0
      vertex 49.6823 104.721 1.2
      vertex 50.4874 104.995 1.2
    endloop
  endfacet
  facet normal -0.322183 0.946677 0
    outer loop
      vertex 49.6823 104.721 1.2
      vertex 50.4874 104.995 0
      vertex 49.6823 104.721 0
    endloop
  endfacet
  facet normal 0.194102 0.980981 -0
    outer loop
      vertex 47.1516 104.556 0
      vertex 46.3177 104.721 1.2
      vertex 47.1516 104.556 1.2
    endloop
  endfacet
  facet normal 0.194102 0.980981 0
    outer loop
      vertex 46.3177 104.721 1.2
      vertex 47.1516 104.556 0
      vertex 46.3177 104.721 0
    endloop
  endfacet
  facet normal 0.831471 -0.555568 0
    outer loop
      vertex 42.3708 114.25 1.2
      vertex 42.8432 114.957 0
      vertex 42.8432 114.957 1.2
    endloop
  endfacet
  facet normal 0.831471 -0.555568 0
    outer loop
      vertex 42.8432 114.957 0
      vertex 42.3708 114.25 1.2
      vertex 42.3708 114.25 0
    endloop
  endfacet
  facet normal 0.0658633 0.997829 -0
    outer loop
      vertex 48 104.5 0
      vertex 47.1516 104.556 1.2
      vertex 48 104.5 1.2
    endloop
  endfacet
  facet normal 0.0658633 0.997829 0
    outer loop
      vertex 47.1516 104.556 1.2
      vertex 48 104.5 0
      vertex 47.1516 104.556 0
    endloop
  endfacet
  facet normal 0.44222 0.896907 -0
    outer loop
      vertex 45.5126 104.995 0
      vertex 44.75 105.371 1.2
      vertex 45.5126 104.995 1.2
    endloop
  endfacet
  facet normal 0.44222 0.896907 0
    outer loop
      vertex 44.75 105.371 1.2
      vertex 45.5126 104.995 0
      vertex 44.75 105.371 0
    endloop
  endfacet
  facet normal -0.708101 -0.0464274 0.704583
    outer loop
      vertex 54.5 111 1.2
      vertex 56.4898 111.004 3.2
      vertex 54.4444 111.848 1.2
    endloop
  endfacet
  facet normal -0.707859 -0.0530895 0.704355
    outer loop
      vertex 56.4898 111.004 3.2
      vertex 54.5 111 1.2
      vertex 56.4901 111 3.2
    endloop
  endfacet
  facet normal 0.228339 0.671932 0.704535
    outer loop
      vertex 45.8026 102.799 3.2
      vertex 46.3177 104.721 1.2
      vertex 44.755 103.155 3.2
    endloop
  endfacet
  facet normal 0.707859 0.0530895 0.704355
    outer loop
      vertex 39.5102 110.996 3.2
      vertex 41.5 111 1.2
      vertex 39.5099 111 3.2
    endloop
  endfacet
  facet normal 0.708101 0.0464274 0.704583
    outer loop
      vertex 41.5 111 1.2
      vertex 39.5102 110.996 3.2
      vertex 41.5556 110.152 1.2
    endloop
  endfacet
  facet normal 0.589992 -0.394218 0.704629
    outer loop
      vertex 40.6497 115.249 3.2
      vertex 42.3708 114.25 1.2
      vertex 42.8432 114.957 1.2
    endloop
  endfacet
  facet normal 0.614529 -0.353354 0.705333
    outer loop
      vertex 42.3708 114.25 1.2
      vertex 40.6497 115.249 3.2
      vertex 40.6474 115.245 3.2
    endloop
  endfacet
  facet normal -0.394057 0.590167 0.704572
    outer loop
      vertex 51.25 105.371 1.2
      vertex 52.2485 103.65 3.2
      vertex 51.9569 105.843 1.2
    endloop
  endfacet
  facet normal -0.465211 0.542746 0.699289
    outer loop
      vertex 52.2485 103.65 3.2
      vertex 51.25 105.371 1.2
      vertex 52.245 103.647 3.2
    endloop
  endfacet
  facet normal -0.675162 -0.219428 0.704278
    outer loop
      vertex 54.0052 113.487 1.2
      vertex 55.8451 114.245 3.2
      vertex 55.8438 114.249 3.2
    endloop
  endfacet
  facet normal -0.671933 -0.228123 0.704603
    outer loop
      vertex 55.8451 114.245 3.2
      vertex 54.0052 113.487 1.2
      vertex 54.2785 112.682 1.2
    endloop
  endfacet
  facet normal 0.393949 0.590217 0.704591
    outer loop
      vertex 43.7515 103.65 3.2
      vertex 44.043 105.843 1.2
      vertex 42.8316 104.264 3.2
    endloop
  endfacet
  facet normal -0.228339 -0.671932 0.704535
    outer loop
      vertex 51.245 118.845 3.2
      vertex 50.1974 119.201 3.2
      vertex 49.6823 117.279 1.2
    endloop
  endfacet
  facet normal 0.518388 -0.483829 0.705112
    outer loop
      vertex 41.9938 117 3.2
      vertex 43.4038 115.596 1.2
      vertex 41.9966 117.003 3.2
    endloop
  endfacet
  facet normal 0.533429 -0.467981 0.70459
    outer loop
      vertex 43.4038 115.596 1.2
      vertex 41.9938 117 3.2
      vertex 42.8432 114.957 1.2
    endloop
  endfacet
  facet normal 0.53364 0.467833 0.704528
    outer loop
      vertex 41.9938 105 3.2
      vertex 42.8432 107.043 1.2
      vertex 41.2644 105.832 3.2
    endloop
  endfacet
  facet normal -0.671966 0.228071 0.704589
    outer loop
      vertex 55.8451 107.755 3.2
      vertex 56.2008 108.803 3.2
      vertex 54.2785 109.318 1.2
    endloop
  endfacet
  facet normal 0.468084 -0.533332 0.704595
    outer loop
      vertex 41.9998 117.006 3.2
      vertex 43.4038 115.596 1.2
      vertex 44.043 116.157 1.2
    endloop
  endfacet
  facet normal 0.484963 -0.517294 0.705137
    outer loop
      vertex 43.4038 115.596 1.2
      vertex 41.9998 117.006 3.2
      vertex 41.9966 117.003 3.2
    endloop
  endfacet
  facet normal 0.671933 0.228123 0.704603
    outer loop
      vertex 40.1549 107.755 3.2
      vertex 41.9948 108.513 1.2
      vertex 41.7215 109.318 1.2
    endloop
  endfacet
  facet normal 0.675162 0.219428 0.704278
    outer loop
      vertex 41.9948 108.513 1.2
      vertex 40.1549 107.755 3.2
      vertex 40.1562 107.751 3.2
    endloop
  endfacet
  facet normal 0.468074 -0.533348 0.70459
    outer loop
      vertex 44.043 116.157 1.2
      vertex 42.8316 117.736 3.2
      vertex 41.9998 117.006 3.2
    endloop
  endfacet
  facet normal -0.614529 -0.353354 0.705333
    outer loop
      vertex 55.3503 115.249 3.2
      vertex 53.6292 114.25 1.2
      vertex 55.3526 115.245 3.2
    endloop
  endfacet
  facet normal -0.589992 -0.394218 0.704629
    outer loop
      vertex 53.6292 114.25 1.2
      vertex 55.3503 115.249 3.2
      vertex 53.1568 114.957 1.2
    endloop
  endfacet
  facet normal -0.468066 0.533339 0.704602
    outer loop
      vertex 53.1684 104.264 3.2
      vertex 54.0002 104.994 3.2
      vertex 51.9569 105.843 1.2
    endloop
  endfacet
  facet normal 0.708103 -0.0464372 0.70458
    outer loop
      vertex 41.5556 111.848 1.2
      vertex 39.5826 112.108 3.2
      vertex 39.5102 111.004 3.2
    endloop
  endfacet
  facet normal -0.0467362 0.708053 0.704611
    outer loop
      vertex 48 104.5 1.2
      vertex 48.0042 102.51 3.2
      vertex 48.8484 104.556 1.2
    endloop
  endfacet
  facet normal 0 0.708877 0.705332
    outer loop
      vertex 48.0042 102.51 3.2
      vertex 48 104.5 1.2
      vertex 48 102.51 3.2
    endloop
  endfacet
  facet normal -0.708103 -0.0464372 0.70458
    outer loop
      vertex 56.4898 111.004 3.2
      vertex 56.4174 112.108 3.2
      vertex 54.4444 111.848 1.2
    endloop
  endfacet
  facet normal -0.695986 -0.138427 0.704586
    outer loop
      vertex 56.4174 112.108 3.2
      vertex 56.2016 113.193 3.2
      vertex 54.4444 111.848 1.2
    endloop
  endfacet
  facet normal -0.636382 0.313893 0.70462
    outer loop
      vertex 55.3545 106.759 3.2
      vertex 55.8438 107.751 3.2
      vertex 54.0052 108.513 1.2
    endloop
  endfacet
  facet normal -0.58987 0.394552 0.704544
    outer loop
      vertex 54.7356 105.832 3.2
      vertex 55.3503 106.751 3.2
      vertex 53.1568 107.043 1.2
    endloop
  endfacet
  facet normal -0.137932 -0.696075 0.704595
    outer loop
      vertex 50.1932 119.202 3.2
      vertex 49.1082 119.417 3.2
      vertex 48.8484 117.444 1.2
    endloop
  endfacet
  facet normal -0.314194 0.636211 0.704641
    outer loop
      vertex 51.249 103.156 3.2
      vertex 52.2412 103.646 3.2
      vertex 50.4874 104.995 1.2
    endloop
  endfacet
  facet normal 0.137746 0.696161 0.704546
    outer loop
      vertex 46.3177 104.721 1.2
      vertex 45.8068 102.798 3.2
      vertex 47.1516 104.556 1.2
    endloop
  endfacet
  facet normal 0.16423 0.689765 0.705162
    outer loop
      vertex 45.8068 102.798 3.2
      vertex 46.3177 104.721 1.2
      vertex 45.8026 102.799 3.2
    endloop
  endfacet
  facet normal -0.314194 -0.636211 0.704641
    outer loop
      vertex 52.2412 118.354 3.2
      vertex 51.249 118.844 3.2
      vertex 50.4874 117.005 1.2
    endloop
  endfacet
  facet normal -0.641335 -0.304634 0.704193
    outer loop
      vertex 53.6292 114.25 1.2
      vertex 55.3545 115.241 3.2
      vertex 55.3526 115.245 3.2
    endloop
  endfacet
  facet normal -0.636554 -0.313688 0.704556
    outer loop
      vertex 55.3545 115.241 3.2
      vertex 53.6292 114.25 1.2
      vertex 54.0052 113.487 1.2
    endloop
  endfacet
  facet normal 0.228618 0.671754 0.704614
    outer loop
      vertex 45.5126 104.995 1.2
      vertex 44.755 103.155 3.2
      vertex 46.3177 104.721 1.2
    endloop
  endfacet
  facet normal 0.172841 0.691365 0.701528
    outer loop
      vertex 44.755 103.155 3.2
      vertex 45.5126 104.995 1.2
      vertex 44.751 103.156 3.2
    endloop
  endfacet
  facet normal -0.636382 -0.313893 0.70462
    outer loop
      vertex 55.8438 114.249 3.2
      vertex 55.3545 115.241 3.2
      vertex 54.0052 113.487 1.2
    endloop
  endfacet
  facet normal 0.313833 0.636513 0.704528
    outer loop
      vertex 44.75 105.371 1.2
      vertex 43.7588 103.646 3.2
      vertex 45.5126 104.995 1.2
    endloop
  endfacet
  facet normal 0.183567 0.697556 0.692618
    outer loop
      vertex 43.7588 103.646 3.2
      vertex 44.75 105.371 1.2
      vertex 43.755 103.647 3.2
    endloop
  endfacet
  facet normal -0.393943 -0.590209 0.704601
    outer loop
      vertex 53.1684 117.736 3.2
      vertex 52.2485 118.35 3.2
      vertex 51.9569 116.157 1.2
    endloop
  endfacet
  facet normal 0.671966 -0.228071 0.704589
    outer loop
      vertex 41.7215 112.682 1.2
      vertex 40.1549 114.245 3.2
      vertex 39.7992 113.197 3.2
    endloop
  endfacet
  facet normal 0.468084 0.533332 0.704595
    outer loop
      vertex 43.4038 106.404 1.2
      vertex 41.9998 104.994 3.2
      vertex 44.043 105.843 1.2
    endloop
  endfacet
  facet normal 0.484963 0.517294 0.705137
    outer loop
      vertex 41.9998 104.994 3.2
      vertex 43.4038 106.404 1.2
      vertex 41.9966 104.997 3.2
    endloop
  endfacet
  facet normal -0.172841 -0.691365 0.701528
    outer loop
      vertex 51.245 118.845 3.2
      vertex 50.4874 117.005 1.2
      vertex 51.249 118.844 3.2
    endloop
  endfacet
  facet normal -0.228618 -0.671754 0.704614
    outer loop
      vertex 50.4874 117.005 1.2
      vertex 51.245 118.845 3.2
      vertex 49.6823 117.279 1.2
    endloop
  endfacet
  facet normal -0.695812 -0.139162 0.704614
    outer loop
      vertex 54.2785 112.682 1.2
      vertex 56.2016 113.193 3.2
      vertex 56.2008 113.197 3.2
    endloop
  endfacet
  facet normal -0.695978 -0.138445 0.70459
    outer loop
      vertex 56.2016 113.193 3.2
      vertex 54.2785 112.682 1.2
      vertex 54.4444 111.848 1.2
    endloop
  endfacet
  facet normal -0.183567 0.697556 0.692618
    outer loop
      vertex 51.25 105.371 1.2
      vertex 52.2412 103.646 3.2
      vertex 52.245 103.647 3.2
    endloop
  endfacet
  facet normal -0.313833 0.636513 0.704528
    outer loop
      vertex 52.2412 103.646 3.2
      vertex 51.25 105.371 1.2
      vertex 50.4874 104.995 1.2
    endloop
  endfacet
  facet normal 0.708103 0.0464372 0.70458
    outer loop
      vertex 39.5826 109.892 3.2
      vertex 41.5556 110.152 1.2
      vertex 39.5102 110.996 3.2
    endloop
  endfacet
  facet normal 0.53364 -0.467833 0.704528
    outer loop
      vertex 42.8432 114.957 1.2
      vertex 41.9938 117 3.2
      vertex 41.2644 116.168 3.2
    endloop
  endfacet
  facet normal 0.58987 -0.394552 0.704544
    outer loop
      vertex 42.8432 114.957 1.2
      vertex 41.2644 116.168 3.2
      vertex 40.6497 115.249 3.2
    endloop
  endfacet
  facet normal -0.695986 0.138427 0.704586
    outer loop
      vertex 56.2016 108.807 3.2
      vertex 56.4174 109.892 3.2
      vertex 54.4444 110.152 1.2
    endloop
  endfacet
  facet normal 0.468074 0.533348 0.70459
    outer loop
      vertex 42.8316 104.264 3.2
      vertex 44.043 105.843 1.2
      vertex 41.9998 104.994 3.2
    endloop
  endfacet
  facet normal -0.518388 -0.483829 0.705112
    outer loop
      vertex 52.5962 115.596 1.2
      vertex 54.0062 117 3.2
      vertex 54.0034 117.003 3.2
    endloop
  endfacet
  facet normal -0.533429 -0.467981 0.70459
    outer loop
      vertex 54.0062 117 3.2
      vertex 52.5962 115.596 1.2
      vertex 53.1568 114.957 1.2
    endloop
  endfacet
  facet normal 0.314194 -0.636211 0.704641
    outer loop
      vertex 45.5126 117.005 1.2
      vertex 44.751 118.844 3.2
      vertex 43.7588 118.354 3.2
    endloop
  endfacet
  facet normal -0.671933 0.228123 0.704603
    outer loop
      vertex 54.0052 108.513 1.2
      vertex 55.8451 107.755 3.2
      vertex 54.2785 109.318 1.2
    endloop
  endfacet
  facet normal -0.675162 0.219428 0.704278
    outer loop
      vertex 55.8451 107.755 3.2
      vertex 54.0052 108.513 1.2
      vertex 55.8438 107.751 3.2
    endloop
  endfacet
  facet normal 0.707859 -0.0530895 0.704355
    outer loop
      vertex 41.5 111 1.2
      vertex 39.5102 111.004 3.2
      vertex 39.5099 111 3.2
    endloop
  endfacet
  facet normal 0.708101 -0.0464274 0.704583
    outer loop
      vertex 39.5102 111.004 3.2
      vertex 41.5 111 1.2
      vertex 41.5556 111.848 1.2
    endloop
  endfacet
  facet normal -0.172841 0.691365 0.701528
    outer loop
      vertex 50.4874 104.995 1.2
      vertex 51.245 103.155 3.2
      vertex 51.249 103.156 3.2
    endloop
  endfacet
  facet normal -0.228618 0.671754 0.704614
    outer loop
      vertex 51.245 103.155 3.2
      vertex 50.4874 104.995 1.2
      vertex 49.6823 104.721 1.2
    endloop
  endfacet
  facet normal -0.484963 0.517294 0.705137
    outer loop
      vertex 52.5962 106.404 1.2
      vertex 54.0002 104.994 3.2
      vertex 54.0034 104.997 3.2
    endloop
  endfacet
  facet normal -0.468044 0.53337 0.704593
    outer loop
      vertex 54.0002 104.994 3.2
      vertex 52.5962 106.404 1.2
      vertex 51.9569 105.843 1.2
    endloop
  endfacet
  facet normal -0.137932 0.696075 0.704595
    outer loop
      vertex 49.1082 102.583 3.2
      vertex 50.1932 102.798 3.2
      vertex 48.8484 104.556 1.2
    endloop
  endfacet
  facet normal 0.314194 0.636211 0.704641
    outer loop
      vertex 44.751 103.156 3.2
      vertex 45.5126 104.995 1.2
      vertex 43.7588 103.646 3.2
    endloop
  endfacet
  facet normal -0.0468197 0.708068 0.704591
    outer loop
      vertex 49.1082 102.583 3.2
      vertex 48.8484 104.556 1.2
      vertex 48.0042 102.51 3.2
    endloop
  endfacet
  facet normal -0.53364 -0.467833 0.704528
    outer loop
      vertex 54.7356 116.168 3.2
      vertex 54.0062 117 3.2
      vertex 53.1568 114.957 1.2
    endloop
  endfacet
  facet normal 0.228339 -0.671932 0.704535
    outer loop
      vertex 46.3177 117.279 1.2
      vertex 45.8026 119.201 3.2
      vertex 44.755 118.845 3.2
    endloop
  endfacet
  facet normal -0.16423 -0.689765 0.705162
    outer loop
      vertex 50.1932 119.202 3.2
      vertex 49.6823 117.279 1.2
      vertex 50.1974 119.201 3.2
    endloop
  endfacet
  facet normal -0.137746 -0.696161 0.704546
    outer loop
      vertex 49.6823 117.279 1.2
      vertex 50.1932 119.202 3.2
      vertex 48.8484 117.444 1.2
    endloop
  endfacet
  facet normal -0.0468197 -0.708068 0.704591
    outer loop
      vertex 48.8484 117.444 1.2
      vertex 49.1082 119.417 3.2
      vertex 48.0042 119.49 3.2
    endloop
  endfacet
  facet normal -0.614529 0.353354 0.705333
    outer loop
      vertex 53.6292 107.75 1.2
      vertex 55.3503 106.751 3.2
      vertex 55.3526 106.755 3.2
    endloop
  endfacet
  facet normal -0.589992 0.394218 0.704629
    outer loop
      vertex 55.3503 106.751 3.2
      vertex 53.6292 107.75 1.2
      vertex 53.1568 107.043 1.2
    endloop
  endfacet
  facet normal -0.707859 0.0530895 0.704355
    outer loop
      vertex 54.5 111 1.2
      vertex 56.4898 110.996 3.2
      vertex 56.4901 111 3.2
    endloop
  endfacet
  facet normal -0.708101 0.0464274 0.704583
    outer loop
      vertex 56.4898 110.996 3.2
      vertex 54.5 111 1.2
      vertex 54.4444 110.152 1.2
    endloop
  endfacet
  facet normal -0.636554 0.313688 0.704556
    outer loop
      vertex 53.6292 107.75 1.2
      vertex 55.3545 106.759 3.2
      vertex 54.0052 108.513 1.2
    endloop
  endfacet
  facet normal -0.641335 0.304634 0.704193
    outer loop
      vertex 55.3545 106.759 3.2
      vertex 53.6292 107.75 1.2
      vertex 55.3526 106.755 3.2
    endloop
  endfacet
  facet normal 0 -0.708877 0.705332
    outer loop
      vertex 48 117.5 1.2
      vertex 48.0042 119.49 3.2
      vertex 48 119.49 3.2
    endloop
  endfacet
  facet normal -0.0467362 -0.708053 0.704611
    outer loop
      vertex 48.0042 119.49 3.2
      vertex 48 117.5 1.2
      vertex 48.8484 117.444 1.2
    endloop
  endfacet
  facet normal -0.53364 0.467833 0.704528
    outer loop
      vertex 54.0062 105 3.2
      vertex 54.7356 105.832 3.2
      vertex 53.1568 107.043 1.2
    endloop
  endfacet
  facet normal -0.58987 -0.394552 0.704544
    outer loop
      vertex 55.3503 115.249 3.2
      vertex 54.7356 116.168 3.2
      vertex 53.1568 114.957 1.2
    endloop
  endfacet
  facet normal -0.695978 0.138445 0.70459
    outer loop
      vertex 54.2785 109.318 1.2
      vertex 56.2016 108.807 3.2
      vertex 54.4444 110.152 1.2
    endloop
  endfacet
  facet normal -0.695812 0.139162 0.704614
    outer loop
      vertex 56.2016 108.807 3.2
      vertex 54.2785 109.318 1.2
      vertex 56.2008 108.803 3.2
    endloop
  endfacet
  facet normal -0.708103 0.0464372 0.70458
    outer loop
      vertex 56.4174 109.892 3.2
      vertex 56.4898 110.996 3.2
      vertex 54.4444 110.152 1.2
    endloop
  endfacet
  facet normal -0.484963 -0.517294 0.705137
    outer loop
      vertex 54.0002 117.006 3.2
      vertex 52.5962 115.596 1.2
      vertex 54.0034 117.003 3.2
    endloop
  endfacet
  facet normal -0.468044 -0.53337 0.704593
    outer loop
      vertex 52.5962 115.596 1.2
      vertex 54.0002 117.006 3.2
      vertex 51.9569 116.157 1.2
    endloop
  endfacet
  facet normal -0.465211 -0.542746 0.699289
    outer loop
      vertex 51.25 116.629 1.2
      vertex 52.2485 118.35 3.2
      vertex 52.245 118.353 3.2
    endloop
  endfacet
  facet normal -0.394057 -0.590167 0.704572
    outer loop
      vertex 52.2485 118.35 3.2
      vertex 51.25 116.629 1.2
      vertex 51.9569 116.157 1.2
    endloop
  endfacet
  facet normal -0.671966 -0.228071 0.704589
    outer loop
      vertex 56.2008 113.197 3.2
      vertex 55.8451 114.245 3.2
      vertex 54.2785 112.682 1.2
    endloop
  endfacet
  facet normal 0.636382 -0.313893 0.70462
    outer loop
      vertex 41.9948 113.487 1.2
      vertex 40.6455 115.241 3.2
      vertex 40.1562 114.249 3.2
    endloop
  endfacet
  facet normal 0.58987 0.394552 0.704544
    outer loop
      vertex 41.2644 105.832 3.2
      vertex 42.8432 107.043 1.2
      vertex 40.6497 106.751 3.2
    endloop
  endfacet
  facet normal 0.0468197 -0.708068 0.704591
    outer loop
      vertex 47.1516 117.444 1.2
      vertex 47.9958 119.49 3.2
      vertex 46.8918 119.417 3.2
    endloop
  endfacet
  facet normal 0.394018 0.590192 0.704573
    outer loop
      vertex 43.7515 103.65 3.2
      vertex 44.75 105.371 1.2
      vertex 44.043 105.843 1.2
    endloop
  endfacet
  facet normal 0.465211 0.542746 0.699289
    outer loop
      vertex 44.75 105.371 1.2
      vertex 43.7515 103.65 3.2
      vertex 43.755 103.647 3.2
    endloop
  endfacet
  facet normal -0.16423 0.689765 0.705162
    outer loop
      vertex 49.6823 104.721 1.2
      vertex 50.1932 102.798 3.2
      vertex 50.1974 102.799 3.2
    endloop
  endfacet
  facet normal -0.137746 0.696161 0.704546
    outer loop
      vertex 50.1932 102.798 3.2
      vertex 49.6823 104.721 1.2
      vertex 48.8484 104.556 1.2
    endloop
  endfacet
  facet normal -0.533429 0.467981 0.70459
    outer loop
      vertex 52.5962 106.404 1.2
      vertex 54.0062 105 3.2
      vertex 53.1568 107.043 1.2
    endloop
  endfacet
  facet normal -0.518388 0.483829 0.705112
    outer loop
      vertex 54.0062 105 3.2
      vertex 52.5962 106.404 1.2
      vertex 54.0034 104.997 3.2
    endloop
  endfacet
  facet normal -0.228339 0.671932 0.704535
    outer loop
      vertex 50.1974 102.799 3.2
      vertex 51.245 103.155 3.2
      vertex 49.6823 104.721 1.2
    endloop
  endfacet
  facet normal -0.393943 0.590209 0.704601
    outer loop
      vertex 52.2485 103.65 3.2
      vertex 53.1684 104.264 3.2
      vertex 51.9569 105.843 1.2
    endloop
  endfacet
  facet normal 0.636382 0.313893 0.70462
    outer loop
      vertex 40.6455 106.759 3.2
      vertex 41.9948 108.513 1.2
      vertex 40.1562 107.751 3.2
    endloop
  endfacet
  facet normal 0.675162 -0.219428 0.704278
    outer loop
      vertex 40.1549 114.245 3.2
      vertex 41.9948 113.487 1.2
      vertex 40.1562 114.249 3.2
    endloop
  endfacet
  facet normal 0.671933 -0.228123 0.704603
    outer loop
      vertex 41.9948 113.487 1.2
      vertex 40.1549 114.245 3.2
      vertex 41.7215 112.682 1.2
    endloop
  endfacet
  facet normal 0.641335 -0.304634 0.704193
    outer loop
      vertex 40.6455 115.241 3.2
      vertex 42.3708 114.25 1.2
      vertex 40.6474 115.245 3.2
    endloop
  endfacet
  facet normal 0.636554 -0.313688 0.704556
    outer loop
      vertex 42.3708 114.25 1.2
      vertex 40.6455 115.241 3.2
      vertex 41.9948 113.487 1.2
    endloop
  endfacet
  facet normal 0.671966 0.228071 0.704589
    outer loop
      vertex 40.1549 107.755 3.2
      vertex 41.7215 109.318 1.2
      vertex 39.7992 108.803 3.2
    endloop
  endfacet
  facet normal 0.589992 0.394218 0.704629
    outer loop
      vertex 42.3708 107.75 1.2
      vertex 40.6497 106.751 3.2
      vertex 42.8432 107.043 1.2
    endloop
  endfacet
  facet normal 0.614529 0.353354 0.705333
    outer loop
      vertex 40.6497 106.751 3.2
      vertex 42.3708 107.75 1.2
      vertex 40.6474 106.755 3.2
    endloop
  endfacet
  facet normal 0.228618 -0.671754 0.704614
    outer loop
      vertex 44.755 118.845 3.2
      vertex 45.5126 117.005 1.2
      vertex 46.3177 117.279 1.2
    endloop
  endfacet
  facet normal 0.172841 -0.691365 0.701528
    outer loop
      vertex 45.5126 117.005 1.2
      vertex 44.755 118.845 3.2
      vertex 44.751 118.844 3.2
    endloop
  endfacet
  facet normal -0.183567 -0.697556 0.692618
    outer loop
      vertex 52.2412 118.354 3.2
      vertex 51.25 116.629 1.2
      vertex 52.245 118.353 3.2
    endloop
  endfacet
  facet normal -0.313833 -0.636513 0.704528
    outer loop
      vertex 51.25 116.629 1.2
      vertex 52.2412 118.354 3.2
      vertex 50.4874 117.005 1.2
    endloop
  endfacet
  facet normal 0.0468197 0.708068 0.704591
    outer loop
      vertex 47.9958 102.51 3.2
      vertex 47.1516 104.556 1.2
      vertex 46.8918 102.583 3.2
    endloop
  endfacet
  facet normal 0.393949 -0.590217 0.704591
    outer loop
      vertex 44.043 116.157 1.2
      vertex 43.7515 118.35 3.2
      vertex 42.8316 117.736 3.2
    endloop
  endfacet
  facet normal 0.695986 0.138427 0.704586
    outer loop
      vertex 39.7984 108.807 3.2
      vertex 41.5556 110.152 1.2
      vertex 39.5826 109.892 3.2
    endloop
  endfacet
  facet normal 0.695978 0.138445 0.70459
    outer loop
      vertex 39.7984 108.807 3.2
      vertex 41.7215 109.318 1.2
      vertex 41.5556 110.152 1.2
    endloop
  endfacet
  facet normal 0.695812 0.139162 0.704614
    outer loop
      vertex 41.7215 109.318 1.2
      vertex 39.7984 108.807 3.2
      vertex 39.7992 108.803 3.2
    endloop
  endfacet
  facet normal 0.465211 -0.542746 0.699289
    outer loop
      vertex 43.7515 118.35 3.2
      vertex 44.75 116.629 1.2
      vertex 43.755 118.353 3.2
    endloop
  endfacet
  facet normal 0.394018 -0.590192 0.704573
    outer loop
      vertex 44.75 116.629 1.2
      vertex 43.7515 118.35 3.2
      vertex 44.043 116.157 1.2
    endloop
  endfacet
  facet normal 0.137932 0.696075 0.704595
    outer loop
      vertex 46.8918 102.583 3.2
      vertex 47.1516 104.556 1.2
      vertex 45.8068 102.798 3.2
    endloop
  endfacet
  facet normal 0.137746 -0.696161 0.704546
    outer loop
      vertex 45.8068 119.202 3.2
      vertex 46.3177 117.279 1.2
      vertex 47.1516 117.444 1.2
    endloop
  endfacet
  facet normal 0.16423 -0.689765 0.705162
    outer loop
      vertex 46.3177 117.279 1.2
      vertex 45.8068 119.202 3.2
      vertex 45.8026 119.201 3.2
    endloop
  endfacet
  facet normal 0.695986 -0.138427 0.704586
    outer loop
      vertex 41.5556 111.848 1.2
      vertex 39.7984 113.193 3.2
      vertex 39.5826 112.108 3.2
    endloop
  endfacet
  facet normal 0.313833 -0.636513 0.704528
    outer loop
      vertex 43.7588 118.354 3.2
      vertex 44.75 116.629 1.2
      vertex 45.5126 117.005 1.2
    endloop
  endfacet
  facet normal 0.183567 -0.697556 0.692618
    outer loop
      vertex 44.75 116.629 1.2
      vertex 43.7588 118.354 3.2
      vertex 43.755 118.353 3.2
    endloop
  endfacet
  facet normal 0.636554 0.313688 0.704556
    outer loop
      vertex 40.6455 106.759 3.2
      vertex 42.3708 107.75 1.2
      vertex 41.9948 108.513 1.2
    endloop
  endfacet
  facet normal 0.641335 0.304634 0.704193
    outer loop
      vertex 42.3708 107.75 1.2
      vertex 40.6455 106.759 3.2
      vertex 40.6474 106.755 3.2
    endloop
  endfacet
  facet normal 0 0.708877 0.705332
    outer loop
      vertex 48 104.5 1.2
      vertex 47.9958 102.51 3.2
      vertex 48 102.51 3.2
    endloop
  endfacet
  facet normal 0.0467362 0.708053 0.704611
    outer loop
      vertex 47.9958 102.51 3.2
      vertex 48 104.5 1.2
      vertex 47.1516 104.556 1.2
    endloop
  endfacet
  facet normal 0.533429 0.467981 0.70459
    outer loop
      vertex 41.9938 105 3.2
      vertex 43.4038 106.404 1.2
      vertex 42.8432 107.043 1.2
    endloop
  endfacet
  facet normal 0.518388 0.483829 0.705112
    outer loop
      vertex 43.4038 106.404 1.2
      vertex 41.9938 105 3.2
      vertex 41.9966 104.997 3.2
    endloop
  endfacet
  facet normal 0.137932 -0.696075 0.704595
    outer loop
      vertex 47.1516 117.444 1.2
      vertex 46.8918 119.417 3.2
      vertex 45.8068 119.202 3.2
    endloop
  endfacet
  facet normal 0.0467362 -0.708053 0.704611
    outer loop
      vertex 48 117.5 1.2
      vertex 47.9958 119.49 3.2
      vertex 47.1516 117.444 1.2
    endloop
  endfacet
  facet normal 0 -0.708877 0.705332
    outer loop
      vertex 47.9958 119.49 3.2
      vertex 48 117.5 1.2
      vertex 48 119.49 3.2
    endloop
  endfacet
  facet normal 0.695812 -0.139162 0.704614
    outer loop
      vertex 39.7984 113.193 3.2
      vertex 41.7215 112.682 1.2
      vertex 39.7992 113.197 3.2
    endloop
  endfacet
  facet normal 0.695978 -0.138445 0.70459
    outer loop
      vertex 41.7215 112.682 1.2
      vertex 39.7984 113.193 3.2
      vertex 41.5556 111.848 1.2
    endloop
  endfacet
  facet normal -0.468066 -0.533339 0.704602
    outer loop
      vertex 54.0002 117.006 3.2
      vertex 53.1684 117.736 3.2
      vertex 51.9569 116.157 1.2
    endloop
  endfacet
  facet normal -0 0 1
    outer loop
      vertex 43.4506 -1.14371 2.8
      vertex 43.946 -2.64236 2.8
      vertex 43.946 -1.14371 2.8
    endloop
  endfacet
  facet normal 0 0 1
    outer loop
      vertex 43.4506 -3.76018 2.8
      vertex 43.946 -2.64236 2.8
      vertex 43.4506 -1.14371 2.8
    endloop
  endfacet
  facet normal 0 0 1
    outer loop
      vertex 43.946 -2.64236 2.8
      vertex 43.4506 -3.76018 2.8
      vertex 43.946 -3.04434 2.8
    endloop
  endfacet
  facet normal 0 0 1
    outer loop
      vertex 43.946 -3.04434 2.8
      vertex 43.4506 -3.76018 2.8
      vertex 43.946 -3.76018 2.8
    endloop
  endfacet
  facet normal -0 0 1
    outer loop
      vertex 44.6266 -1.85249 2.8
      vertex 44.4891 -2.59653 2.8
      vertex 45.1591 -1.85249 2.8
    endloop
  endfacet
  facet normal 0 0 1
    outer loop
      vertex 43.946 -2.64236 2.8
      vertex 44.4891 -2.59653 2.8
      vertex 44.6266 -1.85249 2.8
    endloop
  endfacet
  facet normal 0 0 1
    outer loop
      vertex 44.4891 -2.59653 2.8
      vertex 43.946 -2.64236 2.8
      vertex 44.1594 -2.89626 2.8
    endloop
  endfacet
  facet normal 0 0 1
    outer loop
      vertex 44.1594 -2.89626 2.8
      vertex 43.946 -2.64236 2.8
      vertex 43.946 -3.04434 2.8
    endloop
  endfacet
  facet normal 0 0 1
    outer loop
      vertex 44.4891 -2.59653 2.8
      vertex 44.6689 -3.76018 2.8
      vertex 45.2102 -3.76018 2.8
    endloop
  endfacet
  facet normal 0 0 1
    outer loop
      vertex 44.6689 -3.76018 2.8
      vertex 44.4891 -2.59653 2.8
      vertex 44.1594 -2.89626 2.8
    endloop
  endfacet
  facet normal -0 0 1
    outer loop
      vertex 51.0924 -1.14371 2.8
      vertex 51.5879 -2.64236 2.8
      vertex 51.5879 -1.14371 2.8
    endloop
  endfacet
  facet normal 0 0 1
    outer loop
      vertex 51.0924 -3.76018 2.8
      vertex 51.5879 -2.64236 2.8
      vertex 51.0924 -1.14371 2.8
    endloop
  endfacet
  facet normal 0 0 1
    outer loop
      vertex 51.5879 -2.64236 2.8
      vertex 51.0924 -3.76018 2.8
      vertex 51.5879 -3.04434 2.8
    endloop
  endfacet
  facet normal 0 0 1
    outer loop
      vertex 51.5879 -3.04434 2.8
      vertex 51.0924 -3.76018 2.8
      vertex 51.5879 -3.76018 2.8
    endloop
  endfacet
  facet normal -0 0 1
    outer loop
      vertex 52.2684 -1.85249 2.8
      vertex 52.1309 -2.59653 2.8
      vertex 52.8009 -1.85249 2.8
    endloop
  endfacet
  facet normal 0 0 1
    outer loop
      vertex 51.5879 -2.64236 2.8
      vertex 52.1309 -2.59653 2.8
      vertex 52.2684 -1.85249 2.8
    endloop
  endfacet
  facet normal 0 0 1
    outer loop
      vertex 52.1309 -2.59653 2.8
      vertex 51.5879 -2.64236 2.8
      vertex 51.8012 -2.89626 2.8
    endloop
  endfacet
  facet normal 0 0 1
    outer loop
      vertex 51.8012 -2.89626 2.8
      vertex 51.5879 -2.64236 2.8
      vertex 51.5879 -3.04434 2.8
    endloop
  endfacet
  facet normal 0 0 1
    outer loop
      vertex 52.1309 -2.59653 2.8
      vertex 52.3107 -3.76018 2.8
      vertex 52.852 -3.76018 2.8
    endloop
  endfacet
  facet normal 0 0 1
    outer loop
      vertex 52.3107 -3.76018 2.8
      vertex 52.1309 -2.59653 2.8
      vertex 51.8012 -2.89626 2.8
    endloop
  endfacet
  facet normal -0 0 1
    outer loop
      vertex 48.0761 -2.71117 2.8
      vertex 48.5967 -2.80458 2.8
      vertex 48.5916 -2.67261 2.8
    endloop
  endfacet
  facet normal -0 0 1
    outer loop
      vertex 48.0693 -2.62538 2.8
      vertex 48.5916 -2.67261 2.8
      vertex 48.5766 -2.54974 2.8
    endloop
  endfacet
  facet normal 0 0 1
    outer loop
      vertex 48.5967 -2.80458 2.8
      vertex 48.0783 -2.80458 2.8
      vertex 48.5914 -2.93297 2.8
    endloop
  endfacet
  facet normal 0 0 1
    outer loop
      vertex 48.0693 -2.62538 2.8
      vertex 48.5766 -2.54974 2.8
      vertex 48.5515 -2.436 2.8
    endloop
  endfacet
  facet normal 0 0 1
    outer loop
      vertex 48.069 -2.97765 2.8
      vertex 48.5914 -2.93297 2.8
      vertex 48.0783 -2.80458 2.8
    endloop
  endfacet
  facet normal 0 0 1
    outer loop
      vertex 48.0579 -2.54723 2.8
      vertex 48.5515 -2.436 2.8
      vertex 48.5164 -2.33134 2.8
    endloop
  endfacet
  facet normal 0 0 1
    outer loop
      vertex 48.5914 -2.93297 2.8
      vertex 48.069 -2.97765 2.8
      vertex 48.5757 -3.05321 2.8
    endloop
  endfacet
  facet normal 0 0 1
    outer loop
      vertex 48.0421 -2.47672 2.8
      vertex 48.5164 -2.33134 2.8
      vertex 48.4712 -2.23579 2.8
    endloop
  endfacet
  facet normal 0 0 1
    outer loop
      vertex 48.5757 -3.05321 2.8
      vertex 48.069 -2.97765 2.8
      vertex 48.5494 -3.16527 2.8
    endloop
  endfacet
  facet normal 0 0 1
    outer loop
      vertex 48.0217 -2.41382 2.8
      vertex 48.4712 -2.23579 2.8
      vertex 48.416 -2.14935 2.8
    endloop
  endfacet
  facet normal -0 0 1
    outer loop
      vertex 48.041 -3.12408 2.8
      vertex 48.5494 -3.16527 2.8
      vertex 48.069 -2.97765 2.8
    endloop
  endfacet
  facet normal 0 0 1
    outer loop
      vertex 47.9967 -2.35855 2.8
      vertex 48.416 -2.14935 2.8
      vertex 48.3507 -2.07202 2.8
    endloop
  endfacet
  facet normal 0 0 1
    outer loop
      vertex 48.5494 -3.16527 2.8
      vertex 48.041 -3.12408 2.8
      vertex 48.5126 -3.26917 2.8
    endloop
  endfacet
  facet normal 0 0 1
    outer loop
      vertex 47.9673 -2.3109 2.8
      vertex 48.3507 -2.07202 2.8
      vertex 48.2759 -2.00443 2.8
    endloop
  endfacet
  facet normal 0 0 1
    outer loop
      vertex 48.5126 -3.26917 2.8
      vertex 48.041 -3.12408 2.8
      vertex 48.4653 -3.3649 2.8
    endloop
  endfacet
  facet normal 0 0 1
    outer loop
      vertex 47.9335 -2.2702 2.8
      vertex 48.2759 -2.00443 2.8
      vertex 48.1921 -1.94724 2.8
    endloop
  endfacet
  facet normal -0 0 1
    outer loop
      vertex 47.9945 -3.24391 2.8
      vertex 48.4653 -3.3649 2.8
      vertex 48.041 -3.12408 2.8
    endloop
  endfacet
  facet normal 0 0 1
    outer loop
      vertex 47.9335 -2.2702 2.8
      vertex 48.1921 -1.94724 2.8
      vertex 48.0993 -1.90044 2.8
    endloop
  endfacet
  facet normal 0 0 1
    outer loop
      vertex 48.5967 -2.80458 2.8
      vertex 48.0761 -2.71117 2.8
      vertex 48.0783 -2.80458 2.8
    endloop
  endfacet
  facet normal 0 0 1
    outer loop
      vertex 48.4075 -3.45245 2.8
      vertex 47.9945 -3.24391 2.8
      vertex 48.3392 -3.53185 2.8
    endloop
  endfacet
  facet normal 0 0 1
    outer loop
      vertex 48.4653 -3.3649 2.8
      vertex 47.9945 -3.24391 2.8
      vertex 48.4075 -3.45245 2.8
    endloop
  endfacet
  facet normal 0 0 1
    outer loop
      vertex 48.5916 -2.67261 2.8
      vertex 48.0693 -2.62538 2.8
      vertex 48.0761 -2.71117 2.8
    endloop
  endfacet
  facet normal 0 0 1
    outer loop
      vertex 48.5515 -2.436 2.8
      vertex 48.0579 -2.54723 2.8
      vertex 48.0693 -2.62538 2.8
    endloop
  endfacet
  facet normal 0 0 1
    outer loop
      vertex 48.5164 -2.33134 2.8
      vertex 48.0421 -2.47672 2.8
      vertex 48.0579 -2.54723 2.8
    endloop
  endfacet
  facet normal 0 0 1
    outer loop
      vertex 48.4712 -2.23579 2.8
      vertex 48.0217 -2.41382 2.8
      vertex 48.0421 -2.47672 2.8
    endloop
  endfacet
  facet normal 0 0 1
    outer loop
      vertex 47.8956 -2.23576 2.8
      vertex 48.0993 -1.90044 2.8
      vertex 47.9974 -1.86403 2.8
    endloop
  endfacet
  facet normal 0 0 1
    outer loop
      vertex 48.416 -2.14935 2.8
      vertex 47.9967 -2.35855 2.8
      vertex 48.0217 -2.41382 2.8
    endloop
  endfacet
  facet normal 0 0 1
    outer loop
      vertex 48.3507 -2.07202 2.8
      vertex 47.9673 -2.3109 2.8
      vertex 47.9967 -2.35855 2.8
    endloop
  endfacet
  facet normal 0 0 1
    outer loop
      vertex 48.2759 -2.00443 2.8
      vertex 47.9335 -2.2702 2.8
      vertex 47.9673 -2.3109 2.8
    endloop
  endfacet
  facet normal 0 0 1
    outer loop
      vertex 48.0993 -1.90044 2.8
      vertex 47.8956 -2.23576 2.8
      vertex 47.9335 -2.2702 2.8
    endloop
  endfacet
  facet normal 0 0 1
    outer loop
      vertex 47.8075 -2.18568 2.8
      vertex 47.9974 -1.86403 2.8
      vertex 47.8865 -1.83804 2.8
    endloop
  endfacet
  facet normal 0 0 1
    outer loop
      vertex 47.9974 -1.86403 2.8
      vertex 47.8536 -2.2076 2.8
      vertex 47.8956 -2.23576 2.8
    endloop
  endfacet
  facet normal 0 0 1
    outer loop
      vertex 47.9974 -1.86403 2.8
      vertex 47.8075 -2.18568 2.8
      vertex 47.8536 -2.2076 2.8
    endloop
  endfacet
  facet normal 0 0 1
    outer loop
      vertex 47.7573 -2.17003 2.8
      vertex 47.8865 -1.83804 2.8
      vertex 47.7665 -1.82243 2.8
    endloop
  endfacet
  facet normal 0 0 1
    outer loop
      vertex 47.8865 -1.83804 2.8
      vertex 47.7573 -2.17003 2.8
      vertex 47.8075 -2.18568 2.8
    endloop
  endfacet
  facet normal 0 0 1
    outer loop
      vertex 47.7665 -1.82243 2.8
      vertex 47.703 -2.16063 2.8
      vertex 47.7573 -2.17003 2.8
    endloop
  endfacet
  facet normal 0 0 1
    outer loop
      vertex 47.6375 -1.81725 2.8
      vertex 47.703 -2.16063 2.8
      vertex 47.7665 -1.82243 2.8
    endloop
  endfacet
  facet normal 0 0 1
    outer loop
      vertex 47.703 -2.16063 2.8
      vertex 47.6375 -1.81725 2.8
      vertex 47.6446 -2.1575 2.8
    endloop
  endfacet
  facet normal -0 0 1
    outer loop
      vertex 47.5112 -1.82262 2.8
      vertex 47.6446 -2.1575 2.8
      vertex 47.6375 -1.81725 2.8
    endloop
  endfacet
  facet normal 0 0 1
    outer loop
      vertex 47.6446 -2.1575 2.8
      vertex 47.5112 -1.82262 2.8
      vertex 47.5249 -2.17072 2.8
    endloop
  endfacet
  facet normal -0 0 1
    outer loop
      vertex 47.3932 -1.83876 2.8
      vertex 47.5249 -2.17072 2.8
      vertex 47.5112 -1.82262 2.8
    endloop
  endfacet
  facet normal 0 0 1
    outer loop
      vertex 47.5249 -2.17072 2.8
      vertex 47.3932 -1.83876 2.8
      vertex 47.4235 -2.21033 2.8
    endloop
  endfacet
  facet normal -0 0 1
    outer loop
      vertex 47.2834 -1.86566 2.8
      vertex 47.4235 -2.21033 2.8
      vertex 47.3932 -1.83876 2.8
    endloop
  endfacet
  facet normal -0 0 1
    outer loop
      vertex 47.1819 -1.90331 2.8
      vertex 47.4235 -2.21033 2.8
      vertex 47.2834 -1.86566 2.8
    endloop
  endfacet
  facet normal 0 0 1
    outer loop
      vertex 47.4235 -2.21033 2.8
      vertex 47.1819 -1.90331 2.8
      vertex 47.3406 -2.27635 2.8
    endloop
  endfacet
  facet normal -0 0 1
    outer loop
      vertex 47.0886 -1.95172 2.8
      vertex 47.3406 -2.27635 2.8
      vertex 47.1819 -1.90331 2.8
    endloop
  endfacet
  facet normal -0 0 1
    outer loop
      vertex 47.0037 -2.01089 2.8
      vertex 47.3406 -2.27635 2.8
      vertex 47.0886 -1.95172 2.8
    endloop
  endfacet
  facet normal -0 0 1
    outer loop
      vertex 46.927 -2.08083 2.8
      vertex 47.2762 -2.36879 2.8
      vertex 47.0037 -2.01089 2.8
    endloop
  endfacet
  facet normal 0 0 1
    outer loop
      vertex 47.3406 -2.27635 2.8
      vertex 47.0037 -2.01089 2.8
      vertex 47.2762 -2.36879 2.8
    endloop
  endfacet
  facet normal 0 0 1
    outer loop
      vertex 48.3392 -3.53185 2.8
      vertex 47.9945 -3.24391 2.8
      vertex 48.2617 -3.60178 2.8
    endloop
  endfacet
  facet normal -0 0 1
    outer loop
      vertex 47.9292 -3.3371 2.8
      vertex 48.2617 -3.60178 2.8
      vertex 47.9945 -3.24391 2.8
    endloop
  endfacet
  facet normal 0 0 1
    outer loop
      vertex 48.2617 -3.60178 2.8
      vertex 47.9292 -3.3371 2.8
      vertex 48.176 -3.66095 2.8
    endloop
  endfacet
  facet normal 0 0 1
    outer loop
      vertex 48.176 -3.66095 2.8
      vertex 47.9292 -3.3371 2.8
      vertex 48.0823 -3.70937 2.8
    endloop
  endfacet
  facet normal -0 0 1
    outer loop
      vertex 47.8454 -3.40366 2.8
      vertex 48.0823 -3.70937 2.8
      vertex 47.9292 -3.3371 2.8
    endloop
  endfacet
  facet normal 0 0 1
    outer loop
      vertex 48.0823 -3.70937 2.8
      vertex 47.8454 -3.40366 2.8
      vertex 47.9806 -3.74702 2.8
    endloop
  endfacet
  facet normal 0 0 1
    outer loop
      vertex 47.9806 -3.74702 2.8
      vertex 47.8454 -3.40366 2.8
      vertex 47.8708 -3.77393 2.8
    endloop
  endfacet
  facet normal -0 0 1
    outer loop
      vertex 47.7428 -3.4436 2.8
      vertex 47.8708 -3.77393 2.8
      vertex 47.8454 -3.40366 2.8
    endloop
  endfacet
  facet normal 0 0 1
    outer loop
      vertex 47.8708 -3.77393 2.8
      vertex 47.7428 -3.4436 2.8
      vertex 47.7529 -3.79005 2.8
    endloop
  endfacet
  facet normal -0 0 1
    outer loop
      vertex 47.6217 -3.45691 2.8
      vertex 47.7529 -3.79005 2.8
      vertex 47.7428 -3.4436 2.8
    endloop
  endfacet
  facet normal 0 0 1
    outer loop
      vertex 47.7529 -3.79005 2.8
      vertex 47.6217 -3.45691 2.8
      vertex 47.627 -3.79544 2.8
    endloop
  endfacet
  facet normal 0 0 1
    outer loop
      vertex 47.5642 -3.45352 2.8
      vertex 47.627 -3.79544 2.8
      vertex 47.6217 -3.45691 2.8
    endloop
  endfacet
  facet normal 0 0 1
    outer loop
      vertex 47.5035 -3.79004 2.8
      vertex 47.5642 -3.45352 2.8
      vertex 47.5108 -3.44331 2.8
    endloop
  endfacet
  facet normal 0 0 1
    outer loop
      vertex 47.5642 -3.45352 2.8
      vertex 47.5035 -3.79004 2.8
      vertex 47.627 -3.79544 2.8
    endloop
  endfacet
  facet normal 0 0 1
    outer loop
      vertex 47.3878 -3.77385 2.8
      vertex 47.5108 -3.44331 2.8
      vertex 47.4613 -3.42632 2.8
    endloop
  endfacet
  facet normal 0 0 1
    outer loop
      vertex 47.2799 -3.74686 2.8
      vertex 47.4613 -3.42632 2.8
      vertex 47.4159 -3.40251 2.8
    endloop
  endfacet
  facet normal 0 0 1
    outer loop
      vertex 47.5108 -3.44331 2.8
      vertex 47.3878 -3.77385 2.8
      vertex 47.5035 -3.79004 2.8
    endloop
  endfacet
  facet normal 0 0 1
    outer loop
      vertex 47.1799 -3.70908 2.8
      vertex 47.4159 -3.40251 2.8
      vertex 47.3744 -3.37192 2.8
    endloop
  endfacet
  facet normal 0 0 1
    outer loop
      vertex 47.0878 -3.66051 2.8
      vertex 47.3744 -3.37192 2.8
      vertex 47.3369 -3.3345 2.8
    endloop
  endfacet
  facet normal 0 0 1
    outer loop
      vertex 47.0035 -3.60114 2.8
      vertex 47.3369 -3.3345 2.8
      vertex 47.3034 -3.29031 2.8
    endloop
  endfacet
  facet normal 0 0 1
    outer loop
      vertex 47.4613 -3.42632 2.8
      vertex 47.2799 -3.74686 2.8
      vertex 47.3878 -3.77385 2.8
    endloop
  endfacet
  facet normal 0 0 1
    outer loop
      vertex 46.927 -3.53096 2.8
      vertex 47.3034 -3.29031 2.8
      vertex 47.2742 -3.23959 2.8
    endloop
  endfacet
  facet normal 0 0 1
    outer loop
      vertex 46.8596 -3.45137 2.8
      vertex 47.2742 -3.23959 2.8
      vertex 47.2495 -3.18265 2.8
    endloop
  endfacet
  facet normal 0 0 1
    outer loop
      vertex 46.8027 -3.36372 2.8
      vertex 47.2495 -3.18265 2.8
      vertex 47.2292 -3.11949 2.8
    endloop
  endfacet
  facet normal 0 0 1
    outer loop
      vertex 46.756 -3.26801 2.8
      vertex 47.2292 -3.11949 2.8
      vertex 47.2135 -3.05009 2.8
    endloop
  endfacet
  facet normal 0 0 1
    outer loop
      vertex 46.7198 -3.16425 2.8
      vertex 47.2135 -3.05009 2.8
      vertex 47.2023 -2.97449 2.8
    endloop
  endfacet
  facet normal 0 0 1
    outer loop
      vertex 47.4159 -3.40251 2.8
      vertex 47.1799 -3.70908 2.8
      vertex 47.2799 -3.74686 2.8
    endloop
  endfacet
  facet normal -0 0 1
    outer loop
      vertex 46.6783 -2.93253 2.8
      vertex 47.2023 -2.97449 2.8
      vertex 47.1955 -2.89264 2.8
    endloop
  endfacet
  facet normal -0 0 1
    outer loop
      vertex 46.6731 -2.80458 2.8
      vertex 47.1955 -2.89264 2.8
      vertex 47.1933 -2.80458 2.8
    endloop
  endfacet
  facet normal -0 0 1
    outer loop
      vertex 46.8596 -2.16016 2.8
      vertex 47.2762 -2.36879 2.8
      vertex 46.927 -2.08083 2.8
    endloop
  endfacet
  facet normal -0 0 1
    outer loop
      vertex 46.8027 -2.2475 2.8
      vertex 47.2762 -2.36879 2.8
      vertex 46.8596 -2.16016 2.8
    endloop
  endfacet
  facet normal 0 0 1
    outer loop
      vertex 47.1955 -2.89264 2.8
      vertex 46.6731 -2.80458 2.8
      vertex 46.6783 -2.93253 2.8
    endloop
  endfacet
  facet normal 0 0 1
    outer loop
      vertex 47.2762 -2.36879 2.8
      vertex 46.8027 -2.2475 2.8
      vertex 47.2301 -2.48766 2.8
    endloop
  endfacet
  facet normal 0 0 1
    outer loop
      vertex 47.2023 -2.97449 2.8
      vertex 46.6783 -2.93253 2.8
      vertex 46.6938 -3.05241 2.8
    endloop
  endfacet
  facet normal -0 0 1
    outer loop
      vertex 46.756 -2.34286 2.8
      vertex 47.2301 -2.48766 2.8
      vertex 46.8027 -2.2475 2.8
    endloop
  endfacet
  facet normal 0 0 1
    outer loop
      vertex 47.2023 -2.97449 2.8
      vertex 46.6938 -3.05241 2.8
      vertex 46.7198 -3.16425 2.8
    endloop
  endfacet
  facet normal -0 0 1
    outer loop
      vertex 46.7198 -2.44626 2.8
      vertex 47.2301 -2.48766 2.8
      vertex 46.756 -2.34286 2.8
    endloop
  endfacet
  facet normal 0 0 1
    outer loop
      vertex 47.2135 -3.05009 2.8
      vertex 46.7198 -3.16425 2.8
      vertex 46.756 -3.26801 2.8
    endloop
  endfacet
  facet normal 0 0 1
    outer loop
      vertex 47.2301 -2.48766 2.8
      vertex 46.7198 -2.44626 2.8
      vertex 47.2025 -2.6329 2.8
    endloop
  endfacet
  facet normal 0 0 1
    outer loop
      vertex 47.3744 -3.37192 2.8
      vertex 47.0878 -3.66051 2.8
      vertex 47.1799 -3.70908 2.8
    endloop
  endfacet
  facet normal -0 0 1
    outer loop
      vertex 46.6938 -2.55766 2.8
      vertex 47.2025 -2.6329 2.8
      vertex 46.7198 -2.44626 2.8
    endloop
  endfacet
  facet normal 0 0 1
    outer loop
      vertex 47.3369 -3.3345 2.8
      vertex 47.0035 -3.60114 2.8
      vertex 47.0878 -3.66051 2.8
    endloop
  endfacet
  facet normal 0 0 1
    outer loop
      vertex 46.6783 -2.67711 2.8
      vertex 47.2025 -2.6329 2.8
      vertex 46.6938 -2.55766 2.8
    endloop
  endfacet
  facet normal 0 0 1
    outer loop
      vertex 47.1933 -2.80458 2.8
      vertex 46.6783 -2.67711 2.8
      vertex 46.6731 -2.80458 2.8
    endloop
  endfacet
  facet normal 0 0 1
    outer loop
      vertex 47.2025 -2.6329 2.8
      vertex 46.6783 -2.67711 2.8
      vertex 47.1933 -2.80458 2.8
    endloop
  endfacet
  facet normal 0 0 1
    outer loop
      vertex 47.3034 -3.29031 2.8
      vertex 46.927 -3.53096 2.8
      vertex 47.0035 -3.60114 2.8
    endloop
  endfacet
  facet normal 0 0 1
    outer loop
      vertex 47.2742 -3.23959 2.8
      vertex 46.8596 -3.45137 2.8
      vertex 46.927 -3.53096 2.8
    endloop
  endfacet
  facet normal 0 0 1
    outer loop
      vertex 47.2495 -3.18265 2.8
      vertex 46.8027 -3.36372 2.8
      vertex 46.8596 -3.45137 2.8
    endloop
  endfacet
  facet normal 0 0 1
    outer loop
      vertex 47.2292 -3.11949 2.8
      vertex 46.756 -3.26801 2.8
      vertex 46.8027 -3.36372 2.8
    endloop
  endfacet
  facet normal 0 0 1
    outer loop
      vertex 45.8932 -2.25978 2.8
      vertex 45.4117 -2.25655 2.8
      vertex 45.4118 -2.30032 2.8
    endloop
  endfacet
  facet normal 0 0 1
    outer loop
      vertex 45.8718 -1.86421 2.8
      vertex 45.4115 -2.2149 2.8
      vertex 45.4117 -2.25655 2.8
    endloop
  endfacet
  facet normal 0 0 1
    outer loop
      vertex 45.8718 -1.86421 2.8
      vertex 45.411 -2.17538 2.8
      vertex 45.4115 -2.2149 2.8
    endloop
  endfacet
  facet normal 0 0 1
    outer loop
      vertex 45.8718 -1.86421 2.8
      vertex 45.4104 -2.13797 2.8
      vertex 45.411 -2.17538 2.8
    endloop
  endfacet
  facet normal 0 0 1
    outer loop
      vertex 45.8718 -1.86421 2.8
      vertex 45.4096 -2.10269 2.8
      vertex 45.4104 -2.13797 2.8
    endloop
  endfacet
  facet normal 0 0 1
    outer loop
      vertex 45.8718 -1.86421 2.8
      vertex 45.4086 -2.06953 2.8
      vertex 45.4096 -2.10269 2.8
    endloop
  endfacet
  facet normal 0 0 1
    outer loop
      vertex 45.8718 -1.86421 2.8
      vertex 45.4074 -2.0385 2.8
      vertex 45.4086 -2.06953 2.8
    endloop
  endfacet
  facet normal 0 0 1
    outer loop
      vertex 45.8718 -1.86421 2.8
      vertex 45.4061 -2.00902 2.8
      vertex 45.4074 -2.0385 2.8
    endloop
  endfacet
  facet normal 0 0 1
    outer loop
      vertex 45.8718 -1.86421 2.8
      vertex 45.4048 -1.9805 2.8
      vertex 45.4061 -2.00902 2.8
    endloop
  endfacet
  facet normal 0 0 1
    outer loop
      vertex 45.8718 -1.86421 2.8
      vertex 45.4035 -1.95296 2.8
      vertex 45.4048 -1.9805 2.8
    endloop
  endfacet
  facet normal 0 0 1
    outer loop
      vertex 45.8718 -1.86421 2.8
      vertex 45.4021 -1.92638 2.8
      vertex 45.4035 -1.95296 2.8
    endloop
  endfacet
  facet normal 0 0 1
    outer loop
      vertex 45.8718 -1.86421 2.8
      vertex 45.4007 -1.90079 2.8
      vertex 45.4021 -1.92638 2.8
    endloop
  endfacet
  facet normal 0 0 1
    outer loop
      vertex 45.8702 -1.85249 2.8
      vertex 45.3992 -1.87616 2.8
      vertex 45.4007 -1.90079 2.8
    endloop
  endfacet
  facet normal 0 -0 1
    outer loop
      vertex 45.3992 -1.87616 2.8
      vertex 45.8702 -1.85249 2.8
      vertex 45.3977 -1.85249 2.8
    endloop
  endfacet
  facet normal 0 0 1
    outer loop
      vertex 46.4127 -2.23845 2.8
      vertex 46.5103 -1.84192 2.8
      vertex 46.4929 -1.8349 2.8
    endloop
  endfacet
  facet normal 0 0 1
    outer loop
      vertex 46.5103 -1.84192 2.8
      vertex 46.4766 -2.24924 2.8
      vertex 46.5103 -2.25626 2.8
    endloop
  endfacet
  facet normal 0 0 1
    outer loop
      vertex 46.3824 -2.23466 2.8
      vertex 46.4929 -1.8349 2.8
      vertex 46.474 -1.82896 2.8
    endloop
  endfacet
  facet normal 0 0 1
    outer loop
      vertex 46.3824 -2.23466 2.8
      vertex 46.474 -1.82896 2.8
      vertex 46.4536 -1.82411 2.8
    endloop
  endfacet
  facet normal 0 0 1
    outer loop
      vertex 46.5103 -1.84192 2.8
      vertex 46.444 -2.2433 2.8
      vertex 46.4766 -2.24924 2.8
    endloop
  endfacet
  facet normal 0 0 1
    outer loop
      vertex 46.3824 -2.23466 2.8
      vertex 46.4536 -1.82411 2.8
      vertex 46.4317 -1.82033 2.8
    endloop
  endfacet
  facet normal 0 0 1
    outer loop
      vertex 46.5103 -1.84192 2.8
      vertex 46.4127 -2.23845 2.8
      vertex 46.444 -2.2433 2.8
    endloop
  endfacet
  facet normal 0 0 1
    outer loop
      vertex 46.3824 -2.23466 2.8
      vertex 46.4317 -1.82033 2.8
      vertex 46.4083 -1.81763 2.8
    endloop
  endfacet
  facet normal 0 0 1
    outer loop
      vertex 46.3534 -2.23196 2.8
      vertex 46.4083 -1.81763 2.8
      vertex 46.3833 -1.81601 2.8
    endloop
  endfacet
  facet normal 0 0 1
    outer loop
      vertex 46.4929 -1.8349 2.8
      vertex 46.3824 -2.23466 2.8
      vertex 46.4127 -2.23845 2.8
    endloop
  endfacet
  facet normal 0 0 1
    outer loop
      vertex 46.3534 -2.23196 2.8
      vertex 46.3833 -1.81601 2.8
      vertex 46.3569 -1.81548 2.8
    endloop
  endfacet
  facet normal 0 0 1
    outer loop
      vertex 46.4083 -1.81763 2.8
      vertex 46.3534 -2.23196 2.8
      vertex 46.3824 -2.23466 2.8
    endloop
  endfacet
  facet normal 0 0 1
    outer loop
      vertex 46.3569 -1.81548 2.8
      vertex 46.3255 -2.23035 2.8
      vertex 46.3534 -2.23196 2.8
    endloop
  endfacet
  facet normal -0 0 1
    outer loop
      vertex 46.3244 -1.81628 2.8
      vertex 46.3255 -2.23035 2.8
      vertex 46.3569 -1.81548 2.8
    endloop
  endfacet
  facet normal -0 0 1
    outer loop
      vertex 46.2935 -1.81871 2.8
      vertex 46.3255 -2.23035 2.8
      vertex 46.3244 -1.81628 2.8
    endloop
  endfacet
  facet normal 0 0 1
    outer loop
      vertex 46.3255 -2.23035 2.8
      vertex 46.2935 -1.81871 2.8
      vertex 46.2987 -2.22981 2.8
    endloop
  endfacet
  facet normal -0 0 1
    outer loop
      vertex 46.2643 -1.82275 2.8
      vertex 46.2987 -2.22981 2.8
      vertex 46.2935 -1.81871 2.8
    endloop
  endfacet
  facet normal -0 0 1
    outer loop
      vertex 46.2365 -1.82843 2.8
      vertex 46.2987 -2.22981 2.8
      vertex 46.2643 -1.82275 2.8
    endloop
  endfacet
  facet normal -0 0 1
    outer loop
      vertex 46.2104 -1.83571 2.8
      vertex 46.2987 -2.22981 2.8
      vertex 46.2365 -1.82843 2.8
    endloop
  endfacet
  facet normal -0 0 1
    outer loop
      vertex 46.1859 -1.84462 2.8
      vertex 46.2987 -2.22981 2.8
      vertex 46.2104 -1.83571 2.8
    endloop
  endfacet
  facet normal 0 0 1
    outer loop
      vertex 46.2987 -2.22981 2.8
      vertex 46.1859 -1.84462 2.8
      vertex 46.2475 -2.23286 2.8
    endloop
  endfacet
  facet normal -0 0 1
    outer loop
      vertex 46.1629 -1.85515 2.8
      vertex 46.2475 -2.23286 2.8
      vertex 46.1859 -1.84462 2.8
    endloop
  endfacet
  facet normal -0 0 1
    outer loop
      vertex 46.1412 -1.86734 2.8
      vertex 46.2475 -2.23286 2.8
      vertex 46.1629 -1.85515 2.8
    endloop
  endfacet
  facet normal -0 0 1
    outer loop
      vertex 46.1203 -1.88127 2.8
      vertex 46.2475 -2.23286 2.8
      vertex 46.1412 -1.86734 2.8
    endloop
  endfacet
  facet normal -0 0 1
    outer loop
      vertex 46.1003 -1.89691 2.8
      vertex 46.2475 -2.23286 2.8
      vertex 46.1203 -1.88127 2.8
    endloop
  endfacet
  facet normal -0 0 1
    outer loop
      vertex 46.0812 -1.91429 2.8
      vertex 46.2475 -2.23286 2.8
      vertex 46.1003 -1.89691 2.8
    endloop
  endfacet
  facet normal -0 0 1
    outer loop
      vertex 46.0629 -1.9334 2.8
      vertex 46.2475 -2.23286 2.8
      vertex 46.0812 -1.91429 2.8
    endloop
  endfacet
  facet normal -0 0 1
    outer loop
      vertex 46.0455 -1.95424 2.8
      vertex 46.2475 -2.23286 2.8
      vertex 46.0629 -1.9334 2.8
    endloop
  endfacet
  facet normal 0 0 1
    outer loop
      vertex 46.2475 -2.23286 2.8
      vertex 46.0455 -1.95424 2.8
      vertex 46.1996 -2.24205 2.8
    endloop
  endfacet
  facet normal -0 0 1
    outer loop
      vertex 46.0289 -1.97681 2.8
      vertex 46.1996 -2.24205 2.8
      vertex 46.0455 -1.95424 2.8
    endloop
  endfacet
  facet normal -0 0 1
    outer loop
      vertex 46.0125 -2.00266 2.8
      vertex 46.1996 -2.24205 2.8
      vertex 46.0289 -1.97681 2.8
    endloop
  endfacet
  facet normal -0 0 1
    outer loop
      vertex 45.9954 -2.03337 2.8
      vertex 46.1996 -2.24205 2.8
      vertex 46.0125 -2.00266 2.8
    endloop
  endfacet
  facet normal 0 0 1
    outer loop
      vertex 46.1996 -2.24205 2.8
      vertex 45.9954 -2.03337 2.8
      vertex 46.1551 -2.25734 2.8
    endloop
  endfacet
  facet normal -0 0 1
    outer loop
      vertex 45.9777 -2.06894 2.8
      vertex 46.1551 -2.25734 2.8
      vertex 45.9954 -2.03337 2.8
    endloop
  endfacet
  facet normal -0 0 1
    outer loop
      vertex 45.9593 -2.10936 2.8
      vertex 46.1551 -2.25734 2.8
      vertex 45.9777 -2.06894 2.8
    endloop
  endfacet
  facet normal 0 0 1
    outer loop
      vertex 46.1551 -2.25734 2.8
      vertex 45.9593 -2.10936 2.8
      vertex 46.1139 -2.27875 2.8
    endloop
  endfacet
  facet normal -0 0 1
    outer loop
      vertex 45.9402 -2.15465 2.8
      vertex 46.1139 -2.27875 2.8
      vertex 45.9593 -2.10936 2.8
    endloop
  endfacet
  facet normal 0 0 1
    outer loop
      vertex 46.1139 -2.27875 2.8
      vertex 45.9402 -2.15465 2.8
      vertex 46.0761 -2.30627 2.8
    endloop
  endfacet
  facet normal -0 0 1
    outer loop
      vertex 45.9205 -2.20479 2.8
      vertex 46.0761 -2.30627 2.8
      vertex 45.9402 -2.15465 2.8
    endloop
  endfacet
  facet normal 0 0 1
    outer loop
      vertex 46.0761 -2.30627 2.8
      vertex 45.9205 -2.20479 2.8
      vertex 46.0416 -2.33992 2.8
    endloop
  endfacet
  facet normal -0 0 1
    outer loop
      vertex 45.9002 -2.25978 2.8
      vertex 46.0416 -2.33992 2.8
      vertex 45.9205 -2.20479 2.8
    endloop
  endfacet
  facet normal 0 0 1
    outer loop
      vertex 46.0416 -2.33992 2.8
      vertex 45.9002 -2.25978 2.8
      vertex 46.0104 -2.37967 2.8
    endloop
  endfacet
  facet normal 0 0 1
    outer loop
      vertex 46.0104 -2.37967 2.8
      vertex 45.9002 -2.25978 2.8
      vertex 45.9831 -2.42545 2.8
    endloop
  endfacet
  facet normal -0 0 1
    outer loop
      vertex 45.8932 -2.25978 2.8
      vertex 45.9831 -2.42545 2.8
      vertex 45.9002 -2.25978 2.8
    endloop
  endfacet
  facet normal 0 0 1
    outer loop
      vertex 45.9831 -2.42545 2.8
      vertex 45.8932 -2.25978 2.8
      vertex 45.9599 -2.47711 2.8
    endloop
  endfacet
  facet normal 0 0 1
    outer loop
      vertex 45.9599 -2.47711 2.8
      vertex 45.8932 -2.25978 2.8
      vertex 45.941 -2.53467 2.8
    endloop
  endfacet
  facet normal -0 0 1
    outer loop
      vertex 45.4118 -2.30032 2.8
      vertex 45.941 -2.53467 2.8
      vertex 45.8932 -2.25978 2.8
    endloop
  endfacet
  facet normal 0 0 1
    outer loop
      vertex 45.941 -2.53467 2.8
      vertex 45.4118 -2.30032 2.8
      vertex 45.9262 -2.59814 2.8
    endloop
  endfacet
  facet normal 0 0 1
    outer loop
      vertex 45.9262 -2.59814 2.8
      vertex 45.4118 -2.30032 2.8
      vertex 45.9157 -2.66751 2.8
    endloop
  endfacet
  facet normal 0 0 1
    outer loop
      vertex 45.9157 -2.66751 2.8
      vertex 45.4118 -2.30032 2.8
      vertex 45.9094 -2.7428 2.8
    endloop
  endfacet
  facet normal 0 0 1
    outer loop
      vertex 45.9094 -2.7428 2.8
      vertex 45.4118 -2.30032 2.8
      vertex 45.9073 -2.82397 2.8
    endloop
  endfacet
  facet normal -0 0 1
    outer loop
      vertex 45.4117 -2.25655 2.8
      vertex 45.8932 -2.25978 2.8
      vertex 45.893 -2.24246 2.8
    endloop
  endfacet
  facet normal 0 0 1
    outer loop
      vertex 45.4117 -2.25655 2.8
      vertex 45.893 -2.24246 2.8
      vertex 45.8925 -2.2207 2.8
    endloop
  endfacet
  facet normal 0 0 1
    outer loop
      vertex 45.4117 -2.25655 2.8
      vertex 45.8925 -2.2207 2.8
      vertex 45.8916 -2.19452 2.8
    endloop
  endfacet
  facet normal 0 0 1
    outer loop
      vertex 45.4117 -2.25655 2.8
      vertex 45.8916 -2.19452 2.8
      vertex 45.8903 -2.16391 2.8
    endloop
  endfacet
  facet normal 0 0 1
    outer loop
      vertex 45.4117 -2.25655 2.8
      vertex 45.8903 -2.16391 2.8
      vertex 45.8887 -2.12889 2.8
    endloop
  endfacet
  facet normal 0 0 1
    outer loop
      vertex 45.4117 -2.25655 2.8
      vertex 45.8887 -2.12889 2.8
      vertex 45.8867 -2.08943 2.8
    endloop
  endfacet
  facet normal 0 0 1
    outer loop
      vertex 45.4117 -2.25655 2.8
      vertex 45.8867 -2.08943 2.8
      vertex 45.8844 -2.04555 2.8
    endloop
  endfacet
  facet normal 0 0 1
    outer loop
      vertex 45.4117 -2.25655 2.8
      vertex 45.8844 -2.04555 2.8
      vertex 45.8819 -2.00209 2.8
    endloop
  endfacet
  facet normal 0 0 1
    outer loop
      vertex 45.4117 -2.25655 2.8
      vertex 45.8819 -2.00209 2.8
      vertex 45.8796 -1.96394 2.8
    endloop
  endfacet
  facet normal 0 0 1
    outer loop
      vertex 45.4117 -2.25655 2.8
      vertex 45.8796 -1.96394 2.8
      vertex 45.8774 -1.93108 2.8
    endloop
  endfacet
  facet normal 0 0 1
    outer loop
      vertex 45.4117 -2.25655 2.8
      vertex 45.8774 -1.93108 2.8
      vertex 45.8754 -1.90349 2.8
    endloop
  endfacet
  facet normal 0 0 1
    outer loop
      vertex 45.4117 -2.25655 2.8
      vertex 45.8754 -1.90349 2.8
      vertex 45.8736 -1.88121 2.8
    endloop
  endfacet
  facet normal 0 0 1
    outer loop
      vertex 45.4117 -2.25655 2.8
      vertex 45.8736 -1.88121 2.8
      vertex 45.8718 -1.86421 2.8
    endloop
  endfacet
  facet normal 0 0 1
    outer loop
      vertex 45.4007 -1.90079 2.8
      vertex 45.8718 -1.86421 2.8
      vertex 45.8702 -1.85249 2.8
    endloop
  endfacet
  facet normal 0 0 1
    outer loop
      vertex 45.4118 -3.76018 2.8
      vertex 45.9073 -2.82397 2.8
      vertex 45.4118 -2.30032 2.8
    endloop
  endfacet
  facet normal 0 0 1
    outer loop
      vertex 45.9073 -2.82397 2.8
      vertex 45.4118 -3.76018 2.8
      vertex 45.9073 -3.76018 2.8
    endloop
  endfacet
  facet normal 0 0 1
    outer loop
      vertex 49.4196 -2.23158 2.8
      vertex 48.9382 -2.23647 2.8
      vertex 48.9383 -2.27916 2.8
    endloop
  endfacet
  facet normal 0 0 1
    outer loop
      vertex 49.3983 -1.86435 2.8
      vertex 48.9379 -2.19604 2.8
      vertex 48.9382 -2.23647 2.8
    endloop
  endfacet
  facet normal 0 0 1
    outer loop
      vertex 49.3983 -1.86435 2.8
      vertex 48.9375 -2.1579 2.8
      vertex 48.9379 -2.19604 2.8
    endloop
  endfacet
  facet normal 0 0 1
    outer loop
      vertex 49.3983 -1.86435 2.8
      vertex 48.9369 -2.12201 2.8
      vertex 48.9375 -2.1579 2.8
    endloop
  endfacet
  facet normal 0 0 1
    outer loop
      vertex 49.3983 -1.86435 2.8
      vertex 48.936 -2.08838 2.8
      vertex 48.9369 -2.12201 2.8
    endloop
  endfacet
  facet normal 0 0 1
    outer loop
      vertex 49.3983 -1.86435 2.8
      vertex 48.935 -2.05704 2.8
      vertex 48.936 -2.08838 2.8
    endloop
  endfacet
  facet normal 0 0 1
    outer loop
      vertex 49.3983 -1.86435 2.8
      vertex 48.9339 -2.02794 2.8
      vertex 48.935 -2.05704 2.8
    endloop
  endfacet
  facet normal 0 0 1
    outer loop
      vertex 49.3983 -1.86435 2.8
      vertex 48.9326 -2.0004 2.8
      vertex 48.9339 -2.02794 2.8
    endloop
  endfacet
  facet normal 0 0 1
    outer loop
      vertex 49.3983 -1.86435 2.8
      vertex 48.9313 -1.97368 2.8
      vertex 48.9326 -2.0004 2.8
    endloop
  endfacet
  facet normal 0 0 1
    outer loop
      vertex 49.3983 -1.86435 2.8
      vertex 48.9299 -1.94778 2.8
      vertex 48.9313 -1.97368 2.8
    endloop
  endfacet
  facet normal 0 0 1
    outer loop
      vertex 49.3983 -1.86435 2.8
      vertex 48.9286 -1.92273 2.8
      vertex 48.9299 -1.94778 2.8
    endloop
  endfacet
  facet normal 0 0 1
    outer loop
      vertex 49.3983 -1.86435 2.8
      vertex 48.9272 -1.89848 2.8
      vertex 48.9286 -1.92273 2.8
    endloop
  endfacet
  facet normal 0 0 1
    outer loop
      vertex 49.3967 -1.85249 2.8
      vertex 48.9257 -1.87508 2.8
      vertex 48.9272 -1.89848 2.8
    endloop
  endfacet
  facet normal 0 -0 1
    outer loop
      vertex 48.9257 -1.87508 2.8
      vertex 49.3967 -1.85249 2.8
      vertex 48.9242 -1.85249 2.8
    endloop
  endfacet
  facet normal 0 0 1
    outer loop
      vertex 50.6679 -2.54892 2.8
      vertex 50.1673 -2.55666 2.8
      vertex 50.1743 -2.68997 2.8
    endloop
  endfacet
  facet normal 0 0 1
    outer loop
      vertex 50.2743 -1.84979 2.8
      vertex 50.1465 -2.44386 2.8
      vertex 50.1673 -2.55666 2.8
    endloop
  endfacet
  facet normal 0 0 1
    outer loop
      vertex 50.0006 -2.2285 2.8
      vertex 50.202 -1.83073 2.8
      vertex 50.124 -1.81929 2.8
    endloop
  endfacet
  facet normal 0 0 1
    outer loop
      vertex 50.2743 -1.84979 2.8
      vertex 50.1118 -2.35156 2.8
      vertex 50.1465 -2.44386 2.8
    endloop
  endfacet
  facet normal 0 0 1
    outer loop
      vertex 50.2743 -1.84979 2.8
      vertex 50.0631 -2.27977 2.8
      vertex 50.1118 -2.35156 2.8
    endloop
  endfacet
  facet normal 0 0 1
    outer loop
      vertex 50.0006 -2.2285 2.8
      vertex 50.124 -1.81929 2.8
      vertex 50.0403 -1.81548 2.8
    endloop
  endfacet
  facet normal 0 0 1
    outer loop
      vertex 50.2743 -1.84979 2.8
      vertex 50.0006 -2.2285 2.8
      vertex 50.0631 -2.27977 2.8
    endloop
  endfacet
  facet normal 0 0 1
    outer loop
      vertex 49.9243 -2.19774 2.8
      vertex 50.0403 -1.81548 2.8
      vertex 49.9815 -1.81749 2.8
    endloop
  endfacet
  facet normal 0 0 1
    outer loop
      vertex 49.9243 -2.19774 2.8
      vertex 49.9815 -1.81749 2.8
      vertex 49.9251 -1.82353 2.8
    endloop
  endfacet
  facet normal 0 0 1
    outer loop
      vertex 50.0403 -1.81548 2.8
      vertex 49.9243 -2.19774 2.8
      vertex 50.0006 -2.2285 2.8
    endloop
  endfacet
  facet normal -0 0 1
    outer loop
      vertex 49.8711 -1.8336 2.8
      vertex 49.9243 -2.19774 2.8
      vertex 49.9251 -1.82353 2.8
    endloop
  endfacet
  facet normal 0 0 1
    outer loop
      vertex 49.8711 -1.8336 2.8
      vertex 49.834 -2.18748 2.8
      vertex 49.9243 -2.19774 2.8
    endloop
  endfacet
  facet normal -0 0 1
    outer loop
      vertex 49.8195 -1.84772 2.8
      vertex 49.834 -2.18748 2.8
      vertex 49.8711 -1.8336 2.8
    endloop
  endfacet
  facet normal -0 0 1
    outer loop
      vertex 49.7702 -1.86586 2.8
      vertex 49.834 -2.18748 2.8
      vertex 49.8195 -1.84772 2.8
    endloop
  endfacet
  facet normal -0 0 1
    outer loop
      vertex 49.7233 -1.88802 2.8
      vertex 49.834 -2.18748 2.8
      vertex 49.7702 -1.86586 2.8
    endloop
  endfacet
  facet normal 0 0 1
    outer loop
      vertex 49.834 -2.18748 2.8
      vertex 49.7233 -1.88802 2.8
      vertex 49.784 -2.19063 2.8
    endloop
  endfacet
  facet normal -0 0 1
    outer loop
      vertex 49.6788 -1.91422 2.8
      vertex 49.784 -2.19063 2.8
      vertex 49.7233 -1.88802 2.8
    endloop
  endfacet
  facet normal -0 0 1
    outer loop
      vertex 49.6365 -1.94487 2.8
      vertex 49.784 -2.19063 2.8
      vertex 49.6788 -1.91422 2.8
    endloop
  endfacet
  facet normal 0 0 1
    outer loop
      vertex 49.784 -2.19063 2.8
      vertex 49.6365 -1.94487 2.8
      vertex 49.7369 -2.20007 2.8
    endloop
  endfacet
  facet normal -0 0 1
    outer loop
      vertex 49.5963 -1.98042 2.8
      vertex 49.7369 -2.20007 2.8
      vertex 49.6365 -1.94487 2.8
    endloop
  endfacet
  facet normal 0 0 1
    outer loop
      vertex 49.7369 -2.20007 2.8
      vertex 49.5963 -1.98042 2.8
      vertex 49.6926 -2.21582 2.8
    endloop
  endfacet
  facet normal -0 0 1
    outer loop
      vertex 49.5582 -2.02086 2.8
      vertex 49.6926 -2.21582 2.8
      vertex 49.5963 -1.98042 2.8
    endloop
  endfacet
  facet normal -0 0 1
    outer loop
      vertex 49.5222 -2.06621 2.8
      vertex 49.6926 -2.21582 2.8
      vertex 49.5582 -2.02086 2.8
    endloop
  endfacet
  facet normal 0 0 1
    outer loop
      vertex 49.6926 -2.21582 2.8
      vertex 49.5222 -2.06621 2.8
      vertex 49.6512 -2.23785 2.8
    endloop
  endfacet
  facet normal -0 0 1
    outer loop
      vertex 49.4883 -2.11642 2.8
      vertex 49.6512 -2.23785 2.8
      vertex 49.5222 -2.06621 2.8
    endloop
  endfacet
  facet normal 0 0 1
    outer loop
      vertex 49.6512 -2.23785 2.8
      vertex 49.4883 -2.11642 2.8
      vertex 49.6126 -2.2662 2.8
    endloop
  endfacet
  facet normal -0 0 1
    outer loop
      vertex 49.4564 -2.17155 2.8
      vertex 49.6126 -2.2662 2.8
      vertex 49.4883 -2.11642 2.8
    endloop
  endfacet
  facet normal 0 0 1
    outer loop
      vertex 49.6126 -2.2662 2.8
      vertex 49.4564 -2.17155 2.8
      vertex 49.5768 -2.30083 2.8
    endloop
  endfacet
  facet normal -0 0 1
    outer loop
      vertex 49.4267 -2.23158 2.8
      vertex 49.5768 -2.30083 2.8
      vertex 49.4564 -2.17155 2.8
    endloop
  endfacet
  facet normal 0 0 1
    outer loop
      vertex 49.5768 -2.30083 2.8
      vertex 49.4267 -2.23158 2.8
      vertex 49.5439 -2.34177 2.8
    endloop
  endfacet
  facet normal 0 0 1
    outer loop
      vertex 49.5439 -2.34177 2.8
      vertex 49.4267 -2.23158 2.8
      vertex 49.5147 -2.38762 2.8
    endloop
  endfacet
  facet normal -0 0 1
    outer loop
      vertex 49.4196 -2.23158 2.8
      vertex 49.5147 -2.38762 2.8
      vertex 49.4267 -2.23158 2.8
    endloop
  endfacet
  facet normal 0 0 1
    outer loop
      vertex 49.5147 -2.38762 2.8
      vertex 49.4196 -2.23158 2.8
      vertex 49.49 -2.43704 2.8
    endloop
  endfacet
  facet normal 0 0 1
    outer loop
      vertex 49.49 -2.43704 2.8
      vertex 49.4196 -2.23158 2.8
      vertex 49.4697 -2.49002 2.8
    endloop
  endfacet
  facet normal -0 0 1
    outer loop
      vertex 48.9383 -2.27916 2.8
      vertex 49.4697 -2.49002 2.8
      vertex 49.4196 -2.23158 2.8
    endloop
  endfacet
  facet normal 0 0 1
    outer loop
      vertex 49.4697 -2.49002 2.8
      vertex 48.9383 -2.27916 2.8
      vertex 49.454 -2.54655 2.8
    endloop
  endfacet
  facet normal 0 0 1
    outer loop
      vertex 49.454 -2.54655 2.8
      vertex 48.9383 -2.27916 2.8
      vertex 49.4427 -2.60666 2.8
    endloop
  endfacet
  facet normal 0 0 1
    outer loop
      vertex 49.4427 -2.60666 2.8
      vertex 48.9383 -2.27916 2.8
      vertex 49.436 -2.67033 2.8
    endloop
  endfacet
  facet normal 0 0 1
    outer loop
      vertex 49.436 -2.67033 2.8
      vertex 48.9383 -2.27916 2.8
      vertex 49.4337 -2.73758 2.8
    endloop
  endfacet
  facet normal 0 0 1
    outer loop
      vertex 48.9382 -2.23647 2.8
      vertex 49.4196 -2.23158 2.8
      vertex 49.4194 -2.2141 2.8
    endloop
  endfacet
  facet normal 0 0 1
    outer loop
      vertex 48.9382 -2.23647 2.8
      vertex 49.4194 -2.2141 2.8
      vertex 49.4189 -2.19292 2.8
    endloop
  endfacet
  facet normal 0 0 1
    outer loop
      vertex 48.9382 -2.23647 2.8
      vertex 49.4189 -2.19292 2.8
      vertex 49.418 -2.16805 2.8
    endloop
  endfacet
  facet normal 0 0 1
    outer loop
      vertex 48.9382 -2.23647 2.8
      vertex 49.418 -2.16805 2.8
      vertex 49.4168 -2.13945 2.8
    endloop
  endfacet
  facet normal 0 0 1
    outer loop
      vertex 48.9382 -2.23647 2.8
      vertex 49.4168 -2.13945 2.8
      vertex 49.4151 -2.10716 2.8
    endloop
  endfacet
  facet normal 0 0 1
    outer loop
      vertex 48.9382 -2.23647 2.8
      vertex 49.4151 -2.10716 2.8
      vertex 49.4132 -2.07115 2.8
    endloop
  endfacet
  facet normal 0 0 1
    outer loop
      vertex 48.9382 -2.23647 2.8
      vertex 49.4132 -2.07115 2.8
      vertex 49.4108 -2.03145 2.8
    endloop
  endfacet
  facet normal 0 0 1
    outer loop
      vertex 48.9382 -2.23647 2.8
      vertex 49.4108 -2.03145 2.8
      vertex 49.4084 -1.99217 2.8
    endloop
  endfacet
  facet normal 0 0 1
    outer loop
      vertex 48.9382 -2.23647 2.8
      vertex 49.4084 -1.99217 2.8
      vertex 49.4061 -1.95747 2.8
    endloop
  endfacet
  facet normal 0 0 1
    outer loop
      vertex 48.9382 -2.23647 2.8
      vertex 49.4061 -1.95747 2.8
      vertex 49.4039 -1.92734 2.8
    endloop
  endfacet
  facet normal 0 0 1
    outer loop
      vertex 48.9382 -2.23647 2.8
      vertex 49.4039 -1.92734 2.8
      vertex 49.4019 -1.90176 2.8
    endloop
  endfacet
  facet normal 0 0 1
    outer loop
      vertex 48.9382 -2.23647 2.8
      vertex 49.4019 -1.90176 2.8
      vertex 49.4 -1.88077 2.8
    endloop
  endfacet
  facet normal 0 0 1
    outer loop
      vertex 48.9382 -2.23647 2.8
      vertex 49.4 -1.88077 2.8
      vertex 49.3983 -1.86435 2.8
    endloop
  endfacet
  facet normal 0 0 1
    outer loop
      vertex 48.9272 -1.89848 2.8
      vertex 49.3983 -1.86435 2.8
      vertex 49.3967 -1.85249 2.8
    endloop
  endfacet
  facet normal 0 0 1
    outer loop
      vertex 48.9383 -3.76018 2.8
      vertex 49.4337 -2.73758 2.8
      vertex 48.9383 -2.27916 2.8
    endloop
  endfacet
  facet normal 0 0 1
    outer loop
      vertex 49.4337 -2.73758 2.8
      vertex 48.9383 -3.76018 2.8
      vertex 49.4337 -3.76018 2.8
    endloop
  endfacet
  facet normal 0 0 1
    outer loop
      vertex 50.1673 -2.55666 2.8
      vertex 50.6679 -2.54892 2.8
      vertex 50.6646 -2.44969 2.8
    endloop
  endfacet
  facet normal 0 0 1
    outer loop
      vertex 50.1673 -2.55666 2.8
      vertex 50.6646 -2.44969 2.8
      vertex 50.6547 -2.3575 2.8
    endloop
  endfacet
  facet normal 0 0 1
    outer loop
      vertex 50.1673 -2.55666 2.8
      vertex 50.6547 -2.3575 2.8
      vertex 50.6381 -2.27237 2.8
    endloop
  endfacet
  facet normal 0 0 1
    outer loop
      vertex 50.1673 -2.55666 2.8
      vertex 50.6381 -2.27237 2.8
      vertex 50.615 -2.19429 2.8
    endloop
  endfacet
  facet normal 0 0 1
    outer loop
      vertex 50.1673 -2.55666 2.8
      vertex 50.615 -2.19429 2.8
      vertex 50.5852 -2.12326 2.8
    endloop
  endfacet
  facet normal 0 0 1
    outer loop
      vertex 50.1673 -2.55666 2.8
      vertex 50.5852 -2.12326 2.8
      vertex 50.5487 -2.05928 2.8
    endloop
  endfacet
  facet normal 0 0 1
    outer loop
      vertex 50.1673 -2.55666 2.8
      vertex 50.5487 -2.05928 2.8
      vertex 50.5057 -2.00237 2.8
    endloop
  endfacet
  facet normal 0 0 1
    outer loop
      vertex 50.1673 -2.55666 2.8
      vertex 50.5057 -2.00237 2.8
      vertex 50.4565 -1.95277 2.8
    endloop
  endfacet
  facet normal 0 0 1
    outer loop
      vertex 50.1673 -2.55666 2.8
      vertex 50.4565 -1.95277 2.8
      vertex 50.4015 -1.91083 2.8
    endloop
  endfacet
  facet normal 0 0 1
    outer loop
      vertex 50.1673 -2.55666 2.8
      vertex 50.4015 -1.91083 2.8
      vertex 50.3408 -1.8765 2.8
    endloop
  endfacet
  facet normal 0 0 1
    outer loop
      vertex 50.1673 -2.55666 2.8
      vertex 50.3408 -1.8765 2.8
      vertex 50.2743 -1.84979 2.8
    endloop
  endfacet
  facet normal 0 0 1
    outer loop
      vertex 50.0006 -2.2285 2.8
      vertex 50.2743 -1.84979 2.8
      vertex 50.202 -1.83073 2.8
    endloop
  endfacet
  facet normal 0 0 1
    outer loop
      vertex 50.6679 -2.54892 2.8
      vertex 50.1743 -2.68997 2.8
      vertex 50.6679 -3.76018 2.8
    endloop
  endfacet
  facet normal 0 0 1
    outer loop
      vertex 50.6679 -3.76018 2.8
      vertex 50.1743 -2.68997 2.8
      vertex 50.1743 -3.76018 2.8
    endloop
  endfacet
  facet normal -0.570099 0.821576 0
    outer loop
      vertex 44.1594 -2.89626 2.8
      vertex 43.946 -3.04434 3.2
      vertex 44.1594 -2.89626 3.2
    endloop
  endfacet
  facet normal -0.570099 0.821576 0
    outer loop
      vertex 43.946 -3.04434 3.2
      vertex 44.1594 -2.89626 2.8
      vertex 43.946 -3.04434 2.8
    endloop
  endfacet
  facet normal 0.861383 0.507956 0
    outer loop
      vertex 44.5744 -3.60001 3.2
      vertex 44.1594 -2.89626 2.8
      vertex 44.1594 -2.89626 3.2
    endloop
  endfacet
  facet normal 0.86127 0.508148 -0
    outer loop
      vertex 44.6689 -3.76018 2.8
      vertex 44.5744 -3.60001 3.2
      vertex 44.6689 -3.76018 3.03983
    endloop
  endfacet
  facet normal 0.861362 0.507991 8.43121e-05
    outer loop
      vertex 44.5744 -3.60001 3.2
      vertex 44.6689 -3.76018 2.8
      vertex 44.1594 -2.89626 2.8
    endloop
  endfacet
  facet normal 0 1 -0
    outer loop
      vertex 45.2102 -3.76018 2.8
      vertex 44.6689 -3.76018 3.03983
      vertex 45.2102 -3.76018 3.03983
    endloop
  endfacet
  facet normal 0 1 0
    outer loop
      vertex 44.6689 -3.76018 3.03983
      vertex 45.2102 -3.76018 2.8
      vertex 44.6689 -3.76018 2.8
    endloop
  endfacet
  facet normal -0.850038 -0.526721 0
    outer loop
      vertex 44.4891 -2.59653 2.8
      vertex 45.1109 -3.60001 3.2
      vertex 44.4891 -2.59653 3.2
    endloop
  endfacet
  facet normal -0.850021 -0.526748 -9.47029e-05
    outer loop
      vertex 45.2102 -3.76018 2.8
      vertex 45.1109 -3.60001 3.2
      vertex 44.4891 -2.59653 2.8
    endloop
  endfacet
  facet normal -0.849916 -0.526919 0
    outer loop
      vertex 45.1109 -3.60001 3.2
      vertex 45.2102 -3.76018 2.8
      vertex 45.2102 -3.76018 3.03983
    endloop
  endfacet
  facet normal -0.743113 0.669166 0
    outer loop
      vertex 44.4891 -2.59653 2.8
      vertex 45.1591 -1.85249 3.2
      vertex 45.1591 -1.85249 2.8
    endloop
  endfacet
  facet normal -0.743113 0.669166 0
    outer loop
      vertex 45.1591 -1.85249 3.2
      vertex 44.4891 -2.59653 2.8
      vertex 44.4891 -2.59653 3.2
    endloop
  endfacet
  facet normal 0 -1 0
    outer loop
      vertex 44.6266 -1.85249 2.8
      vertex 45.1591 -1.85249 3.2
      vertex 44.6266 -1.85249 3.2
    endloop
  endfacet
  facet normal 0 -1 -0
    outer loop
      vertex 45.1591 -1.85249 3.2
      vertex 44.6266 -1.85249 2.8
      vertex 45.1591 -1.85249 2.8
    endloop
  endfacet
  facet normal 0.757563 -0.652762 0
    outer loop
      vertex 43.946 -2.64236 3.2
      vertex 44.6266 -1.85249 2.8
      vertex 44.6266 -1.85249 3.2
    endloop
  endfacet
  facet normal 0.757563 -0.652762 0
    outer loop
      vertex 44.6266 -1.85249 2.8
      vertex 43.946 -2.64236 3.2
      vertex 43.946 -2.64236 2.8
    endloop
  endfacet
  facet normal -1 0 0
    outer loop
      vertex 43.946 -2.64236 2.8
      vertex 43.946 -1.14371 3.2
      vertex 43.946 -1.14371 2.8
    endloop
  endfacet
  facet normal -1 -0 0
    outer loop
      vertex 43.946 -1.14371 3.2
      vertex 43.946 -2.64236 2.8
      vertex 43.946 -2.64236 3.2
    endloop
  endfacet
  facet normal 0 -1 0
    outer loop
      vertex 43.4506 -1.14371 2.8
      vertex 43.946 -1.14371 3.2
      vertex 43.4506 -1.14371 3.2
    endloop
  endfacet
  facet normal 0 -1 -0
    outer loop
      vertex 43.946 -1.14371 3.2
      vertex 43.4506 -1.14371 2.8
      vertex 43.946 -1.14371 2.8
    endloop
  endfacet
  facet normal 1 -0 0
    outer loop
      vertex 43.4506 -3.60001 3.2
      vertex 43.4506 -1.14371 2.8
      vertex 43.4506 -1.14371 3.2
    endloop
  endfacet
  facet normal 1 0 0
    outer loop
      vertex 43.4506 -3.76018 2.8
      vertex 43.4506 -3.60001 3.2
      vertex 43.4506 -3.76018 3.03983
    endloop
  endfacet
  facet normal 1 0 0
    outer loop
      vertex 43.4506 -3.60001 3.2
      vertex 43.4506 -3.76018 2.8
      vertex 43.4506 -1.14371 2.8
    endloop
  endfacet
  facet normal 0 1 -0
    outer loop
      vertex 43.946 -3.76018 2.8
      vertex 43.4506 -3.76018 3.03983
      vertex 43.946 -3.76018 3.03983
    endloop
  endfacet
  facet normal 0 1 0
    outer loop
      vertex 43.4506 -3.76018 3.03983
      vertex 43.946 -3.76018 2.8
      vertex 43.4506 -3.76018 2.8
    endloop
  endfacet
  facet normal -1 0 0
    outer loop
      vertex 43.946 -3.04434 2.8
      vertex 43.946 -3.60001 3.2
      vertex 43.946 -3.04434 3.2
    endloop
  endfacet
  facet normal -1 0 0
    outer loop
      vertex 43.946 -3.76018 2.8
      vertex 43.946 -3.60001 3.2
      vertex 43.946 -3.04434 2.8
    endloop
  endfacet
  facet normal -1 0 0
    outer loop
      vertex 43.946 -3.60001 3.2
      vertex 43.946 -3.76018 2.8
      vertex 43.946 -3.76018 3.03983
    endloop
  endfacet
  facet normal -0.570279 0.821451 0
    outer loop
      vertex 51.8012 -2.89626 2.8
      vertex 51.5879 -3.04434 3.2
      vertex 51.8012 -2.89626 3.2
    endloop
  endfacet
  facet normal -0.570279 0.821451 0
    outer loop
      vertex 51.5879 -3.04434 3.2
      vertex 51.8012 -2.89626 2.8
      vertex 51.5879 -3.04434 2.8
    endloop
  endfacet
  facet normal 0.86133 0.508047 0
    outer loop
      vertex 52.2163 -3.60001 3.2
      vertex 51.8012 -2.89626 2.8
      vertex 51.8012 -2.89626 3.2
    endloop
  endfacet
  facet normal 0.861505 0.507749 -0
    outer loop
      vertex 52.3107 -3.76018 2.8
      vertex 52.2163 -3.60001 3.2
      vertex 52.3107 -3.76018 3.03983
    endloop
  endfacet
  facet normal 0.861362 0.507991 -0.000131028
    outer loop
      vertex 52.2163 -3.60001 3.2
      vertex 52.3107 -3.76018 2.8
      vertex 51.8012 -2.89626 2.8
    endloop
  endfacet
  facet normal 0 1 -0
    outer loop
      vertex 52.852 -3.76018 2.8
      vertex 52.3107 -3.76018 3.03983
      vertex 52.852 -3.76018 3.03983
    endloop
  endfacet
  facet normal 0 1 0
    outer loop
      vertex 52.3107 -3.76018 3.03983
      vertex 52.852 -3.76018 2.8
      vertex 52.3107 -3.76018 2.8
    endloop
  endfacet
  facet normal -0.85 -0.526782 0
    outer loop
      vertex 52.1309 -2.59653 2.8
      vertex 52.7528 -3.60001 3.2
      vertex 52.1309 -2.59653 3.2
    endloop
  endfacet
  facet normal -0.850021 -0.526748 0.000117802
    outer loop
      vertex 52.852 -3.76018 2.8
      vertex 52.7528 -3.60001 3.2
      vertex 52.1309 -2.59653 2.8
    endloop
  endfacet
  facet normal -0.850153 -0.526536 0
    outer loop
      vertex 52.7528 -3.60001 3.2
      vertex 52.852 -3.76018 2.8
      vertex 52.852 -3.76018 3.03983
    endloop
  endfacet
  facet normal -0.743113 0.669166 0
    outer loop
      vertex 52.1309 -2.59653 2.8
      vertex 52.8009 -1.85249 3.2
      vertex 52.8009 -1.85249 2.8
    endloop
  endfacet
  facet normal -0.743113 0.669166 0
    outer loop
      vertex 52.8009 -1.85249 3.2
      vertex 52.1309 -2.59653 2.8
      vertex 52.1309 -2.59653 3.2
    endloop
  endfacet
  facet normal 0 -1 0
    outer loop
      vertex 52.2684 -1.85249 2.8
      vertex 52.8009 -1.85249 3.2
      vertex 52.2684 -1.85249 3.2
    endloop
  endfacet
  facet normal 0 -1 -0
    outer loop
      vertex 52.8009 -1.85249 3.2
      vertex 52.2684 -1.85249 2.8
      vertex 52.8009 -1.85249 2.8
    endloop
  endfacet
  facet normal 0.75761 -0.652707 0
    outer loop
      vertex 51.5879 -2.64236 3.2
      vertex 52.2684 -1.85249 2.8
      vertex 52.2684 -1.85249 3.2
    endloop
  endfacet
  facet normal 0.75761 -0.652707 0
    outer loop
      vertex 52.2684 -1.85249 2.8
      vertex 51.5879 -2.64236 3.2
      vertex 51.5879 -2.64236 2.8
    endloop
  endfacet
  facet normal -1 0 0
    outer loop
      vertex 51.5879 -2.64236 2.8
      vertex 51.5879 -1.14371 3.2
      vertex 51.5879 -1.14371 2.8
    endloop
  endfacet
  facet normal -1 -0 0
    outer loop
      vertex 51.5879 -1.14371 3.2
      vertex 51.5879 -2.64236 2.8
      vertex 51.5879 -2.64236 3.2
    endloop
  endfacet
  facet normal 0 -1 0
    outer loop
      vertex 51.0924 -1.14371 2.8
      vertex 51.5879 -1.14371 3.2
      vertex 51.0924 -1.14371 3.2
    endloop
  endfacet
  facet normal 0 -1 -0
    outer loop
      vertex 51.5879 -1.14371 3.2
      vertex 51.0924 -1.14371 2.8
      vertex 51.5879 -1.14371 2.8
    endloop
  endfacet
  facet normal 1 -0 0
    outer loop
      vertex 51.0924 -3.60001 3.2
      vertex 51.0924 -1.14371 2.8
      vertex 51.0924 -1.14371 3.2
    endloop
  endfacet
  facet normal 1 0 0
    outer loop
      vertex 51.0924 -3.76018 2.8
      vertex 51.0924 -3.60001 3.2
      vertex 51.0924 -3.76018 3.03983
    endloop
  endfacet
  facet normal 1 0 0
    outer loop
      vertex 51.0924 -3.60001 3.2
      vertex 51.0924 -3.76018 2.8
      vertex 51.0924 -1.14371 2.8
    endloop
  endfacet
  facet normal 0 1 -0
    outer loop
      vertex 51.5879 -3.76018 2.8
      vertex 51.0924 -3.76018 3.03983
      vertex 51.5879 -3.76018 3.03983
    endloop
  endfacet
  facet normal 0 1 0
    outer loop
      vertex 51.0924 -3.76018 3.03983
      vertex 51.5879 -3.76018 2.8
      vertex 51.0924 -3.76018 2.8
    endloop
  endfacet
  facet normal -1 0 0
    outer loop
      vertex 51.5879 -3.04434 2.8
      vertex 51.5879 -3.60001 3.2
      vertex 51.5879 -3.04434 3.2
    endloop
  endfacet
  facet normal -1 0 0
    outer loop
      vertex 51.5879 -3.76018 2.8
      vertex 51.5879 -3.60001 3.2
      vertex 51.5879 -3.04434 2.8
    endloop
  endfacet
  facet normal -1 0 0
    outer loop
      vertex 51.5879 -3.60001 3.2
      vertex 51.5879 -3.76018 2.8
      vertex 51.5879 -3.76018 3.03983
    endloop
  endfacet
  facet normal -0.999665 0.025863 0
    outer loop
      vertex 45.9073 -2.82397 2.8
      vertex 45.9094 -2.7428 3.2
      vertex 45.9094 -2.7428 2.8
    endloop
  endfacet
  facet normal -0.999665 0.025863 0
    outer loop
      vertex 45.9094 -2.7428 3.2
      vertex 45.9073 -2.82397 2.8
      vertex 45.9073 -2.82397 3.2
    endloop
  endfacet
  facet normal -0.996517 0.083385 0
    outer loop
      vertex 45.9094 -2.7428 2.8
      vertex 45.9157 -2.66751 3.2
      vertex 45.9157 -2.66751 2.8
    endloop
  endfacet
  facet normal -0.996517 0.083385 0
    outer loop
      vertex 45.9157 -2.66751 3.2
      vertex 45.9094 -2.7428 2.8
      vertex 45.9094 -2.7428 3.2
    endloop
  endfacet
  facet normal -0.988738 0.149658 0
    outer loop
      vertex 45.9157 -2.66751 2.8
      vertex 45.9262 -2.59814 3.2
      vertex 45.9262 -2.59814 2.8
    endloop
  endfacet
  facet normal -0.988738 0.149658 0
    outer loop
      vertex 45.9262 -2.59814 3.2
      vertex 45.9157 -2.66751 2.8
      vertex 45.9157 -2.66751 3.2
    endloop
  endfacet
  facet normal -0.973874 0.227089 0
    outer loop
      vertex 45.9262 -2.59814 2.8
      vertex 45.941 -2.53467 3.2
      vertex 45.941 -2.53467 2.8
    endloop
  endfacet
  facet normal -0.973874 0.227089 0
    outer loop
      vertex 45.941 -2.53467 3.2
      vertex 45.9262 -2.59814 2.8
      vertex 45.9262 -2.59814 3.2
    endloop
  endfacet
  facet normal -0.950093 0.311966 0
    outer loop
      vertex 45.941 -2.53467 2.8
      vertex 45.9599 -2.47711 3.2
      vertex 45.9599 -2.47711 2.8
    endloop
  endfacet
  facet normal -0.950093 0.311966 0
    outer loop
      vertex 45.9599 -2.47711 3.2
      vertex 45.941 -2.53467 2.8
      vertex 45.941 -2.53467 3.2
    endloop
  endfacet
  facet normal -0.912232 0.409674 0
    outer loop
      vertex 45.9599 -2.47711 2.8
      vertex 45.9831 -2.42545 3.2
      vertex 45.9831 -2.42545 2.8
    endloop
  endfacet
  facet normal -0.912232 0.409674 0
    outer loop
      vertex 45.9831 -2.42545 3.2
      vertex 45.9599 -2.47711 2.8
      vertex 45.9599 -2.47711 3.2
    endloop
  endfacet
  facet normal -0.85888 0.512176 0
    outer loop
      vertex 45.9831 -2.42545 2.8
      vertex 46.0104 -2.37967 3.2
      vertex 46.0104 -2.37967 2.8
    endloop
  endfacet
  facet normal -0.85888 0.512176 0
    outer loop
      vertex 46.0104 -2.37967 3.2
      vertex 45.9831 -2.42545 2.8
      vertex 45.9831 -2.42545 3.2
    endloop
  endfacet
  facet normal -0.786627 0.617428 0
    outer loop
      vertex 46.0104 -2.37967 2.8
      vertex 46.0416 -2.33992 3.2
      vertex 46.0416 -2.33992 2.8
    endloop
  endfacet
  facet normal -0.786627 0.617428 0
    outer loop
      vertex 46.0416 -2.33992 3.2
      vertex 46.0104 -2.37967 2.8
      vertex 46.0104 -2.37967 3.2
    endloop
  endfacet
  facet normal -0.698233 0.71587 0
    outer loop
      vertex 46.0761 -2.30627 2.8
      vertex 46.0416 -2.33992 3.2
      vertex 46.0761 -2.30627 3.2
    endloop
  endfacet
  facet normal -0.698233 0.71587 0
    outer loop
      vertex 46.0416 -2.33992 3.2
      vertex 46.0761 -2.30627 2.8
      vertex 46.0416 -2.33992 2.8
    endloop
  endfacet
  facet normal -0.588579 0.80844 0
    outer loop
      vertex 46.1139 -2.27875 2.8
      vertex 46.0761 -2.30627 3.2
      vertex 46.1139 -2.27875 3.2
    endloop
  endfacet
  facet normal -0.588579 0.80844 0
    outer loop
      vertex 46.0761 -2.30627 3.2
      vertex 46.1139 -2.27875 2.8
      vertex 46.0761 -2.30627 2.8
    endloop
  endfacet
  facet normal -0.461115 0.88734 0
    outer loop
      vertex 46.1551 -2.25734 2.8
      vertex 46.1139 -2.27875 3.2
      vertex 46.1551 -2.25734 3.2
    endloop
  endfacet
  facet normal -0.461115 0.88734 0
    outer loop
      vertex 46.1139 -2.27875 3.2
      vertex 46.1551 -2.25734 2.8
      vertex 46.1139 -2.27875 2.8
    endloop
  endfacet
  facet normal -0.324949 0.945732 0
    outer loop
      vertex 46.1996 -2.24205 2.8
      vertex 46.1551 -2.25734 3.2
      vertex 46.1996 -2.24205 3.2
    endloop
  endfacet
  facet normal -0.324949 0.945732 0
    outer loop
      vertex 46.1551 -2.25734 3.2
      vertex 46.1996 -2.24205 2.8
      vertex 46.1551 -2.25734 2.8
    endloop
  endfacet
  facet normal -0.188422 0.982088 0
    outer loop
      vertex 46.2475 -2.23286 2.8
      vertex 46.1996 -2.24205 3.2
      vertex 46.2475 -2.23286 3.2
    endloop
  endfacet
  facet normal -0.188422 0.982088 0
    outer loop
      vertex 46.1996 -2.24205 3.2
      vertex 46.2475 -2.23286 2.8
      vertex 46.1996 -2.24205 2.8
    endloop
  endfacet
  facet normal -0.0594649 0.99823 0
    outer loop
      vertex 46.2987 -2.22981 2.8
      vertex 46.2475 -2.23286 3.2
      vertex 46.2987 -2.22981 3.2
    endloop
  endfacet
  facet normal -0.0594649 0.99823 0
    outer loop
      vertex 46.2475 -2.23286 3.2
      vertex 46.2987 -2.22981 2.8
      vertex 46.2475 -2.23286 2.8
    endloop
  endfacet
  facet normal 0.0201452 0.999797 -0
    outer loop
      vertex 46.3255 -2.23035 2.8
      vertex 46.2987 -2.22981 3.2
      vertex 46.3255 -2.23035 3.2
    endloop
  endfacet
  facet normal 0.0201452 0.999797 0
    outer loop
      vertex 46.2987 -2.22981 3.2
      vertex 46.3255 -2.23035 2.8
      vertex 46.2987 -2.22981 2.8
    endloop
  endfacet
  facet normal 0.0576103 0.998339 -0
    outer loop
      vertex 46.3534 -2.23196 2.8
      vertex 46.3255 -2.23035 3.2
      vertex 46.3534 -2.23196 3.2
    endloop
  endfacet
  facet normal 0.0576103 0.998339 0
    outer loop
      vertex 46.3255 -2.23035 3.2
      vertex 46.3534 -2.23196 2.8
      vertex 46.3255 -2.23035 2.8
    endloop
  endfacet
  facet normal 0.0927025 0.995694 -0
    outer loop
      vertex 46.3824 -2.23466 2.8
      vertex 46.3534 -2.23196 3.2
      vertex 46.3824 -2.23466 3.2
    endloop
  endfacet
  facet normal 0.0927025 0.995694 0
    outer loop
      vertex 46.3534 -2.23196 3.2
      vertex 46.3824 -2.23466 2.8
      vertex 46.3534 -2.23196 2.8
    endloop
  endfacet
  facet normal 0.124115 0.992268 -0
    outer loop
      vertex 46.4127 -2.23845 2.8
      vertex 46.3824 -2.23466 3.2
      vertex 46.4127 -2.23845 3.2
    endloop
  endfacet
  facet normal 0.124115 0.992268 0
    outer loop
      vertex 46.3824 -2.23466 3.2
      vertex 46.4127 -2.23845 2.8
      vertex 46.3824 -2.23466 2.8
    endloop
  endfacet
  facet normal 0.153125 0.988207 -0
    outer loop
      vertex 46.444 -2.2433 2.8
      vertex 46.4127 -2.23845 3.2
      vertex 46.444 -2.2433 3.2
    endloop
  endfacet
  facet normal 0.153125 0.988207 0
    outer loop
      vertex 46.4127 -2.23845 3.2
      vertex 46.444 -2.2433 2.8
      vertex 46.4127 -2.23845 2.8
    endloop
  endfacet
  facet normal 0.179257 0.983802 -0
    outer loop
      vertex 46.4766 -2.24924 2.8
      vertex 46.444 -2.2433 3.2
      vertex 46.4766 -2.24924 3.2
    endloop
  endfacet
  facet normal 0.179257 0.983802 0
    outer loop
      vertex 46.444 -2.2433 3.2
      vertex 46.4766 -2.24924 2.8
      vertex 46.444 -2.2433 2.8
    endloop
  endfacet
  facet normal 0.203931 0.978985 -0
    outer loop
      vertex 46.5103 -2.25626 2.8
      vertex 46.4766 -2.24924 3.2
      vertex 46.5103 -2.25626 3.2
    endloop
  endfacet
  facet normal 0.203931 0.978985 0
    outer loop
      vertex 46.4766 -2.24924 3.2
      vertex 46.5103 -2.25626 2.8
      vertex 46.4766 -2.24924 2.8
    endloop
  endfacet
  facet normal -1 0 0
    outer loop
      vertex 46.5103 -2.25626 2.8
      vertex 46.5103 -1.84192 3.2
      vertex 46.5103 -1.84192 2.8
    endloop
  endfacet
  facet normal -1 -0 0
    outer loop
      vertex 46.5103 -1.84192 3.2
      vertex 46.5103 -2.25626 2.8
      vertex 46.5103 -2.25626 3.2
    endloop
  endfacet
  facet normal -0.374146 -0.92737 0
    outer loop
      vertex 46.4929 -1.8349 2.8
      vertex 46.5103 -1.84192 3.2
      vertex 46.4929 -1.8349 3.2
    endloop
  endfacet
  facet normal -0.374146 -0.92737 -0
    outer loop
      vertex 46.5103 -1.84192 3.2
      vertex 46.4929 -1.8349 2.8
      vertex 46.5103 -1.84192 2.8
    endloop
  endfacet
  facet normal -0.299827 -0.953994 0
    outer loop
      vertex 46.474 -1.82896 2.8
      vertex 46.4929 -1.8349 3.2
      vertex 46.474 -1.82896 3.2
    endloop
  endfacet
  facet normal -0.299827 -0.953994 -0
    outer loop
      vertex 46.4929 -1.8349 3.2
      vertex 46.474 -1.82896 2.8
      vertex 46.4929 -1.8349 2.8
    endloop
  endfacet
  facet normal -0.231298 -0.972883 0
    outer loop
      vertex 46.4536 -1.82411 2.8
      vertex 46.474 -1.82896 3.2
      vertex 46.4536 -1.82411 3.2
    endloop
  endfacet
  facet normal -0.231298 -0.972883 -0
    outer loop
      vertex 46.474 -1.82896 3.2
      vertex 46.4536 -1.82411 2.8
      vertex 46.474 -1.82896 2.8
    endloop
  endfacet
  facet normal -0.170088 -0.985429 0
    outer loop
      vertex 46.4317 -1.82033 2.8
      vertex 46.4536 -1.82411 3.2
      vertex 46.4317 -1.82033 3.2
    endloop
  endfacet
  facet normal -0.170088 -0.985429 -0
    outer loop
      vertex 46.4536 -1.82411 3.2
      vertex 46.4317 -1.82033 2.8
      vertex 46.4536 -1.82411 2.8
    endloop
  endfacet
  facet normal -0.114624 -0.993409 0
    outer loop
      vertex 46.4083 -1.81763 2.8
      vertex 46.4317 -1.82033 3.2
      vertex 46.4083 -1.81763 3.2
    endloop
  endfacet
  facet normal -0.114624 -0.993409 -0
    outer loop
      vertex 46.4317 -1.82033 3.2
      vertex 46.4083 -1.81763 2.8
      vertex 46.4317 -1.82033 2.8
    endloop
  endfacet
  facet normal -0.0646644 -0.997907 0
    outer loop
      vertex 46.3833 -1.81601 2.8
      vertex 46.4083 -1.81763 3.2
      vertex 46.3833 -1.81601 3.2
    endloop
  endfacet
  facet normal -0.0646644 -0.997907 -0
    outer loop
      vertex 46.4083 -1.81763 3.2
      vertex 46.3833 -1.81601 2.8
      vertex 46.4083 -1.81763 2.8
    endloop
  endfacet
  facet normal -0.0200717 -0.999799 0
    outer loop
      vertex 46.3569 -1.81548 2.8
      vertex 46.3833 -1.81601 3.2
      vertex 46.3569 -1.81548 3.2
    endloop
  endfacet
  facet normal -0.0200717 -0.999799 -0
    outer loop
      vertex 46.3833 -1.81601 3.2
      vertex 46.3569 -1.81548 2.8
      vertex 46.3833 -1.81601 2.8
    endloop
  endfacet
  facet normal 0.0246079 -0.999697 0
    outer loop
      vertex 46.3244 -1.81628 2.8
      vertex 46.3569 -1.81548 3.2
      vertex 46.3244 -1.81628 3.2
    endloop
  endfacet
  facet normal 0.0246079 -0.999697 0
    outer loop
      vertex 46.3569 -1.81548 3.2
      vertex 46.3244 -1.81628 2.8
      vertex 46.3569 -1.81548 2.8
    endloop
  endfacet
  facet normal 0.0783987 -0.996922 0
    outer loop
      vertex 46.2935 -1.81871 2.8
      vertex 46.3244 -1.81628 3.2
      vertex 46.2935 -1.81871 3.2
    endloop
  endfacet
  facet normal 0.0783987 -0.996922 0
    outer loop
      vertex 46.3244 -1.81628 3.2
      vertex 46.2935 -1.81871 2.8
      vertex 46.3244 -1.81628 2.8
    endloop
  endfacet
  facet normal 0.137051 -0.990564 0
    outer loop
      vertex 46.2643 -1.82275 2.8
      vertex 46.2935 -1.81871 3.2
      vertex 46.2643 -1.82275 3.2
    endloop
  endfacet
  facet normal 0.137051 -0.990564 0
    outer loop
      vertex 46.2935 -1.81871 3.2
      vertex 46.2643 -1.82275 2.8
      vertex 46.2935 -1.81871 2.8
    endloop
  endfacet
  facet normal 0.200181 -0.979759 0
    outer loop
      vertex 46.2365 -1.82843 2.8
      vertex 46.2643 -1.82275 3.2
      vertex 46.2365 -1.82843 3.2
    endloop
  endfacet
  facet normal 0.200181 -0.979759 0
    outer loop
      vertex 46.2643 -1.82275 3.2
      vertex 46.2365 -1.82843 2.8
      vertex 46.2643 -1.82275 2.8
    endloop
  endfacet
  facet normal 0.268672 -0.963232 0
    outer loop
      vertex 46.2104 -1.83571 2.8
      vertex 46.2365 -1.82843 3.2
      vertex 46.2104 -1.83571 3.2
    endloop
  endfacet
  facet normal 0.268672 -0.963232 0
    outer loop
      vertex 46.2365 -1.82843 3.2
      vertex 46.2104 -1.83571 2.8
      vertex 46.2365 -1.82843 2.8
    endloop
  endfacet
  facet normal 0.341774 -0.939782 0
    outer loop
      vertex 46.1859 -1.84462 2.8
      vertex 46.2104 -1.83571 3.2
      vertex 46.1859 -1.84462 3.2
    endloop
  endfacet
  facet normal 0.341774 -0.939782 0
    outer loop
      vertex 46.2104 -1.83571 3.2
      vertex 46.1859 -1.84462 2.8
      vertex 46.2104 -1.83571 2.8
    endloop
  endfacet
  facet normal 0.416274 -0.909239 0
    outer loop
      vertex 46.1629 -1.85515 2.8
      vertex 46.1859 -1.84462 3.2
      vertex 46.1629 -1.85515 3.2
    endloop
  endfacet
  facet normal 0.416274 -0.909239 0
    outer loop
      vertex 46.1859 -1.84462 3.2
      vertex 46.1629 -1.85515 2.8
      vertex 46.1859 -1.84462 2.8
    endloop
  endfacet
  facet normal 0.489765 -0.871854 0
    outer loop
      vertex 46.1412 -1.86734 2.8
      vertex 46.1629 -1.85515 3.2
      vertex 46.1412 -1.86734 3.2
    endloop
  endfacet
  facet normal 0.489765 -0.871854 0
    outer loop
      vertex 46.1629 -1.85515 3.2
      vertex 46.1412 -1.86734 2.8
      vertex 46.1629 -1.85515 2.8
    endloop
  endfacet
  facet normal 0.554608 -0.832112 0
    outer loop
      vertex 46.1203 -1.88127 2.8
      vertex 46.1412 -1.86734 3.2
      vertex 46.1203 -1.88127 3.2
    endloop
  endfacet
  facet normal 0.554608 -0.832112 0
    outer loop
      vertex 46.1412 -1.86734 3.2
      vertex 46.1203 -1.88127 2.8
      vertex 46.1412 -1.86734 2.8
    endloop
  endfacet
  facet normal 0.616011 -0.787738 0
    outer loop
      vertex 46.1003 -1.89691 2.8
      vertex 46.1203 -1.88127 3.2
      vertex 46.1003 -1.89691 3.2
    endloop
  endfacet
  facet normal 0.616011 -0.787738 0
    outer loop
      vertex 46.1203 -1.88127 3.2
      vertex 46.1003 -1.89691 2.8
      vertex 46.1203 -1.88127 2.8
    endloop
  endfacet
  facet normal 0.67302 -0.739625 0
    outer loop
      vertex 46.0812 -1.91429 2.8
      vertex 46.1003 -1.89691 3.2
      vertex 46.0812 -1.91429 3.2
    endloop
  endfacet
  facet normal 0.67302 -0.739625 0
    outer loop
      vertex 46.1003 -1.89691 3.2
      vertex 46.0812 -1.91429 2.8
      vertex 46.1003 -1.89691 2.8
    endloop
  endfacet
  facet normal 0.722248 -0.691634 0
    outer loop
      vertex 46.0629 -1.9334 3.2
      vertex 46.0812 -1.91429 2.8
      vertex 46.0812 -1.91429 3.2
    endloop
  endfacet
  facet normal 0.722248 -0.691634 0
    outer loop
      vertex 46.0812 -1.91429 2.8
      vertex 46.0629 -1.9334 3.2
      vertex 46.0629 -1.9334 2.8
    endloop
  endfacet
  facet normal 0.767617 -0.640909 0
    outer loop
      vertex 46.0455 -1.95424 3.2
      vertex 46.0629 -1.9334 2.8
      vertex 46.0629 -1.9334 3.2
    endloop
  endfacet
  facet normal 0.767617 -0.640909 0
    outer loop
      vertex 46.0629 -1.9334 2.8
      vertex 46.0455 -1.95424 3.2
      vertex 46.0455 -1.95424 2.8
    endloop
  endfacet
  facet normal 0.805576 -0.592493 0
    outer loop
      vertex 46.0289 -1.97681 3.2
      vertex 46.0455 -1.95424 2.8
      vertex 46.0455 -1.95424 3.2
    endloop
  endfacet
  facet normal 0.805576 -0.592493 0
    outer loop
      vertex 46.0455 -1.95424 2.8
      vertex 46.0289 -1.97681 3.2
      vertex 46.0289 -1.97681 2.8
    endloop
  endfacet
  facet normal 0.8444 -0.535712 0
    outer loop
      vertex 46.0125 -2.00266 3.2
      vertex 46.0289 -1.97681 2.8
      vertex 46.0289 -1.97681 3.2
    endloop
  endfacet
  facet normal 0.8444 -0.535712 0
    outer loop
      vertex 46.0289 -1.97681 2.8
      vertex 46.0125 -2.00266 3.2
      vertex 46.0125 -2.00266 2.8
    endloop
  endfacet
  facet normal 0.873687 -0.486488 0
    outer loop
      vertex 45.9954 -2.03337 3.2
      vertex 46.0125 -2.00266 2.8
      vertex 46.0125 -2.00266 3.2
    endloop
  endfacet
  facet normal 0.873687 -0.486488 0
    outer loop
      vertex 46.0125 -2.00266 2.8
      vertex 45.9954 -2.03337 3.2
      vertex 45.9954 -2.03337 2.8
    endloop
  endfacet
  facet normal 0.895281 -0.445501 0
    outer loop
      vertex 45.9777 -2.06894 3.2
      vertex 45.9954 -2.03337 2.8
      vertex 45.9954 -2.03337 3.2
    endloop
  endfacet
  facet normal 0.895281 -0.445501 0
    outer loop
      vertex 45.9954 -2.03337 2.8
      vertex 45.9777 -2.06894 3.2
      vertex 45.9777 -2.06894 2.8
    endloop
  endfacet
  facet normal 0.910135 -0.414312 0
    outer loop
      vertex 45.9593 -2.10936 3.2
      vertex 45.9777 -2.06894 2.8
      vertex 45.9777 -2.06894 3.2
    endloop
  endfacet
  facet normal 0.910135 -0.414312 0
    outer loop
      vertex 45.9777 -2.06894 2.8
      vertex 45.9593 -2.10936 3.2
      vertex 45.9593 -2.10936 2.8
    endloop
  endfacet
  facet normal 0.921413 -0.388584 0
    outer loop
      vertex 45.9402 -2.15465 3.2
      vertex 45.9593 -2.10936 2.8
      vertex 45.9593 -2.10936 3.2
    endloop
  endfacet
  facet normal 0.921413 -0.388584 0
    outer loop
      vertex 45.9593 -2.10936 2.8
      vertex 45.9402 -2.15465 3.2
      vertex 45.9402 -2.15465 2.8
    endloop
  endfacet
  facet normal 0.930738 -0.365687 0
    outer loop
      vertex 45.9205 -2.20479 3.2
      vertex 45.9402 -2.15465 2.8
      vertex 45.9402 -2.15465 3.2
    endloop
  endfacet
  facet normal 0.930738 -0.365687 0
    outer loop
      vertex 45.9402 -2.15465 2.8
      vertex 45.9205 -2.20479 3.2
      vertex 45.9205 -2.20479 2.8
    endloop
  endfacet
  facet normal 0.938119 -0.346314 0
    outer loop
      vertex 45.9002 -2.25978 3.2
      vertex 45.9205 -2.20479 2.8
      vertex 45.9205 -2.20479 3.2
    endloop
  endfacet
  facet normal 0.938119 -0.346314 0
    outer loop
      vertex 45.9205 -2.20479 2.8
      vertex 45.9002 -2.25978 3.2
      vertex 45.9002 -2.25978 2.8
    endloop
  endfacet
  facet normal 0 -1 0
    outer loop
      vertex 45.8932 -2.25978 2.8
      vertex 45.9002 -2.25978 3.2
      vertex 45.8932 -2.25978 3.2
    endloop
  endfacet
  facet normal 0 -1 -0
    outer loop
      vertex 45.9002 -2.25978 3.2
      vertex 45.8932 -2.25978 2.8
      vertex 45.9002 -2.25978 2.8
    endloop
  endfacet
  facet normal -0.999933 -0.0115466 0
    outer loop
      vertex 45.8932 -2.25978 2.8
      vertex 45.893 -2.24246 3.2
      vertex 45.893 -2.24246 2.8
    endloop
  endfacet
  facet normal -0.999933 -0.0115466 0
    outer loop
      vertex 45.893 -2.24246 3.2
      vertex 45.8932 -2.25978 2.8
      vertex 45.8932 -2.25978 3.2
    endloop
  endfacet
  facet normal -0.999736 -0.0229719 0
    outer loop
      vertex 45.893 -2.24246 2.8
      vertex 45.8925 -2.2207 3.2
      vertex 45.8925 -2.2207 2.8
    endloop
  endfacet
  facet normal -0.999736 -0.0229719 0
    outer loop
      vertex 45.8925 -2.2207 3.2
      vertex 45.893 -2.24246 2.8
      vertex 45.893 -2.24246 3.2
    endloop
  endfacet
  facet normal -0.99941 -0.0343571 0
    outer loop
      vertex 45.8925 -2.2207 2.8
      vertex 45.8916 -2.19452 3.2
      vertex 45.8916 -2.19452 2.8
    endloop
  endfacet
  facet normal -0.99941 -0.0343571 0
    outer loop
      vertex 45.8916 -2.19452 3.2
      vertex 45.8925 -2.2207 2.8
      vertex 45.8925 -2.2207 3.2
    endloop
  endfacet
  facet normal -0.999099 -0.0424315 0
    outer loop
      vertex 45.8916 -2.19452 2.8
      vertex 45.8903 -2.16391 3.2
      vertex 45.8903 -2.16391 2.8
    endloop
  endfacet
  facet normal -0.999099 -0.0424315 0
    outer loop
      vertex 45.8903 -2.16391 3.2
      vertex 45.8916 -2.19452 2.8
      vertex 45.8916 -2.19452 3.2
    endloop
  endfacet
  facet normal -0.998958 -0.0456406 0
    outer loop
      vertex 45.8903 -2.16391 2.8
      vertex 45.8887 -2.12889 3.2
      vertex 45.8887 -2.12889 2.8
    endloop
  endfacet
  facet normal -0.998958 -0.0456406 0
    outer loop
      vertex 45.8887 -2.12889 3.2
      vertex 45.8903 -2.16391 2.8
      vertex 45.8903 -2.16391 3.2
    endloop
  endfacet
  facet normal -0.998718 -0.0506193 0
    outer loop
      vertex 45.8887 -2.12889 2.8
      vertex 45.8867 -2.08943 3.2
      vertex 45.8867 -2.08943 2.8
    endloop
  endfacet
  facet normal -0.998718 -0.0506193 0
    outer loop
      vertex 45.8867 -2.08943 3.2
      vertex 45.8887 -2.12889 2.8
      vertex 45.8887 -2.12889 3.2
    endloop
  endfacet
  facet normal -0.998629 -0.0523438 0
    outer loop
      vertex 45.8867 -2.08943 2.8
      vertex 45.8844 -2.04555 3.2
      vertex 45.8844 -2.04555 2.8
    endloop
  endfacet
  facet normal -0.998629 -0.0523438 0
    outer loop
      vertex 45.8844 -2.04555 3.2
      vertex 45.8867 -2.08943 2.8
      vertex 45.8867 -2.08943 3.2
    endloop
  endfacet
  facet normal -0.99835 -0.0574292 0
    outer loop
      vertex 45.8844 -2.04555 2.8
      vertex 45.8819 -2.00209 3.2
      vertex 45.8819 -2.00209 2.8
    endloop
  endfacet
  facet normal -0.99835 -0.0574292 0
    outer loop
      vertex 45.8819 -2.00209 3.2
      vertex 45.8844 -2.04555 2.8
      vertex 45.8844 -2.04555 3.2
    endloop
  endfacet
  facet normal -0.998188 -0.0601791 0
    outer loop
      vertex 45.8819 -2.00209 2.8
      vertex 45.8796 -1.96394 3.2
      vertex 45.8796 -1.96394 2.8
    endloop
  endfacet
  facet normal -0.998188 -0.0601791 0
    outer loop
      vertex 45.8796 -1.96394 3.2
      vertex 45.8819 -2.00209 2.8
      vertex 45.8819 -2.00209 3.2
    endloop
  endfacet
  facet normal -0.997766 -0.0668012 0
    outer loop
      vertex 45.8796 -1.96394 2.8
      vertex 45.8774 -1.93108 3.2
      vertex 45.8774 -1.93108 2.8
    endloop
  endfacet
  facet normal -0.997766 -0.0668012 0
    outer loop
      vertex 45.8774 -1.93108 3.2
      vertex 45.8796 -1.96394 2.8
      vertex 45.8796 -1.96394 3.2
    endloop
  endfacet
  facet normal -0.997383 -0.0723003 0
    outer loop
      vertex 45.8774 -1.93108 2.8
      vertex 45.8754 -1.90349 3.2
      vertex 45.8754 -1.90349 2.8
    endloop
  endfacet
  facet normal -0.997383 -0.0723003 0
    outer loop
      vertex 45.8754 -1.90349 3.2
      vertex 45.8774 -1.93108 2.8
      vertex 45.8774 -1.93108 3.2
    endloop
  endfacet
  facet normal -0.996752 -0.0805276 0
    outer loop
      vertex 45.8754 -1.90349 2.8
      vertex 45.8736 -1.88121 3.2
      vertex 45.8736 -1.88121 2.8
    endloop
  endfacet
  facet normal -0.996752 -0.0805276 0
    outer loop
      vertex 45.8736 -1.88121 3.2
      vertex 45.8754 -1.90349 2.8
      vertex 45.8754 -1.90349 3.2
    endloop
  endfacet
  facet normal -0.994441 -0.105294 0
    outer loop
      vertex 45.8736 -1.88121 2.8
      vertex 45.8718 -1.86421 3.2
      vertex 45.8718 -1.86421 2.8
    endloop
  endfacet
  facet normal -0.994441 -0.105294 0
    outer loop
      vertex 45.8718 -1.86421 3.2
      vertex 45.8736 -1.88121 2.8
      vertex 45.8736 -1.88121 3.2
    endloop
  endfacet
  facet normal -0.99081 -0.135264 0
    outer loop
      vertex 45.8718 -1.86421 2.8
      vertex 45.8702 -1.85249 3.2
      vertex 45.8702 -1.85249 2.8
    endloop
  endfacet
  facet normal -0.99081 -0.135264 0
    outer loop
      vertex 45.8702 -1.85249 3.2
      vertex 45.8718 -1.86421 2.8
      vertex 45.8718 -1.86421 3.2
    endloop
  endfacet
  facet normal 0 -1 0
    outer loop
      vertex 45.3977 -1.85249 2.8
      vertex 45.8702 -1.85249 3.2
      vertex 45.3977 -1.85249 3.2
    endloop
  endfacet
  facet normal 0 -1 -0
    outer loop
      vertex 45.8702 -1.85249 3.2
      vertex 45.3977 -1.85249 2.8
      vertex 45.8702 -1.85249 2.8
    endloop
  endfacet
  facet normal 0.997998 0.0632445 0
    outer loop
      vertex 45.3992 -1.87616 3.2
      vertex 45.3977 -1.85249 2.8
      vertex 45.3977 -1.85249 3.2
    endloop
  endfacet
  facet normal 0.997998 0.0632445 0
    outer loop
      vertex 45.3977 -1.85249 2.8
      vertex 45.3992 -1.87616 3.2
      vertex 45.3992 -1.87616 2.8
    endloop
  endfacet
  facet normal 0.998151 0.0607887 0
    outer loop
      vertex 45.4007 -1.90079 3.2
      vertex 45.3992 -1.87616 2.8
      vertex 45.3992 -1.87616 3.2
    endloop
  endfacet
  facet normal 0.998151 0.0607887 0
    outer loop
      vertex 45.3992 -1.87616 2.8
      vertex 45.4007 -1.90079 3.2
      vertex 45.4007 -1.90079 2.8
    endloop
  endfacet
  facet normal 0.998507 0.0546272 0
    outer loop
      vertex 45.4021 -1.92638 3.2
      vertex 45.4007 -1.90079 2.8
      vertex 45.4007 -1.90079 3.2
    endloop
  endfacet
  facet normal 0.998507 0.0546272 0
    outer loop
      vertex 45.4007 -1.90079 2.8
      vertex 45.4021 -1.92638 3.2
      vertex 45.4021 -1.92638 2.8
    endloop
  endfacet
  facet normal 0.998616 0.0525983 0
    outer loop
      vertex 45.4035 -1.95296 3.2
      vertex 45.4021 -1.92638 2.8
      vertex 45.4021 -1.92638 3.2
    endloop
  endfacet
  facet normal 0.998616 0.0525983 0
    outer loop
      vertex 45.4021 -1.92638 2.8
      vertex 45.4035 -1.95296 3.2
      vertex 45.4035 -1.95296 2.8
    endloop
  endfacet
  facet normal 0.998888 0.0471516 0
    outer loop
      vertex 45.4048 -1.9805 3.2
      vertex 45.4035 -1.95296 2.8
      vertex 45.4035 -1.95296 3.2
    endloop
  endfacet
  facet normal 0.998888 0.0471516 0
    outer loop
      vertex 45.4035 -1.95296 2.8
      vertex 45.4048 -1.9805 3.2
      vertex 45.4048 -1.9805 2.8
    endloop
  endfacet
  facet normal 0.998963 0.0455348 0
    outer loop
      vertex 45.4061 -2.00902 3.2
      vertex 45.4048 -1.9805 2.8
      vertex 45.4048 -1.9805 3.2
    endloop
  endfacet
  facet normal 0.998963 0.0455348 0
    outer loop
      vertex 45.4048 -1.9805 2.8
      vertex 45.4061 -2.00902 3.2
      vertex 45.4061 -2.00902 2.8
    endloop
  endfacet
  facet normal 0.999029 0.0440549 0
    outer loop
      vertex 45.4074 -2.0385 3.2
      vertex 45.4061 -2.00902 2.8
      vertex 45.4061 -2.00902 3.2
    endloop
  endfacet
  facet normal 0.999029 0.0440549 0
    outer loop
      vertex 45.4061 -2.00902 2.8
      vertex 45.4074 -2.0385 3.2
      vertex 45.4074 -2.0385 2.8
    endloop
  endfacet
  facet normal 0.999253 0.0386434 0
    outer loop
      vertex 45.4086 -2.06953 3.2
      vertex 45.4074 -2.0385 2.8
      vertex 45.4074 -2.0385 3.2
    endloop
  endfacet
  facet normal 0.999253 0.0386434 0
    outer loop
      vertex 45.4074 -2.0385 2.8
      vertex 45.4086 -2.06953 3.2
      vertex 45.4086 -2.06953 2.8
    endloop
  endfacet
  facet normal 0.999546 0.0301431 0
    outer loop
      vertex 45.4096 -2.10269 3.2
      vertex 45.4086 -2.06953 2.8
      vertex 45.4086 -2.06953 3.2
    endloop
  endfacet
  facet normal 0.999546 0.0301431 0
    outer loop
      vertex 45.4086 -2.06953 2.8
      vertex 45.4096 -2.10269 3.2
      vertex 45.4096 -2.10269 2.8
    endloop
  endfacet
  facet normal 0.999743 0.0226699 0
    outer loop
      vertex 45.4104 -2.13797 3.2
      vertex 45.4096 -2.10269 2.8
      vertex 45.4096 -2.10269 3.2
    endloop
  endfacet
  facet normal 0.999743 0.0226699 0
    outer loop
      vertex 45.4096 -2.10269 2.8
      vertex 45.4104 -2.13797 3.2
      vertex 45.4104 -2.13797 2.8
    endloop
  endfacet
  facet normal 0.999871 0.0160364 0
    outer loop
      vertex 45.411 -2.17538 3.2
      vertex 45.4104 -2.13797 2.8
      vertex 45.4104 -2.13797 3.2
    endloop
  endfacet
  facet normal 0.999871 0.0160364 0
    outer loop
      vertex 45.4104 -2.13797 2.8
      vertex 45.411 -2.17538 3.2
      vertex 45.411 -2.17538 2.8
    endloop
  endfacet
  facet normal 0.99992 0.0126508 0
    outer loop
      vertex 45.4115 -2.2149 3.2
      vertex 45.411 -2.17538 2.8
      vertex 45.411 -2.17538 3.2
    endloop
  endfacet
  facet normal 0.99992 0.0126508 0
    outer loop
      vertex 45.411 -2.17538 2.8
      vertex 45.4115 -2.2149 3.2
      vertex 45.4115 -2.2149 2.8
    endloop
  endfacet
  facet normal 0.999988 0.00480187 0
    outer loop
      vertex 45.4117 -2.25655 3.2
      vertex 45.4115 -2.2149 2.8
      vertex 45.4115 -2.2149 3.2
    endloop
  endfacet
  facet normal 0.999988 0.00480187 0
    outer loop
      vertex 45.4115 -2.2149 2.8
      vertex 45.4117 -2.25655 3.2
      vertex 45.4117 -2.25655 2.8
    endloop
  endfacet
  facet normal 0.999997 0.00228466 0
    outer loop
      vertex 45.4118 -2.30032 3.2
      vertex 45.4117 -2.25655 2.8
      vertex 45.4117 -2.25655 3.2
    endloop
  endfacet
  facet normal 0.999997 0.00228466 0
    outer loop
      vertex 45.4117 -2.25655 2.8
      vertex 45.4118 -2.30032 3.2
      vertex 45.4118 -2.30032 2.8
    endloop
  endfacet
  facet normal 1 -0 0
    outer loop
      vertex 45.4118 -3.60001 3.2
      vertex 45.4118 -2.30032 2.8
      vertex 45.4118 -2.30032 3.2
    endloop
  endfacet
  facet normal 1 0 0
    outer loop
      vertex 45.4118 -3.76018 2.8
      vertex 45.4118 -3.60001 3.2
      vertex 45.4118 -3.76018 3.03983
    endloop
  endfacet
  facet normal 1 0 0
    outer loop
      vertex 45.4118 -3.60001 3.2
      vertex 45.4118 -3.76018 2.8
      vertex 45.4118 -2.30032 2.8
    endloop
  endfacet
  facet normal 0 1 -0
    outer loop
      vertex 45.9073 -3.76018 2.8
      vertex 45.4118 -3.76018 3.03983
      vertex 45.9073 -3.76018 3.03983
    endloop
  endfacet
  facet normal 0 1 0
    outer loop
      vertex 45.4118 -3.76018 3.03983
      vertex 45.9073 -3.76018 2.8
      vertex 45.4118 -3.76018 2.8
    endloop
  endfacet
  facet normal -1 0 0
    outer loop
      vertex 45.9073 -2.82397 2.8
      vertex 45.9073 -3.60001 3.2
      vertex 45.9073 -2.82397 3.2
    endloop
  endfacet
  facet normal -1 0 0
    outer loop
      vertex 45.9073 -3.76018 2.8
      vertex 45.9073 -3.60001 3.2
      vertex 45.9073 -2.82397 2.8
    endloop
  endfacet
  facet normal -1 0 0
    outer loop
      vertex 45.9073 -3.60001 3.2
      vertex 45.9073 -3.76018 2.8
      vertex 45.9073 -3.76018 3.03983
    endloop
  endfacet
  facet normal -0.999416 0.0341808 0
    outer loop
      vertex 49.4337 -2.73758 2.8
      vertex 49.436 -2.67033 3.2
      vertex 49.436 -2.67033 2.8
    endloop
  endfacet
  facet normal -0.999416 0.0341808 0
    outer loop
      vertex 49.436 -2.67033 3.2
      vertex 49.4337 -2.73758 2.8
      vertex 49.4337 -2.73758 3.2
    endloop
  endfacet
  facet normal -0.994509 0.104652 0
    outer loop
      vertex 49.436 -2.67033 2.8
      vertex 49.4427 -2.60666 3.2
      vertex 49.4427 -2.60666 2.8
    endloop
  endfacet
  facet normal -0.994509 0.104652 0
    outer loop
      vertex 49.4427 -2.60666 3.2
      vertex 49.436 -2.67033 2.8
      vertex 49.436 -2.67033 3.2
    endloop
  endfacet
  facet normal -0.982785 0.184752 0
    outer loop
      vertex 49.4427 -2.60666 2.8
      vertex 49.454 -2.54655 3.2
      vertex 49.454 -2.54655 2.8
    endloop
  endfacet
  facet normal -0.982785 0.184752 0
    outer loop
      vertex 49.454 -2.54655 3.2
      vertex 49.4427 -2.60666 2.8
      vertex 49.4427 -2.60666 3.2
    endloop
  endfacet
  facet normal -0.96353 0.2676 0
    outer loop
      vertex 49.454 -2.54655 2.8
      vertex 49.4697 -2.49002 3.2
      vertex 49.4697 -2.49002 2.8
    endloop
  endfacet
  facet normal -0.96353 0.2676 0
    outer loop
      vertex 49.4697 -2.49002 3.2
      vertex 49.454 -2.54655 2.8
      vertex 49.454 -2.54655 3.2
    endloop
  endfacet
  facet normal -0.933799 0.357798 0
    outer loop
      vertex 49.4697 -2.49002 2.8
      vertex 49.49 -2.43704 3.2
      vertex 49.49 -2.43704 2.8
    endloop
  endfacet
  facet normal -0.933799 0.357798 0
    outer loop
      vertex 49.49 -2.43704 3.2
      vertex 49.4697 -2.49002 2.8
      vertex 49.4697 -2.49002 3.2
    endloop
  endfacet
  facet normal -0.8945 0.447069 0
    outer loop
      vertex 49.49 -2.43704 2.8
      vertex 49.5147 -2.38762 3.2
      vertex 49.5147 -2.38762 2.8
    endloop
  endfacet
  facet normal -0.8945 0.447069 0
    outer loop
      vertex 49.5147 -2.38762 3.2
      vertex 49.49 -2.43704 2.8
      vertex 49.49 -2.43704 3.2
    endloop
  endfacet
  facet normal -0.843472 0.537173 0
    outer loop
      vertex 49.5147 -2.38762 2.8
      vertex 49.5439 -2.34177 3.2
      vertex 49.5439 -2.34177 2.8
    endloop
  endfacet
  facet normal -0.843472 0.537173 0
    outer loop
      vertex 49.5439 -2.34177 3.2
      vertex 49.5147 -2.38762 2.8
      vertex 49.5147 -2.38762 3.2
    endloop
  endfacet
  facet normal -0.779492 0.626412 0
    outer loop
      vertex 49.5439 -2.34177 2.8
      vertex 49.5768 -2.30083 3.2
      vertex 49.5768 -2.30083 2.8
    endloop
  endfacet
  facet normal -0.779492 0.626412 0
    outer loop
      vertex 49.5768 -2.30083 3.2
      vertex 49.5439 -2.34177 2.8
      vertex 49.5439 -2.34177 3.2
    endloop
  endfacet
  facet normal -0.695264 0.718754 0
    outer loop
      vertex 49.6126 -2.2662 2.8
      vertex 49.5768 -2.30083 3.2
      vertex 49.6126 -2.2662 3.2
    endloop
  endfacet
  facet normal -0.695264 0.718754 0
    outer loop
      vertex 49.5768 -2.30083 3.2
      vertex 49.6126 -2.2662 2.8
      vertex 49.5768 -2.30083 2.8
    endloop
  endfacet
  facet normal -0.591952 0.805973 0
    outer loop
      vertex 49.6512 -2.23785 2.8
      vertex 49.6126 -2.2662 3.2
      vertex 49.6512 -2.23785 3.2
    endloop
  endfacet
  facet normal -0.591952 0.805973 0
    outer loop
      vertex 49.6126 -2.2662 3.2
      vertex 49.6512 -2.23785 2.8
      vertex 49.6126 -2.2662 2.8
    endloop
  endfacet
  facet normal -0.469758 0.882795 0
    outer loop
      vertex 49.6926 -2.21582 2.8
      vertex 49.6512 -2.23785 3.2
      vertex 49.6926 -2.21582 3.2
    endloop
  endfacet
  facet normal -0.469758 0.882795 0
    outer loop
      vertex 49.6512 -2.23785 3.2
      vertex 49.6926 -2.21582 2.8
      vertex 49.6512 -2.23785 2.8
    endloop
  endfacet
  facet normal -0.334989 0.942222 0
    outer loop
      vertex 49.7369 -2.20007 2.8
      vertex 49.6926 -2.21582 3.2
      vertex 49.7369 -2.20007 3.2
    endloop
  endfacet
  facet normal -0.334989 0.942222 0
    outer loop
      vertex 49.6926 -2.21582 3.2
      vertex 49.7369 -2.20007 2.8
      vertex 49.6926 -2.21582 2.8
    endloop
  endfacet
  facet normal -0.196516 0.980501 0
    outer loop
      vertex 49.784 -2.19063 2.8
      vertex 49.7369 -2.20007 3.2
      vertex 49.784 -2.19063 3.2
    endloop
  endfacet
  facet normal -0.196516 0.980501 0
    outer loop
      vertex 49.7369 -2.20007 3.2
      vertex 49.784 -2.19063 2.8
      vertex 49.7369 -2.20007 2.8
    endloop
  endfacet
  facet normal -0.0628753 0.998021 0
    outer loop
      vertex 49.834 -2.18748 2.8
      vertex 49.784 -2.19063 3.2
      vertex 49.834 -2.18748 3.2
    endloop
  endfacet
  facet normal -0.0628753 0.998021 0
    outer loop
      vertex 49.784 -2.19063 3.2
      vertex 49.834 -2.18748 2.8
      vertex 49.784 -2.19063 2.8
    endloop
  endfacet
  facet normal 0.112895 0.993607 -0
    outer loop
      vertex 49.9243 -2.19774 2.8
      vertex 49.834 -2.18748 3.2
      vertex 49.9243 -2.19774 3.2
    endloop
  endfacet
  facet normal 0.112895 0.993607 0
    outer loop
      vertex 49.834 -2.18748 3.2
      vertex 49.9243 -2.19774 2.8
      vertex 49.834 -2.18748 2.8
    endloop
  endfacet
  facet normal 0.373904 0.927467 -0
    outer loop
      vertex 50.0006 -2.2285 2.8
      vertex 49.9243 -2.19774 3.2
      vertex 50.0006 -2.2285 3.2
    endloop
  endfacet
  facet normal 0.373904 0.927467 0
    outer loop
      vertex 49.9243 -2.19774 3.2
      vertex 50.0006 -2.2285 2.8
      vertex 49.9243 -2.19774 2.8
    endloop
  endfacet
  facet normal 0.634228 0.773146 -0
    outer loop
      vertex 50.0631 -2.27977 2.8
      vertex 50.0006 -2.2285 3.2
      vertex 50.0631 -2.27977 3.2
    endloop
  endfacet
  facet normal 0.634228 0.773146 0
    outer loop
      vertex 50.0006 -2.2285 3.2
      vertex 50.0631 -2.27977 2.8
      vertex 50.0006 -2.2285 2.8
    endloop
  endfacet
  facet normal 0.827554 0.561386 0
    outer loop
      vertex 50.1118 -2.35156 3.2
      vertex 50.0631 -2.27977 2.8
      vertex 50.0631 -2.27977 3.2
    endloop
  endfacet
  facet normal 0.827554 0.561386 0
    outer loop
      vertex 50.0631 -2.27977 2.8
      vertex 50.1118 -2.35156 3.2
      vertex 50.1118 -2.35156 2.8
    endloop
  endfacet
  facet normal 0.936037 0.351901 0
    outer loop
      vertex 50.1465 -2.44386 3.2
      vertex 50.1118 -2.35156 2.8
      vertex 50.1118 -2.35156 3.2
    endloop
  endfacet
  facet normal 0.936037 0.351901 0
    outer loop
      vertex 50.1118 -2.35156 2.8
      vertex 50.1465 -2.44386 3.2
      vertex 50.1465 -2.44386 2.8
    endloop
  endfacet
  facet normal 0.98342 0.18134 0
    outer loop
      vertex 50.1673 -2.55666 3.2
      vertex 50.1465 -2.44386 2.8
      vertex 50.1465 -2.44386 3.2
    endloop
  endfacet
  facet normal 0.98342 0.18134 0
    outer loop
      vertex 50.1465 -2.44386 2.8
      vertex 50.1673 -2.55666 3.2
      vertex 50.1673 -2.55666 2.8
    endloop
  endfacet
  facet normal 0.998624 0.0524369 0
    outer loop
      vertex 50.1743 -2.68997 3.2
      vertex 50.1673 -2.55666 2.8
      vertex 50.1673 -2.55666 3.2
    endloop
  endfacet
  facet normal 0.998624 0.0524369 0
    outer loop
      vertex 50.1673 -2.55666 2.8
      vertex 50.1743 -2.68997 3.2
      vertex 50.1743 -2.68997 2.8
    endloop
  endfacet
  facet normal 1 -0 0
    outer loop
      vertex 50.1743 -3.60001 3.2
      vertex 50.1743 -2.68997 2.8
      vertex 50.1743 -2.68997 3.2
    endloop
  endfacet
  facet normal 1 0 0
    outer loop
      vertex 50.1743 -3.76018 2.8
      vertex 50.1743 -3.60001 3.2
      vertex 50.1743 -3.76018 3.03983
    endloop
  endfacet
  facet normal 1 0 0
    outer loop
      vertex 50.1743 -3.60001 3.2
      vertex 50.1743 -3.76018 2.8
      vertex 50.1743 -2.68997 2.8
    endloop
  endfacet
  facet normal 0 1 -0
    outer loop
      vertex 50.6679 -3.76018 2.8
      vertex 50.1743 -3.76018 3.03983
      vertex 50.6679 -3.76018 3.03983
    endloop
  endfacet
  facet normal 0 1 0
    outer loop
      vertex 50.1743 -3.76018 3.03983
      vertex 50.6679 -3.76018 2.8
      vertex 50.1743 -3.76018 2.8
    endloop
  endfacet
  facet normal -1 0 0
    outer loop
      vertex 50.6679 -2.54892 2.8
      vertex 50.6679 -3.60001 3.2
      vertex 50.6679 -2.54892 3.2
    endloop
  endfacet
  facet normal -1 0 0
    outer loop
      vertex 50.6679 -3.76018 2.8
      vertex 50.6679 -3.60001 3.2
      vertex 50.6679 -2.54892 2.8
    endloop
  endfacet
  facet normal -1 0 0
    outer loop
      vertex 50.6679 -3.60001 3.2
      vertex 50.6679 -3.76018 2.8
      vertex 50.6679 -3.76018 3.03983
    endloop
  endfacet
  facet normal -0.999447 -0.0332377 0
    outer loop
      vertex 50.6679 -2.54892 2.8
      vertex 50.6646 -2.44969 3.2
      vertex 50.6646 -2.44969 2.8
    endloop
  endfacet
  facet normal -0.999447 -0.0332377 0
    outer loop
      vertex 50.6646 -2.44969 3.2
      vertex 50.6679 -2.54892 2.8
      vertex 50.6679 -2.54892 3.2
    endloop
  endfacet
  facet normal -0.994283 -0.106773 0
    outer loop
      vertex 50.6646 -2.44969 2.8
      vertex 50.6547 -2.3575 3.2
      vertex 50.6547 -2.3575 2.8
    endloop
  endfacet
  facet normal -0.994283 -0.106773 0
    outer loop
      vertex 50.6547 -2.3575 3.2
      vertex 50.6646 -2.44969 2.8
      vertex 50.6646 -2.44969 3.2
    endloop
  endfacet
  facet normal -0.981514 -0.191391 0
    outer loop
      vertex 50.6547 -2.3575 2.8
      vertex 50.6381 -2.27237 3.2
      vertex 50.6381 -2.27237 2.8
    endloop
  endfacet
  facet normal -0.981514 -0.191391 0
    outer loop
      vertex 50.6381 -2.27237 3.2
      vertex 50.6547 -2.3575 2.8
      vertex 50.6547 -2.3575 3.2
    endloop
  endfacet
  facet normal -0.958914 -0.283695 0
    outer loop
      vertex 50.6381 -2.27237 2.8
      vertex 50.615 -2.19429 3.2
      vertex 50.615 -2.19429 2.8
    endloop
  endfacet
  facet normal -0.958914 -0.283695 0
    outer loop
      vertex 50.615 -2.19429 3.2
      vertex 50.6381 -2.27237 2.8
      vertex 50.6381 -2.27237 3.2
    endloop
  endfacet
  facet normal -0.922133 -0.386873 0
    outer loop
      vertex 50.615 -2.19429 2.8
      vertex 50.5852 -2.12326 3.2
      vertex 50.5852 -2.12326 2.8
    endloop
  endfacet
  facet normal -0.922133 -0.386873 0
    outer loop
      vertex 50.5852 -2.12326 3.2
      vertex 50.615 -2.19429 2.8
      vertex 50.615 -2.19429 3.2
    endloop
  endfacet
  facet normal -0.868594 -0.495525 0
    outer loop
      vertex 50.5852 -2.12326 2.8
      vertex 50.5487 -2.05928 3.2
      vertex 50.5487 -2.05928 2.8
    endloop
  endfacet
  facet normal -0.868594 -0.495525 0
    outer loop
      vertex 50.5487 -2.05928 3.2
      vertex 50.5852 -2.12326 2.8
      vertex 50.5852 -2.12326 3.2
    endloop
  endfacet
  facet normal -0.797858 -0.602845 0
    outer loop
      vertex 50.5487 -2.05928 2.8
      vertex 50.5057 -2.00237 3.2
      vertex 50.5057 -2.00237 2.8
    endloop
  endfacet
  facet normal -0.797858 -0.602845 0
    outer loop
      vertex 50.5057 -2.00237 3.2
      vertex 50.5487 -2.05928 2.8
      vertex 50.5487 -2.05928 3.2
    endloop
  endfacet
  facet normal -0.709964 -0.704238 0
    outer loop
      vertex 50.5057 -2.00237 2.8
      vertex 50.4565 -1.95277 3.2
      vertex 50.4565 -1.95277 2.8
    endloop
  endfacet
  facet normal -0.709964 -0.704238 0
    outer loop
      vertex 50.4565 -1.95277 3.2
      vertex 50.5057 -2.00237 2.8
      vertex 50.5057 -2.00237 3.2
    endloop
  endfacet
  facet normal -0.606366 -0.795186 0
    outer loop
      vertex 50.4015 -1.91083 2.8
      vertex 50.4565 -1.95277 3.2
      vertex 50.4015 -1.91083 3.2
    endloop
  endfacet
  facet normal -0.606366 -0.795186 -0
    outer loop
      vertex 50.4565 -1.95277 3.2
      vertex 50.4015 -1.91083 2.8
      vertex 50.4565 -1.95277 2.8
    endloop
  endfacet
  facet normal -0.492289 -0.870432 0
    outer loop
      vertex 50.3408 -1.8765 2.8
      vertex 50.4015 -1.91083 3.2
      vertex 50.3408 -1.8765 3.2
    endloop
  endfacet
  facet normal -0.492289 -0.870432 -0
    outer loop
      vertex 50.4015 -1.91083 3.2
      vertex 50.3408 -1.8765 2.8
      vertex 50.4015 -1.91083 2.8
    endloop
  endfacet
  facet normal -0.372714 -0.927946 0
    outer loop
      vertex 50.2743 -1.84979 2.8
      vertex 50.3408 -1.8765 3.2
      vertex 50.2743 -1.84979 3.2
    endloop
  endfacet
  facet normal -0.372714 -0.927946 -0
    outer loop
      vertex 50.3408 -1.8765 3.2
      vertex 50.2743 -1.84979 2.8
      vertex 50.3408 -1.8765 2.8
    endloop
  endfacet
  facet normal -0.254915 -0.966964 0
    outer loop
      vertex 50.202 -1.83073 2.8
      vertex 50.2743 -1.84979 3.2
      vertex 50.202 -1.83073 3.2
    endloop
  endfacet
  facet normal -0.254915 -0.966964 -0
    outer loop
      vertex 50.2743 -1.84979 3.2
      vertex 50.202 -1.83073 2.8
      vertex 50.2743 -1.84979 2.8
    endloop
  endfacet
  facet normal -0.145114 -0.989415 0
    outer loop
      vertex 50.124 -1.81929 2.8
      vertex 50.202 -1.83073 3.2
      vertex 50.124 -1.81929 3.2
    endloop
  endfacet
  facet normal -0.145114 -0.989415 -0
    outer loop
      vertex 50.202 -1.83073 3.2
      vertex 50.124 -1.81929 2.8
      vertex 50.202 -1.83073 2.8
    endloop
  endfacet
  facet normal -0.0454726 -0.998966 0
    outer loop
      vertex 50.0403 -1.81548 2.8
      vertex 50.124 -1.81929 3.2
      vertex 50.0403 -1.81548 3.2
    endloop
  endfacet
  facet normal -0.0454726 -0.998966 -0
    outer loop
      vertex 50.124 -1.81929 3.2
      vertex 50.0403 -1.81548 2.8
      vertex 50.124 -1.81929 2.8
    endloop
  endfacet
  facet normal 0.0341637 -0.999416 0
    outer loop
      vertex 49.9815 -1.81749 2.8
      vertex 50.0403 -1.81548 3.2
      vertex 49.9815 -1.81749 3.2
    endloop
  endfacet
  facet normal 0.0341637 -0.999416 0
    outer loop
      vertex 50.0403 -1.81548 3.2
      vertex 49.9815 -1.81749 2.8
      vertex 50.0403 -1.81548 2.8
    endloop
  endfacet
  facet normal 0.106483 -0.994314 0
    outer loop
      vertex 49.9251 -1.82353 2.8
      vertex 49.9815 -1.81749 3.2
      vertex 49.9251 -1.82353 3.2
    endloop
  endfacet
  facet normal 0.106483 -0.994314 0
    outer loop
      vertex 49.9815 -1.81749 3.2
      vertex 49.9251 -1.82353 2.8
      vertex 49.9815 -1.81749 2.8
    endloop
  endfacet
  facet normal 0.183321 -0.983053 0
    outer loop
      vertex 49.8711 -1.8336 2.8
      vertex 49.9251 -1.82353 3.2
      vertex 49.8711 -1.8336 3.2
    endloop
  endfacet
  facet normal 0.183321 -0.983053 0
    outer loop
      vertex 49.9251 -1.82353 3.2
      vertex 49.8711 -1.8336 2.8
      vertex 49.9251 -1.82353 2.8
    endloop
  endfacet
  facet normal 0.26394 -0.964539 0
    outer loop
      vertex 49.8195 -1.84772 2.8
      vertex 49.8711 -1.8336 3.2
      vertex 49.8195 -1.84772 3.2
    endloop
  endfacet
  facet normal 0.26394 -0.964539 0
    outer loop
      vertex 49.8711 -1.8336 3.2
      vertex 49.8195 -1.84772 2.8
      vertex 49.8711 -1.8336 2.8
    endloop
  endfacet
  facet normal 0.345317 -0.938486 0
    outer loop
      vertex 49.7702 -1.86586 2.8
      vertex 49.8195 -1.84772 3.2
      vertex 49.7702 -1.86586 3.2
    endloop
  endfacet
  facet normal 0.345317 -0.938486 0
    outer loop
      vertex 49.8195 -1.84772 3.2
      vertex 49.7702 -1.86586 2.8
      vertex 49.8195 -1.84772 2.8
    endloop
  endfacet
  facet normal 0.427208 -0.904154 0
    outer loop
      vertex 49.7233 -1.88802 2.8
      vertex 49.7702 -1.86586 3.2
      vertex 49.7233 -1.88802 3.2
    endloop
  endfacet
  facet normal 0.427208 -0.904154 0
    outer loop
      vertex 49.7702 -1.86586 3.2
      vertex 49.7233 -1.88802 2.8
      vertex 49.7702 -1.86586 2.8
    endloop
  endfacet
  facet normal 0.507359 -0.861735 0
    outer loop
      vertex 49.6788 -1.91422 2.8
      vertex 49.7233 -1.88802 3.2
      vertex 49.6788 -1.91422 3.2
    endloop
  endfacet
  facet normal 0.507359 -0.861735 0
    outer loop
      vertex 49.7233 -1.88802 3.2
      vertex 49.6788 -1.91422 2.8
      vertex 49.7233 -1.88802 2.8
    endloop
  endfacet
  facet normal 0.586748 -0.80977 0
    outer loop
      vertex 49.6365 -1.94487 2.8
      vertex 49.6788 -1.91422 3.2
      vertex 49.6365 -1.94487 3.2
    endloop
  endfacet
  facet normal 0.586748 -0.80977 0
    outer loop
      vertex 49.6788 -1.91422 3.2
      vertex 49.6365 -1.94487 2.8
      vertex 49.6788 -1.91422 2.8
    endloop
  endfacet
  facet normal 0.662453 -0.749103 0
    outer loop
      vertex 49.5963 -1.98042 2.8
      vertex 49.6365 -1.94487 3.2
      vertex 49.5963 -1.98042 3.2
    endloop
  endfacet
  facet normal 0.662453 -0.749103 0
    outer loop
      vertex 49.6365 -1.94487 3.2
      vertex 49.5963 -1.98042 2.8
      vertex 49.6365 -1.94487 2.8
    endloop
  endfacet
  facet normal 0.727851 -0.685735 0
    outer loop
      vertex 49.5582 -2.02086 3.2
      vertex 49.5963 -1.98042 2.8
      vertex 49.5963 -1.98042 3.2
    endloop
  endfacet
  facet normal 0.727851 -0.685735 0
    outer loop
      vertex 49.5963 -1.98042 2.8
      vertex 49.5582 -2.02086 3.2
      vertex 49.5582 -2.02086 2.8
    endloop
  endfacet
  facet normal 0.783222 -0.621742 0
    outer loop
      vertex 49.5222 -2.06621 3.2
      vertex 49.5582 -2.02086 2.8
      vertex 49.5582 -2.02086 3.2
    endloop
  endfacet
  facet normal 0.783222 -0.621742 0
    outer loop
      vertex 49.5582 -2.02086 2.8
      vertex 49.5222 -2.06621 3.2
      vertex 49.5222 -2.06621 2.8
    endloop
  endfacet
  facet normal 0.828786 -0.559566 0
    outer loop
      vertex 49.4883 -2.11642 3.2
      vertex 49.5222 -2.06621 2.8
      vertex 49.5222 -2.06621 3.2
    endloop
  endfacet
  facet normal 0.828786 -0.559566 0
    outer loop
      vertex 49.5222 -2.06621 2.8
      vertex 49.4883 -2.11642 3.2
      vertex 49.4883 -2.11642 2.8
    endloop
  endfacet
  facet normal 0.865545 -0.500832 0
    outer loop
      vertex 49.4564 -2.17155 3.2
      vertex 49.4883 -2.11642 2.8
      vertex 49.4883 -2.11642 3.2
    endloop
  endfacet
  facet normal 0.865545 -0.500832 0
    outer loop
      vertex 49.4883 -2.11642 2.8
      vertex 49.4564 -2.17155 3.2
      vertex 49.4564 -2.17155 2.8
    endloop
  endfacet
  facet normal 0.896301 -0.443447 0
    outer loop
      vertex 49.4267 -2.23158 3.2
      vertex 49.4564 -2.17155 2.8
      vertex 49.4564 -2.17155 3.2
    endloop
  endfacet
  facet normal 0.896301 -0.443447 0
    outer loop
      vertex 49.4564 -2.17155 2.8
      vertex 49.4267 -2.23158 3.2
      vertex 49.4267 -2.23158 2.8
    endloop
  endfacet
  facet normal 0 -1 0
    outer loop
      vertex 49.4196 -2.23158 2.8
      vertex 49.4267 -2.23158 3.2
      vertex 49.4196 -2.23158 3.2
    endloop
  endfacet
  facet normal 0 -1 -0
    outer loop
      vertex 49.4267 -2.23158 3.2
      vertex 49.4196 -2.23158 2.8
      vertex 49.4267 -2.23158 2.8
    endloop
  endfacet
  facet normal -0.999935 -0.0114409 0
    outer loop
      vertex 49.4196 -2.23158 2.8
      vertex 49.4194 -2.2141 3.2
      vertex 49.4194 -2.2141 2.8
    endloop
  endfacet
  facet normal -0.999935 -0.0114409 0
    outer loop
      vertex 49.4194 -2.2141 3.2
      vertex 49.4196 -2.23158 2.8
      vertex 49.4196 -2.23158 3.2
    endloop
  endfacet
  facet normal -0.999721 -0.0236006 0
    outer loop
      vertex 49.4194 -2.2141 2.8
      vertex 49.4189 -2.19292 3.2
      vertex 49.4189 -2.19292 2.8
    endloop
  endfacet
  facet normal -0.999721 -0.0236006 0
    outer loop
      vertex 49.4189 -2.19292 3.2
      vertex 49.4194 -2.2141 2.8
      vertex 49.4194 -2.2141 3.2
    endloop
  endfacet
  facet normal -0.999346 -0.0361645 0
    outer loop
      vertex 49.4189 -2.19292 2.8
      vertex 49.418 -2.16805 3.2
      vertex 49.418 -2.16805 2.8
    endloop
  endfacet
  facet normal -0.999346 -0.0361645 0
    outer loop
      vertex 49.418 -2.16805 3.2
      vertex 49.4189 -2.19292 2.8
      vertex 49.4189 -2.19292 3.2
    endloop
  endfacet
  facet normal -0.999121 -0.0419212 0
    outer loop
      vertex 49.418 -2.16805 2.8
      vertex 49.4168 -2.13945 3.2
      vertex 49.4168 -2.13945 2.8
    endloop
  endfacet
  facet normal -0.999121 -0.0419212 0
    outer loop
      vertex 49.4168 -2.13945 3.2
      vertex 49.418 -2.16805 2.8
      vertex 49.418 -2.16805 3.2
    endloop
  endfacet
  facet normal -0.998617 -0.0525751 0
    outer loop
      vertex 49.4168 -2.13945 2.8
      vertex 49.4151 -2.10716 3.2
      vertex 49.4151 -2.10716 2.8
    endloop
  endfacet
  facet normal -0.998617 -0.0525751 0
    outer loop
      vertex 49.4151 -2.10716 3.2
      vertex 49.4168 -2.13945 2.8
      vertex 49.4168 -2.13945 3.2
    endloop
  endfacet
  facet normal -0.998611 -0.0526898 0
    outer loop
      vertex 49.4151 -2.10716 2.8
      vertex 49.4132 -2.07115 3.2
      vertex 49.4132 -2.07115 2.8
    endloop
  endfacet
  facet normal -0.998611 -0.0526898 0
    outer loop
      vertex 49.4132 -2.07115 3.2
      vertex 49.4151 -2.10716 2.8
      vertex 49.4151 -2.10716 3.2
    endloop
  endfacet
  facet normal -0.998178 -0.0603432 0
    outer loop
      vertex 49.4132 -2.07115 2.8
      vertex 49.4108 -2.03145 3.2
      vertex 49.4108 -2.03145 2.8
    endloop
  endfacet
  facet normal -0.998178 -0.0603432 0
    outer loop
      vertex 49.4108 -2.03145 3.2
      vertex 49.4132 -2.07115 2.8
      vertex 49.4132 -2.07115 3.2
    endloop
  endfacet
  facet normal -0.998139 -0.0609861 0
    outer loop
      vertex 49.4108 -2.03145 2.8
      vertex 49.4084 -1.99217 3.2
      vertex 49.4084 -1.99217 2.8
    endloop
  endfacet
  facet normal -0.998139 -0.0609861 0
    outer loop
      vertex 49.4084 -1.99217 3.2
      vertex 49.4108 -2.03145 2.8
      vertex 49.4108 -2.03145 3.2
    endloop
  endfacet
  facet normal -0.997811 -0.0661373 0
    outer loop
      vertex 49.4084 -1.99217 2.8
      vertex 49.4061 -1.95747 3.2
      vertex 49.4061 -1.95747 2.8
    endloop
  endfacet
  facet normal -0.997811 -0.0661373 0
    outer loop
      vertex 49.4061 -1.95747 3.2
      vertex 49.4084 -1.99217 2.8
      vertex 49.4084 -1.99217 3.2
    endloop
  endfacet
  facet normal -0.997345 -0.0728231 0
    outer loop
      vertex 49.4061 -1.95747 2.8
      vertex 49.4039 -1.92734 3.2
      vertex 49.4039 -1.92734 2.8
    endloop
  endfacet
  facet normal -0.997345 -0.0728231 0
    outer loop
      vertex 49.4039 -1.92734 3.2
      vertex 49.4061 -1.95747 2.8
      vertex 49.4061 -1.95747 3.2
    endloop
  endfacet
  facet normal -0.996957 -0.0779482 0
    outer loop
      vertex 49.4039 -1.92734 2.8
      vertex 49.4019 -1.90176 3.2
      vertex 49.4019 -1.90176 2.8
    endloop
  endfacet
  facet normal -0.996957 -0.0779482 0
    outer loop
      vertex 49.4019 -1.90176 3.2
      vertex 49.4039 -1.92734 2.8
      vertex 49.4039 -1.92734 3.2
    endloop
  endfacet
  facet normal -0.995928 -0.0901507 0
    outer loop
      vertex 49.4019 -1.90176 2.8
      vertex 49.4 -1.88077 3.2
      vertex 49.4 -1.88077 2.8
    endloop
  endfacet
  facet normal -0.995928 -0.0901507 0
    outer loop
      vertex 49.4 -1.88077 3.2
      vertex 49.4019 -1.90176 2.8
      vertex 49.4019 -1.90176 3.2
    endloop
  endfacet
  facet normal -0.994683 -0.102982 0
    outer loop
      vertex 49.4 -1.88077 2.8
      vertex 49.3983 -1.86435 3.2
      vertex 49.3983 -1.86435 2.8
    endloop
  endfacet
  facet normal -0.994683 -0.102982 0
    outer loop
      vertex 49.3983 -1.86435 3.2
      vertex 49.4 -1.88077 2.8
      vertex 49.4 -1.88077 3.2
    endloop
  endfacet
  facet normal -0.991022 -0.133696 0
    outer loop
      vertex 49.3983 -1.86435 2.8
      vertex 49.3967 -1.85249 3.2
      vertex 49.3967 -1.85249 2.8
    endloop
  endfacet
  facet normal -0.991022 -0.133696 0
    outer loop
      vertex 49.3967 -1.85249 3.2
      vertex 49.3983 -1.86435 2.8
      vertex 49.3983 -1.86435 3.2
    endloop
  endfacet
  facet normal 0 -1 0
    outer loop
      vertex 48.9242 -1.85249 2.8
      vertex 49.3967 -1.85249 3.2
      vertex 48.9242 -1.85249 3.2
    endloop
  endfacet
  facet normal 0 -1 -0
    outer loop
      vertex 49.3967 -1.85249 3.2
      vertex 48.9242 -1.85249 2.8
      vertex 49.3967 -1.85249 2.8
    endloop
  endfacet
  facet normal 0.997803 0.0662552 0
    outer loop
      vertex 48.9257 -1.87508 3.2
      vertex 48.9242 -1.85249 2.8
      vertex 48.9242 -1.85249 3.2
    endloop
  endfacet
  facet normal 0.997803 0.0662552 0
    outer loop
      vertex 48.9242 -1.85249 2.8
      vertex 48.9257 -1.87508 3.2
      vertex 48.9257 -1.87508 2.8
    endloop
  endfacet
  facet normal 0.997952 0.0639713 0
    outer loop
      vertex 48.9272 -1.89848 3.2
      vertex 48.9257 -1.87508 2.8
      vertex 48.9257 -1.87508 3.2
    endloop
  endfacet
  facet normal 0.997952 0.0639713 0
    outer loop
      vertex 48.9257 -1.87508 2.8
      vertex 48.9272 -1.89848 3.2
      vertex 48.9272 -1.89848 2.8
    endloop
  endfacet
  facet normal 0.998338 0.057636 0
    outer loop
      vertex 48.9286 -1.92273 3.2
      vertex 48.9272 -1.89848 2.8
      vertex 48.9272 -1.89848 3.2
    endloop
  endfacet
  facet normal 0.998338 0.057636 0
    outer loop
      vertex 48.9272 -1.89848 2.8
      vertex 48.9286 -1.92273 3.2
      vertex 48.9286 -1.92273 2.8
    endloop
  endfacet
  facet normal 0.998656 0.0518265 0
    outer loop
      vertex 48.9299 -1.94778 3.2
      vertex 48.9286 -1.92273 2.8
      vertex 48.9286 -1.92273 3.2
    endloop
  endfacet
  facet normal 0.998656 0.0518265 0
    outer loop
      vertex 48.9286 -1.92273 2.8
      vertex 48.9299 -1.94778 3.2
      vertex 48.9299 -1.94778 2.8
    endloop
  endfacet
  facet normal 0.998542 0.0539753 0
    outer loop
      vertex 48.9313 -1.97368 3.2
      vertex 48.9299 -1.94778 2.8
      vertex 48.9299 -1.94778 3.2
    endloop
  endfacet
  facet normal 0.998542 0.0539753 0
    outer loop
      vertex 48.9299 -1.94778 2.8
      vertex 48.9313 -1.97368 3.2
      vertex 48.9313 -1.97368 2.8
    endloop
  endfacet
  facet normal 0.998819 0.0485952 0
    outer loop
      vertex 48.9326 -2.0004 3.2
      vertex 48.9313 -1.97368 2.8
      vertex 48.9313 -1.97368 3.2
    endloop
  endfacet
  facet normal 0.998819 0.0485952 0
    outer loop
      vertex 48.9313 -1.97368 2.8
      vertex 48.9326 -2.0004 3.2
      vertex 48.9326 -2.0004 2.8
    endloop
  endfacet
  facet normal 0.998888 0.0471516 0
    outer loop
      vertex 48.9339 -2.02794 3.2
      vertex 48.9326 -2.0004 2.8
      vertex 48.9326 -2.0004 3.2
    endloop
  endfacet
  facet normal 0.998888 0.0471516 0
    outer loop
      vertex 48.9326 -2.0004 2.8
      vertex 48.9339 -2.02794 3.2
      vertex 48.9339 -2.02794 2.8
    endloop
  endfacet
  facet normal 0.999286 0.0377737 0
    outer loop
      vertex 48.935 -2.05704 3.2
      vertex 48.9339 -2.02794 2.8
      vertex 48.9339 -2.02794 3.2
    endloop
  endfacet
  facet normal 0.999286 0.0377737 0
    outer loop
      vertex 48.9339 -2.02794 2.8
      vertex 48.935 -2.05704 3.2
      vertex 48.935 -2.05704 2.8
    endloop
  endfacet
  facet normal 0.999491 0.0318919 0
    outer loop
      vertex 48.936 -2.08838 3.2
      vertex 48.935 -2.05704 2.8
      vertex 48.935 -2.05704 3.2
    endloop
  endfacet
  facet normal 0.999491 0.0318919 0
    outer loop
      vertex 48.935 -2.05704 2.8
      vertex 48.936 -2.08838 3.2
      vertex 48.936 -2.08838 2.8
    endloop
  endfacet
  facet normal 0.999642 0.0267522 0
    outer loop
      vertex 48.9369 -2.12201 3.2
      vertex 48.936 -2.08838 2.8
      vertex 48.936 -2.08838 3.2
    endloop
  endfacet
  facet normal 0.999642 0.0267522 0
    outer loop
      vertex 48.936 -2.08838 2.8
      vertex 48.9369 -2.12201 3.2
      vertex 48.9369 -2.12201 2.8
    endloop
  endfacet
  facet normal 0.99986 0.0167154 0
    outer loop
      vertex 48.9375 -2.1579 3.2
      vertex 48.9369 -2.12201 2.8
      vertex 48.9369 -2.12201 3.2
    endloop
  endfacet
  facet normal 0.99986 0.0167154 0
    outer loop
      vertex 48.9369 -2.12201 2.8
      vertex 48.9375 -2.1579 3.2
      vertex 48.9375 -2.1579 2.8
    endloop
  endfacet
  facet normal 0.999945 0.0104871 0
    outer loop
      vertex 48.9379 -2.19604 3.2
      vertex 48.9375 -2.1579 2.8
      vertex 48.9375 -2.1579 3.2
    endloop
  endfacet
  facet normal 0.999945 0.0104871 0
    outer loop
      vertex 48.9375 -2.1579 2.8
      vertex 48.9379 -2.19604 3.2
      vertex 48.9379 -2.19604 2.8
    endloop
  endfacet
  facet normal 0.999972 0.00742003 0
    outer loop
      vertex 48.9382 -2.23647 3.2
      vertex 48.9379 -2.19604 2.8
      vertex 48.9379 -2.19604 3.2
    endloop
  endfacet
  facet normal 0.999972 0.00742003 0
    outer loop
      vertex 48.9379 -2.19604 2.8
      vertex 48.9382 -2.23647 3.2
      vertex 48.9382 -2.23647 2.8
    endloop
  endfacet
  facet normal 0.999997 0.00234246 0
    outer loop
      vertex 48.9383 -2.27916 3.2
      vertex 48.9382 -2.23647 2.8
      vertex 48.9382 -2.23647 3.2
    endloop
  endfacet
  facet normal 0.999997 0.00234246 0
    outer loop
      vertex 48.9382 -2.23647 2.8
      vertex 48.9383 -2.27916 3.2
      vertex 48.9383 -2.27916 2.8
    endloop
  endfacet
  facet normal 1 -0 0
    outer loop
      vertex 48.9383 -3.60001 3.2
      vertex 48.9383 -2.27916 2.8
      vertex 48.9383 -2.27916 3.2
    endloop
  endfacet
  facet normal 1 0 0
    outer loop
      vertex 48.9383 -3.76018 2.8
      vertex 48.9383 -3.60001 3.2
      vertex 48.9383 -3.76018 3.03983
    endloop
  endfacet
  facet normal 1 0 0
    outer loop
      vertex 48.9383 -3.60001 3.2
      vertex 48.9383 -3.76018 2.8
      vertex 48.9383 -2.27916 2.8
    endloop
  endfacet
  facet normal 0 1 -0
    outer loop
      vertex 49.4337 -3.76018 2.8
      vertex 48.9383 -3.76018 3.03983
      vertex 49.4337 -3.76018 3.03983
    endloop
  endfacet
  facet normal 0 1 0
    outer loop
      vertex 48.9383 -3.76018 3.03983
      vertex 49.4337 -3.76018 2.8
      vertex 48.9383 -3.76018 2.8
    endloop
  endfacet
  facet normal -1 0 0
    outer loop
      vertex 49.4337 -2.73758 2.8
      vertex 49.4337 -3.60001 3.2
      vertex 49.4337 -2.73758 3.2
    endloop
  endfacet
  facet normal -1 0 0
    outer loop
      vertex 49.4337 -3.76018 2.8
      vertex 49.4337 -3.60001 3.2
      vertex 49.4337 -2.73758 2.8
    endloop
  endfacet
  facet normal -1 0 0
    outer loop
      vertex 49.4337 -3.60001 3.2
      vertex 49.4337 -3.76018 2.8
      vertex 49.4337 -3.76018 3.03983
    endloop
  endfacet
  facet normal -0.135466 0.990782 0
    outer loop
      vertex 47.8708 -3.77393 2.8
      vertex 47.7529 -3.79005 3.00995
      vertex 47.8708 -3.77393 3.02608
    endloop
  endfacet
  facet normal -0.135466 0.990782 0
    outer loop
      vertex 47.7529 -3.79005 3.00995
      vertex 47.8708 -3.77393 2.8
      vertex 47.7529 -3.79005 2.8
    endloop
  endfacet
  facet normal -0.238037 0.971256 0
    outer loop
      vertex 47.9806 -3.74702 2.8
      vertex 47.8708 -3.77393 3.02608
      vertex 47.9806 -3.74702 3.05298
    endloop
  endfacet
  facet normal -0.238037 0.971256 0
    outer loop
      vertex 47.8708 -3.77393 3.02608
      vertex 47.9806 -3.74702 2.8
      vertex 47.8708 -3.77393 2.8
    endloop
  endfacet
  facet normal -0.347179 0.937799 0
    outer loop
      vertex 48.0823 -3.70937 2.8
      vertex 47.9806 -3.74702 3.05298
      vertex 48.0823 -3.70937 3.09064
    endloop
  endfacet
  facet normal -0.347179 0.937799 0
    outer loop
      vertex 47.9806 -3.74702 3.05298
      vertex 48.0823 -3.70937 2.8
      vertex 47.9806 -3.74702 2.8
    endloop
  endfacet
  facet normal -0.459082 0.888394 0
    outer loop
      vertex 48.176 -3.66095 2.8
      vertex 48.0823 -3.70937 3.09064
      vertex 48.176 -3.66095 3.13906
    endloop
  endfacet
  facet normal -0.459082 0.888394 0
    outer loop
      vertex 48.0823 -3.70937 3.09064
      vertex 48.176 -3.66095 2.8
      vertex 48.0823 -3.70937 2.8
    endloop
  endfacet
  facet normal -0.568166 0.822914 0
    outer loop
      vertex 48.2617 -3.60178 2.8
      vertex 48.176 -3.66095 3.13906
      vertex 48.2617 -3.60178 3.19823
    endloop
  endfacet
  facet normal -0.568166 0.822914 0
    outer loop
      vertex 48.176 -3.66095 3.13906
      vertex 48.2617 -3.60178 2.8
      vertex 48.176 -3.66095 2.8
    endloop
  endfacet
  facet normal -0.669424 0.742495 -0.0239042
    outer loop
      vertex 48.3392 -3.53185 3.2
      vertex 48.2617 -3.60178 3.19823
      vertex 48.2636 -3.60001 3.2
    endloop
  endfacet
  facet normal -0.669917 0.742436 0
    outer loop
      vertex 48.3392 -3.53185 2.8
      vertex 48.2617 -3.60178 3.19823
      vertex 48.3392 -3.53185 3.2
    endloop
  endfacet
  facet normal -0.669917 0.742436 0
    outer loop
      vertex 48.2617 -3.60178 3.19823
      vertex 48.3392 -3.53185 2.8
      vertex 48.2617 -3.60178 2.8
    endloop
  endfacet
  facet normal -0.75811 0.652127 0
    outer loop
      vertex 48.3392 -3.53185 2.8
      vertex 48.4075 -3.45245 3.2
      vertex 48.4075 -3.45245 2.8
    endloop
  endfacet
  facet normal -0.75811 0.652127 0
    outer loop
      vertex 48.4075 -3.45245 3.2
      vertex 48.3392 -3.53185 2.8
      vertex 48.3392 -3.53185 3.2
    endloop
  endfacet
  facet normal -0.834535 0.550955 0
    outer loop
      vertex 48.4075 -3.45245 2.8
      vertex 48.4653 -3.3649 3.2
      vertex 48.4653 -3.3649 2.8
    endloop
  endfacet
  facet normal -0.834535 0.550955 0
    outer loop
      vertex 48.4653 -3.3649 3.2
      vertex 48.4075 -3.45245 2.8
      vertex 48.4075 -3.45245 3.2
    endloop
  endfacet
  facet normal -0.896534 0.442976 0
    outer loop
      vertex 48.4653 -3.3649 2.8
      vertex 48.5126 -3.26917 3.2
      vertex 48.5126 -3.26917 2.8
    endloop
  endfacet
  facet normal -0.896534 0.442976 0
    outer loop
      vertex 48.5126 -3.26917 3.2
      vertex 48.4653 -3.3649 2.8
      vertex 48.4653 -3.3649 3.2
    endloop
  endfacet
  facet normal -0.942621 0.333864 0
    outer loop
      vertex 48.5126 -3.26917 2.8
      vertex 48.5494 -3.16527 3.2
      vertex 48.5494 -3.16527 2.8
    endloop
  endfacet
  facet normal -0.942621 0.333864 0
    outer loop
      vertex 48.5494 -3.16527 3.2
      vertex 48.5126 -3.26917 2.8
      vertex 48.5126 -3.26917 3.2
    endloop
  endfacet
  facet normal -0.973547 0.228487 0
    outer loop
      vertex 48.5494 -3.16527 2.8
      vertex 48.5757 -3.05321 3.2
      vertex 48.5757 -3.05321 2.8
    endloop
  endfacet
  facet normal -0.973547 0.228487 0
    outer loop
      vertex 48.5757 -3.05321 3.2
      vertex 48.5494 -3.16527 2.8
      vertex 48.5494 -3.16527 3.2
    endloop
  endfacet
  facet normal -0.991583 0.129473 0
    outer loop
      vertex 48.5757 -3.05321 2.8
      vertex 48.5914 -2.93297 3.2
      vertex 48.5914 -2.93297 2.8
    endloop
  endfacet
  facet normal -0.991583 0.129473 0
    outer loop
      vertex 48.5914 -2.93297 3.2
      vertex 48.5757 -3.05321 2.8
      vertex 48.5757 -3.05321 3.2
    endloop
  endfacet
  facet normal -0.999149 0.0412453 0
    outer loop
      vertex 48.5914 -2.93297 2.8
      vertex 48.5967 -2.80458 3.2
      vertex 48.5967 -2.80458 2.8
    endloop
  endfacet
  facet normal -0.999149 0.0412453 0
    outer loop
      vertex 48.5967 -2.80458 3.2
      vertex 48.5914 -2.93297 2.8
      vertex 48.5914 -2.93297 3.2
    endloop
  endfacet
  facet normal -0.999254 -0.0386163 0
    outer loop
      vertex 48.5967 -2.80458 2.8
      vertex 48.5916 -2.67261 3.2
      vertex 48.5916 -2.67261 2.8
    endloop
  endfacet
  facet normal -0.999254 -0.0386163 0
    outer loop
      vertex 48.5916 -2.67261 3.2
      vertex 48.5967 -2.80458 2.8
      vertex 48.5967 -2.80458 3.2
    endloop
  endfacet
  facet normal -0.99263 -0.121181 0
    outer loop
      vertex 48.5916 -2.67261 2.8
      vertex 48.5766 -2.54974 3.2
      vertex 48.5766 -2.54974 2.8
    endloop
  endfacet
  facet normal -0.99263 -0.121181 0
    outer loop
      vertex 48.5766 -2.54974 3.2
      vertex 48.5916 -2.67261 2.8
      vertex 48.5916 -2.67261 3.2
    endloop
  endfacet
  facet normal -0.976505 -0.215494 0
    outer loop
      vertex 48.5766 -2.54974 2.8
      vertex 48.5515 -2.436 3.2
      vertex 48.5515 -2.436 2.8
    endloop
  endfacet
  facet normal -0.976505 -0.215494 0
    outer loop
      vertex 48.5515 -2.436 3.2
      vertex 48.5766 -2.54974 2.8
      vertex 48.5766 -2.54974 3.2
    endloop
  endfacet
  facet normal -0.948102 -0.317967 0
    outer loop
      vertex 48.5515 -2.436 2.8
      vertex 48.5164 -2.33134 3.2
      vertex 48.5164 -2.33134 2.8
    endloop
  endfacet
  facet normal -0.948102 -0.317967 0
    outer loop
      vertex 48.5164 -2.33134 3.2
      vertex 48.5515 -2.436 2.8
      vertex 48.5515 -2.436 3.2
    endloop
  endfacet
  facet normal -0.903959 -0.427619 0
    outer loop
      vertex 48.5164 -2.33134 2.8
      vertex 48.4712 -2.23579 3.2
      vertex 48.4712 -2.23579 2.8
    endloop
  endfacet
  facet normal -0.903959 -0.427619 0
    outer loop
      vertex 48.4712 -2.23579 3.2
      vertex 48.5164 -2.33134 2.8
      vertex 48.5164 -2.33134 3.2
    endloop
  endfacet
  facet normal -0.842809 -0.538212 0
    outer loop
      vertex 48.4712 -2.23579 2.8
      vertex 48.416 -2.14935 3.2
      vertex 48.416 -2.14935 2.8
    endloop
  endfacet
  facet normal -0.842809 -0.538212 0
    outer loop
      vertex 48.416 -2.14935 3.2
      vertex 48.4712 -2.23579 2.8
      vertex 48.4712 -2.23579 3.2
    endloop
  endfacet
  facet normal -0.764034 -0.645176 0
    outer loop
      vertex 48.416 -2.14935 2.8
      vertex 48.3507 -2.07202 3.2
      vertex 48.3507 -2.07202 2.8
    endloop
  endfacet
  facet normal -0.764034 -0.645176 0
    outer loop
      vertex 48.3507 -2.07202 3.2
      vertex 48.416 -2.14935 2.8
      vertex 48.416 -2.14935 3.2
    endloop
  endfacet
  facet normal -0.670443 -0.741961 0
    outer loop
      vertex 48.2759 -2.00443 2.8
      vertex 48.3507 -2.07202 3.2
      vertex 48.2759 -2.00443 3.2
    endloop
  endfacet
  facet normal -0.670443 -0.741961 -0
    outer loop
      vertex 48.3507 -2.07202 3.2
      vertex 48.2759 -2.00443 2.8
      vertex 48.3507 -2.07202 2.8
    endloop
  endfacet
  facet normal -0.563698 -0.825981 0
    outer loop
      vertex 48.1921 -1.94724 2.8
      vertex 48.2759 -2.00443 3.2
      vertex 48.1921 -1.94724 3.2
    endloop
  endfacet
  facet normal -0.563698 -0.825981 -0
    outer loop
      vertex 48.2759 -2.00443 3.2
      vertex 48.1921 -1.94724 2.8
      vertex 48.2759 -2.00443 2.8
    endloop
  endfacet
  facet normal -0.45029 -0.892882 0
    outer loop
      vertex 48.0993 -1.90044 2.8
      vertex 48.1921 -1.94724 3.2
      vertex 48.0993 -1.90044 3.2
    endloop
  endfacet
  facet normal -0.45029 -0.892882 -0
    outer loop
      vertex 48.1921 -1.94724 3.2
      vertex 48.0993 -1.90044 2.8
      vertex 48.1921 -1.94724 2.8
    endloop
  endfacet
  facet normal -0.336477 -0.941692 0
    outer loop
      vertex 47.9974 -1.86403 2.8
      vertex 48.0993 -1.90044 3.2
      vertex 47.9974 -1.86403 3.2
    endloop
  endfacet
  facet normal -0.336477 -0.941692 -0
    outer loop
      vertex 48.0993 -1.90044 3.2
      vertex 47.9974 -1.86403 2.8
      vertex 48.0993 -1.90044 2.8
    endloop
  endfacet
  facet normal -0.228173 -0.973621 0
    outer loop
      vertex 47.8865 -1.83804 2.8
      vertex 47.9974 -1.86403 3.2
      vertex 47.8865 -1.83804 3.2
    endloop
  endfacet
  facet normal -0.228173 -0.973621 -0
    outer loop
      vertex 47.9974 -1.86403 3.2
      vertex 47.8865 -1.83804 2.8
      vertex 47.9974 -1.86403 2.8
    endloop
  endfacet
  facet normal -0.128996 -0.991645 0
    outer loop
      vertex 47.7665 -1.82243 2.8
      vertex 47.8865 -1.83804 3.2
      vertex 47.7665 -1.82243 3.2
    endloop
  endfacet
  facet normal -0.128996 -0.991645 -0
    outer loop
      vertex 47.8865 -1.83804 3.2
      vertex 47.7665 -1.82243 2.8
      vertex 47.8865 -1.83804 2.8
    endloop
  endfacet
  facet normal -0.0401227 -0.999195 0
    outer loop
      vertex 47.6375 -1.81725 2.8
      vertex 47.7665 -1.82243 3.2
      vertex 47.6375 -1.81725 3.2
    endloop
  endfacet
  facet normal -0.0401227 -0.999195 -0
    outer loop
      vertex 47.7665 -1.82243 3.2
      vertex 47.6375 -1.81725 2.8
      vertex 47.7665 -1.82243 2.8
    endloop
  endfacet
  facet normal 0.0424794 -0.999097 0
    outer loop
      vertex 47.5112 -1.82262 2.8
      vertex 47.6375 -1.81725 3.2
      vertex 47.5112 -1.82262 3.2
    endloop
  endfacet
  facet normal 0.0424794 -0.999097 0
    outer loop
      vertex 47.6375 -1.81725 3.2
      vertex 47.5112 -1.82262 2.8
      vertex 47.6375 -1.81725 2.8
    endloop
  endfacet
  facet normal 0.135518 -0.990775 0
    outer loop
      vertex 47.3932 -1.83876 2.8
      vertex 47.5112 -1.82262 3.2
      vertex 47.3932 -1.83876 3.2
    endloop
  endfacet
  facet normal 0.135518 -0.990775 0
    outer loop
      vertex 47.5112 -1.82262 3.2
      vertex 47.3932 -1.83876 2.8
      vertex 47.5112 -1.82262 2.8
    endloop
  endfacet
  facet normal 0.237954 -0.971276 0
    outer loop
      vertex 47.2834 -1.86566 2.8
      vertex 47.3932 -1.83876 3.2
      vertex 47.2834 -1.86566 3.2
    endloop
  endfacet
  facet normal 0.237954 -0.971276 0
    outer loop
      vertex 47.3932 -1.83876 3.2
      vertex 47.2834 -1.86566 2.8
      vertex 47.3932 -1.83876 2.8
    endloop
  endfacet
  facet normal 0.347781 -0.937576 0
    outer loop
      vertex 47.1819 -1.90331 2.8
      vertex 47.2834 -1.86566 3.2
      vertex 47.1819 -1.90331 3.2
    endloop
  endfacet
  facet normal 0.347781 -0.937576 0
    outer loop
      vertex 47.2834 -1.86566 3.2
      vertex 47.1819 -1.90331 2.8
      vertex 47.2834 -1.86566 2.8
    endloop
  endfacet
  facet normal 0.460559 -0.887629 0
    outer loop
      vertex 47.0886 -1.95172 2.8
      vertex 47.1819 -1.90331 3.2
      vertex 47.0886 -1.95172 3.2
    endloop
  endfacet
  facet normal 0.460559 -0.887629 0
    outer loop
      vertex 47.1819 -1.90331 3.2
      vertex 47.0886 -1.95172 2.8
      vertex 47.1819 -1.90331 2.8
    endloop
  endfacet
  facet normal 0.571775 -0.820411 0
    outer loop
      vertex 47.0037 -2.01089 2.8
      vertex 47.0886 -1.95172 3.2
      vertex 47.0037 -2.01089 3.2
    endloop
  endfacet
  facet normal 0.571775 -0.820411 0
    outer loop
      vertex 47.0886 -1.95172 3.2
      vertex 47.0037 -2.01089 2.8
      vertex 47.0886 -1.95172 2.8
    endloop
  endfacet
  facet normal 0.673794 -0.738919 0
    outer loop
      vertex 46.927 -2.08083 2.8
      vertex 47.0037 -2.01089 3.2
      vertex 46.927 -2.08083 3.2
    endloop
  endfacet
  facet normal 0.673794 -0.738919 0
    outer loop
      vertex 47.0037 -2.01089 3.2
      vertex 46.927 -2.08083 2.8
      vertex 47.0037 -2.01089 2.8
    endloop
  endfacet
  facet normal 0.762084 -0.647478 0
    outer loop
      vertex 46.8596 -2.16016 3.2
      vertex 46.927 -2.08083 2.8
      vertex 46.927 -2.08083 3.2
    endloop
  endfacet
  facet normal 0.762084 -0.647478 0
    outer loop
      vertex 46.927 -2.08083 2.8
      vertex 46.8596 -2.16016 3.2
      vertex 46.8596 -2.16016 2.8
    endloop
  endfacet
  facet normal 0.837878 -0.545858 0
    outer loop
      vertex 46.8027 -2.2475 3.2
      vertex 46.8596 -2.16016 2.8
      vertex 46.8596 -2.16016 3.2
    endloop
  endfacet
  facet normal 0.837878 -0.545858 0
    outer loop
      vertex 46.8596 -2.16016 2.8
      vertex 46.8027 -2.2475 3.2
      vertex 46.8027 -2.2475 2.8
    endloop
  endfacet
  facet normal 0.898089 -0.439815 0
    outer loop
      vertex 46.756 -2.34286 3.2
      vertex 46.8027 -2.2475 2.8
      vertex 46.8027 -2.2475 3.2
    endloop
  endfacet
  facet normal 0.898089 -0.439815 0
    outer loop
      vertex 46.8027 -2.2475 2.8
      vertex 46.756 -2.34286 3.2
      vertex 46.756 -2.34286 2.8
    endloop
  endfacet
  facet normal 0.94383 -0.330432 0
    outer loop
      vertex 46.7198 -2.44626 3.2
      vertex 46.756 -2.34286 2.8
      vertex 46.756 -2.34286 3.2
    endloop
  endfacet
  facet normal 0.94383 -0.330432 0
    outer loop
      vertex 46.756 -2.34286 2.8
      vertex 46.7198 -2.44626 3.2
      vertex 46.7198 -2.44626 2.8
    endloop
  endfacet
  facet normal 0.973828 -0.227285 0
    outer loop
      vertex 46.6938 -2.55766 3.2
      vertex 46.7198 -2.44626 2.8
      vertex 46.7198 -2.44626 3.2
    endloop
  endfacet
  facet normal 0.973828 -0.227285 0
    outer loop
      vertex 46.7198 -2.44626 2.8
      vertex 46.6938 -2.55766 3.2
      vertex 46.6938 -2.55766 2.8
    endloop
  endfacet
  facet normal 0.991686 -0.128683 0
    outer loop
      vertex 46.6783 -2.67711 3.2
      vertex 46.6938 -2.55766 2.8
      vertex 46.6938 -2.55766 3.2
    endloop
  endfacet
  facet normal 0.991686 -0.128683 0
    outer loop
      vertex 46.6938 -2.55766 2.8
      vertex 46.6783 -2.67711 3.2
      vertex 46.6783 -2.67711 2.8
    endloop
  endfacet
  facet normal 0.999169 -0.04076 0
    outer loop
      vertex 46.6731 -2.80458 3.2
      vertex 46.6783 -2.67711 2.8
      vertex 46.6783 -2.67711 3.2
    endloop
  endfacet
  facet normal 0.999169 -0.04076 0
    outer loop
      vertex 46.6783 -2.67711 2.8
      vertex 46.6731 -2.80458 3.2
      vertex 46.6731 -2.80458 2.8
    endloop
  endfacet
  facet normal 0.999175 0.0406074 0
    outer loop
      vertex 46.6783 -2.93253 3.2
      vertex 46.6731 -2.80458 2.8
      vertex 46.6731 -2.80458 3.2
    endloop
  endfacet
  facet normal 0.999175 0.0406074 0
    outer loop
      vertex 46.6731 -2.80458 2.8
      vertex 46.6783 -2.93253 3.2
      vertex 46.6783 -2.93253 2.8
    endloop
  endfacet
  facet normal 0.991745 0.128229 0
    outer loop
      vertex 46.6938 -3.05241 3.2
      vertex 46.6783 -2.93253 2.8
      vertex 46.6783 -2.93253 3.2
    endloop
  endfacet
  facet normal 0.991745 0.128229 0
    outer loop
      vertex 46.6783 -2.93253 2.8
      vertex 46.6938 -3.05241 3.2
      vertex 46.6938 -3.05241 2.8
    endloop
  endfacet
  facet normal 0.974026 0.226437 0
    outer loop
      vertex 46.7198 -3.16425 3.2
      vertex 46.6938 -3.05241 2.8
      vertex 46.6938 -3.05241 3.2
    endloop
  endfacet
  facet normal 0.974026 0.226437 0
    outer loop
      vertex 46.6938 -3.05241 2.8
      vertex 46.7198 -3.16425 3.2
      vertex 46.7198 -3.16425 2.8
    endloop
  endfacet
  facet normal 0.944187 0.32941 0
    outer loop
      vertex 46.756 -3.26801 3.2
      vertex 46.7198 -3.16425 2.8
      vertex 46.7198 -3.16425 3.2
    endloop
  endfacet
  facet normal 0.944187 0.32941 0
    outer loop
      vertex 46.7198 -3.16425 2.8
      vertex 46.756 -3.26801 3.2
      vertex 46.756 -3.26801 2.8
    endloop
  endfacet
  facet normal 0.898723 0.438516 0
    outer loop
      vertex 46.8027 -3.36372 3.2
      vertex 46.756 -3.26801 2.8
      vertex 46.756 -3.26801 3.2
    endloop
  endfacet
  facet normal 0.898723 0.438516 0
    outer loop
      vertex 46.756 -3.26801 2.8
      vertex 46.8027 -3.36372 3.2
      vertex 46.8027 -3.36372 2.8
    endloop
  endfacet
  facet normal 0.83876 0.544501 0
    outer loop
      vertex 46.8596 -3.45137 3.2
      vertex 46.8027 -3.36372 2.8
      vertex 46.8027 -3.36372 3.2
    endloop
  endfacet
  facet normal 0.83876 0.544501 0
    outer loop
      vertex 46.8027 -3.36372 2.8
      vertex 46.8596 -3.45137 3.2
      vertex 46.8596 -3.45137 2.8
    endloop
  endfacet
  facet normal 0.763128 0.646247 0
    outer loop
      vertex 46.927 -3.53096 3.2
      vertex 46.8596 -3.45137 2.8
      vertex 46.8596 -3.45137 3.2
    endloop
  endfacet
  facet normal 0.763128 0.646247 0
    outer loop
      vertex 46.8596 -3.45137 2.8
      vertex 46.927 -3.53096 3.2
      vertex 46.927 -3.53096 2.8
    endloop
  endfacet
  facet normal 0.675763 0.735951 0.041476
    outer loop
      vertex 47.0035 -3.60114 3.19887
      vertex 46.927 -3.53096 3.2
      vertex 47.0022 -3.60001 3.2
    endloop
  endfacet
  facet normal 0.676012 0.73689 0
    outer loop
      vertex 46.927 -3.53096 2.8
      vertex 47.0035 -3.60114 3.19887
      vertex 47.0035 -3.60114 2.8
    endloop
  endfacet
  facet normal 0.676012 0.73689 0
    outer loop
      vertex 47.0035 -3.60114 3.19887
      vertex 46.927 -3.53096 2.8
      vertex 46.927 -3.53096 3.2
    endloop
  endfacet
  facet normal 0.575803 0.817588 0
    outer loop
      vertex 47.0035 -3.60114 2.8
      vertex 47.0878 -3.66051 3.1395
      vertex 47.0878 -3.66051 2.8
    endloop
  endfacet
  facet normal 0.575803 0.817588 0
    outer loop
      vertex 47.0878 -3.66051 3.1395
      vertex 47.0035 -3.60114 2.8
      vertex 47.0035 -3.60114 3.19887
    endloop
  endfacet
  facet normal 0.466471 0.884537 0
    outer loop
      vertex 47.0878 -3.66051 2.8
      vertex 47.1799 -3.70908 3.09093
      vertex 47.1799 -3.70908 2.8
    endloop
  endfacet
  facet normal 0.466471 0.884537 0
    outer loop
      vertex 47.1799 -3.70908 3.09093
      vertex 47.0878 -3.66051 2.8
      vertex 47.0878 -3.66051 3.1395
    endloop
  endfacet
  facet normal 0.353419 0.935465 0
    outer loop
      vertex 47.1799 -3.70908 2.8
      vertex 47.2799 -3.74686 3.05315
      vertex 47.2799 -3.74686 2.8
    endloop
  endfacet
  facet normal 0.353419 0.935465 0
    outer loop
      vertex 47.2799 -3.74686 3.05315
      vertex 47.1799 -3.70908 2.8
      vertex 47.1799 -3.70908 3.09093
    endloop
  endfacet
  facet normal 0.242663 0.970111 0
    outer loop
      vertex 47.2799 -3.74686 2.8
      vertex 47.3878 -3.77385 3.02615
      vertex 47.3878 -3.77385 2.8
    endloop
  endfacet
  facet normal 0.242663 0.970111 0
    outer loop
      vertex 47.3878 -3.77385 3.02615
      vertex 47.2799 -3.74686 2.8
      vertex 47.2799 -3.74686 3.05315
    endloop
  endfacet
  facet normal 0.138581 0.990351 0
    outer loop
      vertex 47.3878 -3.77385 2.8
      vertex 47.5035 -3.79004 3.00997
      vertex 47.5035 -3.79004 2.8
    endloop
  endfacet
  facet normal 0.138581 0.990351 0
    outer loop
      vertex 47.5035 -3.79004 3.00997
      vertex 47.3878 -3.77385 2.8
      vertex 47.3878 -3.77385 3.02615
    endloop
  endfacet
  facet normal 0.043683 0.999045 0
    outer loop
      vertex 47.5035 -3.79004 2.8
      vertex 47.627 -3.79544 3.00456
      vertex 47.627 -3.79544 2.8
    endloop
  endfacet
  facet normal 0.043683 0.999045 0
    outer loop
      vertex 47.627 -3.79544 3.00456
      vertex 47.5035 -3.79004 2.8
      vertex 47.5035 -3.79004 3.00997
    endloop
  endfacet
  facet normal -0.0427726 0.999085 0
    outer loop
      vertex 47.7529 -3.79005 2.8
      vertex 47.627 -3.79544 3.00456
      vertex 47.7529 -3.79005 3.00995
    endloop
  endfacet
  facet normal -0.0427726 0.999085 0
    outer loop
      vertex 47.627 -3.79544 3.00456
      vertex 47.7529 -3.79005 2.8
      vertex 47.627 -3.79544 2.8
    endloop
  endfacet
  facet normal -0.187797 -0.982208 0
    outer loop
      vertex 47.5108 -3.44331 2.8
      vertex 47.5642 -3.45352 3.2
      vertex 47.5108 -3.44331 3.2
    endloop
  endfacet
  facet normal -0.187797 -0.982208 -0
    outer loop
      vertex 47.5642 -3.45352 3.2
      vertex 47.5108 -3.44331 2.8
      vertex 47.5642 -3.45352 2.8
    endloop
  endfacet
  facet normal -0.324642 -0.945837 0
    outer loop
      vertex 47.4613 -3.42632 2.8
      vertex 47.5108 -3.44331 3.2
      vertex 47.4613 -3.42632 3.2
    endloop
  endfacet
  facet normal -0.324642 -0.945837 -0
    outer loop
      vertex 47.5108 -3.44331 3.2
      vertex 47.4613 -3.42632 2.8
      vertex 47.5108 -3.44331 2.8
    endloop
  endfacet
  facet normal -0.464452 -0.885599 0
    outer loop
      vertex 47.4159 -3.40251 2.8
      vertex 47.4613 -3.42632 3.2
      vertex 47.4159 -3.40251 3.2
    endloop
  endfacet
  facet normal -0.464452 -0.885599 -0
    outer loop
      vertex 47.4613 -3.42632 3.2
      vertex 47.4159 -3.40251 2.8
      vertex 47.4613 -3.42632 2.8
    endloop
  endfacet
  facet normal -0.593338 -0.804953 0
    outer loop
      vertex 47.3744 -3.37192 2.8
      vertex 47.4159 -3.40251 3.2
      vertex 47.3744 -3.37192 3.2
    endloop
  endfacet
  facet normal -0.593338 -0.804953 -0
    outer loop
      vertex 47.4159 -3.40251 3.2
      vertex 47.3744 -3.37192 2.8
      vertex 47.4159 -3.40251 2.8
    endloop
  endfacet
  facet normal -0.706351 -0.707861 0
    outer loop
      vertex 47.3369 -3.3345 2.8
      vertex 47.3744 -3.37192 3.2
      vertex 47.3369 -3.3345 3.2
    endloop
  endfacet
  facet normal -0.706351 -0.707861 -0
    outer loop
      vertex 47.3744 -3.37192 3.2
      vertex 47.3369 -3.3345 2.8
      vertex 47.3744 -3.37192 2.8
    endloop
  endfacet
  facet normal -0.796895 -0.604118 0
    outer loop
      vertex 47.3369 -3.3345 2.8
      vertex 47.3034 -3.29031 3.2
      vertex 47.3034 -3.29031 2.8
    endloop
  endfacet
  facet normal -0.796895 -0.604118 0
    outer loop
      vertex 47.3034 -3.29031 3.2
      vertex 47.3369 -3.3345 2.8
      vertex 47.3369 -3.3345 3.2
    endloop
  endfacet
  facet normal -0.86664 -0.498933 0
    outer loop
      vertex 47.3034 -3.29031 2.8
      vertex 47.2742 -3.23959 3.2
      vertex 47.2742 -3.23959 2.8
    endloop
  endfacet
  facet normal -0.86664 -0.498933 0
    outer loop
      vertex 47.2742 -3.23959 3.2
      vertex 47.3034 -3.29031 2.8
      vertex 47.3034 -3.29031 3.2
    endloop
  endfacet
  facet normal -0.917403 -0.39796 0
    outer loop
      vertex 47.2742 -3.23959 2.8
      vertex 47.2495 -3.18265 3.2
      vertex 47.2495 -3.18265 2.8
    endloop
  endfacet
  facet normal -0.917403 -0.39796 0
    outer loop
      vertex 47.2495 -3.18265 3.2
      vertex 47.2742 -3.23959 2.8
      vertex 47.2742 -3.23959 3.2
    endloop
  endfacet
  facet normal -0.952035 -0.30599 0
    outer loop
      vertex 47.2495 -3.18265 2.8
      vertex 47.2292 -3.11949 3.2
      vertex 47.2292 -3.11949 2.8
    endloop
  endfacet
  facet normal -0.952035 -0.30599 0
    outer loop
      vertex 47.2292 -3.11949 3.2
      vertex 47.2495 -3.18265 2.8
      vertex 47.2495 -3.18265 3.2
    endloop
  endfacet
  facet normal -0.975353 -0.220649 0
    outer loop
      vertex 47.2292 -3.11949 2.8
      vertex 47.2135 -3.05009 3.2
      vertex 47.2135 -3.05009 2.8
    endloop
  endfacet
  facet normal -0.975353 -0.220649 0
    outer loop
      vertex 47.2135 -3.05009 3.2
      vertex 47.2292 -3.11949 2.8
      vertex 47.2292 -3.11949 3.2
    endloop
  endfacet
  facet normal -0.989203 -0.146549 0
    outer loop
      vertex 47.2135 -3.05009 2.8
      vertex 47.2023 -2.97449 3.2
      vertex 47.2023 -2.97449 2.8
    endloop
  endfacet
  facet normal -0.989203 -0.146549 0
    outer loop
      vertex 47.2023 -2.97449 3.2
      vertex 47.2135 -3.05009 2.8
      vertex 47.2135 -3.05009 3.2
    endloop
  endfacet
  facet normal -0.996567 -0.0827936 0
    outer loop
      vertex 47.2023 -2.97449 2.8
      vertex 47.1955 -2.89264 3.2
      vertex 47.1955 -2.89264 2.8
    endloop
  endfacet
  facet normal -0.996567 -0.0827936 0
    outer loop
      vertex 47.1955 -2.89264 3.2
      vertex 47.2023 -2.97449 2.8
      vertex 47.2023 -2.97449 3.2
    endloop
  endfacet
  facet normal -0.999688 -0.0249752 0
    outer loop
      vertex 47.1955 -2.89264 2.8
      vertex 47.1933 -2.80458 3.2
      vertex 47.1933 -2.80458 2.8
    endloop
  endfacet
  facet normal -0.999688 -0.0249752 0
    outer loop
      vertex 47.1933 -2.80458 3.2
      vertex 47.1955 -2.89264 2.8
      vertex 47.1955 -2.89264 3.2
    endloop
  endfacet
  facet normal -0.998567 0.0535113 0
    outer loop
      vertex 47.1933 -2.80458 2.8
      vertex 47.2025 -2.6329 3.2
      vertex 47.2025 -2.6329 2.8
    endloop
  endfacet
  facet normal -0.998567 0.0535113 0
    outer loop
      vertex 47.2025 -2.6329 3.2
      vertex 47.1933 -2.80458 2.8
      vertex 47.1933 -2.80458 3.2
    endloop
  endfacet
  facet normal -0.982419 0.186689 0
    outer loop
      vertex 47.2025 -2.6329 2.8
      vertex 47.2301 -2.48766 3.2
      vertex 47.2301 -2.48766 2.8
    endloop
  endfacet
  facet normal -0.982419 0.186689 0
    outer loop
      vertex 47.2301 -2.48766 3.2
      vertex 47.2025 -2.6329 2.8
      vertex 47.2025 -2.6329 3.2
    endloop
  endfacet
  facet normal -0.932341 0.361579 0
    outer loop
      vertex 47.2301 -2.48766 2.8
      vertex 47.2762 -2.36879 3.2
      vertex 47.2762 -2.36879 2.8
    endloop
  endfacet
  facet normal -0.932341 0.361579 0
    outer loop
      vertex 47.2762 -2.36879 3.2
      vertex 47.2301 -2.48766 2.8
      vertex 47.2301 -2.48766 3.2
    endloop
  endfacet
  facet normal -0.820514 0.571626 0
    outer loop
      vertex 47.2762 -2.36879 2.8
      vertex 47.3406 -2.27635 3.2
      vertex 47.3406 -2.27635 2.8
    endloop
  endfacet
  facet normal -0.820514 0.571626 0
    outer loop
      vertex 47.3406 -2.27635 3.2
      vertex 47.2762 -2.36879 2.8
      vertex 47.2762 -2.36879 3.2
    endloop
  endfacet
  facet normal -0.622967 0.782248 0
    outer loop
      vertex 47.4235 -2.21033 2.8
      vertex 47.3406 -2.27635 3.2
      vertex 47.4235 -2.21033 3.2
    endloop
  endfacet
  facet normal -0.622967 0.782248 0
    outer loop
      vertex 47.3406 -2.27635 3.2
      vertex 47.4235 -2.21033 2.8
      vertex 47.3406 -2.27635 2.8
    endloop
  endfacet
  facet normal -0.363856 0.931455 0
    outer loop
      vertex 47.5249 -2.17072 2.8
      vertex 47.4235 -2.21033 3.2
      vertex 47.5249 -2.17072 3.2
    endloop
  endfacet
  facet normal -0.363856 0.931455 0
    outer loop
      vertex 47.4235 -2.21033 3.2
      vertex 47.5249 -2.17072 2.8
      vertex 47.4235 -2.21033 2.8
    endloop
  endfacet
  facet normal -0.109775 0.993956 0
    outer loop
      vertex 47.6446 -2.1575 2.8
      vertex 47.5249 -2.17072 3.2
      vertex 47.6446 -2.1575 3.2
    endloop
  endfacet
  facet normal -0.109775 0.993956 0
    outer loop
      vertex 47.5249 -2.17072 3.2
      vertex 47.6446 -2.1575 2.8
      vertex 47.5249 -2.17072 2.8
    endloop
  endfacet
  facet normal 0.0535191 0.998567 -0
    outer loop
      vertex 47.703 -2.16063 2.8
      vertex 47.6446 -2.1575 3.2
      vertex 47.703 -2.16063 3.2
    endloop
  endfacet
  facet normal 0.0535191 0.998567 0
    outer loop
      vertex 47.6446 -2.1575 3.2
      vertex 47.703 -2.16063 2.8
      vertex 47.6446 -2.1575 2.8
    endloop
  endfacet
  facet normal 0.170575 0.985345 -0
    outer loop
      vertex 47.7573 -2.17003 2.8
      vertex 47.703 -2.16063 3.2
      vertex 47.7573 -2.17003 3.2
    endloop
  endfacet
  facet normal 0.170575 0.985345 0
    outer loop
      vertex 47.703 -2.16063 3.2
      vertex 47.7573 -2.17003 2.8
      vertex 47.703 -2.16063 2.8
    endloop
  endfacet
  facet normal 0.297625 0.954683 -0
    outer loop
      vertex 47.8075 -2.18568 2.8
      vertex 47.7573 -2.17003 3.2
      vertex 47.8075 -2.18568 3.2
    endloop
  endfacet
  facet normal 0.297625 0.954683 0
    outer loop
      vertex 47.7573 -2.17003 3.2
      vertex 47.8075 -2.18568 2.8
      vertex 47.7573 -2.17003 2.8
    endloop
  endfacet
  facet normal 0.429416 0.903107 -0
    outer loop
      vertex 47.8536 -2.2076 2.8
      vertex 47.8075 -2.18568 3.2
      vertex 47.8536 -2.2076 3.2
    endloop
  endfacet
  facet normal 0.429416 0.903107 0
    outer loop
      vertex 47.8075 -2.18568 3.2
      vertex 47.8536 -2.2076 2.8
      vertex 47.8075 -2.18568 2.8
    endloop
  endfacet
  facet normal 0.556889 0.830587 -0
    outer loop
      vertex 47.8956 -2.23576 2.8
      vertex 47.8536 -2.2076 3.2
      vertex 47.8956 -2.23576 3.2
    endloop
  endfacet
  facet normal 0.556889 0.830587 0
    outer loop
      vertex 47.8536 -2.2076 3.2
      vertex 47.8956 -2.23576 2.8
      vertex 47.8536 -2.2076 2.8
    endloop
  endfacet
  facet normal 0.672517 0.740081 -0
    outer loop
      vertex 47.9335 -2.2702 2.8
      vertex 47.8956 -2.23576 3.2
      vertex 47.9335 -2.2702 3.2
    endloop
  endfacet
  facet normal 0.672517 0.740081 0
    outer loop
      vertex 47.8956 -2.23576 3.2
      vertex 47.9335 -2.2702 2.8
      vertex 47.8956 -2.23576 2.8
    endloop
  endfacet
  facet normal 0.769305 0.638882 0
    outer loop
      vertex 47.9673 -2.3109 3.2
      vertex 47.9335 -2.2702 2.8
      vertex 47.9335 -2.2702 3.2
    endloop
  endfacet
  facet normal 0.769305 0.638882 0
    outer loop
      vertex 47.9335 -2.2702 2.8
      vertex 47.9673 -2.3109 3.2
      vertex 47.9673 -2.3109 2.8
    endloop
  endfacet
  facet normal 0.851045 0.525094 0
    outer loop
      vertex 47.9967 -2.35855 3.2
      vertex 47.9673 -2.3109 2.8
      vertex 47.9673 -2.3109 3.2
    endloop
  endfacet
  facet normal 0.851045 0.525094 0
    outer loop
      vertex 47.9673 -2.3109 2.8
      vertex 47.9967 -2.35855 3.2
      vertex 47.9967 -2.35855 2.8
    endloop
  endfacet
  facet normal 0.911127 0.412126 0
    outer loop
      vertex 48.0217 -2.41382 3.2
      vertex 47.9967 -2.35855 2.8
      vertex 47.9967 -2.35855 3.2
    endloop
  endfacet
  facet normal 0.911127 0.412126 0
    outer loop
      vertex 47.9967 -2.35855 2.8
      vertex 48.0217 -2.41382 3.2
      vertex 48.0217 -2.41382 2.8
    endloop
  endfacet
  facet normal 0.951223 0.308505 0
    outer loop
      vertex 48.0421 -2.47672 3.2
      vertex 48.0217 -2.41382 2.8
      vertex 48.0217 -2.41382 3.2
    endloop
  endfacet
  facet normal 0.951223 0.308505 0
    outer loop
      vertex 48.0217 -2.41382 2.8
      vertex 48.0421 -2.47672 3.2
      vertex 48.0421 -2.47672 2.8
    endloop
  endfacet
  facet normal 0.975801 0.218659 0
    outer loop
      vertex 48.0579 -2.54723 3.2
      vertex 48.0421 -2.47672 2.8
      vertex 48.0421 -2.47672 3.2
    endloop
  endfacet
  facet normal 0.975801 0.218659 0
    outer loop
      vertex 48.0421 -2.47672 2.8
      vertex 48.0579 -2.54723 3.2
      vertex 48.0579 -2.54723 2.8
    endloop
  endfacet
  facet normal 0.989527 0.144346 0
    outer loop
      vertex 48.0693 -2.62538 3.2
      vertex 48.0579 -2.54723 2.8
      vertex 48.0579 -2.54723 3.2
    endloop
  endfacet
  facet normal 0.989527 0.144346 0
    outer loop
      vertex 48.0579 -2.54723 2.8
      vertex 48.0693 -2.62538 3.2
      vertex 48.0693 -2.62538 2.8
    endloop
  endfacet
  facet normal 0.996873 0.0790155 0
    outer loop
      vertex 48.0761 -2.71117 3.2
      vertex 48.0693 -2.62538 2.8
      vertex 48.0693 -2.62538 3.2
    endloop
  endfacet
  facet normal 0.996873 0.0790155 0
    outer loop
      vertex 48.0693 -2.62538 2.8
      vertex 48.0761 -2.71117 3.2
      vertex 48.0761 -2.71117 2.8
    endloop
  endfacet
  facet normal 0.999723 0.0235456 0
    outer loop
      vertex 48.0783 -2.80458 3.2
      vertex 48.0761 -2.71117 2.8
      vertex 48.0761 -2.71117 3.2
    endloop
  endfacet
  facet normal 0.999723 0.0235456 0
    outer loop
      vertex 48.0761 -2.71117 2.8
      vertex 48.0783 -2.80458 3.2
      vertex 48.0783 -2.80458 2.8
    endloop
  endfacet
  facet normal 0.998559 -0.0536581 0
    outer loop
      vertex 48.069 -2.97765 3.2
      vertex 48.0783 -2.80458 2.8
      vertex 48.0783 -2.80458 3.2
    endloop
  endfacet
  facet normal 0.998559 -0.0536581 0
    outer loop
      vertex 48.0783 -2.80458 2.8
      vertex 48.069 -2.97765 3.2
      vertex 48.069 -2.97765 2.8
    endloop
  endfacet
  facet normal 0.982204 -0.187815 0
    outer loop
      vertex 48.041 -3.12408 3.2
      vertex 48.069 -2.97765 2.8
      vertex 48.069 -2.97765 3.2
    endloop
  endfacet
  facet normal 0.982204 -0.187815 0
    outer loop
      vertex 48.069 -2.97765 2.8
      vertex 48.041 -3.12408 3.2
      vertex 48.041 -3.12408 2.8
    endloop
  endfacet
  facet normal 0.932269 -0.361767 0
    outer loop
      vertex 47.9945 -3.24391 3.2
      vertex 48.041 -3.12408 2.8
      vertex 48.041 -3.12408 3.2
    endloop
  endfacet
  facet normal 0.932269 -0.361767 0
    outer loop
      vertex 48.041 -3.12408 2.8
      vertex 47.9945 -3.24391 3.2
      vertex 47.9945 -3.24391 2.8
    endloop
  endfacet
  facet normal 0.818955 -0.573857 0
    outer loop
      vertex 47.9292 -3.3371 3.2
      vertex 47.9945 -3.24391 2.8
      vertex 47.9945 -3.24391 3.2
    endloop
  endfacet
  facet normal 0.818955 -0.573857 0
    outer loop
      vertex 47.9945 -3.24391 2.8
      vertex 47.9292 -3.3371 3.2
      vertex 47.9292 -3.3371 2.8
    endloop
  endfacet
  facet normal 0.621956 -0.783052 0
    outer loop
      vertex 47.8454 -3.40366 2.8
      vertex 47.9292 -3.3371 3.2
      vertex 47.8454 -3.40366 3.2
    endloop
  endfacet
  facet normal 0.621956 -0.783052 0
    outer loop
      vertex 47.9292 -3.3371 3.2
      vertex 47.8454 -3.40366 2.8
      vertex 47.9292 -3.3371 2.8
    endloop
  endfacet
  facet normal 0.362762 -0.931882 0
    outer loop
      vertex 47.7428 -3.4436 2.8
      vertex 47.8454 -3.40366 3.2
      vertex 47.7428 -3.4436 3.2
    endloop
  endfacet
  facet normal 0.362762 -0.931882 0
    outer loop
      vertex 47.8454 -3.40366 3.2
      vertex 47.7428 -3.4436 2.8
      vertex 47.8454 -3.40366 2.8
    endloop
  endfacet
  facet normal 0.109251 -0.994014 0
    outer loop
      vertex 47.6217 -3.45691 2.8
      vertex 47.7428 -3.4436 3.2
      vertex 47.6217 -3.45691 3.2
    endloop
  endfacet
  facet normal 0.109251 -0.994014 0
    outer loop
      vertex 47.7428 -3.4436 3.2
      vertex 47.6217 -3.45691 2.8
      vertex 47.7428 -3.4436 2.8
    endloop
  endfacet
  facet normal -0.0588543 -0.998267 0
    outer loop
      vertex 47.5642 -3.45352 2.8
      vertex 47.6217 -3.45691 3.2
      vertex 47.5642 -3.45352 3.2
    endloop
  endfacet
  facet normal -0.0588543 -0.998267 -0
    outer loop
      vertex 47.6217 -3.45691 3.2
      vertex 47.5642 -3.45352 2.8
      vertex 47.6217 -3.45691 2.8
    endloop
  endfacet
endsolid OpenSCAD_Model
