solid OpenSCAD_Model
  facet normal 0.0654027 -0.997859 0
    outer loop
      vertex 90.5 -2.5 -2.5
      vertex 91.5442 -2.43156 36
      vertex 90.5 -2.5 36
    endloop
  endfacet
  facet normal 0.0654027 -0.997859 0
    outer loop
      vertex 91.5442 -2.43156 36
      vertex 90.5 -2.5 -2.5
      vertex 91.5442 -2.43156 -2.5
    endloop
  endfacet
  facet normal -0.980808 0.194977 0
    outer loop
      vertex -2.43156 123.544 -2.5
      vertex -2.2274 124.571 36
      vertex -2.2274 124.571 -2.5
    endloop
  endfacet
  facet normal -0.980808 0.194977 0
    outer loop
      vertex -2.2274 124.571 36
      vertex -2.43156 123.544 -2.5
      vertex -2.43156 123.544 36
    endloop
  endfacet
  facet normal -0.751939 0.659233 0
    outer loop
      vertex -0.846832 127.37 -2.5
      vertex -0.15686 128.157 36
      vertex -0.15686 128.157 -2.5
    endloop
  endfacet
  facet normal -0.751939 0.659233 0
    outer loop
      vertex -0.15686 128.157 36
      vertex -0.846832 127.37 -2.5
      vertex -0.846832 127.37 36
    endloop
  endfacet
  facet normal -1 0 0
    outer loop
      vertex -2.5 5.5 -2.5
      vertex -2.5 122.5 36
      vertex -2.5 122.5 -2.5
    endloop
  endfacet
  facet normal -1 -0 0
    outer loop
      vertex -2.5 122.5 36
      vertex -2.5 5.5 -2.5
      vertex -2.5 5.5 36
    endloop
  endfacet
  facet normal 1 -0 0
    outer loop
      vertex 98.5 5.5 36
      vertex 98.5 122.5 -2.5
      vertex 98.5 122.5 36
    endloop
  endfacet
  facet normal 1 0 0
    outer loop
      vertex 98.5 122.5 -2.5
      vertex 98.5 5.5 36
      vertex 98.5 5.5 -2.5
    endloop
  endfacet
  facet normal 0 1 -0
    outer loop
      vertex 90.5 130.5 -2.5
      vertex 5.5 130.5 36
      vertex 90.5 130.5 36
    endloop
  endfacet
  facet normal 0 1 0
    outer loop
      vertex 5.5 130.5 36
      vertex 90.5 130.5 -2.5
      vertex 5.5 130.5 -2.5
    endloop
  endfacet
  facet normal 0.946831 0.321731 0
    outer loop
      vertex 98.2274 124.571 36
      vertex 97.891 125.561 -2.5
      vertex 97.891 125.561 36
    endloop
  endfacet
  facet normal 0.946831 0.321731 0
    outer loop
      vertex 97.891 125.561 -2.5
      vertex 98.2274 124.571 36
      vertex 98.2274 124.571 -2.5
    endloop
  endfacet
  facet normal -0.997859 -0.0654027 0
    outer loop
      vertex -2.43156 4.4558 -2.5
      vertex -2.5 5.5 36
      vertex -2.5 5.5 -2.5
    endloop
  endfacet
  facet normal -0.997859 -0.0654027 0
    outer loop
      vertex -2.5 5.5 36
      vertex -2.43156 4.4558 -2.5
      vertex -2.43156 4.4558 36
    endloop
  endfacet
  facet normal -0.195866 0.980631 0
    outer loop
      vertex 4.4558 130.432 -2.5
      vertex 3.42944 130.227 36
      vertex 4.4558 130.432 36
    endloop
  endfacet
  facet normal -0.195866 0.980631 0
    outer loop
      vertex 3.42944 130.227 36
      vertex 4.4558 130.432 -2.5
      vertex 3.42944 130.227 -2.5
    endloop
  endfacet
  facet normal 0 -1 0
    outer loop
      vertex 22 -2.5 9.3
      vertex 26 -2.5 10.9
      vertex 22 -2.5 10.9
    endloop
  endfacet
  facet normal 0 -1 -0
    outer loop
      vertex 26 -2.5 10.9
      vertex 22 -2.5 9.3
      vertex 26 -2.5 9.3
    endloop
  endfacet
  facet normal 0 -1 0
    outer loop
      vertex 66 -2.5 14.6
      vertex 71.6084 -2.5 13.0743
      vertex 72 -2.5 13.1
    endloop
  endfacet
  facet normal 0 -1 0
    outer loop
      vertex 66 -2.5 14.6
      vertex 71.2235 -2.5 12.9978
      vertex 71.6084 -2.5 13.0743
    endloop
  endfacet
  facet normal 0 -1 0
    outer loop
      vertex 66 -2.5 14.6
      vertex 70.852 -2.5 12.8716
      vertex 71.2235 -2.5 12.9978
    endloop
  endfacet
  facet normal 0 -1 0
    outer loop
      vertex 66 -2.5 14.6
      vertex 70.5 -2.5 12.6981
      vertex 70.852 -2.5 12.8716
    endloop
  endfacet
  facet normal 0 -1 0
    outer loop
      vertex 66 -2.5 14.6
      vertex 70.1737 -2.5 12.4801
      vertex 70.5 -2.5 12.6981
    endloop
  endfacet
  facet normal 0 -1 0
    outer loop
      vertex 66 -2.5 14.6
      vertex 69.8787 -2.5 12.2213
      vertex 70.1737 -2.5 12.4801
    endloop
  endfacet
  facet normal 0 -1 0
    outer loop
      vertex 66 -2.5 14.6
      vertex 69.6199 -2.5 11.9263
      vertex 69.8787 -2.5 12.2213
    endloop
  endfacet
  facet normal 0 -1 0
    outer loop
      vertex 66 -2.5 14.6
      vertex 69.4019 -2.5 11.6
      vertex 69.6199 -2.5 11.9263
    endloop
  endfacet
  facet normal 0 -1 0
    outer loop
      vertex 66 -2.5 14.6
      vertex 69.2284 -2.5 11.248
      vertex 69.4019 -2.5 11.6
    endloop
  endfacet
  facet normal 0 -1 0
    outer loop
      vertex 66 -2.5 14.6
      vertex 69.1022 -2.5 10.8765
      vertex 69.2284 -2.5 11.248
    endloop
  endfacet
  facet normal 0 -1 0
    outer loop
      vertex 66 -2.5 14.6
      vertex 69.0257 -2.5 10.4916
      vertex 69.1022 -2.5 10.8765
    endloop
  endfacet
  facet normal 0 -1 0
    outer loop
      vertex 66 -2.5 14.6
      vertex 69 -2.5 10.1
      vertex 69.0257 -2.5 10.4916
    endloop
  endfacet
  facet normal 0 -1 0
    outer loop
      vertex 66 -2.5 5.6
      vertex 69 -2.5 10.1
      vertex 66 -2.5 14.6
    endloop
  endfacet
  facet normal 0 -1 -0
    outer loop
      vertex 69 -2.5 10.1
      vertex 66 -2.5 5.6
      vertex 69.0257 -2.5 9.70842
    endloop
  endfacet
  facet normal 0 -1 -0
    outer loop
      vertex 69.0257 -2.5 9.70842
      vertex 66 -2.5 5.6
      vertex 69.1022 -2.5 9.32354
    endloop
  endfacet
  facet normal 0 -1 -0
    outer loop
      vertex 69.1022 -2.5 9.32354
      vertex 66 -2.5 5.6
      vertex 69.2284 -2.5 8.95195
    endloop
  endfacet
  facet normal 0 -1 -0
    outer loop
      vertex 71.6084 -2.5 7.12566
      vertex 66 -2.5 5.6
      vertex 72 -2.5 7.1
    endloop
  endfacet
  facet normal 0 -1 -0
    outer loop
      vertex 71.2235 -2.5 7.20222
      vertex 66 -2.5 5.6
      vertex 71.6084 -2.5 7.12566
    endloop
  endfacet
  facet normal 0 -1 -0
    outer loop
      vertex 70.852 -2.5 7.32836
      vertex 66 -2.5 5.6
      vertex 71.2235 -2.5 7.20222
    endloop
  endfacet
  facet normal 0 -1 -0
    outer loop
      vertex 70.5 -2.5 7.50192
      vertex 66 -2.5 5.6
      vertex 70.852 -2.5 7.32836
    endloop
  endfacet
  facet normal 0 -1 -0
    outer loop
      vertex 70.1737 -2.5 7.71994
      vertex 66 -2.5 5.6
      vertex 70.5 -2.5 7.50192
    endloop
  endfacet
  facet normal 0 -1 -0
    outer loop
      vertex 69.8787 -2.5 7.97868
      vertex 66 -2.5 5.6
      vertex 70.1737 -2.5 7.71994
    endloop
  endfacet
  facet normal 0 -1 -0
    outer loop
      vertex 69.6199 -2.5 8.27372
      vertex 66 -2.5 5.6
      vertex 69.8787 -2.5 7.97868
    endloop
  endfacet
  facet normal 0 -1 -0
    outer loop
      vertex 69.4019 -2.5 8.6
      vertex 66 -2.5 5.6
      vertex 69.6199 -2.5 8.27372
    endloop
  endfacet
  facet normal 0 -1 -0
    outer loop
      vertex 69.2284 -2.5 8.95195
      vertex 66 -2.5 5.6
      vertex 69.4019 -2.5 8.6
    endloop
  endfacet
  facet normal 0 -1 0
    outer loop
      vertex 5.5 -2.5 36
      vertex 54 -2.5 14.6
      vertex 90.5 -2.5 36
    endloop
  endfacet
  facet normal 0 -1 0
    outer loop
      vertex 22 -2.5 10.9
      vertex 5.5 -2.5 36
      vertex 10 -2.5 10.9
    endloop
  endfacet
  facet normal 0 -1 0
    outer loop
      vertex 5.5 -2.5 -2.5
      vertex 10 -2.5 10.9
      vertex 5.5 -2.5 36
    endloop
  endfacet
  facet normal 0 -1 0
    outer loop
      vertex 5.5 -2.5 -2.5
      vertex 22 -2.5 9.3
      vertex 10 -2.5 9.3
    endloop
  endfacet
  facet normal 0 -1 -0
    outer loop
      vertex 22 -2.5 9.3
      vertex 5.5 -2.5 -2.5
      vertex 26 -2.5 9.3
    endloop
  endfacet
  facet normal 0 -1 -0
    outer loop
      vertex 26 -2.5 9.3
      vertex 5.5 -2.5 -2.5
      vertex 38 -2.5 9.3
    endloop
  endfacet
  facet normal 0 -1 0
    outer loop
      vertex 90.5 -2.5 -2.5
      vertex 54 -2.5 5.6
      vertex 5.5 -2.5 -2.5
    endloop
  endfacet
  facet normal 0 -1 -0
    outer loop
      vertex 38 -2.5 9.3
      vertex 5.5 -2.5 -2.5
      vertex 54 -2.5 5.6
    endloop
  endfacet
  facet normal 0 -1 -0
    outer loop
      vertex 10 -2.5 10.9
      vertex 5.5 -2.5 -2.5
      vertex 10 -2.5 9.3
    endloop
  endfacet
  facet normal 0 -1 0
    outer loop
      vertex 66 -2.5 14.6
      vertex 90.5 -2.5 36
      vertex 54 -2.5 14.6
    endloop
  endfacet
  facet normal 0 -1 0
    outer loop
      vertex 72 -2.5 13.1
      vertex 90.5 -2.5 36
      vertex 66 -2.5 14.6
    endloop
  endfacet
  facet normal 0 -1 0
    outer loop
      vertex 72.3916 -2.5 13.0743
      vertex 90.5 -2.5 36
      vertex 72 -2.5 13.1
    endloop
  endfacet
  facet normal 0 -1 0
    outer loop
      vertex 72.7765 -2.5 12.9978
      vertex 90.5 -2.5 36
      vertex 72.3916 -2.5 13.0743
    endloop
  endfacet
  facet normal 0 -1 0
    outer loop
      vertex 73.148 -2.5 12.8716
      vertex 90.5 -2.5 36
      vertex 72.7765 -2.5 12.9978
    endloop
  endfacet
  facet normal 0 -1 0
    outer loop
      vertex 73.5 -2.5 12.6981
      vertex 90.5 -2.5 36
      vertex 73.148 -2.5 12.8716
    endloop
  endfacet
  facet normal 0 -1 0
    outer loop
      vertex 73.8263 -2.5 12.4801
      vertex 90.5 -2.5 36
      vertex 73.5 -2.5 12.6981
    endloop
  endfacet
  facet normal 0 -1 0
    outer loop
      vertex 74.1213 -2.5 12.2213
      vertex 90.5 -2.5 36
      vertex 73.8263 -2.5 12.4801
    endloop
  endfacet
  facet normal 0 -1 0
    outer loop
      vertex 74.3801 -2.5 11.9263
      vertex 90.5 -2.5 36
      vertex 74.1213 -2.5 12.2213
    endloop
  endfacet
  facet normal 0 -1 0
    outer loop
      vertex 74.5981 -2.5 11.6
      vertex 90.5 -2.5 36
      vertex 74.3801 -2.5 11.9263
    endloop
  endfacet
  facet normal 0 -1 0
    outer loop
      vertex 74.7716 -2.5 11.248
      vertex 90.5 -2.5 36
      vertex 74.5981 -2.5 11.6
    endloop
  endfacet
  facet normal 0 -1 0
    outer loop
      vertex 74.8978 -2.5 10.8765
      vertex 90.5 -2.5 36
      vertex 74.7716 -2.5 11.248
    endloop
  endfacet
  facet normal 0 -1 0
    outer loop
      vertex 90.5 -2.5 -2.5
      vertex 74.8978 -2.5 10.8765
      vertex 74.9743 -2.5 10.4916
    endloop
  endfacet
  facet normal 0 -1 0
    outer loop
      vertex 90.5 -2.5 -2.5
      vertex 74.9743 -2.5 10.4916
      vertex 75 -2.5 10.1
    endloop
  endfacet
  facet normal 0 -1 0
    outer loop
      vertex 90.5 -2.5 -2.5
      vertex 75 -2.5 10.1
      vertex 74.9743 -2.5 9.70842
    endloop
  endfacet
  facet normal 0 -1 0
    outer loop
      vertex 90.5 -2.5 -2.5
      vertex 74.9743 -2.5 9.70842
      vertex 74.8978 -2.5 9.32354
    endloop
  endfacet
  facet normal 0 -1 0
    outer loop
      vertex 90.5 -2.5 -2.5
      vertex 74.8978 -2.5 9.32354
      vertex 74.7716 -2.5 8.95195
    endloop
  endfacet
  facet normal 0 -1 0
    outer loop
      vertex 90.5 -2.5 -2.5
      vertex 74.7716 -2.5 8.95195
      vertex 74.5981 -2.5 8.6
    endloop
  endfacet
  facet normal 0 -1 0
    outer loop
      vertex 66 -2.5 5.6
      vertex 72.3916 -2.5 7.12566
      vertex 72 -2.5 7.1
    endloop
  endfacet
  facet normal 0 -1 0
    outer loop
      vertex 90.5 -2.5 -2.5
      vertex 72.3916 -2.5 7.12566
      vertex 66 -2.5 5.6
    endloop
  endfacet
  facet normal 0 -1 0
    outer loop
      vertex 74.8978 -2.5 10.8765
      vertex 90.5 -2.5 -2.5
      vertex 90.5 -2.5 36
    endloop
  endfacet
  facet normal 0 -1 0
    outer loop
      vertex 74.3801 -2.5 8.27372
      vertex 90.5 -2.5 -2.5
      vertex 74.5981 -2.5 8.6
    endloop
  endfacet
  facet normal 0 -1 0
    outer loop
      vertex 74.1213 -2.5 7.97868
      vertex 90.5 -2.5 -2.5
      vertex 74.3801 -2.5 8.27372
    endloop
  endfacet
  facet normal 0 -1 0
    outer loop
      vertex 73.8263 -2.5 7.71994
      vertex 90.5 -2.5 -2.5
      vertex 74.1213 -2.5 7.97868
    endloop
  endfacet
  facet normal 0 -1 0
    outer loop
      vertex 73.5 -2.5 7.50192
      vertex 90.5 -2.5 -2.5
      vertex 73.8263 -2.5 7.71994
    endloop
  endfacet
  facet normal 0 -1 0
    outer loop
      vertex 73.148 -2.5 7.32836
      vertex 90.5 -2.5 -2.5
      vertex 73.5 -2.5 7.50192
    endloop
  endfacet
  facet normal 0 -1 0
    outer loop
      vertex 72.7765 -2.5 7.20222
      vertex 90.5 -2.5 -2.5
      vertex 73.148 -2.5 7.32836
    endloop
  endfacet
  facet normal 0 -1 0
    outer loop
      vertex 72.3916 -2.5 7.12566
      vertex 90.5 -2.5 -2.5
      vertex 72.7765 -2.5 7.20222
    endloop
  endfacet
  facet normal 0 -1 0
    outer loop
      vertex 54 -2.5 5.6
      vertex 90.5 -2.5 -2.5
      vertex 66 -2.5 5.6
    endloop
  endfacet
  facet normal 0 -1 0
    outer loop
      vertex 26 -2.5 10.9
      vertex 5.5 -2.5 36
      vertex 22 -2.5 10.9
    endloop
  endfacet
  facet normal 0 -1 0
    outer loop
      vertex 38 -2.5 10.9
      vertex 5.5 -2.5 36
      vertex 26 -2.5 10.9
    endloop
  endfacet
  facet normal 0 -1 0
    outer loop
      vertex 5.5 -2.5 36
      vertex 38 -2.5 10.9
      vertex 54 -2.5 14.6
    endloop
  endfacet
  facet normal 0 -1 0
    outer loop
      vertex 38 -2.5 9.3
      vertex 54 -2.5 14.6
      vertex 38 -2.5 10.9
    endloop
  endfacet
  facet normal 0 -1 -0
    outer loop
      vertex 54 -2.5 14.6
      vertex 38 -2.5 9.3
      vertex 54 -2.5 5.6
    endloop
  endfacet
  facet normal 0.997861 0.0653771 0
    outer loop
      vertex 98.5 122.5 36
      vertex 98.4316 123.544 -2.5
      vertex 98.4316 123.544 36
    endloop
  endfacet
  facet normal 0.997861 0.0653771 0
    outer loop
      vertex 98.4316 123.544 -2.5
      vertex 98.5 122.5 36
      vertex 98.5 122.5 -2.5
    endloop
  endfacet
  facet normal 0.555318 0.831638 -0
    outer loop
      vertex 95.3701 128.847 -2.5
      vertex 94.5 129.428 36
      vertex 95.3701 128.847 36
    endloop
  endfacet
  facet normal 0.555318 0.831638 0
    outer loop
      vertex 94.5 129.428 36
      vertex 95.3701 128.847 -2.5
      vertex 94.5 129.428 -2.5
    endloop
  endfacet
  facet normal 0.751878 -0.659302 0
    outer loop
      vertex 96.1569 -0.15686 36
      vertex 96.8468 0.629913 -2.5
      vertex 96.8468 0.629913 36
    endloop
  endfacet
  facet normal 0.751878 -0.659302 0
    outer loop
      vertex 96.8468 0.629913 -2.5
      vertex 96.1569 -0.15686 36
      vertex 96.1569 -0.15686 -2.5
    endloop
  endfacet
  facet normal 0 0 -1
    outer loop
      vertex 11.7216 68.0953 -2.5
      vertex 65.2 67.5 -2.5
      vertex 11.7803 67.8002 -2.5
    endloop
  endfacet
  facet normal 0 0 -1
    outer loop
      vertex 65.2 67.5 -2.5
      vertex 11.7803 90.1998 -2.5
      vertex 11.8 90.5 -2.5
    endloop
  endfacet
  facet normal 0 0 -1
    outer loop
      vertex 11.6249 68.3802 -2.5
      vertex 65.2 67.5 -2.5
      vertex 11.7216 68.0953 -2.5
    endloop
  endfacet
  facet normal 0 0 -1
    outer loop
      vertex 65.2 67.5 -2.5
      vertex 11.7216 89.9047 -2.5
      vertex 11.7803 90.1998 -2.5
    endloop
  endfacet
  facet normal 0 0 -1
    outer loop
      vertex 11.6249 89.6198 -2.5
      vertex 65.2 67.5 -2.5
      vertex 11.6249 68.3802 -2.5
    endloop
  endfacet
  facet normal 0 0 -1
    outer loop
      vertex 65.2 67.5 -2.5
      vertex 11.6249 89.6198 -2.5
      vertex 11.7216 89.9047 -2.5
    endloop
  endfacet
  facet normal 0 0 -1
    outer loop
      vertex 11.4919 68.65 -2.5
      vertex 11.6249 89.6198 -2.5
      vertex 11.6249 68.3802 -2.5
    endloop
  endfacet
  facet normal 0 0 -1
    outer loop
      vertex 11.4919 68.65 -2.5
      vertex 11.4919 89.35 -2.5
      vertex 11.6249 89.6198 -2.5
    endloop
  endfacet
  facet normal 0 0 -1
    outer loop
      vertex 11.3247 68.9002 -2.5
      vertex 11.4919 89.35 -2.5
      vertex 11.4919 68.65 -2.5
    endloop
  endfacet
  facet normal 0 0 -1
    outer loop
      vertex 11.3247 68.9002 -2.5
      vertex 11.3247 89.0998 -2.5
      vertex 11.4919 89.35 -2.5
    endloop
  endfacet
  facet normal 0 0 -1
    outer loop
      vertex 11.1263 69.1263 -2.5
      vertex 11.3247 89.0998 -2.5
      vertex 11.3247 68.9002 -2.5
    endloop
  endfacet
  facet normal 0 0 -1
    outer loop
      vertex 11.1263 69.1263 -2.5
      vertex 11.1263 88.8737 -2.5
      vertex 11.3247 89.0998 -2.5
    endloop
  endfacet
  facet normal 0 0 -1
    outer loop
      vertex 10.9002 69.3247 -2.5
      vertex 11.1263 88.8737 -2.5
      vertex 11.1263 69.1263 -2.5
    endloop
  endfacet
  facet normal 0 0 -1
    outer loop
      vertex 10.9002 69.3247 -2.5
      vertex 10.9002 88.6753 -2.5
      vertex 11.1263 88.8737 -2.5
    endloop
  endfacet
  facet normal 0 0 -1
    outer loop
      vertex 10.65 69.4919 -2.5
      vertex 10.9002 88.6753 -2.5
      vertex 10.9002 69.3247 -2.5
    endloop
  endfacet
  facet normal 0 0 -1
    outer loop
      vertex 10.65 69.4919 -2.5
      vertex 10.65 88.5081 -2.5
      vertex 10.9002 88.6753 -2.5
    endloop
  endfacet
  facet normal 0 0 -1
    outer loop
      vertex 10.3802 69.6249 -2.5
      vertex 10.65 88.5081 -2.5
      vertex 10.65 69.4919 -2.5
    endloop
  endfacet
  facet normal 0 0 -1
    outer loop
      vertex 10.3802 69.6249 -2.5
      vertex 10.3802 88.3751 -2.5
      vertex 10.65 88.5081 -2.5
    endloop
  endfacet
  facet normal 0 0 -1
    outer loop
      vertex 10.0953 69.7216 -2.5
      vertex 10.3802 88.3751 -2.5
      vertex 10.3802 69.6249 -2.5
    endloop
  endfacet
  facet normal 0 0 -1
    outer loop
      vertex 10.0953 69.7216 -2.5
      vertex 10.0953 88.2784 -2.5
      vertex 10.3802 88.3751 -2.5
    endloop
  endfacet
  facet normal 0 0 -1
    outer loop
      vertex 9.80021 69.7803 -2.5
      vertex 10.0953 88.2784 -2.5
      vertex 10.0953 69.7216 -2.5
    endloop
  endfacet
  facet normal 0 0 -1
    outer loop
      vertex 9.80021 69.7803 -2.5
      vertex 9.80021 88.2197 -2.5
      vertex 10.0953 88.2784 -2.5
    endloop
  endfacet
  facet normal 0 0 -1
    outer loop
      vertex 9.5 69.8 -2.5
      vertex 9.80021 88.2197 -2.5
      vertex 9.80021 69.7803 -2.5
    endloop
  endfacet
  facet normal 0 0 -1
    outer loop
      vertex 9.5 69.8 -2.5
      vertex 9.5 88.2 -2.5
      vertex 9.80021 88.2197 -2.5
    endloop
  endfacet
  facet normal 0 0 -1
    outer loop
      vertex 9.19979 69.7803 -2.5
      vertex 9.5 88.2 -2.5
      vertex 9.5 69.8 -2.5
    endloop
  endfacet
  facet normal 0 0 -1
    outer loop
      vertex 9.19979 69.7803 -2.5
      vertex 9.19979 88.2197 -2.5
      vertex 9.5 88.2 -2.5
    endloop
  endfacet
  facet normal 0 0 -1
    outer loop
      vertex 8.90472 69.7216 -2.5
      vertex 9.19979 88.2197 -2.5
      vertex 9.19979 69.7803 -2.5
    endloop
  endfacet
  facet normal 0 0 -1
    outer loop
      vertex 8.90472 69.7216 -2.5
      vertex 8.90472 88.2784 -2.5
      vertex 9.19979 88.2197 -2.5
    endloop
  endfacet
  facet normal 0 0 -1
    outer loop
      vertex 8.61983 69.6249 -2.5
      vertex 8.90472 88.2784 -2.5
      vertex 8.90472 69.7216 -2.5
    endloop
  endfacet
  facet normal 0 0 -1
    outer loop
      vertex 8.61983 69.6249 -2.5
      vertex 8.61983 88.3751 -2.5
      vertex 8.90472 88.2784 -2.5
    endloop
  endfacet
  facet normal 0 0 -1
    outer loop
      vertex 8.35 69.4919 -2.5
      vertex 8.61983 88.3751 -2.5
      vertex 8.61983 69.6249 -2.5
    endloop
  endfacet
  facet normal 0 0 -1
    outer loop
      vertex 8.35 69.4919 -2.5
      vertex 8.35 88.5081 -2.5
      vertex 8.61983 88.3751 -2.5
    endloop
  endfacet
  facet normal 0 0 -1
    outer loop
      vertex 8.09985 69.3247 -2.5
      vertex 8.35 88.5081 -2.5
      vertex 8.35 69.4919 -2.5
    endloop
  endfacet
  facet normal 0 0 -1
    outer loop
      vertex 8.09985 69.3247 -2.5
      vertex 8.09985 88.6753 -2.5
      vertex 8.35 88.5081 -2.5
    endloop
  endfacet
  facet normal 0 0 -1
    outer loop
      vertex 7.87365 69.1263 -2.5
      vertex 8.09985 88.6753 -2.5
      vertex 8.09985 69.3247 -2.5
    endloop
  endfacet
  facet normal 0 0 -1
    outer loop
      vertex 7.87365 69.1263 -2.5
      vertex 7.87365 88.8737 -2.5
      vertex 8.09985 88.6753 -2.5
    endloop
  endfacet
  facet normal 0 0 -1
    outer loop
      vertex 7.67529 68.9002 -2.5
      vertex 7.87365 88.8737 -2.5
      vertex 7.87365 69.1263 -2.5
    endloop
  endfacet
  facet normal 0 0 -1
    outer loop
      vertex 7.67529 68.9002 -2.5
      vertex 7.67529 89.0998 -2.5
      vertex 7.87365 88.8737 -2.5
    endloop
  endfacet
  facet normal 0 0 -1
    outer loop
      vertex 7.50814 68.65 -2.5
      vertex 7.67529 89.0998 -2.5
      vertex 7.67529 68.9002 -2.5
    endloop
  endfacet
  facet normal 0 0 -1
    outer loop
      vertex 7.50814 68.65 -2.5
      vertex 7.50814 89.35 -2.5
      vertex 7.67529 89.0998 -2.5
    endloop
  endfacet
  facet normal 0 0 -1
    outer loop
      vertex 7.37508 68.3802 -2.5
      vertex 7.50814 89.35 -2.5
      vertex 7.50814 68.65 -2.5
    endloop
  endfacet
  facet normal 0 0 -1
    outer loop
      vertex 7.37508 68.3802 -2.5
      vertex 7.37508 89.6198 -2.5
      vertex 7.50814 89.35 -2.5
    endloop
  endfacet
  facet normal 0 0 -1
    outer loop
      vertex 7.27837 68.0953 -2.5
      vertex 7.37508 89.6198 -2.5
      vertex 7.37508 68.3802 -2.5
    endloop
  endfacet
  facet normal 0 0 -1
    outer loop
      vertex 7.27837 68.0953 -2.5
      vertex 7.27837 89.9047 -2.5
      vertex 7.37508 89.6198 -2.5
    endloop
  endfacet
  facet normal 0 0 -1
    outer loop
      vertex 7.21968 67.8002 -2.5
      vertex 7.27837 89.9047 -2.5
      vertex 7.27837 68.0953 -2.5
    endloop
  endfacet
  facet normal 0 0 -1
    outer loop
      vertex 7.21968 67.8002 -2.5
      vertex 7.21968 90.1998 -2.5
      vertex 7.27837 89.9047 -2.5
    endloop
  endfacet
  facet normal 0 0 -1
    outer loop
      vertex -2.5 122.5 -2.5
      vertex 7.21968 67.8002 -2.5
      vertex 7.2 67.5 -2.5
    endloop
  endfacet
  facet normal 0 0 -1
    outer loop
      vertex 7.21968 67.8002 -2.5
      vertex -2.5 122.5 -2.5
      vertex 7.21968 90.1998 -2.5
    endloop
  endfacet
  facet normal 0 0 -1
    outer loop
      vertex 65.8737 65.8737 -2.5
      vertex 11.1263 65.8737 -2.5
      vertex 65.6753 66.0998 -2.5
    endloop
  endfacet
  facet normal 0 0 -1
    outer loop
      vertex 65.2 67.5 -2.5
      vertex 14.2308 115.706 -2.5
      vertex 14.25 116 -2.5
    endloop
  endfacet
  facet normal 0 -0 -1
    outer loop
      vertex 11.3247 66.0998 -2.5
      vertex 65.6753 66.0998 -2.5
      vertex 11.1263 65.8737 -2.5
    endloop
  endfacet
  facet normal 0 0 -1
    outer loop
      vertex 11.7803 67.8002 -2.5
      vertex 65.2 67.5 -2.5
      vertex 11.8 67.5 -2.5
    endloop
  endfacet
  facet normal 0 0 -1
    outer loop
      vertex 65.6753 66.0998 -2.5
      vertex 11.3247 66.0998 -2.5
      vertex 65.5081 66.35 -2.5
    endloop
  endfacet
  facet normal 0 0 -1
    outer loop
      vertex 11.7803 90.8002 -2.5
      vertex 65.2 67.5 -2.5
      vertex 11.8 90.5 -2.5
    endloop
  endfacet
  facet normal 0 -0 -1
    outer loop
      vertex 11.4919 66.35 -2.5
      vertex 65.5081 66.35 -2.5
      vertex 11.3247 66.0998 -2.5
    endloop
  endfacet
  facet normal 0 0 -1
    outer loop
      vertex 65.2 67.5 -2.5
      vertex 14.1733 115.418 -2.5
      vertex 14.2308 115.706 -2.5
    endloop
  endfacet
  facet normal 0 0 -1
    outer loop
      vertex 65.5081 66.35 -2.5
      vertex 11.4919 66.35 -2.5
      vertex 65.3751 66.6198 -2.5
    endloop
  endfacet
  facet normal 0 0 -1
    outer loop
      vertex 11.7216 91.0953 -2.5
      vertex 65.2 67.5 -2.5
      vertex 11.7803 90.8002 -2.5
    endloop
  endfacet
  facet normal 0 -0 -1
    outer loop
      vertex 11.6249 66.6198 -2.5
      vertex 65.3751 66.6198 -2.5
      vertex 11.4919 66.35 -2.5
    endloop
  endfacet
  facet normal 0 0 -1
    outer loop
      vertex 65.2 67.5 -2.5
      vertex 14.0787 115.139 -2.5
      vertex 14.1733 115.418 -2.5
    endloop
  endfacet
  facet normal 0 0 -1
    outer loop
      vertex 11.1263 65.8737 -2.5
      vertex 13.591 13.591 -2.5
      vertex 13.3697 13.785 -2.5
    endloop
  endfacet
  facet normal 0 0 -1
    outer loop
      vertex 65.2 67.5 -2.5
      vertex 11.7216 91.0953 -2.5
      vertex 14.0787 115.139 -2.5
    endloop
  endfacet
  facet normal 0 0 -1
    outer loop
      vertex 10.9002 65.6753 -2.5
      vertex 13.3697 13.785 -2.5
      vertex 13.125 13.9486 -2.5
    endloop
  endfacet
  facet normal 0 0 -1
    outer loop
      vertex 14.0787 115.139 -2.5
      vertex 11.7216 91.0953 -2.5
      vertex 13.9486 114.875 -2.5
    endloop
  endfacet
  facet normal 0 0 -1
    outer loop
      vertex 10.65 65.5081 -2.5
      vertex 13.125 13.9486 -2.5
      vertex 12.861 14.0787 -2.5
    endloop
  endfacet
  facet normal 0 0 -1
    outer loop
      vertex 11.6249 91.3802 -2.5
      vertex 13.9486 114.875 -2.5
      vertex 11.7216 91.0953 -2.5
    endloop
  endfacet
  facet normal 0 0 -1
    outer loop
      vertex 10.3802 65.3751 -2.5
      vertex 12.861 14.0787 -2.5
      vertex 12.5823 14.1733 -2.5
    endloop
  endfacet
  facet normal 0 0 -1
    outer loop
      vertex 13.9486 114.875 -2.5
      vertex 11.6249 91.3802 -2.5
      vertex 13.785 114.63 -2.5
    endloop
  endfacet
  facet normal 0 0 -1
    outer loop
      vertex 10.0953 65.2784 -2.5
      vertex 12.5823 14.1733 -2.5
      vertex 12.2937 14.2308 -2.5
    endloop
  endfacet
  facet normal 0 0 -1
    outer loop
      vertex 11.4919 91.65 -2.5
      vertex 13.785 114.63 -2.5
      vertex 11.6249 91.3802 -2.5
    endloop
  endfacet
  facet normal 0 0 -1
    outer loop
      vertex 9.80021 65.2197 -2.5
      vertex 12.2937 14.2308 -2.5
      vertex 12 14.25 -2.5
    endloop
  endfacet
  facet normal 0 0 -1
    outer loop
      vertex 13.785 114.63 -2.5
      vertex 11.4919 91.65 -2.5
      vertex 13.591 114.409 -2.5
    endloop
  endfacet
  facet normal 0 0 -1
    outer loop
      vertex 11.3247 91.9002 -2.5
      vertex 13.591 114.409 -2.5
      vertex 11.4919 91.65 -2.5
    endloop
  endfacet
  facet normal -0 0 -1
    outer loop
      vertex 65.2 67.5 -2.5
      vertex 11.7803 67.1998 -2.5
      vertex 11.8 67.5 -2.5
    endloop
  endfacet
  facet normal 0 0 -1
    outer loop
      vertex 65.2197 67.1998 -2.5
      vertex 11.7803 67.1998 -2.5
      vertex 65.2 67.5 -2.5
    endloop
  endfacet
  facet normal 0 0 -1
    outer loop
      vertex 9.5 65.2 -2.5
      vertex 12 14.25 -2.5
      vertex 11.7063 14.2308 -2.5
    endloop
  endfacet
  facet normal 0 -0 -1
    outer loop
      vertex 11.7803 67.1998 -2.5
      vertex 65.2197 67.1998 -2.5
      vertex 11.7216 66.9047 -2.5
    endloop
  endfacet
  facet normal 0 0 -1
    outer loop
      vertex 65.2784 66.9047 -2.5
      vertex 11.7216 66.9047 -2.5
      vertex 65.2197 67.1998 -2.5
    endloop
  endfacet
  facet normal 0 0 -1
    outer loop
      vertex 9.19979 65.2197 -2.5
      vertex 11.7063 14.2308 -2.5
      vertex 11.4177 14.1733 -2.5
    endloop
  endfacet
  facet normal 0 -0 -1
    outer loop
      vertex 11.7216 66.9047 -2.5
      vertex 65.2784 66.9047 -2.5
      vertex 11.6249 66.6198 -2.5
    endloop
  endfacet
  facet normal 0 0 -1
    outer loop
      vertex 8.90472 65.2784 -2.5
      vertex 11.4177 14.1733 -2.5
      vertex 11.139 14.0787 -2.5
    endloop
  endfacet
  facet normal 0 0 -1
    outer loop
      vertex 65.3751 66.6198 -2.5
      vertex 11.6249 66.6198 -2.5
      vertex 65.2784 66.9047 -2.5
    endloop
  endfacet
  facet normal 0 0 -1
    outer loop
      vertex 13.3697 13.785 -2.5
      vertex 10.9002 65.6753 -2.5
      vertex 11.1263 65.8737 -2.5
    endloop
  endfacet
  facet normal 0 0 -1
    outer loop
      vertex 8.61983 65.3751 -2.5
      vertex 11.139 14.0787 -2.5
      vertex 10.875 13.9486 -2.5
    endloop
  endfacet
  facet normal 0 0 -1
    outer loop
      vertex 13.125 13.9486 -2.5
      vertex 10.65 65.5081 -2.5
      vertex 10.9002 65.6753 -2.5
    endloop
  endfacet
  facet normal 0 0 -1
    outer loop
      vertex 8.35 65.5081 -2.5
      vertex 10.875 13.9486 -2.5
      vertex 10.6303 13.785 -2.5
    endloop
  endfacet
  facet normal 0 0 -1
    outer loop
      vertex 8.09985 65.6753 -2.5
      vertex 10.6303 13.785 -2.5
      vertex 10.409 13.591 -2.5
    endloop
  endfacet
  facet normal 0 0 -1
    outer loop
      vertex 12.861 14.0787 -2.5
      vertex 10.3802 65.3751 -2.5
      vertex 10.65 65.5081 -2.5
    endloop
  endfacet
  facet normal 0 0 -1
    outer loop
      vertex -2.5 5.5 -2.5
      vertex 10.409 13.591 -2.5
      vertex 10.215 13.3697 -2.5
    endloop
  endfacet
  facet normal 0 0 -1
    outer loop
      vertex 12.5823 14.1733 -2.5
      vertex 10.0953 65.2784 -2.5
      vertex 10.3802 65.3751 -2.5
    endloop
  endfacet
  facet normal 0 0 -1
    outer loop
      vertex -2.5 5.5 -2.5
      vertex 10.215 13.3697 -2.5
      vertex 10.0514 13.125 -2.5
    endloop
  endfacet
  facet normal 0 0 -1
    outer loop
      vertex -2.5 5.5 -2.5
      vertex 10.0514 13.125 -2.5
      vertex 9.92127 12.861 -2.5
    endloop
  endfacet
  facet normal 0 0 -1
    outer loop
      vertex -2.5 5.5 -2.5
      vertex 9.92127 12.861 -2.5
      vertex 9.82667 12.5823 -2.5
    endloop
  endfacet
  facet normal 0 0 -1
    outer loop
      vertex 12.2937 14.2308 -2.5
      vertex 9.80021 65.2197 -2.5
      vertex 10.0953 65.2784 -2.5
    endloop
  endfacet
  facet normal 0 0 -1
    outer loop
      vertex -2.5 5.5 -2.5
      vertex 9.82667 12.5823 -2.5
      vertex 9.76925 12.2937 -2.5
    endloop
  endfacet
  facet normal 0 0 -1
    outer loop
      vertex -2.5 5.5 -2.5
      vertex 9.76925 12.2937 -2.5
      vertex 9.75 12 -2.5
    endloop
  endfacet
  facet normal 0 0 -1
    outer loop
      vertex 12 14.25 -2.5
      vertex 9.5 65.2 -2.5
      vertex 9.80021 65.2197 -2.5
    endloop
  endfacet
  facet normal 0 0 -1
    outer loop
      vertex 69.7216 68.0953 -2.5
      vertex 85.3697 114.215 -2.5
      vertex 69.7803 67.8002 -2.5
    endloop
  endfacet
  facet normal 0 0 -1
    outer loop
      vertex 85.3697 114.215 -2.5
      vertex 69.7803 90.1998 -2.5
      vertex 69.8 90.5 -2.5
    endloop
  endfacet
  facet normal 0 0 -1
    outer loop
      vertex 69.7216 89.9047 -2.5
      vertex 85.3697 114.215 -2.5
      vertex 69.7216 68.0953 -2.5
    endloop
  endfacet
  facet normal 0 0 -1
    outer loop
      vertex 85.3697 114.215 -2.5
      vertex 69.7216 89.9047 -2.5
      vertex 69.7803 90.1998 -2.5
    endloop
  endfacet
  facet normal 0 0 -1
    outer loop
      vertex 69.6249 68.3802 -2.5
      vertex 69.7216 89.9047 -2.5
      vertex 69.7216 68.0953 -2.5
    endloop
  endfacet
  facet normal 0 0 -1
    outer loop
      vertex 69.6249 68.3802 -2.5
      vertex 69.6249 89.6198 -2.5
      vertex 69.7216 89.9047 -2.5
    endloop
  endfacet
  facet normal 0 0 -1
    outer loop
      vertex 69.4919 68.65 -2.5
      vertex 69.6249 89.6198 -2.5
      vertex 69.6249 68.3802 -2.5
    endloop
  endfacet
  facet normal 0 0 -1
    outer loop
      vertex 69.4919 68.65 -2.5
      vertex 69.4919 89.35 -2.5
      vertex 69.6249 89.6198 -2.5
    endloop
  endfacet
  facet normal 0 0 -1
    outer loop
      vertex 69.3247 68.9002 -2.5
      vertex 69.4919 89.35 -2.5
      vertex 69.4919 68.65 -2.5
    endloop
  endfacet
  facet normal 0 0 -1
    outer loop
      vertex 69.3247 68.9002 -2.5
      vertex 69.3247 89.0998 -2.5
      vertex 69.4919 89.35 -2.5
    endloop
  endfacet
  facet normal 0 0 -1
    outer loop
      vertex 69.1263 69.1263 -2.5
      vertex 69.3247 89.0998 -2.5
      vertex 69.3247 68.9002 -2.5
    endloop
  endfacet
  facet normal 0 0 -1
    outer loop
      vertex 69.1263 69.1263 -2.5
      vertex 69.1263 88.8737 -2.5
      vertex 69.3247 89.0998 -2.5
    endloop
  endfacet
  facet normal 0 0 -1
    outer loop
      vertex 68.9002 69.3247 -2.5
      vertex 69.1263 88.8737 -2.5
      vertex 69.1263 69.1263 -2.5
    endloop
  endfacet
  facet normal 0 0 -1
    outer loop
      vertex 68.9002 69.3247 -2.5
      vertex 68.9002 88.6753 -2.5
      vertex 69.1263 88.8737 -2.5
    endloop
  endfacet
  facet normal 0 0 -1
    outer loop
      vertex 68.65 69.4919 -2.5
      vertex 68.9002 88.6753 -2.5
      vertex 68.9002 69.3247 -2.5
    endloop
  endfacet
  facet normal 0 0 -1
    outer loop
      vertex 68.65 69.4919 -2.5
      vertex 68.65 88.5081 -2.5
      vertex 68.9002 88.6753 -2.5
    endloop
  endfacet
  facet normal 0 0 -1
    outer loop
      vertex 68.3802 69.6249 -2.5
      vertex 68.65 88.5081 -2.5
      vertex 68.65 69.4919 -2.5
    endloop
  endfacet
  facet normal 0 0 -1
    outer loop
      vertex 68.3802 69.6249 -2.5
      vertex 68.3802 88.3751 -2.5
      vertex 68.65 88.5081 -2.5
    endloop
  endfacet
  facet normal 0 0 -1
    outer loop
      vertex 68.0953 69.7216 -2.5
      vertex 68.3802 88.3751 -2.5
      vertex 68.3802 69.6249 -2.5
    endloop
  endfacet
  facet normal 0 0 -1
    outer loop
      vertex 68.0953 69.7216 -2.5
      vertex 68.0953 88.2784 -2.5
      vertex 68.3802 88.3751 -2.5
    endloop
  endfacet
  facet normal 0 0 -1
    outer loop
      vertex 67.8002 69.7803 -2.5
      vertex 68.0953 88.2784 -2.5
      vertex 68.0953 69.7216 -2.5
    endloop
  endfacet
  facet normal 0 0 -1
    outer loop
      vertex 67.8002 69.7803 -2.5
      vertex 67.8002 88.2197 -2.5
      vertex 68.0953 88.2784 -2.5
    endloop
  endfacet
  facet normal 0 0 -1
    outer loop
      vertex 67.5 69.8 -2.5
      vertex 67.8002 88.2197 -2.5
      vertex 67.8002 69.7803 -2.5
    endloop
  endfacet
  facet normal 0 0 -1
    outer loop
      vertex 67.5 69.8 -2.5
      vertex 67.5 88.2 -2.5
      vertex 67.8002 88.2197 -2.5
    endloop
  endfacet
  facet normal 0 0 -1
    outer loop
      vertex 67.1998 69.7803 -2.5
      vertex 67.5 88.2 -2.5
      vertex 67.5 69.8 -2.5
    endloop
  endfacet
  facet normal 0 0 -1
    outer loop
      vertex 67.1998 69.7803 -2.5
      vertex 67.1998 88.2197 -2.5
      vertex 67.5 88.2 -2.5
    endloop
  endfacet
  facet normal 0 0 -1
    outer loop
      vertex 66.9047 69.7216 -2.5
      vertex 67.1998 88.2197 -2.5
      vertex 67.1998 69.7803 -2.5
    endloop
  endfacet
  facet normal 0 0 -1
    outer loop
      vertex 66.9047 69.7216 -2.5
      vertex 66.9047 88.2784 -2.5
      vertex 67.1998 88.2197 -2.5
    endloop
  endfacet
  facet normal 0 0 -1
    outer loop
      vertex 66.6198 69.6249 -2.5
      vertex 66.9047 88.2784 -2.5
      vertex 66.9047 69.7216 -2.5
    endloop
  endfacet
  facet normal 0 0 -1
    outer loop
      vertex 66.6198 69.6249 -2.5
      vertex 66.6198 88.3751 -2.5
      vertex 66.9047 88.2784 -2.5
    endloop
  endfacet
  facet normal 0 0 -1
    outer loop
      vertex 66.35 69.4919 -2.5
      vertex 66.6198 88.3751 -2.5
      vertex 66.6198 69.6249 -2.5
    endloop
  endfacet
  facet normal 0 0 -1
    outer loop
      vertex 66.35 69.4919 -2.5
      vertex 66.35 88.5081 -2.5
      vertex 66.6198 88.3751 -2.5
    endloop
  endfacet
  facet normal 0 0 -1
    outer loop
      vertex 66.0998 69.3247 -2.5
      vertex 66.35 88.5081 -2.5
      vertex 66.35 69.4919 -2.5
    endloop
  endfacet
  facet normal 0 0 -1
    outer loop
      vertex 66.0998 69.3247 -2.5
      vertex 66.0998 88.6753 -2.5
      vertex 66.35 88.5081 -2.5
    endloop
  endfacet
  facet normal 0 0 -1
    outer loop
      vertex 65.8737 69.1263 -2.5
      vertex 66.0998 88.6753 -2.5
      vertex 66.0998 69.3247 -2.5
    endloop
  endfacet
  facet normal 0 0 -1
    outer loop
      vertex 65.8737 69.1263 -2.5
      vertex 65.8737 88.8737 -2.5
      vertex 66.0998 88.6753 -2.5
    endloop
  endfacet
  facet normal 0 0 -1
    outer loop
      vertex 65.6753 68.9002 -2.5
      vertex 65.8737 88.8737 -2.5
      vertex 65.8737 69.1263 -2.5
    endloop
  endfacet
  facet normal 0 0 -1
    outer loop
      vertex 65.6753 68.9002 -2.5
      vertex 65.6753 89.0998 -2.5
      vertex 65.8737 88.8737 -2.5
    endloop
  endfacet
  facet normal 0 0 -1
    outer loop
      vertex 65.5081 68.65 -2.5
      vertex 65.6753 89.0998 -2.5
      vertex 65.6753 68.9002 -2.5
    endloop
  endfacet
  facet normal 0 0 -1
    outer loop
      vertex 65.5081 68.65 -2.5
      vertex 65.5081 89.35 -2.5
      vertex 65.6753 89.0998 -2.5
    endloop
  endfacet
  facet normal 0 0 -1
    outer loop
      vertex 65.3751 68.3802 -2.5
      vertex 65.5081 89.35 -2.5
      vertex 65.5081 68.65 -2.5
    endloop
  endfacet
  facet normal 0 0 -1
    outer loop
      vertex 65.3751 68.3802 -2.5
      vertex 65.3751 89.6198 -2.5
      vertex 65.5081 89.35 -2.5
    endloop
  endfacet
  facet normal 0 0 -1
    outer loop
      vertex 65.2784 68.0953 -2.5
      vertex 65.3751 89.6198 -2.5
      vertex 65.3751 68.3802 -2.5
    endloop
  endfacet
  facet normal 0 0 -1
    outer loop
      vertex 65.2784 68.0953 -2.5
      vertex 65.2784 89.9047 -2.5
      vertex 65.3751 89.6198 -2.5
    endloop
  endfacet
  facet normal 0 0 -1
    outer loop
      vertex 14.25 116 -2.5
      vertex 65.2784 68.0953 -2.5
      vertex 65.2197 67.8002 -2.5
    endloop
  endfacet
  facet normal 0 0 -1
    outer loop
      vertex 65.2784 68.0953 -2.5
      vertex 14.25 116 -2.5
      vertex 65.2784 89.9047 -2.5
    endloop
  endfacet
  facet normal 0 0 -1
    outer loop
      vertex 14.25 116 -2.5
      vertex 65.2197 67.8002 -2.5
      vertex 65.2 67.5 -2.5
    endloop
  endfacet
  facet normal 0 0 -1
    outer loop
      vertex 65.2784 89.9047 -2.5
      vertex 14.25 116 -2.5
      vertex 65.2197 90.1998 -2.5
    endloop
  endfacet
  facet normal 0 0 -1
    outer loop
      vertex 98.5 5.5 -2.5
      vertex 69.7803 67.1998 -2.5
      vertex 69.8 67.5 -2.5
    endloop
  endfacet
  facet normal 0 0 -1
    outer loop
      vertex 14.2308 12.2937 -2.5
      vertex 69.7692 12.2937 -2.5
      vertex 14.25 12 -2.5
    endloop
  endfacet
  facet normal 0 0 -1
    outer loop
      vertex 14.25 12 -2.5
      vertex 69.7692 12.2937 -2.5
      vertex 69.75 12 -2.5
    endloop
  endfacet
  facet normal 0 0 -1
    outer loop
      vertex 69.9213 12.861 -2.5
      vertex 69.7216 66.9047 -2.5
      vertex 69.7803 67.1998 -2.5
    endloop
  endfacet
  facet normal 0 0 -1
    outer loop
      vertex 90.5 -2.5 -2.5
      vertex 98.5 5.5 -2.5
      vertex 98.4316 4.4558 -2.5
    endloop
  endfacet
  facet normal 0 0 -1
    outer loop
      vertex 98.5 5.5 -2.5
      vertex 69.8 67.5 -2.5
      vertex 98.5 122.5 -2.5
    endloop
  endfacet
  facet normal 0 0 -1
    outer loop
      vertex 90.5 -2.5 -2.5
      vertex 98.4316 4.4558 -2.5
      vertex 98.2274 3.42944 -2.5
    endloop
  endfacet
  facet normal 0 0 -1
    outer loop
      vertex 69.7803 67.8002 -2.5
      vertex 98.5 122.5 -2.5
      vertex 69.8 67.5 -2.5
    endloop
  endfacet
  facet normal 0 0 -1
    outer loop
      vertex 90.5 -2.5 -2.5
      vertex 98.2274 3.42944 -2.5
      vertex 97.891 2.43854 -2.5
    endloop
  endfacet
  facet normal 0 -0 -1
    outer loop
      vertex 85.785 114.63 -2.5
      vertex 98.5 122.5 -2.5
      vertex 85.591 114.409 -2.5
    endloop
  endfacet
  facet normal 0 0 -1
    outer loop
      vertex 90.5 -2.5 -2.5
      vertex 97.891 2.43854 -2.5
      vertex 97.4282 1.5 -2.5
    endloop
  endfacet
  facet normal 0 -0 -1
    outer loop
      vertex 85.9486 114.875 -2.5
      vertex 98.5 122.5 -2.5
      vertex 85.785 114.63 -2.5
    endloop
  endfacet
  facet normal 0 0 -1
    outer loop
      vertex 90.5 -2.5 -2.5
      vertex 97.4282 1.5 -2.5
      vertex 96.8468 0.629913 -2.5
    endloop
  endfacet
  facet normal 0 -0 -1
    outer loop
      vertex 86.1733 115.418 -2.5
      vertex 98.5 122.5 -2.5
      vertex 86.0787 115.139 -2.5
    endloop
  endfacet
  facet normal 0 0 -1
    outer loop
      vertex 90.5 -2.5 -2.5
      vertex 96.8468 0.629913 -2.5
      vertex 96.1569 -0.15686 -2.5
    endloop
  endfacet
  facet normal 0 -0 -1
    outer loop
      vertex 86.2308 115.706 -2.5
      vertex 98.5 122.5 -2.5
      vertex 86.1733 115.418 -2.5
    endloop
  endfacet
  facet normal 0 0 -1
    outer loop
      vertex 90.5 -2.5 -2.5
      vertex 96.1569 -0.15686 -2.5
      vertex 95.3701 -0.846832 -2.5
    endloop
  endfacet
  facet normal 0 0 -1
    outer loop
      vertex 86.1733 116.582 -2.5
      vertex 98.5 122.5 -2.5
      vertex 86.2308 116.294 -2.5
    endloop
  endfacet
  facet normal 0 0 -1
    outer loop
      vertex 90.5 -2.5 -2.5
      vertex 95.3701 -0.846832 -2.5
      vertex 94.5 -1.42821 -2.5
    endloop
  endfacet
  facet normal 0 0 -1
    outer loop
      vertex 86.0787 116.861 -2.5
      vertex 98.5 122.5 -2.5
      vertex 86.1733 116.582 -2.5
    endloop
  endfacet
  facet normal 0 0 -1
    outer loop
      vertex 90.5 -2.5 -2.5
      vertex 94.5 -1.42821 -2.5
      vertex 93.5615 -1.89104 -2.5
    endloop
  endfacet
  facet normal 0 0 -1
    outer loop
      vertex 85.785 117.37 -2.5
      vertex 98.5 122.5 -2.5
      vertex 85.9486 117.125 -2.5
    endloop
  endfacet
  facet normal 0 0 -1
    outer loop
      vertex 90.5 -2.5 -2.5
      vertex 93.5615 -1.89104 -2.5
      vertex 92.5706 -2.2274 -2.5
    endloop
  endfacet
  facet normal 0 0 -1
    outer loop
      vertex 85.591 117.591 -2.5
      vertex 98.5 122.5 -2.5
      vertex 85.785 117.37 -2.5
    endloop
  endfacet
  facet normal 0 0 -1
    outer loop
      vertex 90.5 -2.5 -2.5
      vertex 92.5706 -2.2274 -2.5
      vertex 91.5442 -2.43156 -2.5
    endloop
  endfacet
  facet normal -0 0 -1
    outer loop
      vertex 98.5 122.5 -2.5
      vertex 85.591 117.591 -2.5
      vertex 98.4316 123.544 -2.5
    endloop
  endfacet
  facet normal -0 0 -1
    outer loop
      vertex 98.5 5.5 -2.5
      vertex 90.5 -2.5 -2.5
      vertex 74.2308 11.7063 -2.5
    endloop
  endfacet
  facet normal -0 0 -1
    outer loop
      vertex 98.2274 124.571 -2.5
      vertex 85.591 117.591 -2.5
      vertex 97.891 125.561 -2.5
    endloop
  endfacet
  facet normal -0 0 -1
    outer loop
      vertex 97.891 125.561 -2.5
      vertex 85.591 117.591 -2.5
      vertex 97.4282 126.5 -2.5
    endloop
  endfacet
  facet normal -0 0 -1
    outer loop
      vertex 96.8468 127.37 -2.5
      vertex 85.591 117.591 -2.5
      vertex 96.1569 128.157 -2.5
    endloop
  endfacet
  facet normal -0 0 -1
    outer loop
      vertex 97.4282 126.5 -2.5
      vertex 85.591 117.591 -2.5
      vertex 96.8468 127.37 -2.5
    endloop
  endfacet
  facet normal -0 0 -1
    outer loop
      vertex 98.4316 123.544 -2.5
      vertex 85.591 117.591 -2.5
      vertex 98.2274 124.571 -2.5
    endloop
  endfacet
  facet normal 0 0 -1
    outer loop
      vertex 85.9486 117.125 -2.5
      vertex 98.5 122.5 -2.5
      vertex 86.0787 116.861 -2.5
    endloop
  endfacet
  facet normal 0 -0 -1
    outer loop
      vertex 86.25 116 -2.5
      vertex 98.5 122.5 -2.5
      vertex 86.2308 115.706 -2.5
    endloop
  endfacet
  facet normal 0 0 -1
    outer loop
      vertex 86.2308 116.294 -2.5
      vertex 98.5 122.5 -2.5
      vertex 86.25 116 -2.5
    endloop
  endfacet
  facet normal 0 -0 -1
    outer loop
      vertex 86.0787 115.139 -2.5
      vertex 98.5 122.5 -2.5
      vertex 85.9486 114.875 -2.5
    endloop
  endfacet
  facet normal 0 0 -1
    outer loop
      vertex 98.5 122.5 -2.5
      vertex 69.7803 67.8002 -2.5
      vertex 85.591 114.409 -2.5
    endloop
  endfacet
  facet normal 0 0 -1
    outer loop
      vertex 85.591 114.409 -2.5
      vertex 69.7803 67.8002 -2.5
      vertex 85.3697 114.215 -2.5
    endloop
  endfacet
  facet normal 0 0 -1
    outer loop
      vertex 85.3697 114.215 -2.5
      vertex 69.8 90.5 -2.5
      vertex 85.125 114.051 -2.5
    endloop
  endfacet
  facet normal 0 0 -1
    outer loop
      vertex 85.125 114.051 -2.5
      vertex 69.8 90.5 -2.5
      vertex 84.861 113.921 -2.5
    endloop
  endfacet
  facet normal 0 0 -1
    outer loop
      vertex 69.7803 90.8002 -2.5
      vertex 84.861 113.921 -2.5
      vertex 69.8 90.5 -2.5
    endloop
  endfacet
  facet normal 0 0 -1
    outer loop
      vertex 84.861 113.921 -2.5
      vertex 69.7803 90.8002 -2.5
      vertex 84.5823 113.827 -2.5
    endloop
  endfacet
  facet normal 0 0 -1
    outer loop
      vertex 69.7216 91.0953 -2.5
      vertex 84.5823 113.827 -2.5
      vertex 69.7803 90.8002 -2.5
    endloop
  endfacet
  facet normal 0 0 -1
    outer loop
      vertex 84.5823 113.827 -2.5
      vertex 69.7216 91.0953 -2.5
      vertex 84.2937 113.769 -2.5
    endloop
  endfacet
  facet normal 0 0 -1
    outer loop
      vertex 69.6249 91.3802 -2.5
      vertex 84.2937 113.769 -2.5
      vertex 69.7216 91.0953 -2.5
    endloop
  endfacet
  facet normal 0 0 -1
    outer loop
      vertex 84.2937 113.769 -2.5
      vertex 69.6249 91.3802 -2.5
      vertex 84 113.75 -2.5
    endloop
  endfacet
  facet normal 0 0 -1
    outer loop
      vertex 69.4919 91.65 -2.5
      vertex 84 113.75 -2.5
      vertex 69.6249 91.3802 -2.5
    endloop
  endfacet
  facet normal -0 0 -1
    outer loop
      vertex 84 113.75 -2.5
      vertex 69.4919 91.65 -2.5
      vertex 83.7063 113.769 -2.5
    endloop
  endfacet
  facet normal 0 0 -1
    outer loop
      vertex 69.3247 91.9002 -2.5
      vertex 83.7063 113.769 -2.5
      vertex 69.4919 91.65 -2.5
    endloop
  endfacet
  facet normal -0 0 -1
    outer loop
      vertex 83.7063 113.769 -2.5
      vertex 69.3247 91.9002 -2.5
      vertex 83.4177 113.827 -2.5
    endloop
  endfacet
  facet normal 0 0 -1
    outer loop
      vertex 69.1263 92.1263 -2.5
      vertex 83.4177 113.827 -2.5
      vertex 69.3247 91.9002 -2.5
    endloop
  endfacet
  facet normal -0 0 -1
    outer loop
      vertex 83.4177 113.827 -2.5
      vertex 69.1263 92.1263 -2.5
      vertex 83.139 113.921 -2.5
    endloop
  endfacet
  facet normal 0 0 -1
    outer loop
      vertex 98.5 5.5 -2.5
      vertex 74.2308 12.2937 -2.5
      vertex 74.1733 12.5823 -2.5
    endloop
  endfacet
  facet normal 0 0 -1
    outer loop
      vertex 98.5 5.5 -2.5
      vertex 74.25 12 -2.5
      vertex 74.2308 12.2937 -2.5
    endloop
  endfacet
  facet normal 0 0 -1
    outer loop
      vertex 98.5 5.5 -2.5
      vertex 74.2308 11.7063 -2.5
      vertex 74.25 12 -2.5
    endloop
  endfacet
  facet normal 0 0 -1
    outer loop
      vertex 90.5 -2.5 -2.5
      vertex 74.1733 11.4177 -2.5
      vertex 74.2308 11.7063 -2.5
    endloop
  endfacet
  facet normal 0 0 -1
    outer loop
      vertex 90.5 -2.5 -2.5
      vertex 74.0787 11.139 -2.5
      vertex 74.1733 11.4177 -2.5
    endloop
  endfacet
  facet normal 0 0 -1
    outer loop
      vertex 90.5 -2.5 -2.5
      vertex 73.9486 10.875 -2.5
      vertex 74.0787 11.139 -2.5
    endloop
  endfacet
  facet normal 0 0 -1
    outer loop
      vertex 90.5 -2.5 -2.5
      vertex 73.785 10.6303 -2.5
      vertex 73.9486 10.875 -2.5
    endloop
  endfacet
  facet normal 0 0 -1
    outer loop
      vertex 90.5 -2.5 -2.5
      vertex 73.591 10.409 -2.5
      vertex 73.785 10.6303 -2.5
    endloop
  endfacet
  facet normal 0 0 -1
    outer loop
      vertex 90.5 -2.5 -2.5
      vertex 73.3697 10.215 -2.5
      vertex 73.591 10.409 -2.5
    endloop
  endfacet
  facet normal 0 0 -1
    outer loop
      vertex 90.5 -2.5 -2.5
      vertex 73.125 10.0514 -2.5
      vertex 73.3697 10.215 -2.5
    endloop
  endfacet
  facet normal 0 0 -1
    outer loop
      vertex 90.5 -2.5 -2.5
      vertex 72.861 9.92127 -2.5
      vertex 73.125 10.0514 -2.5
    endloop
  endfacet
  facet normal 0 0 -1
    outer loop
      vertex 90.5 -2.5 -2.5
      vertex 72.5823 9.82667 -2.5
      vertex 72.861 9.92127 -2.5
    endloop
  endfacet
  facet normal 0 0 -1
    outer loop
      vertex 90.5 -2.5 -2.5
      vertex 72.2937 9.76925 -2.5
      vertex 72.5823 9.82667 -2.5
    endloop
  endfacet
  facet normal 0 0 -1
    outer loop
      vertex 90.5 -2.5 -2.5
      vertex 72 9.75 -2.5
      vertex 72.2937 9.76925 -2.5
    endloop
  endfacet
  facet normal 0 0 -1
    outer loop
      vertex 90.5 -2.5 -2.5
      vertex 71.7063 9.76925 -2.5
      vertex 72 9.75 -2.5
    endloop
  endfacet
  facet normal 0 0 -1
    outer loop
      vertex 90.5 -2.5 -2.5
      vertex 71.4177 9.82667 -2.5
      vertex 71.7063 9.76925 -2.5
    endloop
  endfacet
  facet normal 0 0 -1
    outer loop
      vertex 90.5 -2.5 -2.5
      vertex 71.139 9.92127 -2.5
      vertex 71.4177 9.82667 -2.5
    endloop
  endfacet
  facet normal 0 0 -1
    outer loop
      vertex 5.5 -2.5 -2.5
      vertex 71.139 9.92127 -2.5
      vertex 90.5 -2.5 -2.5
    endloop
  endfacet
  facet normal 0 0 -1
    outer loop
      vertex 69.9213 12.861 -2.5
      vertex 69.6249 66.6198 -2.5
      vertex 69.7216 66.9047 -2.5
    endloop
  endfacet
  facet normal 0 0 -1
    outer loop
      vertex 69.9213 12.861 -2.5
      vertex 69.4919 66.35 -2.5
      vertex 69.6249 66.6198 -2.5
    endloop
  endfacet
  facet normal 0 0 -1
    outer loop
      vertex 69.9213 12.861 -2.5
      vertex 69.3247 66.0998 -2.5
      vertex 69.4919 66.35 -2.5
    endloop
  endfacet
  facet normal 0 0 -1
    outer loop
      vertex 69.9213 12.861 -2.5
      vertex 69.1263 65.8737 -2.5
      vertex 69.3247 66.0998 -2.5
    endloop
  endfacet
  facet normal 0 0 -1
    outer loop
      vertex 69.9213 12.861 -2.5
      vertex 68.9002 65.6753 -2.5
      vertex 69.1263 65.8737 -2.5
    endloop
  endfacet
  facet normal 0 0 -1
    outer loop
      vertex 69.9213 12.861 -2.5
      vertex 68.65 65.5081 -2.5
      vertex 68.9002 65.6753 -2.5
    endloop
  endfacet
  facet normal 0 0 -1
    outer loop
      vertex 69.9213 12.861 -2.5
      vertex 68.3802 65.3751 -2.5
      vertex 68.65 65.5081 -2.5
    endloop
  endfacet
  facet normal 0 0 -1
    outer loop
      vertex 69.9213 12.861 -2.5
      vertex 68.0953 65.2784 -2.5
      vertex 68.3802 65.3751 -2.5
    endloop
  endfacet
  facet normal 0 0 -1
    outer loop
      vertex 69.9213 12.861 -2.5
      vertex 67.8002 65.2197 -2.5
      vertex 68.0953 65.2784 -2.5
    endloop
  endfacet
  facet normal 0 0 -1
    outer loop
      vertex 69.9213 12.861 -2.5
      vertex 67.5 65.2 -2.5
      vertex 67.8002 65.2197 -2.5
    endloop
  endfacet
  facet normal 0 0 -1
    outer loop
      vertex 69.9213 12.861 -2.5
      vertex 67.1998 65.2197 -2.5
      vertex 67.5 65.2 -2.5
    endloop
  endfacet
  facet normal 0 0 -1
    outer loop
      vertex 69.9213 12.861 -2.5
      vertex 66.9047 65.2784 -2.5
      vertex 67.1998 65.2197 -2.5
    endloop
  endfacet
  facet normal 0 0 -1
    outer loop
      vertex 69.9213 12.861 -2.5
      vertex 66.6198 65.3751 -2.5
      vertex 66.9047 65.2784 -2.5
    endloop
  endfacet
  facet normal 0 0 -1
    outer loop
      vertex 69.9213 12.861 -2.5
      vertex 66.35 65.5081 -2.5
      vertex 66.6198 65.3751 -2.5
    endloop
  endfacet
  facet normal 0 0 -1
    outer loop
      vertex 69.9213 12.861 -2.5
      vertex 66.0998 65.6753 -2.5
      vertex 66.35 65.5081 -2.5
    endloop
  endfacet
  facet normal 0 0 -1
    outer loop
      vertex 14.25 12 -2.5
      vertex 69.75 12 -2.5
      vertex 69.7692 11.7063 -2.5
    endloop
  endfacet
  facet normal 0 0 -1
    outer loop
      vertex 14.1733 12.5823 -2.5
      vertex 69.8267 12.5823 -2.5
      vertex 14.2308 12.2937 -2.5
    endloop
  endfacet
  facet normal 0 0 -1
    outer loop
      vertex 69.8267 12.5823 -2.5
      vertex 14.1733 12.5823 -2.5
      vertex 69.9213 12.861 -2.5
    endloop
  endfacet
  facet normal 0 0 -1
    outer loop
      vertex 14.0787 12.861 -2.5
      vertex 69.9213 12.861 -2.5
      vertex 14.1733 12.5823 -2.5
    endloop
  endfacet
  facet normal 0 0 -1
    outer loop
      vertex 13.9486 13.125 -2.5
      vertex 69.9213 12.861 -2.5
      vertex 14.0787 12.861 -2.5
    endloop
  endfacet
  facet normal 0 0 -1
    outer loop
      vertex 13.785 13.3697 -2.5
      vertex 69.9213 12.861 -2.5
      vertex 13.9486 13.125 -2.5
    endloop
  endfacet
  facet normal 0 0 -1
    outer loop
      vertex 69.9213 12.861 -2.5
      vertex 13.785 13.3697 -2.5
      vertex 66.0998 65.6753 -2.5
    endloop
  endfacet
  facet normal 0 0 -1
    outer loop
      vertex 11.1263 65.8737 -2.5
      vertex 65.8737 65.8737 -2.5
      vertex 13.591 13.591 -2.5
    endloop
  endfacet
  facet normal 0 0 -1
    outer loop
      vertex 13.591 13.591 -2.5
      vertex 65.8737 65.8737 -2.5
      vertex 13.785 13.3697 -2.5
    endloop
  endfacet
  facet normal -0 0 -1
    outer loop
      vertex 66.0998 65.6753 -2.5
      vertex 13.785 13.3697 -2.5
      vertex 65.8737 65.8737 -2.5
    endloop
  endfacet
  facet normal 0 0 -1
    outer loop
      vertex 14.2308 11.7063 -2.5
      vertex 69.7692 11.7063 -2.5
      vertex 69.8267 11.4177 -2.5
    endloop
  endfacet
  facet normal 0 0 -1
    outer loop
      vertex 14.1733 11.4177 -2.5
      vertex 69.8267 11.4177 -2.5
      vertex 69.9213 11.139 -2.5
    endloop
  endfacet
  facet normal 0 0 -1
    outer loop
      vertex 14.0787 11.139 -2.5
      vertex 69.9213 11.139 -2.5
      vertex 70.0514 10.875 -2.5
    endloop
  endfacet
  facet normal 0 0 -1
    outer loop
      vertex 13.9486 10.875 -2.5
      vertex 70.0514 10.875 -2.5
      vertex 70.215 10.6303 -2.5
    endloop
  endfacet
  facet normal 0 0 -1
    outer loop
      vertex 13.785 10.6303 -2.5
      vertex 70.215 10.6303 -2.5
      vertex 70.409 10.409 -2.5
    endloop
  endfacet
  facet normal 0 0 -1
    outer loop
      vertex 5.5 -2.5 -2.5
      vertex 70.409 10.409 -2.5
      vertex 70.6303 10.215 -2.5
    endloop
  endfacet
  facet normal 0 0 -1
    outer loop
      vertex 5.5 -2.5 -2.5
      vertex 70.6303 10.215 -2.5
      vertex 70.875 10.0514 -2.5
    endloop
  endfacet
  facet normal -0 0 -1
    outer loop
      vertex 71.139 9.92127 -2.5
      vertex 5.5 -2.5 -2.5
      vertex 70.875 10.0514 -2.5
    endloop
  endfacet
  facet normal 0 0 -1
    outer loop
      vertex 69.7692 11.7063 -2.5
      vertex 14.2308 11.7063 -2.5
      vertex 14.25 12 -2.5
    endloop
  endfacet
  facet normal 0 0 -1
    outer loop
      vertex 69.8267 11.4177 -2.5
      vertex 14.1733 11.4177 -2.5
      vertex 14.2308 11.7063 -2.5
    endloop
  endfacet
  facet normal 0 0 -1
    outer loop
      vertex 69.9213 11.139 -2.5
      vertex 14.0787 11.139 -2.5
      vertex 14.1733 11.4177 -2.5
    endloop
  endfacet
  facet normal 0 0 -1
    outer loop
      vertex 70.0514 10.875 -2.5
      vertex 13.9486 10.875 -2.5
      vertex 14.0787 11.139 -2.5
    endloop
  endfacet
  facet normal 0 0 -1
    outer loop
      vertex 70.215 10.6303 -2.5
      vertex 13.785 10.6303 -2.5
      vertex 13.9486 10.875 -2.5
    endloop
  endfacet
  facet normal 0 0 -1
    outer loop
      vertex 70.409 10.409 -2.5
      vertex 13.591 10.409 -2.5
      vertex 13.785 10.6303 -2.5
    endloop
  endfacet
  facet normal -0 0 -1
    outer loop
      vertex 70.409 10.409 -2.5
      vertex 5.5 -2.5 -2.5
      vertex 13.591 10.409 -2.5
    endloop
  endfacet
  facet normal 0 0 -1
    outer loop
      vertex 13.591 10.409 -2.5
      vertex 5.5 -2.5 -2.5
      vertex 13.3697 10.215 -2.5
    endloop
  endfacet
  facet normal 0 0 -1
    outer loop
      vertex 13.3697 10.215 -2.5
      vertex 5.5 -2.5 -2.5
      vertex 13.125 10.0514 -2.5
    endloop
  endfacet
  facet normal 0 0 -1
    outer loop
      vertex 13.125 10.0514 -2.5
      vertex 5.5 -2.5 -2.5
      vertex 12.861 9.92127 -2.5
    endloop
  endfacet
  facet normal 0 0 -1
    outer loop
      vertex 12.861 9.92127 -2.5
      vertex 5.5 -2.5 -2.5
      vertex 12.5823 9.82667 -2.5
    endloop
  endfacet
  facet normal 0 0 -1
    outer loop
      vertex 12.5823 9.82667 -2.5
      vertex 5.5 -2.5 -2.5
      vertex 12.2937 9.76925 -2.5
    endloop
  endfacet
  facet normal 0 0 -1
    outer loop
      vertex 12.2937 9.76925 -2.5
      vertex 5.5 -2.5 -2.5
      vertex 12 9.75 -2.5
    endloop
  endfacet
  facet normal 0 0 -1
    outer loop
      vertex 11.7063 14.2308 -2.5
      vertex 9.19979 65.2197 -2.5
      vertex 9.5 65.2 -2.5
    endloop
  endfacet
  facet normal 0 0 -1
    outer loop
      vertex 11.4177 14.1733 -2.5
      vertex 8.90472 65.2784 -2.5
      vertex 9.19979 65.2197 -2.5
    endloop
  endfacet
  facet normal 0 0 -1
    outer loop
      vertex 11.139 14.0787 -2.5
      vertex 8.61983 65.3751 -2.5
      vertex 8.90472 65.2784 -2.5
    endloop
  endfacet
  facet normal 0 0 -1
    outer loop
      vertex 10.875 13.9486 -2.5
      vertex 8.35 65.5081 -2.5
      vertex 8.61983 65.3751 -2.5
    endloop
  endfacet
  facet normal 0 0 -1
    outer loop
      vertex 10.6303 13.785 -2.5
      vertex 8.09985 65.6753 -2.5
      vertex 8.35 65.5081 -2.5
    endloop
  endfacet
  facet normal -0 0 -1
    outer loop
      vertex 10.409 13.591 -2.5
      vertex -2.5 5.5 -2.5
      vertex 8.09985 65.6753 -2.5
    endloop
  endfacet
  facet normal -0 0 -1
    outer loop
      vertex 8.09985 65.6753 -2.5
      vertex -2.5 5.5 -2.5
      vertex 7.87365 65.8737 -2.5
    endloop
  endfacet
  facet normal -0 0 -1
    outer loop
      vertex 7.87365 65.8737 -2.5
      vertex -2.5 5.5 -2.5
      vertex 7.67529 66.0998 -2.5
    endloop
  endfacet
  facet normal -0 0 -1
    outer loop
      vertex 7.67529 66.0998 -2.5
      vertex -2.5 5.5 -2.5
      vertex 7.50814 66.35 -2.5
    endloop
  endfacet
  facet normal -0 0 -1
    outer loop
      vertex 7.50814 66.35 -2.5
      vertex -2.5 5.5 -2.5
      vertex 7.37508 66.6198 -2.5
    endloop
  endfacet
  facet normal -0 0 -1
    outer loop
      vertex 7.37508 66.6198 -2.5
      vertex -2.5 5.5 -2.5
      vertex 7.27837 66.9047 -2.5
    endloop
  endfacet
  facet normal -0 0 -1
    outer loop
      vertex 7.27837 66.9047 -2.5
      vertex -2.5 5.5 -2.5
      vertex 7.21968 67.1998 -2.5
    endloop
  endfacet
  facet normal -0 0 -1
    outer loop
      vertex 7.21968 67.1998 -2.5
      vertex -2.5 5.5 -2.5
      vertex 7.2 67.5 -2.5
    endloop
  endfacet
  facet normal -0 0 -1
    outer loop
      vertex 9.76925 11.7063 -2.5
      vertex -2.5 5.5 -2.5
      vertex 9.75 12 -2.5
    endloop
  endfacet
  facet normal -0 0 -1
    outer loop
      vertex 9.82667 11.4177 -2.5
      vertex -2.5 5.5 -2.5
      vertex 9.76925 11.7063 -2.5
    endloop
  endfacet
  facet normal -0 0 -1
    outer loop
      vertex 9.92127 11.139 -2.5
      vertex -2.5 5.5 -2.5
      vertex 9.82667 11.4177 -2.5
    endloop
  endfacet
  facet normal -0 0 -1
    outer loop
      vertex 10.0514 10.875 -2.5
      vertex -2.5 5.5 -2.5
      vertex 9.92127 11.139 -2.5
    endloop
  endfacet
  facet normal -0 0 -1
    outer loop
      vertex 10.215 10.6303 -2.5
      vertex -2.5 5.5 -2.5
      vertex 10.0514 10.875 -2.5
    endloop
  endfacet
  facet normal -0 0 -1
    outer loop
      vertex 10.409 10.409 -2.5
      vertex -2.5 5.5 -2.5
      vertex 10.215 10.6303 -2.5
    endloop
  endfacet
  facet normal 0 0 -1
    outer loop
      vertex -2.5 5.5 -2.5
      vertex 10.409 10.409 -2.5
      vertex 5.5 -2.5 -2.5
    endloop
  endfacet
  facet normal -0 0 -1
    outer loop
      vertex 10.6303 10.215 -2.5
      vertex 5.5 -2.5 -2.5
      vertex 10.409 10.409 -2.5
    endloop
  endfacet
  facet normal -0 0 -1
    outer loop
      vertex 10.875 10.0514 -2.5
      vertex 5.5 -2.5 -2.5
      vertex 10.6303 10.215 -2.5
    endloop
  endfacet
  facet normal -0 0 -1
    outer loop
      vertex 11.139 9.92127 -2.5
      vertex 5.5 -2.5 -2.5
      vertex 10.875 10.0514 -2.5
    endloop
  endfacet
  facet normal -0 0 -1
    outer loop
      vertex 11.4177 9.82667 -2.5
      vertex 5.5 -2.5 -2.5
      vertex 11.139 9.92127 -2.5
    endloop
  endfacet
  facet normal -0 0 -1
    outer loop
      vertex 11.7063 9.76925 -2.5
      vertex 5.5 -2.5 -2.5
      vertex 11.4177 9.82667 -2.5
    endloop
  endfacet
  facet normal -0 0 -1
    outer loop
      vertex 12 9.75 -2.5
      vertex 5.5 -2.5 -2.5
      vertex 11.7063 9.76925 -2.5
    endloop
  endfacet
  facet normal -0 0 -1
    outer loop
      vertex 96.1569 128.157 -2.5
      vertex 85.591 117.591 -2.5
      vertex 95.3701 128.847 -2.5
    endloop
  endfacet
  facet normal -0 0 -1
    outer loop
      vertex 95.3701 128.847 -2.5
      vertex 85.591 117.591 -2.5
      vertex 94.5 129.428 -2.5
    endloop
  endfacet
  facet normal -0 0 -1
    outer loop
      vertex 94.5 129.428 -2.5
      vertex 85.591 117.591 -2.5
      vertex 93.5615 129.891 -2.5
    endloop
  endfacet
  facet normal -0 0 -1
    outer loop
      vertex 93.5615 129.891 -2.5
      vertex 85.591 117.591 -2.5
      vertex 92.5706 130.227 -2.5
    endloop
  endfacet
  facet normal -0 0 -1
    outer loop
      vertex 92.5706 130.227 -2.5
      vertex 85.591 117.591 -2.5
      vertex 91.5442 130.432 -2.5
    endloop
  endfacet
  facet normal -0 0 -1
    outer loop
      vertex 91.5442 130.432 -2.5
      vertex 85.591 117.591 -2.5
      vertex 90.5 130.5 -2.5
    endloop
  endfacet
  facet normal 0 0 -1
    outer loop
      vertex 85.3697 117.785 -2.5
      vertex 90.5 130.5 -2.5
      vertex 85.591 117.591 -2.5
    endloop
  endfacet
  facet normal 0 0 -1
    outer loop
      vertex 85.125 117.949 -2.5
      vertex 90.5 130.5 -2.5
      vertex 85.3697 117.785 -2.5
    endloop
  endfacet
  facet normal 0 0 -1
    outer loop
      vertex 84.861 118.079 -2.5
      vertex 90.5 130.5 -2.5
      vertex 85.125 117.949 -2.5
    endloop
  endfacet
  facet normal 0 0 -1
    outer loop
      vertex 84.5823 118.173 -2.5
      vertex 90.5 130.5 -2.5
      vertex 84.861 118.079 -2.5
    endloop
  endfacet
  facet normal 0 0 -1
    outer loop
      vertex 84.2937 118.231 -2.5
      vertex 90.5 130.5 -2.5
      vertex 84.5823 118.173 -2.5
    endloop
  endfacet
  facet normal 0 0 -1
    outer loop
      vertex 84 118.25 -2.5
      vertex 90.5 130.5 -2.5
      vertex 84.2937 118.231 -2.5
    endloop
  endfacet
  facet normal 0 0 -1
    outer loop
      vertex 83.7063 118.231 -2.5
      vertex 90.5 130.5 -2.5
      vertex 84 118.25 -2.5
    endloop
  endfacet
  facet normal 0 0 -1
    outer loop
      vertex 83.4177 118.173 -2.5
      vertex 90.5 130.5 -2.5
      vertex 83.7063 118.231 -2.5
    endloop
  endfacet
  facet normal 0 0 -1
    outer loop
      vertex 83.139 118.079 -2.5
      vertex 90.5 130.5 -2.5
      vertex 83.4177 118.173 -2.5
    endloop
  endfacet
  facet normal 0 0 -1
    outer loop
      vertex 82.875 117.949 -2.5
      vertex 90.5 130.5 -2.5
      vertex 83.139 118.079 -2.5
    endloop
  endfacet
  facet normal 0 0 -1
    outer loop
      vertex 82.6303 117.785 -2.5
      vertex 90.5 130.5 -2.5
      vertex 82.875 117.949 -2.5
    endloop
  endfacet
  facet normal 0 0 -1
    outer loop
      vertex 82.409 117.591 -2.5
      vertex 90.5 130.5 -2.5
      vertex 82.6303 117.785 -2.5
    endloop
  endfacet
  facet normal 0 0 -1
    outer loop
      vertex 82.215 117.37 -2.5
      vertex 90.5 130.5 -2.5
      vertex 82.409 117.591 -2.5
    endloop
  endfacet
  facet normal 0 0 -1
    outer loop
      vertex 13.785 117.37 -2.5
      vertex 82.215 117.37 -2.5
      vertex 82.0514 117.125 -2.5
    endloop
  endfacet
  facet normal 0 0 -1
    outer loop
      vertex 98.5 5.5 -2.5
      vertex 74.1733 12.5823 -2.5
      vertex 74.0787 12.861 -2.5
    endloop
  endfacet
  facet normal 0 0 -1
    outer loop
      vertex 68.9002 92.3247 -2.5
      vertex 83.139 113.921 -2.5
      vertex 69.1263 92.1263 -2.5
    endloop
  endfacet
  facet normal -0 0 -1
    outer loop
      vertex 83.139 113.921 -2.5
      vertex 68.9002 92.3247 -2.5
      vertex 82.875 114.051 -2.5
    endloop
  endfacet
  facet normal 0 0 -1
    outer loop
      vertex 98.5 5.5 -2.5
      vertex 74.0787 12.861 -2.5
      vertex 73.9486 13.125 -2.5
    endloop
  endfacet
  facet normal 0 0 -1
    outer loop
      vertex 98.5 5.5 -2.5
      vertex 73.9486 13.125 -2.5
      vertex 73.785 13.3697 -2.5
    endloop
  endfacet
  facet normal 0 0 -1
    outer loop
      vertex 98.5 5.5 -2.5
      vertex 73.785 13.3697 -2.5
      vertex 73.591 13.591 -2.5
    endloop
  endfacet
  facet normal 0 0 -1
    outer loop
      vertex 73.3697 13.785 -2.5
      vertex 98.5 5.5 -2.5
      vertex 73.591 13.591 -2.5
    endloop
  endfacet
  facet normal 0 0 -1
    outer loop
      vertex 69.7803 67.1998 -2.5
      vertex 98.5 5.5 -2.5
      vertex 73.3697 13.785 -2.5
    endloop
  endfacet
  facet normal 0 0 -1
    outer loop
      vertex 69.7803 67.1998 -2.5
      vertex 73.3697 13.785 -2.5
      vertex 73.125 13.9486 -2.5
    endloop
  endfacet
  facet normal 0 0 -1
    outer loop
      vertex 69.7803 67.1998 -2.5
      vertex 73.125 13.9486 -2.5
      vertex 72.861 14.0787 -2.5
    endloop
  endfacet
  facet normal 0 0 -1
    outer loop
      vertex 69.7803 67.1998 -2.5
      vertex 72.861 14.0787 -2.5
      vertex 72.5823 14.1733 -2.5
    endloop
  endfacet
  facet normal 0 0 -1
    outer loop
      vertex 69.7803 67.1998 -2.5
      vertex 72.5823 14.1733 -2.5
      vertex 72.2937 14.2308 -2.5
    endloop
  endfacet
  facet normal 0 0 -1
    outer loop
      vertex 69.7803 67.1998 -2.5
      vertex 72.2937 14.2308 -2.5
      vertex 72 14.25 -2.5
    endloop
  endfacet
  facet normal 0 0 -1
    outer loop
      vertex 69.7803 67.1998 -2.5
      vertex 72 14.25 -2.5
      vertex 71.7063 14.2308 -2.5
    endloop
  endfacet
  facet normal 0 0 -1
    outer loop
      vertex 69.7803 67.1998 -2.5
      vertex 71.7063 14.2308 -2.5
      vertex 71.4177 14.1733 -2.5
    endloop
  endfacet
  facet normal 0 0 -1
    outer loop
      vertex 69.7803 67.1998 -2.5
      vertex 71.4177 14.1733 -2.5
      vertex 71.139 14.0787 -2.5
    endloop
  endfacet
  facet normal 0 0 -1
    outer loop
      vertex 69.7803 67.1998 -2.5
      vertex 71.139 14.0787 -2.5
      vertex 70.875 13.9486 -2.5
    endloop
  endfacet
  facet normal 0 0 -1
    outer loop
      vertex 69.7803 67.1998 -2.5
      vertex 70.875 13.9486 -2.5
      vertex 70.6303 13.785 -2.5
    endloop
  endfacet
  facet normal 0 0 -1
    outer loop
      vertex 69.7803 67.1998 -2.5
      vertex 70.6303 13.785 -2.5
      vertex 70.409 13.591 -2.5
    endloop
  endfacet
  facet normal 0 0 -1
    outer loop
      vertex 69.7803 67.1998 -2.5
      vertex 70.409 13.591 -2.5
      vertex 70.215 13.3697 -2.5
    endloop
  endfacet
  facet normal 0 0 -1
    outer loop
      vertex 69.7803 67.1998 -2.5
      vertex 70.215 13.3697 -2.5
      vertex 70.0514 13.125 -2.5
    endloop
  endfacet
  facet normal 0 0 -1
    outer loop
      vertex 69.7803 67.1998 -2.5
      vertex 70.0514 13.125 -2.5
      vertex 69.9213 12.861 -2.5
    endloop
  endfacet
  facet normal 0 0 -1
    outer loop
      vertex 69.7692 12.2937 -2.5
      vertex 14.2308 12.2937 -2.5
      vertex 69.8267 12.5823 -2.5
    endloop
  endfacet
  facet normal 0 0 -1
    outer loop
      vertex 68.65 92.4919 -2.5
      vertex 82.875 114.051 -2.5
      vertex 68.9002 92.3247 -2.5
    endloop
  endfacet
  facet normal -0 0 -1
    outer loop
      vertex 82.875 114.051 -2.5
      vertex 68.65 92.4919 -2.5
      vertex 82.6303 114.215 -2.5
    endloop
  endfacet
  facet normal 0 0 -1
    outer loop
      vertex 68.3802 92.6249 -2.5
      vertex 82.6303 114.215 -2.5
      vertex 68.65 92.4919 -2.5
    endloop
  endfacet
  facet normal -0 0 -1
    outer loop
      vertex 82.6303 114.215 -2.5
      vertex 68.3802 92.6249 -2.5
      vertex 82.409 114.409 -2.5
    endloop
  endfacet
  facet normal 0 0 -1
    outer loop
      vertex 68.0953 92.7216 -2.5
      vertex 82.409 114.409 -2.5
      vertex 68.3802 92.6249 -2.5
    endloop
  endfacet
  facet normal -0 0 -1
    outer loop
      vertex 82.409 114.409 -2.5
      vertex 68.0953 92.7216 -2.5
      vertex 82.215 114.63 -2.5
    endloop
  endfacet
  facet normal 0 0 -1
    outer loop
      vertex 67.8002 92.7803 -2.5
      vertex 82.215 114.63 -2.5
      vertex 68.0953 92.7216 -2.5
    endloop
  endfacet
  facet normal -0 0 -1
    outer loop
      vertex 82.215 114.63 -2.5
      vertex 67.8002 92.7803 -2.5
      vertex 82.0514 114.875 -2.5
    endloop
  endfacet
  facet normal 0 0 -1
    outer loop
      vertex 67.5 92.8 -2.5
      vertex 82.0514 114.875 -2.5
      vertex 67.8002 92.7803 -2.5
    endloop
  endfacet
  facet normal -0 0 -1
    outer loop
      vertex 82.0514 114.875 -2.5
      vertex 67.5 92.8 -2.5
      vertex 81.9213 115.139 -2.5
    endloop
  endfacet
  facet normal 0 0 -1
    outer loop
      vertex 67.1998 92.7803 -2.5
      vertex 81.9213 115.139 -2.5
      vertex 67.5 92.8 -2.5
    endloop
  endfacet
  facet normal -0 0 -1
    outer loop
      vertex 81.9213 115.139 -2.5
      vertex 67.1998 92.7803 -2.5
      vertex 81.8267 115.418 -2.5
    endloop
  endfacet
  facet normal 0 0 -1
    outer loop
      vertex 66.9047 92.7216 -2.5
      vertex 81.8267 115.418 -2.5
      vertex 67.1998 92.7803 -2.5
    endloop
  endfacet
  facet normal -0 0 -1
    outer loop
      vertex 81.8267 115.418 -2.5
      vertex 66.9047 92.7216 -2.5
      vertex 81.7692 115.706 -2.5
    endloop
  endfacet
  facet normal 0 0 -1
    outer loop
      vertex 66.6198 92.6249 -2.5
      vertex 81.7692 115.706 -2.5
      vertex 66.9047 92.7216 -2.5
    endloop
  endfacet
  facet normal -0 0 -1
    outer loop
      vertex 81.7692 115.706 -2.5
      vertex 66.6198 92.6249 -2.5
      vertex 81.75 116 -2.5
    endloop
  endfacet
  facet normal 0 0 -1
    outer loop
      vertex 66.35 92.4919 -2.5
      vertex 81.75 116 -2.5
      vertex 66.6198 92.6249 -2.5
    endloop
  endfacet
  facet normal -0 0 -1
    outer loop
      vertex 81.75 116 -2.5
      vertex 66.35 92.4919 -2.5
      vertex 81.7692 116.294 -2.5
    endloop
  endfacet
  facet normal 0 0 -1
    outer loop
      vertex 14.2308 116.294 -2.5
      vertex 81.7692 116.294 -2.5
      vertex 66.35 92.4919 -2.5
    endloop
  endfacet
  facet normal 0 0 -1
    outer loop
      vertex 81.7692 116.294 -2.5
      vertex 14.2308 116.294 -2.5
      vertex 81.8267 116.582 -2.5
    endloop
  endfacet
  facet normal 0 0 -1
    outer loop
      vertex 14.1733 116.582 -2.5
      vertex 81.8267 116.582 -2.5
      vertex 14.2308 116.294 -2.5
    endloop
  endfacet
  facet normal 0 0 -1
    outer loop
      vertex 81.8267 116.582 -2.5
      vertex 14.1733 116.582 -2.5
      vertex 81.9213 116.861 -2.5
    endloop
  endfacet
  facet normal 0 0 -1
    outer loop
      vertex 14.2308 116.294 -2.5
      vertex 66.35 92.4919 -2.5
      vertex 66.0998 92.3247 -2.5
    endloop
  endfacet
  facet normal 0 0 -1
    outer loop
      vertex 14.25 116 -2.5
      vertex 66.0998 92.3247 -2.5
      vertex 65.8737 92.1263 -2.5
    endloop
  endfacet
  facet normal 0 0 -1
    outer loop
      vertex 14.25 116 -2.5
      vertex 65.8737 92.1263 -2.5
      vertex 65.6753 91.9002 -2.5
    endloop
  endfacet
  facet normal 0 0 -1
    outer loop
      vertex 14.25 116 -2.5
      vertex 65.6753 91.9002 -2.5
      vertex 65.5081 91.65 -2.5
    endloop
  endfacet
  facet normal 0 0 -1
    outer loop
      vertex 65.2197 90.1998 -2.5
      vertex 14.25 116 -2.5
      vertex 65.2 90.5 -2.5
    endloop
  endfacet
  facet normal 0 0 -1
    outer loop
      vertex 65.2 90.5 -2.5
      vertex 14.25 116 -2.5
      vertex 65.2197 90.8002 -2.5
    endloop
  endfacet
  facet normal 0 0 -1
    outer loop
      vertex 65.2197 90.8002 -2.5
      vertex 14.25 116 -2.5
      vertex 65.2784 91.0953 -2.5
    endloop
  endfacet
  facet normal 0 0 -1
    outer loop
      vertex 65.2784 91.0953 -2.5
      vertex 14.25 116 -2.5
      vertex 65.3751 91.3802 -2.5
    endloop
  endfacet
  facet normal 0 0 -1
    outer loop
      vertex 65.3751 91.3802 -2.5
      vertex 14.25 116 -2.5
      vertex 65.5081 91.65 -2.5
    endloop
  endfacet
  facet normal 0 0 -1
    outer loop
      vertex 66.0998 92.3247 -2.5
      vertex 14.25 116 -2.5
      vertex 14.2308 116.294 -2.5
    endloop
  endfacet
  facet normal 0 0 -1
    outer loop
      vertex 14.0787 116.861 -2.5
      vertex 81.9213 116.861 -2.5
      vertex 14.1733 116.582 -2.5
    endloop
  endfacet
  facet normal 0 0 -1
    outer loop
      vertex 81.9213 116.861 -2.5
      vertex 14.0787 116.861 -2.5
      vertex 82.0514 117.125 -2.5
    endloop
  endfacet
  facet normal 0 0 -1
    outer loop
      vertex 13.9486 117.125 -2.5
      vertex 82.0514 117.125 -2.5
      vertex 14.0787 116.861 -2.5
    endloop
  endfacet
  facet normal 0 0 -1
    outer loop
      vertex 13.785 117.37 -2.5
      vertex 82.0514 117.125 -2.5
      vertex 13.9486 117.125 -2.5
    endloop
  endfacet
  facet normal 0 0 -1
    outer loop
      vertex 82.215 117.37 -2.5
      vertex 13.785 117.37 -2.5
      vertex 90.5 130.5 -2.5
    endloop
  endfacet
  facet normal 0 0 -1
    outer loop
      vertex 13.591 117.591 -2.5
      vertex 90.5 130.5 -2.5
      vertex 13.785 117.37 -2.5
    endloop
  endfacet
  facet normal 0 0 -1
    outer loop
      vertex 5.5 130.5 -2.5
      vertex 13.591 117.591 -2.5
      vertex 13.3697 117.785 -2.5
    endloop
  endfacet
  facet normal 0 0 -1
    outer loop
      vertex 5.5 130.5 -2.5
      vertex 13.3697 117.785 -2.5
      vertex 13.125 117.949 -2.5
    endloop
  endfacet
  facet normal 0 0 -1
    outer loop
      vertex 5.5 130.5 -2.5
      vertex 13.125 117.949 -2.5
      vertex 12.861 118.079 -2.5
    endloop
  endfacet
  facet normal 0 0 -1
    outer loop
      vertex 5.5 130.5 -2.5
      vertex 12.861 118.079 -2.5
      vertex 12.5823 118.173 -2.5
    endloop
  endfacet
  facet normal 0 0 -1
    outer loop
      vertex 5.5 130.5 -2.5
      vertex 12.5823 118.173 -2.5
      vertex 12.2937 118.231 -2.5
    endloop
  endfacet
  facet normal 0 0 -1
    outer loop
      vertex 5.5 130.5 -2.5
      vertex 12.2937 118.231 -2.5
      vertex 12 118.25 -2.5
    endloop
  endfacet
  facet normal 0 0 -1
    outer loop
      vertex 5.5 130.5 -2.5
      vertex 12 118.25 -2.5
      vertex 11.7063 118.231 -2.5
    endloop
  endfacet
  facet normal 0 0 -1
    outer loop
      vertex 7.87365 92.1263 -2.5
      vertex 10.215 114.63 -2.5
      vertex 8.09985 92.3247 -2.5
    endloop
  endfacet
  facet normal -0 0 -1
    outer loop
      vertex 10.215 114.63 -2.5
      vertex 7.87365 92.1263 -2.5
      vertex 10.0514 114.875 -2.5
    endloop
  endfacet
  facet normal 0 0 -1
    outer loop
      vertex -2.5 122.5 -2.5
      vertex 10.0514 114.875 -2.5
      vertex 7.87365 92.1263 -2.5
    endloop
  endfacet
  facet normal 0 0 -1
    outer loop
      vertex 10.0514 114.875 -2.5
      vertex -2.5 122.5 -2.5
      vertex 9.92127 115.139 -2.5
    endloop
  endfacet
  facet normal 0 0 -1
    outer loop
      vertex 9.92127 115.139 -2.5
      vertex -2.5 122.5 -2.5
      vertex 9.82667 115.418 -2.5
    endloop
  endfacet
  facet normal 0 0 -1
    outer loop
      vertex 9.82667 115.418 -2.5
      vertex -2.5 122.5 -2.5
      vertex 9.76925 115.706 -2.5
    endloop
  endfacet
  facet normal 0 0 -1
    outer loop
      vertex 9.76925 115.706 -2.5
      vertex -2.5 122.5 -2.5
      vertex 9.75 116 -2.5
    endloop
  endfacet
  facet normal 0 0 -1
    outer loop
      vertex -2.5 122.5 -2.5
      vertex 7.87365 92.1263 -2.5
      vertex 7.67529 91.9002 -2.5
    endloop
  endfacet
  facet normal 0 0 -1
    outer loop
      vertex -2.5 122.5 -2.5
      vertex 7.67529 91.9002 -2.5
      vertex 7.50814 91.65 -2.5
    endloop
  endfacet
  facet normal 0 0 -1
    outer loop
      vertex -2.5 122.5 -2.5
      vertex 7.50814 91.65 -2.5
      vertex 7.37508 91.3802 -2.5
    endloop
  endfacet
  facet normal 0 0 -1
    outer loop
      vertex -2.5 122.5 -2.5
      vertex 7.37508 91.3802 -2.5
      vertex 7.27837 91.0953 -2.5
    endloop
  endfacet
  facet normal 0 0 -1
    outer loop
      vertex -2.5 122.5 -2.5
      vertex 7.27837 91.0953 -2.5
      vertex 7.21968 90.8002 -2.5
    endloop
  endfacet
  facet normal 0 0 -1
    outer loop
      vertex 13.591 117.591 -2.5
      vertex 5.5 130.5 -2.5
      vertex 90.5 130.5 -2.5
    endloop
  endfacet
  facet normal 0 0 -1
    outer loop
      vertex 11.4177 118.173 -2.5
      vertex 5.5 130.5 -2.5
      vertex 11.7063 118.231 -2.5
    endloop
  endfacet
  facet normal 0 0 -1
    outer loop
      vertex 11.139 118.079 -2.5
      vertex 5.5 130.5 -2.5
      vertex 11.4177 118.173 -2.5
    endloop
  endfacet
  facet normal 0 0 -1
    outer loop
      vertex 10.875 117.949 -2.5
      vertex 5.5 130.5 -2.5
      vertex 11.139 118.079 -2.5
    endloop
  endfacet
  facet normal 0 0 -1
    outer loop
      vertex 10.6303 117.785 -2.5
      vertex 5.5 130.5 -2.5
      vertex 10.875 117.949 -2.5
    endloop
  endfacet
  facet normal 0 0 -1
    outer loop
      vertex 10.409 117.591 -2.5
      vertex 5.5 130.5 -2.5
      vertex 10.6303 117.785 -2.5
    endloop
  endfacet
  facet normal 0 0 -1
    outer loop
      vertex -2.5 122.5 -2.5
      vertex 10.409 117.591 -2.5
      vertex 10.215 117.37 -2.5
    endloop
  endfacet
  facet normal 0 0 -1
    outer loop
      vertex -2.5 122.5 -2.5
      vertex 10.215 117.37 -2.5
      vertex 10.0514 117.125 -2.5
    endloop
  endfacet
  facet normal 0 0 -1
    outer loop
      vertex -2.5 122.5 -2.5
      vertex 10.0514 117.125 -2.5
      vertex 9.92127 116.861 -2.5
    endloop
  endfacet
  facet normal 0 0 -1
    outer loop
      vertex -2.5 122.5 -2.5
      vertex 9.92127 116.861 -2.5
      vertex 9.82667 116.582 -2.5
    endloop
  endfacet
  facet normal 0 0 -1
    outer loop
      vertex -2.5 122.5 -2.5
      vertex 9.82667 116.582 -2.5
      vertex 9.76925 116.294 -2.5
    endloop
  endfacet
  facet normal 0 0 -1
    outer loop
      vertex 9.75 116 -2.5
      vertex -2.5 122.5 -2.5
      vertex 9.76925 116.294 -2.5
    endloop
  endfacet
  facet normal 0 0 -1
    outer loop
      vertex -2.5 122.5 -2.5
      vertex 7.21968 90.8002 -2.5
      vertex 7.2 90.5 -2.5
    endloop
  endfacet
  facet normal 0 0 -1
    outer loop
      vertex -2.5 122.5 -2.5
      vertex 7.2 67.5 -2.5
      vertex -2.5 5.5 -2.5
    endloop
  endfacet
  facet normal 0 0 -1
    outer loop
      vertex -2.5 5.5 -2.5
      vertex 5.5 -2.5 -2.5
      vertex 4.4558 -2.43156 -2.5
    endloop
  endfacet
  facet normal 0 0 -1
    outer loop
      vertex 7.21968 90.1998 -2.5
      vertex -2.5 122.5 -2.5
      vertex 7.2 90.5 -2.5
    endloop
  endfacet
  facet normal 0 0 -1
    outer loop
      vertex -2.5 5.5 -2.5
      vertex 4.4558 -2.43156 -2.5
      vertex 3.42944 -2.2274 -2.5
    endloop
  endfacet
  facet normal 0 0 -1
    outer loop
      vertex 10.409 117.591 -2.5
      vertex -2.5 122.5 -2.5
      vertex -2.43156 123.544 -2.5
    endloop
  endfacet
  facet normal 0 0 -1
    outer loop
      vertex -2.5 5.5 -2.5
      vertex 3.42944 -2.2274 -2.5
      vertex 2.43854 -1.89104 -2.5
    endloop
  endfacet
  facet normal 0 0 -1
    outer loop
      vertex 10.409 117.591 -2.5
      vertex 4.4558 130.432 -2.5
      vertex 5.5 130.5 -2.5
    endloop
  endfacet
  facet normal 0 0 -1
    outer loop
      vertex -2.5 5.5 -2.5
      vertex 2.43854 -1.89104 -2.5
      vertex 1.5 -1.42821 -2.5
    endloop
  endfacet
  facet normal 0 0 -1
    outer loop
      vertex 10.409 117.591 -2.5
      vertex 3.42944 130.227 -2.5
      vertex 4.4558 130.432 -2.5
    endloop
  endfacet
  facet normal 0 0 -1
    outer loop
      vertex -2.5 5.5 -2.5
      vertex 1.5 -1.42821 -2.5
      vertex 0.629913 -0.846832 -2.5
    endloop
  endfacet
  facet normal 0 0 -1
    outer loop
      vertex 10.409 117.591 -2.5
      vertex 2.43854 129.891 -2.5
      vertex 3.42944 130.227 -2.5
    endloop
  endfacet
  facet normal 0 0 -1
    outer loop
      vertex -2.5 5.5 -2.5
      vertex 0.629913 -0.846832 -2.5
      vertex -0.15686 -0.15686 -2.5
    endloop
  endfacet
  facet normal 0 0 -1
    outer loop
      vertex 10.409 117.591 -2.5
      vertex 1.5 129.428 -2.5
      vertex 2.43854 129.891 -2.5
    endloop
  endfacet
  facet normal 0 0 -1
    outer loop
      vertex -2.5 5.5 -2.5
      vertex -0.15686 -0.15686 -2.5
      vertex -0.846832 0.629913 -2.5
    endloop
  endfacet
  facet normal 0 0 -1
    outer loop
      vertex 10.409 117.591 -2.5
      vertex 0.629913 128.847 -2.5
      vertex 1.5 129.428 -2.5
    endloop
  endfacet
  facet normal 0 0 -1
    outer loop
      vertex -2.5 5.5 -2.5
      vertex -0.846832 0.629913 -2.5
      vertex -1.42821 1.5 -2.5
    endloop
  endfacet
  facet normal 0 0 -1
    outer loop
      vertex 10.409 117.591 -2.5
      vertex -0.15686 128.157 -2.5
      vertex 0.629913 128.847 -2.5
    endloop
  endfacet
  facet normal 0 0 -1
    outer loop
      vertex -2.5 5.5 -2.5
      vertex -1.42821 1.5 -2.5
      vertex -1.89104 2.43854 -2.5
    endloop
  endfacet
  facet normal 0 0 -1
    outer loop
      vertex 10.409 117.591 -2.5
      vertex -0.846832 127.37 -2.5
      vertex -0.15686 128.157 -2.5
    endloop
  endfacet
  facet normal 0 0 -1
    outer loop
      vertex -2.5 5.5 -2.5
      vertex -1.89104 2.43854 -2.5
      vertex -2.2274 3.42944 -2.5
    endloop
  endfacet
  facet normal 0 0 -1
    outer loop
      vertex 10.409 117.591 -2.5
      vertex -1.42821 126.5 -2.5
      vertex -0.846832 127.37 -2.5
    endloop
  endfacet
  facet normal 0 0 -1
    outer loop
      vertex -2.5 5.5 -2.5
      vertex -2.2274 3.42944 -2.5
      vertex -2.43156 4.4558 -2.5
    endloop
  endfacet
  facet normal 0 0 -1
    outer loop
      vertex 10.409 117.591 -2.5
      vertex -1.89104 125.561 -2.5
      vertex -1.42821 126.5 -2.5
    endloop
  endfacet
  facet normal 0 0 -1
    outer loop
      vertex 10.409 117.591 -2.5
      vertex -2.2274 124.571 -2.5
      vertex -1.89104 125.561 -2.5
    endloop
  endfacet
  facet normal 0 0 -1
    outer loop
      vertex 10.409 117.591 -2.5
      vertex -2.43156 123.544 -2.5
      vertex -2.2274 124.571 -2.5
    endloop
  endfacet
  facet normal 0 0 -1
    outer loop
      vertex 13.591 114.409 -2.5
      vertex 11.3247 91.9002 -2.5
      vertex 13.3697 114.215 -2.5
    endloop
  endfacet
  facet normal 0 0 -1
    outer loop
      vertex 11.1263 92.1263 -2.5
      vertex 13.3697 114.215 -2.5
      vertex 11.3247 91.9002 -2.5
    endloop
  endfacet
  facet normal 0 0 -1
    outer loop
      vertex 13.3697 114.215 -2.5
      vertex 11.1263 92.1263 -2.5
      vertex 13.125 114.051 -2.5
    endloop
  endfacet
  facet normal 0 0 -1
    outer loop
      vertex 10.9002 92.3247 -2.5
      vertex 13.125 114.051 -2.5
      vertex 11.1263 92.1263 -2.5
    endloop
  endfacet
  facet normal 0 0 -1
    outer loop
      vertex 13.125 114.051 -2.5
      vertex 10.9002 92.3247 -2.5
      vertex 12.861 113.921 -2.5
    endloop
  endfacet
  facet normal 0 0 -1
    outer loop
      vertex 10.65 92.4919 -2.5
      vertex 12.861 113.921 -2.5
      vertex 10.9002 92.3247 -2.5
    endloop
  endfacet
  facet normal 0 0 -1
    outer loop
      vertex 12.861 113.921 -2.5
      vertex 10.65 92.4919 -2.5
      vertex 12.5823 113.827 -2.5
    endloop
  endfacet
  facet normal 0 0 -1
    outer loop
      vertex 10.3802 92.6249 -2.5
      vertex 12.5823 113.827 -2.5
      vertex 10.65 92.4919 -2.5
    endloop
  endfacet
  facet normal 0 0 -1
    outer loop
      vertex 12.5823 113.827 -2.5
      vertex 10.3802 92.6249 -2.5
      vertex 12.2937 113.769 -2.5
    endloop
  endfacet
  facet normal 0 0 -1
    outer loop
      vertex 10.0953 92.7216 -2.5
      vertex 12.2937 113.769 -2.5
      vertex 10.3802 92.6249 -2.5
    endloop
  endfacet
  facet normal 0 0 -1
    outer loop
      vertex 12.2937 113.769 -2.5
      vertex 10.0953 92.7216 -2.5
      vertex 12 113.75 -2.5
    endloop
  endfacet
  facet normal 0 0 -1
    outer loop
      vertex 9.80021 92.7803 -2.5
      vertex 12 113.75 -2.5
      vertex 10.0953 92.7216 -2.5
    endloop
  endfacet
  facet normal -0 0 -1
    outer loop
      vertex 12 113.75 -2.5
      vertex 9.80021 92.7803 -2.5
      vertex 11.7063 113.769 -2.5
    endloop
  endfacet
  facet normal 0 0 -1
    outer loop
      vertex 9.5 92.8 -2.5
      vertex 11.7063 113.769 -2.5
      vertex 9.80021 92.7803 -2.5
    endloop
  endfacet
  facet normal -0 0 -1
    outer loop
      vertex 11.7063 113.769 -2.5
      vertex 9.5 92.8 -2.5
      vertex 11.4177 113.827 -2.5
    endloop
  endfacet
  facet normal 0 0 -1
    outer loop
      vertex 9.19979 92.7803 -2.5
      vertex 11.4177 113.827 -2.5
      vertex 9.5 92.8 -2.5
    endloop
  endfacet
  facet normal -0 0 -1
    outer loop
      vertex 11.4177 113.827 -2.5
      vertex 9.19979 92.7803 -2.5
      vertex 11.139 113.921 -2.5
    endloop
  endfacet
  facet normal 0 0 -1
    outer loop
      vertex 8.90472 92.7216 -2.5
      vertex 11.139 113.921 -2.5
      vertex 9.19979 92.7803 -2.5
    endloop
  endfacet
  facet normal -0 0 -1
    outer loop
      vertex 11.139 113.921 -2.5
      vertex 8.90472 92.7216 -2.5
      vertex 10.875 114.051 -2.5
    endloop
  endfacet
  facet normal 0 0 -1
    outer loop
      vertex 8.61983 92.6249 -2.5
      vertex 10.875 114.051 -2.5
      vertex 8.90472 92.7216 -2.5
    endloop
  endfacet
  facet normal -0 0 -1
    outer loop
      vertex 10.875 114.051 -2.5
      vertex 8.61983 92.6249 -2.5
      vertex 10.6303 114.215 -2.5
    endloop
  endfacet
  facet normal 0 0 -1
    outer loop
      vertex 8.35 92.4919 -2.5
      vertex 10.6303 114.215 -2.5
      vertex 8.61983 92.6249 -2.5
    endloop
  endfacet
  facet normal -0 0 -1
    outer loop
      vertex 10.6303 114.215 -2.5
      vertex 8.35 92.4919 -2.5
      vertex 10.409 114.409 -2.5
    endloop
  endfacet
  facet normal 0 0 -1
    outer loop
      vertex 8.09985 92.3247 -2.5
      vertex 10.409 114.409 -2.5
      vertex 8.35 92.4919 -2.5
    endloop
  endfacet
  facet normal -0 0 -1
    outer loop
      vertex 10.409 114.409 -2.5
      vertex 8.09985 92.3247 -2.5
      vertex 10.215 114.63 -2.5
    endloop
  endfacet
  facet normal -0.751844 -0.659341 0
    outer loop
      vertex -0.15686 -0.15686 -2.5
      vertex -0.846832 0.629913 36
      vertex -0.846832 0.629913 -2.5
    endloop
  endfacet
  facet normal -0.751844 -0.659341 0
    outer loop
      vertex -0.846832 0.629913 36
      vertex -0.15686 -0.15686 -2.5
      vertex -0.15686 -0.15686 36
    endloop
  endfacet
  facet normal -0.997858 0.0654151 0
    outer loop
      vertex -2.5 122.5 -2.5
      vertex -2.43156 123.544 36
      vertex -2.43156 123.544 -2.5
    endloop
  endfacet
  facet normal -0.997858 0.0654151 0
    outer loop
      vertex -2.43156 123.544 36
      vertex -2.5 122.5 -2.5
      vertex -2.5 122.5 36
    endloop
  endfacet
  facet normal 0.442429 0.896803 -0
    outer loop
      vertex 94.5 129.428 -2.5
      vertex 93.5615 129.891 36
      vertex 94.5 129.428 36
    endloop
  endfacet
  facet normal 0.442429 0.896803 0
    outer loop
      vertex 93.5615 129.891 36
      vertex 94.5 129.428 -2.5
      vertex 93.5615 129.891 -2.5
    endloop
  endfacet
  facet normal 0.195859 0.980632 -0
    outer loop
      vertex 92.5706 130.227 -2.5
      vertex 91.5442 130.432 36
      vertex 92.5706 130.227 36
    endloop
  endfacet
  facet normal 0.195859 0.980632 0
    outer loop
      vertex 91.5442 130.432 36
      vertex 92.5706 130.227 -2.5
      vertex 91.5442 130.432 -2.5
    endloop
  endfacet
  facet normal 0.659328 -0.751855 0
    outer loop
      vertex 95.3701 -0.846832 -2.5
      vertex 96.1569 -0.15686 36
      vertex 95.3701 -0.846832 36
    endloop
  endfacet
  facet normal 0.659328 -0.751855 0
    outer loop
      vertex 96.1569 -0.15686 36
      vertex 95.3701 -0.846832 -2.5
      vertex 96.1569 -0.15686 -2.5
    endloop
  endfacet
  facet normal -0.064984 0.997886 0
    outer loop
      vertex 5.5 130.5 -2.5
      vertex 4.4558 130.432 36
      vertex 5.5 130.5 36
    endloop
  endfacet
  facet normal -0.064984 0.997886 0
    outer loop
      vertex 4.4558 130.432 36
      vertex 5.5 130.5 -2.5
      vertex 4.4558 130.432 -2.5
    endloop
  endfacet
  facet normal -0.195094 -0.980784 0
    outer loop
      vertex 3.42944 -2.2274 -2.5
      vertex 4.4558 -2.43156 36
      vertex 3.42944 -2.2274 36
    endloop
  endfacet
  facet normal -0.195094 -0.980784 -0
    outer loop
      vertex 4.4558 -2.43156 36
      vertex 3.42944 -2.2274 -2.5
      vertex 4.4558 -2.43156 -2.5
    endloop
  endfacet
  facet normal 0.94692 -0.321469 0
    outer loop
      vertex 97.891 2.43854 36
      vertex 98.2274 3.42944 -2.5
      vertex 98.2274 3.42944 36
    endloop
  endfacet
  facet normal 0.94692 -0.321469 0
    outer loop
      vertex 98.2274 3.42944 -2.5
      vertex 97.891 2.43854 36
      vertex 97.891 2.43854 -2.5
    endloop
  endfacet
  facet normal -0.896961 0.442109 0
    outer loop
      vertex -1.89104 125.561 -2.5
      vertex -1.42821 126.5 36
      vertex -1.42821 126.5 -2.5
    endloop
  endfacet
  facet normal -0.896961 0.442109 0
    outer loop
      vertex -1.42821 126.5 36
      vertex -1.89104 125.561 -2.5
      vertex -1.89104 125.561 36
    endloop
  endfacet
  facet normal -0.555323 0.831635 0
    outer loop
      vertex 1.5 129.428 -2.5
      vertex 0.629913 128.847 36
      vertex 1.5 129.428 36
    endloop
  endfacet
  facet normal -0.555323 0.831635 0
    outer loop
      vertex 0.629913 128.847 36
      vertex 1.5 129.428 -2.5
      vertex 0.629913 128.847 -2.5
    endloop
  endfacet
  facet normal -0.946843 0.321697 0
    outer loop
      vertex -2.2274 124.571 -2.5
      vertex -1.89104 125.561 36
      vertex -1.89104 125.561 -2.5
    endloop
  endfacet
  facet normal -0.946843 0.321697 0
    outer loop
      vertex -1.89104 125.561 36
      vertex -2.2274 124.571 -2.5
      vertex -2.2274 124.571 36
    endloop
  endfacet
  facet normal 0.9808 0.195014 0
    outer loop
      vertex 98.4316 123.544 36
      vertex 98.2274 124.571 -2.5
      vertex 98.2274 124.571 36
    endloop
  endfacet
  facet normal 0.9808 0.195014 0
    outer loop
      vertex 98.2274 124.571 -2.5
      vertex 98.4316 123.544 36
      vertex 98.4316 123.544 -2.5
    endloop
  endfacet
  facet normal -0.659341 -0.751844 0
    outer loop
      vertex -0.15686 -0.15686 -2.5
      vertex 0.629913 -0.846832 36
      vertex -0.15686 -0.15686 36
    endloop
  endfacet
  facet normal -0.659341 -0.751844 -0
    outer loop
      vertex 0.629913 -0.846832 36
      vertex -0.15686 -0.15686 -2.5
      vertex 0.629913 -0.846832 -2.5
    endloop
  endfacet
  facet normal -0.0654027 -0.997859 0
    outer loop
      vertex 4.4558 -2.43156 -2.5
      vertex 5.5 -2.5 36
      vertex 4.4558 -2.43156 36
    endloop
  endfacet
  facet normal -0.0654027 -0.997859 -0
    outer loop
      vertex 5.5 -2.5 36
      vertex 4.4558 -2.43156 -2.5
      vertex 5.5 -2.5 -2.5
    endloop
  endfacet
  facet normal -0.555573 -0.831468 0
    outer loop
      vertex 0.629913 -0.846832 -2.5
      vertex 1.5 -1.42821 36
      vertex 0.629913 -0.846832 36
    endloop
  endfacet
  facet normal -0.555573 -0.831468 -0
    outer loop
      vertex 1.5 -1.42821 36
      vertex 0.629913 -0.846832 -2.5
      vertex 1.5 -1.42821 -2.5
    endloop
  endfacet
  facet normal -0.442414 0.896811 0
    outer loop
      vertex 2.43854 129.891 -2.5
      vertex 1.5 129.428 36
      vertex 2.43854 129.891 36
    endloop
  endfacet
  facet normal -0.442414 0.896811 0
    outer loop
      vertex 1.5 129.428 36
      vertex 2.43854 129.891 -2.5
      vertex 1.5 129.428 -2.5
    endloop
  endfacet
  facet normal -0.442284 -0.896875 0
    outer loop
      vertex 1.5 -1.42821 -2.5
      vertex 2.43854 -1.89104 36
      vertex 1.5 -1.42821 36
    endloop
  endfacet
  facet normal -0.442284 -0.896875 -0
    outer loop
      vertex 2.43854 -1.89104 36
      vertex 1.5 -1.42821 -2.5
      vertex 2.43854 -1.89104 -2.5
    endloop
  endfacet
  facet normal -0.896875 -0.442284 0
    outer loop
      vertex -1.42821 1.5 -2.5
      vertex -1.89104 2.43854 36
      vertex -1.89104 2.43854 -2.5
    endloop
  endfacet
  facet normal -0.896875 -0.442284 0
    outer loop
      vertex -1.89104 2.43854 36
      vertex -1.42821 1.5 -2.5
      vertex -1.42821 1.5 36
    endloop
  endfacet
  facet normal 0.751973 0.659194 0
    outer loop
      vertex 96.8468 127.37 36
      vertex 96.1569 128.157 -2.5
      vertex 96.1569 128.157 36
    endloop
  endfacet
  facet normal 0.751973 0.659194 0
    outer loop
      vertex 96.1569 128.157 -2.5
      vertex 96.8468 127.37 36
      vertex 96.8468 127.37 -2.5
    endloop
  endfacet
  facet normal -0.321435 -0.946932 0
    outer loop
      vertex 2.43854 -1.89104 -2.5
      vertex 3.42944 -2.2274 36
      vertex 2.43854 -1.89104 36
    endloop
  endfacet
  facet normal -0.321435 -0.946932 -0
    outer loop
      vertex 3.42944 -2.2274 36
      vertex 2.43854 -1.89104 -2.5
      vertex 3.42944 -2.2274 -2.5
    endloop
  endfacet
  facet normal 0.831432 0.555626 0
    outer loop
      vertex 97.4282 126.5 36
      vertex 96.8468 127.37 -2.5
      vertex 96.8468 127.37 36
    endloop
  endfacet
  facet normal 0.831432 0.555626 0
    outer loop
      vertex 96.8468 127.37 -2.5
      vertex 97.4282 126.5 36
      vertex 97.4282 126.5 -2.5
    endloop
  endfacet
  facet normal 0.659343 0.751842 -0
    outer loop
      vertex 96.1569 128.157 -2.5
      vertex 95.3701 128.847 36
      vertex 96.1569 128.157 36
    endloop
  endfacet
  facet normal 0.659343 0.751842 0
    outer loop
      vertex 95.3701 128.847 36
      vertex 96.1569 128.157 -2.5
      vertex 95.3701 128.847 -2.5
    endloop
  endfacet
  facet normal -0.946932 -0.321435 0
    outer loop
      vertex -1.89104 2.43854 -2.5
      vertex -2.2274 3.42944 36
      vertex -2.2274 3.42944 -2.5
    endloop
  endfacet
  facet normal -0.946932 -0.321435 0
    outer loop
      vertex -2.2274 3.42944 36
      vertex -1.89104 2.43854 -2.5
      vertex -1.89104 2.43854 36
    endloop
  endfacet
  facet normal -0.831442 0.555612 0
    outer loop
      vertex -1.42821 126.5 -2.5
      vertex -0.846832 127.37 36
      vertex -0.846832 127.37 -2.5
    endloop
  endfacet
  facet normal -0.831442 0.555612 0
    outer loop
      vertex -0.846832 127.37 36
      vertex -1.42821 126.5 -2.5
      vertex -1.42821 126.5 36
    endloop
  endfacet
  facet normal 0.321435 -0.946932 0
    outer loop
      vertex 92.5706 -2.2274 -2.5
      vertex 93.5615 -1.89104 36
      vertex 92.5706 -2.2274 36
    endloop
  endfacet
  facet normal 0.321435 -0.946932 0
    outer loop
      vertex 93.5615 -1.89104 36
      vertex 92.5706 -2.2274 -2.5
      vertex 93.5615 -1.89104 -2.5
    endloop
  endfacet
  facet normal -0.659356 0.751831 0
    outer loop
      vertex 0.629913 128.847 -2.5
      vertex -0.15686 128.157 36
      vertex 0.629913 128.847 36
    endloop
  endfacet
  facet normal -0.659356 0.751831 0
    outer loop
      vertex -0.15686 128.157 36
      vertex 0.629913 128.847 -2.5
      vertex -0.15686 128.157 -2.5
    endloop
  endfacet
  facet normal -0.831468 -0.555573 0
    outer loop
      vertex -0.846832 0.629913 -2.5
      vertex -1.42821 1.5 36
      vertex -1.42821 1.5 -2.5
    endloop
  endfacet
  facet normal -0.831468 -0.555573 0
    outer loop
      vertex -1.42821 1.5 36
      vertex -0.846832 0.629913 -2.5
      vertex -0.846832 0.629913 36
    endloop
  endfacet
  facet normal -0.321126 0.947036 0
    outer loop
      vertex 3.42944 130.227 -2.5
      vertex 2.43854 129.891 36
      vertex 3.42944 130.227 36
    endloop
  endfacet
  facet normal -0.321126 0.947036 0
    outer loop
      vertex 2.43854 129.891 36
      vertex 3.42944 130.227 -2.5
      vertex 2.43854 129.891 -2.5
    endloop
  endfacet
  facet normal 0.997861 -0.0653646 0
    outer loop
      vertex 98.4316 4.4558 36
      vertex 98.5 5.5 -2.5
      vertex 98.5 5.5 36
    endloop
  endfacet
  facet normal 0.997861 -0.0653646 0
    outer loop
      vertex 98.5 5.5 -2.5
      vertex 98.4316 4.4558 36
      vertex 98.4316 4.4558 -2.5
    endloop
  endfacet
  facet normal -0.980784 -0.195094 0
    outer loop
      vertex -2.2274 3.42944 -2.5
      vertex -2.43156 4.4558 36
      vertex -2.43156 4.4558 -2.5
    endloop
  endfacet
  facet normal -0.980784 -0.195094 0
    outer loop
      vertex -2.43156 4.4558 36
      vertex -2.2274 3.42944 -2.5
      vertex -2.2274 3.42944 36
    endloop
  endfacet
  facet normal 0.980777 -0.195131 0
    outer loop
      vertex 98.2274 3.42944 36
      vertex 98.4316 4.4558 -2.5
      vertex 98.4316 4.4558 36
    endloop
  endfacet
  facet normal 0.980777 -0.195131 0
    outer loop
      vertex 98.4316 4.4558 -2.5
      vertex 98.2274 3.42944 36
      vertex 98.2274 3.42944 -2.5
    endloop
  endfacet
  facet normal 0.321126 0.947036 -0
    outer loop
      vertex 93.5615 129.891 -2.5
      vertex 92.5706 130.227 36
      vertex 93.5615 129.891 36
    endloop
  endfacet
  facet normal 0.321126 0.947036 0
    outer loop
      vertex 92.5706 130.227 36
      vertex 93.5615 129.891 -2.5
      vertex 92.5706 130.227 -2.5
    endloop
  endfacet
  facet normal 0.831458 -0.555588 0
    outer loop
      vertex 96.8468 0.629913 36
      vertex 97.4282 1.5 -2.5
      vertex 97.4282 1.5 36
    endloop
  endfacet
  facet normal 0.831458 -0.555588 0
    outer loop
      vertex 97.4282 1.5 -2.5
      vertex 96.8468 0.629913 36
      vertex 96.8468 0.629913 -2.5
    endloop
  endfacet
  facet normal 0.442299 -0.896868 0
    outer loop
      vertex 93.5615 -1.89104 -2.5
      vertex 94.5 -1.42821 36
      vertex 93.5615 -1.89104 36
    endloop
  endfacet
  facet normal 0.442299 -0.896868 0
    outer loop
      vertex 94.5 -1.42821 36
      vertex 93.5615 -1.89104 -2.5
      vertex 94.5 -1.42821 -2.5
    endloop
  endfacet
  facet normal 0.195087 -0.980786 0
    outer loop
      vertex 91.5442 -2.43156 -2.5
      vertex 92.5706 -2.2274 36
      vertex 91.5442 -2.43156 36
    endloop
  endfacet
  facet normal 0.195087 -0.980786 0
    outer loop
      vertex 92.5706 -2.2274 36
      vertex 91.5442 -2.43156 -2.5
      vertex 92.5706 -2.2274 -2.5
    endloop
  endfacet
  facet normal 0.064984 0.997886 -0
    outer loop
      vertex 91.5442 130.432 -2.5
      vertex 90.5 130.5 36
      vertex 91.5442 130.432 36
    endloop
  endfacet
  facet normal 0.064984 0.997886 0
    outer loop
      vertex 90.5 130.5 36
      vertex 91.5442 130.432 -2.5
      vertex 90.5 130.5 -2.5
    endloop
  endfacet
  facet normal 0.555567 -0.831471 0
    outer loop
      vertex 94.5 -1.42821 -2.5
      vertex 95.3701 -0.846832 36
      vertex 94.5 -1.42821 36
    endloop
  endfacet
  facet normal 0.555567 -0.831471 0
    outer loop
      vertex 95.3701 -0.846832 36
      vertex 94.5 -1.42821 -2.5
      vertex 95.3701 -0.846832 -2.5
    endloop
  endfacet
  facet normal 0.896973 0.442086 0
    outer loop
      vertex 97.891 125.561 36
      vertex 97.4282 126.5 -2.5
      vertex 97.4282 126.5 36
    endloop
  endfacet
  facet normal 0.896973 0.442086 0
    outer loop
      vertex 97.4282 126.5 -2.5
      vertex 97.891 125.561 36
      vertex 97.891 125.561 -2.5
    endloop
  endfacet
  facet normal 0.896887 -0.44226 0
    outer loop
      vertex 97.4282 1.5 36
      vertex 97.891 2.43854 -2.5
      vertex 97.891 2.43854 36
    endloop
  endfacet
  facet normal 0.896887 -0.44226 0
    outer loop
      vertex 97.891 2.43854 -2.5
      vertex 97.4282 1.5 36
      vertex 97.4282 1.5 -2.5
    endloop
  endfacet
  facet normal 0 0 1
    outer loop
      vertex 7 128 36
      vertex 4.78888 124.67 36
      vertex 4.8 124.5 36
    endloop
  endfacet
  facet normal 0 0 1
    outer loop
      vertex 7 128 36
      vertex 4.7557 124.836 36
      vertex 4.78888 124.67 36
    endloop
  endfacet
  facet normal 0 0 1
    outer loop
      vertex 7 128 36
      vertex 4.70104 124.997 36
      vertex 4.7557 124.836 36
    endloop
  endfacet
  facet normal 0 0 1
    outer loop
      vertex 7 128 36
      vertex 4.62583 125.15 36
      vertex 4.70104 124.997 36
    endloop
  endfacet
  facet normal 0 0 1
    outer loop
      vertex 7 128 36
      vertex 4.53136 125.291 36
      vertex 4.62583 125.15 36
    endloop
  endfacet
  facet normal 0 0 1
    outer loop
      vertex 3.83646 125.756 36
      vertex 7 128 36
      vertex 4.4558 130.432 36
    endloop
  endfacet
  facet normal 0 0 1
    outer loop
      vertex 7 128 36
      vertex 4.41924 125.419 36
      vertex 4.53136 125.291 36
    endloop
  endfacet
  facet normal 0 0 1
    outer loop
      vertex 7 128 36
      vertex 4.29139 125.531 36
      vertex 4.41924 125.419 36
    endloop
  endfacet
  facet normal 0 0 1
    outer loop
      vertex 7 128 36
      vertex 4.15 125.626 36
      vertex 4.29139 125.531 36
    endloop
  endfacet
  facet normal 0 0 1
    outer loop
      vertex 7 128 36
      vertex 3.99749 125.701 36
      vertex 4.15 125.626 36
    endloop
  endfacet
  facet normal 0 0 1
    outer loop
      vertex 7 128 36
      vertex 3.83646 125.756 36
      vertex 3.99749 125.701 36
    endloop
  endfacet
  facet normal -0 0 1
    outer loop
      vertex 3.42944 130.227 36
      vertex 3.83646 125.756 36
      vertex 4.4558 130.432 36
    endloop
  endfacet
  facet normal 0 0 1
    outer loop
      vertex 3.83646 125.756 36
      vertex 3.42944 130.227 36
      vertex 3.66968 125.789 36
    endloop
  endfacet
  facet normal 0 0 1
    outer loop
      vertex 3.66968 125.789 36
      vertex 3.42944 130.227 36
      vertex 3.5 125.8 36
    endloop
  endfacet
  facet normal -0 0 1
    outer loop
      vertex 2.43854 129.891 36
      vertex 3.5 125.8 36
      vertex 3.42944 130.227 36
    endloop
  endfacet
  facet normal 0 0 1
    outer loop
      vertex 3.5 125.8 36
      vertex 2.43854 129.891 36
      vertex 3.33032 125.789 36
    endloop
  endfacet
  facet normal -0 0 1
    outer loop
      vertex 1.5 129.428 36
      vertex 3.33032 125.789 36
      vertex 2.43854 129.891 36
    endloop
  endfacet
  facet normal 0 0 1
    outer loop
      vertex 3.33032 125.789 36
      vertex 1.5 129.428 36
      vertex 3.16354 125.756 36
    endloop
  endfacet
  facet normal 0 0 1
    outer loop
      vertex 3.16354 125.756 36
      vertex 1.5 129.428 36
      vertex 3.00251 125.701 36
    endloop
  endfacet
  facet normal -0 0 1
    outer loop
      vertex 0.629913 128.847 36
      vertex 3.00251 125.701 36
      vertex 1.5 129.428 36
    endloop
  endfacet
  facet normal 0 0 1
    outer loop
      vertex 3.00251 125.701 36
      vertex 0.629913 128.847 36
      vertex 2.85 125.626 36
    endloop
  endfacet
  facet normal 0 0 1
    outer loop
      vertex 2.85 125.626 36
      vertex 0.629913 128.847 36
      vertex 2.70861 125.531 36
    endloop
  endfacet
  facet normal -0 0 1
    outer loop
      vertex -0.15686 128.157 36
      vertex 2.70861 125.531 36
      vertex 0.629913 128.847 36
    endloop
  endfacet
  facet normal 0 0 1
    outer loop
      vertex 2.70861 125.531 36
      vertex -0.15686 128.157 36
      vertex 2.58076 125.419 36
    endloop
  endfacet
  facet normal 0 0 1
    outer loop
      vertex 2.58076 125.419 36
      vertex -0.15686 128.157 36
      vertex 2.46864 125.291 36
    endloop
  endfacet
  facet normal -0 0 1
    outer loop
      vertex -0.846832 127.37 36
      vertex 2.46864 125.291 36
      vertex -0.15686 128.157 36
    endloop
  endfacet
  facet normal 0 0 1
    outer loop
      vertex 2.46864 125.291 36
      vertex -0.846832 127.37 36
      vertex 2.37417 125.15 36
    endloop
  endfacet
  facet normal 0 0 1
    outer loop
      vertex 2.37417 125.15 36
      vertex -0.846832 127.37 36
      vertex 2.29896 124.997 36
    endloop
  endfacet
  facet normal -0 0 1
    outer loop
      vertex 4.8 3.5 36
      vertex 7 0 36
      vertex 7 7 36
    endloop
  endfacet
  facet normal 0 0 1
    outer loop
      vertex 7 0 36
      vertex 4.8 3.5 36
      vertex 4.78888 3.33032 36
    endloop
  endfacet
  facet normal 0 0 1
    outer loop
      vertex 7 7 36
      vertex 4.78888 3.66968 36
      vertex 4.8 3.5 36
    endloop
  endfacet
  facet normal 0 0 1
    outer loop
      vertex 7 7 36
      vertex 4.7557 3.83646 36
      vertex 4.78888 3.66968 36
    endloop
  endfacet
  facet normal 0 0 1
    outer loop
      vertex 7 7 36
      vertex 4.70104 3.99749 36
      vertex 4.7557 3.83646 36
    endloop
  endfacet
  facet normal 0 0 1
    outer loop
      vertex 7 7 36
      vertex 4.62583 4.15 36
      vertex 4.70104 3.99749 36
    endloop
  endfacet
  facet normal 0 0 1
    outer loop
      vertex 7 7 36
      vertex 4.53136 4.29139 36
      vertex 4.62583 4.15 36
    endloop
  endfacet
  facet normal 0 0 1
    outer loop
      vertex 7 7 36
      vertex 4.41924 4.41924 36
      vertex 4.53136 4.29139 36
    endloop
  endfacet
  facet normal 0 0 1
    outer loop
      vertex 7 7 36
      vertex 4.29139 4.53136 36
      vertex 4.41924 4.41924 36
    endloop
  endfacet
  facet normal 0 0 1
    outer loop
      vertex 7 7 36
      vertex 4.15 4.62583 36
      vertex 4.29139 4.53136 36
    endloop
  endfacet
  facet normal 0 0 1
    outer loop
      vertex 7 7 36
      vertex 3.99749 4.70104 36
      vertex 4.15 4.62583 36
    endloop
  endfacet
  facet normal 0 0 1
    outer loop
      vertex 7 7 36
      vertex 3.83646 4.7557 36
      vertex 3.99749 4.70104 36
    endloop
  endfacet
  facet normal 0 0 1
    outer loop
      vertex 7 7 36
      vertex 3.66968 4.78888 36
      vertex 3.83646 4.7557 36
    endloop
  endfacet
  facet normal 0 0 1
    outer loop
      vertex 7 7 36
      vertex 3.5 4.8 36
      vertex 3.66968 4.78888 36
    endloop
  endfacet
  facet normal -0 0 1
    outer loop
      vertex 0 7 36
      vertex 3.5 4.8 36
      vertex 7 7 36
    endloop
  endfacet
  facet normal 0 0 1
    outer loop
      vertex 3.5 4.8 36
      vertex 0 7 36
      vertex 3.33032 4.78888 36
    endloop
  endfacet
  facet normal 0 0 1
    outer loop
      vertex 3.33032 4.78888 36
      vertex 0 7 36
      vertex 3.16354 4.7557 36
    endloop
  endfacet
  facet normal 0 0 1
    outer loop
      vertex 3.16354 4.7557 36
      vertex 0 7 36
      vertex 3.00251 4.70104 36
    endloop
  endfacet
  facet normal 0 0 1
    outer loop
      vertex -2.2274 3.42944 36
      vertex 2.2 3.5 36
      vertex 2.21112 3.66968 36
    endloop
  endfacet
  facet normal 0 0 1
    outer loop
      vertex 2.2 3.5 36
      vertex 0.629913 -0.846832 36
      vertex 1.5 -1.42821 36
    endloop
  endfacet
  facet normal 0 0 1
    outer loop
      vertex -2.2274 3.42944 36
      vertex 2.21112 3.66968 36
      vertex 2.2443 3.83646 36
    endloop
  endfacet
  facet normal 0 0 1
    outer loop
      vertex 0 7 36
      vertex 2.2443 3.83646 36
      vertex 2.29896 3.99749 36
    endloop
  endfacet
  facet normal 0 0 1
    outer loop
      vertex 3.00251 4.70104 36
      vertex 0 7 36
      vertex 2.85 4.62583 36
    endloop
  endfacet
  facet normal 0 0 1
    outer loop
      vertex 0 7 36
      vertex 2.70861 4.53136 36
      vertex 2.85 4.62583 36
    endloop
  endfacet
  facet normal 0 0 1
    outer loop
      vertex 0 7 36
      vertex 2.58076 4.41924 36
      vertex 2.70861 4.53136 36
    endloop
  endfacet
  facet normal 0 0 1
    outer loop
      vertex 0 7 36
      vertex 2.46864 4.29139 36
      vertex 2.58076 4.41924 36
    endloop
  endfacet
  facet normal 0 0 1
    outer loop
      vertex 0 7 36
      vertex 2.37417 4.15 36
      vertex 2.46864 4.29139 36
    endloop
  endfacet
  facet normal 0 0 1
    outer loop
      vertex 0 7 36
      vertex 2.29896 3.99749 36
      vertex 2.37417 4.15 36
    endloop
  endfacet
  facet normal 0 0 1
    outer loop
      vertex 2.2443 3.83646 36
      vertex 0 7 36
      vertex -2.43156 4.4558 36
    endloop
  endfacet
  facet normal 0 0 1
    outer loop
      vertex 2.2 3.5 36
      vertex -0.15686 -0.15686 36
      vertex 0.629913 -0.846832 36
    endloop
  endfacet
  facet normal 0 0 1
    outer loop
      vertex 0 121 36
      vertex -2.5 122.5 36
      vertex 0 7 36
    endloop
  endfacet
  facet normal 0 0 1
    outer loop
      vertex 2.2443 124.836 36
      vertex -1.42821 126.5 36
      vertex 2.21112 124.67 36
    endloop
  endfacet
  facet normal 0 0 1
    outer loop
      vertex -2.5 5.5 36
      vertex 0 7 36
      vertex -2.5 122.5 36
    endloop
  endfacet
  facet normal -0 0 1
    outer loop
      vertex -1.89104 125.561 36
      vertex 2.21112 124.67 36
      vertex -1.42821 126.5 36
    endloop
  endfacet
  facet normal 0 -0 1
    outer loop
      vertex -2.43156 4.4558 36
      vertex 0 7 36
      vertex -2.5 5.5 36
    endloop
  endfacet
  facet normal 0 0 1
    outer loop
      vertex -2.2274 124.571 36
      vertex 2.21112 124.67 36
      vertex -1.89104 125.561 36
    endloop
  endfacet
  facet normal 0 0 1
    outer loop
      vertex 2.2 3.5 36
      vertex -0.846832 0.629913 36
      vertex -0.15686 -0.15686 36
    endloop
  endfacet
  facet normal 0 0 1
    outer loop
      vertex -2.43156 123.544 36
      vertex 2.21112 124.67 36
      vertex -2.2274 124.571 36
    endloop
  endfacet
  facet normal 0 0 1
    outer loop
      vertex 2.2 3.5 36
      vertex -1.42821 1.5 36
      vertex -0.846832 0.629913 36
    endloop
  endfacet
  facet normal 0 0 1
    outer loop
      vertex 2.21112 124.67 36
      vertex -2.43156 123.544 36
      vertex -2.5 122.5 36
    endloop
  endfacet
  facet normal 0 0 1
    outer loop
      vertex 2.2 3.5 36
      vertex -1.89104 2.43854 36
      vertex -1.42821 1.5 36
    endloop
  endfacet
  facet normal 0 0 1
    outer loop
      vertex 2.2 3.5 36
      vertex -2.2274 3.42944 36
      vertex -1.89104 2.43854 36
    endloop
  endfacet
  facet normal 0 0 1
    outer loop
      vertex 2.2443 3.83646 36
      vertex -2.43156 4.4558 36
      vertex -2.2274 3.42944 36
    endloop
  endfacet
  facet normal 0 0 1
    outer loop
      vertex 90.5 130.5 36
      vertex 7 128 36
      vertex 89 128 36
    endloop
  endfacet
  facet normal -0 0 1
    outer loop
      vertex 5.5 130.5 36
      vertex 7 128 36
      vertex 90.5 130.5 36
    endloop
  endfacet
  facet normal -0 0 1
    outer loop
      vertex 4.4558 130.432 36
      vertex 7 128 36
      vertex 5.5 130.5 36
    endloop
  endfacet
  facet normal 0 0 1
    outer loop
      vertex 7 128 36
      vertex 4.8 124.5 36
      vertex 7 121 36
    endloop
  endfacet
  facet normal -0 0 1
    outer loop
      vertex 4.78888 124.33 36
      vertex 7 121 36
      vertex 4.8 124.5 36
    endloop
  endfacet
  facet normal -0 0 1
    outer loop
      vertex 4.7557 124.164 36
      vertex 7 121 36
      vertex 4.78888 124.33 36
    endloop
  endfacet
  facet normal -0 0 1
    outer loop
      vertex 4.70104 124.003 36
      vertex 7 121 36
      vertex 4.7557 124.164 36
    endloop
  endfacet
  facet normal -0 0 1
    outer loop
      vertex 4.62583 123.85 36
      vertex 7 121 36
      vertex 4.70104 124.003 36
    endloop
  endfacet
  facet normal -0 0 1
    outer loop
      vertex 4.53136 123.709 36
      vertex 7 121 36
      vertex 4.62583 123.85 36
    endloop
  endfacet
  facet normal -0 0 1
    outer loop
      vertex 4.41924 123.581 36
      vertex 7 121 36
      vertex 4.53136 123.709 36
    endloop
  endfacet
  facet normal -0 0 1
    outer loop
      vertex 4.29139 123.469 36
      vertex 7 121 36
      vertex 4.41924 123.581 36
    endloop
  endfacet
  facet normal -0 0 1
    outer loop
      vertex 4.15 123.374 36
      vertex 7 121 36
      vertex 4.29139 123.469 36
    endloop
  endfacet
  facet normal -0 0 1
    outer loop
      vertex 3.99749 123.299 36
      vertex 7 121 36
      vertex 4.15 123.374 36
    endloop
  endfacet
  facet normal -0 0 1
    outer loop
      vertex 3.83646 123.244 36
      vertex 7 121 36
      vertex 3.99749 123.299 36
    endloop
  endfacet
  facet normal -0 0 1
    outer loop
      vertex 3.66968 123.211 36
      vertex 7 121 36
      vertex 3.83646 123.244 36
    endloop
  endfacet
  facet normal -0 0 1
    outer loop
      vertex 3.5 123.2 36
      vertex 7 121 36
      vertex 3.66968 123.211 36
    endloop
  endfacet
  facet normal 0 0 1
    outer loop
      vertex 0 121 36
      vertex 3.5 123.2 36
      vertex 3.33032 123.211 36
    endloop
  endfacet
  facet normal 0 0 1
    outer loop
      vertex 0 121 36
      vertex 3.33032 123.211 36
      vertex 3.16354 123.244 36
    endloop
  endfacet
  facet normal 0 0 1
    outer loop
      vertex 0 121 36
      vertex 3.16354 123.244 36
      vertex 3.00251 123.299 36
    endloop
  endfacet
  facet normal 0 0 1
    outer loop
      vertex 0 121 36
      vertex 3.00251 123.299 36
      vertex 2.85 123.374 36
    endloop
  endfacet
  facet normal -0 0 1
    outer loop
      vertex -1.42821 126.5 36
      vertex 2.29896 124.997 36
      vertex -0.846832 127.37 36
    endloop
  endfacet
  facet normal 0 0 1
    outer loop
      vertex 2.29896 124.997 36
      vertex -1.42821 126.5 36
      vertex 2.2443 124.836 36
    endloop
  endfacet
  facet normal 0 0 1
    outer loop
      vertex 2.21112 124.67 36
      vertex -2.5 122.5 36
      vertex 2.2 124.5 36
    endloop
  endfacet
  facet normal 0 0 1
    outer loop
      vertex -2.5 122.5 36
      vertex 2.21112 124.33 36
      vertex 2.2 124.5 36
    endloop
  endfacet
  facet normal 0 0 1
    outer loop
      vertex 3.5 123.2 36
      vertex 0 121 36
      vertex 7 121 36
    endloop
  endfacet
  facet normal 0 0 1
    outer loop
      vertex 2.70861 123.469 36
      vertex 0 121 36
      vertex 2.85 123.374 36
    endloop
  endfacet
  facet normal 0 0 1
    outer loop
      vertex 2.58076 123.581 36
      vertex 0 121 36
      vertex 2.70861 123.469 36
    endloop
  endfacet
  facet normal 0 0 1
    outer loop
      vertex 2.46864 123.709 36
      vertex 0 121 36
      vertex 2.58076 123.581 36
    endloop
  endfacet
  facet normal 0 0 1
    outer loop
      vertex 2.37417 123.85 36
      vertex 0 121 36
      vertex 2.46864 123.709 36
    endloop
  endfacet
  facet normal 0 0 1
    outer loop
      vertex 2.29896 124.003 36
      vertex 0 121 36
      vertex 2.37417 123.85 36
    endloop
  endfacet
  facet normal 0 0 1
    outer loop
      vertex -2.5 122.5 36
      vertex 2.2443 124.164 36
      vertex 2.21112 124.33 36
    endloop
  endfacet
  facet normal 0 0 1
    outer loop
      vertex 2.2443 124.164 36
      vertex -2.5 122.5 36
      vertex 0 121 36
    endloop
  endfacet
  facet normal 0 0 1
    outer loop
      vertex 2.2443 124.164 36
      vertex 0 121 36
      vertex 2.29896 124.003 36
    endloop
  endfacet
  facet normal 0 0 1
    outer loop
      vertex 7 0 36
      vertex 4.78888 3.33032 36
      vertex 4.7557 3.16354 36
    endloop
  endfacet
  facet normal -0 0 1
    outer loop
      vertex 4.70104 3.00251 36
      vertex 7 0 36
      vertex 4.7557 3.16354 36
    endloop
  endfacet
  facet normal -0 0 1
    outer loop
      vertex 4.62583 2.85 36
      vertex 7 0 36
      vertex 4.70104 3.00251 36
    endloop
  endfacet
  facet normal -0 0 1
    outer loop
      vertex 4.53136 2.70861 36
      vertex 7 0 36
      vertex 4.62583 2.85 36
    endloop
  endfacet
  facet normal -0 0 1
    outer loop
      vertex 4.41924 2.58076 36
      vertex 7 0 36
      vertex 4.53136 2.70861 36
    endloop
  endfacet
  facet normal -0 0 1
    outer loop
      vertex 4.29139 2.46864 36
      vertex 7 0 36
      vertex 4.41924 2.58076 36
    endloop
  endfacet
  facet normal -0 0 1
    outer loop
      vertex 4.15 2.37417 36
      vertex 7 0 36
      vertex 4.29139 2.46864 36
    endloop
  endfacet
  facet normal -0 0 1
    outer loop
      vertex 3.99749 2.29896 36
      vertex 7 0 36
      vertex 4.15 2.37417 36
    endloop
  endfacet
  facet normal -0 0 1
    outer loop
      vertex 3.83646 2.2443 36
      vertex 7 0 36
      vertex 3.99749 2.29896 36
    endloop
  endfacet
  facet normal 0 0 1
    outer loop
      vertex 7 0 36
      vertex 4.4558 -2.43156 36
      vertex 5.5 -2.5 36
    endloop
  endfacet
  facet normal 0 0 1
    outer loop
      vertex 7 0 36
      vertex 3.83646 2.2443 36
      vertex 4.4558 -2.43156 36
    endloop
  endfacet
  facet normal 0 0 1
    outer loop
      vertex 3.42944 -2.2274 36
      vertex 3.83646 2.2443 36
      vertex 3.66968 2.21112 36
    endloop
  endfacet
  facet normal 0 0 1
    outer loop
      vertex 3.42944 -2.2274 36
      vertex 3.66968 2.21112 36
      vertex 3.5 2.2 36
    endloop
  endfacet
  facet normal 0 0 1
    outer loop
      vertex 3.83646 2.2443 36
      vertex 3.42944 -2.2274 36
      vertex 4.4558 -2.43156 36
    endloop
  endfacet
  facet normal 0 0 1
    outer loop
      vertex 2.43854 -1.89104 36
      vertex 3.5 2.2 36
      vertex 3.33032 2.21112 36
    endloop
  endfacet
  facet normal 0 0 1
    outer loop
      vertex 1.5 -1.42821 36
      vertex 3.33032 2.21112 36
      vertex 3.16354 2.2443 36
    endloop
  endfacet
  facet normal 0 0 1
    outer loop
      vertex 1.5 -1.42821 36
      vertex 3.16354 2.2443 36
      vertex 3.00251 2.29896 36
    endloop
  endfacet
  facet normal 0 0 1
    outer loop
      vertex 1.5 -1.42821 36
      vertex 3.00251 2.29896 36
      vertex 2.85 2.37417 36
    endloop
  endfacet
  facet normal 0 0 1
    outer loop
      vertex 1.5 -1.42821 36
      vertex 2.85 2.37417 36
      vertex 2.70861 2.46864 36
    endloop
  endfacet
  facet normal 0 0 1
    outer loop
      vertex 1.5 -1.42821 36
      vertex 2.70861 2.46864 36
      vertex 2.58076 2.58076 36
    endloop
  endfacet
  facet normal 0 0 1
    outer loop
      vertex 1.5 -1.42821 36
      vertex 2.58076 2.58076 36
      vertex 2.46864 2.70861 36
    endloop
  endfacet
  facet normal 0 0 1
    outer loop
      vertex 3.5 2.2 36
      vertex 2.43854 -1.89104 36
      vertex 3.42944 -2.2274 36
    endloop
  endfacet
  facet normal 0 0 1
    outer loop
      vertex 1.5 -1.42821 36
      vertex 2.46864 2.70861 36
      vertex 2.37417 2.85 36
    endloop
  endfacet
  facet normal 0 0 1
    outer loop
      vertex 1.5 -1.42821 36
      vertex 2.37417 2.85 36
      vertex 2.29896 3.00251 36
    endloop
  endfacet
  facet normal 0 0 1
    outer loop
      vertex 1.5 -1.42821 36
      vertex 2.29896 3.00251 36
      vertex 2.2443 3.16354 36
    endloop
  endfacet
  facet normal 0 0 1
    outer loop
      vertex 1.5 -1.42821 36
      vertex 2.2443 3.16354 36
      vertex 2.21112 3.33032 36
    endloop
  endfacet
  facet normal 0 0 1
    outer loop
      vertex 1.5 -1.42821 36
      vertex 2.21112 3.33032 36
      vertex 2.2 3.5 36
    endloop
  endfacet
  facet normal 0 0 1
    outer loop
      vertex 3.33032 2.21112 36
      vertex 1.5 -1.42821 36
      vertex 2.43854 -1.89104 36
    endloop
  endfacet
  facet normal 0 0 1
    outer loop
      vertex 97.891 125.561 36
      vertex 93.7889 124.67 36
      vertex 93.8 124.5 36
    endloop
  endfacet
  facet normal 0 0 1
    outer loop
      vertex 95.3701 128.847 36
      vertex 93.7557 124.836 36
      vertex 93.7889 124.67 36
    endloop
  endfacet
  facet normal 0 0 1
    outer loop
      vertex 95.3701 128.847 36
      vertex 93.701 124.997 36
      vertex 93.7557 124.836 36
    endloop
  endfacet
  facet normal 0 0 1
    outer loop
      vertex 95.3701 128.847 36
      vertex 93.6258 125.15 36
      vertex 93.701 124.997 36
    endloop
  endfacet
  facet normal 0 0 1
    outer loop
      vertex 92.6697 125.789 36
      vertex 94.5 129.428 36
      vertex 93.5615 129.891 36
    endloop
  endfacet
  facet normal 0 0 1
    outer loop
      vertex 95.3701 128.847 36
      vertex 93.5314 125.291 36
      vertex 93.6258 125.15 36
    endloop
  endfacet
  facet normal 0 0 1
    outer loop
      vertex 95.3701 128.847 36
      vertex 93.4192 125.419 36
      vertex 93.5314 125.291 36
    endloop
  endfacet
  facet normal 0 0 1
    outer loop
      vertex 95.3701 128.847 36
      vertex 93.2914 125.531 36
      vertex 93.4192 125.419 36
    endloop
  endfacet
  facet normal 0 0 1
    outer loop
      vertex 95.3701 128.847 36
      vertex 93.15 125.626 36
      vertex 93.2914 125.531 36
    endloop
  endfacet
  facet normal 0 0 1
    outer loop
      vertex 95.3701 128.847 36
      vertex 92.9975 125.701 36
      vertex 93.15 125.626 36
    endloop
  endfacet
  facet normal 0 0 1
    outer loop
      vertex 94.5 129.428 36
      vertex 92.8365 125.756 36
      vertex 92.9975 125.701 36
    endloop
  endfacet
  facet normal 0 0 1
    outer loop
      vertex 94.5 129.428 36
      vertex 92.6697 125.789 36
      vertex 92.8365 125.756 36
    endloop
  endfacet
  facet normal 0 0 1
    outer loop
      vertex 92.5 125.8 36
      vertex 93.5615 129.891 36
      vertex 92.5706 130.227 36
    endloop
  endfacet
  facet normal 0 0 1
    outer loop
      vertex 93.5615 129.891 36
      vertex 92.5 125.8 36
      vertex 92.6697 125.789 36
    endloop
  endfacet
  facet normal 0 0 1
    outer loop
      vertex 92.5706 130.227 36
      vertex 92.3303 125.789 36
      vertex 92.5 125.8 36
    endloop
  endfacet
  facet normal 0 0 1
    outer loop
      vertex 92.5706 130.227 36
      vertex 92.1635 125.756 36
      vertex 92.3303 125.789 36
    endloop
  endfacet
  facet normal 0 0 1
    outer loop
      vertex 91.5442 130.432 36
      vertex 92.1635 125.756 36
      vertex 92.5706 130.227 36
    endloop
  endfacet
  facet normal -0 0 1
    outer loop
      vertex 89 128 36
      vertex 92.1635 125.756 36
      vertex 91.5442 130.432 36
    endloop
  endfacet
  facet normal 0 0 1
    outer loop
      vertex 92.1635 125.756 36
      vertex 89 128 36
      vertex 92.0025 125.701 36
    endloop
  endfacet
  facet normal 0 0 1
    outer loop
      vertex 92.0025 125.701 36
      vertex 89 128 36
      vertex 91.85 125.626 36
    endloop
  endfacet
  facet normal 0 0 1
    outer loop
      vertex 91.85 125.626 36
      vertex 89 128 36
      vertex 91.7086 125.531 36
    endloop
  endfacet
  facet normal 0 0 1
    outer loop
      vertex 91.7086 125.531 36
      vertex 89 128 36
      vertex 91.5808 125.419 36
    endloop
  endfacet
  facet normal 0 0 1
    outer loop
      vertex 91.5808 125.419 36
      vertex 89 128 36
      vertex 91.4686 125.291 36
    endloop
  endfacet
  facet normal 0 0 1
    outer loop
      vertex 91.4686 125.291 36
      vertex 89 128 36
      vertex 91.3742 125.15 36
    endloop
  endfacet
  facet normal 0 0 1
    outer loop
      vertex 91.3742 125.15 36
      vertex 89 128 36
      vertex 91.299 124.997 36
    endloop
  endfacet
  facet normal 0 0 1
    outer loop
      vertex 91.299 124.997 36
      vertex 89 128 36
      vertex 91.2443 124.836 36
    endloop
  endfacet
  facet normal 0 0 1
    outer loop
      vertex 91.2443 124.836 36
      vertex 89 128 36
      vertex 91.2111 124.67 36
    endloop
  endfacet
  facet normal 0 0 1
    outer loop
      vertex 89 128 36
      vertex 91.5442 130.432 36
      vertex 90.5 130.5 36
    endloop
  endfacet
  facet normal 0 0 1
    outer loop
      vertex 96 121 36
      vertex 98.5 122.5 36
      vertex 98.4316 123.544 36
    endloop
  endfacet
  facet normal 0 0 1
    outer loop
      vertex 98.5 122.5 36
      vertex 96 121 36
      vertex 98.5 5.5 36
    endloop
  endfacet
  facet normal -0 0 1
    outer loop
      vertex 93.7557 124.164 36
      vertex 98.4316 123.544 36
      vertex 98.2274 124.571 36
    endloop
  endfacet
  facet normal -0 0 1
    outer loop
      vertex 96 7 36
      vertex 98.5 5.5 36
      vertex 96 121 36
    endloop
  endfacet
  facet normal 0 0 1
    outer loop
      vertex 93.8 124.5 36
      vertex 98.2274 124.571 36
      vertex 97.891 125.561 36
    endloop
  endfacet
  facet normal 0 0 1
    outer loop
      vertex 98.5 5.5 36
      vertex 96 7 36
      vertex 98.4316 4.4558 36
    endloop
  endfacet
  facet normal 0 0 1
    outer loop
      vertex 93.7889 124.67 36
      vertex 97.891 125.561 36
      vertex 97.4282 126.5 36
    endloop
  endfacet
  facet normal 0 0 1
    outer loop
      vertex 93.7557 3.83646 36
      vertex 98.4316 4.4558 36
      vertex 96 7 36
    endloop
  endfacet
  facet normal 0 0 1
    outer loop
      vertex 93.7889 124.67 36
      vertex 97.4282 126.5 36
      vertex 96.8468 127.37 36
    endloop
  endfacet
  facet normal 0 0 1
    outer loop
      vertex 98.4316 4.4558 36
      vertex 93.7557 3.83646 36
      vertex 98.2274 3.42944 36
    endloop
  endfacet
  facet normal 0 0 1
    outer loop
      vertex 93.7889 124.67 36
      vertex 96.8468 127.37 36
      vertex 96.1569 128.157 36
    endloop
  endfacet
  facet normal -0 -0 1
    outer loop
      vertex 93.7889 3.66968 36
      vertex 98.2274 3.42944 36
      vertex 93.7557 3.83646 36
    endloop
  endfacet
  facet normal 0 0 1
    outer loop
      vertex 98.2274 3.42944 36
      vertex 93.8 3.5 36
      vertex 97.891 2.43854 36
    endloop
  endfacet
  facet normal 0 0 1
    outer loop
      vertex 93.7889 124.67 36
      vertex 96.1569 128.157 36
      vertex 95.3701 128.847 36
    endloop
  endfacet
  facet normal 0 0 1
    outer loop
      vertex 92.9975 125.701 36
      vertex 95.3701 128.847 36
      vertex 94.5 129.428 36
    endloop
  endfacet
  facet normal 0 0 1
    outer loop
      vertex 98.2274 124.571 36
      vertex 93.8 124.5 36
      vertex 93.7889 124.33 36
    endloop
  endfacet
  facet normal 0 0 1
    outer loop
      vertex 98.2274 124.571 36
      vertex 93.7889 124.33 36
      vertex 93.7557 124.164 36
    endloop
  endfacet
  facet normal 0 0 1
    outer loop
      vertex 98.4316 123.544 36
      vertex 93.7557 124.164 36
      vertex 96 121 36
    endloop
  endfacet
  facet normal -0 0 1
    outer loop
      vertex 93.701 124.003 36
      vertex 96 121 36
      vertex 93.7557 124.164 36
    endloop
  endfacet
  facet normal -0 0 1
    outer loop
      vertex 93.6258 123.85 36
      vertex 96 121 36
      vertex 93.701 124.003 36
    endloop
  endfacet
  facet normal -0 0 1
    outer loop
      vertex 93.5314 123.709 36
      vertex 96 121 36
      vertex 93.6258 123.85 36
    endloop
  endfacet
  facet normal -0 0 1
    outer loop
      vertex 93.4192 123.581 36
      vertex 96 121 36
      vertex 93.5314 123.709 36
    endloop
  endfacet
  facet normal -0 0 1
    outer loop
      vertex 93.2914 123.469 36
      vertex 96 121 36
      vertex 93.4192 123.581 36
    endloop
  endfacet
  facet normal -0 0 1
    outer loop
      vertex 93.15 123.374 36
      vertex 96 121 36
      vertex 93.2914 123.469 36
    endloop
  endfacet
  facet normal -0 0 1
    outer loop
      vertex 92.9975 123.299 36
      vertex 96 121 36
      vertex 93.15 123.374 36
    endloop
  endfacet
  facet normal -0 0 1
    outer loop
      vertex 92.8365 123.244 36
      vertex 96 121 36
      vertex 92.9975 123.299 36
    endloop
  endfacet
  facet normal -0 0 1
    outer loop
      vertex 92.6697 123.211 36
      vertex 96 121 36
      vertex 92.8365 123.244 36
    endloop
  endfacet
  facet normal -0 0 1
    outer loop
      vertex 92.5 123.2 36
      vertex 96 121 36
      vertex 92.6697 123.211 36
    endloop
  endfacet
  facet normal 0 0 1
    outer loop
      vertex 89 121 36
      vertex 92.5 123.2 36
      vertex 92.3303 123.211 36
    endloop
  endfacet
  facet normal 0 0 1
    outer loop
      vertex 89 121 36
      vertex 92.3303 123.211 36
      vertex 92.1635 123.244 36
    endloop
  endfacet
  facet normal 0 0 1
    outer loop
      vertex 89 121 36
      vertex 92.1635 123.244 36
      vertex 92.0025 123.299 36
    endloop
  endfacet
  facet normal 0 0 1
    outer loop
      vertex 89 121 36
      vertex 92.0025 123.299 36
      vertex 91.85 123.374 36
    endloop
  endfacet
  facet normal 0 0 1
    outer loop
      vertex 91.2111 124.67 36
      vertex 89 128 36
      vertex 91.2 124.5 36
    endloop
  endfacet
  facet normal 0 0 1
    outer loop
      vertex 89 121 36
      vertex 91.2 124.5 36
      vertex 89 128 36
    endloop
  endfacet
  facet normal 0 0 1
    outer loop
      vertex 91.2 124.5 36
      vertex 89 121 36
      vertex 91.2111 124.33 36
    endloop
  endfacet
  facet normal 0 0 1
    outer loop
      vertex 91.2111 124.33 36
      vertex 89 121 36
      vertex 91.2443 124.164 36
    endloop
  endfacet
  facet normal 0 0 1
    outer loop
      vertex 91.2443 124.164 36
      vertex 89 121 36
      vertex 91.299 124.003 36
    endloop
  endfacet
  facet normal 0 0 1
    outer loop
      vertex 92.5 123.2 36
      vertex 89 121 36
      vertex 96 121 36
    endloop
  endfacet
  facet normal 0 0 1
    outer loop
      vertex 91.7086 123.469 36
      vertex 89 121 36
      vertex 91.85 123.374 36
    endloop
  endfacet
  facet normal 0 0 1
    outer loop
      vertex 91.5808 123.581 36
      vertex 89 121 36
      vertex 91.7086 123.469 36
    endloop
  endfacet
  facet normal 0 0 1
    outer loop
      vertex 91.4686 123.709 36
      vertex 89 121 36
      vertex 91.5808 123.581 36
    endloop
  endfacet
  facet normal 0 0 1
    outer loop
      vertex 91.3742 123.85 36
      vertex 89 121 36
      vertex 91.4686 123.709 36
    endloop
  endfacet
  facet normal 0 0 1
    outer loop
      vertex 91.299 124.003 36
      vertex 89 121 36
      vertex 91.3742 123.85 36
    endloop
  endfacet
  facet normal -0 0 1
    outer loop
      vertex 93.7889 3.33032 36
      vertex 97.891 2.43854 36
      vertex 93.8 3.5 36
    endloop
  endfacet
  facet normal -0 0 1
    outer loop
      vertex 93.7557 3.16354 36
      vertex 97.4282 1.5 36
      vertex 93.7889 3.33032 36
    endloop
  endfacet
  facet normal 0 0 1
    outer loop
      vertex 97.4282 1.5 36
      vertex 93.701 3.00251 36
      vertex 96.8468 0.629913 36
    endloop
  endfacet
  facet normal -0 0 1
    outer loop
      vertex 93.701 3.00251 36
      vertex 97.4282 1.5 36
      vertex 93.7557 3.16354 36
    endloop
  endfacet
  facet normal 0 0 1
    outer loop
      vertex 97.891 2.43854 36
      vertex 93.7889 3.33032 36
      vertex 97.4282 1.5 36
    endloop
  endfacet
  facet normal -0 -0 1
    outer loop
      vertex 93.8 3.5 36
      vertex 98.2274 3.42944 36
      vertex 93.7889 3.66968 36
    endloop
  endfacet
  facet normal 0 0 1
    outer loop
      vertex 96 7 36
      vertex 93.701 3.99749 36
      vertex 93.7557 3.83646 36
    endloop
  endfacet
  facet normal 0 0 1
    outer loop
      vertex 96 7 36
      vertex 93.6258 4.15 36
      vertex 93.701 3.99749 36
    endloop
  endfacet
  facet normal 0 0 1
    outer loop
      vertex 96 7 36
      vertex 93.5314 4.29139 36
      vertex 93.6258 4.15 36
    endloop
  endfacet
  facet normal 0 0 1
    outer loop
      vertex 96 7 36
      vertex 93.4192 4.41924 36
      vertex 93.5314 4.29139 36
    endloop
  endfacet
  facet normal 0 0 1
    outer loop
      vertex 96 7 36
      vertex 93.2914 4.53136 36
      vertex 93.4192 4.41924 36
    endloop
  endfacet
  facet normal 0 0 1
    outer loop
      vertex 96 7 36
      vertex 93.15 4.62583 36
      vertex 93.2914 4.53136 36
    endloop
  endfacet
  facet normal 0 0 1
    outer loop
      vertex 96 7 36
      vertex 92.9975 4.70104 36
      vertex 93.15 4.62583 36
    endloop
  endfacet
  facet normal 0 0 1
    outer loop
      vertex 96 7 36
      vertex 92.8365 4.7557 36
      vertex 92.9975 4.70104 36
    endloop
  endfacet
  facet normal 0 0 1
    outer loop
      vertex 96 7 36
      vertex 92.6697 4.78888 36
      vertex 92.8365 4.7557 36
    endloop
  endfacet
  facet normal 0 0 1
    outer loop
      vertex 96 7 36
      vertex 92.5 4.8 36
      vertex 92.6697 4.78888 36
    endloop
  endfacet
  facet normal -0 0 1
    outer loop
      vertex 89 7 36
      vertex 92.5 4.8 36
      vertex 96 7 36
    endloop
  endfacet
  facet normal 0 0 1
    outer loop
      vertex 92.5 4.8 36
      vertex 89 7 36
      vertex 92.3303 4.78888 36
    endloop
  endfacet
  facet normal 0 0 1
    outer loop
      vertex 92.3303 4.78888 36
      vertex 89 7 36
      vertex 92.1635 4.7557 36
    endloop
  endfacet
  facet normal 0 0 1
    outer loop
      vertex 92.1635 4.7557 36
      vertex 89 7 36
      vertex 92.0025 4.70104 36
    endloop
  endfacet
  facet normal 0 0 1
    outer loop
      vertex 89 7 36
      vertex 91.2 3.5 36
      vertex 91.2111 3.66968 36
    endloop
  endfacet
  facet normal 0 0 1
    outer loop
      vertex 92.0025 4.70104 36
      vertex 89 7 36
      vertex 91.85 4.62583 36
    endloop
  endfacet
  facet normal 0 0 1
    outer loop
      vertex 89 7 36
      vertex 91.7086 4.53136 36
      vertex 91.85 4.62583 36
    endloop
  endfacet
  facet normal 0 0 1
    outer loop
      vertex 89 7 36
      vertex 91.5808 4.41924 36
      vertex 91.7086 4.53136 36
    endloop
  endfacet
  facet normal 0 0 1
    outer loop
      vertex 89 7 36
      vertex 91.4686 4.29139 36
      vertex 91.5808 4.41924 36
    endloop
  endfacet
  facet normal 0 0 1
    outer loop
      vertex 89 7 36
      vertex 91.3742 4.15 36
      vertex 91.4686 4.29139 36
    endloop
  endfacet
  facet normal 0 0 1
    outer loop
      vertex 89 7 36
      vertex 91.299 3.99749 36
      vertex 91.3742 4.15 36
    endloop
  endfacet
  facet normal 0 0 1
    outer loop
      vertex 89 7 36
      vertex 91.2443 3.83646 36
      vertex 91.299 3.99749 36
    endloop
  endfacet
  facet normal 0 0 1
    outer loop
      vertex 89 7 36
      vertex 91.2111 3.66968 36
      vertex 91.2443 3.83646 36
    endloop
  endfacet
  facet normal 0 0 1
    outer loop
      vertex 91.2 3.5 36
      vertex 89 7 36
      vertex 89 0 36
    endloop
  endfacet
  facet normal 0 0 1
    outer loop
      vertex 91.2 3.5 36
      vertex 89 0 36
      vertex 90.5 -2.5 36
    endloop
  endfacet
  facet normal -0 0 1
    outer loop
      vertex 7 0 36
      vertex 90.5 -2.5 36
      vertex 89 0 36
    endloop
  endfacet
  facet normal 0 0 1
    outer loop
      vertex 90.5 -2.5 36
      vertex 7 0 36
      vertex 5.5 -2.5 36
    endloop
  endfacet
  facet normal -0 0 1
    outer loop
      vertex 93.6258 2.85 36
      vertex 96.8468 0.629913 36
      vertex 93.701 3.00251 36
    endloop
  endfacet
  facet normal -0 0 1
    outer loop
      vertex 93.5314 2.70861 36
      vertex 96.8468 0.629913 36
      vertex 93.6258 2.85 36
    endloop
  endfacet
  facet normal 0 0 1
    outer loop
      vertex 96.8468 0.629913 36
      vertex 93.5314 2.70861 36
      vertex 96.1569 -0.15686 36
    endloop
  endfacet
  facet normal -0 0 1
    outer loop
      vertex 93.4192 2.58076 36
      vertex 96.1569 -0.15686 36
      vertex 93.5314 2.70861 36
    endloop
  endfacet
  facet normal -0 0 1
    outer loop
      vertex 93.2914 2.46864 36
      vertex 96.1569 -0.15686 36
      vertex 93.4192 2.58076 36
    endloop
  endfacet
  facet normal 0 0 1
    outer loop
      vertex 96.1569 -0.15686 36
      vertex 93.2914 2.46864 36
      vertex 95.3701 -0.846832 36
    endloop
  endfacet
  facet normal -0 0 1
    outer loop
      vertex 93.15 2.37417 36
      vertex 95.3701 -0.846832 36
      vertex 93.2914 2.46864 36
    endloop
  endfacet
  facet normal -0 0 1
    outer loop
      vertex 92.9975 2.29896 36
      vertex 95.3701 -0.846832 36
      vertex 93.15 2.37417 36
    endloop
  endfacet
  facet normal 0 0 1
    outer loop
      vertex 95.3701 -0.846832 36
      vertex 92.9975 2.29896 36
      vertex 94.5 -1.42821 36
    endloop
  endfacet
  facet normal -0 0 1
    outer loop
      vertex 92.8365 2.2443 36
      vertex 94.5 -1.42821 36
      vertex 92.9975 2.29896 36
    endloop
  endfacet
  facet normal -0 0 1
    outer loop
      vertex 92.6697 2.21112 36
      vertex 94.5 -1.42821 36
      vertex 92.8365 2.2443 36
    endloop
  endfacet
  facet normal 0 0 1
    outer loop
      vertex 94.5 -1.42821 36
      vertex 92.6697 2.21112 36
      vertex 93.5615 -1.89104 36
    endloop
  endfacet
  facet normal -0 0 1
    outer loop
      vertex 92.5 2.2 36
      vertex 93.5615 -1.89104 36
      vertex 92.6697 2.21112 36
    endloop
  endfacet
  facet normal 0 0 1
    outer loop
      vertex 93.5615 -1.89104 36
      vertex 92.5 2.2 36
      vertex 92.5706 -2.2274 36
    endloop
  endfacet
  facet normal 0 0 1
    outer loop
      vertex 92.3303 2.21112 36
      vertex 92.5706 -2.2274 36
      vertex 92.5 2.2 36
    endloop
  endfacet
  facet normal 0 0 1
    outer loop
      vertex 92.1635 2.2443 36
      vertex 92.5706 -2.2274 36
      vertex 92.3303 2.21112 36
    endloop
  endfacet
  facet normal 0 0 1
    outer loop
      vertex 91.5442 -2.43156 36
      vertex 92.1635 2.2443 36
      vertex 92.0025 2.29896 36
    endloop
  endfacet
  facet normal 0 0 1
    outer loop
      vertex 90.5 -2.5 36
      vertex 92.0025 2.29896 36
      vertex 91.85 2.37417 36
    endloop
  endfacet
  facet normal 0 0 1
    outer loop
      vertex 90.5 -2.5 36
      vertex 91.85 2.37417 36
      vertex 91.7086 2.46864 36
    endloop
  endfacet
  facet normal 0 0 1
    outer loop
      vertex 90.5 -2.5 36
      vertex 91.7086 2.46864 36
      vertex 91.5808 2.58076 36
    endloop
  endfacet
  facet normal 0 0 1
    outer loop
      vertex 92.1635 2.2443 36
      vertex 91.5442 -2.43156 36
      vertex 92.5706 -2.2274 36
    endloop
  endfacet
  facet normal 0 0 1
    outer loop
      vertex 90.5 -2.5 36
      vertex 91.5808 2.58076 36
      vertex 91.4686 2.70861 36
    endloop
  endfacet
  facet normal 0 0 1
    outer loop
      vertex 90.5 -2.5 36
      vertex 91.4686 2.70861 36
      vertex 91.3742 2.85 36
    endloop
  endfacet
  facet normal 0 0 1
    outer loop
      vertex 90.5 -2.5 36
      vertex 91.3742 2.85 36
      vertex 91.299 3.00251 36
    endloop
  endfacet
  facet normal 0 0 1
    outer loop
      vertex 90.5 -2.5 36
      vertex 91.299 3.00251 36
      vertex 91.2443 3.16354 36
    endloop
  endfacet
  facet normal 0 0 1
    outer loop
      vertex 90.5 -2.5 36
      vertex 91.2443 3.16354 36
      vertex 91.2111 3.33032 36
    endloop
  endfacet
  facet normal 0 0 1
    outer loop
      vertex 90.5 -2.5 36
      vertex 91.2111 3.33032 36
      vertex 91.2 3.5 36
    endloop
  endfacet
  facet normal 0 0 1
    outer loop
      vertex 92.0025 2.29896 36
      vertex 90.5 -2.5 36
      vertex 91.5442 -2.43156 36
    endloop
  endfacet
  facet normal 0 -1 0
    outer loop
      vertex 7 128 0
      vertex 89 128 36
      vertex 7 128 36
    endloop
  endfacet
  facet normal 0 -1 -0
    outer loop
      vertex 89 128 36
      vertex 7 128 0
      vertex 89 128 0
    endloop
  endfacet
  facet normal 0 1 -0
    outer loop
      vertex 26 0 9.3
      vertex 22 0 10.9
      vertex 26 0 10.9
    endloop
  endfacet
  facet normal 0 1 0
    outer loop
      vertex 22 0 10.9
      vertex 26 0 9.3
      vertex 22 0 9.3
    endloop
  endfacet
  facet normal 0 1 0
    outer loop
      vertex 54 0 14.6
      vertex 38 0 9.3
      vertex 38 0 10.9
    endloop
  endfacet
  facet normal 0 1 0
    outer loop
      vertex 7 0 0
      vertex 26 0 9.3
      vertex 38 0 9.3
    endloop
  endfacet
  facet normal 0 1 0
    outer loop
      vertex 26 0 9.3
      vertex 7 0 0
      vertex 22 0 9.3
    endloop
  endfacet
  facet normal 0 1 0
    outer loop
      vertex 7 0 0
      vertex 38 0 9.3
      vertex 54 0 5.6
    endloop
  endfacet
  facet normal 0 1 -0
    outer loop
      vertex 54 0 5.6
      vertex 38 0 9.3
      vertex 54 0 14.6
    endloop
  endfacet
  facet normal 0 1 0
    outer loop
      vertex 54 0 14.6
      vertex 89 0 36
      vertex 66 0 14.6
    endloop
  endfacet
  facet normal 0 1 0
    outer loop
      vertex 89 0 36
      vertex 72 0 13.1
      vertex 66 0 14.6
    endloop
  endfacet
  facet normal 0 1 0
    outer loop
      vertex 89 0 36
      vertex 72.3916 0 13.0743
      vertex 72 0 13.1
    endloop
  endfacet
  facet normal 0 1 0
    outer loop
      vertex 89 0 36
      vertex 72.7765 0 12.9978
      vertex 72.3916 0 13.0743
    endloop
  endfacet
  facet normal 0 1 0
    outer loop
      vertex 89 0 36
      vertex 73.148 0 12.8716
      vertex 72.7765 0 12.9978
    endloop
  endfacet
  facet normal 0 1 0
    outer loop
      vertex 89 0 36
      vertex 73.5 0 12.6981
      vertex 73.148 0 12.8716
    endloop
  endfacet
  facet normal 0 1 0
    outer loop
      vertex 89 0 36
      vertex 73.8263 0 12.4801
      vertex 73.5 0 12.6981
    endloop
  endfacet
  facet normal 0 1 0
    outer loop
      vertex 89 0 36
      vertex 74.1213 0 12.2213
      vertex 73.8263 0 12.4801
    endloop
  endfacet
  facet normal 0 1 0
    outer loop
      vertex 89 0 36
      vertex 74.3801 0 11.9263
      vertex 74.1213 0 12.2213
    endloop
  endfacet
  facet normal 0 1 0
    outer loop
      vertex 89 0 36
      vertex 74.5981 0 11.6
      vertex 74.3801 0 11.9263
    endloop
  endfacet
  facet normal 0 1 0
    outer loop
      vertex 89 0 36
      vertex 74.7716 0 11.248
      vertex 74.5981 0 11.6
    endloop
  endfacet
  facet normal 0 1 -0
    outer loop
      vertex 89 0 0
      vertex 74.7716 0 11.248
      vertex 89 0 36
    endloop
  endfacet
  facet normal 0 1 0
    outer loop
      vertex 74.7716 0 11.248
      vertex 89 0 0
      vertex 74.8978 0 10.8765
    endloop
  endfacet
  facet normal 0 1 0
    outer loop
      vertex 74.8978 0 10.8765
      vertex 89 0 0
      vertex 74.9743 0 10.4916
    endloop
  endfacet
  facet normal 0 1 0
    outer loop
      vertex 74.9743 0 10.4916
      vertex 89 0 0
      vertex 75 0 10.1
    endloop
  endfacet
  facet normal 0 1 0
    outer loop
      vertex 75 0 10.1
      vertex 89 0 0
      vertex 74.9743 0 9.70842
    endloop
  endfacet
  facet normal 0 1 0
    outer loop
      vertex 74.9743 0 9.70842
      vertex 89 0 0
      vertex 74.8978 0 9.32354
    endloop
  endfacet
  facet normal 0 1 0
    outer loop
      vertex 74.8978 0 9.32354
      vertex 89 0 0
      vertex 74.7716 0 8.95195
    endloop
  endfacet
  facet normal 0 1 0
    outer loop
      vertex 72.3916 0 7.12566
      vertex 66 0 5.6
      vertex 72 0 7.1
    endloop
  endfacet
  facet normal 0 1 0
    outer loop
      vertex 89 0 0
      vertex 72.3916 0 7.12566
      vertex 72.7765 0 7.20222
    endloop
  endfacet
  facet normal 0 1 0
    outer loop
      vertex 66 0 5.6
      vertex 89 0 0
      vertex 54 0 5.6
    endloop
  endfacet
  facet normal 0 1 0
    outer loop
      vertex 72.3916 0 7.12566
      vertex 89 0 0
      vertex 66 0 5.6
    endloop
  endfacet
  facet normal 0 1 0
    outer loop
      vertex 73.148 0 7.32836
      vertex 89 0 0
      vertex 72.7765 0 7.20222
    endloop
  endfacet
  facet normal 0 1 0
    outer loop
      vertex 73.5 0 7.50192
      vertex 89 0 0
      vertex 73.148 0 7.32836
    endloop
  endfacet
  facet normal 0 1 0
    outer loop
      vertex 73.8263 0 7.71994
      vertex 89 0 0
      vertex 73.5 0 7.50192
    endloop
  endfacet
  facet normal 0 1 0
    outer loop
      vertex 74.1213 0 7.97868
      vertex 89 0 0
      vertex 73.8263 0 7.71994
    endloop
  endfacet
  facet normal 0 1 0
    outer loop
      vertex 74.3801 0 8.27372
      vertex 89 0 0
      vertex 74.1213 0 7.97868
    endloop
  endfacet
  facet normal 0 1 0
    outer loop
      vertex 74.5981 0 8.6
      vertex 89 0 0
      vertex 74.3801 0 8.27372
    endloop
  endfacet
  facet normal 0 1 0
    outer loop
      vertex 74.7716 0 8.95195
      vertex 89 0 0
      vertex 74.5981 0 8.6
    endloop
  endfacet
  facet normal 0 1 0
    outer loop
      vertex 89 0 36
      vertex 54 0 14.6
      vertex 7 0 36
    endloop
  endfacet
  facet normal 0 1 -0
    outer loop
      vertex 38 0 10.9
      vertex 7 0 36
      vertex 54 0 14.6
    endloop
  endfacet
  facet normal 0 1 -0
    outer loop
      vertex 26 0 10.9
      vertex 7 0 36
      vertex 38 0 10.9
    endloop
  endfacet
  facet normal 0 1 -0
    outer loop
      vertex 22 0 10.9
      vertex 7 0 36
      vertex 26 0 10.9
    endloop
  endfacet
  facet normal 0 1 -0
    outer loop
      vertex 10 0 10.9
      vertex 7 0 36
      vertex 22 0 10.9
    endloop
  endfacet
  facet normal 0 1 0
    outer loop
      vertex 7 0 0
      vertex 10 0 10.9
      vertex 10 0 9.3
    endloop
  endfacet
  facet normal 0 1 0
    outer loop
      vertex 7 0 0
      vertex 54 0 5.6
      vertex 89 0 0
    endloop
  endfacet
  facet normal 0 1 0
    outer loop
      vertex 10 0 10.9
      vertex 7 0 0
      vertex 7 0 36
    endloop
  endfacet
  facet normal 0 1 0
    outer loop
      vertex 22 0 9.3
      vertex 7 0 0
      vertex 10 0 9.3
    endloop
  endfacet
  facet normal 0 1 -0
    outer loop
      vertex 71.6084 0 13.0743
      vertex 66 0 14.6
      vertex 72 0 13.1
    endloop
  endfacet
  facet normal 0 1 -0
    outer loop
      vertex 71.2235 0 12.9978
      vertex 66 0 14.6
      vertex 71.6084 0 13.0743
    endloop
  endfacet
  facet normal 0 1 -0
    outer loop
      vertex 70.852 0 12.8716
      vertex 66 0 14.6
      vertex 71.2235 0 12.9978
    endloop
  endfacet
  facet normal 0 1 -0
    outer loop
      vertex 70.5 0 12.6981
      vertex 66 0 14.6
      vertex 70.852 0 12.8716
    endloop
  endfacet
  facet normal 0 1 -0
    outer loop
      vertex 70.1737 0 12.4801
      vertex 66 0 14.6
      vertex 70.5 0 12.6981
    endloop
  endfacet
  facet normal 0 1 -0
    outer loop
      vertex 69.8787 0 12.2213
      vertex 66 0 14.6
      vertex 70.1737 0 12.4801
    endloop
  endfacet
  facet normal 0 1 -0
    outer loop
      vertex 69.6199 0 11.9263
      vertex 66 0 14.6
      vertex 69.8787 0 12.2213
    endloop
  endfacet
  facet normal 0 1 -0
    outer loop
      vertex 69.4019 0 11.6
      vertex 66 0 14.6
      vertex 69.6199 0 11.9263
    endloop
  endfacet
  facet normal 0 1 -0
    outer loop
      vertex 69.2284 0 11.248
      vertex 66 0 14.6
      vertex 69.4019 0 11.6
    endloop
  endfacet
  facet normal 0 1 -0
    outer loop
      vertex 69.1022 0 10.8765
      vertex 66 0 14.6
      vertex 69.2284 0 11.248
    endloop
  endfacet
  facet normal 0 1 -0
    outer loop
      vertex 69.0257 0 10.4916
      vertex 66 0 14.6
      vertex 69.1022 0 10.8765
    endloop
  endfacet
  facet normal 0 1 -0
    outer loop
      vertex 69 0 10.1
      vertex 66 0 14.6
      vertex 69.0257 0 10.4916
    endloop
  endfacet
  facet normal 0 1 0
    outer loop
      vertex 66 0 5.6
      vertex 69 0 10.1
      vertex 69.0257 0 9.70842
    endloop
  endfacet
  facet normal 0 1 0
    outer loop
      vertex 66 0 5.6
      vertex 69.0257 0 9.70842
      vertex 69.1022 0 9.32354
    endloop
  endfacet
  facet normal 0 1 0
    outer loop
      vertex 66 0 5.6
      vertex 69.1022 0 9.32354
      vertex 69.2284 0 8.95195
    endloop
  endfacet
  facet normal 0 1 0
    outer loop
      vertex 66 0 5.6
      vertex 69.2284 0 8.95195
      vertex 69.4019 0 8.6
    endloop
  endfacet
  facet normal 0 1 0
    outer loop
      vertex 69 0 10.1
      vertex 66 0 5.6
      vertex 66 0 14.6
    endloop
  endfacet
  facet normal 0 1 0
    outer loop
      vertex 69.6199 0 8.27372
      vertex 66 0 5.6
      vertex 69.4019 0 8.6
    endloop
  endfacet
  facet normal 0 1 0
    outer loop
      vertex 69.8787 0 7.97868
      vertex 66 0 5.6
      vertex 69.6199 0 8.27372
    endloop
  endfacet
  facet normal 0 1 0
    outer loop
      vertex 70.1737 0 7.71994
      vertex 66 0 5.6
      vertex 69.8787 0 7.97868
    endloop
  endfacet
  facet normal 0 1 0
    outer loop
      vertex 70.5 0 7.50192
      vertex 66 0 5.6
      vertex 70.1737 0 7.71994
    endloop
  endfacet
  facet normal 0 1 0
    outer loop
      vertex 70.852 0 7.32836
      vertex 66 0 5.6
      vertex 70.5 0 7.50192
    endloop
  endfacet
  facet normal 0 1 0
    outer loop
      vertex 71.2235 0 7.20222
      vertex 66 0 5.6
      vertex 70.852 0 7.32836
    endloop
  endfacet
  facet normal 0 1 0
    outer loop
      vertex 71.6084 0 7.12566
      vertex 66 0 5.6
      vertex 71.2235 0 7.20222
    endloop
  endfacet
  facet normal 0 1 0
    outer loop
      vertex 66 0 5.6
      vertex 71.6084 0 7.12566
      vertex 72 0 7.1
    endloop
  endfacet
  facet normal -1 0 0
    outer loop
      vertex 96 7 0
      vertex 96 121 36
      vertex 96 121 0
    endloop
  endfacet
  facet normal -1 -0 0
    outer loop
      vertex 96 121 36
      vertex 96 7 0
      vertex 96 7 36
    endloop
  endfacet
  facet normal 1 -0 0
    outer loop
      vertex 0 7 36
      vertex 0 121 0
      vertex 0 121 36
    endloop
  endfacet
  facet normal 1 0 0
    outer loop
      vertex 0 121 0
      vertex 0 7 36
      vertex 0 7 0
    endloop
  endfacet
  facet normal 0 0 1
    outer loop
      vertex 10.0514 13.125 0
      vertex 0 7 0
      vertex 9.92127 12.861 0
    endloop
  endfacet
  facet normal 0 0 1
    outer loop
      vertex 0 7 0
      vertex 6.67157 64.6716 0
      vertex 6.32659 65.065 0
    endloop
  endfacet
  facet normal 0 0 1
    outer loop
      vertex 0 7 0
      vertex 6.32659 65.065 0
      vertex 6.0359 65.5 0
    endloop
  endfacet
  facet normal 0 0 1
    outer loop
      vertex 0 7 0
      vertex 6.0359 65.5 0
      vertex 5.80448 65.9693 0
    endloop
  endfacet
  facet normal 0 0 1
    outer loop
      vertex 0 7 0
      vertex 5.80448 65.9693 0
      vertex 5.6363 66.4647 0
    endloop
  endfacet
  facet normal 0 0 1
    outer loop
      vertex 0 7 0
      vertex 5.6363 66.4647 0
      vertex 5.53422 66.9779 0
    endloop
  endfacet
  facet normal 0 0 1
    outer loop
      vertex 0 7 0
      vertex 5.53422 66.9779 0
      vertex 5.5 67.5 0
    endloop
  endfacet
  facet normal 0 0 1
    outer loop
      vertex 0 7 0
      vertex 5.5 67.5 0
      vertex 0 121 0
    endloop
  endfacet
  facet normal 0 0 1
    outer loop
      vertex 9.92127 12.861 0
      vertex 0 7 0
      vertex 7 7 0
    endloop
  endfacet
  facet normal 0 0 1
    outer loop
      vertex 13.3637 89.4647 0
      vertex 21.1 96.1 0
      vertex 13.4658 89.9779 0
    endloop
  endfacet
  facet normal 0 0 1
    outer loop
      vertex 21.1 96.1 0
      vertex 13.4658 68.0221 0
      vertex 13.5 67.5 0
    endloop
  endfacet
  facet normal 0 0 1
    outer loop
      vertex 13.1955 88.9693 0
      vertex 21.1 96.1 0
      vertex 13.3637 89.4647 0
    endloop
  endfacet
  facet normal 0 0 1
    outer loop
      vertex 21.1 96.1 0
      vertex 13.3637 68.5353 0
      vertex 13.4658 68.0221 0
    endloop
  endfacet
  facet normal 0 0 1
    outer loop
      vertex 12.9641 88.5 0
      vertex 21.1 96.1 0
      vertex 13.1955 88.9693 0
    endloop
  endfacet
  facet normal 0 0 1
    outer loop
      vertex 21.1 96.1 0
      vertex 13.1955 69.0307 0
      vertex 13.3637 68.5353 0
    endloop
  endfacet
  facet normal 0 0 1
    outer loop
      vertex 12.9641 69.5 0
      vertex 21.1 96.1 0
      vertex 12.9641 88.5 0
    endloop
  endfacet
  facet normal 0 0 1
    outer loop
      vertex 21.1 96.1 0
      vertex 12.9641 69.5 0
      vertex 13.1955 69.0307 0
    endloop
  endfacet
  facet normal -0 0 1
    outer loop
      vertex 12.6734 88.065 0
      vertex 12.9641 69.5 0
      vertex 12.9641 88.5 0
    endloop
  endfacet
  facet normal 0 0 1
    outer loop
      vertex 12.6734 88.065 0
      vertex 12.6734 69.935 0
      vertex 12.9641 69.5 0
    endloop
  endfacet
  facet normal -0 0 1
    outer loop
      vertex 12.3284 87.6716 0
      vertex 12.6734 69.935 0
      vertex 12.6734 88.065 0
    endloop
  endfacet
  facet normal 0 0 1
    outer loop
      vertex 12.3284 87.6716 0
      vertex 12.3284 70.3284 0
      vertex 12.6734 69.935 0
    endloop
  endfacet
  facet normal -0 0 1
    outer loop
      vertex 11.935 87.3266 0
      vertex 12.3284 70.3284 0
      vertex 12.3284 87.6716 0
    endloop
  endfacet
  facet normal 0 0 1
    outer loop
      vertex 11.935 87.3266 0
      vertex 11.935 70.6734 0
      vertex 12.3284 70.3284 0
    endloop
  endfacet
  facet normal -0 0 1
    outer loop
      vertex 11.5 87.0359 0
      vertex 11.935 70.6734 0
      vertex 11.935 87.3266 0
    endloop
  endfacet
  facet normal 0 0 1
    outer loop
      vertex 11.5 87.0359 0
      vertex 11.5 70.9641 0
      vertex 11.935 70.6734 0
    endloop
  endfacet
  facet normal -0 0 1
    outer loop
      vertex 11.0307 86.8045 0
      vertex 11.5 70.9641 0
      vertex 11.5 87.0359 0
    endloop
  endfacet
  facet normal 0 0 1
    outer loop
      vertex 11.0307 86.8045 0
      vertex 11.0307 71.1955 0
      vertex 11.5 70.9641 0
    endloop
  endfacet
  facet normal -0 0 1
    outer loop
      vertex 10.5353 86.6363 0
      vertex 11.0307 71.1955 0
      vertex 11.0307 86.8045 0
    endloop
  endfacet
  facet normal 0 0 1
    outer loop
      vertex 10.5353 86.6363 0
      vertex 10.5353 71.3637 0
      vertex 11.0307 71.1955 0
    endloop
  endfacet
  facet normal -0 0 1
    outer loop
      vertex 10.0221 86.5342 0
      vertex 10.5353 71.3637 0
      vertex 10.5353 86.6363 0
    endloop
  endfacet
  facet normal 0 0 1
    outer loop
      vertex 10.0221 86.5342 0
      vertex 10.0221 71.4658 0
      vertex 10.5353 71.3637 0
    endloop
  endfacet
  facet normal -0 0 1
    outer loop
      vertex 9.5 86.5 0
      vertex 10.0221 71.4658 0
      vertex 10.0221 86.5342 0
    endloop
  endfacet
  facet normal 0 0 1
    outer loop
      vertex 9.5 86.5 0
      vertex 9.5 71.5 0
      vertex 10.0221 71.4658 0
    endloop
  endfacet
  facet normal 0 0 1
    outer loop
      vertex 8.9779 86.5342 0
      vertex 9.5 71.5 0
      vertex 9.5 86.5 0
    endloop
  endfacet
  facet normal 0 0 1
    outer loop
      vertex 8.9779 86.5342 0
      vertex 8.9779 71.4658 0
      vertex 9.5 71.5 0
    endloop
  endfacet
  facet normal 0 0 1
    outer loop
      vertex 8.46472 86.6363 0
      vertex 8.9779 71.4658 0
      vertex 8.9779 86.5342 0
    endloop
  endfacet
  facet normal 0 0 1
    outer loop
      vertex 8.46472 86.6363 0
      vertex 8.46472 71.3637 0
      vertex 8.9779 71.4658 0
    endloop
  endfacet
  facet normal 0 0 1
    outer loop
      vertex 7.96927 86.8045 0
      vertex 8.46472 71.3637 0
      vertex 8.46472 86.6363 0
    endloop
  endfacet
  facet normal 0 0 1
    outer loop
      vertex 7.96927 86.8045 0
      vertex 7.96927 71.1955 0
      vertex 8.46472 71.3637 0
    endloop
  endfacet
  facet normal 0 0 1
    outer loop
      vertex 7.5 87.0359 0
      vertex 7.96927 71.1955 0
      vertex 7.96927 86.8045 0
    endloop
  endfacet
  facet normal 0 0 1
    outer loop
      vertex 7.5 87.0359 0
      vertex 7.5 70.9641 0
      vertex 7.96927 71.1955 0
    endloop
  endfacet
  facet normal 0 0 1
    outer loop
      vertex 7.06495 87.3266 0
      vertex 7.5 70.9641 0
      vertex 7.5 87.0359 0
    endloop
  endfacet
  facet normal 0 0 1
    outer loop
      vertex 7.06495 87.3266 0
      vertex 7.06495 70.6734 0
      vertex 7.5 70.9641 0
    endloop
  endfacet
  facet normal 0 0 1
    outer loop
      vertex 6.67157 87.6716 0
      vertex 7.06495 70.6734 0
      vertex 7.06495 87.3266 0
    endloop
  endfacet
  facet normal 0 0 1
    outer loop
      vertex 6.67157 87.6716 0
      vertex 6.67157 70.3284 0
      vertex 7.06495 70.6734 0
    endloop
  endfacet
  facet normal 0 0 1
    outer loop
      vertex 6.32659 88.065 0
      vertex 6.67157 70.3284 0
      vertex 6.67157 87.6716 0
    endloop
  endfacet
  facet normal 0 0 1
    outer loop
      vertex 6.32659 88.065 0
      vertex 6.32659 69.935 0
      vertex 6.67157 70.3284 0
    endloop
  endfacet
  facet normal 0 0 1
    outer loop
      vertex 6.0359 88.5 0
      vertex 6.32659 69.935 0
      vertex 6.32659 88.065 0
    endloop
  endfacet
  facet normal 0 0 1
    outer loop
      vertex 6.0359 88.5 0
      vertex 6.0359 69.5 0
      vertex 6.32659 69.935 0
    endloop
  endfacet
  facet normal 0 0 1
    outer loop
      vertex 5.80448 88.9693 0
      vertex 6.0359 69.5 0
      vertex 6.0359 88.5 0
    endloop
  endfacet
  facet normal 0 0 1
    outer loop
      vertex 5.80448 88.9693 0
      vertex 5.80448 69.0307 0
      vertex 6.0359 69.5 0
    endloop
  endfacet
  facet normal 0 0 1
    outer loop
      vertex 5.6363 89.4647 0
      vertex 5.80448 69.0307 0
      vertex 5.80448 88.9693 0
    endloop
  endfacet
  facet normal 0 0 1
    outer loop
      vertex 5.6363 89.4647 0
      vertex 5.6363 68.5353 0
      vertex 5.80448 69.0307 0
    endloop
  endfacet
  facet normal 0 0 1
    outer loop
      vertex 5.53422 89.9779 0
      vertex 5.6363 68.5353 0
      vertex 5.6363 89.4647 0
    endloop
  endfacet
  facet normal 0 0 1
    outer loop
      vertex 5.53422 89.9779 0
      vertex 5.53422 68.0221 0
      vertex 5.6363 68.5353 0
    endloop
  endfacet
  facet normal 0 0 1
    outer loop
      vertex 5.5 90.5 0
      vertex 5.53422 68.0221 0
      vertex 5.53422 89.9779 0
    endloop
  endfacet
  facet normal 0 0 1
    outer loop
      vertex 5.53422 68.0221 0
      vertex 5.5 90.5 0
      vertex 5.5 67.5 0
    endloop
  endfacet
  facet normal 0 0 1
    outer loop
      vertex 23 118 0
      vertex 13.9486 114.875 0
      vertex 23 104 0
    endloop
  endfacet
  facet normal 0 0 1
    outer loop
      vertex 13.4658 66.9779 0
      vertex 21.1 96.1 0
      vertex 13.5 67.5 0
    endloop
  endfacet
  facet normal -0 0 1
    outer loop
      vertex 13.785 114.63 0
      vertex 23 104 0
      vertex 13.9486 114.875 0
    endloop
  endfacet
  facet normal 0 0 1
    outer loop
      vertex 21.1 96.1 0
      vertex 14.2308 12.2937 0
      vertex 14.25 12 0
    endloop
  endfacet
  facet normal 0 0 1
    outer loop
      vertex 23 104 0
      vertex 13.785 114.63 0
      vertex 21.1 103.1 0
    endloop
  endfacet
  facet normal 0 0 1
    outer loop
      vertex 21.1 96.1 0
      vertex 13.4658 66.9779 0
      vertex 14.2308 12.2937 0
    endloop
  endfacet
  facet normal -0 0 1
    outer loop
      vertex 13.591 114.409 0
      vertex 21.1 103.1 0
      vertex 13.785 114.63 0
    endloop
  endfacet
  facet normal 0 0 1
    outer loop
      vertex 14.2308 12.2937 0
      vertex 13.4658 66.9779 0
      vertex 14.1733 12.5823 0
    endloop
  endfacet
  facet normal -0 0 1
    outer loop
      vertex 13.3697 114.215 0
      vertex 21.1 103.1 0
      vertex 13.591 114.409 0
    endloop
  endfacet
  facet normal 0 0 1
    outer loop
      vertex 13.4658 89.9779 0
      vertex 21.1 96.1 0
      vertex 13.5 90.5 0
    endloop
  endfacet
  facet normal -0 0 1
    outer loop
      vertex 13.125 114.051 0
      vertex 21.1 103.1 0
      vertex 13.3697 114.215 0
    endloop
  endfacet
  facet normal -0 0 1
    outer loop
      vertex 13.3637 66.4647 0
      vertex 14.1733 12.5823 0
      vertex 13.4658 66.9779 0
    endloop
  endfacet
  facet normal 0 0 1
    outer loop
      vertex 14.1733 12.5823 0
      vertex 13.3637 66.4647 0
      vertex 14.0787 12.861 0
    endloop
  endfacet
  facet normal 0 0 1
    outer loop
      vertex 21.1 96.1 0
      vertex 13.4658 91.0221 0
      vertex 13.5 90.5 0
    endloop
  endfacet
  facet normal -0 0 1
    outer loop
      vertex 12.861 113.921 0
      vertex 21.1 103.1 0
      vertex 13.125 114.051 0
    endloop
  endfacet
  facet normal 0 0 1
    outer loop
      vertex 21.1 96.1 0
      vertex 13.3637 91.5353 0
      vertex 13.4658 91.0221 0
    endloop
  endfacet
  facet normal 0 0 1
    outer loop
      vertex 21.1 96.1 0
      vertex 13.1955 92.0307 0
      vertex 13.3637 91.5353 0
    endloop
  endfacet
  facet normal -0 0 1
    outer loop
      vertex 12.5823 113.827 0
      vertex 21.1 103.1 0
      vertex 12.861 113.921 0
    endloop
  endfacet
  facet normal 0 0 1
    outer loop
      vertex 21.1 96.1 0
      vertex 12.9641 92.5 0
      vertex 13.1955 92.0307 0
    endloop
  endfacet
  facet normal -0 0 1
    outer loop
      vertex 12.2937 113.769 0
      vertex 21.1 103.1 0
      vertex 12.5823 113.827 0
    endloop
  endfacet
  facet normal 0 0 1
    outer loop
      vertex 21.1 96.1 0
      vertex 12.6734 92.935 0
      vertex 12.9641 92.5 0
    endloop
  endfacet
  facet normal 0 -0 1
    outer loop
      vertex 11.5 93.9641 0
      vertex 21.1 103.1 0
      vertex 11.0307 94.1955 0
    endloop
  endfacet
  facet normal 0 0 1
    outer loop
      vertex 21.1 96.1 0
      vertex 12.3284 93.3284 0
      vertex 12.6734 92.935 0
    endloop
  endfacet
  facet normal -0 0 1
    outer loop
      vertex 12 113.75 0
      vertex 21.1 103.1 0
      vertex 12.2937 113.769 0
    endloop
  endfacet
  facet normal 0 0 1
    outer loop
      vertex 10.0221 94.4658 0
      vertex 21.1 103.1 0
      vertex 12 113.75 0
    endloop
  endfacet
  facet normal 0 0 1
    outer loop
      vertex 21.1 96.1 0
      vertex 11.935 93.6734 0
      vertex 12.3284 93.3284 0
    endloop
  endfacet
  facet normal 0 0 1
    outer loop
      vertex 10.0221 94.4658 0
      vertex 12 113.75 0
      vertex 11.7063 113.769 0
    endloop
  endfacet
  facet normal 0 0 1
    outer loop
      vertex 21.1 96.1 0
      vertex 11.5 93.9641 0
      vertex 11.935 93.6734 0
    endloop
  endfacet
  facet normal 0 0 1
    outer loop
      vertex 9.5 94.5 0
      vertex 11.7063 113.769 0
      vertex 11.4177 113.827 0
    endloop
  endfacet
  facet normal 0 0 1
    outer loop
      vertex 8.9779 94.4658 0
      vertex 11.4177 113.827 0
      vertex 11.139 113.921 0
    endloop
  endfacet
  facet normal 0 0 1
    outer loop
      vertex 21.1 103.1 0
      vertex 11.5 93.9641 0
      vertex 21.1 96.1 0
    endloop
  endfacet
  facet normal 0 0 1
    outer loop
      vertex 8.46472 94.3637 0
      vertex 11.139 113.921 0
      vertex 10.875 114.051 0
    endloop
  endfacet
  facet normal 0 0 1
    outer loop
      vertex 8.46472 94.3637 0
      vertex 10.875 114.051 0
      vertex 10.6303 114.215 0
    endloop
  endfacet
  facet normal 0 0 1
    outer loop
      vertex 21.1 103.1 0
      vertex 10.5353 94.3637 0
      vertex 11.0307 94.1955 0
    endloop
  endfacet
  facet normal 0 0 1
    outer loop
      vertex 7.96927 94.1955 0
      vertex 10.6303 114.215 0
      vertex 10.409 114.409 0
    endloop
  endfacet
  facet normal 0 0 1
    outer loop
      vertex 7.5 93.9641 0
      vertex 10.409 114.409 0
      vertex 10.215 114.63 0
    endloop
  endfacet
  facet normal 0 0 1
    outer loop
      vertex 0 121 0
      vertex 10.215 114.63 0
      vertex 10.0514 114.875 0
    endloop
  endfacet
  facet normal 0 0 1
    outer loop
      vertex 21.1 103.1 0
      vertex 10.0221 94.4658 0
      vertex 10.5353 94.3637 0
    endloop
  endfacet
  facet normal 0 0 1
    outer loop
      vertex 0 121 0
      vertex 10.0514 114.875 0
      vertex 9.92127 115.139 0
    endloop
  endfacet
  facet normal 0 0 1
    outer loop
      vertex 0 121 0
      vertex 9.92127 115.139 0
      vertex 9.82667 115.418 0
    endloop
  endfacet
  facet normal 0 0 1
    outer loop
      vertex 0 121 0
      vertex 9.82667 115.418 0
      vertex 9.76925 115.706 0
    endloop
  endfacet
  facet normal 0 0 1
    outer loop
      vertex 0 121 0
      vertex 9.76925 115.706 0
      vertex 9.75 116 0
    endloop
  endfacet
  facet normal 0 0 1
    outer loop
      vertex 11.7063 113.769 0
      vertex 9.5 94.5 0
      vertex 10.0221 94.4658 0
    endloop
  endfacet
  facet normal 0 0 1
    outer loop
      vertex 14.1733 115.418 0
      vertex 21.1 118.9 0
      vertex 14.2308 115.706 0
    endloop
  endfacet
  facet normal 0 0 1
    outer loop
      vertex 23 104 0
      vertex 21.1 103.1 0
      vertex 22.6 103.1 0
    endloop
  endfacet
  facet normal -0 0 1
    outer loop
      vertex 13.1955 65.9693 0
      vertex 14.0787 12.861 0
      vertex 13.3637 66.4647 0
    endloop
  endfacet
  facet normal 0 0 1
    outer loop
      vertex 14.0787 12.861 0
      vertex 13.1955 65.9693 0
      vertex 13.9486 13.125 0
    endloop
  endfacet
  facet normal -0 0 1
    outer loop
      vertex 12.9641 65.5 0
      vertex 13.9486 13.125 0
      vertex 13.1955 65.9693 0
    endloop
  endfacet
  facet normal 0 0 1
    outer loop
      vertex 13.9486 13.125 0
      vertex 12.9641 65.5 0
      vertex 13.785 13.3697 0
    endloop
  endfacet
  facet normal -0 0 1
    outer loop
      vertex 12.6734 65.065 0
      vertex 13.785 13.3697 0
      vertex 12.9641 65.5 0
    endloop
  endfacet
  facet normal 0 0 1
    outer loop
      vertex 13.785 13.3697 0
      vertex 12.6734 65.065 0
      vertex 13.591 13.591 0
    endloop
  endfacet
  facet normal -0 0 1
    outer loop
      vertex 12.3284 64.6716 0
      vertex 13.591 13.591 0
      vertex 12.6734 65.065 0
    endloop
  endfacet
  facet normal 0 0 1
    outer loop
      vertex 13.591 13.591 0
      vertex 12.3284 64.6716 0
      vertex 13.3697 13.785 0
    endloop
  endfacet
  facet normal -0 0 1
    outer loop
      vertex 11.935 64.3266 0
      vertex 13.3697 13.785 0
      vertex 12.3284 64.6716 0
    endloop
  endfacet
  facet normal 0 0 1
    outer loop
      vertex 13.3697 13.785 0
      vertex 11.935 64.3266 0
      vertex 13.125 13.9486 0
    endloop
  endfacet
  facet normal -0 0 1
    outer loop
      vertex 11.5 64.0359 0
      vertex 13.125 13.9486 0
      vertex 11.935 64.3266 0
    endloop
  endfacet
  facet normal 0 0 1
    outer loop
      vertex 13.125 13.9486 0
      vertex 11.5 64.0359 0
      vertex 12.861 14.0787 0
    endloop
  endfacet
  facet normal -0 0 1
    outer loop
      vertex 11.0307 63.8045 0
      vertex 12.861 14.0787 0
      vertex 11.5 64.0359 0
    endloop
  endfacet
  facet normal 0 0 1
    outer loop
      vertex 12.861 14.0787 0
      vertex 11.0307 63.8045 0
      vertex 12.5823 14.1733 0
    endloop
  endfacet
  facet normal -0 0 1
    outer loop
      vertex 10.5353 63.6363 0
      vertex 12.5823 14.1733 0
      vertex 11.0307 63.8045 0
    endloop
  endfacet
  facet normal 0 0 1
    outer loop
      vertex 12.5823 14.1733 0
      vertex 10.5353 63.6363 0
      vertex 12.2937 14.2308 0
    endloop
  endfacet
  facet normal -0 0 1
    outer loop
      vertex 10.0221 63.5342 0
      vertex 12.2937 14.2308 0
      vertex 10.5353 63.6363 0
    endloop
  endfacet
  facet normal 0 0 1
    outer loop
      vertex 12.2937 14.2308 0
      vertex 10.0221 63.5342 0
      vertex 12 14.25 0
    endloop
  endfacet
  facet normal -0 0 1
    outer loop
      vertex 9.5 63.5 0
      vertex 12 14.25 0
      vertex 10.0221 63.5342 0
    endloop
  endfacet
  facet normal 0 0 1
    outer loop
      vertex 12 14.25 0
      vertex 9.5 63.5 0
      vertex 11.7063 14.2308 0
    endloop
  endfacet
  facet normal 0 0 1
    outer loop
      vertex 8.9779 63.5342 0
      vertex 11.7063 14.2308 0
      vertex 9.5 63.5 0
    endloop
  endfacet
  facet normal 0 0 1
    outer loop
      vertex 11.7063 14.2308 0
      vertex 8.9779 63.5342 0
      vertex 11.4177 14.1733 0
    endloop
  endfacet
  facet normal 0 0 1
    outer loop
      vertex 8.46472 63.6363 0
      vertex 11.4177 14.1733 0
      vertex 8.9779 63.5342 0
    endloop
  endfacet
  facet normal 0 0 1
    outer loop
      vertex 11.4177 14.1733 0
      vertex 8.46472 63.6363 0
      vertex 11.139 14.0787 0
    endloop
  endfacet
  facet normal 0 0 1
    outer loop
      vertex 7.96927 63.8045 0
      vertex 11.139 14.0787 0
      vertex 8.46472 63.6363 0
    endloop
  endfacet
  facet normal 0 0 1
    outer loop
      vertex 11.139 14.0787 0
      vertex 7.96927 63.8045 0
      vertex 10.875 13.9486 0
    endloop
  endfacet
  facet normal 0 0 1
    outer loop
      vertex 7.5 64.0359 0
      vertex 10.875 13.9486 0
      vertex 7.96927 63.8045 0
    endloop
  endfacet
  facet normal 0 0 1
    outer loop
      vertex 10.875 13.9486 0
      vertex 7.5 64.0359 0
      vertex 10.6303 13.785 0
    endloop
  endfacet
  facet normal 0 0 1
    outer loop
      vertex 10.6303 13.785 0
      vertex 7.5 64.0359 0
      vertex 10.409 13.591 0
    endloop
  endfacet
  facet normal 0 0 1
    outer loop
      vertex 7.06495 64.3266 0
      vertex 10.409 13.591 0
      vertex 7.5 64.0359 0
    endloop
  endfacet
  facet normal 0 0 1
    outer loop
      vertex 0 7 0
      vertex 10.409 13.591 0
      vertex 7.06495 64.3266 0
    endloop
  endfacet
  facet normal -0 0 1
    outer loop
      vertex 23 98 0
      vertex 28.1 97.6 0
      vertex 29 98 0
    endloop
  endfacet
  facet normal 0 0 1
    outer loop
      vertex 14.2308 115.706 0
      vertex 21.1 118.9 0
      vertex 14.25 116 0
    endloop
  endfacet
  facet normal 0 0 1
    outer loop
      vertex 23 104 0
      vertex 22.6 103.1 0
      vertex 23 98 0
    endloop
  endfacet
  facet normal 0 0 1
    outer loop
      vertex 23 98 0
      vertex 22.6 97.6 0
      vertex 28.1 97.6 0
    endloop
  endfacet
  facet normal 0 0 1
    outer loop
      vertex 22.6 97.6 0
      vertex 23 98 0
      vertex 22.6 103.1 0
    endloop
  endfacet
  facet normal -0 0 1
    outer loop
      vertex 23 118 0
      vertex 29 104 0
      vertex 29 118 0
    endloop
  endfacet
  facet normal 0 0 1
    outer loop
      vertex 29 104 0
      vertex 23 118 0
      vertex 23 104 0
    endloop
  endfacet
  facet normal -0 0 1
    outer loop
      vertex 28.1 124.4 0
      vertex 29 124 0
      vertex 28.1 125.9 0
    endloop
  endfacet
  facet normal 0 0 1
    outer loop
      vertex 28.1 124.4 0
      vertex 23 124 0
      vertex 29 124 0
    endloop
  endfacet
  facet normal 0 0 1
    outer loop
      vertex 22.6 118.9 0
      vertex 23 124 0
      vertex 22.6 124.4 0
    endloop
  endfacet
  facet normal 0 0 1
    outer loop
      vertex 23 124 0
      vertex 22.6 118.9 0
      vertex 23 118 0
    endloop
  endfacet
  facet normal -0 0 1
    outer loop
      vertex 21.1 118.9 0
      vertex 23 118 0
      vertex 22.6 118.9 0
    endloop
  endfacet
  facet normal -0 0 1
    outer loop
      vertex 22.6 124.4 0
      vertex 23 124 0
      vertex 28.1 124.4 0
    endloop
  endfacet
  facet normal 0 0 1
    outer loop
      vertex 71.3637 89.4647 0
      vertex 74.9 96.1 0
      vertex 71.4658 89.9779 0
    endloop
  endfacet
  facet normal 0 0 1
    outer loop
      vertex 74.9 96.1 0
      vertex 71.4658 68.0221 0
      vertex 71.5 67.5 0
    endloop
  endfacet
  facet normal 0 0 1
    outer loop
      vertex 71.1955 88.9693 0
      vertex 74.9 96.1 0
      vertex 71.3637 89.4647 0
    endloop
  endfacet
  facet normal 0 0 1
    outer loop
      vertex 74.9 96.1 0
      vertex 71.3637 68.5353 0
      vertex 71.4658 68.0221 0
    endloop
  endfacet
  facet normal 0 0 1
    outer loop
      vertex 71.1955 69.0307 0
      vertex 74.9 96.1 0
      vertex 71.1955 88.9693 0
    endloop
  endfacet
  facet normal 0 0 1
    outer loop
      vertex 74.9 96.1 0
      vertex 71.1955 69.0307 0
      vertex 71.3637 68.5353 0
    endloop
  endfacet
  facet normal -0 0 1
    outer loop
      vertex 70.9641 88.5 0
      vertex 71.1955 69.0307 0
      vertex 71.1955 88.9693 0
    endloop
  endfacet
  facet normal 0 0 1
    outer loop
      vertex 70.9641 88.5 0
      vertex 70.9641 69.5 0
      vertex 71.1955 69.0307 0
    endloop
  endfacet
  facet normal -0 0 1
    outer loop
      vertex 70.6734 88.065 0
      vertex 70.9641 69.5 0
      vertex 70.9641 88.5 0
    endloop
  endfacet
  facet normal 0 0 1
    outer loop
      vertex 70.6734 88.065 0
      vertex 70.6734 69.935 0
      vertex 70.9641 69.5 0
    endloop
  endfacet
  facet normal -0 0 1
    outer loop
      vertex 70.3284 87.6716 0
      vertex 70.6734 69.935 0
      vertex 70.6734 88.065 0
    endloop
  endfacet
  facet normal 0 0 1
    outer loop
      vertex 70.3284 87.6716 0
      vertex 70.3284 70.3284 0
      vertex 70.6734 69.935 0
    endloop
  endfacet
  facet normal -0 0 1
    outer loop
      vertex 69.935 87.3266 0
      vertex 70.3284 70.3284 0
      vertex 70.3284 87.6716 0
    endloop
  endfacet
  facet normal 0 0 1
    outer loop
      vertex 69.935 87.3266 0
      vertex 69.935 70.6734 0
      vertex 70.3284 70.3284 0
    endloop
  endfacet
  facet normal -0 0 1
    outer loop
      vertex 69.5 87.0359 0
      vertex 69.935 70.6734 0
      vertex 69.935 87.3266 0
    endloop
  endfacet
  facet normal 0 0 1
    outer loop
      vertex 69.5 87.0359 0
      vertex 69.5 70.9641 0
      vertex 69.935 70.6734 0
    endloop
  endfacet
  facet normal -0 0 1
    outer loop
      vertex 69.0307 86.8045 0
      vertex 69.5 70.9641 0
      vertex 69.5 87.0359 0
    endloop
  endfacet
  facet normal 0 0 1
    outer loop
      vertex 69.0307 86.8045 0
      vertex 69.0307 71.1955 0
      vertex 69.5 70.9641 0
    endloop
  endfacet
  facet normal -0 0 1
    outer loop
      vertex 68.5353 86.6363 0
      vertex 69.0307 71.1955 0
      vertex 69.0307 86.8045 0
    endloop
  endfacet
  facet normal 0 0 1
    outer loop
      vertex 68.5353 86.6363 0
      vertex 68.5353 71.3637 0
      vertex 69.0307 71.1955 0
    endloop
  endfacet
  facet normal -0 0 1
    outer loop
      vertex 68.0221 86.5342 0
      vertex 68.5353 71.3637 0
      vertex 68.5353 86.6363 0
    endloop
  endfacet
  facet normal 0 0 1
    outer loop
      vertex 68.0221 86.5342 0
      vertex 68.0221 71.4658 0
      vertex 68.5353 71.3637 0
    endloop
  endfacet
  facet normal -0 0 1
    outer loop
      vertex 67.5 86.5 0
      vertex 68.0221 71.4658 0
      vertex 68.0221 86.5342 0
    endloop
  endfacet
  facet normal 0 0 1
    outer loop
      vertex 67.5 86.5 0
      vertex 67.5 71.5 0
      vertex 68.0221 71.4658 0
    endloop
  endfacet
  facet normal 0 0 1
    outer loop
      vertex 66.9779 86.5342 0
      vertex 67.5 71.5 0
      vertex 67.5 86.5 0
    endloop
  endfacet
  facet normal 0 0 1
    outer loop
      vertex 66.9779 86.5342 0
      vertex 66.9779 71.4658 0
      vertex 67.5 71.5 0
    endloop
  endfacet
  facet normal 0 0 1
    outer loop
      vertex 66.4647 86.6363 0
      vertex 66.9779 71.4658 0
      vertex 66.9779 86.5342 0
    endloop
  endfacet
  facet normal 0 0 1
    outer loop
      vertex 66.4647 86.6363 0
      vertex 66.4647 71.3637 0
      vertex 66.9779 71.4658 0
    endloop
  endfacet
  facet normal 0 0 1
    outer loop
      vertex 65.9693 86.8045 0
      vertex 66.4647 71.3637 0
      vertex 66.4647 86.6363 0
    endloop
  endfacet
  facet normal 0 0 1
    outer loop
      vertex 65.9693 86.8045 0
      vertex 65.9693 71.1955 0
      vertex 66.4647 71.3637 0
    endloop
  endfacet
  facet normal 0 0 1
    outer loop
      vertex 65.5 87.0359 0
      vertex 65.9693 71.1955 0
      vertex 65.9693 86.8045 0
    endloop
  endfacet
  facet normal 0 0 1
    outer loop
      vertex 65.5 87.0359 0
      vertex 65.5 70.9641 0
      vertex 65.9693 71.1955 0
    endloop
  endfacet
  facet normal 0 0 1
    outer loop
      vertex 65.065 87.3266 0
      vertex 65.5 70.9641 0
      vertex 65.5 87.0359 0
    endloop
  endfacet
  facet normal 0 0 1
    outer loop
      vertex 65.065 87.3266 0
      vertex 65.065 70.6734 0
      vertex 65.5 70.9641 0
    endloop
  endfacet
  facet normal 0 0 1
    outer loop
      vertex 64.6716 87.6716 0
      vertex 65.065 70.6734 0
      vertex 65.065 87.3266 0
    endloop
  endfacet
  facet normal 0 0 1
    outer loop
      vertex 64.6716 87.6716 0
      vertex 64.6716 70.3284 0
      vertex 65.065 70.6734 0
    endloop
  endfacet
  facet normal 0 0 1
    outer loop
      vertex 64.3266 88.065 0
      vertex 64.6716 70.3284 0
      vertex 64.6716 87.6716 0
    endloop
  endfacet
  facet normal 0 0 1
    outer loop
      vertex 64.3266 88.065 0
      vertex 64.3266 69.935 0
      vertex 64.6716 70.3284 0
    endloop
  endfacet
  facet normal 0 0 1
    outer loop
      vertex 64.0359 88.5 0
      vertex 64.3266 69.935 0
      vertex 64.3266 88.065 0
    endloop
  endfacet
  facet normal 0 0 1
    outer loop
      vertex 64.0359 88.5 0
      vertex 64.0359 69.5 0
      vertex 64.3266 69.935 0
    endloop
  endfacet
  facet normal 0 0 1
    outer loop
      vertex 63.8045 88.9693 0
      vertex 64.0359 69.5 0
      vertex 64.0359 88.5 0
    endloop
  endfacet
  facet normal 0 0 1
    outer loop
      vertex 63.8045 88.9693 0
      vertex 63.8045 69.0307 0
      vertex 64.0359 69.5 0
    endloop
  endfacet
  facet normal 0 0 1
    outer loop
      vertex 28.1 96.1 0
      vertex 63.8045 88.9693 0
      vertex 63.6363 89.4647 0
    endloop
  endfacet
  facet normal 0 0 1
    outer loop
      vertex 63.8045 88.9693 0
      vertex 28.1 96.1 0
      vertex 63.8045 69.0307 0
    endloop
  endfacet
  facet normal 0 0 1
    outer loop
      vertex 28.1 96.1 0
      vertex 63.6363 89.4647 0
      vertex 63.5342 89.9779 0
    endloop
  endfacet
  facet normal 0 0 1
    outer loop
      vertex 63.8045 69.0307 0
      vertex 28.1 96.1 0
      vertex 63.6363 68.5353 0
    endloop
  endfacet
  facet normal 0 0 1
    outer loop
      vertex 28.1 96.1 0
      vertex 63.5342 89.9779 0
      vertex 63.5 90.5 0
    endloop
  endfacet
  facet normal 0 0 1
    outer loop
      vertex 63.6363 68.5353 0
      vertex 28.1 96.1 0
      vertex 63.5342 68.0221 0
    endloop
  endfacet
  facet normal -0 0 1
    outer loop
      vertex 67 118 0
      vertex 73 104 0
      vertex 73 118 0
    endloop
  endfacet
  facet normal 0 0 1
    outer loop
      vertex 73 104 0
      vertex 67 118 0
      vertex 67 104 0
    endloop
  endfacet
  facet normal -0 0 1
    outer loop
      vertex 73 124 0
      vertex 73.4 118.9 0
      vertex 73.4 124.4 0
    endloop
  endfacet
  facet normal 0 0 1
    outer loop
      vertex 73.4 118.9 0
      vertex 73 118 0
      vertex 73.4 103.1 0
    endloop
  endfacet
  facet normal 0 0 1
    outer loop
      vertex 73.4 118.9 0
      vertex 73 124 0
      vertex 73 118 0
    endloop
  endfacet
  facet normal -0 0 1
    outer loop
      vertex 67.9 124.4 0
      vertex 73 124 0
      vertex 73.4 124.4 0
    endloop
  endfacet
  facet normal 0 0 1
    outer loop
      vertex 73 124 0
      vertex 67.9 124.4 0
      vertex 67 124 0
    endloop
  endfacet
  facet normal 0 0 1
    outer loop
      vertex 89 7 0
      vertex 74.2308 12.2937 0
      vertex 74.25 12 0
    endloop
  endfacet
  facet normal -0 0 1
    outer loop
      vertex 71.4658 66.9779 0
      vertex 89 7 0
      vertex 71.5 67.5 0
    endloop
  endfacet
  facet normal -0 0 1
    outer loop
      vertex 71.3637 66.4647 0
      vertex 89 7 0
      vertex 71.4658 66.9779 0
    endloop
  endfacet
  facet normal 0 0 1
    outer loop
      vertex 89 7 0
      vertex 74.1733 12.5823 0
      vertex 74.2308 12.2937 0
    endloop
  endfacet
  facet normal -0 0 1
    outer loop
      vertex 71.1955 65.9693 0
      vertex 89 7 0
      vertex 71.3637 66.4647 0
    endloop
  endfacet
  facet normal 0 0 1
    outer loop
      vertex 89 7 0
      vertex 74.0787 12.861 0
      vertex 74.1733 12.5823 0
    endloop
  endfacet
  facet normal -0 0 1
    outer loop
      vertex 70.9641 65.5 0
      vertex 89 7 0
      vertex 71.1955 65.9693 0
    endloop
  endfacet
  facet normal 0 0 1
    outer loop
      vertex 89 7 0
      vertex 73.9486 13.125 0
      vertex 74.0787 12.861 0
    endloop
  endfacet
  facet normal -0 0 1
    outer loop
      vertex 70.6734 65.065 0
      vertex 89 7 0
      vertex 70.9641 65.5 0
    endloop
  endfacet
  facet normal 0 0 1
    outer loop
      vertex 89 7 0
      vertex 73.785 13.3697 0
      vertex 73.9486 13.125 0
    endloop
  endfacet
  facet normal -0 0 1
    outer loop
      vertex 70.3284 64.6716 0
      vertex 89 7 0
      vertex 70.6734 65.065 0
    endloop
  endfacet
  facet normal 0 0 1
    outer loop
      vertex 89 7 0
      vertex 73.591 13.591 0
      vertex 73.785 13.3697 0
    endloop
  endfacet
  facet normal -0 -0 1
    outer loop
      vertex 73.3697 13.785 0
      vertex 89 7 0
      vertex 70.3284 64.6716 0
    endloop
  endfacet
  facet normal 0 0 1
    outer loop
      vertex 71.4658 89.9779 0
      vertex 74.9 96.1 0
      vertex 71.5 90.5 0
    endloop
  endfacet
  facet normal 0 0 1
    outer loop
      vertex 74.9 96.1 0
      vertex 71.4658 91.0221 0
      vertex 71.5 90.5 0
    endloop
  endfacet
  facet normal 0 0 1
    outer loop
      vertex 74.9 96.1 0
      vertex 71.3637 91.5353 0
      vertex 71.4658 91.0221 0
    endloop
  endfacet
  facet normal 0 0 1
    outer loop
      vertex 74.9 96.1 0
      vertex 71.1955 92.0307 0
      vertex 71.3637 91.5353 0
    endloop
  endfacet
  facet normal 0 0 1
    outer loop
      vertex 74.9 96.1 0
      vertex 70.9641 92.5 0
      vertex 71.1955 92.0307 0
    endloop
  endfacet
  facet normal 0 0 1
    outer loop
      vertex 74.9 96.1 0
      vertex 70.6734 92.935 0
      vertex 70.9641 92.5 0
    endloop
  endfacet
  facet normal 0 0 1
    outer loop
      vertex 74.9 96.1 0
      vertex 70.3284 93.3284 0
      vertex 70.6734 92.935 0
    endloop
  endfacet
  facet normal 0 0 1
    outer loop
      vertex 74.9 96.1 0
      vertex 69.935 93.6734 0
      vertex 70.3284 93.3284 0
    endloop
  endfacet
  facet normal 0 0 1
    outer loop
      vertex 74.9 96.1 0
      vertex 69.5 93.9641 0
      vertex 69.935 93.6734 0
    endloop
  endfacet
  facet normal -0 0 1
    outer loop
      vertex 67.9 96.1 0
      vertex 69.5 93.9641 0
      vertex 74.9 96.1 0
    endloop
  endfacet
  facet normal 0 0 1
    outer loop
      vertex 69.5 93.9641 0
      vertex 67.9 96.1 0
      vertex 69.0307 94.1955 0
    endloop
  endfacet
  facet normal 0 0 1
    outer loop
      vertex 69.0307 94.1955 0
      vertex 67.9 96.1 0
      vertex 68.5353 94.3637 0
    endloop
  endfacet
  facet normal 0 0 1
    outer loop
      vertex 68.5353 94.3637 0
      vertex 67.9 96.1 0
      vertex 68.0221 94.4658 0
    endloop
  endfacet
  facet normal 0 0 1
    outer loop
      vertex 68.0221 94.4658 0
      vertex 67.9 96.1 0
      vertex 67.5 94.5 0
    endloop
  endfacet
  facet normal -0 0 1
    outer loop
      vertex 73.4 118.9 0
      vertex 74.9 103.1 0
      vertex 74.9 118.9 0
    endloop
  endfacet
  facet normal 0 0 1
    outer loop
      vertex 74.9 103.1 0
      vertex 73.4 118.9 0
      vertex 73.4 103.1 0
    endloop
  endfacet
  facet normal 0 0 1
    outer loop
      vertex 84 118.25 0
      vertex 89 121 0
      vertex 89 128 0
    endloop
  endfacet
  facet normal 0 0 1
    outer loop
      vertex 86.1733 115.418 0
      vertex 89 121 0
      vertex 86.2308 115.706 0
    endloop
  endfacet
  facet normal 0 0 1
    outer loop
      vertex 89 121 0
      vertex 86.25 116 0
      vertex 86.2308 115.706 0
    endloop
  endfacet
  facet normal 0 0 1
    outer loop
      vertex 89 121 0
      vertex 86.2308 116.294 0
      vertex 86.25 116 0
    endloop
  endfacet
  facet normal 0 0 1
    outer loop
      vertex 89 121 0
      vertex 86.1733 116.582 0
      vertex 86.2308 116.294 0
    endloop
  endfacet
  facet normal 0 0 1
    outer loop
      vertex 89 121 0
      vertex 86.0787 116.861 0
      vertex 86.1733 116.582 0
    endloop
  endfacet
  facet normal 0 0 1
    outer loop
      vertex 89 121 0
      vertex 85.9486 117.125 0
      vertex 86.0787 116.861 0
    endloop
  endfacet
  facet normal 0 0 1
    outer loop
      vertex 89 121 0
      vertex 85.785 117.37 0
      vertex 85.9486 117.125 0
    endloop
  endfacet
  facet normal 0 0 1
    outer loop
      vertex 89 121 0
      vertex 85.591 117.591 0
      vertex 85.785 117.37 0
    endloop
  endfacet
  facet normal 0 0 1
    outer loop
      vertex 89 121 0
      vertex 85.3697 117.785 0
      vertex 85.591 117.591 0
    endloop
  endfacet
  facet normal 0 0 1
    outer loop
      vertex 89 121 0
      vertex 85.125 117.949 0
      vertex 85.3697 117.785 0
    endloop
  endfacet
  facet normal 0 0 1
    outer loop
      vertex 89 121 0
      vertex 84.861 118.079 0
      vertex 85.125 117.949 0
    endloop
  endfacet
  facet normal 0 0 1
    outer loop
      vertex 89 121 0
      vertex 84.5823 118.173 0
      vertex 84.861 118.079 0
    endloop
  endfacet
  facet normal 0 0 1
    outer loop
      vertex 89 121 0
      vertex 84.2937 118.231 0
      vertex 84.5823 118.173 0
    endloop
  endfacet
  facet normal 0 0 1
    outer loop
      vertex 89 121 0
      vertex 84 118.25 0
      vertex 84.2937 118.231 0
    endloop
  endfacet
  facet normal 0 0 1
    outer loop
      vertex 89 128 0
      vertex 83.7063 118.231 0
      vertex 84 118.25 0
    endloop
  endfacet
  facet normal 0 0 1
    outer loop
      vertex 89 128 0
      vertex 83.4177 118.173 0
      vertex 83.7063 118.231 0
    endloop
  endfacet
  facet normal -0 0 1
    outer loop
      vertex 74.9 125.9 0
      vertex 83.4177 118.173 0
      vertex 89 128 0
    endloop
  endfacet
  facet normal 0 0 1
    outer loop
      vertex 83.4177 118.173 0
      vertex 74.9 125.9 0
      vertex 83.139 118.079 0
    endloop
  endfacet
  facet normal 0 0 1
    outer loop
      vertex 83.139 118.079 0
      vertex 74.9 125.9 0
      vertex 82.875 117.949 0
    endloop
  endfacet
  facet normal 0 0 1
    outer loop
      vertex 82.875 117.949 0
      vertex 74.9 125.9 0
      vertex 82.6303 117.785 0
    endloop
  endfacet
  facet normal -0 0 1
    outer loop
      vertex 74.9 118.9 0
      vertex 82.6303 117.785 0
      vertex 74.9 125.9 0
    endloop
  endfacet
  facet normal 0 0 1
    outer loop
      vertex 82.6303 117.785 0
      vertex 74.9 118.9 0
      vertex 82.409 117.591 0
    endloop
  endfacet
  facet normal 0 0 1
    outer loop
      vertex 81.8267 116.582 0
      vertex 74.9 118.9 0
      vertex 81.7692 116.294 0
    endloop
  endfacet
  facet normal 0 0 1
    outer loop
      vertex 81.9213 116.861 0
      vertex 74.9 118.9 0
      vertex 81.8267 116.582 0
    endloop
  endfacet
  facet normal 0 0 1
    outer loop
      vertex 82.0514 117.125 0
      vertex 74.9 118.9 0
      vertex 81.9213 116.861 0
    endloop
  endfacet
  facet normal 0 0 1
    outer loop
      vertex 82.215 117.37 0
      vertex 74.9 118.9 0
      vertex 82.0514 117.125 0
    endloop
  endfacet
  facet normal 0 0 1
    outer loop
      vertex 82.409 117.591 0
      vertex 74.9 118.9 0
      vertex 82.215 117.37 0
    endloop
  endfacet
  facet normal 0 0 1
    outer loop
      vertex 89 128 0
      vertex 67.9 125.9 0
      vertex 74.9 125.9 0
    endloop
  endfacet
  facet normal 0 0 1
    outer loop
      vertex 67.9 125.9 0
      vertex 67 124 0
      vertex 67.9 124.4 0
    endloop
  endfacet
  facet normal 0 0 1
    outer loop
      vertex 29 118 0
      vertex 67 118 0
      vertex 67 124 0
    endloop
  endfacet
  facet normal 0 0 1
    outer loop
      vertex 67 118 0
      vertex 29 118 0
      vertex 67 104 0
    endloop
  endfacet
  facet normal 0 -0 1
    outer loop
      vertex 64.0359 92.5 0
      vertex 67 104 0
      vertex 29 104 0
    endloop
  endfacet
  facet normal 0 0 1
    outer loop
      vertex 67 98 0
      vertex 66.4647 94.3637 0
      vertex 66.9779 94.4658 0
    endloop
  endfacet
  facet normal 0 0 1
    outer loop
      vertex 67 98 0
      vertex 65.9693 94.1955 0
      vertex 66.4647 94.3637 0
    endloop
  endfacet
  facet normal 0 0 1
    outer loop
      vertex 67 98 0
      vertex 65.5 93.9641 0
      vertex 65.9693 94.1955 0
    endloop
  endfacet
  facet normal 0 0 1
    outer loop
      vertex 67 98 0
      vertex 65.065 93.6734 0
      vertex 65.5 93.9641 0
    endloop
  endfacet
  facet normal 0 0 1
    outer loop
      vertex 67 98 0
      vertex 64.6716 93.3284 0
      vertex 65.065 93.6734 0
    endloop
  endfacet
  facet normal 0 0 1
    outer loop
      vertex 67 104 0
      vertex 64.3266 92.935 0
      vertex 67 98 0
    endloop
  endfacet
  facet normal 0 0 1
    outer loop
      vertex 67 98 0
      vertex 64.3266 92.935 0
      vertex 64.6716 93.3284 0
    endloop
  endfacet
  facet normal 0 0 1
    outer loop
      vertex 67 104 0
      vertex 64.0359 92.5 0
      vertex 64.3266 92.935 0
    endloop
  endfacet
  facet normal -0 0 1
    outer loop
      vertex 29 98 0
      vertex 64.0359 92.5 0
      vertex 29 104 0
    endloop
  endfacet
  facet normal 0 0 1
    outer loop
      vertex 64.0359 92.5 0
      vertex 29 98 0
      vertex 63.8045 92.0307 0
    endloop
  endfacet
  facet normal 0 0 1
    outer loop
      vertex 63.8045 92.0307 0
      vertex 29 98 0
      vertex 63.6363 91.5353 0
    endloop
  endfacet
  facet normal 0 0 1
    outer loop
      vertex 67 104 0
      vertex 29 118 0
      vertex 29 104 0
    endloop
  endfacet
  facet normal 0 0 1
    outer loop
      vertex 29 118 0
      vertex 67 124 0
      vertex 29 124 0
    endloop
  endfacet
  facet normal 0 0 1
    outer loop
      vertex 67.9 125.9 0
      vertex 29 124 0
      vertex 67 124 0
    endloop
  endfacet
  facet normal 0 0 1
    outer loop
      vertex 28.1 125.9 0
      vertex 67.9 125.9 0
      vertex 89 128 0
    endloop
  endfacet
  facet normal 0 0 1
    outer loop
      vertex 67.9 125.9 0
      vertex 28.1 125.9 0
      vertex 29 124 0
    endloop
  endfacet
  facet normal -0 0 1
    outer loop
      vertex 7 128 0
      vertex 28.1 125.9 0
      vertex 89 128 0
    endloop
  endfacet
  facet normal 0 0 1
    outer loop
      vertex 13.3697 117.785 0
      vertex 21.1 118.9 0
      vertex 21.1 125.9 0
    endloop
  endfacet
  facet normal 0 0 1
    outer loop
      vertex 14.0787 115.139 0
      vertex 21.1 118.9 0
      vertex 14.1733 115.418 0
    endloop
  endfacet
  facet normal 0 0 1
    outer loop
      vertex 21.1 118.9 0
      vertex 14.0787 115.139 0
      vertex 23 118 0
    endloop
  endfacet
  facet normal 0 0 1
    outer loop
      vertex 21.1 118.9 0
      vertex 14.2308 116.294 0
      vertex 14.25 116 0
    endloop
  endfacet
  facet normal 0 0 1
    outer loop
      vertex 21.1 118.9 0
      vertex 14.1733 116.582 0
      vertex 14.2308 116.294 0
    endloop
  endfacet
  facet normal 0 0 1
    outer loop
      vertex 21.1 118.9 0
      vertex 14.0787 116.861 0
      vertex 14.1733 116.582 0
    endloop
  endfacet
  facet normal 0 0 1
    outer loop
      vertex 21.1 118.9 0
      vertex 13.9486 117.125 0
      vertex 14.0787 116.861 0
    endloop
  endfacet
  facet normal 0 0 1
    outer loop
      vertex 21.1 118.9 0
      vertex 13.785 117.37 0
      vertex 13.9486 117.125 0
    endloop
  endfacet
  facet normal 0 0 1
    outer loop
      vertex 21.1 118.9 0
      vertex 13.591 117.591 0
      vertex 13.785 117.37 0
    endloop
  endfacet
  facet normal 0 0 1
    outer loop
      vertex 21.1 118.9 0
      vertex 13.3697 117.785 0
      vertex 13.591 117.591 0
    endloop
  endfacet
  facet normal 0 0 1
    outer loop
      vertex 21.1 125.9 0
      vertex 13.125 117.949 0
      vertex 13.3697 117.785 0
    endloop
  endfacet
  facet normal 0 0 1
    outer loop
      vertex 21.1 125.9 0
      vertex 12.861 118.079 0
      vertex 13.125 117.949 0
    endloop
  endfacet
  facet normal 0 0 1
    outer loop
      vertex 21.1 125.9 0
      vertex 12.5823 118.173 0
      vertex 12.861 118.079 0
    endloop
  endfacet
  facet normal 0 0 1
    outer loop
      vertex 21.1 125.9 0
      vertex 12.2937 118.231 0
      vertex 12.5823 118.173 0
    endloop
  endfacet
  facet normal 0 0 1
    outer loop
      vertex 7 128 0
      vertex 12.2937 118.231 0
      vertex 21.1 125.9 0
    endloop
  endfacet
  facet normal 0 0 1
    outer loop
      vertex 12.2937 118.231 0
      vertex 7 128 0
      vertex 12 118.25 0
    endloop
  endfacet
  facet normal -0 0 1
    outer loop
      vertex 7 121 0
      vertex 12 118.25 0
      vertex 7 128 0
    endloop
  endfacet
  facet normal 0 0 1
    outer loop
      vertex 12 118.25 0
      vertex 7 121 0
      vertex 11.7063 118.231 0
    endloop
  endfacet
  facet normal 0 0 1
    outer loop
      vertex 11.7063 118.231 0
      vertex 7 121 0
      vertex 11.4177 118.173 0
    endloop
  endfacet
  facet normal 0 0 1
    outer loop
      vertex 11.4177 118.173 0
      vertex 7 121 0
      vertex 11.139 118.079 0
    endloop
  endfacet
  facet normal 0 0 1
    outer loop
      vertex 11.4177 113.827 0
      vertex 8.9779 94.4658 0
      vertex 9.5 94.5 0
    endloop
  endfacet
  facet normal 0 0 1
    outer loop
      vertex 11.139 113.921 0
      vertex 8.46472 94.3637 0
      vertex 8.9779 94.4658 0
    endloop
  endfacet
  facet normal 0 0 1
    outer loop
      vertex 10.6303 114.215 0
      vertex 7.96927 94.1955 0
      vertex 8.46472 94.3637 0
    endloop
  endfacet
  facet normal 0 0 1
    outer loop
      vertex 7 121 0
      vertex 9.75 116 0
      vertex 9.76925 116.294 0
    endloop
  endfacet
  facet normal 0 0 1
    outer loop
      vertex 10.409 114.409 0
      vertex 7.5 93.9641 0
      vertex 7.96927 94.1955 0
    endloop
  endfacet
  facet normal 0 0 1
    outer loop
      vertex 10.215 114.63 0
      vertex 7.06495 93.6734 0
      vertex 7.5 93.9641 0
    endloop
  endfacet
  facet normal 0 0 1
    outer loop
      vertex 28.1 125.9 0
      vertex 7 128 0
      vertex 21.1 125.9 0
    endloop
  endfacet
  facet normal 0 0 1
    outer loop
      vertex 11.139 118.079 0
      vertex 7 121 0
      vertex 10.875 117.949 0
    endloop
  endfacet
  facet normal 0 0 1
    outer loop
      vertex 10.875 117.949 0
      vertex 7 121 0
      vertex 10.6303 117.785 0
    endloop
  endfacet
  facet normal 0 0 1
    outer loop
      vertex 10.6303 117.785 0
      vertex 7 121 0
      vertex 10.409 117.591 0
    endloop
  endfacet
  facet normal 0 0 1
    outer loop
      vertex 10.409 117.591 0
      vertex 7 121 0
      vertex 10.215 117.37 0
    endloop
  endfacet
  facet normal 0 0 1
    outer loop
      vertex 10.215 117.37 0
      vertex 7 121 0
      vertex 10.0514 117.125 0
    endloop
  endfacet
  facet normal 0 0 1
    outer loop
      vertex 10.0514 117.125 0
      vertex 7 121 0
      vertex 9.92127 116.861 0
    endloop
  endfacet
  facet normal 0 0 1
    outer loop
      vertex 9.92127 116.861 0
      vertex 7 121 0
      vertex 9.82667 116.582 0
    endloop
  endfacet
  facet normal 0 0 1
    outer loop
      vertex 9.82667 116.582 0
      vertex 7 121 0
      vertex 9.76925 116.294 0
    endloop
  endfacet
  facet normal 0 0 1
    outer loop
      vertex 9.75 116 0
      vertex 7 121 0
      vertex 0 121 0
    endloop
  endfacet
  facet normal 0 0 1
    outer loop
      vertex 10.215 114.63 0
      vertex 0 121 0
      vertex 7.06495 93.6734 0
    endloop
  endfacet
  facet normal 0 0 1
    outer loop
      vertex 7.06495 93.6734 0
      vertex 0 121 0
      vertex 6.67157 93.3284 0
    endloop
  endfacet
  facet normal 0 0 1
    outer loop
      vertex 6.67157 93.3284 0
      vertex 0 121 0
      vertex 6.32659 92.935 0
    endloop
  endfacet
  facet normal 0 0 1
    outer loop
      vertex 6.32659 92.935 0
      vertex 0 121 0
      vertex 6.0359 92.5 0
    endloop
  endfacet
  facet normal 0 0 1
    outer loop
      vertex 6.0359 92.5 0
      vertex 0 121 0
      vertex 5.80448 92.0307 0
    endloop
  endfacet
  facet normal 0 0 1
    outer loop
      vertex 5.80448 92.0307 0
      vertex 0 121 0
      vertex 5.6363 91.5353 0
    endloop
  endfacet
  facet normal 0 0 1
    outer loop
      vertex 5.6363 91.5353 0
      vertex 0 121 0
      vertex 5.53422 91.0221 0
    endloop
  endfacet
  facet normal 0 0 1
    outer loop
      vertex 5.5 90.5 0
      vertex 0 121 0
      vertex 5.5 67.5 0
    endloop
  endfacet
  facet normal 0 0 1
    outer loop
      vertex 5.53422 91.0221 0
      vertex 0 121 0
      vertex 5.5 90.5 0
    endloop
  endfacet
  facet normal -0 0 1
    outer loop
      vertex 89 121 0
      vertex 96 7 0
      vertex 96 121 0
    endloop
  endfacet
  facet normal 0 0 1
    outer loop
      vertex 96 7 0
      vertex 89 121 0
      vertex 89 7 0
    endloop
  endfacet
  facet normal 0 0 1
    outer loop
      vertex 86.0787 115.139 0
      vertex 89 121 0
      vertex 86.1733 115.418 0
    endloop
  endfacet
  facet normal 0 0 1
    outer loop
      vertex 89 121 0
      vertex 86.0787 115.139 0
      vertex 89 7 0
    endloop
  endfacet
  facet normal -0 0 1
    outer loop
      vertex 85.9486 114.875 0
      vertex 89 7 0
      vertex 86.0787 115.139 0
    endloop
  endfacet
  facet normal 0 0 1
    outer loop
      vertex 71.5 67.5 0
      vertex 85.9486 114.875 0
      vertex 85.785 114.63 0
    endloop
  endfacet
  facet normal 0 0 1
    outer loop
      vertex 71.5 67.5 0
      vertex 85.785 114.63 0
      vertex 74.9 96.1 0
    endloop
  endfacet
  facet normal 0 0 1
    outer loop
      vertex 74.9 96.1 0
      vertex 85.785 114.63 0
      vertex 85.591 114.409 0
    endloop
  endfacet
  facet normal 0 0 1
    outer loop
      vertex 74.9 96.1 0
      vertex 85.591 114.409 0
      vertex 85.3697 114.215 0
    endloop
  endfacet
  facet normal 0 0 1
    outer loop
      vertex 74.9 96.1 0
      vertex 85.3697 114.215 0
      vertex 85.125 114.051 0
    endloop
  endfacet
  facet normal 0 0 1
    outer loop
      vertex 74.9 96.1 0
      vertex 85.125 114.051 0
      vertex 84.861 113.921 0
    endloop
  endfacet
  facet normal 0 0 1
    outer loop
      vertex 74.9 96.1 0
      vertex 84.861 113.921 0
      vertex 84.5823 113.827 0
    endloop
  endfacet
  facet normal 0 0 1
    outer loop
      vertex 74.9 103.1 0
      vertex 84.5823 113.827 0
      vertex 84.2937 113.769 0
    endloop
  endfacet
  facet normal 0 0 1
    outer loop
      vertex 74.9 103.1 0
      vertex 84.2937 113.769 0
      vertex 84 113.75 0
    endloop
  endfacet
  facet normal 0 0 1
    outer loop
      vertex 74.9 103.1 0
      vertex 84 113.75 0
      vertex 83.7063 113.769 0
    endloop
  endfacet
  facet normal 0 0 1
    outer loop
      vertex 74.9 103.1 0
      vertex 83.7063 113.769 0
      vertex 83.4177 113.827 0
    endloop
  endfacet
  facet normal 0 0 1
    outer loop
      vertex 74.9 103.1 0
      vertex 83.4177 113.827 0
      vertex 83.139 113.921 0
    endloop
  endfacet
  facet normal 0 0 1
    outer loop
      vertex 74.9 103.1 0
      vertex 83.139 113.921 0
      vertex 82.875 114.051 0
    endloop
  endfacet
  facet normal 0 0 1
    outer loop
      vertex 74.9 103.1 0
      vertex 82.875 114.051 0
      vertex 82.6303 114.215 0
    endloop
  endfacet
  facet normal 0 0 1
    outer loop
      vertex 74.9 103.1 0
      vertex 82.6303 114.215 0
      vertex 82.409 114.409 0
    endloop
  endfacet
  facet normal 0 0 1
    outer loop
      vertex 74.9 103.1 0
      vertex 82.409 114.409 0
      vertex 82.215 114.63 0
    endloop
  endfacet
  facet normal 0 0 1
    outer loop
      vertex 74.9 103.1 0
      vertex 82.215 114.63 0
      vertex 82.0514 114.875 0
    endloop
  endfacet
  facet normal 0 0 1
    outer loop
      vertex 74.9 118.9 0
      vertex 82.0514 114.875 0
      vertex 81.9213 115.139 0
    endloop
  endfacet
  facet normal 0 0 1
    outer loop
      vertex 74.9 118.9 0
      vertex 81.9213 115.139 0
      vertex 81.8267 115.418 0
    endloop
  endfacet
  facet normal 0 0 1
    outer loop
      vertex 74.9 118.9 0
      vertex 81.8267 115.418 0
      vertex 81.7692 115.706 0
    endloop
  endfacet
  facet normal 0 0 1
    outer loop
      vertex 74.9 118.9 0
      vertex 81.7692 115.706 0
      vertex 81.75 116 0
    endloop
  endfacet
  facet normal 0 0 1
    outer loop
      vertex 81.7692 116.294 0
      vertex 74.9 118.9 0
      vertex 81.75 116 0
    endloop
  endfacet
  facet normal 0 0 1
    outer loop
      vertex 82.0514 114.875 0
      vertex 74.9 118.9 0
      vertex 74.9 103.1 0
    endloop
  endfacet
  facet normal 0 0 1
    outer loop
      vertex 84.5823 113.827 0
      vertex 74.9 103.1 0
      vertex 74.9 96.1 0
    endloop
  endfacet
  facet normal 0 0 1
    outer loop
      vertex 85.9486 114.875 0
      vertex 71.5 67.5 0
      vertex 89 7 0
    endloop
  endfacet
  facet normal -0 0 1
    outer loop
      vertex 74.2308 11.7063 0
      vertex 89 7 0
      vertex 74.25 12 0
    endloop
  endfacet
  facet normal -0 0 1
    outer loop
      vertex 74.1733 11.4177 0
      vertex 89 7 0
      vertex 74.2308 11.7063 0
    endloop
  endfacet
  facet normal -0 0 1
    outer loop
      vertex 74.0787 11.139 0
      vertex 89 7 0
      vertex 74.1733 11.4177 0
    endloop
  endfacet
  facet normal -0 0 1
    outer loop
      vertex 73.9486 10.875 0
      vertex 89 7 0
      vertex 74.0787 11.139 0
    endloop
  endfacet
  facet normal -0 0 1
    outer loop
      vertex 73.785 10.6303 0
      vertex 89 7 0
      vertex 73.9486 10.875 0
    endloop
  endfacet
  facet normal -0 0 1
    outer loop
      vertex 73.591 10.409 0
      vertex 89 7 0
      vertex 73.785 10.6303 0
    endloop
  endfacet
  facet normal 0 0 1
    outer loop
      vertex 89 7 0
      vertex 73.591 10.409 0
      vertex 89 0 0
    endloop
  endfacet
  facet normal -0 0 1
    outer loop
      vertex 73.3697 10.215 0
      vertex 89 0 0
      vertex 73.591 10.409 0
    endloop
  endfacet
  facet normal -0 0 1
    outer loop
      vertex 73.125 10.0514 0
      vertex 89 0 0
      vertex 73.3697 10.215 0
    endloop
  endfacet
  facet normal -0 0 1
    outer loop
      vertex 72.861 9.92127 0
      vertex 89 0 0
      vertex 73.125 10.0514 0
    endloop
  endfacet
  facet normal -0 0 1
    outer loop
      vertex 72.5823 9.82667 0
      vertex 89 0 0
      vertex 72.861 9.92127 0
    endloop
  endfacet
  facet normal -0 0 1
    outer loop
      vertex 72.2937 9.76925 0
      vertex 89 0 0
      vertex 72.5823 9.82667 0
    endloop
  endfacet
  facet normal -0 0 1
    outer loop
      vertex 72 9.75 0
      vertex 89 0 0
      vertex 72.2937 9.76925 0
    endloop
  endfacet
  facet normal 0 0 1
    outer loop
      vertex 71.7063 9.76925 0
      vertex 89 0 0
      vertex 72 9.75 0
    endloop
  endfacet
  facet normal 0 0 1
    outer loop
      vertex 71.4177 9.82667 0
      vertex 89 0 0
      vertex 71.7063 9.76925 0
    endloop
  endfacet
  facet normal 0 0 1
    outer loop
      vertex 71.139 9.92127 0
      vertex 89 0 0
      vertex 71.4177 9.82667 0
    endloop
  endfacet
  facet normal 0 0 1
    outer loop
      vertex 7 0 0
      vertex 71.139 9.92127 0
      vertex 70.875 10.0514 0
    endloop
  endfacet
  facet normal 0 0 1
    outer loop
      vertex 65.5 64.0359 0
      vertex 70.6303 13.785 0
      vertex 65.9693 63.8045 0
    endloop
  endfacet
  facet normal 0 0 1
    outer loop
      vertex 70.6303 13.785 0
      vertex 65.5 64.0359 0
      vertex 70.409 13.591 0
    endloop
  endfacet
  facet normal 0 0 1
    outer loop
      vertex 65.065 64.3266 0
      vertex 70.409 13.591 0
      vertex 65.5 64.0359 0
    endloop
  endfacet
  facet normal 0 0 1
    outer loop
      vertex 70.409 13.591 0
      vertex 65.065 64.3266 0
      vertex 70.215 13.3697 0
    endloop
  endfacet
  facet normal 0 0 1
    outer loop
      vertex 14.25 12 0
      vertex 70.215 13.3697 0
      vertex 65.065 64.3266 0
    endloop
  endfacet
  facet normal 0 0 1
    outer loop
      vertex 70.215 13.3697 0
      vertex 14.25 12 0
      vertex 70.0514 13.125 0
    endloop
  endfacet
  facet normal 0 0 1
    outer loop
      vertex 70.0514 13.125 0
      vertex 14.25 12 0
      vertex 69.9213 12.861 0
    endloop
  endfacet
  facet normal 0 0 1
    outer loop
      vertex 69.9213 12.861 0
      vertex 14.25 12 0
      vertex 69.8267 12.5823 0
    endloop
  endfacet
  facet normal 0 0 1
    outer loop
      vertex 69.8267 12.5823 0
      vertex 14.25 12 0
      vertex 69.7692 12.2937 0
    endloop
  endfacet
  facet normal 0 0 1
    outer loop
      vertex 69.7692 12.2937 0
      vertex 14.25 12 0
      vertex 69.75 12 0
    endloop
  endfacet
  facet normal 0 0 1
    outer loop
      vertex 14.25 12 0
      vertex 65.065 64.3266 0
      vertex 64.6716 64.6716 0
    endloop
  endfacet
  facet normal 0 0 1
    outer loop
      vertex 14.25 12 0
      vertex 64.6716 64.6716 0
      vertex 64.3266 65.065 0
    endloop
  endfacet
  facet normal 0 0 1
    outer loop
      vertex 14.25 12 0
      vertex 64.3266 65.065 0
      vertex 64.0359 65.5 0
    endloop
  endfacet
  facet normal 0 0 1
    outer loop
      vertex 14.25 12 0
      vertex 64.0359 65.5 0
      vertex 63.8045 65.9693 0
    endloop
  endfacet
  facet normal 0 0 1
    outer loop
      vertex 14.25 12 0
      vertex 63.8045 65.9693 0
      vertex 63.6363 66.4647 0
    endloop
  endfacet
  facet normal 0 0 1
    outer loop
      vertex 28.1 96.1 0
      vertex 63.6363 66.4647 0
      vertex 63.5342 66.9779 0
    endloop
  endfacet
  facet normal 0 0 1
    outer loop
      vertex 63.6363 91.5353 0
      vertex 29 98 0
      vertex 63.5342 91.0221 0
    endloop
  endfacet
  facet normal 0 0 1
    outer loop
      vertex 63.5342 91.0221 0
      vertex 29 98 0
      vertex 63.5 90.5 0
    endloop
  endfacet
  facet normal -0 0 1
    outer loop
      vertex 28.1 96.1 0
      vertex 63.5 90.5 0
      vertex 29 98 0
    endloop
  endfacet
  facet normal 0 0 1
    outer loop
      vertex 63.5342 68.0221 0
      vertex 28.1 96.1 0
      vertex 63.5 67.5 0
    endloop
  endfacet
  facet normal 0 0 1
    outer loop
      vertex 63.5 67.5 0
      vertex 28.1 96.1 0
      vertex 63.5342 66.9779 0
    endloop
  endfacet
  facet normal 0 0 1
    outer loop
      vertex 63.6363 66.4647 0
      vertex 28.1 96.1 0
      vertex 21.1 96.1 0
    endloop
  endfacet
  facet normal 0 0 1
    outer loop
      vertex 69.75 12 0
      vertex 14.25 12 0
      vertex 69.7692 11.7063 0
    endloop
  endfacet
  facet normal 0 0 1
    outer loop
      vertex 28.1 96.1 0
      vertex 29 98 0
      vertex 28.1 97.6 0
    endloop
  endfacet
  facet normal 0 0 1
    outer loop
      vertex 14.2308 11.7063 0
      vertex 69.7692 11.7063 0
      vertex 14.25 12 0
    endloop
  endfacet
  facet normal 0 0 1
    outer loop
      vertex 63.6363 66.4647 0
      vertex 21.1 96.1 0
      vertex 14.25 12 0
    endloop
  endfacet
  facet normal 0 0 1
    outer loop
      vertex 69.7692 11.7063 0
      vertex 14.2308 11.7063 0
      vertex 69.8267 11.4177 0
    endloop
  endfacet
  facet normal 0 0 1
    outer loop
      vertex 13.9486 114.875 0
      vertex 23 118 0
      vertex 14.0787 115.139 0
    endloop
  endfacet
  facet normal 0 0 1
    outer loop
      vertex 14.1733 11.4177 0
      vertex 69.8267 11.4177 0
      vertex 14.2308 11.7063 0
    endloop
  endfacet
  facet normal 0 0 1
    outer loop
      vertex 69.8267 11.4177 0
      vertex 14.1733 11.4177 0
      vertex 69.9213 11.139 0
    endloop
  endfacet
  facet normal 0 0 1
    outer loop
      vertex 14.0787 11.139 0
      vertex 69.9213 11.139 0
      vertex 14.1733 11.4177 0
    endloop
  endfacet
  facet normal 0 0 1
    outer loop
      vertex 69.9213 11.139 0
      vertex 14.0787 11.139 0
      vertex 70.0514 10.875 0
    endloop
  endfacet
  facet normal 0 0 1
    outer loop
      vertex 13.9486 10.875 0
      vertex 70.0514 10.875 0
      vertex 14.0787 11.139 0
    endloop
  endfacet
  facet normal 0 0 1
    outer loop
      vertex 70.0514 10.875 0
      vertex 13.9486 10.875 0
      vertex 70.215 10.6303 0
    endloop
  endfacet
  facet normal 0 0 1
    outer loop
      vertex 13.785 10.6303 0
      vertex 70.215 10.6303 0
      vertex 13.9486 10.875 0
    endloop
  endfacet
  facet normal 0 0 1
    outer loop
      vertex 70.215 10.6303 0
      vertex 13.785 10.6303 0
      vertex 70.409 10.409 0
    endloop
  endfacet
  facet normal 0 0 1
    outer loop
      vertex 13.591 10.409 0
      vertex 70.409 10.409 0
      vertex 13.785 10.6303 0
    endloop
  endfacet
  facet normal 0 0 1
    outer loop
      vertex 7 0 0
      vertex 70.409 10.409 0
      vertex 13.591 10.409 0
    endloop
  endfacet
  facet normal 0 0 1
    outer loop
      vertex 70.409 10.409 0
      vertex 7 0 0
      vertex 70.6303 10.215 0
    endloop
  endfacet
  facet normal 0 0 1
    outer loop
      vertex 70.6303 10.215 0
      vertex 7 0 0
      vertex 70.875 10.0514 0
    endloop
  endfacet
  facet normal 0 0 1
    outer loop
      vertex 7 0 0
      vertex 13.591 10.409 0
      vertex 13.3697 10.215 0
    endloop
  endfacet
  facet normal 0 0 1
    outer loop
      vertex 7 0 0
      vertex 13.3697 10.215 0
      vertex 13.125 10.0514 0
    endloop
  endfacet
  facet normal 0 0 1
    outer loop
      vertex 7 0 0
      vertex 13.125 10.0514 0
      vertex 12.861 9.92127 0
    endloop
  endfacet
  facet normal 0 0 1
    outer loop
      vertex 7 0 0
      vertex 12.861 9.92127 0
      vertex 12.5823 9.82667 0
    endloop
  endfacet
  facet normal 0 0 1
    outer loop
      vertex 7 0 0
      vertex 12.5823 9.82667 0
      vertex 12.2937 9.76925 0
    endloop
  endfacet
  facet normal 0 0 1
    outer loop
      vertex 7 0 0
      vertex 12.2937 9.76925 0
      vertex 12 9.75 0
    endloop
  endfacet
  facet normal 0 0 1
    outer loop
      vertex 7 7 0
      vertex 12 9.75 0
      vertex 11.7063 9.76925 0
    endloop
  endfacet
  facet normal 0 0 1
    outer loop
      vertex 0 7 0
      vertex 7.06495 64.3266 0
      vertex 6.67157 64.6716 0
    endloop
  endfacet
  facet normal 0 0 1
    outer loop
      vertex 10.409 13.591 0
      vertex 0 7 0
      vertex 10.215 13.3697 0
    endloop
  endfacet
  facet normal 0 0 1
    outer loop
      vertex 10.215 13.3697 0
      vertex 0 7 0
      vertex 10.0514 13.125 0
    endloop
  endfacet
  facet normal 0 0 1
    outer loop
      vertex 9.92127 12.861 0
      vertex 7 7 0
      vertex 9.82667 12.5823 0
    endloop
  endfacet
  facet normal 0 0 1
    outer loop
      vertex 9.82667 12.5823 0
      vertex 7 7 0
      vertex 9.76925 12.2937 0
    endloop
  endfacet
  facet normal 0 0 1
    outer loop
      vertex 9.76925 12.2937 0
      vertex 7 7 0
      vertex 9.75 12 0
    endloop
  endfacet
  facet normal 0 0 1
    outer loop
      vertex 7 7 0
      vertex 9.76925 11.7063 0
      vertex 9.75 12 0
    endloop
  endfacet
  facet normal 0 0 1
    outer loop
      vertex 7 7 0
      vertex 9.82667 11.4177 0
      vertex 9.76925 11.7063 0
    endloop
  endfacet
  facet normal 0 0 1
    outer loop
      vertex 7 7 0
      vertex 9.92127 11.139 0
      vertex 9.82667 11.4177 0
    endloop
  endfacet
  facet normal 0 0 1
    outer loop
      vertex 7 7 0
      vertex 10.0514 10.875 0
      vertex 9.92127 11.139 0
    endloop
  endfacet
  facet normal 0 0 1
    outer loop
      vertex 7 7 0
      vertex 10.215 10.6303 0
      vertex 10.0514 10.875 0
    endloop
  endfacet
  facet normal 0 0 1
    outer loop
      vertex 7 7 0
      vertex 10.409 10.409 0
      vertex 10.215 10.6303 0
    endloop
  endfacet
  facet normal 0 0 1
    outer loop
      vertex 7 7 0
      vertex 10.6303 10.215 0
      vertex 10.409 10.409 0
    endloop
  endfacet
  facet normal 0 0 1
    outer loop
      vertex 7 7 0
      vertex 10.875 10.0514 0
      vertex 10.6303 10.215 0
    endloop
  endfacet
  facet normal 0 0 1
    outer loop
      vertex 7 7 0
      vertex 11.139 9.92127 0
      vertex 10.875 10.0514 0
    endloop
  endfacet
  facet normal 0 0 1
    outer loop
      vertex 7 7 0
      vertex 11.4177 9.82667 0
      vertex 11.139 9.92127 0
    endloop
  endfacet
  facet normal 0 0 1
    outer loop
      vertex 7 7 0
      vertex 11.7063 9.76925 0
      vertex 11.4177 9.82667 0
    endloop
  endfacet
  facet normal 0 0 1
    outer loop
      vertex 12 9.75 0
      vertex 7 7 0
      vertex 7 0 0
    endloop
  endfacet
  facet normal 0 0 1
    outer loop
      vertex 71.139 9.92127 0
      vertex 7 0 0
      vertex 89 0 0
    endloop
  endfacet
  facet normal -0 0 1
    outer loop
      vertex 73 104 0
      vertex 73.4 103.1 0
      vertex 73 118 0
    endloop
  endfacet
  facet normal 0 0 1
    outer loop
      vertex 73 98 0
      vertex 73.4 103.1 0
      vertex 73 104 0
    endloop
  endfacet
  facet normal 0 0 1
    outer loop
      vertex 73.4 103.1 0
      vertex 73 98 0
      vertex 73.4 97.6 0
    endloop
  endfacet
  facet normal 0 0 1
    outer loop
      vertex 73 98 0
      vertex 67.9 97.6 0
      vertex 73.4 97.6 0
    endloop
  endfacet
  facet normal 0 0 1
    outer loop
      vertex 67 98 0
      vertex 67.9 96.1 0
      vertex 67.9 97.6 0
    endloop
  endfacet
  facet normal -0 0 1
    outer loop
      vertex 67 98 0
      vertex 67.9 97.6 0
      vertex 73 98 0
    endloop
  endfacet
  facet normal 0 0 1
    outer loop
      vertex 67.9 96.1 0
      vertex 67 98 0
      vertex 66.9779 94.4658 0
    endloop
  endfacet
  facet normal 0 0 1
    outer loop
      vertex 67.9 96.1 0
      vertex 66.9779 94.4658 0
      vertex 67.5 94.5 0
    endloop
  endfacet
  facet normal 0 0 1
    outer loop
      vertex 89 7 0
      vertex 73.3697 13.785 0
      vertex 73.591 13.591 0
    endloop
  endfacet
  facet normal 0 0 1
    outer loop
      vertex 73.3697 13.785 0
      vertex 70.3284 64.6716 0
      vertex 73.125 13.9486 0
    endloop
  endfacet
  facet normal -0 0 1
    outer loop
      vertex 69.935 64.3266 0
      vertex 73.125 13.9486 0
      vertex 70.3284 64.6716 0
    endloop
  endfacet
  facet normal 0 0 1
    outer loop
      vertex 73.125 13.9486 0
      vertex 69.935 64.3266 0
      vertex 72.861 14.0787 0
    endloop
  endfacet
  facet normal -0 0 1
    outer loop
      vertex 69.5 64.0359 0
      vertex 72.861 14.0787 0
      vertex 69.935 64.3266 0
    endloop
  endfacet
  facet normal 0 0 1
    outer loop
      vertex 72.861 14.0787 0
      vertex 69.5 64.0359 0
      vertex 72.5823 14.1733 0
    endloop
  endfacet
  facet normal -0 0 1
    outer loop
      vertex 69.0307 63.8045 0
      vertex 72.5823 14.1733 0
      vertex 69.5 64.0359 0
    endloop
  endfacet
  facet normal 0 0 1
    outer loop
      vertex 72.5823 14.1733 0
      vertex 69.0307 63.8045 0
      vertex 72.2937 14.2308 0
    endloop
  endfacet
  facet normal -0 0 1
    outer loop
      vertex 68.5353 63.6363 0
      vertex 72.2937 14.2308 0
      vertex 69.0307 63.8045 0
    endloop
  endfacet
  facet normal 0 0 1
    outer loop
      vertex 72.2937 14.2308 0
      vertex 68.5353 63.6363 0
      vertex 72 14.25 0
    endloop
  endfacet
  facet normal -0 0 1
    outer loop
      vertex 68.0221 63.5342 0
      vertex 72 14.25 0
      vertex 68.5353 63.6363 0
    endloop
  endfacet
  facet normal 0 0 1
    outer loop
      vertex 72 14.25 0
      vertex 68.0221 63.5342 0
      vertex 71.7063 14.2308 0
    endloop
  endfacet
  facet normal -0 0 1
    outer loop
      vertex 67.5 63.5 0
      vertex 71.7063 14.2308 0
      vertex 68.0221 63.5342 0
    endloop
  endfacet
  facet normal 0 0 1
    outer loop
      vertex 71.7063 14.2308 0
      vertex 67.5 63.5 0
      vertex 71.4177 14.1733 0
    endloop
  endfacet
  facet normal 0 0 1
    outer loop
      vertex 66.9779 63.5342 0
      vertex 71.4177 14.1733 0
      vertex 67.5 63.5 0
    endloop
  endfacet
  facet normal 0 0 1
    outer loop
      vertex 71.4177 14.1733 0
      vertex 66.9779 63.5342 0
      vertex 71.139 14.0787 0
    endloop
  endfacet
  facet normal 0 0 1
    outer loop
      vertex 66.4647 63.6363 0
      vertex 71.139 14.0787 0
      vertex 66.9779 63.5342 0
    endloop
  endfacet
  facet normal 0 0 1
    outer loop
      vertex 71.139 14.0787 0
      vertex 66.4647 63.6363 0
      vertex 70.875 13.9486 0
    endloop
  endfacet
  facet normal 0 0 1
    outer loop
      vertex 65.9693 63.8045 0
      vertex 70.875 13.9486 0
      vertex 66.4647 63.6363 0
    endloop
  endfacet
  facet normal 0 0 1
    outer loop
      vertex 70.875 13.9486 0
      vertex 65.9693 63.8045 0
      vertex 70.6303 13.785 0
    endloop
  endfacet
  facet normal 0 0 1
    outer loop
      vertex 11.8 67.5 0
      vertex 12.4 67.5 0
      vertex 12.3752 67.8785 0
    endloop
  endfacet
  facet normal 0 0 1
    outer loop
      vertex 11.7803 67.8002 0
      vertex 12.3752 67.8785 0
      vertex 12.3012 68.2506 0
    endloop
  endfacet
  facet normal 0 0 1
    outer loop
      vertex 12.4 67.5 0
      vertex 11.8 67.5 0
      vertex 12.3752 67.1215 0
    endloop
  endfacet
  facet normal 0 0 1
    outer loop
      vertex 11.7216 68.0953 0
      vertex 12.3012 68.2506 0
      vertex 12.1792 68.6098 0
    endloop
  endfacet
  facet normal -0 0 1
    outer loop
      vertex 11.7803 67.1998 0
      vertex 12.3752 67.1215 0
      vertex 11.8 67.5 0
    endloop
  endfacet
  facet normal 0 0 1
    outer loop
      vertex 11.6249 68.3802 0
      vertex 12.1792 68.6098 0
      vertex 12.0115 68.95 0
    endloop
  endfacet
  facet normal 0 0 1
    outer loop
      vertex 12.3752 67.1215 0
      vertex 11.7803 67.1998 0
      vertex 12.3012 66.7494 0
    endloop
  endfacet
  facet normal 0 0 1
    outer loop
      vertex 11.4919 68.65 0
      vertex 12.0115 68.95 0
      vertex 11.8007 69.2654 0
    endloop
  endfacet
  facet normal -0 0 1
    outer loop
      vertex 11.7216 66.9047 0
      vertex 12.3012 66.7494 0
      vertex 11.7803 67.1998 0
    endloop
  endfacet
  facet normal 0 0 1
    outer loop
      vertex 12.3012 66.7494 0
      vertex 11.7216 66.9047 0
      vertex 12.1792 66.3902 0
    endloop
  endfacet
  facet normal 0 0 1
    outer loop
      vertex 12.3752 67.8785 0
      vertex 11.7803 67.8002 0
      vertex 11.8 67.5 0
    endloop
  endfacet
  facet normal 0 0 1
    outer loop
      vertex 12.3012 68.2506 0
      vertex 11.7216 68.0953 0
      vertex 11.7803 67.8002 0
    endloop
  endfacet
  facet normal 0 0 1
    outer loop
      vertex 12.1792 68.6098 0
      vertex 11.6249 68.3802 0
      vertex 11.7216 68.0953 0
    endloop
  endfacet
  facet normal 0 0 1
    outer loop
      vertex 11.3247 68.9002 0
      vertex 11.8007 69.2654 0
      vertex 11.5506 69.5506 0
    endloop
  endfacet
  facet normal 0 0 1
    outer loop
      vertex 12.0115 68.95 0
      vertex 11.4919 68.65 0
      vertex 11.6249 68.3802 0
    endloop
  endfacet
  facet normal 0 0 1
    outer loop
      vertex 11.8007 69.2654 0
      vertex 11.3247 68.9002 0
      vertex 11.4919 68.65 0
    endloop
  endfacet
  facet normal 0 0 1
    outer loop
      vertex 11.1263 69.1263 0
      vertex 11.5506 69.5506 0
      vertex 11.2654 69.8007 0
    endloop
  endfacet
  facet normal 0 0 1
    outer loop
      vertex 11.5506 69.5506 0
      vertex 11.1263 69.1263 0
      vertex 11.3247 68.9002 0
    endloop
  endfacet
  facet normal 0 0 1
    outer loop
      vertex 10.9002 69.3247 0
      vertex 11.2654 69.8007 0
      vertex 10.95 70.0115 0
    endloop
  endfacet
  facet normal 0 0 1
    outer loop
      vertex 11.2654 69.8007 0
      vertex 10.9002 69.3247 0
      vertex 11.1263 69.1263 0
    endloop
  endfacet
  facet normal 0 0 1
    outer loop
      vertex 10.95 70.0115 0
      vertex 10.65 69.4919 0
      vertex 10.9002 69.3247 0
    endloop
  endfacet
  facet normal 0 0 1
    outer loop
      vertex 10.6098 70.1793 0
      vertex 10.65 69.4919 0
      vertex 10.95 70.0115 0
    endloop
  endfacet
  facet normal 0 0 1
    outer loop
      vertex 10.6098 70.1793 0
      vertex 10.3802 69.6249 0
      vertex 10.65 69.4919 0
    endloop
  endfacet
  facet normal 0 0 1
    outer loop
      vertex 10.2506 70.3012 0
      vertex 10.3802 69.6249 0
      vertex 10.6098 70.1793 0
    endloop
  endfacet
  facet normal 0 0 1
    outer loop
      vertex 10.2506 70.3012 0
      vertex 10.0953 69.7216 0
      vertex 10.3802 69.6249 0
    endloop
  endfacet
  facet normal 0 0 1
    outer loop
      vertex 9.87853 70.3752 0
      vertex 10.0953 69.7216 0
      vertex 10.2506 70.3012 0
    endloop
  endfacet
  facet normal 0 0 1
    outer loop
      vertex 9.87853 70.3752 0
      vertex 9.80021 69.7803 0
      vertex 10.0953 69.7216 0
    endloop
  endfacet
  facet normal 0 0 1
    outer loop
      vertex 9.5 70.4 0
      vertex 9.80021 69.7803 0
      vertex 9.87853 70.3752 0
    endloop
  endfacet
  facet normal 0 0 1
    outer loop
      vertex 9.5 70.4 0
      vertex 9.5 69.8 0
      vertex 9.80021 69.7803 0
    endloop
  endfacet
  facet normal 0 0 1
    outer loop
      vertex 9.5 70.4 0
      vertex 9.19979 69.7803 0
      vertex 9.5 69.8 0
    endloop
  endfacet
  facet normal -0 0 1
    outer loop
      vertex 9.12147 70.3752 0
      vertex 9.19979 69.7803 0
      vertex 9.5 70.4 0
    endloop
  endfacet
  facet normal 0 0 1
    outer loop
      vertex 9.12147 70.3752 0
      vertex 8.90472 69.7216 0
      vertex 9.19979 69.7803 0
    endloop
  endfacet
  facet normal -0 0 1
    outer loop
      vertex 8.74942 70.3012 0
      vertex 8.90472 69.7216 0
      vertex 9.12147 70.3752 0
    endloop
  endfacet
  facet normal 0 0 1
    outer loop
      vertex 8.74942 70.3012 0
      vertex 8.61983 69.6249 0
      vertex 8.90472 69.7216 0
    endloop
  endfacet
  facet normal -0 0 1
    outer loop
      vertex 8.39022 70.1793 0
      vertex 8.61983 69.6249 0
      vertex 8.74942 70.3012 0
    endloop
  endfacet
  facet normal 0 0 1
    outer loop
      vertex 8.39022 70.1793 0
      vertex 8.35 69.4919 0
      vertex 8.61983 69.6249 0
    endloop
  endfacet
  facet normal -0 0 1
    outer loop
      vertex 8.05 70.0115 0
      vertex 8.35 69.4919 0
      vertex 8.39022 70.1793 0
    endloop
  endfacet
  facet normal 0 0 1
    outer loop
      vertex 8.35 69.4919 0
      vertex 8.05 70.0115 0
      vertex 8.09985 69.3247 0
    endloop
  endfacet
  facet normal -0 0 1
    outer loop
      vertex 7.73459 69.8007 0
      vertex 8.09985 69.3247 0
      vertex 8.05 70.0115 0
    endloop
  endfacet
  facet normal 0 0 1
    outer loop
      vertex 8.09985 69.3247 0
      vertex 7.73459 69.8007 0
      vertex 7.87365 69.1263 0
    endloop
  endfacet
  facet normal -0 0 1
    outer loop
      vertex 7.44939 69.5506 0
      vertex 7.87365 69.1263 0
      vertex 7.73459 69.8007 0
    endloop
  endfacet
  facet normal 0 0 1
    outer loop
      vertex 7.87365 69.1263 0
      vertex 7.44939 69.5506 0
      vertex 7.67529 68.9002 0
    endloop
  endfacet
  facet normal -0 0 1
    outer loop
      vertex 7.19928 69.2654 0
      vertex 7.67529 68.9002 0
      vertex 7.44939 69.5506 0
    endloop
  endfacet
  facet normal 0 0 1
    outer loop
      vertex 7.67529 68.9002 0
      vertex 7.19928 69.2654 0
      vertex 7.50814 68.65 0
    endloop
  endfacet
  facet normal -0 0 1
    outer loop
      vertex 6.98853 68.95 0
      vertex 7.50814 68.65 0
      vertex 7.19928 69.2654 0
    endloop
  endfacet
  facet normal 0 0 1
    outer loop
      vertex 7.50814 68.65 0
      vertex 6.98853 68.95 0
      vertex 7.37508 68.3802 0
    endloop
  endfacet
  facet normal 0 0 1
    outer loop
      vertex 7.37508 68.3802 0
      vertex 6.82075 68.6098 0
      vertex 7.27837 68.0953 0
    endloop
  endfacet
  facet normal -0 0 1
    outer loop
      vertex 6.82075 68.6098 0
      vertex 7.37508 68.3802 0
      vertex 6.98853 68.95 0
    endloop
  endfacet
  facet normal -0 0 1
    outer loop
      vertex 11.6249 66.6198 0
      vertex 12.1792 66.3902 0
      vertex 11.7216 66.9047 0
    endloop
  endfacet
  facet normal 0 0 1
    outer loop
      vertex 12.1792 66.3902 0
      vertex 11.6249 66.6198 0
      vertex 12.0115 66.05 0
    endloop
  endfacet
  facet normal -0 0 1
    outer loop
      vertex 11.4919 66.35 0
      vertex 12.0115 66.05 0
      vertex 11.6249 66.6198 0
    endloop
  endfacet
  facet normal 0 0 1
    outer loop
      vertex 12.0115 66.05 0
      vertex 11.4919 66.35 0
      vertex 11.8007 65.7346 0
    endloop
  endfacet
  facet normal -0 0 1
    outer loop
      vertex 11.3247 66.0998 0
      vertex 11.8007 65.7346 0
      vertex 11.4919 66.35 0
    endloop
  endfacet
  facet normal 0 0 1
    outer loop
      vertex 11.8007 65.7346 0
      vertex 11.3247 66.0998 0
      vertex 11.5506 65.4494 0
    endloop
  endfacet
  facet normal -0 0 1
    outer loop
      vertex 11.1263 65.8737 0
      vertex 11.5506 65.4494 0
      vertex 11.3247 66.0998 0
    endloop
  endfacet
  facet normal 0 0 1
    outer loop
      vertex 11.5506 65.4494 0
      vertex 11.1263 65.8737 0
      vertex 11.2654 65.1993 0
    endloop
  endfacet
  facet normal -0 0 1
    outer loop
      vertex 10.9002 65.6753 0
      vertex 11.2654 65.1993 0
      vertex 11.1263 65.8737 0
    endloop
  endfacet
  facet normal 0 0 1
    outer loop
      vertex 11.2654 65.1993 0
      vertex 10.9002 65.6753 0
      vertex 10.95 64.9885 0
    endloop
  endfacet
  facet normal -0 0 1
    outer loop
      vertex 10.65 65.5081 0
      vertex 10.95 64.9885 0
      vertex 10.9002 65.6753 0
    endloop
  endfacet
  facet normal 0 0 1
    outer loop
      vertex 10.65 65.5081 0
      vertex 10.6098 64.8207 0
      vertex 10.95 64.9885 0
    endloop
  endfacet
  facet normal -0 0 1
    outer loop
      vertex 10.3802 65.3751 0
      vertex 10.6098 64.8207 0
      vertex 10.65 65.5081 0
    endloop
  endfacet
  facet normal 0 0 1
    outer loop
      vertex 10.3802 65.3751 0
      vertex 10.2506 64.6988 0
      vertex 10.6098 64.8207 0
    endloop
  endfacet
  facet normal -0 0 1
    outer loop
      vertex 10.0953 65.2784 0
      vertex 10.2506 64.6988 0
      vertex 10.3802 65.3751 0
    endloop
  endfacet
  facet normal 0 0 1
    outer loop
      vertex 10.0953 65.2784 0
      vertex 9.87853 64.6248 0
      vertex 10.2506 64.6988 0
    endloop
  endfacet
  facet normal -0 0 1
    outer loop
      vertex 9.80021 65.2197 0
      vertex 9.87853 64.6248 0
      vertex 10.0953 65.2784 0
    endloop
  endfacet
  facet normal -0 0 1
    outer loop
      vertex 9.5 65.2 0
      vertex 9.87853 64.6248 0
      vertex 9.80021 65.2197 0
    endloop
  endfacet
  facet normal 0 0 1
    outer loop
      vertex 9.5 65.2 0
      vertex 9.5 64.6 0
      vertex 9.87853 64.6248 0
    endloop
  endfacet
  facet normal 0 0 1
    outer loop
      vertex 9.19979 65.2197 0
      vertex 9.5 64.6 0
      vertex 9.5 65.2 0
    endloop
  endfacet
  facet normal 0 0 1
    outer loop
      vertex 9.19979 65.2197 0
      vertex 9.12147 64.6248 0
      vertex 9.5 64.6 0
    endloop
  endfacet
  facet normal 0 0 1
    outer loop
      vertex 8.90472 65.2784 0
      vertex 9.12147 64.6248 0
      vertex 9.19979 65.2197 0
    endloop
  endfacet
  facet normal 0 0 1
    outer loop
      vertex 8.90472 65.2784 0
      vertex 8.74942 64.6988 0
      vertex 9.12147 64.6248 0
    endloop
  endfacet
  facet normal 0 0 1
    outer loop
      vertex 8.61983 65.3751 0
      vertex 8.74942 64.6988 0
      vertex 8.90472 65.2784 0
    endloop
  endfacet
  facet normal 0 0 1
    outer loop
      vertex 8.61983 65.3751 0
      vertex 8.39022 64.8207 0
      vertex 8.74942 64.6988 0
    endloop
  endfacet
  facet normal 0 0 1
    outer loop
      vertex 8.35 65.5081 0
      vertex 8.39022 64.8207 0
      vertex 8.61983 65.3751 0
    endloop
  endfacet
  facet normal 0 0 1
    outer loop
      vertex 8.05 64.9885 0
      vertex 8.35 65.5081 0
      vertex 8.09985 65.6753 0
    endloop
  endfacet
  facet normal 0 0 1
    outer loop
      vertex 8.35 65.5081 0
      vertex 8.05 64.9885 0
      vertex 8.39022 64.8207 0
    endloop
  endfacet
  facet normal 0 0 1
    outer loop
      vertex 7.73459 65.1993 0
      vertex 8.09985 65.6753 0
      vertex 7.87365 65.8737 0
    endloop
  endfacet
  facet normal 0 0 1
    outer loop
      vertex 8.09985 65.6753 0
      vertex 7.73459 65.1993 0
      vertex 8.05 64.9885 0
    endloop
  endfacet
  facet normal 0 0 1
    outer loop
      vertex 7.44939 65.4494 0
      vertex 7.87365 65.8737 0
      vertex 7.67529 66.0998 0
    endloop
  endfacet
  facet normal 0 0 1
    outer loop
      vertex 7.19928 65.7346 0
      vertex 7.67529 66.0998 0
      vertex 7.50814 66.35 0
    endloop
  endfacet
  facet normal 0 0 1
    outer loop
      vertex 7.87365 65.8737 0
      vertex 7.44939 65.4494 0
      vertex 7.73459 65.1993 0
    endloop
  endfacet
  facet normal 0 0 1
    outer loop
      vertex 6.98853 66.05 0
      vertex 7.50814 66.35 0
      vertex 7.37508 66.6198 0
    endloop
  endfacet
  facet normal 0 0 1
    outer loop
      vertex 6.82075 66.3902 0
      vertex 7.37508 66.6198 0
      vertex 7.27837 66.9047 0
    endloop
  endfacet
  facet normal 0 0 1
    outer loop
      vertex 6.69882 66.7494 0
      vertex 7.27837 66.9047 0
      vertex 7.21968 67.1998 0
    endloop
  endfacet
  facet normal 0 0 1
    outer loop
      vertex 7.67529 66.0998 0
      vertex 7.19928 65.7346 0
      vertex 7.44939 65.4494 0
    endloop
  endfacet
  facet normal 0 0 1
    outer loop
      vertex 6.62481 67.1215 0
      vertex 7.21968 67.1998 0
      vertex 7.2 67.5 0
    endloop
  endfacet
  facet normal -0 0 1
    outer loop
      vertex 6.69882 68.2506 0
      vertex 7.27837 68.0953 0
      vertex 6.82075 68.6098 0
    endloop
  endfacet
  facet normal 0 0 1
    outer loop
      vertex 7.27837 68.0953 0
      vertex 6.69882 68.2506 0
      vertex 7.21968 67.8002 0
    endloop
  endfacet
  facet normal 0 0 1
    outer loop
      vertex 7.50814 66.35 0
      vertex 6.98853 66.05 0
      vertex 7.19928 65.7346 0
    endloop
  endfacet
  facet normal -0 0 1
    outer loop
      vertex 6.62481 67.8785 0
      vertex 7.21968 67.8002 0
      vertex 6.69882 68.2506 0
    endloop
  endfacet
  facet normal 0 0 1
    outer loop
      vertex 7.37508 66.6198 0
      vertex 6.82075 66.3902 0
      vertex 6.98853 66.05 0
    endloop
  endfacet
  facet normal 0 0 1
    outer loop
      vertex 7.21968 67.8002 0
      vertex 6.62481 67.8785 0
      vertex 7.2 67.5 0
    endloop
  endfacet
  facet normal 0 0 1
    outer loop
      vertex 7.27837 66.9047 0
      vertex 6.69882 66.7494 0
      vertex 6.82075 66.3902 0
    endloop
  endfacet
  facet normal 0 0 1
    outer loop
      vertex 6.6 67.5 0
      vertex 7.2 67.5 0
      vertex 6.62481 67.8785 0
    endloop
  endfacet
  facet normal 0 0 1
    outer loop
      vertex 7.21968 67.1998 0
      vertex 6.62481 67.1215 0
      vertex 6.69882 66.7494 0
    endloop
  endfacet
  facet normal 0 0 1
    outer loop
      vertex 7.2 67.5 0
      vertex 6.6 67.5 0
      vertex 6.62481 67.1215 0
    endloop
  endfacet
  facet normal 0 0 1
    outer loop
      vertex 69.8 67.5 0
      vertex 70.4 67.5 0
      vertex 70.3752 67.8785 0
    endloop
  endfacet
  facet normal 0 0 1
    outer loop
      vertex 69.7803 67.8002 0
      vertex 70.3752 67.8785 0
      vertex 70.3012 68.2506 0
    endloop
  endfacet
  facet normal 0 0 1
    outer loop
      vertex 70.4 67.5 0
      vertex 69.8 67.5 0
      vertex 70.3752 67.1215 0
    endloop
  endfacet
  facet normal 0 0 1
    outer loop
      vertex 69.7216 68.0953 0
      vertex 70.3012 68.2506 0
      vertex 70.1793 68.6098 0
    endloop
  endfacet
  facet normal -0 0 1
    outer loop
      vertex 69.7803 67.1998 0
      vertex 70.3752 67.1215 0
      vertex 69.8 67.5 0
    endloop
  endfacet
  facet normal 0 0 1
    outer loop
      vertex 69.6249 68.3802 0
      vertex 70.1793 68.6098 0
      vertex 70.0115 68.95 0
    endloop
  endfacet
  facet normal 0 0 1
    outer loop
      vertex 70.3752 67.1215 0
      vertex 69.7803 67.1998 0
      vertex 70.3012 66.7494 0
    endloop
  endfacet
  facet normal 0 0 1
    outer loop
      vertex 69.4919 68.65 0
      vertex 70.0115 68.95 0
      vertex 69.8007 69.2654 0
    endloop
  endfacet
  facet normal -0 0 1
    outer loop
      vertex 69.7216 66.9047 0
      vertex 70.3012 66.7494 0
      vertex 69.7803 67.1998 0
    endloop
  endfacet
  facet normal 0 0 1
    outer loop
      vertex 70.3012 66.7494 0
      vertex 69.7216 66.9047 0
      vertex 70.1793 66.3902 0
    endloop
  endfacet
  facet normal 0 0 1
    outer loop
      vertex 70.3752 67.8785 0
      vertex 69.7803 67.8002 0
      vertex 69.8 67.5 0
    endloop
  endfacet
  facet normal 0 0 1
    outer loop
      vertex 70.3012 68.2506 0
      vertex 69.7216 68.0953 0
      vertex 69.7803 67.8002 0
    endloop
  endfacet
  facet normal 0 0 1
    outer loop
      vertex 70.1793 68.6098 0
      vertex 69.6249 68.3802 0
      vertex 69.7216 68.0953 0
    endloop
  endfacet
  facet normal 0 0 1
    outer loop
      vertex 69.3247 68.9002 0
      vertex 69.8007 69.2654 0
      vertex 69.5506 69.5506 0
    endloop
  endfacet
  facet normal 0 0 1
    outer loop
      vertex 70.0115 68.95 0
      vertex 69.4919 68.65 0
      vertex 69.6249 68.3802 0
    endloop
  endfacet
  facet normal 0 0 1
    outer loop
      vertex 69.8007 69.2654 0
      vertex 69.3247 68.9002 0
      vertex 69.4919 68.65 0
    endloop
  endfacet
  facet normal 0 0 1
    outer loop
      vertex 69.1263 69.1263 0
      vertex 69.5506 69.5506 0
      vertex 69.2654 69.8007 0
    endloop
  endfacet
  facet normal 0 0 1
    outer loop
      vertex 69.5506 69.5506 0
      vertex 69.1263 69.1263 0
      vertex 69.3247 68.9002 0
    endloop
  endfacet
  facet normal 0 0 1
    outer loop
      vertex 68.9002 69.3247 0
      vertex 69.2654 69.8007 0
      vertex 68.95 70.0115 0
    endloop
  endfacet
  facet normal 0 0 1
    outer loop
      vertex 69.2654 69.8007 0
      vertex 68.9002 69.3247 0
      vertex 69.1263 69.1263 0
    endloop
  endfacet
  facet normal 0 0 1
    outer loop
      vertex 68.95 70.0115 0
      vertex 68.65 69.4919 0
      vertex 68.9002 69.3247 0
    endloop
  endfacet
  facet normal 0 0 1
    outer loop
      vertex 68.6098 70.1793 0
      vertex 68.65 69.4919 0
      vertex 68.95 70.0115 0
    endloop
  endfacet
  facet normal 0 0 1
    outer loop
      vertex 68.6098 70.1793 0
      vertex 68.3802 69.6249 0
      vertex 68.65 69.4919 0
    endloop
  endfacet
  facet normal 0 0 1
    outer loop
      vertex 68.2506 70.3012 0
      vertex 68.3802 69.6249 0
      vertex 68.6098 70.1793 0
    endloop
  endfacet
  facet normal 0 0 1
    outer loop
      vertex 68.2506 70.3012 0
      vertex 68.0953 69.7216 0
      vertex 68.3802 69.6249 0
    endloop
  endfacet
  facet normal 0 0 1
    outer loop
      vertex 67.8785 70.3752 0
      vertex 68.0953 69.7216 0
      vertex 68.2506 70.3012 0
    endloop
  endfacet
  facet normal 0 0 1
    outer loop
      vertex 67.8785 70.3752 0
      vertex 67.8002 69.7803 0
      vertex 68.0953 69.7216 0
    endloop
  endfacet
  facet normal 0 0 1
    outer loop
      vertex 67.5 70.4 0
      vertex 67.8002 69.7803 0
      vertex 67.8785 70.3752 0
    endloop
  endfacet
  facet normal 0 0 1
    outer loop
      vertex 67.5 70.4 0
      vertex 67.5 69.8 0
      vertex 67.8002 69.7803 0
    endloop
  endfacet
  facet normal 0 0 1
    outer loop
      vertex 67.5 70.4 0
      vertex 67.1998 69.7803 0
      vertex 67.5 69.8 0
    endloop
  endfacet
  facet normal -0 0 1
    outer loop
      vertex 67.1215 70.3752 0
      vertex 67.1998 69.7803 0
      vertex 67.5 70.4 0
    endloop
  endfacet
  facet normal 0 0 1
    outer loop
      vertex 67.1215 70.3752 0
      vertex 66.9047 69.7216 0
      vertex 67.1998 69.7803 0
    endloop
  endfacet
  facet normal -0 0 1
    outer loop
      vertex 66.7494 70.3012 0
      vertex 66.9047 69.7216 0
      vertex 67.1215 70.3752 0
    endloop
  endfacet
  facet normal 0 0 1
    outer loop
      vertex 66.7494 70.3012 0
      vertex 66.6198 69.6249 0
      vertex 66.9047 69.7216 0
    endloop
  endfacet
  facet normal -0 0 1
    outer loop
      vertex 66.3902 70.1793 0
      vertex 66.6198 69.6249 0
      vertex 66.7494 70.3012 0
    endloop
  endfacet
  facet normal 0 0 1
    outer loop
      vertex 66.3902 70.1793 0
      vertex 66.35 69.4919 0
      vertex 66.6198 69.6249 0
    endloop
  endfacet
  facet normal -0 0 1
    outer loop
      vertex 66.05 70.0115 0
      vertex 66.35 69.4919 0
      vertex 66.3902 70.1793 0
    endloop
  endfacet
  facet normal 0 0 1
    outer loop
      vertex 66.35 69.4919 0
      vertex 66.05 70.0115 0
      vertex 66.0998 69.3247 0
    endloop
  endfacet
  facet normal -0 0 1
    outer loop
      vertex 65.7346 69.8007 0
      vertex 66.0998 69.3247 0
      vertex 66.05 70.0115 0
    endloop
  endfacet
  facet normal 0 0 1
    outer loop
      vertex 66.0998 69.3247 0
      vertex 65.7346 69.8007 0
      vertex 65.8737 69.1263 0
    endloop
  endfacet
  facet normal -0 0 1
    outer loop
      vertex 65.4494 69.5506 0
      vertex 65.8737 69.1263 0
      vertex 65.7346 69.8007 0
    endloop
  endfacet
  facet normal 0 0 1
    outer loop
      vertex 65.8737 69.1263 0
      vertex 65.4494 69.5506 0
      vertex 65.6753 68.9002 0
    endloop
  endfacet
  facet normal -0 0 1
    outer loop
      vertex 65.1993 69.2654 0
      vertex 65.6753 68.9002 0
      vertex 65.4494 69.5506 0
    endloop
  endfacet
  facet normal 0 0 1
    outer loop
      vertex 65.6753 68.9002 0
      vertex 65.1993 69.2654 0
      vertex 65.5081 68.65 0
    endloop
  endfacet
  facet normal -0 0 1
    outer loop
      vertex 64.9885 68.95 0
      vertex 65.5081 68.65 0
      vertex 65.1993 69.2654 0
    endloop
  endfacet
  facet normal 0 0 1
    outer loop
      vertex 65.5081 68.65 0
      vertex 64.9885 68.95 0
      vertex 65.3751 68.3802 0
    endloop
  endfacet
  facet normal 0 0 1
    outer loop
      vertex 65.3751 68.3802 0
      vertex 64.8207 68.6098 0
      vertex 65.2784 68.0953 0
    endloop
  endfacet
  facet normal -0 0 1
    outer loop
      vertex 64.8207 68.6098 0
      vertex 65.3751 68.3802 0
      vertex 64.9885 68.95 0
    endloop
  endfacet
  facet normal -0 0 1
    outer loop
      vertex 69.6249 66.6198 0
      vertex 70.1793 66.3902 0
      vertex 69.7216 66.9047 0
    endloop
  endfacet
  facet normal 0 0 1
    outer loop
      vertex 70.1793 66.3902 0
      vertex 69.6249 66.6198 0
      vertex 70.0115 66.05 0
    endloop
  endfacet
  facet normal -0 0 1
    outer loop
      vertex 69.4919 66.35 0
      vertex 70.0115 66.05 0
      vertex 69.6249 66.6198 0
    endloop
  endfacet
  facet normal 0 0 1
    outer loop
      vertex 70.0115 66.05 0
      vertex 69.4919 66.35 0
      vertex 69.8007 65.7346 0
    endloop
  endfacet
  facet normal -0 0 1
    outer loop
      vertex 69.3247 66.0998 0
      vertex 69.8007 65.7346 0
      vertex 69.4919 66.35 0
    endloop
  endfacet
  facet normal 0 0 1
    outer loop
      vertex 69.8007 65.7346 0
      vertex 69.3247 66.0998 0
      vertex 69.5506 65.4494 0
    endloop
  endfacet
  facet normal -0 0 1
    outer loop
      vertex 69.1263 65.8737 0
      vertex 69.5506 65.4494 0
      vertex 69.3247 66.0998 0
    endloop
  endfacet
  facet normal 0 0 1
    outer loop
      vertex 69.5506 65.4494 0
      vertex 69.1263 65.8737 0
      vertex 69.2654 65.1993 0
    endloop
  endfacet
  facet normal -0 0 1
    outer loop
      vertex 68.9002 65.6753 0
      vertex 69.2654 65.1993 0
      vertex 69.1263 65.8737 0
    endloop
  endfacet
  facet normal 0 0 1
    outer loop
      vertex 69.2654 65.1993 0
      vertex 68.9002 65.6753 0
      vertex 68.95 64.9885 0
    endloop
  endfacet
  facet normal -0 0 1
    outer loop
      vertex 68.65 65.5081 0
      vertex 68.95 64.9885 0
      vertex 68.9002 65.6753 0
    endloop
  endfacet
  facet normal 0 0 1
    outer loop
      vertex 68.65 65.5081 0
      vertex 68.6098 64.8207 0
      vertex 68.95 64.9885 0
    endloop
  endfacet
  facet normal -0 0 1
    outer loop
      vertex 68.3802 65.3751 0
      vertex 68.6098 64.8207 0
      vertex 68.65 65.5081 0
    endloop
  endfacet
  facet normal 0 0 1
    outer loop
      vertex 68.3802 65.3751 0
      vertex 68.2506 64.6988 0
      vertex 68.6098 64.8207 0
    endloop
  endfacet
  facet normal -0 0 1
    outer loop
      vertex 68.0953 65.2784 0
      vertex 68.2506 64.6988 0
      vertex 68.3802 65.3751 0
    endloop
  endfacet
  facet normal 0 0 1
    outer loop
      vertex 68.0953 65.2784 0
      vertex 67.8785 64.6248 0
      vertex 68.2506 64.6988 0
    endloop
  endfacet
  facet normal -0 0 1
    outer loop
      vertex 67.8002 65.2197 0
      vertex 67.8785 64.6248 0
      vertex 68.0953 65.2784 0
    endloop
  endfacet
  facet normal -0 0 1
    outer loop
      vertex 67.5 65.2 0
      vertex 67.8785 64.6248 0
      vertex 67.8002 65.2197 0
    endloop
  endfacet
  facet normal 0 0 1
    outer loop
      vertex 67.5 65.2 0
      vertex 67.5 64.6 0
      vertex 67.8785 64.6248 0
    endloop
  endfacet
  facet normal 0 0 1
    outer loop
      vertex 67.1998 65.2197 0
      vertex 67.5 64.6 0
      vertex 67.5 65.2 0
    endloop
  endfacet
  facet normal 0 0 1
    outer loop
      vertex 67.1998 65.2197 0
      vertex 67.1215 64.6248 0
      vertex 67.5 64.6 0
    endloop
  endfacet
  facet normal 0 0 1
    outer loop
      vertex 66.9047 65.2784 0
      vertex 67.1215 64.6248 0
      vertex 67.1998 65.2197 0
    endloop
  endfacet
  facet normal 0 0 1
    outer loop
      vertex 66.9047 65.2784 0
      vertex 66.7494 64.6988 0
      vertex 67.1215 64.6248 0
    endloop
  endfacet
  facet normal 0 0 1
    outer loop
      vertex 66.6198 65.3751 0
      vertex 66.7494 64.6988 0
      vertex 66.9047 65.2784 0
    endloop
  endfacet
  facet normal 0 0 1
    outer loop
      vertex 66.6198 65.3751 0
      vertex 66.3902 64.8207 0
      vertex 66.7494 64.6988 0
    endloop
  endfacet
  facet normal 0 0 1
    outer loop
      vertex 66.35 65.5081 0
      vertex 66.3902 64.8207 0
      vertex 66.6198 65.3751 0
    endloop
  endfacet
  facet normal 0 0 1
    outer loop
      vertex 66.05 64.9885 0
      vertex 66.35 65.5081 0
      vertex 66.0998 65.6753 0
    endloop
  endfacet
  facet normal 0 0 1
    outer loop
      vertex 66.35 65.5081 0
      vertex 66.05 64.9885 0
      vertex 66.3902 64.8207 0
    endloop
  endfacet
  facet normal 0 0 1
    outer loop
      vertex 65.7346 65.1993 0
      vertex 66.0998 65.6753 0
      vertex 65.8737 65.8737 0
    endloop
  endfacet
  facet normal 0 0 1
    outer loop
      vertex 66.0998 65.6753 0
      vertex 65.7346 65.1993 0
      vertex 66.05 64.9885 0
    endloop
  endfacet
  facet normal 0 0 1
    outer loop
      vertex 65.4494 65.4494 0
      vertex 65.8737 65.8737 0
      vertex 65.6753 66.0998 0
    endloop
  endfacet
  facet normal 0 0 1
    outer loop
      vertex 65.1993 65.7346 0
      vertex 65.6753 66.0998 0
      vertex 65.5081 66.35 0
    endloop
  endfacet
  facet normal 0 0 1
    outer loop
      vertex 65.8737 65.8737 0
      vertex 65.4494 65.4494 0
      vertex 65.7346 65.1993 0
    endloop
  endfacet
  facet normal 0 0 1
    outer loop
      vertex 64.9885 66.05 0
      vertex 65.5081 66.35 0
      vertex 65.3751 66.6198 0
    endloop
  endfacet
  facet normal 0 0 1
    outer loop
      vertex 64.8207 66.3902 0
      vertex 65.3751 66.6198 0
      vertex 65.2784 66.9047 0
    endloop
  endfacet
  facet normal 0 0 1
    outer loop
      vertex 64.6988 66.7494 0
      vertex 65.2784 66.9047 0
      vertex 65.2197 67.1998 0
    endloop
  endfacet
  facet normal 0 0 1
    outer loop
      vertex 65.6753 66.0998 0
      vertex 65.1993 65.7346 0
      vertex 65.4494 65.4494 0
    endloop
  endfacet
  facet normal 0 0 1
    outer loop
      vertex 64.6248 67.1215 0
      vertex 65.2197 67.1998 0
      vertex 65.2 67.5 0
    endloop
  endfacet
  facet normal -0 0 1
    outer loop
      vertex 64.6988 68.2506 0
      vertex 65.2784 68.0953 0
      vertex 64.8207 68.6098 0
    endloop
  endfacet
  facet normal 0 0 1
    outer loop
      vertex 65.2784 68.0953 0
      vertex 64.6988 68.2506 0
      vertex 65.2197 67.8002 0
    endloop
  endfacet
  facet normal 0 0 1
    outer loop
      vertex 65.5081 66.35 0
      vertex 64.9885 66.05 0
      vertex 65.1993 65.7346 0
    endloop
  endfacet
  facet normal -0 0 1
    outer loop
      vertex 64.6248 67.8785 0
      vertex 65.2197 67.8002 0
      vertex 64.6988 68.2506 0
    endloop
  endfacet
  facet normal 0 0 1
    outer loop
      vertex 65.3751 66.6198 0
      vertex 64.8207 66.3902 0
      vertex 64.9885 66.05 0
    endloop
  endfacet
  facet normal 0 0 1
    outer loop
      vertex 65.2197 67.8002 0
      vertex 64.6248 67.8785 0
      vertex 65.2 67.5 0
    endloop
  endfacet
  facet normal 0 0 1
    outer loop
      vertex 65.2784 66.9047 0
      vertex 64.6988 66.7494 0
      vertex 64.8207 66.3902 0
    endloop
  endfacet
  facet normal 0 0 1
    outer loop
      vertex 64.6 67.5 0
      vertex 65.2 67.5 0
      vertex 64.6248 67.8785 0
    endloop
  endfacet
  facet normal 0 0 1
    outer loop
      vertex 65.2197 67.1998 0
      vertex 64.6248 67.1215 0
      vertex 64.6988 66.7494 0
    endloop
  endfacet
  facet normal 0 0 1
    outer loop
      vertex 65.2 67.5 0
      vertex 64.6 67.5 0
      vertex 64.6248 67.1215 0
    endloop
  endfacet
  facet normal 0 0 1
    outer loop
      vertex 11.8 90.5 0
      vertex 12.4 90.5 0
      vertex 12.3752 90.8785 0
    endloop
  endfacet
  facet normal 0 0 1
    outer loop
      vertex 11.7803 90.8002 0
      vertex 12.3752 90.8785 0
      vertex 12.3012 91.2506 0
    endloop
  endfacet
  facet normal 0 0 1
    outer loop
      vertex 12.4 90.5 0
      vertex 11.8 90.5 0
      vertex 12.3752 90.1215 0
    endloop
  endfacet
  facet normal 0 0 1
    outer loop
      vertex 11.7216 91.0953 0
      vertex 12.3012 91.2506 0
      vertex 12.1792 91.6098 0
    endloop
  endfacet
  facet normal -0 0 1
    outer loop
      vertex 11.7803 90.1998 0
      vertex 12.3752 90.1215 0
      vertex 11.8 90.5 0
    endloop
  endfacet
  facet normal 0 0 1
    outer loop
      vertex 11.6249 91.3802 0
      vertex 12.1792 91.6098 0
      vertex 12.0115 91.95 0
    endloop
  endfacet
  facet normal 0 0 1
    outer loop
      vertex 12.3752 90.1215 0
      vertex 11.7803 90.1998 0
      vertex 12.3012 89.7494 0
    endloop
  endfacet
  facet normal 0 0 1
    outer loop
      vertex 11.4919 91.65 0
      vertex 12.0115 91.95 0
      vertex 11.8007 92.2654 0
    endloop
  endfacet
  facet normal -0 0 1
    outer loop
      vertex 11.7216 89.9047 0
      vertex 12.3012 89.7494 0
      vertex 11.7803 90.1998 0
    endloop
  endfacet
  facet normal 0 0 1
    outer loop
      vertex 12.3012 89.7494 0
      vertex 11.7216 89.9047 0
      vertex 12.1792 89.3902 0
    endloop
  endfacet
  facet normal 0 0 1
    outer loop
      vertex 12.3752 90.8785 0
      vertex 11.7803 90.8002 0
      vertex 11.8 90.5 0
    endloop
  endfacet
  facet normal 0 0 1
    outer loop
      vertex 12.3012 91.2506 0
      vertex 11.7216 91.0953 0
      vertex 11.7803 90.8002 0
    endloop
  endfacet
  facet normal 0 0 1
    outer loop
      vertex 12.1792 91.6098 0
      vertex 11.6249 91.3802 0
      vertex 11.7216 91.0953 0
    endloop
  endfacet
  facet normal 0 0 1
    outer loop
      vertex 11.3247 91.9002 0
      vertex 11.8007 92.2654 0
      vertex 11.5506 92.5506 0
    endloop
  endfacet
  facet normal 0 0 1
    outer loop
      vertex 12.0115 91.95 0
      vertex 11.4919 91.65 0
      vertex 11.6249 91.3802 0
    endloop
  endfacet
  facet normal 0 0 1
    outer loop
      vertex 11.8007 92.2654 0
      vertex 11.3247 91.9002 0
      vertex 11.4919 91.65 0
    endloop
  endfacet
  facet normal 0 0 1
    outer loop
      vertex 11.1263 92.1263 0
      vertex 11.5506 92.5506 0
      vertex 11.2654 92.8007 0
    endloop
  endfacet
  facet normal 0 0 1
    outer loop
      vertex 11.5506 92.5506 0
      vertex 11.1263 92.1263 0
      vertex 11.3247 91.9002 0
    endloop
  endfacet
  facet normal 0 0 1
    outer loop
      vertex 10.9002 92.3247 0
      vertex 11.2654 92.8007 0
      vertex 10.95 93.0115 0
    endloop
  endfacet
  facet normal 0 0 1
    outer loop
      vertex 11.2654 92.8007 0
      vertex 10.9002 92.3247 0
      vertex 11.1263 92.1263 0
    endloop
  endfacet
  facet normal 0 0 1
    outer loop
      vertex 10.95 93.0115 0
      vertex 10.65 92.4919 0
      vertex 10.9002 92.3247 0
    endloop
  endfacet
  facet normal 0 0 1
    outer loop
      vertex 10.6098 93.1793 0
      vertex 10.65 92.4919 0
      vertex 10.95 93.0115 0
    endloop
  endfacet
  facet normal 0 0 1
    outer loop
      vertex 10.6098 93.1793 0
      vertex 10.3802 92.6249 0
      vertex 10.65 92.4919 0
    endloop
  endfacet
  facet normal 0 0 1
    outer loop
      vertex 10.2506 93.3012 0
      vertex 10.3802 92.6249 0
      vertex 10.6098 93.1793 0
    endloop
  endfacet
  facet normal 0 0 1
    outer loop
      vertex 10.2506 93.3012 0
      vertex 10.0953 92.7216 0
      vertex 10.3802 92.6249 0
    endloop
  endfacet
  facet normal 0 0 1
    outer loop
      vertex 9.87853 93.3752 0
      vertex 10.0953 92.7216 0
      vertex 10.2506 93.3012 0
    endloop
  endfacet
  facet normal 0 0 1
    outer loop
      vertex 9.87853 93.3752 0
      vertex 9.80021 92.7803 0
      vertex 10.0953 92.7216 0
    endloop
  endfacet
  facet normal 0 0 1
    outer loop
      vertex 9.5 93.4 0
      vertex 9.80021 92.7803 0
      vertex 9.87853 93.3752 0
    endloop
  endfacet
  facet normal 0 0 1
    outer loop
      vertex 9.5 93.4 0
      vertex 9.5 92.8 0
      vertex 9.80021 92.7803 0
    endloop
  endfacet
  facet normal 0 0 1
    outer loop
      vertex 9.5 93.4 0
      vertex 9.19979 92.7803 0
      vertex 9.5 92.8 0
    endloop
  endfacet
  facet normal -0 0 1
    outer loop
      vertex 9.12147 93.3752 0
      vertex 9.19979 92.7803 0
      vertex 9.5 93.4 0
    endloop
  endfacet
  facet normal 0 0 1
    outer loop
      vertex 9.12147 93.3752 0
      vertex 8.90472 92.7216 0
      vertex 9.19979 92.7803 0
    endloop
  endfacet
  facet normal -0 0 1
    outer loop
      vertex 8.74942 93.3012 0
      vertex 8.90472 92.7216 0
      vertex 9.12147 93.3752 0
    endloop
  endfacet
  facet normal 0 0 1
    outer loop
      vertex 8.74942 93.3012 0
      vertex 8.61983 92.6249 0
      vertex 8.90472 92.7216 0
    endloop
  endfacet
  facet normal -0 0 1
    outer loop
      vertex 8.39022 93.1793 0
      vertex 8.61983 92.6249 0
      vertex 8.74942 93.3012 0
    endloop
  endfacet
  facet normal 0 0 1
    outer loop
      vertex 8.39022 93.1793 0
      vertex 8.35 92.4919 0
      vertex 8.61983 92.6249 0
    endloop
  endfacet
  facet normal -0 0 1
    outer loop
      vertex 8.05 93.0115 0
      vertex 8.35 92.4919 0
      vertex 8.39022 93.1793 0
    endloop
  endfacet
  facet normal 0 0 1
    outer loop
      vertex 8.35 92.4919 0
      vertex 8.05 93.0115 0
      vertex 8.09985 92.3247 0
    endloop
  endfacet
  facet normal -0 0 1
    outer loop
      vertex 7.73459 92.8007 0
      vertex 8.09985 92.3247 0
      vertex 8.05 93.0115 0
    endloop
  endfacet
  facet normal 0 0 1
    outer loop
      vertex 8.09985 92.3247 0
      vertex 7.73459 92.8007 0
      vertex 7.87365 92.1263 0
    endloop
  endfacet
  facet normal -0 0 1
    outer loop
      vertex 7.44939 92.5506 0
      vertex 7.87365 92.1263 0
      vertex 7.73459 92.8007 0
    endloop
  endfacet
  facet normal 0 0 1
    outer loop
      vertex 7.87365 92.1263 0
      vertex 7.44939 92.5506 0
      vertex 7.67529 91.9002 0
    endloop
  endfacet
  facet normal -0 0 1
    outer loop
      vertex 7.19928 92.2654 0
      vertex 7.67529 91.9002 0
      vertex 7.44939 92.5506 0
    endloop
  endfacet
  facet normal 0 0 1
    outer loop
      vertex 7.67529 91.9002 0
      vertex 7.19928 92.2654 0
      vertex 7.50814 91.65 0
    endloop
  endfacet
  facet normal -0 0 1
    outer loop
      vertex 6.98853 91.95 0
      vertex 7.50814 91.65 0
      vertex 7.19928 92.2654 0
    endloop
  endfacet
  facet normal 0 0 1
    outer loop
      vertex 7.50814 91.65 0
      vertex 6.98853 91.95 0
      vertex 7.37508 91.3802 0
    endloop
  endfacet
  facet normal 0 0 1
    outer loop
      vertex 7.37508 91.3802 0
      vertex 6.82075 91.6098 0
      vertex 7.27837 91.0953 0
    endloop
  endfacet
  facet normal -0 0 1
    outer loop
      vertex 6.82075 91.6098 0
      vertex 7.37508 91.3802 0
      vertex 6.98853 91.95 0
    endloop
  endfacet
  facet normal -0 0 1
    outer loop
      vertex 11.6249 89.6198 0
      vertex 12.1792 89.3902 0
      vertex 11.7216 89.9047 0
    endloop
  endfacet
  facet normal 0 0 1
    outer loop
      vertex 12.1792 89.3902 0
      vertex 11.6249 89.6198 0
      vertex 12.0115 89.05 0
    endloop
  endfacet
  facet normal -0 0 1
    outer loop
      vertex 11.4919 89.35 0
      vertex 12.0115 89.05 0
      vertex 11.6249 89.6198 0
    endloop
  endfacet
  facet normal 0 0 1
    outer loop
      vertex 12.0115 89.05 0
      vertex 11.4919 89.35 0
      vertex 11.8007 88.7346 0
    endloop
  endfacet
  facet normal -0 0 1
    outer loop
      vertex 11.3247 89.0998 0
      vertex 11.8007 88.7346 0
      vertex 11.4919 89.35 0
    endloop
  endfacet
  facet normal 0 0 1
    outer loop
      vertex 11.8007 88.7346 0
      vertex 11.3247 89.0998 0
      vertex 11.5506 88.4494 0
    endloop
  endfacet
  facet normal -0 0 1
    outer loop
      vertex 11.1263 88.8737 0
      vertex 11.5506 88.4494 0
      vertex 11.3247 89.0998 0
    endloop
  endfacet
  facet normal 0 0 1
    outer loop
      vertex 11.5506 88.4494 0
      vertex 11.1263 88.8737 0
      vertex 11.2654 88.1993 0
    endloop
  endfacet
  facet normal -0 0 1
    outer loop
      vertex 10.9002 88.6753 0
      vertex 11.2654 88.1993 0
      vertex 11.1263 88.8737 0
    endloop
  endfacet
  facet normal 0 0 1
    outer loop
      vertex 11.2654 88.1993 0
      vertex 10.9002 88.6753 0
      vertex 10.95 87.9885 0
    endloop
  endfacet
  facet normal -0 0 1
    outer loop
      vertex 10.65 88.5081 0
      vertex 10.95 87.9885 0
      vertex 10.9002 88.6753 0
    endloop
  endfacet
  facet normal 0 0 1
    outer loop
      vertex 10.65 88.5081 0
      vertex 10.6098 87.8207 0
      vertex 10.95 87.9885 0
    endloop
  endfacet
  facet normal -0 0 1
    outer loop
      vertex 10.3802 88.3751 0
      vertex 10.6098 87.8207 0
      vertex 10.65 88.5081 0
    endloop
  endfacet
  facet normal 0 0 1
    outer loop
      vertex 10.3802 88.3751 0
      vertex 10.2506 87.6988 0
      vertex 10.6098 87.8207 0
    endloop
  endfacet
  facet normal -0 0 1
    outer loop
      vertex 10.0953 88.2784 0
      vertex 10.2506 87.6988 0
      vertex 10.3802 88.3751 0
    endloop
  endfacet
  facet normal 0 0 1
    outer loop
      vertex 10.0953 88.2784 0
      vertex 9.87853 87.6248 0
      vertex 10.2506 87.6988 0
    endloop
  endfacet
  facet normal -0 0 1
    outer loop
      vertex 9.80021 88.2197 0
      vertex 9.87853 87.6248 0
      vertex 10.0953 88.2784 0
    endloop
  endfacet
  facet normal -0 0 1
    outer loop
      vertex 9.5 88.2 0
      vertex 9.87853 87.6248 0
      vertex 9.80021 88.2197 0
    endloop
  endfacet
  facet normal 0 0 1
    outer loop
      vertex 9.5 88.2 0
      vertex 9.5 87.6 0
      vertex 9.87853 87.6248 0
    endloop
  endfacet
  facet normal 0 0 1
    outer loop
      vertex 9.19979 88.2197 0
      vertex 9.5 87.6 0
      vertex 9.5 88.2 0
    endloop
  endfacet
  facet normal 0 0 1
    outer loop
      vertex 9.19979 88.2197 0
      vertex 9.12147 87.6248 0
      vertex 9.5 87.6 0
    endloop
  endfacet
  facet normal 0 0 1
    outer loop
      vertex 8.90472 88.2784 0
      vertex 9.12147 87.6248 0
      vertex 9.19979 88.2197 0
    endloop
  endfacet
  facet normal 0 0 1
    outer loop
      vertex 8.90472 88.2784 0
      vertex 8.74942 87.6988 0
      vertex 9.12147 87.6248 0
    endloop
  endfacet
  facet normal 0 0 1
    outer loop
      vertex 8.61983 88.3751 0
      vertex 8.74942 87.6988 0
      vertex 8.90472 88.2784 0
    endloop
  endfacet
  facet normal 0 0 1
    outer loop
      vertex 8.61983 88.3751 0
      vertex 8.39022 87.8207 0
      vertex 8.74942 87.6988 0
    endloop
  endfacet
  facet normal 0 0 1
    outer loop
      vertex 8.35 88.5081 0
      vertex 8.39022 87.8207 0
      vertex 8.61983 88.3751 0
    endloop
  endfacet
  facet normal 0 0 1
    outer loop
      vertex 8.05 87.9885 0
      vertex 8.35 88.5081 0
      vertex 8.09985 88.6753 0
    endloop
  endfacet
  facet normal 0 0 1
    outer loop
      vertex 8.35 88.5081 0
      vertex 8.05 87.9885 0
      vertex 8.39022 87.8207 0
    endloop
  endfacet
  facet normal 0 0 1
    outer loop
      vertex 7.73459 88.1993 0
      vertex 8.09985 88.6753 0
      vertex 7.87365 88.8737 0
    endloop
  endfacet
  facet normal 0 0 1
    outer loop
      vertex 8.09985 88.6753 0
      vertex 7.73459 88.1993 0
      vertex 8.05 87.9885 0
    endloop
  endfacet
  facet normal 0 0 1
    outer loop
      vertex 7.44939 88.4494 0
      vertex 7.87365 88.8737 0
      vertex 7.67529 89.0998 0
    endloop
  endfacet
  facet normal 0 0 1
    outer loop
      vertex 7.19928 88.7346 0
      vertex 7.67529 89.0998 0
      vertex 7.50814 89.35 0
    endloop
  endfacet
  facet normal 0 0 1
    outer loop
      vertex 7.87365 88.8737 0
      vertex 7.44939 88.4494 0
      vertex 7.73459 88.1993 0
    endloop
  endfacet
  facet normal 0 0 1
    outer loop
      vertex 6.98853 89.05 0
      vertex 7.50814 89.35 0
      vertex 7.37508 89.6198 0
    endloop
  endfacet
  facet normal 0 0 1
    outer loop
      vertex 6.82075 89.3902 0
      vertex 7.37508 89.6198 0
      vertex 7.27837 89.9047 0
    endloop
  endfacet
  facet normal 0 0 1
    outer loop
      vertex 6.69882 89.7494 0
      vertex 7.27837 89.9047 0
      vertex 7.21968 90.1998 0
    endloop
  endfacet
  facet normal 0 0 1
    outer loop
      vertex 7.67529 89.0998 0
      vertex 7.19928 88.7346 0
      vertex 7.44939 88.4494 0
    endloop
  endfacet
  facet normal 0 0 1
    outer loop
      vertex 6.62481 90.1215 0
      vertex 7.21968 90.1998 0
      vertex 7.2 90.5 0
    endloop
  endfacet
  facet normal -0 0 1
    outer loop
      vertex 6.69882 91.2506 0
      vertex 7.27837 91.0953 0
      vertex 6.82075 91.6098 0
    endloop
  endfacet
  facet normal 0 0 1
    outer loop
      vertex 7.27837 91.0953 0
      vertex 6.69882 91.2506 0
      vertex 7.21968 90.8002 0
    endloop
  endfacet
  facet normal 0 0 1
    outer loop
      vertex 7.50814 89.35 0
      vertex 6.98853 89.05 0
      vertex 7.19928 88.7346 0
    endloop
  endfacet
  facet normal -0 0 1
    outer loop
      vertex 6.62481 90.8785 0
      vertex 7.21968 90.8002 0
      vertex 6.69882 91.2506 0
    endloop
  endfacet
  facet normal 0 0 1
    outer loop
      vertex 7.37508 89.6198 0
      vertex 6.82075 89.3902 0
      vertex 6.98853 89.05 0
    endloop
  endfacet
  facet normal 0 0 1
    outer loop
      vertex 7.21968 90.8002 0
      vertex 6.62481 90.8785 0
      vertex 7.2 90.5 0
    endloop
  endfacet
  facet normal 0 0 1
    outer loop
      vertex 7.27837 89.9047 0
      vertex 6.69882 89.7494 0
      vertex 6.82075 89.3902 0
    endloop
  endfacet
  facet normal 0 0 1
    outer loop
      vertex 6.6 90.5 0
      vertex 7.2 90.5 0
      vertex 6.62481 90.8785 0
    endloop
  endfacet
  facet normal 0 0 1
    outer loop
      vertex 7.21968 90.1998 0
      vertex 6.62481 90.1215 0
      vertex 6.69882 89.7494 0
    endloop
  endfacet
  facet normal 0 0 1
    outer loop
      vertex 7.2 90.5 0
      vertex 6.6 90.5 0
      vertex 6.62481 90.1215 0
    endloop
  endfacet
  facet normal 0 0 1
    outer loop
      vertex 69.8 90.5 0
      vertex 70.4 90.5 0
      vertex 70.3752 90.8785 0
    endloop
  endfacet
  facet normal 0 0 1
    outer loop
      vertex 69.7803 90.8002 0
      vertex 70.3752 90.8785 0
      vertex 70.3012 91.2506 0
    endloop
  endfacet
  facet normal 0 0 1
    outer loop
      vertex 70.4 90.5 0
      vertex 69.8 90.5 0
      vertex 70.3752 90.1215 0
    endloop
  endfacet
  facet normal 0 0 1
    outer loop
      vertex 69.7216 91.0953 0
      vertex 70.3012 91.2506 0
      vertex 70.1793 91.6098 0
    endloop
  endfacet
  facet normal -0 0 1
    outer loop
      vertex 69.7803 90.1998 0
      vertex 70.3752 90.1215 0
      vertex 69.8 90.5 0
    endloop
  endfacet
  facet normal 0 0 1
    outer loop
      vertex 69.6249 91.3802 0
      vertex 70.1793 91.6098 0
      vertex 70.0115 91.95 0
    endloop
  endfacet
  facet normal 0 0 1
    outer loop
      vertex 70.3752 90.1215 0
      vertex 69.7803 90.1998 0
      vertex 70.3012 89.7494 0
    endloop
  endfacet
  facet normal 0 0 1
    outer loop
      vertex 69.4919 91.65 0
      vertex 70.0115 91.95 0
      vertex 69.8007 92.2654 0
    endloop
  endfacet
  facet normal -0 0 1
    outer loop
      vertex 69.7216 89.9047 0
      vertex 70.3012 89.7494 0
      vertex 69.7803 90.1998 0
    endloop
  endfacet
  facet normal 0 0 1
    outer loop
      vertex 70.3012 89.7494 0
      vertex 69.7216 89.9047 0
      vertex 70.1793 89.3902 0
    endloop
  endfacet
  facet normal 0 0 1
    outer loop
      vertex 70.3752 90.8785 0
      vertex 69.7803 90.8002 0
      vertex 69.8 90.5 0
    endloop
  endfacet
  facet normal 0 0 1
    outer loop
      vertex 70.3012 91.2506 0
      vertex 69.7216 91.0953 0
      vertex 69.7803 90.8002 0
    endloop
  endfacet
  facet normal 0 0 1
    outer loop
      vertex 70.1793 91.6098 0
      vertex 69.6249 91.3802 0
      vertex 69.7216 91.0953 0
    endloop
  endfacet
  facet normal 0 0 1
    outer loop
      vertex 69.3247 91.9002 0
      vertex 69.8007 92.2654 0
      vertex 69.5506 92.5506 0
    endloop
  endfacet
  facet normal 0 0 1
    outer loop
      vertex 70.0115 91.95 0
      vertex 69.4919 91.65 0
      vertex 69.6249 91.3802 0
    endloop
  endfacet
  facet normal 0 0 1
    outer loop
      vertex 69.8007 92.2654 0
      vertex 69.3247 91.9002 0
      vertex 69.4919 91.65 0
    endloop
  endfacet
  facet normal 0 0 1
    outer loop
      vertex 69.1263 92.1263 0
      vertex 69.5506 92.5506 0
      vertex 69.2654 92.8007 0
    endloop
  endfacet
  facet normal 0 0 1
    outer loop
      vertex 69.5506 92.5506 0
      vertex 69.1263 92.1263 0
      vertex 69.3247 91.9002 0
    endloop
  endfacet
  facet normal 0 0 1
    outer loop
      vertex 68.9002 92.3247 0
      vertex 69.2654 92.8007 0
      vertex 68.95 93.0115 0
    endloop
  endfacet
  facet normal 0 0 1
    outer loop
      vertex 69.2654 92.8007 0
      vertex 68.9002 92.3247 0
      vertex 69.1263 92.1263 0
    endloop
  endfacet
  facet normal 0 0 1
    outer loop
      vertex 68.95 93.0115 0
      vertex 68.65 92.4919 0
      vertex 68.9002 92.3247 0
    endloop
  endfacet
  facet normal 0 0 1
    outer loop
      vertex 68.6098 93.1793 0
      vertex 68.65 92.4919 0
      vertex 68.95 93.0115 0
    endloop
  endfacet
  facet normal 0 0 1
    outer loop
      vertex 68.6098 93.1793 0
      vertex 68.3802 92.6249 0
      vertex 68.65 92.4919 0
    endloop
  endfacet
  facet normal 0 0 1
    outer loop
      vertex 68.2506 93.3012 0
      vertex 68.3802 92.6249 0
      vertex 68.6098 93.1793 0
    endloop
  endfacet
  facet normal 0 0 1
    outer loop
      vertex 68.2506 93.3012 0
      vertex 68.0953 92.7216 0
      vertex 68.3802 92.6249 0
    endloop
  endfacet
  facet normal 0 0 1
    outer loop
      vertex 67.8785 93.3752 0
      vertex 68.0953 92.7216 0
      vertex 68.2506 93.3012 0
    endloop
  endfacet
  facet normal 0 0 1
    outer loop
      vertex 67.8785 93.3752 0
      vertex 67.8002 92.7803 0
      vertex 68.0953 92.7216 0
    endloop
  endfacet
  facet normal 0 0 1
    outer loop
      vertex 67.5 93.4 0
      vertex 67.8002 92.7803 0
      vertex 67.8785 93.3752 0
    endloop
  endfacet
  facet normal 0 0 1
    outer loop
      vertex 67.5 93.4 0
      vertex 67.5 92.8 0
      vertex 67.8002 92.7803 0
    endloop
  endfacet
  facet normal 0 0 1
    outer loop
      vertex 67.5 93.4 0
      vertex 67.1998 92.7803 0
      vertex 67.5 92.8 0
    endloop
  endfacet
  facet normal -0 0 1
    outer loop
      vertex 67.1215 93.3752 0
      vertex 67.1998 92.7803 0
      vertex 67.5 93.4 0
    endloop
  endfacet
  facet normal 0 0 1
    outer loop
      vertex 67.1215 93.3752 0
      vertex 66.9047 92.7216 0
      vertex 67.1998 92.7803 0
    endloop
  endfacet
  facet normal -0 0 1
    outer loop
      vertex 66.7494 93.3012 0
      vertex 66.9047 92.7216 0
      vertex 67.1215 93.3752 0
    endloop
  endfacet
  facet normal 0 0 1
    outer loop
      vertex 66.7494 93.3012 0
      vertex 66.6198 92.6249 0
      vertex 66.9047 92.7216 0
    endloop
  endfacet
  facet normal -0 0 1
    outer loop
      vertex 66.3902 93.1793 0
      vertex 66.6198 92.6249 0
      vertex 66.7494 93.3012 0
    endloop
  endfacet
  facet normal 0 0 1
    outer loop
      vertex 66.3902 93.1793 0
      vertex 66.35 92.4919 0
      vertex 66.6198 92.6249 0
    endloop
  endfacet
  facet normal -0 0 1
    outer loop
      vertex 66.05 93.0115 0
      vertex 66.35 92.4919 0
      vertex 66.3902 93.1793 0
    endloop
  endfacet
  facet normal 0 0 1
    outer loop
      vertex 66.35 92.4919 0
      vertex 66.05 93.0115 0
      vertex 66.0998 92.3247 0
    endloop
  endfacet
  facet normal -0 0 1
    outer loop
      vertex 65.7346 92.8007 0
      vertex 66.0998 92.3247 0
      vertex 66.05 93.0115 0
    endloop
  endfacet
  facet normal 0 0 1
    outer loop
      vertex 66.0998 92.3247 0
      vertex 65.7346 92.8007 0
      vertex 65.8737 92.1263 0
    endloop
  endfacet
  facet normal -0 0 1
    outer loop
      vertex 65.4494 92.5506 0
      vertex 65.8737 92.1263 0
      vertex 65.7346 92.8007 0
    endloop
  endfacet
  facet normal 0 0 1
    outer loop
      vertex 65.8737 92.1263 0
      vertex 65.4494 92.5506 0
      vertex 65.6753 91.9002 0
    endloop
  endfacet
  facet normal -0 0 1
    outer loop
      vertex 65.1993 92.2654 0
      vertex 65.6753 91.9002 0
      vertex 65.4494 92.5506 0
    endloop
  endfacet
  facet normal 0 0 1
    outer loop
      vertex 65.6753 91.9002 0
      vertex 65.1993 92.2654 0
      vertex 65.5081 91.65 0
    endloop
  endfacet
  facet normal -0 0 1
    outer loop
      vertex 64.9885 91.95 0
      vertex 65.5081 91.65 0
      vertex 65.1993 92.2654 0
    endloop
  endfacet
  facet normal 0 0 1
    outer loop
      vertex 65.5081 91.65 0
      vertex 64.9885 91.95 0
      vertex 65.3751 91.3802 0
    endloop
  endfacet
  facet normal 0 0 1
    outer loop
      vertex 65.3751 91.3802 0
      vertex 64.8207 91.6098 0
      vertex 65.2784 91.0953 0
    endloop
  endfacet
  facet normal -0 0 1
    outer loop
      vertex 64.8207 91.6098 0
      vertex 65.3751 91.3802 0
      vertex 64.9885 91.95 0
    endloop
  endfacet
  facet normal -0 0 1
    outer loop
      vertex 69.6249 89.6198 0
      vertex 70.1793 89.3902 0
      vertex 69.7216 89.9047 0
    endloop
  endfacet
  facet normal 0 0 1
    outer loop
      vertex 70.1793 89.3902 0
      vertex 69.6249 89.6198 0
      vertex 70.0115 89.05 0
    endloop
  endfacet
  facet normal -0 0 1
    outer loop
      vertex 69.4919 89.35 0
      vertex 70.0115 89.05 0
      vertex 69.6249 89.6198 0
    endloop
  endfacet
  facet normal 0 0 1
    outer loop
      vertex 70.0115 89.05 0
      vertex 69.4919 89.35 0
      vertex 69.8007 88.7346 0
    endloop
  endfacet
  facet normal -0 0 1
    outer loop
      vertex 69.3247 89.0998 0
      vertex 69.8007 88.7346 0
      vertex 69.4919 89.35 0
    endloop
  endfacet
  facet normal 0 0 1
    outer loop
      vertex 69.8007 88.7346 0
      vertex 69.3247 89.0998 0
      vertex 69.5506 88.4494 0
    endloop
  endfacet
  facet normal -0 0 1
    outer loop
      vertex 69.1263 88.8737 0
      vertex 69.5506 88.4494 0
      vertex 69.3247 89.0998 0
    endloop
  endfacet
  facet normal 0 0 1
    outer loop
      vertex 69.5506 88.4494 0
      vertex 69.1263 88.8737 0
      vertex 69.2654 88.1993 0
    endloop
  endfacet
  facet normal -0 0 1
    outer loop
      vertex 68.9002 88.6753 0
      vertex 69.2654 88.1993 0
      vertex 69.1263 88.8737 0
    endloop
  endfacet
  facet normal 0 0 1
    outer loop
      vertex 69.2654 88.1993 0
      vertex 68.9002 88.6753 0
      vertex 68.95 87.9885 0
    endloop
  endfacet
  facet normal -0 0 1
    outer loop
      vertex 68.65 88.5081 0
      vertex 68.95 87.9885 0
      vertex 68.9002 88.6753 0
    endloop
  endfacet
  facet normal 0 0 1
    outer loop
      vertex 68.65 88.5081 0
      vertex 68.6098 87.8207 0
      vertex 68.95 87.9885 0
    endloop
  endfacet
  facet normal -0 0 1
    outer loop
      vertex 68.3802 88.3751 0
      vertex 68.6098 87.8207 0
      vertex 68.65 88.5081 0
    endloop
  endfacet
  facet normal 0 0 1
    outer loop
      vertex 68.3802 88.3751 0
      vertex 68.2506 87.6988 0
      vertex 68.6098 87.8207 0
    endloop
  endfacet
  facet normal -0 0 1
    outer loop
      vertex 68.0953 88.2784 0
      vertex 68.2506 87.6988 0
      vertex 68.3802 88.3751 0
    endloop
  endfacet
  facet normal 0 0 1
    outer loop
      vertex 68.0953 88.2784 0
      vertex 67.8785 87.6248 0
      vertex 68.2506 87.6988 0
    endloop
  endfacet
  facet normal -0 0 1
    outer loop
      vertex 67.8002 88.2197 0
      vertex 67.8785 87.6248 0
      vertex 68.0953 88.2784 0
    endloop
  endfacet
  facet normal -0 0 1
    outer loop
      vertex 67.5 88.2 0
      vertex 67.8785 87.6248 0
      vertex 67.8002 88.2197 0
    endloop
  endfacet
  facet normal 0 0 1
    outer loop
      vertex 67.5 88.2 0
      vertex 67.5 87.6 0
      vertex 67.8785 87.6248 0
    endloop
  endfacet
  facet normal 0 0 1
    outer loop
      vertex 67.1998 88.2197 0
      vertex 67.5 87.6 0
      vertex 67.5 88.2 0
    endloop
  endfacet
  facet normal 0 0 1
    outer loop
      vertex 67.1998 88.2197 0
      vertex 67.1215 87.6248 0
      vertex 67.5 87.6 0
    endloop
  endfacet
  facet normal 0 0 1
    outer loop
      vertex 66.9047 88.2784 0
      vertex 67.1215 87.6248 0
      vertex 67.1998 88.2197 0
    endloop
  endfacet
  facet normal 0 0 1
    outer loop
      vertex 66.9047 88.2784 0
      vertex 66.7494 87.6988 0
      vertex 67.1215 87.6248 0
    endloop
  endfacet
  facet normal 0 0 1
    outer loop
      vertex 66.6198 88.3751 0
      vertex 66.7494 87.6988 0
      vertex 66.9047 88.2784 0
    endloop
  endfacet
  facet normal 0 0 1
    outer loop
      vertex 66.6198 88.3751 0
      vertex 66.3902 87.8207 0
      vertex 66.7494 87.6988 0
    endloop
  endfacet
  facet normal 0 0 1
    outer loop
      vertex 66.35 88.5081 0
      vertex 66.3902 87.8207 0
      vertex 66.6198 88.3751 0
    endloop
  endfacet
  facet normal 0 0 1
    outer loop
      vertex 66.05 87.9885 0
      vertex 66.35 88.5081 0
      vertex 66.0998 88.6753 0
    endloop
  endfacet
  facet normal 0 0 1
    outer loop
      vertex 66.35 88.5081 0
      vertex 66.05 87.9885 0
      vertex 66.3902 87.8207 0
    endloop
  endfacet
  facet normal 0 0 1
    outer loop
      vertex 65.7346 88.1993 0
      vertex 66.0998 88.6753 0
      vertex 65.8737 88.8737 0
    endloop
  endfacet
  facet normal 0 0 1
    outer loop
      vertex 66.0998 88.6753 0
      vertex 65.7346 88.1993 0
      vertex 66.05 87.9885 0
    endloop
  endfacet
  facet normal 0 0 1
    outer loop
      vertex 65.4494 88.4494 0
      vertex 65.8737 88.8737 0
      vertex 65.6753 89.0998 0
    endloop
  endfacet
  facet normal 0 0 1
    outer loop
      vertex 65.1993 88.7346 0
      vertex 65.6753 89.0998 0
      vertex 65.5081 89.35 0
    endloop
  endfacet
  facet normal 0 0 1
    outer loop
      vertex 65.8737 88.8737 0
      vertex 65.4494 88.4494 0
      vertex 65.7346 88.1993 0
    endloop
  endfacet
  facet normal 0 0 1
    outer loop
      vertex 64.9885 89.05 0
      vertex 65.5081 89.35 0
      vertex 65.3751 89.6198 0
    endloop
  endfacet
  facet normal 0 0 1
    outer loop
      vertex 64.8207 89.3902 0
      vertex 65.3751 89.6198 0
      vertex 65.2784 89.9047 0
    endloop
  endfacet
  facet normal 0 0 1
    outer loop
      vertex 64.6988 89.7494 0
      vertex 65.2784 89.9047 0
      vertex 65.2197 90.1998 0
    endloop
  endfacet
  facet normal 0 0 1
    outer loop
      vertex 65.6753 89.0998 0
      vertex 65.1993 88.7346 0
      vertex 65.4494 88.4494 0
    endloop
  endfacet
  facet normal 0 0 1
    outer loop
      vertex 64.6248 90.1215 0
      vertex 65.2197 90.1998 0
      vertex 65.2 90.5 0
    endloop
  endfacet
  facet normal -0 0 1
    outer loop
      vertex 64.6988 91.2506 0
      vertex 65.2784 91.0953 0
      vertex 64.8207 91.6098 0
    endloop
  endfacet
  facet normal 0 0 1
    outer loop
      vertex 65.2784 91.0953 0
      vertex 64.6988 91.2506 0
      vertex 65.2197 90.8002 0
    endloop
  endfacet
  facet normal 0 0 1
    outer loop
      vertex 65.5081 89.35 0
      vertex 64.9885 89.05 0
      vertex 65.1993 88.7346 0
    endloop
  endfacet
  facet normal -0 0 1
    outer loop
      vertex 64.6248 90.8785 0
      vertex 65.2197 90.8002 0
      vertex 64.6988 91.2506 0
    endloop
  endfacet
  facet normal 0 0 1
    outer loop
      vertex 65.3751 89.6198 0
      vertex 64.8207 89.3902 0
      vertex 64.9885 89.05 0
    endloop
  endfacet
  facet normal 0 0 1
    outer loop
      vertex 65.2197 90.8002 0
      vertex 64.6248 90.8785 0
      vertex 65.2 90.5 0
    endloop
  endfacet
  facet normal 0 0 1
    outer loop
      vertex 65.2784 89.9047 0
      vertex 64.6988 89.7494 0
      vertex 64.8207 89.3902 0
    endloop
  endfacet
  facet normal 0 0 1
    outer loop
      vertex 64.6 90.5 0
      vertex 65.2 90.5 0
      vertex 64.6248 90.8785 0
    endloop
  endfacet
  facet normal 0 0 1
    outer loop
      vertex 65.2197 90.1998 0
      vertex 64.6248 90.1215 0
      vertex 64.6988 89.7494 0
    endloop
  endfacet
  facet normal 0 0 1
    outer loop
      vertex 65.2 90.5 0
      vertex 64.6 90.5 0
      vertex 64.6248 90.1215 0
    endloop
  endfacet
  facet normal 1 -0 0
    outer loop
      vertex 7 0 36
      vertex 7 7 0
      vertex 7 7 36
    endloop
  endfacet
  facet normal 1 0 0
    outer loop
      vertex 7 7 0
      vertex 7 0 36
      vertex 7 0 0
    endloop
  endfacet
  facet normal 0 1 -0
    outer loop
      vertex 7 7 0
      vertex 0 7 36
      vertex 7 7 36
    endloop
  endfacet
  facet normal 0 1 0
    outer loop
      vertex 0 7 36
      vertex 7 7 0
      vertex 0 7 0
    endloop
  endfacet
  facet normal -0.321427 0.946934 0
    outer loop
      vertex 3.99749 2.29896 26
      vertex 3.83646 2.2443 36
      vertex 3.99749 2.29896 36
    endloop
  endfacet
  facet normal -0.321427 0.946934 0
    outer loop
      vertex 3.83646 2.2443 36
      vertex 3.99749 2.29896 26
      vertex 3.83646 2.2443 26
    endloop
  endfacet
  facet normal -0.980779 -0.195121 0
    outer loop
      vertex 4.78888 3.66968 26
      vertex 4.7557 3.83646 36
      vertex 4.7557 3.83646 26
    endloop
  endfacet
  facet normal -0.980779 -0.195121 0
    outer loop
      vertex 4.7557 3.83646 36
      vertex 4.78888 3.66968 26
      vertex 4.78888 3.66968 36
    endloop
  endfacet
  facet normal -0.997859 -0.0653948 0
    outer loop
      vertex 4.8 3.5 26
      vertex 4.78888 3.66968 36
      vertex 4.78888 3.66968 26
    endloop
  endfacet
  facet normal -0.997859 -0.0653948 0
    outer loop
      vertex 4.78888 3.66968 36
      vertex 4.8 3.5 26
      vertex 4.8 3.5 36
    endloop
  endfacet
  facet normal -0.946934 -0.321427 0
    outer loop
      vertex 4.7557 3.83646 26
      vertex 4.70104 3.99749 36
      vertex 4.70104 3.99749 26
    endloop
  endfacet
  facet normal -0.946934 -0.321427 0
    outer loop
      vertex 4.70104 3.99749 36
      vertex 4.7557 3.83646 26
      vertex 4.7557 3.83646 36
    endloop
  endfacet
  facet normal -0.321427 -0.946934 0
    outer loop
      vertex 3.83646 4.7557 26
      vertex 3.99749 4.70104 36
      vertex 3.83646 4.7557 36
    endloop
  endfacet
  facet normal -0.321427 -0.946934 -0
    outer loop
      vertex 3.99749 4.70104 36
      vertex 3.83646 4.7557 26
      vertex 3.99749 4.70104 26
    endloop
  endfacet
  facet normal 0.896872 -0.442291 0
    outer loop
      vertex 2.29896 3.99749 36
      vertex 2.37417 4.15 26
      vertex 2.37417 4.15 36
    endloop
  endfacet
  facet normal 0.896872 -0.442291 0
    outer loop
      vertex 2.37417 4.15 26
      vertex 2.29896 3.99749 36
      vertex 2.29896 3.99749 26
    endloop
  endfacet
  facet normal 0.751844 0.659341 0
    outer loop
      vertex 2.58076 2.58076 36
      vertex 2.46864 2.70861 26
      vertex 2.46864 2.70861 36
    endloop
  endfacet
  facet normal 0.751844 0.659341 0
    outer loop
      vertex 2.46864 2.70861 26
      vertex 2.58076 2.58076 36
      vertex 2.58076 2.58076 26
    endloop
  endfacet
  facet normal -0.83148 -0.555555 0
    outer loop
      vertex 4.62583 4.15 26
      vertex 4.53136 4.29139 36
      vertex 4.53136 4.29139 26
    endloop
  endfacet
  facet normal -0.83148 -0.555555 0
    outer loop
      vertex 4.53136 4.29139 36
      vertex 4.62583 4.15 26
      vertex 4.62583 4.15 36
    endloop
  endfacet
  facet normal -0.896872 -0.442291 0
    outer loop
      vertex 4.70104 3.99749 26
      vertex 4.62583 4.15 36
      vertex 4.62583 4.15 26
    endloop
  endfacet
  facet normal -0.896872 -0.442291 0
    outer loop
      vertex 4.62583 4.15 36
      vertex 4.70104 3.99749 26
      vertex 4.70104 3.99749 36
    endloop
  endfacet
  facet normal 0.659341 0.751844 -0
    outer loop
      vertex 2.70861 2.46864 26
      vertex 2.58076 2.58076 36
      vertex 2.70861 2.46864 36
    endloop
  endfacet
  facet normal 0.659341 0.751844 0
    outer loop
      vertex 2.58076 2.58076 36
      vertex 2.70861 2.46864 26
      vertex 2.58076 2.58076 26
    endloop
  endfacet
  facet normal 0.751844 -0.659341 0
    outer loop
      vertex 2.46864 4.29139 36
      vertex 2.58076 4.41924 26
      vertex 2.58076 4.41924 36
    endloop
  endfacet
  facet normal 0.751844 -0.659341 0
    outer loop
      vertex 2.58076 4.41924 26
      vertex 2.46864 4.29139 36
      vertex 2.46864 4.29139 26
    endloop
  endfacet
  facet normal 0.83148 -0.555555 0
    outer loop
      vertex 2.37417 4.15 36
      vertex 2.46864 4.29139 26
      vertex 2.46864 4.29139 36
    endloop
  endfacet
  facet normal 0.83148 -0.555555 0
    outer loop
      vertex 2.46864 4.29139 26
      vertex 2.37417 4.15 36
      vertex 2.37417 4.15 26
    endloop
  endfacet
  facet normal 0.195121 -0.980779 0
    outer loop
      vertex 3.16354 4.7557 26
      vertex 3.33032 4.78888 36
      vertex 3.16354 4.7557 36
    endloop
  endfacet
  facet normal 0.195121 -0.980779 0
    outer loop
      vertex 3.33032 4.78888 36
      vertex 3.16354 4.7557 26
      vertex 3.33032 4.78888 26
    endloop
  endfacet
  facet normal -0.442291 0.896872 0
    outer loop
      vertex 4.15 2.37417 26
      vertex 3.99749 2.29896 36
      vertex 4.15 2.37417 36
    endloop
  endfacet
  facet normal -0.442291 0.896872 0
    outer loop
      vertex 3.99749 2.29896 36
      vertex 4.15 2.37417 26
      vertex 3.99749 2.29896 26
    endloop
  endfacet
  facet normal 0.946934 -0.321427 0
    outer loop
      vertex 2.2443 3.83646 36
      vertex 2.29896 3.99749 26
      vertex 2.29896 3.99749 36
    endloop
  endfacet
  facet normal 0.946934 -0.321427 0
    outer loop
      vertex 2.29896 3.99749 26
      vertex 2.2443 3.83646 36
      vertex 2.2443 3.83646 26
    endloop
  endfacet
  facet normal 0.442291 -0.896872 0
    outer loop
      vertex 2.85 4.62583 26
      vertex 3.00251 4.70104 36
      vertex 2.85 4.62583 36
    endloop
  endfacet
  facet normal 0.442291 -0.896872 0
    outer loop
      vertex 3.00251 4.70104 36
      vertex 2.85 4.62583 26
      vertex 3.00251 4.70104 26
    endloop
  endfacet
  facet normal 0.321427 0.946934 -0
    outer loop
      vertex 3.16354 2.2443 26
      vertex 3.00251 2.29896 36
      vertex 3.16354 2.2443 36
    endloop
  endfacet
  facet normal 0.321427 0.946934 0
    outer loop
      vertex 3.00251 2.29896 36
      vertex 3.16354 2.2443 26
      vertex 3.00251 2.29896 26
    endloop
  endfacet
  facet normal -0.83148 0.555555 0
    outer loop
      vertex 4.53136 2.70861 26
      vertex 4.62583 2.85 36
      vertex 4.62583 2.85 26
    endloop
  endfacet
  facet normal -0.83148 0.555555 0
    outer loop
      vertex 4.62583 2.85 36
      vertex 4.53136 2.70861 26
      vertex 4.53136 2.70861 36
    endloop
  endfacet
  facet normal -0.195121 0.980779 0
    outer loop
      vertex 3.83646 2.2443 26
      vertex 3.66968 2.21112 36
      vertex 3.83646 2.2443 36
    endloop
  endfacet
  facet normal -0.195121 0.980779 0
    outer loop
      vertex 3.66968 2.21112 36
      vertex 3.83646 2.2443 26
      vertex 3.66968 2.21112 26
    endloop
  endfacet
  facet normal -0.0653948 -0.997859 0
    outer loop
      vertex 3.5 4.8 26
      vertex 3.66968 4.78888 36
      vertex 3.5 4.8 36
    endloop
  endfacet
  facet normal -0.0653948 -0.997859 -0
    outer loop
      vertex 3.66968 4.78888 36
      vertex 3.5 4.8 26
      vertex 3.66968 4.78888 26
    endloop
  endfacet
  facet normal -0.980779 0.195121 0
    outer loop
      vertex 4.7557 3.16354 26
      vertex 4.78888 3.33032 36
      vertex 4.78888 3.33032 26
    endloop
  endfacet
  facet normal -0.980779 0.195121 0
    outer loop
      vertex 4.78888 3.33032 36
      vertex 4.7557 3.16354 26
      vertex 4.7557 3.16354 36
    endloop
  endfacet
  facet normal -0.555555 0.83148 0
    outer loop
      vertex 4.29139 2.46864 26
      vertex 4.15 2.37417 36
      vertex 4.29139 2.46864 36
    endloop
  endfacet
  facet normal -0.555555 0.83148 0
    outer loop
      vertex 4.15 2.37417 36
      vertex 4.29139 2.46864 26
      vertex 4.15 2.37417 26
    endloop
  endfacet
  facet normal -0.555555 -0.83148 0
    outer loop
      vertex 4.15 4.62583 26
      vertex 4.29139 4.53136 36
      vertex 4.15 4.62583 36
    endloop
  endfacet
  facet normal -0.555555 -0.83148 -0
    outer loop
      vertex 4.29139 4.53136 36
      vertex 4.15 4.62583 26
      vertex 4.29139 4.53136 26
    endloop
  endfacet
  facet normal -0.896872 0.442291 0
    outer loop
      vertex 4.62583 2.85 26
      vertex 4.70104 3.00251 36
      vertex 4.70104 3.00251 26
    endloop
  endfacet
  facet normal -0.896872 0.442291 0
    outer loop
      vertex 4.70104 3.00251 36
      vertex 4.62583 2.85 26
      vertex 4.62583 2.85 36
    endloop
  endfacet
  facet normal 0.555555 -0.83148 0
    outer loop
      vertex 2.70861 4.53136 26
      vertex 2.85 4.62583 36
      vertex 2.70861 4.53136 36
    endloop
  endfacet
  facet normal 0.555555 -0.83148 0
    outer loop
      vertex 2.85 4.62583 36
      vertex 2.70861 4.53136 26
      vertex 2.85 4.62583 26
    endloop
  endfacet
  facet normal -0.751844 0.659341 0
    outer loop
      vertex 4.41924 2.58076 26
      vertex 4.53136 2.70861 36
      vertex 4.53136 2.70861 26
    endloop
  endfacet
  facet normal -0.751844 0.659341 0
    outer loop
      vertex 4.53136 2.70861 36
      vertex 4.41924 2.58076 26
      vertex 4.41924 2.58076 36
    endloop
  endfacet
  facet normal -0.195121 -0.980779 0
    outer loop
      vertex 3.66968 4.78888 26
      vertex 3.83646 4.7557 36
      vertex 3.66968 4.78888 36
    endloop
  endfacet
  facet normal -0.195121 -0.980779 -0
    outer loop
      vertex 3.83646 4.7557 36
      vertex 3.66968 4.78888 26
      vertex 3.83646 4.7557 26
    endloop
  endfacet
  facet normal 0.659341 -0.751844 0
    outer loop
      vertex 2.58076 4.41924 26
      vertex 2.70861 4.53136 36
      vertex 2.58076 4.41924 36
    endloop
  endfacet
  facet normal 0.659341 -0.751844 0
    outer loop
      vertex 2.70861 4.53136 36
      vertex 2.58076 4.41924 26
      vertex 2.70861 4.53136 26
    endloop
  endfacet
  facet normal 0.321427 -0.946934 0
    outer loop
      vertex 3.00251 4.70104 26
      vertex 3.16354 4.7557 36
      vertex 3.00251 4.70104 36
    endloop
  endfacet
  facet normal 0.321427 -0.946934 0
    outer loop
      vertex 3.16354 4.7557 36
      vertex 3.00251 4.70104 26
      vertex 3.16354 4.7557 26
    endloop
  endfacet
  facet normal -0.997859 0.0653948 0
    outer loop
      vertex 4.78888 3.33032 26
      vertex 4.8 3.5 36
      vertex 4.8 3.5 26
    endloop
  endfacet
  facet normal -0.997859 0.0653948 0
    outer loop
      vertex 4.8 3.5 36
      vertex 4.78888 3.33032 26
      vertex 4.78888 3.33032 36
    endloop
  endfacet
  facet normal 0.980779 0.195121 0
    outer loop
      vertex 2.2443 3.16354 36
      vertex 2.21112 3.33032 26
      vertex 2.21112 3.33032 36
    endloop
  endfacet
  facet normal 0.980779 0.195121 0
    outer loop
      vertex 2.21112 3.33032 26
      vertex 2.2443 3.16354 36
      vertex 2.2443 3.16354 26
    endloop
  endfacet
  facet normal -0.659341 -0.751844 0
    outer loop
      vertex 4.29139 4.53136 26
      vertex 4.41924 4.41924 36
      vertex 4.29139 4.53136 36
    endloop
  endfacet
  facet normal -0.659341 -0.751844 -0
    outer loop
      vertex 4.41924 4.41924 36
      vertex 4.29139 4.53136 26
      vertex 4.41924 4.41924 26
    endloop
  endfacet
  facet normal -0.0653948 0.997859 0
    outer loop
      vertex 3.66968 2.21112 26
      vertex 3.5 2.2 36
      vertex 3.66968 2.21112 36
    endloop
  endfacet
  facet normal -0.0653948 0.997859 0
    outer loop
      vertex 3.5 2.2 36
      vertex 3.66968 2.21112 26
      vertex 3.5 2.2 26
    endloop
  endfacet
  facet normal 0.896872 0.442291 0
    outer loop
      vertex 2.37417 2.85 36
      vertex 2.29896 3.00251 26
      vertex 2.29896 3.00251 36
    endloop
  endfacet
  facet normal 0.896872 0.442291 0
    outer loop
      vertex 2.29896 3.00251 26
      vertex 2.37417 2.85 36
      vertex 2.37417 2.85 26
    endloop
  endfacet
  facet normal 0.442291 0.896872 -0
    outer loop
      vertex 3.00251 2.29896 26
      vertex 2.85 2.37417 36
      vertex 3.00251 2.29896 36
    endloop
  endfacet
  facet normal 0.442291 0.896872 0
    outer loop
      vertex 2.85 2.37417 36
      vertex 3.00251 2.29896 26
      vertex 2.85 2.37417 26
    endloop
  endfacet
  facet normal 0.83148 0.555555 0
    outer loop
      vertex 2.46864 2.70861 36
      vertex 2.37417 2.85 26
      vertex 2.37417 2.85 36
    endloop
  endfacet
  facet normal 0.83148 0.555555 0
    outer loop
      vertex 2.37417 2.85 26
      vertex 2.46864 2.70861 36
      vertex 2.46864 2.70861 26
    endloop
  endfacet
  facet normal -0.751844 -0.659341 0
    outer loop
      vertex 4.53136 4.29139 26
      vertex 4.41924 4.41924 36
      vertex 4.41924 4.41924 26
    endloop
  endfacet
  facet normal -0.751844 -0.659341 0
    outer loop
      vertex 4.41924 4.41924 36
      vertex 4.53136 4.29139 26
      vertex 4.53136 4.29139 36
    endloop
  endfacet
  facet normal -0.946934 0.321427 0
    outer loop
      vertex 4.70104 3.00251 26
      vertex 4.7557 3.16354 36
      vertex 4.7557 3.16354 26
    endloop
  endfacet
  facet normal -0.946934 0.321427 0
    outer loop
      vertex 4.7557 3.16354 36
      vertex 4.70104 3.00251 26
      vertex 4.70104 3.00251 36
    endloop
  endfacet
  facet normal 0.0653948 -0.997859 0
    outer loop
      vertex 3.33032 4.78888 26
      vertex 3.5 4.8 36
      vertex 3.33032 4.78888 36
    endloop
  endfacet
  facet normal 0.0653948 -0.997859 0
    outer loop
      vertex 3.5 4.8 36
      vertex 3.33032 4.78888 26
      vertex 3.5 4.8 26
    endloop
  endfacet
  facet normal -0.442291 -0.896872 0
    outer loop
      vertex 3.99749 4.70104 26
      vertex 4.15 4.62583 36
      vertex 3.99749 4.70104 36
    endloop
  endfacet
  facet normal -0.442291 -0.896872 -0
    outer loop
      vertex 4.15 4.62583 36
      vertex 3.99749 4.70104 26
      vertex 4.15 4.62583 26
    endloop
  endfacet
  facet normal 0.980779 -0.195121 0
    outer loop
      vertex 2.21112 3.66968 36
      vertex 2.2443 3.83646 26
      vertex 2.2443 3.83646 36
    endloop
  endfacet
  facet normal 0.980779 -0.195121 0
    outer loop
      vertex 2.2443 3.83646 26
      vertex 2.21112 3.66968 36
      vertex 2.21112 3.66968 26
    endloop
  endfacet
  facet normal 0.946934 0.321427 0
    outer loop
      vertex 2.29896 3.00251 36
      vertex 2.2443 3.16354 26
      vertex 2.2443 3.16354 36
    endloop
  endfacet
  facet normal 0.946934 0.321427 0
    outer loop
      vertex 2.2443 3.16354 26
      vertex 2.29896 3.00251 36
      vertex 2.29896 3.00251 26
    endloop
  endfacet
  facet normal 0.997859 0.0653948 0
    outer loop
      vertex 2.21112 3.33032 36
      vertex 2.2 3.5 26
      vertex 2.2 3.5 36
    endloop
  endfacet
  facet normal 0.997859 0.0653948 0
    outer loop
      vertex 2.2 3.5 26
      vertex 2.21112 3.33032 36
      vertex 2.21112 3.33032 26
    endloop
  endfacet
  facet normal 0.997859 -0.0653948 0
    outer loop
      vertex 2.2 3.5 36
      vertex 2.21112 3.66968 26
      vertex 2.21112 3.66968 36
    endloop
  endfacet
  facet normal 0.997859 -0.0653948 0
    outer loop
      vertex 2.21112 3.66968 26
      vertex 2.2 3.5 36
      vertex 2.2 3.5 26
    endloop
  endfacet
  facet normal 0.555555 0.83148 -0
    outer loop
      vertex 2.85 2.37417 26
      vertex 2.70861 2.46864 36
      vertex 2.85 2.37417 36
    endloop
  endfacet
  facet normal 0.555555 0.83148 0
    outer loop
      vertex 2.70861 2.46864 36
      vertex 2.85 2.37417 26
      vertex 2.70861 2.46864 26
    endloop
  endfacet
  facet normal 0 0 1
    outer loop
      vertex 4.78888 3.66968 26
      vertex 4.78888 3.33032 26
      vertex 4.8 3.5 26
    endloop
  endfacet
  facet normal 0 0 1
    outer loop
      vertex 4.7557 3.83646 26
      vertex 4.78888 3.33032 26
      vertex 4.78888 3.66968 26
    endloop
  endfacet
  facet normal 0 0 1
    outer loop
      vertex 4.7557 3.83646 26
      vertex 4.7557 3.16354 26
      vertex 4.78888 3.33032 26
    endloop
  endfacet
  facet normal 0 0 1
    outer loop
      vertex 4.70104 3.99749 26
      vertex 4.7557 3.16354 26
      vertex 4.7557 3.83646 26
    endloop
  endfacet
  facet normal 0 0 1
    outer loop
      vertex 4.70104 3.99749 26
      vertex 4.70104 3.00251 26
      vertex 4.7557 3.16354 26
    endloop
  endfacet
  facet normal 0 0 1
    outer loop
      vertex 4.62583 4.15 26
      vertex 4.70104 3.00251 26
      vertex 4.70104 3.99749 26
    endloop
  endfacet
  facet normal 0 0 1
    outer loop
      vertex 4.62583 4.15 26
      vertex 4.62583 2.85 26
      vertex 4.70104 3.00251 26
    endloop
  endfacet
  facet normal 0 0 1
    outer loop
      vertex 4.53136 4.29139 26
      vertex 4.62583 2.85 26
      vertex 4.62583 4.15 26
    endloop
  endfacet
  facet normal 0 0 1
    outer loop
      vertex 4.53136 4.29139 26
      vertex 4.53136 2.70861 26
      vertex 4.62583 2.85 26
    endloop
  endfacet
  facet normal 0 0 1
    outer loop
      vertex 4.41924 4.41924 26
      vertex 4.53136 2.70861 26
      vertex 4.53136 4.29139 26
    endloop
  endfacet
  facet normal 0 0 1
    outer loop
      vertex 4.41924 4.41924 26
      vertex 4.41924 2.58076 26
      vertex 4.53136 2.70861 26
    endloop
  endfacet
  facet normal 0 0 1
    outer loop
      vertex 4.29139 4.53136 26
      vertex 4.41924 2.58076 26
      vertex 4.41924 4.41924 26
    endloop
  endfacet
  facet normal 0 0 1
    outer loop
      vertex 4.29139 4.53136 26
      vertex 4.29139 2.46864 26
      vertex 4.41924 2.58076 26
    endloop
  endfacet
  facet normal 0 0 1
    outer loop
      vertex 4.15 4.62583 26
      vertex 4.29139 2.46864 26
      vertex 4.29139 4.53136 26
    endloop
  endfacet
  facet normal 0 0 1
    outer loop
      vertex 4.15 4.62583 26
      vertex 4.15 2.37417 26
      vertex 4.29139 2.46864 26
    endloop
  endfacet
  facet normal 0 0 1
    outer loop
      vertex 3.99749 4.70104 26
      vertex 4.15 2.37417 26
      vertex 4.15 4.62583 26
    endloop
  endfacet
  facet normal 0 0 1
    outer loop
      vertex 3.99749 4.70104 26
      vertex 3.99749 2.29896 26
      vertex 4.15 2.37417 26
    endloop
  endfacet
  facet normal 0 0 1
    outer loop
      vertex 3.83646 4.7557 26
      vertex 3.99749 2.29896 26
      vertex 3.99749 4.70104 26
    endloop
  endfacet
  facet normal 0 0 1
    outer loop
      vertex 3.83646 4.7557 26
      vertex 3.83646 2.2443 26
      vertex 3.99749 2.29896 26
    endloop
  endfacet
  facet normal 0 0 1
    outer loop
      vertex 3.66968 4.78888 26
      vertex 3.83646 2.2443 26
      vertex 3.83646 4.7557 26
    endloop
  endfacet
  facet normal 0 0 1
    outer loop
      vertex 3.66968 4.78888 26
      vertex 3.66968 2.21112 26
      vertex 3.83646 2.2443 26
    endloop
  endfacet
  facet normal 0 0 1
    outer loop
      vertex 3.5 4.8 26
      vertex 3.66968 2.21112 26
      vertex 3.66968 4.78888 26
    endloop
  endfacet
  facet normal 0 0 1
    outer loop
      vertex 3.5 4.8 26
      vertex 3.5 2.2 26
      vertex 3.66968 2.21112 26
    endloop
  endfacet
  facet normal -0 0 1
    outer loop
      vertex 3.33032 4.78888 26
      vertex 3.5 2.2 26
      vertex 3.5 4.8 26
    endloop
  endfacet
  facet normal 0 0 1
    outer loop
      vertex 3.33032 4.78888 26
      vertex 3.33032 2.21112 26
      vertex 3.5 2.2 26
    endloop
  endfacet
  facet normal -0 0 1
    outer loop
      vertex 3.16354 4.7557 26
      vertex 3.33032 2.21112 26
      vertex 3.33032 4.78888 26
    endloop
  endfacet
  facet normal 0 0 1
    outer loop
      vertex 3.16354 4.7557 26
      vertex 3.16354 2.2443 26
      vertex 3.33032 2.21112 26
    endloop
  endfacet
  facet normal -0 0 1
    outer loop
      vertex 3.00251 4.70104 26
      vertex 3.16354 2.2443 26
      vertex 3.16354 4.7557 26
    endloop
  endfacet
  facet normal 0 0 1
    outer loop
      vertex 3.00251 4.70104 26
      vertex 3.00251 2.29896 26
      vertex 3.16354 2.2443 26
    endloop
  endfacet
  facet normal -0 0 1
    outer loop
      vertex 2.85 4.62583 26
      vertex 3.00251 2.29896 26
      vertex 3.00251 4.70104 26
    endloop
  endfacet
  facet normal 0 0 1
    outer loop
      vertex 2.85 4.62583 26
      vertex 2.85 2.37417 26
      vertex 3.00251 2.29896 26
    endloop
  endfacet
  facet normal -0 0 1
    outer loop
      vertex 2.70861 4.53136 26
      vertex 2.85 2.37417 26
      vertex 2.85 4.62583 26
    endloop
  endfacet
  facet normal 0 0 1
    outer loop
      vertex 2.70861 4.53136 26
      vertex 2.70861 2.46864 26
      vertex 2.85 2.37417 26
    endloop
  endfacet
  facet normal -0 0 1
    outer loop
      vertex 2.58076 4.41924 26
      vertex 2.70861 2.46864 26
      vertex 2.70861 4.53136 26
    endloop
  endfacet
  facet normal 0 0 1
    outer loop
      vertex 2.58076 4.41924 26
      vertex 2.58076 2.58076 26
      vertex 2.70861 2.46864 26
    endloop
  endfacet
  facet normal -0 0 1
    outer loop
      vertex 2.46864 4.29139 26
      vertex 2.58076 2.58076 26
      vertex 2.58076 4.41924 26
    endloop
  endfacet
  facet normal 0 0 1
    outer loop
      vertex 2.46864 4.29139 26
      vertex 2.46864 2.70861 26
      vertex 2.58076 2.58076 26
    endloop
  endfacet
  facet normal -0 0 1
    outer loop
      vertex 2.37417 4.15 26
      vertex 2.46864 2.70861 26
      vertex 2.46864 4.29139 26
    endloop
  endfacet
  facet normal 0 0 1
    outer loop
      vertex 2.37417 4.15 26
      vertex 2.37417 2.85 26
      vertex 2.46864 2.70861 26
    endloop
  endfacet
  facet normal -0 0 1
    outer loop
      vertex 2.29896 3.99749 26
      vertex 2.37417 2.85 26
      vertex 2.37417 4.15 26
    endloop
  endfacet
  facet normal 0 0 1
    outer loop
      vertex 2.29896 3.99749 26
      vertex 2.29896 3.00251 26
      vertex 2.37417 2.85 26
    endloop
  endfacet
  facet normal -0 0 1
    outer loop
      vertex 2.2443 3.83646 26
      vertex 2.29896 3.00251 26
      vertex 2.29896 3.99749 26
    endloop
  endfacet
  facet normal 0 0 1
    outer loop
      vertex 2.2443 3.83646 26
      vertex 2.2443 3.16354 26
      vertex 2.29896 3.00251 26
    endloop
  endfacet
  facet normal -0 0 1
    outer loop
      vertex 2.21112 3.66968 26
      vertex 2.2443 3.16354 26
      vertex 2.2443 3.83646 26
    endloop
  endfacet
  facet normal 0 0 1
    outer loop
      vertex 2.21112 3.66968 26
      vertex 2.21112 3.33032 26
      vertex 2.2443 3.16354 26
    endloop
  endfacet
  facet normal 0 -0 1
    outer loop
      vertex 2.21112 3.33032 26
      vertex 2.21112 3.66968 26
      vertex 2.2 3.5 26
    endloop
  endfacet
  facet normal 0.0653948 0.997859 -0
    outer loop
      vertex 3.5 2.2 26
      vertex 3.33032 2.21112 36
      vertex 3.5 2.2 36
    endloop
  endfacet
  facet normal 0.0653948 0.997859 0
    outer loop
      vertex 3.33032 2.21112 36
      vertex 3.5 2.2 26
      vertex 3.33032 2.21112 26
    endloop
  endfacet
  facet normal 0.195121 0.980779 -0
    outer loop
      vertex 3.33032 2.21112 26
      vertex 3.16354 2.2443 36
      vertex 3.33032 2.21112 36
    endloop
  endfacet
  facet normal 0.195121 0.980779 0
    outer loop
      vertex 3.16354 2.2443 36
      vertex 3.33032 2.21112 26
      vertex 3.16354 2.2443 26
    endloop
  endfacet
  facet normal -0.659341 0.751844 0
    outer loop
      vertex 4.41924 2.58076 26
      vertex 4.29139 2.46864 36
      vertex 4.41924 2.58076 36
    endloop
  endfacet
  facet normal -0.659341 0.751844 0
    outer loop
      vertex 4.29139 2.46864 36
      vertex 4.41924 2.58076 26
      vertex 4.29139 2.46864 26
    endloop
  endfacet
  facet normal -1 0 0
    outer loop
      vertex 89 0 0
      vertex 89 7 36
      vertex 89 7 0
    endloop
  endfacet
  facet normal -1 -0 0
    outer loop
      vertex 89 7 36
      vertex 89 0 0
      vertex 89 0 36
    endloop
  endfacet
  facet normal 0 1 -0
    outer loop
      vertex 96 7 0
      vertex 89 7 36
      vertex 96 7 36
    endloop
  endfacet
  facet normal 0 1 0
    outer loop
      vertex 89 7 36
      vertex 96 7 0
      vertex 89 7 0
    endloop
  endfacet
  facet normal -0.321481 0.946916 0
    outer loop
      vertex 92.9975 2.29896 26
      vertex 92.8365 2.2443 36
      vertex 92.9975 2.29896 36
    endloop
  endfacet
  facet normal -0.321481 0.946916 0
    outer loop
      vertex 92.8365 2.2443 36
      vertex 92.9975 2.29896 26
      vertex 92.8365 2.2443 26
    endloop
  endfacet
  facet normal -0.980757 -0.195234 0
    outer loop
      vertex 93.7889 3.66968 26
      vertex 93.7557 3.83646 36
      vertex 93.7557 3.83646 26
    endloop
  endfacet
  facet normal -0.980757 -0.195234 0
    outer loop
      vertex 93.7557 3.83646 36
      vertex 93.7889 3.66968 26
      vertex 93.7889 3.66968 36
    endloop
  endfacet
  facet normal -0.997867 -0.0652777 0
    outer loop
      vertex 93.8 3.5 26
      vertex 93.7889 3.66968 36
      vertex 93.7889 3.66968 26
    endloop
  endfacet
  facet normal -0.997867 -0.0652777 0
    outer loop
      vertex 93.7889 3.66968 36
      vertex 93.8 3.5 26
      vertex 93.8 3.5 36
    endloop
  endfacet
  facet normal -0.946863 -0.321638 0
    outer loop
      vertex 93.7557 3.83646 26
      vertex 93.701 3.99749 36
      vertex 93.701 3.99749 26
    endloop
  endfacet
  facet normal -0.946863 -0.321638 0
    outer loop
      vertex 93.701 3.99749 36
      vertex 93.7557 3.83646 26
      vertex 93.7557 3.83646 36
    endloop
  endfacet
  facet normal -0.321481 -0.946916 0
    outer loop
      vertex 92.8365 4.7557 26
      vertex 92.9975 4.70104 36
      vertex 92.8365 4.7557 36
    endloop
  endfacet
  facet normal -0.321481 -0.946916 -0
    outer loop
      vertex 92.9975 4.70104 36
      vertex 92.8365 4.7557 26
      vertex 92.9975 4.70104 26
    endloop
  endfacet
  facet normal 0.896895 -0.442243 0
    outer loop
      vertex 91.299 3.99749 36
      vertex 91.3742 4.15 26
      vertex 91.3742 4.15 36
    endloop
  endfacet
  facet normal 0.896895 -0.442243 0
    outer loop
      vertex 91.3742 4.15 26
      vertex 91.299 3.99749 36
      vertex 91.299 3.99749 26
    endloop
  endfacet
  facet normal 0.751611 0.659607 0
    outer loop
      vertex 91.5808 2.58076 36
      vertex 91.4686 2.70861 26
      vertex 91.4686 2.70861 36
    endloop
  endfacet
  facet normal 0.751611 0.659607 0
    outer loop
      vertex 91.4686 2.70861 26
      vertex 91.5808 2.58076 36
      vertex 91.5808 2.58076 26
    endloop
  endfacet
  facet normal -0.83167 -0.55527 0
    outer loop
      vertex 93.6258 4.15 26
      vertex 93.5314 4.29139 36
      vertex 93.5314 4.29139 26
    endloop
  endfacet
  facet normal -0.83167 -0.55527 0
    outer loop
      vertex 93.5314 4.29139 36
      vertex 93.6258 4.15 26
      vertex 93.6258 4.15 36
    endloop
  endfacet
  facet normal -0.896895 -0.442243 0
    outer loop
      vertex 93.701 3.99749 26
      vertex 93.6258 4.15 36
      vertex 93.6258 4.15 26
    endloop
  endfacet
  facet normal -0.896895 -0.442243 0
    outer loop
      vertex 93.6258 4.15 36
      vertex 93.701 3.99749 26
      vertex 93.701 3.99749 36
    endloop
  endfacet
  facet normal 0.659487 0.751716 -0
    outer loop
      vertex 91.7086 2.46864 26
      vertex 91.5808 2.58076 36
      vertex 91.7086 2.46864 36
    endloop
  endfacet
  facet normal 0.659487 0.751716 0
    outer loop
      vertex 91.5808 2.58076 36
      vertex 91.7086 2.46864 26
      vertex 91.5808 2.58076 26
    endloop
  endfacet
  facet normal 0.751611 -0.659607 0
    outer loop
      vertex 91.4686 4.29139 36
      vertex 91.5808 4.41924 26
      vertex 91.5808 4.41924 36
    endloop
  endfacet
  facet normal 0.751611 -0.659607 0
    outer loop
      vertex 91.5808 4.41924 26
      vertex 91.4686 4.29139 36
      vertex 91.4686 4.29139 26
    endloop
  endfacet
  facet normal 0.83167 -0.55527 0
    outer loop
      vertex 91.3742 4.15 36
      vertex 91.4686 4.29139 26
      vertex 91.4686 4.29139 36
    endloop
  endfacet
  facet normal 0.83167 -0.55527 0
    outer loop
      vertex 91.4686 4.29139 26
      vertex 91.3742 4.15 36
      vertex 91.3742 4.15 26
    endloop
  endfacet
  facet normal 0.195098 -0.980784 0
    outer loop
      vertex 92.1635 4.7557 26
      vertex 92.3303 4.78888 36
      vertex 92.1635 4.7557 36
    endloop
  endfacet
  facet normal 0.195098 -0.980784 0
    outer loop
      vertex 92.3303 4.78888 36
      vertex 92.1635 4.7557 26
      vertex 92.3303 4.78888 26
    endloop
  endfacet
  facet normal -0.442314 0.89686 0
    outer loop
      vertex 93.15 2.37417 26
      vertex 92.9975 2.29896 36
      vertex 93.15 2.37417 36
    endloop
  endfacet
  facet normal -0.442314 0.89686 0
    outer loop
      vertex 92.9975 2.29896 36
      vertex 93.15 2.37417 26
      vertex 92.9975 2.29896 26
    endloop
  endfacet
  facet normal 0.946863 -0.321638 0
    outer loop
      vertex 91.2443 3.83646 36
      vertex 91.299 3.99749 26
      vertex 91.299 3.99749 36
    endloop
  endfacet
  facet normal 0.946863 -0.321638 0
    outer loop
      vertex 91.299 3.99749 26
      vertex 91.2443 3.83646 36
      vertex 91.2443 3.83646 26
    endloop
  endfacet
  facet normal 0.442314 -0.89686 0
    outer loop
      vertex 91.85 4.62583 26
      vertex 92.0025 4.70104 36
      vertex 91.85 4.62583 36
    endloop
  endfacet
  facet normal 0.442314 -0.89686 0
    outer loop
      vertex 92.0025 4.70104 36
      vertex 91.85 4.62583 26
      vertex 92.0025 4.70104 26
    endloop
  endfacet
  facet normal 0.321481 0.946916 -0
    outer loop
      vertex 92.1635 2.2443 26
      vertex 92.0025 2.29896 36
      vertex 92.1635 2.2443 36
    endloop
  endfacet
  facet normal 0.321481 0.946916 0
    outer loop
      vertex 92.0025 2.29896 36
      vertex 92.1635 2.2443 26
      vertex 92.0025 2.29896 26
    endloop
  endfacet
  facet normal -0.83167 0.55527 0
    outer loop
      vertex 93.5314 2.70861 26
      vertex 93.6258 2.85 36
      vertex 93.6258 2.85 26
    endloop
  endfacet
  facet normal -0.83167 0.55527 0
    outer loop
      vertex 93.6258 2.85 36
      vertex 93.5314 2.70861 26
      vertex 93.5314 2.70861 36
    endloop
  endfacet
  facet normal -0.195098 0.980784 0
    outer loop
      vertex 92.8365 2.2443 26
      vertex 92.6697 2.21112 36
      vertex 92.8365 2.2443 36
    endloop
  endfacet
  facet normal -0.195098 0.980784 0
    outer loop
      vertex 92.6697 2.21112 36
      vertex 92.8365 2.2443 26
      vertex 92.6697 2.21112 26
    endloop
  endfacet
  facet normal -0.0653872 -0.99786 0
    outer loop
      vertex 92.5 4.8 26
      vertex 92.6697 4.78888 36
      vertex 92.5 4.8 36
    endloop
  endfacet
  facet normal -0.0653872 -0.99786 -0
    outer loop
      vertex 92.6697 4.78888 36
      vertex 92.5 4.8 26
      vertex 92.6697 4.78888 26
    endloop
  endfacet
  facet normal -0.980757 0.195234 0
    outer loop
      vertex 93.7557 3.16354 26
      vertex 93.7889 3.33032 36
      vertex 93.7889 3.33032 26
    endloop
  endfacet
  facet normal -0.980757 0.195234 0
    outer loop
      vertex 93.7889 3.33032 36
      vertex 93.7557 3.16354 26
      vertex 93.7557 3.16354 36
    endloop
  endfacet
  facet normal -0.555528 0.831498 0
    outer loop
      vertex 93.2914 2.46864 26
      vertex 93.15 2.37417 36
      vertex 93.2914 2.46864 36
    endloop
  endfacet
  facet normal -0.555528 0.831498 0
    outer loop
      vertex 93.15 2.37417 36
      vertex 93.2914 2.46864 26
      vertex 93.15 2.37417 26
    endloop
  endfacet
  facet normal -0.555528 -0.831498 0
    outer loop
      vertex 93.15 4.62583 26
      vertex 93.2914 4.53136 36
      vertex 93.15 4.62583 36
    endloop
  endfacet
  facet normal -0.555528 -0.831498 -0
    outer loop
      vertex 93.2914 4.53136 36
      vertex 93.15 4.62583 26
      vertex 93.2914 4.53136 26
    endloop
  endfacet
  facet normal -0.896895 0.442243 0
    outer loop
      vertex 93.6258 2.85 26
      vertex 93.701 3.00251 36
      vertex 93.701 3.00251 26
    endloop
  endfacet
  facet normal -0.896895 0.442243 0
    outer loop
      vertex 93.701 3.00251 36
      vertex 93.6258 2.85 26
      vertex 93.6258 2.85 36
    endloop
  endfacet
  facet normal 0.555528 -0.831498 0
    outer loop
      vertex 91.7086 4.53136 26
      vertex 91.85 4.62583 36
      vertex 91.7086 4.53136 36
    endloop
  endfacet
  facet normal 0.555528 -0.831498 0
    outer loop
      vertex 91.85 4.62583 36
      vertex 91.7086 4.53136 26
      vertex 91.85 4.62583 26
    endloop
  endfacet
  facet normal -0.751611 0.659607 0
    outer loop
      vertex 93.4192 2.58076 26
      vertex 93.5314 2.70861 36
      vertex 93.5314 2.70861 26
    endloop
  endfacet
  facet normal -0.751611 0.659607 0
    outer loop
      vertex 93.5314 2.70861 36
      vertex 93.4192 2.58076 26
      vertex 93.4192 2.58076 36
    endloop
  endfacet
  facet normal -0.195098 -0.980784 0
    outer loop
      vertex 92.6697 4.78888 26
      vertex 92.8365 4.7557 36
      vertex 92.6697 4.78888 36
    endloop
  endfacet
  facet normal -0.195098 -0.980784 -0
    outer loop
      vertex 92.8365 4.7557 36
      vertex 92.6697 4.78888 26
      vertex 92.8365 4.7557 26
    endloop
  endfacet
  facet normal 0.659487 -0.751716 0
    outer loop
      vertex 91.5808 4.41924 26
      vertex 91.7086 4.53136 36
      vertex 91.5808 4.41924 36
    endloop
  endfacet
  facet normal 0.659487 -0.751716 0
    outer loop
      vertex 91.7086 4.53136 36
      vertex 91.5808 4.41924 26
      vertex 91.7086 4.53136 26
    endloop
  endfacet
  facet normal 0.321481 -0.946916 0
    outer loop
      vertex 92.0025 4.70104 26
      vertex 92.1635 4.7557 36
      vertex 92.0025 4.70104 36
    endloop
  endfacet
  facet normal 0.321481 -0.946916 0
    outer loop
      vertex 92.1635 4.7557 36
      vertex 92.0025 4.70104 26
      vertex 92.1635 4.7557 26
    endloop
  endfacet
  facet normal -0.997867 0.0652777 0
    outer loop
      vertex 93.7889 3.33032 26
      vertex 93.8 3.5 36
      vertex 93.8 3.5 26
    endloop
  endfacet
  facet normal -0.997867 0.0652777 0
    outer loop
      vertex 93.8 3.5 36
      vertex 93.7889 3.33032 26
      vertex 93.7889 3.33032 36
    endloop
  endfacet
  facet normal 0.980757 0.195234 0
    outer loop
      vertex 91.2443 3.16354 36
      vertex 91.2111 3.33032 26
      vertex 91.2111 3.33032 36
    endloop
  endfacet
  facet normal 0.980757 0.195234 0
    outer loop
      vertex 91.2111 3.33032 26
      vertex 91.2443 3.16354 36
      vertex 91.2443 3.16354 26
    endloop
  endfacet
  facet normal -0.659487 -0.751716 0
    outer loop
      vertex 93.2914 4.53136 26
      vertex 93.4192 4.41924 36
      vertex 93.2914 4.53136 36
    endloop
  endfacet
  facet normal -0.659487 -0.751716 -0
    outer loop
      vertex 93.4192 4.41924 36
      vertex 93.2914 4.53136 26
      vertex 93.4192 4.41924 26
    endloop
  endfacet
  facet normal -0.0653872 0.99786 0
    outer loop
      vertex 92.6697 2.21112 26
      vertex 92.5 2.2 36
      vertex 92.6697 2.21112 36
    endloop
  endfacet
  facet normal -0.0653872 0.99786 0
    outer loop
      vertex 92.5 2.2 36
      vertex 92.6697 2.21112 26
      vertex 92.5 2.2 26
    endloop
  endfacet
  facet normal 0.896895 0.442243 0
    outer loop
      vertex 91.3742 2.85 36
      vertex 91.299 3.00251 26
      vertex 91.299 3.00251 36
    endloop
  endfacet
  facet normal 0.896895 0.442243 0
    outer loop
      vertex 91.299 3.00251 26
      vertex 91.3742 2.85 36
      vertex 91.3742 2.85 26
    endloop
  endfacet
  facet normal 0.442314 0.89686 -0
    outer loop
      vertex 92.0025 2.29896 26
      vertex 91.85 2.37417 36
      vertex 92.0025 2.29896 36
    endloop
  endfacet
  facet normal 0.442314 0.89686 0
    outer loop
      vertex 91.85 2.37417 36
      vertex 92.0025 2.29896 26
      vertex 91.85 2.37417 26
    endloop
  endfacet
  facet normal 0.83167 0.55527 0
    outer loop
      vertex 91.4686 2.70861 36
      vertex 91.3742 2.85 26
      vertex 91.3742 2.85 36
    endloop
  endfacet
  facet normal 0.83167 0.55527 0
    outer loop
      vertex 91.3742 2.85 26
      vertex 91.4686 2.70861 36
      vertex 91.4686 2.70861 26
    endloop
  endfacet
  facet normal -0.751611 -0.659607 0
    outer loop
      vertex 93.5314 4.29139 26
      vertex 93.4192 4.41924 36
      vertex 93.4192 4.41924 26
    endloop
  endfacet
  facet normal -0.751611 -0.659607 0
    outer loop
      vertex 93.4192 4.41924 36
      vertex 93.5314 4.29139 26
      vertex 93.5314 4.29139 36
    endloop
  endfacet
  facet normal -0.946863 0.321638 0
    outer loop
      vertex 93.701 3.00251 26
      vertex 93.7557 3.16354 36
      vertex 93.7557 3.16354 26
    endloop
  endfacet
  facet normal -0.946863 0.321638 0
    outer loop
      vertex 93.7557 3.16354 36
      vertex 93.701 3.00251 26
      vertex 93.701 3.00251 36
    endloop
  endfacet
  facet normal 0.0653872 -0.99786 0
    outer loop
      vertex 92.3303 4.78888 26
      vertex 92.5 4.8 36
      vertex 92.3303 4.78888 36
    endloop
  endfacet
  facet normal 0.0653872 -0.99786 0
    outer loop
      vertex 92.5 4.8 36
      vertex 92.3303 4.78888 26
      vertex 92.5 4.8 26
    endloop
  endfacet
  facet normal -0.442314 -0.89686 0
    outer loop
      vertex 92.9975 4.70104 26
      vertex 93.15 4.62583 36
      vertex 92.9975 4.70104 36
    endloop
  endfacet
  facet normal -0.442314 -0.89686 -0
    outer loop
      vertex 93.15 4.62583 36
      vertex 92.9975 4.70104 26
      vertex 93.15 4.62583 26
    endloop
  endfacet
  facet normal 0.980757 -0.195234 0
    outer loop
      vertex 91.2111 3.66968 36
      vertex 91.2443 3.83646 26
      vertex 91.2443 3.83646 36
    endloop
  endfacet
  facet normal 0.980757 -0.195234 0
    outer loop
      vertex 91.2443 3.83646 26
      vertex 91.2111 3.66968 36
      vertex 91.2111 3.66968 26
    endloop
  endfacet
  facet normal 0.946863 0.321638 0
    outer loop
      vertex 91.299 3.00251 36
      vertex 91.2443 3.16354 26
      vertex 91.2443 3.16354 36
    endloop
  endfacet
  facet normal 0.946863 0.321638 0
    outer loop
      vertex 91.2443 3.16354 26
      vertex 91.299 3.00251 36
      vertex 91.299 3.00251 26
    endloop
  endfacet
  facet normal 0.997867 0.0652777 0
    outer loop
      vertex 91.2111 3.33032 36
      vertex 91.2 3.5 26
      vertex 91.2 3.5 36
    endloop
  endfacet
  facet normal 0.997867 0.0652777 0
    outer loop
      vertex 91.2 3.5 26
      vertex 91.2111 3.33032 36
      vertex 91.2111 3.33032 26
    endloop
  endfacet
  facet normal 0.997867 -0.0652777 0
    outer loop
      vertex 91.2 3.5 36
      vertex 91.2111 3.66968 26
      vertex 91.2111 3.66968 36
    endloop
  endfacet
  facet normal 0.997867 -0.0652777 0
    outer loop
      vertex 91.2111 3.66968 26
      vertex 91.2 3.5 36
      vertex 91.2 3.5 26
    endloop
  endfacet
  facet normal 0.555528 0.831498 -0
    outer loop
      vertex 91.85 2.37417 26
      vertex 91.7086 2.46864 36
      vertex 91.85 2.37417 36
    endloop
  endfacet
  facet normal 0.555528 0.831498 0
    outer loop
      vertex 91.7086 2.46864 36
      vertex 91.85 2.37417 26
      vertex 91.7086 2.46864 26
    endloop
  endfacet
  facet normal 0 0 1
    outer loop
      vertex 93.7889 3.66968 26
      vertex 93.7889 3.33032 26
      vertex 93.8 3.5 26
    endloop
  endfacet
  facet normal 0 0 1
    outer loop
      vertex 93.7557 3.83646 26
      vertex 93.7889 3.33032 26
      vertex 93.7889 3.66968 26
    endloop
  endfacet
  facet normal 0 0 1
    outer loop
      vertex 93.7557 3.83646 26
      vertex 93.7557 3.16354 26
      vertex 93.7889 3.33032 26
    endloop
  endfacet
  facet normal 0 0 1
    outer loop
      vertex 93.701 3.99749 26
      vertex 93.7557 3.16354 26
      vertex 93.7557 3.83646 26
    endloop
  endfacet
  facet normal 0 0 1
    outer loop
      vertex 93.701 3.99749 26
      vertex 93.701 3.00251 26
      vertex 93.7557 3.16354 26
    endloop
  endfacet
  facet normal 0 0 1
    outer loop
      vertex 93.6258 4.15 26
      vertex 93.701 3.00251 26
      vertex 93.701 3.99749 26
    endloop
  endfacet
  facet normal 0 0 1
    outer loop
      vertex 93.6258 4.15 26
      vertex 93.6258 2.85 26
      vertex 93.701 3.00251 26
    endloop
  endfacet
  facet normal 0 0 1
    outer loop
      vertex 93.5314 4.29139 26
      vertex 93.6258 2.85 26
      vertex 93.6258 4.15 26
    endloop
  endfacet
  facet normal 0 0 1
    outer loop
      vertex 93.5314 4.29139 26
      vertex 93.5314 2.70861 26
      vertex 93.6258 2.85 26
    endloop
  endfacet
  facet normal 0 0 1
    outer loop
      vertex 93.4192 4.41924 26
      vertex 93.5314 2.70861 26
      vertex 93.5314 4.29139 26
    endloop
  endfacet
  facet normal 0 0 1
    outer loop
      vertex 93.4192 4.41924 26
      vertex 93.4192 2.58076 26
      vertex 93.5314 2.70861 26
    endloop
  endfacet
  facet normal 0 0 1
    outer loop
      vertex 93.2914 4.53136 26
      vertex 93.4192 2.58076 26
      vertex 93.4192 4.41924 26
    endloop
  endfacet
  facet normal 0 0 1
    outer loop
      vertex 93.2914 4.53136 26
      vertex 93.2914 2.46864 26
      vertex 93.4192 2.58076 26
    endloop
  endfacet
  facet normal 0 0 1
    outer loop
      vertex 93.15 4.62583 26
      vertex 93.2914 2.46864 26
      vertex 93.2914 4.53136 26
    endloop
  endfacet
  facet normal 0 0 1
    outer loop
      vertex 93.15 4.62583 26
      vertex 93.15 2.37417 26
      vertex 93.2914 2.46864 26
    endloop
  endfacet
  facet normal 0 0 1
    outer loop
      vertex 92.9975 4.70104 26
      vertex 93.15 2.37417 26
      vertex 93.15 4.62583 26
    endloop
  endfacet
  facet normal 0 0 1
    outer loop
      vertex 92.9975 4.70104 26
      vertex 92.9975 2.29896 26
      vertex 93.15 2.37417 26
    endloop
  endfacet
  facet normal 0 0 1
    outer loop
      vertex 92.8365 4.7557 26
      vertex 92.9975 2.29896 26
      vertex 92.9975 4.70104 26
    endloop
  endfacet
  facet normal 0 0 1
    outer loop
      vertex 92.8365 4.7557 26
      vertex 92.8365 2.2443 26
      vertex 92.9975 2.29896 26
    endloop
  endfacet
  facet normal 0 0 1
    outer loop
      vertex 92.6697 4.78888 26
      vertex 92.8365 2.2443 26
      vertex 92.8365 4.7557 26
    endloop
  endfacet
  facet normal 0 0 1
    outer loop
      vertex 92.6697 4.78888 26
      vertex 92.6697 2.21112 26
      vertex 92.8365 2.2443 26
    endloop
  endfacet
  facet normal 0 0 1
    outer loop
      vertex 92.5 4.8 26
      vertex 92.6697 2.21112 26
      vertex 92.6697 4.78888 26
    endloop
  endfacet
  facet normal 0 0 1
    outer loop
      vertex 92.5 4.8 26
      vertex 92.5 2.2 26
      vertex 92.6697 2.21112 26
    endloop
  endfacet
  facet normal -0 0 1
    outer loop
      vertex 92.3303 4.78888 26
      vertex 92.5 2.2 26
      vertex 92.5 4.8 26
    endloop
  endfacet
  facet normal 0 0 1
    outer loop
      vertex 92.3303 4.78888 26
      vertex 92.3303 2.21112 26
      vertex 92.5 2.2 26
    endloop
  endfacet
  facet normal -0 0 1
    outer loop
      vertex 92.1635 4.7557 26
      vertex 92.3303 2.21112 26
      vertex 92.3303 4.78888 26
    endloop
  endfacet
  facet normal 0 0 1
    outer loop
      vertex 92.1635 4.7557 26
      vertex 92.1635 2.2443 26
      vertex 92.3303 2.21112 26
    endloop
  endfacet
  facet normal -0 0 1
    outer loop
      vertex 92.0025 4.70104 26
      vertex 92.1635 2.2443 26
      vertex 92.1635 4.7557 26
    endloop
  endfacet
  facet normal 0 0 1
    outer loop
      vertex 92.0025 4.70104 26
      vertex 92.0025 2.29896 26
      vertex 92.1635 2.2443 26
    endloop
  endfacet
  facet normal -0 0 1
    outer loop
      vertex 91.85 4.62583 26
      vertex 92.0025 2.29896 26
      vertex 92.0025 4.70104 26
    endloop
  endfacet
  facet normal 0 0 1
    outer loop
      vertex 91.85 4.62583 26
      vertex 91.85 2.37417 26
      vertex 92.0025 2.29896 26
    endloop
  endfacet
  facet normal -0 0 1
    outer loop
      vertex 91.7086 4.53136 26
      vertex 91.85 2.37417 26
      vertex 91.85 4.62583 26
    endloop
  endfacet
  facet normal 0 0 1
    outer loop
      vertex 91.7086 4.53136 26
      vertex 91.7086 2.46864 26
      vertex 91.85 2.37417 26
    endloop
  endfacet
  facet normal -0 0 1
    outer loop
      vertex 91.5808 4.41924 26
      vertex 91.7086 2.46864 26
      vertex 91.7086 4.53136 26
    endloop
  endfacet
  facet normal 0 0 1
    outer loop
      vertex 91.5808 4.41924 26
      vertex 91.5808 2.58076 26
      vertex 91.7086 2.46864 26
    endloop
  endfacet
  facet normal -0 0 1
    outer loop
      vertex 91.4686 4.29139 26
      vertex 91.5808 2.58076 26
      vertex 91.5808 4.41924 26
    endloop
  endfacet
  facet normal 0 0 1
    outer loop
      vertex 91.4686 4.29139 26
      vertex 91.4686 2.70861 26
      vertex 91.5808 2.58076 26
    endloop
  endfacet
  facet normal -0 0 1
    outer loop
      vertex 91.3742 4.15 26
      vertex 91.4686 2.70861 26
      vertex 91.4686 4.29139 26
    endloop
  endfacet
  facet normal 0 0 1
    outer loop
      vertex 91.3742 4.15 26
      vertex 91.3742 2.85 26
      vertex 91.4686 2.70861 26
    endloop
  endfacet
  facet normal -0 0 1
    outer loop
      vertex 91.299 3.99749 26
      vertex 91.3742 2.85 26
      vertex 91.3742 4.15 26
    endloop
  endfacet
  facet normal 0 0 1
    outer loop
      vertex 91.299 3.99749 26
      vertex 91.299 3.00251 26
      vertex 91.3742 2.85 26
    endloop
  endfacet
  facet normal -0 0 1
    outer loop
      vertex 91.2443 3.83646 26
      vertex 91.299 3.00251 26
      vertex 91.299 3.99749 26
    endloop
  endfacet
  facet normal 0 0 1
    outer loop
      vertex 91.2443 3.83646 26
      vertex 91.2443 3.16354 26
      vertex 91.299 3.00251 26
    endloop
  endfacet
  facet normal -0 0 1
    outer loop
      vertex 91.2111 3.66968 26
      vertex 91.2443 3.16354 26
      vertex 91.2443 3.83646 26
    endloop
  endfacet
  facet normal 0 0 1
    outer loop
      vertex 91.2111 3.66968 26
      vertex 91.2111 3.33032 26
      vertex 91.2443 3.16354 26
    endloop
  endfacet
  facet normal 0 -0 1
    outer loop
      vertex 91.2111 3.33032 26
      vertex 91.2111 3.66968 26
      vertex 91.2 3.5 26
    endloop
  endfacet
  facet normal 0.0653872 0.99786 -0
    outer loop
      vertex 92.5 2.2 26
      vertex 92.3303 2.21112 36
      vertex 92.5 2.2 36
    endloop
  endfacet
  facet normal 0.0653872 0.99786 0
    outer loop
      vertex 92.3303 2.21112 36
      vertex 92.5 2.2 26
      vertex 92.3303 2.21112 26
    endloop
  endfacet
  facet normal 0.195098 0.980784 -0
    outer loop
      vertex 92.3303 2.21112 26
      vertex 92.1635 2.2443 36
      vertex 92.3303 2.21112 36
    endloop
  endfacet
  facet normal 0.195098 0.980784 0
    outer loop
      vertex 92.1635 2.2443 36
      vertex 92.3303 2.21112 26
      vertex 92.1635 2.2443 26
    endloop
  endfacet
  facet normal -0.659487 0.751716 0
    outer loop
      vertex 93.4192 2.58076 26
      vertex 93.2914 2.46864 36
      vertex 93.4192 2.58076 36
    endloop
  endfacet
  facet normal -0.659487 0.751716 0
    outer loop
      vertex 93.2914 2.46864 36
      vertex 93.4192 2.58076 26
      vertex 93.2914 2.46864 26
    endloop
  endfacet
  facet normal 1 -0 0
    outer loop
      vertex 7 121 36
      vertex 7 128 0
      vertex 7 128 36
    endloop
  endfacet
  facet normal 1 0 0
    outer loop
      vertex 7 128 0
      vertex 7 121 36
      vertex 7 121 0
    endloop
  endfacet
  facet normal 0 -1 0
    outer loop
      vertex 0 121 0
      vertex 7 121 36
      vertex 0 121 36
    endloop
  endfacet
  facet normal 0 -1 -0
    outer loop
      vertex 7 121 36
      vertex 0 121 0
      vertex 7 121 0
    endloop
  endfacet
  facet normal -0.323218 0.946324 0
    outer loop
      vertex 3.99749 123.299 26
      vertex 3.83646 123.244 36
      vertex 3.99749 123.299 36
    endloop
  endfacet
  facet normal -0.323218 0.946324 0
    outer loop
      vertex 3.83646 123.244 36
      vertex 3.99749 123.299 26
      vertex 3.83646 123.244 26
    endloop
  endfacet
  facet normal -0.980603 -0.196003 0
    outer loop
      vertex 4.78888 124.67 26
      vertex 4.7557 124.836 36
      vertex 4.7557 124.836 26
    endloop
  endfacet
  facet normal -0.980603 -0.196003 0
    outer loop
      vertex 4.7557 124.836 36
      vertex 4.78888 124.67 26
      vertex 4.78888 124.67 36
    endloop
  endfacet
  facet normal -0.997867 -0.0652723 0
    outer loop
      vertex 4.8 124.5 26
      vertex 4.78888 124.67 36
      vertex 4.78888 124.67 26
    endloop
  endfacet
  facet normal -0.997867 -0.0652723 0
    outer loop
      vertex 4.78888 124.67 36
      vertex 4.8 124.5 26
      vertex 4.8 124.5 36
    endloop
  endfacet
  facet normal -0.946916 -0.321481 0
    outer loop
      vertex 4.7557 124.836 26
      vertex 4.70104 124.997 36
      vertex 4.70104 124.997 26
    endloop
  endfacet
  facet normal -0.946916 -0.321481 0
    outer loop
      vertex 4.70104 124.997 36
      vertex 4.7557 124.836 26
      vertex 4.7557 124.836 36
    endloop
  endfacet
  facet normal -0.323218 -0.946324 0
    outer loop
      vertex 3.83646 125.756 26
      vertex 3.99749 125.701 36
      vertex 3.83646 125.756 36
    endloop
  endfacet
  facet normal -0.323218 -0.946324 -0
    outer loop
      vertex 3.99749 125.701 36
      vertex 3.83646 125.756 26
      vertex 3.99749 125.701 26
    endloop
  endfacet
  facet normal 0.897433 -0.44115 0
    outer loop
      vertex 2.29896 124.997 36
      vertex 2.37417 125.15 26
      vertex 2.37417 125.15 36
    endloop
  endfacet
  facet normal 0.897433 -0.44115 0
    outer loop
      vertex 2.37417 125.15 26
      vertex 2.29896 124.997 36
      vertex 2.29896 124.997 26
    endloop
  endfacet
  facet normal 0.752227 0.658904 0
    outer loop
      vertex 2.58076 123.581 36
      vertex 2.46864 123.709 26
      vertex 2.46864 123.709 36
    endloop
  endfacet
  facet normal 0.752227 0.658904 0
    outer loop
      vertex 2.46864 123.709 26
      vertex 2.58076 123.581 36
      vertex 2.58076 123.581 26
    endloop
  endfacet
  facet normal -0.83077 -0.556616 0
    outer loop
      vertex 4.62583 125.15 26
      vertex 4.53136 125.291 36
      vertex 4.53136 125.291 26
    endloop
  endfacet
  facet normal -0.83077 -0.556616 0
    outer loop
      vertex 4.53136 125.291 36
      vertex 4.62583 125.15 26
      vertex 4.62583 125.15 36
    endloop
  endfacet
  facet normal -0.897433 -0.44115 0
    outer loop
      vertex 4.70104 124.997 26
      vertex 4.62583 125.15 36
      vertex 4.62583 125.15 26
    endloop
  endfacet
  facet normal -0.897433 -0.44115 0
    outer loop
      vertex 4.62583 125.15 36
      vertex 4.70104 124.997 26
      vertex 4.70104 124.997 36
    endloop
  endfacet
  facet normal 0.658942 0.752194 -0
    outer loop
      vertex 2.70861 123.469 26
      vertex 2.58076 123.581 36
      vertex 2.70861 123.469 36
    endloop
  endfacet
  facet normal 0.658942 0.752194 0
    outer loop
      vertex 2.58076 123.581 36
      vertex 2.70861 123.469 26
      vertex 2.58076 123.581 26
    endloop
  endfacet
  facet normal 0.752227 -0.658904 0
    outer loop
      vertex 2.46864 125.291 36
      vertex 2.58076 125.419 26
      vertex 2.58076 125.419 36
    endloop
  endfacet
  facet normal 0.752227 -0.658904 0
    outer loop
      vertex 2.58076 125.419 26
      vertex 2.46864 125.291 36
      vertex 2.46864 125.291 26
    endloop
  endfacet
  facet normal 0.83077 -0.556616 0
    outer loop
      vertex 2.37417 125.15 36
      vertex 2.46864 125.291 26
      vertex 2.46864 125.291 36
    endloop
  endfacet
  facet normal 0.83077 -0.556616 0
    outer loop
      vertex 2.46864 125.291 26
      vertex 2.37417 125.15 36
      vertex 2.37417 125.15 26
    endloop
  endfacet
  facet normal 0.194102 -0.980981 0
    outer loop
      vertex 3.16354 125.756 26
      vertex 3.33032 125.789 36
      vertex 3.16354 125.756 36
    endloop
  endfacet
  facet normal 0.194102 -0.980981 0
    outer loop
      vertex 3.33032 125.789 36
      vertex 3.16354 125.756 26
      vertex 3.33032 125.789 26
    endloop
  endfacet
  facet normal -0.441296 0.897361 0
    outer loop
      vertex 4.15 123.374 26
      vertex 3.99749 123.299 36
      vertex 4.15 123.374 36
    endloop
  endfacet
  facet normal -0.441296 0.897361 0
    outer loop
      vertex 3.99749 123.299 36
      vertex 4.15 123.374 26
      vertex 3.99749 123.299 26
    endloop
  endfacet
  facet normal 0.946916 -0.321481 0
    outer loop
      vertex 2.2443 124.836 36
      vertex 2.29896 124.997 26
      vertex 2.29896 124.997 36
    endloop
  endfacet
  facet normal 0.946916 -0.321481 0
    outer loop
      vertex 2.29896 124.997 26
      vertex 2.2443 124.836 36
      vertex 2.2443 124.836 26
    endloop
  endfacet
  facet normal 0.441296 -0.897361 0
    outer loop
      vertex 2.85 125.626 26
      vertex 3.00251 125.701 36
      vertex 2.85 125.626 36
    endloop
  endfacet
  facet normal 0.441296 -0.897361 0
    outer loop
      vertex 3.00251 125.701 36
      vertex 2.85 125.626 26
      vertex 3.00251 125.701 26
    endloop
  endfacet
  facet normal 0.323218 0.946324 -0
    outer loop
      vertex 3.16354 123.244 26
      vertex 3.00251 123.299 36
      vertex 3.16354 123.244 36
    endloop
  endfacet
  facet normal 0.323218 0.946324 0
    outer loop
      vertex 3.00251 123.299 36
      vertex 3.16354 123.244 26
      vertex 3.00251 123.299 26
    endloop
  endfacet
  facet normal -0.83077 0.556616 0
    outer loop
      vertex 4.53136 123.709 26
      vertex 4.62583 123.85 36
      vertex 4.62583 123.85 26
    endloop
  endfacet
  facet normal -0.83077 0.556616 0
    outer loop
      vertex 4.62583 123.85 36
      vertex 4.53136 123.709 26
      vertex 4.53136 123.709 36
    endloop
  endfacet
  facet normal -0.194102 0.980981 0
    outer loop
      vertex 3.83646 123.244 26
      vertex 3.66968 123.211 36
      vertex 3.83646 123.244 36
    endloop
  endfacet
  facet normal -0.194102 0.980981 0
    outer loop
      vertex 3.66968 123.211 36
      vertex 3.83646 123.244 26
      vertex 3.66968 123.211 26
    endloop
  endfacet
  facet normal -0.0646921 -0.997905 0
    outer loop
      vertex 3.5 125.8 26
      vertex 3.66968 125.789 36
      vertex 3.5 125.8 36
    endloop
  endfacet
  facet normal -0.0646921 -0.997905 -0
    outer loop
      vertex 3.66968 125.789 36
      vertex 3.5 125.8 26
      vertex 3.66968 125.789 26
    endloop
  endfacet
  facet normal -0.980603 0.196003 0
    outer loop
      vertex 4.7557 124.164 26
      vertex 4.78888 124.33 36
      vertex 4.78888 124.33 26
    endloop
  endfacet
  facet normal -0.980603 0.196003 0
    outer loop
      vertex 4.78888 124.33 36
      vertex 4.7557 124.164 26
      vertex 4.7557 124.164 36
    endloop
  endfacet
  facet normal -0.557704 0.83004 0
    outer loop
      vertex 4.29139 123.469 26
      vertex 4.15 123.374 36
      vertex 4.29139 123.469 36
    endloop
  endfacet
  facet normal -0.557704 0.83004 0
    outer loop
      vertex 4.15 123.374 36
      vertex 4.29139 123.469 26
      vertex 4.15 123.374 26
    endloop
  endfacet
  facet normal -0.557704 -0.83004 0
    outer loop
      vertex 4.15 125.626 26
      vertex 4.29139 125.531 36
      vertex 4.15 125.626 36
    endloop
  endfacet
  facet normal -0.557704 -0.83004 -0
    outer loop
      vertex 4.29139 125.531 36
      vertex 4.15 125.626 26
      vertex 4.29139 125.531 26
    endloop
  endfacet
  facet normal -0.897433 0.44115 0
    outer loop
      vertex 4.62583 123.85 26
      vertex 4.70104 124.003 36
      vertex 4.70104 124.003 26
    endloop
  endfacet
  facet normal -0.897433 0.44115 0
    outer loop
      vertex 4.70104 124.003 36
      vertex 4.62583 123.85 26
      vertex 4.62583 123.85 36
    endloop
  endfacet
  facet normal 0.557704 -0.83004 0
    outer loop
      vertex 2.70861 125.531 26
      vertex 2.85 125.626 36
      vertex 2.70861 125.531 36
    endloop
  endfacet
  facet normal 0.557704 -0.83004 0
    outer loop
      vertex 2.85 125.626 36
      vertex 2.70861 125.531 26
      vertex 2.85 125.626 26
    endloop
  endfacet
  facet normal -0.752227 0.658904 0
    outer loop
      vertex 4.41924 123.581 26
      vertex 4.53136 123.709 36
      vertex 4.53136 123.709 26
    endloop
  endfacet
  facet normal -0.752227 0.658904 0
    outer loop
      vertex 4.53136 123.709 36
      vertex 4.41924 123.581 26
      vertex 4.41924 123.581 36
    endloop
  endfacet
  facet normal -0.194102 -0.980981 0
    outer loop
      vertex 3.66968 125.789 26
      vertex 3.83646 125.756 36
      vertex 3.66968 125.789 36
    endloop
  endfacet
  facet normal -0.194102 -0.980981 -0
    outer loop
      vertex 3.83646 125.756 36
      vertex 3.66968 125.789 26
      vertex 3.83646 125.756 26
    endloop
  endfacet
  facet normal 0.658942 -0.752194 0
    outer loop
      vertex 2.58076 125.419 26
      vertex 2.70861 125.531 36
      vertex 2.58076 125.419 36
    endloop
  endfacet
  facet normal 0.658942 -0.752194 0
    outer loop
      vertex 2.70861 125.531 36
      vertex 2.58076 125.419 26
      vertex 2.70861 125.531 26
    endloop
  endfacet
  facet normal 0.323218 -0.946324 0
    outer loop
      vertex 3.00251 125.701 26
      vertex 3.16354 125.756 36
      vertex 3.00251 125.701 36
    endloop
  endfacet
  facet normal 0.323218 -0.946324 0
    outer loop
      vertex 3.16354 125.756 36
      vertex 3.00251 125.701 26
      vertex 3.16354 125.756 26
    endloop
  endfacet
  facet normal -0.997867 0.0652723 0
    outer loop
      vertex 4.78888 124.33 26
      vertex 4.8 124.5 36
      vertex 4.8 124.5 26
    endloop
  endfacet
  facet normal -0.997867 0.0652723 0
    outer loop
      vertex 4.8 124.5 36
      vertex 4.78888 124.33 26
      vertex 4.78888 124.33 36
    endloop
  endfacet
  facet normal 0.980603 0.196003 0
    outer loop
      vertex 2.2443 124.164 36
      vertex 2.21112 124.33 26
      vertex 2.21112 124.33 36
    endloop
  endfacet
  facet normal 0.980603 0.196003 0
    outer loop
      vertex 2.21112 124.33 26
      vertex 2.2443 124.164 36
      vertex 2.2443 124.164 26
    endloop
  endfacet
  facet normal -0.658942 -0.752194 0
    outer loop
      vertex 4.29139 125.531 26
      vertex 4.41924 125.419 36
      vertex 4.29139 125.531 36
    endloop
  endfacet
  facet normal -0.658942 -0.752194 -0
    outer loop
      vertex 4.41924 125.419 36
      vertex 4.29139 125.531 26
      vertex 4.41924 125.419 26
    endloop
  endfacet
  facet normal -0.0646921 0.997905 0
    outer loop
      vertex 3.66968 123.211 26
      vertex 3.5 123.2 36
      vertex 3.66968 123.211 36
    endloop
  endfacet
  facet normal -0.0646921 0.997905 0
    outer loop
      vertex 3.5 123.2 36
      vertex 3.66968 123.211 26
      vertex 3.5 123.2 26
    endloop
  endfacet
  facet normal 0.897433 0.44115 0
    outer loop
      vertex 2.37417 123.85 36
      vertex 2.29896 124.003 26
      vertex 2.29896 124.003 36
    endloop
  endfacet
  facet normal 0.897433 0.44115 0
    outer loop
      vertex 2.29896 124.003 26
      vertex 2.37417 123.85 36
      vertex 2.37417 123.85 26
    endloop
  endfacet
  facet normal 0.441296 0.897361 -0
    outer loop
      vertex 3.00251 123.299 26
      vertex 2.85 123.374 36
      vertex 3.00251 123.299 36
    endloop
  endfacet
  facet normal 0.441296 0.897361 0
    outer loop
      vertex 2.85 123.374 36
      vertex 3.00251 123.299 26
      vertex 2.85 123.374 26
    endloop
  endfacet
  facet normal 0.83077 0.556616 0
    outer loop
      vertex 2.46864 123.709 36
      vertex 2.37417 123.85 26
      vertex 2.37417 123.85 36
    endloop
  endfacet
  facet normal 0.83077 0.556616 0
    outer loop
      vertex 2.37417 123.85 26
      vertex 2.46864 123.709 36
      vertex 2.46864 123.709 26
    endloop
  endfacet
  facet normal -0.752227 -0.658904 0
    outer loop
      vertex 4.53136 125.291 26
      vertex 4.41924 125.419 36
      vertex 4.41924 125.419 26
    endloop
  endfacet
  facet normal -0.752227 -0.658904 0
    outer loop
      vertex 4.41924 125.419 36
      vertex 4.53136 125.291 26
      vertex 4.53136 125.291 36
    endloop
  endfacet
  facet normal -0.946916 0.321481 0
    outer loop
      vertex 4.70104 124.003 26
      vertex 4.7557 124.164 36
      vertex 4.7557 124.164 26
    endloop
  endfacet
  facet normal -0.946916 0.321481 0
    outer loop
      vertex 4.7557 124.164 36
      vertex 4.70104 124.003 26
      vertex 4.70104 124.003 36
    endloop
  endfacet
  facet normal 0.0646921 -0.997905 0
    outer loop
      vertex 3.33032 125.789 26
      vertex 3.5 125.8 36
      vertex 3.33032 125.789 36
    endloop
  endfacet
  facet normal 0.0646921 -0.997905 0
    outer loop
      vertex 3.5 125.8 36
      vertex 3.33032 125.789 26
      vertex 3.5 125.8 26
    endloop
  endfacet
  facet normal -0.441296 -0.897361 0
    outer loop
      vertex 3.99749 125.701 26
      vertex 4.15 125.626 36
      vertex 3.99749 125.701 36
    endloop
  endfacet
  facet normal -0.441296 -0.897361 -0
    outer loop
      vertex 4.15 125.626 36
      vertex 3.99749 125.701 26
      vertex 4.15 125.626 26
    endloop
  endfacet
  facet normal 0.980603 -0.196003 0
    outer loop
      vertex 2.21112 124.67 36
      vertex 2.2443 124.836 26
      vertex 2.2443 124.836 36
    endloop
  endfacet
  facet normal 0.980603 -0.196003 0
    outer loop
      vertex 2.2443 124.836 26
      vertex 2.21112 124.67 36
      vertex 2.21112 124.67 26
    endloop
  endfacet
  facet normal 0.946916 0.321481 0
    outer loop
      vertex 2.29896 124.003 36
      vertex 2.2443 124.164 26
      vertex 2.2443 124.164 36
    endloop
  endfacet
  facet normal 0.946916 0.321481 0
    outer loop
      vertex 2.2443 124.164 26
      vertex 2.29896 124.003 36
      vertex 2.29896 124.003 26
    endloop
  endfacet
  facet normal 0.997867 0.0652723 0
    outer loop
      vertex 2.21112 124.33 36
      vertex 2.2 124.5 26
      vertex 2.2 124.5 36
    endloop
  endfacet
  facet normal 0.997867 0.0652723 0
    outer loop
      vertex 2.2 124.5 26
      vertex 2.21112 124.33 36
      vertex 2.21112 124.33 26
    endloop
  endfacet
  facet normal 0.997867 -0.0652723 0
    outer loop
      vertex 2.2 124.5 36
      vertex 2.21112 124.67 26
      vertex 2.21112 124.67 36
    endloop
  endfacet
  facet normal 0.997867 -0.0652723 0
    outer loop
      vertex 2.21112 124.67 26
      vertex 2.2 124.5 36
      vertex 2.2 124.5 26
    endloop
  endfacet
  facet normal 0.557704 0.83004 -0
    outer loop
      vertex 2.85 123.374 26
      vertex 2.70861 123.469 36
      vertex 2.85 123.374 36
    endloop
  endfacet
  facet normal 0.557704 0.83004 0
    outer loop
      vertex 2.70861 123.469 36
      vertex 2.85 123.374 26
      vertex 2.70861 123.469 26
    endloop
  endfacet
  facet normal 0 0 1
    outer loop
      vertex 4.78888 124.67 26
      vertex 4.78888 124.33 26
      vertex 4.8 124.5 26
    endloop
  endfacet
  facet normal 0 0 1
    outer loop
      vertex 4.7557 124.836 26
      vertex 4.78888 124.33 26
      vertex 4.78888 124.67 26
    endloop
  endfacet
  facet normal 0 0 1
    outer loop
      vertex 4.7557 124.836 26
      vertex 4.7557 124.164 26
      vertex 4.78888 124.33 26
    endloop
  endfacet
  facet normal 0 0 1
    outer loop
      vertex 4.70104 124.997 26
      vertex 4.7557 124.164 26
      vertex 4.7557 124.836 26
    endloop
  endfacet
  facet normal 0 0 1
    outer loop
      vertex 4.70104 124.997 26
      vertex 4.70104 124.003 26
      vertex 4.7557 124.164 26
    endloop
  endfacet
  facet normal 0 0 1
    outer loop
      vertex 4.62583 125.15 26
      vertex 4.70104 124.003 26
      vertex 4.70104 124.997 26
    endloop
  endfacet
  facet normal 0 0 1
    outer loop
      vertex 4.62583 125.15 26
      vertex 4.62583 123.85 26
      vertex 4.70104 124.003 26
    endloop
  endfacet
  facet normal 0 0 1
    outer loop
      vertex 4.53136 125.291 26
      vertex 4.62583 123.85 26
      vertex 4.62583 125.15 26
    endloop
  endfacet
  facet normal 0 0 1
    outer loop
      vertex 4.53136 125.291 26
      vertex 4.53136 123.709 26
      vertex 4.62583 123.85 26
    endloop
  endfacet
  facet normal 0 0 1
    outer loop
      vertex 4.41924 125.419 26
      vertex 4.53136 123.709 26
      vertex 4.53136 125.291 26
    endloop
  endfacet
  facet normal 0 0 1
    outer loop
      vertex 4.41924 125.419 26
      vertex 4.41924 123.581 26
      vertex 4.53136 123.709 26
    endloop
  endfacet
  facet normal 0 0 1
    outer loop
      vertex 4.29139 125.531 26
      vertex 4.41924 123.581 26
      vertex 4.41924 125.419 26
    endloop
  endfacet
  facet normal 0 0 1
    outer loop
      vertex 4.29139 125.531 26
      vertex 4.29139 123.469 26
      vertex 4.41924 123.581 26
    endloop
  endfacet
  facet normal 0 0 1
    outer loop
      vertex 4.15 125.626 26
      vertex 4.29139 123.469 26
      vertex 4.29139 125.531 26
    endloop
  endfacet
  facet normal 0 0 1
    outer loop
      vertex 4.15 125.626 26
      vertex 4.15 123.374 26
      vertex 4.29139 123.469 26
    endloop
  endfacet
  facet normal 0 0 1
    outer loop
      vertex 3.99749 125.701 26
      vertex 4.15 123.374 26
      vertex 4.15 125.626 26
    endloop
  endfacet
  facet normal 0 0 1
    outer loop
      vertex 3.99749 125.701 26
      vertex 3.99749 123.299 26
      vertex 4.15 123.374 26
    endloop
  endfacet
  facet normal 0 0 1
    outer loop
      vertex 3.83646 125.756 26
      vertex 3.99749 123.299 26
      vertex 3.99749 125.701 26
    endloop
  endfacet
  facet normal 0 0 1
    outer loop
      vertex 3.83646 125.756 26
      vertex 3.83646 123.244 26
      vertex 3.99749 123.299 26
    endloop
  endfacet
  facet normal 0 0 1
    outer loop
      vertex 3.66968 125.789 26
      vertex 3.83646 123.244 26
      vertex 3.83646 125.756 26
    endloop
  endfacet
  facet normal 0 0 1
    outer loop
      vertex 3.66968 125.789 26
      vertex 3.66968 123.211 26
      vertex 3.83646 123.244 26
    endloop
  endfacet
  facet normal 0 0 1
    outer loop
      vertex 3.5 125.8 26
      vertex 3.66968 123.211 26
      vertex 3.66968 125.789 26
    endloop
  endfacet
  facet normal 0 0 1
    outer loop
      vertex 3.5 125.8 26
      vertex 3.5 123.2 26
      vertex 3.66968 123.211 26
    endloop
  endfacet
  facet normal -0 0 1
    outer loop
      vertex 3.33032 125.789 26
      vertex 3.5 123.2 26
      vertex 3.5 125.8 26
    endloop
  endfacet
  facet normal 0 0 1
    outer loop
      vertex 3.33032 125.789 26
      vertex 3.33032 123.211 26
      vertex 3.5 123.2 26
    endloop
  endfacet
  facet normal -0 0 1
    outer loop
      vertex 3.16354 125.756 26
      vertex 3.33032 123.211 26
      vertex 3.33032 125.789 26
    endloop
  endfacet
  facet normal 0 0 1
    outer loop
      vertex 3.16354 125.756 26
      vertex 3.16354 123.244 26
      vertex 3.33032 123.211 26
    endloop
  endfacet
  facet normal -0 0 1
    outer loop
      vertex 3.00251 125.701 26
      vertex 3.16354 123.244 26
      vertex 3.16354 125.756 26
    endloop
  endfacet
  facet normal 0 0 1
    outer loop
      vertex 3.00251 125.701 26
      vertex 3.00251 123.299 26
      vertex 3.16354 123.244 26
    endloop
  endfacet
  facet normal -0 0 1
    outer loop
      vertex 2.85 125.626 26
      vertex 3.00251 123.299 26
      vertex 3.00251 125.701 26
    endloop
  endfacet
  facet normal 0 0 1
    outer loop
      vertex 2.85 125.626 26
      vertex 2.85 123.374 26
      vertex 3.00251 123.299 26
    endloop
  endfacet
  facet normal -0 0 1
    outer loop
      vertex 2.70861 125.531 26
      vertex 2.85 123.374 26
      vertex 2.85 125.626 26
    endloop
  endfacet
  facet normal 0 0 1
    outer loop
      vertex 2.70861 125.531 26
      vertex 2.70861 123.469 26
      vertex 2.85 123.374 26
    endloop
  endfacet
  facet normal -0 0 1
    outer loop
      vertex 2.58076 125.419 26
      vertex 2.70861 123.469 26
      vertex 2.70861 125.531 26
    endloop
  endfacet
  facet normal 0 0 1
    outer loop
      vertex 2.58076 125.419 26
      vertex 2.58076 123.581 26
      vertex 2.70861 123.469 26
    endloop
  endfacet
  facet normal -0 0 1
    outer loop
      vertex 2.46864 125.291 26
      vertex 2.58076 123.581 26
      vertex 2.58076 125.419 26
    endloop
  endfacet
  facet normal 0 0 1
    outer loop
      vertex 2.46864 125.291 26
      vertex 2.46864 123.709 26
      vertex 2.58076 123.581 26
    endloop
  endfacet
  facet normal -0 0 1
    outer loop
      vertex 2.37417 125.15 26
      vertex 2.46864 123.709 26
      vertex 2.46864 125.291 26
    endloop
  endfacet
  facet normal 0 0 1
    outer loop
      vertex 2.37417 125.15 26
      vertex 2.37417 123.85 26
      vertex 2.46864 123.709 26
    endloop
  endfacet
  facet normal -0 0 1
    outer loop
      vertex 2.29896 124.997 26
      vertex 2.37417 123.85 26
      vertex 2.37417 125.15 26
    endloop
  endfacet
  facet normal 0 0 1
    outer loop
      vertex 2.29896 124.997 26
      vertex 2.29896 124.003 26
      vertex 2.37417 123.85 26
    endloop
  endfacet
  facet normal -0 0 1
    outer loop
      vertex 2.2443 124.836 26
      vertex 2.29896 124.003 26
      vertex 2.29896 124.997 26
    endloop
  endfacet
  facet normal 0 0 1
    outer loop
      vertex 2.2443 124.836 26
      vertex 2.2443 124.164 26
      vertex 2.29896 124.003 26
    endloop
  endfacet
  facet normal -0 0 1
    outer loop
      vertex 2.21112 124.67 26
      vertex 2.2443 124.164 26
      vertex 2.2443 124.836 26
    endloop
  endfacet
  facet normal 0 0 1
    outer loop
      vertex 2.21112 124.67 26
      vertex 2.21112 124.33 26
      vertex 2.2443 124.164 26
    endloop
  endfacet
  facet normal 0 -0 1
    outer loop
      vertex 2.21112 124.33 26
      vertex 2.21112 124.67 26
      vertex 2.2 124.5 26
    endloop
  endfacet
  facet normal 0.0646921 0.997905 -0
    outer loop
      vertex 3.5 123.2 26
      vertex 3.33032 123.211 36
      vertex 3.5 123.2 36
    endloop
  endfacet
  facet normal 0.0646921 0.997905 0
    outer loop
      vertex 3.33032 123.211 36
      vertex 3.5 123.2 26
      vertex 3.33032 123.211 26
    endloop
  endfacet
  facet normal 0.194102 0.980981 -0
    outer loop
      vertex 3.33032 123.211 26
      vertex 3.16354 123.244 36
      vertex 3.33032 123.211 36
    endloop
  endfacet
  facet normal 0.194102 0.980981 0
    outer loop
      vertex 3.16354 123.244 36
      vertex 3.33032 123.211 26
      vertex 3.16354 123.244 26
    endloop
  endfacet
  facet normal -0.658942 0.752194 0
    outer loop
      vertex 4.41924 123.581 26
      vertex 4.29139 123.469 36
      vertex 4.41924 123.581 36
    endloop
  endfacet
  facet normal -0.658942 0.752194 0
    outer loop
      vertex 4.29139 123.469 36
      vertex 4.41924 123.581 26
      vertex 4.29139 123.469 26
    endloop
  endfacet
  facet normal -1 0 0
    outer loop
      vertex 89 121 0
      vertex 89 128 36
      vertex 89 128 0
    endloop
  endfacet
  facet normal -1 -0 0
    outer loop
      vertex 89 128 36
      vertex 89 121 0
      vertex 89 121 36
    endloop
  endfacet
  facet normal 0 -1 0
    outer loop
      vertex 89 121 0
      vertex 96 121 36
      vertex 89 121 36
    endloop
  endfacet
  facet normal 0 -1 -0
    outer loop
      vertex 96 121 36
      vertex 89 121 0
      vertex 96 121 0
    endloop
  endfacet
  facet normal -0.323272 0.946306 0
    outer loop
      vertex 92.9975 123.299 26
      vertex 92.8365 123.244 36
      vertex 92.9975 123.299 36
    endloop
  endfacet
  facet normal -0.323272 0.946306 0
    outer loop
      vertex 92.8365 123.244 36
      vertex 92.9975 123.299 26
      vertex 92.8365 123.244 26
    endloop
  endfacet
  facet normal -0.980581 -0.196116 0
    outer loop
      vertex 93.7889 124.67 26
      vertex 93.7557 124.836 36
      vertex 93.7557 124.836 26
    endloop
  endfacet
  facet normal -0.980581 -0.196116 0
    outer loop
      vertex 93.7557 124.836 36
      vertex 93.7889 124.67 26
      vertex 93.7889 124.67 36
    endloop
  endfacet
  facet normal -0.997875 -0.0651554 0
    outer loop
      vertex 93.8 124.5 26
      vertex 93.7889 124.67 36
      vertex 93.7889 124.67 26
    endloop
  endfacet
  facet normal -0.997875 -0.0651554 0
    outer loop
      vertex 93.7889 124.67 36
      vertex 93.8 124.5 26
      vertex 93.8 124.5 36
    endloop
  endfacet
  facet normal -0.946844 -0.321692 0
    outer loop
      vertex 93.7557 124.836 26
      vertex 93.701 124.997 36
      vertex 93.701 124.997 26
    endloop
  endfacet
  facet normal -0.946844 -0.321692 0
    outer loop
      vertex 93.701 124.997 36
      vertex 93.7557 124.836 26
      vertex 93.7557 124.836 36
    endloop
  endfacet
  facet normal -0.323272 -0.946306 0
    outer loop
      vertex 92.8365 125.756 26
      vertex 92.9975 125.701 36
      vertex 92.8365 125.756 36
    endloop
  endfacet
  facet normal -0.323272 -0.946306 -0
    outer loop
      vertex 92.9975 125.701 36
      vertex 92.8365 125.756 26
      vertex 92.9975 125.701 26
    endloop
  endfacet
  facet normal 0.897457 -0.441103 0
    outer loop
      vertex 91.299 124.997 36
      vertex 91.3742 125.15 26
      vertex 91.3742 125.15 36
    endloop
  endfacet
  facet normal 0.897457 -0.441103 0
    outer loop
      vertex 91.3742 125.15 26
      vertex 91.299 124.997 36
      vertex 91.299 124.997 26
    endloop
  endfacet
  facet normal 0.751994 0.65917 0
    outer loop
      vertex 91.5808 123.581 36
      vertex 91.4686 123.709 26
      vertex 91.4686 123.709 36
    endloop
  endfacet
  facet normal 0.751994 0.65917 0
    outer loop
      vertex 91.4686 123.709 26
      vertex 91.5808 123.581 36
      vertex 91.5808 123.581 26
    endloop
  endfacet
  facet normal -0.830961 -0.556331 0
    outer loop
      vertex 93.6258 125.15 26
      vertex 93.5314 125.291 36
      vertex 93.5314 125.291 26
    endloop
  endfacet
  facet normal -0.830961 -0.556331 0
    outer loop
      vertex 93.5314 125.291 36
      vertex 93.6258 125.15 26
      vertex 93.6258 125.15 36
    endloop
  endfacet
  facet normal -0.897457 -0.441103 0
    outer loop
      vertex 93.701 124.997 26
      vertex 93.6258 125.15 36
      vertex 93.6258 125.15 26
    endloop
  endfacet
  facet normal -0.897457 -0.441103 0
    outer loop
      vertex 93.6258 125.15 36
      vertex 93.701 124.997 26
      vertex 93.701 124.997 36
    endloop
  endfacet
  facet normal 0.659088 0.752066 -0
    outer loop
      vertex 91.7086 123.469 26
      vertex 91.5808 123.581 36
      vertex 91.7086 123.469 36
    endloop
  endfacet
  facet normal 0.659088 0.752066 0
    outer loop
      vertex 91.5808 123.581 36
      vertex 91.7086 123.469 26
      vertex 91.5808 123.581 26
    endloop
  endfacet
  facet normal 0.751994 -0.65917 0
    outer loop
      vertex 91.4686 125.291 36
      vertex 91.5808 125.419 26
      vertex 91.5808 125.419 36
    endloop
  endfacet
  facet normal 0.751994 -0.65917 0
    outer loop
      vertex 91.5808 125.419 26
      vertex 91.4686 125.291 36
      vertex 91.4686 125.291 26
    endloop
  endfacet
  facet normal 0.830961 -0.556331 0
    outer loop
      vertex 91.3742 125.15 36
      vertex 91.4686 125.291 26
      vertex 91.4686 125.291 36
    endloop
  endfacet
  facet normal 0.830961 -0.556331 0
    outer loop
      vertex 91.4686 125.291 26
      vertex 91.3742 125.15 36
      vertex 91.3742 125.15 26
    endloop
  endfacet
  facet normal 0.19408 -0.980986 0
    outer loop
      vertex 92.1635 125.756 26
      vertex 92.3303 125.789 36
      vertex 92.1635 125.756 36
    endloop
  endfacet
  facet normal 0.19408 -0.980986 0
    outer loop
      vertex 92.3303 125.789 36
      vertex 92.1635 125.756 26
      vertex 92.3303 125.789 26
    endloop
  endfacet
  facet normal -0.44132 0.89735 0
    outer loop
      vertex 93.15 123.374 26
      vertex 92.9975 123.299 36
      vertex 93.15 123.374 36
    endloop
  endfacet
  facet normal -0.44132 0.89735 0
    outer loop
      vertex 92.9975 123.299 36
      vertex 93.15 123.374 26
      vertex 92.9975 123.299 26
    endloop
  endfacet
  facet normal 0.946844 -0.321692 0
    outer loop
      vertex 91.2443 124.836 36
      vertex 91.299 124.997 26
      vertex 91.299 124.997 36
    endloop
  endfacet
  facet normal 0.946844 -0.321692 0
    outer loop
      vertex 91.299 124.997 26
      vertex 91.2443 124.836 36
      vertex 91.2443 124.836 26
    endloop
  endfacet
  facet normal 0.44132 -0.89735 0
    outer loop
      vertex 91.85 125.626 26
      vertex 92.0025 125.701 36
      vertex 91.85 125.626 36
    endloop
  endfacet
  facet normal 0.44132 -0.89735 0
    outer loop
      vertex 92.0025 125.701 36
      vertex 91.85 125.626 26
      vertex 92.0025 125.701 26
    endloop
  endfacet
  facet normal 0.323272 0.946306 -0
    outer loop
      vertex 92.1635 123.244 26
      vertex 92.0025 123.299 36
      vertex 92.1635 123.244 36
    endloop
  endfacet
  facet normal 0.323272 0.946306 0
    outer loop
      vertex 92.0025 123.299 36
      vertex 92.1635 123.244 26
      vertex 92.0025 123.299 26
    endloop
  endfacet
  facet normal -0.830961 0.556331 0
    outer loop
      vertex 93.5314 123.709 26
      vertex 93.6258 123.85 36
      vertex 93.6258 123.85 26
    endloop
  endfacet
  facet normal -0.830961 0.556331 0
    outer loop
      vertex 93.6258 123.85 36
      vertex 93.5314 123.709 26
      vertex 93.5314 123.709 36
    endloop
  endfacet
  facet normal -0.19408 0.980986 0
    outer loop
      vertex 92.8365 123.244 26
      vertex 92.6697 123.211 36
      vertex 92.8365 123.244 36
    endloop
  endfacet
  facet normal -0.19408 0.980986 0
    outer loop
      vertex 92.6697 123.211 36
      vertex 92.8365 123.244 26
      vertex 92.6697 123.211 26
    endloop
  endfacet
  facet normal -0.0646845 -0.997906 0
    outer loop
      vertex 92.5 125.8 26
      vertex 92.6697 125.789 36
      vertex 92.5 125.8 36
    endloop
  endfacet
  facet normal -0.0646845 -0.997906 -0
    outer loop
      vertex 92.6697 125.789 36
      vertex 92.5 125.8 26
      vertex 92.6697 125.789 26
    endloop
  endfacet
  facet normal -0.980581 0.196116 0
    outer loop
      vertex 93.7557 124.164 26
      vertex 93.7889 124.33 36
      vertex 93.7889 124.33 26
    endloop
  endfacet
  facet normal -0.980581 0.196116 0
    outer loop
      vertex 93.7889 124.33 36
      vertex 93.7557 124.164 26
      vertex 93.7557 124.164 36
    endloop
  endfacet
  facet normal -0.557677 0.830058 0
    outer loop
      vertex 93.2914 123.469 26
      vertex 93.15 123.374 36
      vertex 93.2914 123.469 36
    endloop
  endfacet
  facet normal -0.557677 0.830058 0
    outer loop
      vertex 93.15 123.374 36
      vertex 93.2914 123.469 26
      vertex 93.15 123.374 26
    endloop
  endfacet
  facet normal -0.557677 -0.830058 0
    outer loop
      vertex 93.15 125.626 26
      vertex 93.2914 125.531 36
      vertex 93.15 125.626 36
    endloop
  endfacet
  facet normal -0.557677 -0.830058 -0
    outer loop
      vertex 93.2914 125.531 36
      vertex 93.15 125.626 26
      vertex 93.2914 125.531 26
    endloop
  endfacet
  facet normal -0.897457 0.441103 0
    outer loop
      vertex 93.6258 123.85 26
      vertex 93.701 124.003 36
      vertex 93.701 124.003 26
    endloop
  endfacet
  facet normal -0.897457 0.441103 0
    outer loop
      vertex 93.701 124.003 36
      vertex 93.6258 123.85 26
      vertex 93.6258 123.85 36
    endloop
  endfacet
  facet normal 0.557677 -0.830058 0
    outer loop
      vertex 91.7086 125.531 26
      vertex 91.85 125.626 36
      vertex 91.7086 125.531 36
    endloop
  endfacet
  facet normal 0.557677 -0.830058 0
    outer loop
      vertex 91.85 125.626 36
      vertex 91.7086 125.531 26
      vertex 91.85 125.626 26
    endloop
  endfacet
  facet normal -0.751994 0.65917 0
    outer loop
      vertex 93.4192 123.581 26
      vertex 93.5314 123.709 36
      vertex 93.5314 123.709 26
    endloop
  endfacet
  facet normal -0.751994 0.65917 0
    outer loop
      vertex 93.5314 123.709 36
      vertex 93.4192 123.581 26
      vertex 93.4192 123.581 36
    endloop
  endfacet
  facet normal -0.19408 -0.980986 0
    outer loop
      vertex 92.6697 125.789 26
      vertex 92.8365 125.756 36
      vertex 92.6697 125.789 36
    endloop
  endfacet
  facet normal -0.19408 -0.980986 -0
    outer loop
      vertex 92.8365 125.756 36
      vertex 92.6697 125.789 26
      vertex 92.8365 125.756 26
    endloop
  endfacet
  facet normal 0.659088 -0.752066 0
    outer loop
      vertex 91.5808 125.419 26
      vertex 91.7086 125.531 36
      vertex 91.5808 125.419 36
    endloop
  endfacet
  facet normal 0.659088 -0.752066 0
    outer loop
      vertex 91.7086 125.531 36
      vertex 91.5808 125.419 26
      vertex 91.7086 125.531 26
    endloop
  endfacet
  facet normal 0.323272 -0.946306 0
    outer loop
      vertex 92.0025 125.701 26
      vertex 92.1635 125.756 36
      vertex 92.0025 125.701 36
    endloop
  endfacet
  facet normal 0.323272 -0.946306 0
    outer loop
      vertex 92.1635 125.756 36
      vertex 92.0025 125.701 26
      vertex 92.1635 125.756 26
    endloop
  endfacet
  facet normal -0.997875 0.0651554 0
    outer loop
      vertex 93.7889 124.33 26
      vertex 93.8 124.5 36
      vertex 93.8 124.5 26
    endloop
  endfacet
  facet normal -0.997875 0.0651554 0
    outer loop
      vertex 93.8 124.5 36
      vertex 93.7889 124.33 26
      vertex 93.7889 124.33 36
    endloop
  endfacet
  facet normal 0.980581 0.196116 0
    outer loop
      vertex 91.2443 124.164 36
      vertex 91.2111 124.33 26
      vertex 91.2111 124.33 36
    endloop
  endfacet
  facet normal 0.980581 0.196116 0
    outer loop
      vertex 91.2111 124.33 26
      vertex 91.2443 124.164 36
      vertex 91.2443 124.164 26
    endloop
  endfacet
  facet normal -0.659088 -0.752066 0
    outer loop
      vertex 93.2914 125.531 26
      vertex 93.4192 125.419 36
      vertex 93.2914 125.531 36
    endloop
  endfacet
  facet normal -0.659088 -0.752066 -0
    outer loop
      vertex 93.4192 125.419 36
      vertex 93.2914 125.531 26
      vertex 93.4192 125.419 26
    endloop
  endfacet
  facet normal -0.0646845 0.997906 0
    outer loop
      vertex 92.6697 123.211 26
      vertex 92.5 123.2 36
      vertex 92.6697 123.211 36
    endloop
  endfacet
  facet normal -0.0646845 0.997906 0
    outer loop
      vertex 92.5 123.2 36
      vertex 92.6697 123.211 26
      vertex 92.5 123.2 26
    endloop
  endfacet
  facet normal 0.897457 0.441103 0
    outer loop
      vertex 91.3742 123.85 36
      vertex 91.299 124.003 26
      vertex 91.299 124.003 36
    endloop
  endfacet
  facet normal 0.897457 0.441103 0
    outer loop
      vertex 91.299 124.003 26
      vertex 91.3742 123.85 36
      vertex 91.3742 123.85 26
    endloop
  endfacet
  facet normal 0.44132 0.89735 -0
    outer loop
      vertex 92.0025 123.299 26
      vertex 91.85 123.374 36
      vertex 92.0025 123.299 36
    endloop
  endfacet
  facet normal 0.44132 0.89735 0
    outer loop
      vertex 91.85 123.374 36
      vertex 92.0025 123.299 26
      vertex 91.85 123.374 26
    endloop
  endfacet
  facet normal 0.830961 0.556331 0
    outer loop
      vertex 91.4686 123.709 36
      vertex 91.3742 123.85 26
      vertex 91.3742 123.85 36
    endloop
  endfacet
  facet normal 0.830961 0.556331 0
    outer loop
      vertex 91.3742 123.85 26
      vertex 91.4686 123.709 36
      vertex 91.4686 123.709 26
    endloop
  endfacet
  facet normal -0.751994 -0.65917 0
    outer loop
      vertex 93.5314 125.291 26
      vertex 93.4192 125.419 36
      vertex 93.4192 125.419 26
    endloop
  endfacet
  facet normal -0.751994 -0.65917 0
    outer loop
      vertex 93.4192 125.419 36
      vertex 93.5314 125.291 26
      vertex 93.5314 125.291 36
    endloop
  endfacet
  facet normal -0.946844 0.321692 0
    outer loop
      vertex 93.701 124.003 26
      vertex 93.7557 124.164 36
      vertex 93.7557 124.164 26
    endloop
  endfacet
  facet normal -0.946844 0.321692 0
    outer loop
      vertex 93.7557 124.164 36
      vertex 93.701 124.003 26
      vertex 93.701 124.003 36
    endloop
  endfacet
  facet normal 0.0646845 -0.997906 0
    outer loop
      vertex 92.3303 125.789 26
      vertex 92.5 125.8 36
      vertex 92.3303 125.789 36
    endloop
  endfacet
  facet normal 0.0646845 -0.997906 0
    outer loop
      vertex 92.5 125.8 36
      vertex 92.3303 125.789 26
      vertex 92.5 125.8 26
    endloop
  endfacet
  facet normal -0.44132 -0.89735 0
    outer loop
      vertex 92.9975 125.701 26
      vertex 93.15 125.626 36
      vertex 92.9975 125.701 36
    endloop
  endfacet
  facet normal -0.44132 -0.89735 -0
    outer loop
      vertex 93.15 125.626 36
      vertex 92.9975 125.701 26
      vertex 93.15 125.626 26
    endloop
  endfacet
  facet normal 0.980581 -0.196116 0
    outer loop
      vertex 91.2111 124.67 36
      vertex 91.2443 124.836 26
      vertex 91.2443 124.836 36
    endloop
  endfacet
  facet normal 0.980581 -0.196116 0
    outer loop
      vertex 91.2443 124.836 26
      vertex 91.2111 124.67 36
      vertex 91.2111 124.67 26
    endloop
  endfacet
  facet normal 0.946844 0.321692 0
    outer loop
      vertex 91.299 124.003 36
      vertex 91.2443 124.164 26
      vertex 91.2443 124.164 36
    endloop
  endfacet
  facet normal 0.946844 0.321692 0
    outer loop
      vertex 91.2443 124.164 26
      vertex 91.299 124.003 36
      vertex 91.299 124.003 26
    endloop
  endfacet
  facet normal 0.997875 0.0651554 0
    outer loop
      vertex 91.2111 124.33 36
      vertex 91.2 124.5 26
      vertex 91.2 124.5 36
    endloop
  endfacet
  facet normal 0.997875 0.0651554 0
    outer loop
      vertex 91.2 124.5 26
      vertex 91.2111 124.33 36
      vertex 91.2111 124.33 26
    endloop
  endfacet
  facet normal 0.997875 -0.0651554 0
    outer loop
      vertex 91.2 124.5 36
      vertex 91.2111 124.67 26
      vertex 91.2111 124.67 36
    endloop
  endfacet
  facet normal 0.997875 -0.0651554 0
    outer loop
      vertex 91.2111 124.67 26
      vertex 91.2 124.5 36
      vertex 91.2 124.5 26
    endloop
  endfacet
  facet normal 0.557677 0.830058 -0
    outer loop
      vertex 91.85 123.374 26
      vertex 91.7086 123.469 36
      vertex 91.85 123.374 36
    endloop
  endfacet
  facet normal 0.557677 0.830058 0
    outer loop
      vertex 91.7086 123.469 36
      vertex 91.85 123.374 26
      vertex 91.7086 123.469 26
    endloop
  endfacet
  facet normal 0 0 1
    outer loop
      vertex 93.7889 124.67 26
      vertex 93.7889 124.33 26
      vertex 93.8 124.5 26
    endloop
  endfacet
  facet normal 0 0 1
    outer loop
      vertex 93.7557 124.836 26
      vertex 93.7889 124.33 26
      vertex 93.7889 124.67 26
    endloop
  endfacet
  facet normal 0 0 1
    outer loop
      vertex 93.7557 124.836 26
      vertex 93.7557 124.164 26
      vertex 93.7889 124.33 26
    endloop
  endfacet
  facet normal 0 0 1
    outer loop
      vertex 93.701 124.997 26
      vertex 93.7557 124.164 26
      vertex 93.7557 124.836 26
    endloop
  endfacet
  facet normal 0 0 1
    outer loop
      vertex 93.701 124.997 26
      vertex 93.701 124.003 26
      vertex 93.7557 124.164 26
    endloop
  endfacet
  facet normal 0 0 1
    outer loop
      vertex 93.6258 125.15 26
      vertex 93.701 124.003 26
      vertex 93.701 124.997 26
    endloop
  endfacet
  facet normal 0 0 1
    outer loop
      vertex 93.6258 125.15 26
      vertex 93.6258 123.85 26
      vertex 93.701 124.003 26
    endloop
  endfacet
  facet normal 0 0 1
    outer loop
      vertex 93.5314 125.291 26
      vertex 93.6258 123.85 26
      vertex 93.6258 125.15 26
    endloop
  endfacet
  facet normal 0 0 1
    outer loop
      vertex 93.5314 125.291 26
      vertex 93.5314 123.709 26
      vertex 93.6258 123.85 26
    endloop
  endfacet
  facet normal 0 0 1
    outer loop
      vertex 93.4192 125.419 26
      vertex 93.5314 123.709 26
      vertex 93.5314 125.291 26
    endloop
  endfacet
  facet normal 0 0 1
    outer loop
      vertex 93.4192 125.419 26
      vertex 93.4192 123.581 26
      vertex 93.5314 123.709 26
    endloop
  endfacet
  facet normal 0 0 1
    outer loop
      vertex 93.2914 125.531 26
      vertex 93.4192 123.581 26
      vertex 93.4192 125.419 26
    endloop
  endfacet
  facet normal 0 0 1
    outer loop
      vertex 93.2914 125.531 26
      vertex 93.2914 123.469 26
      vertex 93.4192 123.581 26
    endloop
  endfacet
  facet normal 0 0 1
    outer loop
      vertex 93.15 125.626 26
      vertex 93.2914 123.469 26
      vertex 93.2914 125.531 26
    endloop
  endfacet
  facet normal 0 0 1
    outer loop
      vertex 93.15 125.626 26
      vertex 93.15 123.374 26
      vertex 93.2914 123.469 26
    endloop
  endfacet
  facet normal 0 0 1
    outer loop
      vertex 92.9975 125.701 26
      vertex 93.15 123.374 26
      vertex 93.15 125.626 26
    endloop
  endfacet
  facet normal 0 0 1
    outer loop
      vertex 92.9975 125.701 26
      vertex 92.9975 123.299 26
      vertex 93.15 123.374 26
    endloop
  endfacet
  facet normal 0 0 1
    outer loop
      vertex 92.8365 125.756 26
      vertex 92.9975 123.299 26
      vertex 92.9975 125.701 26
    endloop
  endfacet
  facet normal 0 0 1
    outer loop
      vertex 92.8365 125.756 26
      vertex 92.8365 123.244 26
      vertex 92.9975 123.299 26
    endloop
  endfacet
  facet normal 0 0 1
    outer loop
      vertex 92.6697 125.789 26
      vertex 92.8365 123.244 26
      vertex 92.8365 125.756 26
    endloop
  endfacet
  facet normal 0 0 1
    outer loop
      vertex 92.6697 125.789 26
      vertex 92.6697 123.211 26
      vertex 92.8365 123.244 26
    endloop
  endfacet
  facet normal 0 0 1
    outer loop
      vertex 92.5 125.8 26
      vertex 92.6697 123.211 26
      vertex 92.6697 125.789 26
    endloop
  endfacet
  facet normal 0 0 1
    outer loop
      vertex 92.5 125.8 26
      vertex 92.5 123.2 26
      vertex 92.6697 123.211 26
    endloop
  endfacet
  facet normal -0 0 1
    outer loop
      vertex 92.3303 125.789 26
      vertex 92.5 123.2 26
      vertex 92.5 125.8 26
    endloop
  endfacet
  facet normal 0 0 1
    outer loop
      vertex 92.3303 125.789 26
      vertex 92.3303 123.211 26
      vertex 92.5 123.2 26
    endloop
  endfacet
  facet normal -0 0 1
    outer loop
      vertex 92.1635 125.756 26
      vertex 92.3303 123.211 26
      vertex 92.3303 125.789 26
    endloop
  endfacet
  facet normal 0 0 1
    outer loop
      vertex 92.1635 125.756 26
      vertex 92.1635 123.244 26
      vertex 92.3303 123.211 26
    endloop
  endfacet
  facet normal -0 0 1
    outer loop
      vertex 92.0025 125.701 26
      vertex 92.1635 123.244 26
      vertex 92.1635 125.756 26
    endloop
  endfacet
  facet normal 0 0 1
    outer loop
      vertex 92.0025 125.701 26
      vertex 92.0025 123.299 26
      vertex 92.1635 123.244 26
    endloop
  endfacet
  facet normal -0 0 1
    outer loop
      vertex 91.85 125.626 26
      vertex 92.0025 123.299 26
      vertex 92.0025 125.701 26
    endloop
  endfacet
  facet normal 0 0 1
    outer loop
      vertex 91.85 125.626 26
      vertex 91.85 123.374 26
      vertex 92.0025 123.299 26
    endloop
  endfacet
  facet normal -0 0 1
    outer loop
      vertex 91.7086 125.531 26
      vertex 91.85 123.374 26
      vertex 91.85 125.626 26
    endloop
  endfacet
  facet normal 0 0 1
    outer loop
      vertex 91.7086 125.531 26
      vertex 91.7086 123.469 26
      vertex 91.85 123.374 26
    endloop
  endfacet
  facet normal -0 0 1
    outer loop
      vertex 91.5808 125.419 26
      vertex 91.7086 123.469 26
      vertex 91.7086 125.531 26
    endloop
  endfacet
  facet normal 0 0 1
    outer loop
      vertex 91.5808 125.419 26
      vertex 91.5808 123.581 26
      vertex 91.7086 123.469 26
    endloop
  endfacet
  facet normal -0 0 1
    outer loop
      vertex 91.4686 125.291 26
      vertex 91.5808 123.581 26
      vertex 91.5808 125.419 26
    endloop
  endfacet
  facet normal 0 0 1
    outer loop
      vertex 91.4686 125.291 26
      vertex 91.4686 123.709 26
      vertex 91.5808 123.581 26
    endloop
  endfacet
  facet normal -0 0 1
    outer loop
      vertex 91.3742 125.15 26
      vertex 91.4686 123.709 26
      vertex 91.4686 125.291 26
    endloop
  endfacet
  facet normal 0 0 1
    outer loop
      vertex 91.3742 125.15 26
      vertex 91.3742 123.85 26
      vertex 91.4686 123.709 26
    endloop
  endfacet
  facet normal -0 0 1
    outer loop
      vertex 91.299 124.997 26
      vertex 91.3742 123.85 26
      vertex 91.3742 125.15 26
    endloop
  endfacet
  facet normal 0 0 1
    outer loop
      vertex 91.299 124.997 26
      vertex 91.299 124.003 26
      vertex 91.3742 123.85 26
    endloop
  endfacet
  facet normal -0 0 1
    outer loop
      vertex 91.2443 124.836 26
      vertex 91.299 124.003 26
      vertex 91.299 124.997 26
    endloop
  endfacet
  facet normal 0 0 1
    outer loop
      vertex 91.2443 124.836 26
      vertex 91.2443 124.164 26
      vertex 91.299 124.003 26
    endloop
  endfacet
  facet normal -0 0 1
    outer loop
      vertex 91.2111 124.67 26
      vertex 91.2443 124.164 26
      vertex 91.2443 124.836 26
    endloop
  endfacet
  facet normal 0 0 1
    outer loop
      vertex 91.2111 124.67 26
      vertex 91.2111 124.33 26
      vertex 91.2443 124.164 26
    endloop
  endfacet
  facet normal 0 -0 1
    outer loop
      vertex 91.2111 124.33 26
      vertex 91.2111 124.67 26
      vertex 91.2 124.5 26
    endloop
  endfacet
  facet normal 0.0646845 0.997906 -0
    outer loop
      vertex 92.5 123.2 26
      vertex 92.3303 123.211 36
      vertex 92.5 123.2 36
    endloop
  endfacet
  facet normal 0.0646845 0.997906 0
    outer loop
      vertex 92.3303 123.211 36
      vertex 92.5 123.2 26
      vertex 92.3303 123.211 26
    endloop
  endfacet
  facet normal 0.19408 0.980986 -0
    outer loop
      vertex 92.3303 123.211 26
      vertex 92.1635 123.244 36
      vertex 92.3303 123.211 36
    endloop
  endfacet
  facet normal 0.19408 0.980986 0
    outer loop
      vertex 92.1635 123.244 36
      vertex 92.3303 123.211 26
      vertex 92.1635 123.244 26
    endloop
  endfacet
  facet normal -0.659088 0.752066 0
    outer loop
      vertex 93.4192 123.581 26
      vertex 93.2914 123.469 36
      vertex 93.4192 123.581 36
    endloop
  endfacet
  facet normal -0.659088 0.752066 0
    outer loop
      vertex 93.2914 123.469 36
      vertex 93.4192 123.581 26
      vertex 93.2914 123.469 26
    endloop
  endfacet
  facet normal 0.321498 0.94691 -0
    outer loop
      vertex 11.0307 71.1955 0
      vertex 10.5353 71.3637 4
      vertex 11.0307 71.1955 4
    endloop
  endfacet
  facet normal 0.321498 0.94691 0
    outer loop
      vertex 10.5353 71.3637 4
      vertex 11.0307 71.1955 0
      vertex 10.5353 71.3637 0
    endloop
  endfacet
  facet normal 0.980779 0.195124 0
    outer loop
      vertex 13.4658 68.0221 4
      vertex 13.3637 68.5353 0
      vertex 13.3637 68.5353 4
    endloop
  endfacet
  facet normal 0.980779 0.195124 0
    outer loop
      vertex 13.3637 68.5353 0
      vertex 13.4658 68.0221 4
      vertex 13.4658 68.0221 0
    endloop
  endfacet
  facet normal 0.997861 0.0653646 0
    outer loop
      vertex 13.5 67.5 4
      vertex 13.4658 68.0221 0
      vertex 13.4658 68.0221 4
    endloop
  endfacet
  facet normal 0.997861 0.0653646 0
    outer loop
      vertex 13.4658 68.0221 0
      vertex 13.5 67.5 4
      vertex 13.5 67.5 0
    endloop
  endfacet
  facet normal 0.94691 0.321498 0
    outer loop
      vertex 13.3637 68.5353 4
      vertex 13.1955 69.0307 0
      vertex 13.1955 69.0307 4
    endloop
  endfacet
  facet normal 0.94691 0.321498 0
    outer loop
      vertex 13.1955 69.0307 0
      vertex 13.3637 68.5353 4
      vertex 13.3637 68.5353 0
    endloop
  endfacet
  facet normal 0.442238 0.896898 -0
    outer loop
      vertex 11.5 70.9641 0
      vertex 11.0307 71.1955 4
      vertex 11.5 70.9641 4
    endloop
  endfacet
  facet normal 0.442238 0.896898 0
    outer loop
      vertex 11.0307 71.1955 4
      vertex 11.5 70.9641 0
      vertex 11.0307 71.1955 0
    endloop
  endfacet
  facet normal -0.997859 -0.0654027 0
    outer loop
      vertex 5.53422 66.9779 0
      vertex 5.5 67.5 4
      vertex 5.5 67.5 0
    endloop
  endfacet
  facet normal -0.997859 -0.0654027 0
    outer loop
      vertex 5.5 67.5 4
      vertex 5.53422 66.9779 0
      vertex 5.53422 66.9779 4
    endloop
  endfacet
  facet normal 0.896898 0.442238 0
    outer loop
      vertex 13.1955 69.0307 4
      vertex 12.9641 69.5 0
      vertex 12.9641 69.5 4
    endloop
  endfacet
  facet normal 0.896898 0.442238 0
    outer loop
      vertex 12.9641 69.5 0
      vertex 13.1955 69.0307 4
      vertex 13.1955 69.0307 0
    endloop
  endfacet
  facet normal 0.831432 0.555626 0
    outer loop
      vertex 12.9641 69.5 4
      vertex 12.6734 69.935 0
      vertex 12.6734 69.935 4
    endloop
  endfacet
  facet normal 0.831432 0.555626 0
    outer loop
      vertex 12.6734 69.935 0
      vertex 12.9641 69.5 4
      vertex 12.9641 69.5 0
    endloop
  endfacet
  facet normal 0.659343 0.751842 -0
    outer loop
      vertex 12.3284 70.3284 0
      vertex 11.935 70.6734 4
      vertex 12.3284 70.3284 4
    endloop
  endfacet
  facet normal 0.659343 0.751842 0
    outer loop
      vertex 11.935 70.6734 4
      vertex 12.3284 70.3284 0
      vertex 11.935 70.6734 0
    endloop
  endfacet
  facet normal -0.659362 0.751826 0
    outer loop
      vertex 7.06495 70.6734 0
      vertex 6.67157 70.3284 4
      vertex 7.06495 70.6734 4
    endloop
  endfacet
  facet normal -0.659362 0.751826 0
    outer loop
      vertex 6.67157 70.3284 4
      vertex 7.06495 70.6734 0
      vertex 6.67157 70.3284 0
    endloop
  endfacet
  facet normal 0.751842 0.659343 0
    outer loop
      vertex 12.6734 69.935 4
      vertex 12.3284 70.3284 0
      vertex 12.3284 70.3284 4
    endloop
  endfacet
  facet normal 0.751842 0.659343 0
    outer loop
      vertex 12.3284 70.3284 0
      vertex 12.6734 69.935 4
      vertex 12.6734 69.935 0
    endloop
  endfacet
  facet normal -0.980786 0.195087 0
    outer loop
      vertex 5.53422 68.0221 0
      vertex 5.6363 68.5353 4
      vertex 5.6363 68.5353 0
    endloop
  endfacet
  facet normal -0.980786 0.195087 0
    outer loop
      vertex 5.6363 68.5353 4
      vertex 5.53422 68.0221 0
      vertex 5.53422 68.0221 4
    endloop
  endfacet
  facet normal -0.997859 0.0654027 0
    outer loop
      vertex 5.5 67.5 0
      vertex 5.53422 68.0221 4
      vertex 5.53422 68.0221 0
    endloop
  endfacet
  facet normal -0.997859 0.0654027 0
    outer loop
      vertex 5.53422 68.0221 4
      vertex 5.5 67.5 0
      vertex 5.5 67.5 4
    endloop
  endfacet
  facet normal -0.751861 -0.659321 0
    outer loop
      vertex 6.67157 64.6716 0
      vertex 6.32659 65.065 4
      vertex 6.32659 65.065 0
    endloop
  endfacet
  facet normal -0.751861 -0.659321 0
    outer loop
      vertex 6.32659 65.065 4
      vertex 6.67157 64.6716 0
      vertex 6.67157 64.6716 4
    endloop
  endfacet
  facet normal 0.555626 0.831432 -0
    outer loop
      vertex 11.935 70.6734 0
      vertex 11.5 70.9641 4
      vertex 11.935 70.6734 4
    endloop
  endfacet
  facet normal 0.555626 0.831432 0
    outer loop
      vertex 11.5 70.9641 4
      vertex 11.935 70.6734 0
      vertex 11.5 70.9641 0
    endloop
  endfacet
  facet normal 0.195124 -0.980779 0
    outer loop
      vertex 10.0221 63.5342 0
      vertex 10.5353 63.6363 4
      vertex 10.0221 63.5342 4
    endloop
  endfacet
  facet normal 0.195124 -0.980779 0
    outer loop
      vertex 10.5353 63.6363 4
      vertex 10.0221 63.5342 0
      vertex 10.5353 63.6363 0
    endloop
  endfacet
  facet normal -0.44226 0.896887 0
    outer loop
      vertex 7.96927 71.1955 0
      vertex 7.5 70.9641 4
      vertex 7.96927 71.1955 4
    endloop
  endfacet
  facet normal -0.44226 0.896887 0
    outer loop
      vertex 7.5 70.9641 4
      vertex 7.96927 71.1955 0
      vertex 7.5 70.9641 0
    endloop
  endfacet
  facet normal -0.321469 -0.94692 0
    outer loop
      vertex 7.96927 63.8045 0
      vertex 8.46472 63.6363 4
      vertex 7.96927 63.8045 4
    endloop
  endfacet
  facet normal -0.321469 -0.94692 -0
    outer loop
      vertex 8.46472 63.6363 4
      vertex 7.96927 63.8045 0
      vertex 8.46472 63.6363 0
    endloop
  endfacet
  facet normal 0.980779 -0.195124 0
    outer loop
      vertex 13.3637 66.4647 4
      vertex 13.4658 66.9779 0
      vertex 13.4658 66.9779 4
    endloop
  endfacet
  facet normal 0.980779 -0.195124 0
    outer loop
      vertex 13.4658 66.9779 0
      vertex 13.3637 66.4647 4
      vertex 13.3637 66.4647 0
    endloop
  endfacet
  facet normal -0.751861 0.659321 0
    outer loop
      vertex 6.32659 69.935 0
      vertex 6.67157 70.3284 4
      vertex 6.67157 70.3284 0
    endloop
  endfacet
  facet normal -0.751861 0.659321 0
    outer loop
      vertex 6.67157 70.3284 4
      vertex 6.32659 69.935 0
      vertex 6.32659 69.935 4
    endloop
  endfacet
  facet normal 0.831432 -0.555626 0
    outer loop
      vertex 12.6734 65.065 4
      vertex 12.9641 65.5 0
      vertex 12.9641 65.5 4
    endloop
  endfacet
  facet normal 0.831432 -0.555626 0
    outer loop
      vertex 12.9641 65.5 0
      vertex 12.6734 65.065 4
      vertex 12.6734 65.065 0
    endloop
  endfacet
  facet normal -0.321469 0.94692 0
    outer loop
      vertex 8.46472 71.3637 0
      vertex 7.96927 71.1955 4
      vertex 8.46472 71.3637 4
    endloop
  endfacet
  facet normal -0.321469 0.94692 0
    outer loop
      vertex 7.96927 71.1955 4
      vertex 8.46472 71.3637 0
      vertex 7.96927 71.1955 0
    endloop
  endfacet
  facet normal -0.980786 -0.195087 0
    outer loop
      vertex 5.6363 66.4647 0
      vertex 5.53422 66.9779 4
      vertex 5.53422 66.9779 0
    endloop
  endfacet
  facet normal -0.980786 -0.195087 0
    outer loop
      vertex 5.53422 66.9779 4
      vertex 5.6363 66.4647 0
      vertex 5.6363 66.4647 4
    endloop
  endfacet
  facet normal -0.195131 -0.980777 0
    outer loop
      vertex 8.46472 63.6363 0
      vertex 8.9779 63.5342 4
      vertex 8.46472 63.6363 4
    endloop
  endfacet
  facet normal -0.195131 -0.980777 -0
    outer loop
      vertex 8.9779 63.5342 4
      vertex 8.46472 63.6363 0
      vertex 8.9779 63.5342 0
    endloop
  endfacet
  facet normal 0.94691 -0.321498 0
    outer loop
      vertex 13.1955 65.9693 4
      vertex 13.3637 66.4647 0
      vertex 13.3637 66.4647 4
    endloop
  endfacet
  facet normal 0.94691 -0.321498 0
    outer loop
      vertex 13.3637 66.4647 0
      vertex 13.1955 65.9693 4
      vertex 13.1955 65.9693 0
    endloop
  endfacet
  facet normal 0.0653646 -0.997861 0
    outer loop
      vertex 9.5 63.5 0
      vertex 10.0221 63.5342 4
      vertex 9.5 63.5 4
    endloop
  endfacet
  facet normal 0.0653646 -0.997861 0
    outer loop
      vertex 10.0221 63.5342 4
      vertex 9.5 63.5 0
      vertex 10.0221 63.5342 0
    endloop
  endfacet
  facet normal 0.751842 -0.659343 0
    outer loop
      vertex 12.3284 64.6716 4
      vertex 12.6734 65.065 0
      vertex 12.6734 65.065 4
    endloop
  endfacet
  facet normal 0.751842 -0.659343 0
    outer loop
      vertex 12.6734 65.065 0
      vertex 12.3284 64.6716 4
      vertex 12.3284 64.6716 0
    endloop
  endfacet
  facet normal -0.0653646 0.997861 0
    outer loop
      vertex 9.5 71.5 0
      vertex 8.9779 71.4658 4
      vertex 9.5 71.5 4
    endloop
  endfacet
  facet normal -0.0653646 0.997861 0
    outer loop
      vertex 8.9779 71.4658 4
      vertex 9.5 71.5 0
      vertex 8.9779 71.4658 0
    endloop
  endfacet
  facet normal 0.555626 -0.831432 0
    outer loop
      vertex 11.5 64.0359 0
      vertex 11.935 64.3266 4
      vertex 11.5 64.0359 4
    endloop
  endfacet
  facet normal 0.555626 -0.831432 0
    outer loop
      vertex 11.935 64.3266 4
      vertex 11.5 64.0359 0
      vertex 11.935 64.3266 0
    endloop
  endfacet
  facet normal -0.659362 -0.751826 0
    outer loop
      vertex 6.67157 64.6716 0
      vertex 7.06495 64.3266 4
      vertex 6.67157 64.6716 4
    endloop
  endfacet
  facet normal -0.659362 -0.751826 -0
    outer loop
      vertex 7.06495 64.3266 4
      vertex 6.67157 64.6716 0
      vertex 7.06495 64.3266 0
    endloop
  endfacet
  facet normal -0.555582 -0.831462 0
    outer loop
      vertex 7.06495 64.3266 0
      vertex 7.5 64.0359 4
      vertex 7.06495 64.3266 4
    endloop
  endfacet
  facet normal -0.555582 -0.831462 -0
    outer loop
      vertex 7.5 64.0359 4
      vertex 7.06495 64.3266 0
      vertex 7.5 64.0359 0
    endloop
  endfacet
  facet normal -0.896883 0.442268 0
    outer loop
      vertex 5.80448 69.0307 0
      vertex 6.0359 69.5 4
      vertex 6.0359 69.5 0
    endloop
  endfacet
  facet normal -0.896883 0.442268 0
    outer loop
      vertex 6.0359 69.5 4
      vertex 5.80448 69.0307 0
      vertex 5.80448 69.0307 4
    endloop
  endfacet
  facet normal 0.0653646 0.997861 -0
    outer loop
      vertex 10.0221 71.4658 0
      vertex 9.5 71.5 4
      vertex 10.0221 71.4658 4
    endloop
  endfacet
  facet normal 0.0653646 0.997861 0
    outer loop
      vertex 9.5 71.5 4
      vertex 10.0221 71.4658 0
      vertex 9.5 71.5 0
    endloop
  endfacet
  facet normal 0.997861 -0.0653646 0
    outer loop
      vertex 13.4658 66.9779 4
      vertex 13.5 67.5 0
      vertex 13.5 67.5 4
    endloop
  endfacet
  facet normal 0.997861 -0.0653646 0
    outer loop
      vertex 13.5 67.5 0
      vertex 13.4658 66.9779 4
      vertex 13.4658 66.9779 0
    endloop
  endfacet
  facet normal -0.195131 0.980777 0
    outer loop
      vertex 8.9779 71.4658 0
      vertex 8.46472 71.3637 4
      vertex 8.9779 71.4658 4
    endloop
  endfacet
  facet normal -0.195131 0.980777 0
    outer loop
      vertex 8.46472 71.3637 4
      vertex 8.9779 71.4658 0
      vertex 8.46472 71.3637 0
    endloop
  endfacet
  facet normal -0.555582 0.831462 0
    outer loop
      vertex 7.5 70.9641 0
      vertex 7.06495 70.6734 4
      vertex 7.5 70.9641 4
    endloop
  endfacet
  facet normal -0.555582 0.831462 0
    outer loop
      vertex 7.06495 70.6734 4
      vertex 7.5 70.9641 0
      vertex 7.06495 70.6734 0
    endloop
  endfacet
  facet normal -0.0653646 -0.997861 0
    outer loop
      vertex 8.9779 63.5342 0
      vertex 9.5 63.5 4
      vertex 8.9779 63.5342 4
    endloop
  endfacet
  facet normal -0.0653646 -0.997861 -0
    outer loop
      vertex 9.5 63.5 4
      vertex 8.9779 63.5342 0
      vertex 9.5 63.5 0
    endloop
  endfacet
  facet normal 0.896898 -0.442238 0
    outer loop
      vertex 12.9641 65.5 4
      vertex 13.1955 65.9693 0
      vertex 13.1955 65.9693 4
    endloop
  endfacet
  facet normal 0.896898 -0.442238 0
    outer loop
      vertex 13.1955 65.9693 0
      vertex 12.9641 65.5 4
      vertex 12.9641 65.5 0
    endloop
  endfacet
  facet normal -0.946922 0.321464 0
    outer loop
      vertex 5.6363 68.5353 0
      vertex 5.80448 69.0307 4
      vertex 5.80448 69.0307 0
    endloop
  endfacet
  facet normal -0.946922 0.321464 0
    outer loop
      vertex 5.80448 69.0307 4
      vertex 5.6363 68.5353 0
      vertex 5.6363 68.5353 4
    endloop
  endfacet
  facet normal -0.946922 -0.321464 0
    outer loop
      vertex 5.80448 65.9693 0
      vertex 5.6363 66.4647 4
      vertex 5.6363 66.4647 0
    endloop
  endfacet
  facet normal -0.946922 -0.321464 0
    outer loop
      vertex 5.6363 66.4647 4
      vertex 5.80448 65.9693 0
      vertex 5.80448 65.9693 4
    endloop
  endfacet
  facet normal -0.831441 0.555613 0
    outer loop
      vertex 6.0359 69.5 0
      vertex 6.32659 69.935 4
      vertex 6.32659 69.935 0
    endloop
  endfacet
  facet normal -0.831441 0.555613 0
    outer loop
      vertex 6.32659 69.935 4
      vertex 6.0359 69.5 0
      vertex 6.0359 69.5 4
    endloop
  endfacet
  facet normal 0.442238 -0.896898 0
    outer loop
      vertex 11.0307 63.8045 0
      vertex 11.5 64.0359 4
      vertex 11.0307 63.8045 4
    endloop
  endfacet
  facet normal 0.442238 -0.896898 0
    outer loop
      vertex 11.5 64.0359 4
      vertex 11.0307 63.8045 0
      vertex 11.5 64.0359 0
    endloop
  endfacet
  facet normal 0.321498 -0.94691 0
    outer loop
      vertex 10.5353 63.6363 0
      vertex 11.0307 63.8045 4
      vertex 10.5353 63.6363 4
    endloop
  endfacet
  facet normal 0.321498 -0.94691 0
    outer loop
      vertex 11.0307 63.8045 4
      vertex 10.5353 63.6363 0
      vertex 11.0307 63.8045 0
    endloop
  endfacet
  facet normal 0.659343 -0.751842 0
    outer loop
      vertex 11.935 64.3266 0
      vertex 12.3284 64.6716 4
      vertex 11.935 64.3266 4
    endloop
  endfacet
  facet normal 0.659343 -0.751842 0
    outer loop
      vertex 12.3284 64.6716 4
      vertex 11.935 64.3266 0
      vertex 12.3284 64.6716 0
    endloop
  endfacet
  facet normal -0.896883 -0.442268 0
    outer loop
      vertex 6.0359 65.5 0
      vertex 5.80448 65.9693 4
      vertex 5.80448 65.9693 0
    endloop
  endfacet
  facet normal -0.896883 -0.442268 0
    outer loop
      vertex 5.80448 65.9693 4
      vertex 6.0359 65.5 0
      vertex 6.0359 65.5 4
    endloop
  endfacet
  facet normal 0.195124 0.980779 -0
    outer loop
      vertex 10.5353 71.3637 0
      vertex 10.0221 71.4658 4
      vertex 10.5353 71.3637 4
    endloop
  endfacet
  facet normal 0.195124 0.980779 0
    outer loop
      vertex 10.0221 71.4658 4
      vertex 10.5353 71.3637 0
      vertex 10.0221 71.4658 0
    endloop
  endfacet
  facet normal -0.44226 -0.896887 0
    outer loop
      vertex 7.5 64.0359 0
      vertex 7.96927 63.8045 4
      vertex 7.5 64.0359 4
    endloop
  endfacet
  facet normal -0.44226 -0.896887 -0
    outer loop
      vertex 7.96927 63.8045 4
      vertex 7.5 64.0359 0
      vertex 7.96927 63.8045 0
    endloop
  endfacet
  facet normal -0.831441 -0.555613 0
    outer loop
      vertex 6.32659 65.065 0
      vertex 6.0359 65.5 4
      vertex 6.0359 65.5 0
    endloop
  endfacet
  facet normal -0.831441 -0.555613 0
    outer loop
      vertex 6.0359 65.5 4
      vertex 6.32659 65.065 0
      vertex 6.32659 65.065 4
    endloop
  endfacet
  facet normal 0 0 1
    outer loop
      vertex 11.8 67.5 4
      vertex 13.5 67.5 4
      vertex 13.4658 68.0221 4
    endloop
  endfacet
  facet normal 0 0 1
    outer loop
      vertex 11.7803 67.8002 4
      vertex 13.4658 68.0221 4
      vertex 13.3637 68.5353 4
    endloop
  endfacet
  facet normal 0 0 1
    outer loop
      vertex 13.5 67.5 4
      vertex 11.8 67.5 4
      vertex 13.4658 66.9779 4
    endloop
  endfacet
  facet normal 0 0 1
    outer loop
      vertex 11.7216 68.0953 4
      vertex 13.3637 68.5353 4
      vertex 13.1955 69.0307 4
    endloop
  endfacet
  facet normal -0 0 1
    outer loop
      vertex 11.7803 67.1998 4
      vertex 13.4658 66.9779 4
      vertex 11.8 67.5 4
    endloop
  endfacet
  facet normal 0 0 1
    outer loop
      vertex 11.6249 68.3802 4
      vertex 13.1955 69.0307 4
      vertex 12.9641 69.5 4
    endloop
  endfacet
  facet normal 0 0 1
    outer loop
      vertex 13.4658 66.9779 4
      vertex 11.7803 67.1998 4
      vertex 13.3637 66.4647 4
    endloop
  endfacet
  facet normal 0 0 1
    outer loop
      vertex 11.4919 68.65 4
      vertex 12.9641 69.5 4
      vertex 12.6734 69.935 4
    endloop
  endfacet
  facet normal -0 0 1
    outer loop
      vertex 11.7216 66.9047 4
      vertex 13.3637 66.4647 4
      vertex 11.7803 67.1998 4
    endloop
  endfacet
  facet normal 0 0 1
    outer loop
      vertex 11.3247 68.9002 4
      vertex 12.6734 69.935 4
      vertex 12.3284 70.3284 4
    endloop
  endfacet
  facet normal 0 0 1
    outer loop
      vertex 13.3637 66.4647 4
      vertex 11.7216 66.9047 4
      vertex 13.1955 65.9693 4
    endloop
  endfacet
  facet normal 0 0 1
    outer loop
      vertex 11.1263 69.1263 4
      vertex 12.3284 70.3284 4
      vertex 11.935 70.6734 4
    endloop
  endfacet
  facet normal -0 0 1
    outer loop
      vertex 11.6249 66.6198 4
      vertex 13.1955 65.9693 4
      vertex 11.7216 66.9047 4
    endloop
  endfacet
  facet normal 0 0 1
    outer loop
      vertex 13.1955 65.9693 4
      vertex 11.6249 66.6198 4
      vertex 12.9641 65.5 4
    endloop
  endfacet
  facet normal 0 0 1
    outer loop
      vertex 13.4658 68.0221 4
      vertex 11.7803 67.8002 4
      vertex 11.8 67.5 4
    endloop
  endfacet
  facet normal 0 0 1
    outer loop
      vertex 13.3637 68.5353 4
      vertex 11.7216 68.0953 4
      vertex 11.7803 67.8002 4
    endloop
  endfacet
  facet normal 0 0 1
    outer loop
      vertex 13.1955 69.0307 4
      vertex 11.6249 68.3802 4
      vertex 11.7216 68.0953 4
    endloop
  endfacet
  facet normal 0 0 1
    outer loop
      vertex 10.9002 69.3247 4
      vertex 11.935 70.6734 4
      vertex 11.5 70.9641 4
    endloop
  endfacet
  facet normal 0 0 1
    outer loop
      vertex 12.9641 69.5 4
      vertex 11.4919 68.65 4
      vertex 11.6249 68.3802 4
    endloop
  endfacet
  facet normal 0 0 1
    outer loop
      vertex 12.6734 69.935 4
      vertex 11.3247 68.9002 4
      vertex 11.4919 68.65 4
    endloop
  endfacet
  facet normal 0 0 1
    outer loop
      vertex 12.3284 70.3284 4
      vertex 11.1263 69.1263 4
      vertex 11.3247 68.9002 4
    endloop
  endfacet
  facet normal 0 0 1
    outer loop
      vertex 10.65 69.4919 4
      vertex 11.5 70.9641 4
      vertex 11.0307 71.1955 4
    endloop
  endfacet
  facet normal 0 0 1
    outer loop
      vertex 11.935 70.6734 4
      vertex 10.9002 69.3247 4
      vertex 11.1263 69.1263 4
    endloop
  endfacet
  facet normal 0 0 1
    outer loop
      vertex 11.5 70.9641 4
      vertex 10.65 69.4919 4
      vertex 10.9002 69.3247 4
    endloop
  endfacet
  facet normal 0 0 1
    outer loop
      vertex 10.3802 69.6249 4
      vertex 11.0307 71.1955 4
      vertex 10.5353 71.3637 4
    endloop
  endfacet
  facet normal 0 0 1
    outer loop
      vertex 11.0307 71.1955 4
      vertex 10.3802 69.6249 4
      vertex 10.65 69.4919 4
    endloop
  endfacet
  facet normal 0 0 1
    outer loop
      vertex 10.5353 71.3637 4
      vertex 10.0953 69.7216 4
      vertex 10.3802 69.6249 4
    endloop
  endfacet
  facet normal 0 0 1
    outer loop
      vertex 10.0221 71.4658 4
      vertex 10.0953 69.7216 4
      vertex 10.5353 71.3637 4
    endloop
  endfacet
  facet normal 0 0 1
    outer loop
      vertex 10.0221 71.4658 4
      vertex 9.80021 69.7803 4
      vertex 10.0953 69.7216 4
    endloop
  endfacet
  facet normal 0 0 1
    outer loop
      vertex 9.5 71.5 4
      vertex 9.80021 69.7803 4
      vertex 10.0221 71.4658 4
    endloop
  endfacet
  facet normal 0 0 1
    outer loop
      vertex 9.5 71.5 4
      vertex 9.5 69.8 4
      vertex 9.80021 69.7803 4
    endloop
  endfacet
  facet normal 0 0 1
    outer loop
      vertex 9.5 71.5 4
      vertex 9.19979 69.7803 4
      vertex 9.5 69.8 4
    endloop
  endfacet
  facet normal -0 0 1
    outer loop
      vertex 8.9779 71.4658 4
      vertex 9.19979 69.7803 4
      vertex 9.5 71.5 4
    endloop
  endfacet
  facet normal 0 0 1
    outer loop
      vertex 8.9779 71.4658 4
      vertex 8.90472 69.7216 4
      vertex 9.19979 69.7803 4
    endloop
  endfacet
  facet normal -0 0 1
    outer loop
      vertex 8.46472 71.3637 4
      vertex 8.90472 69.7216 4
      vertex 8.9779 71.4658 4
    endloop
  endfacet
  facet normal 0 0 1
    outer loop
      vertex 8.90472 69.7216 4
      vertex 8.46472 71.3637 4
      vertex 8.61983 69.6249 4
    endloop
  endfacet
  facet normal -0 0 1
    outer loop
      vertex 7.96927 71.1955 4
      vertex 8.61983 69.6249 4
      vertex 8.46472 71.3637 4
    endloop
  endfacet
  facet normal 0 0 1
    outer loop
      vertex 8.61983 69.6249 4
      vertex 7.96927 71.1955 4
      vertex 8.35 69.4919 4
    endloop
  endfacet
  facet normal -0 0 1
    outer loop
      vertex 7.5 70.9641 4
      vertex 8.35 69.4919 4
      vertex 7.96927 71.1955 4
    endloop
  endfacet
  facet normal 0 0 1
    outer loop
      vertex 8.35 69.4919 4
      vertex 7.5 70.9641 4
      vertex 8.09985 69.3247 4
    endloop
  endfacet
  facet normal -0 0 1
    outer loop
      vertex 7.06495 70.6734 4
      vertex 8.09985 69.3247 4
      vertex 7.5 70.9641 4
    endloop
  endfacet
  facet normal 0 0 1
    outer loop
      vertex 8.09985 69.3247 4
      vertex 7.06495 70.6734 4
      vertex 7.87366 69.1263 4
    endloop
  endfacet
  facet normal -0 0 1
    outer loop
      vertex 6.67157 70.3284 4
      vertex 7.87366 69.1263 4
      vertex 7.06495 70.6734 4
    endloop
  endfacet
  facet normal 0 0 1
    outer loop
      vertex 7.87366 69.1263 4
      vertex 6.67157 70.3284 4
      vertex 7.67529 68.9002 4
    endloop
  endfacet
  facet normal -0 0 1
    outer loop
      vertex 6.32659 69.935 4
      vertex 7.67529 68.9002 4
      vertex 6.67157 70.3284 4
    endloop
  endfacet
  facet normal 0 0 1
    outer loop
      vertex 7.67529 68.9002 4
      vertex 6.32659 69.935 4
      vertex 7.50814 68.65 4
    endloop
  endfacet
  facet normal 0 0 1
    outer loop
      vertex 7.50814 68.65 4
      vertex 6.0359 69.5 4
      vertex 7.37508 68.3802 4
    endloop
  endfacet
  facet normal -0 0 1
    outer loop
      vertex 6.0359 69.5 4
      vertex 7.50814 68.65 4
      vertex 6.32659 69.935 4
    endloop
  endfacet
  facet normal -0 0 1
    outer loop
      vertex 11.4919 66.35 4
      vertex 12.9641 65.5 4
      vertex 11.6249 66.6198 4
    endloop
  endfacet
  facet normal 0 0 1
    outer loop
      vertex 12.9641 65.5 4
      vertex 11.4919 66.35 4
      vertex 12.6734 65.065 4
    endloop
  endfacet
  facet normal -0 0 1
    outer loop
      vertex 11.3247 66.0998 4
      vertex 12.6734 65.065 4
      vertex 11.4919 66.35 4
    endloop
  endfacet
  facet normal 0 0 1
    outer loop
      vertex 12.6734 65.065 4
      vertex 11.3247 66.0998 4
      vertex 12.3284 64.6716 4
    endloop
  endfacet
  facet normal -0 0 1
    outer loop
      vertex 11.1263 65.8737 4
      vertex 12.3284 64.6716 4
      vertex 11.3247 66.0998 4
    endloop
  endfacet
  facet normal 0 0 1
    outer loop
      vertex 12.3284 64.6716 4
      vertex 11.1263 65.8737 4
      vertex 11.935 64.3266 4
    endloop
  endfacet
  facet normal -0 0 1
    outer loop
      vertex 10.9002 65.6753 4
      vertex 11.935 64.3266 4
      vertex 11.1263 65.8737 4
    endloop
  endfacet
  facet normal 0 0 1
    outer loop
      vertex 11.935 64.3266 4
      vertex 10.9002 65.6753 4
      vertex 11.5 64.0359 4
    endloop
  endfacet
  facet normal -0 0 1
    outer loop
      vertex 10.65 65.5081 4
      vertex 11.5 64.0359 4
      vertex 10.9002 65.6753 4
    endloop
  endfacet
  facet normal 0 0 1
    outer loop
      vertex 11.5 64.0359 4
      vertex 10.65 65.5081 4
      vertex 11.0307 63.8045 4
    endloop
  endfacet
  facet normal -0 0 1
    outer loop
      vertex 10.3802 65.3751 4
      vertex 11.0307 63.8045 4
      vertex 10.65 65.5081 4
    endloop
  endfacet
  facet normal 0 0 1
    outer loop
      vertex 11.0307 63.8045 4
      vertex 10.3802 65.3751 4
      vertex 10.5353 63.6363 4
    endloop
  endfacet
  facet normal -0 0 1
    outer loop
      vertex 10.0953 65.2784 4
      vertex 10.5353 63.6363 4
      vertex 10.3802 65.3751 4
    endloop
  endfacet
  facet normal 0 0 1
    outer loop
      vertex 10.0953 65.2784 4
      vertex 10.0221 63.5342 4
      vertex 10.5353 63.6363 4
    endloop
  endfacet
  facet normal -0 0 1
    outer loop
      vertex 9.80021 65.2197 4
      vertex 10.0221 63.5342 4
      vertex 10.0953 65.2784 4
    endloop
  endfacet
  facet normal -0 0 1
    outer loop
      vertex 9.5 65.2 4
      vertex 10.0221 63.5342 4
      vertex 9.80021 65.2197 4
    endloop
  endfacet
  facet normal 0 0 1
    outer loop
      vertex 9.5 65.2 4
      vertex 9.5 63.5 4
      vertex 10.0221 63.5342 4
    endloop
  endfacet
  facet normal 0 0 1
    outer loop
      vertex 9.19979 65.2197 4
      vertex 9.5 63.5 4
      vertex 9.5 65.2 4
    endloop
  endfacet
  facet normal 0 0 1
    outer loop
      vertex 9.19979 65.2197 4
      vertex 8.9779 63.5342 4
      vertex 9.5 63.5 4
    endloop
  endfacet
  facet normal 0 0 1
    outer loop
      vertex 8.90472 65.2784 4
      vertex 8.9779 63.5342 4
      vertex 9.19979 65.2197 4
    endloop
  endfacet
  facet normal 0 0 1
    outer loop
      vertex 8.46472 63.6363 4
      vertex 8.90472 65.2784 4
      vertex 8.61983 65.3751 4
    endloop
  endfacet
  facet normal 0 0 1
    outer loop
      vertex 8.90472 65.2784 4
      vertex 8.46472 63.6363 4
      vertex 8.9779 63.5342 4
    endloop
  endfacet
  facet normal 0 0 1
    outer loop
      vertex 7.96927 63.8045 4
      vertex 8.61983 65.3751 4
      vertex 8.35 65.5081 4
    endloop
  endfacet
  facet normal 0 0 1
    outer loop
      vertex 7.5 64.0359 4
      vertex 8.35 65.5081 4
      vertex 8.09985 65.6753 4
    endloop
  endfacet
  facet normal 0 0 1
    outer loop
      vertex 8.61983 65.3751 4
      vertex 7.96927 63.8045 4
      vertex 8.46472 63.6363 4
    endloop
  endfacet
  facet normal 0 0 1
    outer loop
      vertex 7.06495 64.3266 4
      vertex 8.09985 65.6753 4
      vertex 7.87366 65.8737 4
    endloop
  endfacet
  facet normal 0 0 1
    outer loop
      vertex 6.67157 64.6716 4
      vertex 7.87366 65.8737 4
      vertex 7.67529 66.0998 4
    endloop
  endfacet
  facet normal 0 0 1
    outer loop
      vertex 6.32659 65.065 4
      vertex 7.67529 66.0998 4
      vertex 7.50814 66.35 4
    endloop
  endfacet
  facet normal 0 0 1
    outer loop
      vertex 8.35 65.5081 4
      vertex 7.5 64.0359 4
      vertex 7.96927 63.8045 4
    endloop
  endfacet
  facet normal 0 0 1
    outer loop
      vertex 6.0359 65.5 4
      vertex 7.50814 66.35 4
      vertex 7.37508 66.6198 4
    endloop
  endfacet
  facet normal 0 0 1
    outer loop
      vertex 5.80448 65.9693 4
      vertex 7.37508 66.6198 4
      vertex 7.27837 66.9047 4
    endloop
  endfacet
  facet normal 0 0 1
    outer loop
      vertex 5.6363 66.4647 4
      vertex 7.27837 66.9047 4
      vertex 7.21968 67.1998 4
    endloop
  endfacet
  facet normal 0 0 1
    outer loop
      vertex 8.09985 65.6753 4
      vertex 7.06495 64.3266 4
      vertex 7.5 64.0359 4
    endloop
  endfacet
  facet normal 0 0 1
    outer loop
      vertex 5.53422 66.9779 4
      vertex 7.21968 67.1998 4
      vertex 7.2 67.5 4
    endloop
  endfacet
  facet normal -0 0 1
    outer loop
      vertex 5.80448 69.0307 4
      vertex 7.37508 68.3802 4
      vertex 6.0359 69.5 4
    endloop
  endfacet
  facet normal 0 0 1
    outer loop
      vertex 7.37508 68.3802 4
      vertex 5.80448 69.0307 4
      vertex 7.27837 68.0953 4
    endloop
  endfacet
  facet normal 0 0 1
    outer loop
      vertex 7.87366 65.8737 4
      vertex 6.67157 64.6716 4
      vertex 7.06495 64.3266 4
    endloop
  endfacet
  facet normal -0 0 1
    outer loop
      vertex 5.6363 68.5353 4
      vertex 7.27837 68.0953 4
      vertex 5.80448 69.0307 4
    endloop
  endfacet
  facet normal 0 0 1
    outer loop
      vertex 7.67529 66.0998 4
      vertex 6.32659 65.065 4
      vertex 6.67157 64.6716 4
    endloop
  endfacet
  facet normal 0 0 1
    outer loop
      vertex 7.27837 68.0953 4
      vertex 5.6363 68.5353 4
      vertex 7.21968 67.8002 4
    endloop
  endfacet
  facet normal 0 0 1
    outer loop
      vertex 7.50814 66.35 4
      vertex 6.0359 65.5 4
      vertex 6.32659 65.065 4
    endloop
  endfacet
  facet normal -0 0 1
    outer loop
      vertex 5.53422 68.0221 4
      vertex 7.21968 67.8002 4
      vertex 5.6363 68.5353 4
    endloop
  endfacet
  facet normal 0 0 1
    outer loop
      vertex 7.37508 66.6198 4
      vertex 5.80448 65.9693 4
      vertex 6.0359 65.5 4
    endloop
  endfacet
  facet normal 0 0 1
    outer loop
      vertex 7.21968 67.8002 4
      vertex 5.53422 68.0221 4
      vertex 7.2 67.5 4
    endloop
  endfacet
  facet normal 0 0 1
    outer loop
      vertex 7.27837 66.9047 4
      vertex 5.6363 66.4647 4
      vertex 5.80448 65.9693 4
    endloop
  endfacet
  facet normal 0 0 1
    outer loop
      vertex 5.5 67.5 4
      vertex 7.2 67.5 4
      vertex 5.53422 68.0221 4
    endloop
  endfacet
  facet normal 0 0 1
    outer loop
      vertex 7.21968 67.1998 4
      vertex 5.53422 66.9779 4
      vertex 5.6363 66.4647 4
    endloop
  endfacet
  facet normal 0 0 1
    outer loop
      vertex 7.2 67.5 4
      vertex 5.5 67.5 4
      vertex 5.53422 66.9779 4
    endloop
  endfacet
  facet normal -0.980793 -0.195052 0
    outer loop
      vertex 12.3752 67.8785 0
      vertex 12.3012 68.2506 1.1
      vertex 12.3012 68.2506 0
    endloop
  endfacet
  facet normal -0.980793 -0.195052 0
    outer loop
      vertex 12.3012 68.2506 1.1
      vertex 12.3752 67.8785 0
      vertex 12.3752 67.8785 1.1
    endloop
  endfacet
  facet normal -0.99786 -0.0653816 0
    outer loop
      vertex 12.4 67.5 0
      vertex 12.3752 67.8785 1.1
      vertex 12.3752 67.8785 0
    endloop
  endfacet
  facet normal -0.99786 -0.0653816 0
    outer loop
      vertex 12.3752 67.8785 1.1
      vertex 12.4 67.5 0
      vertex 12.4 67.5 1.1
    endloop
  endfacet
  facet normal 0.997859 -0.0654079 0
    outer loop
      vertex 6.6 67.5 1.1
      vertex 6.62481 67.8785 0
      vertex 6.62481 67.8785 1.1
    endloop
  endfacet
  facet normal 0.997859 -0.0654079 0
    outer loop
      vertex 6.62481 67.8785 0
      vertex 6.6 67.5 1.1
      vertex 6.6 67.5 0
    endloop
  endfacet
  facet normal -0.659325 -0.751858 0
    outer loop
      vertex 11.2654 69.8007 0
      vertex 11.5506 69.5506 1.1
      vertex 11.2654 69.8007 1.1
    endloop
  endfacet
  facet normal -0.659325 -0.751858 -0
    outer loop
      vertex 11.5506 69.5506 1.1
      vertex 11.2654 69.8007 0
      vertex 11.5506 69.5506 0
    endloop
  endfacet
  facet normal 0.831462 -0.555582 0
    outer loop
      vertex 6.98853 68.95 1.1
      vertex 7.19928 69.2654 0
      vertex 7.19928 69.2654 1.1
    endloop
  endfacet
  facet normal 0.831462 -0.555582 0
    outer loop
      vertex 7.19928 69.2654 0
      vertex 6.98853 68.95 1.1
      vertex 6.98853 68.95 0
    endloop
  endfacet
  facet normal -0.195067 0.98079 0
    outer loop
      vertex 10.2506 64.6988 0
      vertex 9.87853 64.6248 1.1
      vertex 10.2506 64.6988 1.1
    endloop
  endfacet
  facet normal -0.195067 0.98079 0
    outer loop
      vertex 9.87853 64.6248 1.1
      vertex 10.2506 64.6988 0
      vertex 9.87853 64.6248 0
    endloop
  endfacet
  facet normal 0.321364 0.946956 -0
    outer loop
      vertex 8.74942 64.6988 0
      vertex 8.39022 64.8207 1.1
      vertex 8.74942 64.6988 1.1
    endloop
  endfacet
  facet normal 0.321364 0.946956 0
    outer loop
      vertex 8.39022 64.8207 1.1
      vertex 8.74942 64.6988 0
      vertex 8.39022 64.8207 0
    endloop
  endfacet
  facet normal -0.99786 0.0653816 0
    outer loop
      vertex 12.3752 67.1215 0
      vertex 12.4 67.5 1.1
      vertex 12.4 67.5 0
    endloop
  endfacet
  facet normal -0.99786 0.0653816 0
    outer loop
      vertex 12.4 67.5 1.1
      vertex 12.3752 67.1215 0
      vertex 12.3752 67.1215 1.1
    endloop
  endfacet
  facet normal -0.831401 -0.555673 0
    outer loop
      vertex 12.0115 68.95 0
      vertex 11.8007 69.2654 1.1
      vertex 11.8007 69.2654 0
    endloop
  endfacet
  facet normal -0.831401 -0.555673 0
    outer loop
      vertex 11.8007 69.2654 1.1
      vertex 12.0115 68.95 0
      vertex 12.0115 68.95 1.1
    endloop
  endfacet
  facet normal 0.0653764 0.997861 -0
    outer loop
      vertex 9.5 64.6 0
      vertex 9.12147 64.6248 1.1
      vertex 9.5 64.6 1.1
    endloop
  endfacet
  facet normal 0.0653764 0.997861 0
    outer loop
      vertex 9.12147 64.6248 1.1
      vertex 9.5 64.6 0
      vertex 9.12147 64.6248 0
    endloop
  endfacet
  facet normal -0.946876 -0.3216 0
    outer loop
      vertex 12.3012 68.2506 0
      vertex 12.1792 68.6098 1.1
      vertex 12.1792 68.6098 0
    endloop
  endfacet
  facet normal -0.946876 -0.3216 0
    outer loop
      vertex 12.1792 68.6098 1.1
      vertex 12.3012 68.2506 0
      vertex 12.3012 68.2506 1.1
    endloop
  endfacet
  facet normal 0.442335 0.89685 -0
    outer loop
      vertex 8.39022 64.8207 0
      vertex 8.05 64.9885 1.1
      vertex 8.39022 64.8207 1.1
    endloop
  endfacet
  facet normal 0.442335 0.89685 0
    outer loop
      vertex 8.05 64.9885 1.1
      vertex 8.39022 64.8207 0
      vertex 8.05 64.9885 0
    endloop
  endfacet
  facet normal 0.946932 -0.321435 0
    outer loop
      vertex 6.69882 68.2506 1.1
      vertex 6.82075 68.6098 0
      vertex 6.82075 68.6098 1.1
    endloop
  endfacet
  facet normal 0.946932 -0.321435 0
    outer loop
      vertex 6.82075 68.6098 0
      vertex 6.69882 68.2506 1.1
      vertex 6.69882 68.2506 0
    endloop
  endfacet
  facet normal -0.751858 0.659325 0
    outer loop
      vertex 11.5506 65.4494 0
      vertex 11.8007 65.7346 1.1
      vertex 11.8007 65.7346 0
    endloop
  endfacet
  facet normal -0.751858 0.659325 0
    outer loop
      vertex 11.8007 65.7346 1.1
      vertex 11.5506 65.4494 0
      vertex 11.5506 65.4494 1.1
    endloop
  endfacet
  facet normal -0.442356 0.896839 0
    outer loop
      vertex 10.95 64.9885 0
      vertex 10.6098 64.8207 1.1
      vertex 10.95 64.9885 1.1
    endloop
  endfacet
  facet normal -0.442356 0.896839 0
    outer loop
      vertex 10.6098 64.8207 1.1
      vertex 10.95 64.9885 0
      vertex 10.6098 64.8207 0
    endloop
  endfacet
  facet normal -0.980793 0.195052 0
    outer loop
      vertex 12.3012 66.7494 0
      vertex 12.3752 67.1215 1.1
      vertex 12.3752 67.1215 0
    endloop
  endfacet
  facet normal -0.980793 0.195052 0
    outer loop
      vertex 12.3752 67.1215 1.1
      vertex 12.3012 66.7494 0
      vertex 12.3012 66.7494 1.1
    endloop
  endfacet
  facet normal -0.0653764 -0.997861 0
    outer loop
      vertex 9.5 70.4 0
      vertex 9.87853 70.3752 1.1
      vertex 9.5 70.4 1.1
    endloop
  endfacet
  facet normal -0.0653764 -0.997861 -0
    outer loop
      vertex 9.87853 70.3752 1.1
      vertex 9.5 70.4 0
      vertex 9.87853 70.3752 0
    endloop
  endfacet
  facet normal 0.89686 0.442314 0
    outer loop
      vertex 6.98853 66.05 1.1
      vertex 6.82075 66.3902 0
      vertex 6.82075 66.3902 1.1
    endloop
  endfacet
  facet normal 0.89686 0.442314 0
    outer loop
      vertex 6.82075 66.3902 0
      vertex 6.98853 66.05 1.1
      vertex 6.98853 66.05 0
    endloop
  endfacet
  facet normal 0.659325 -0.751858 0
    outer loop
      vertex 7.44939 69.5506 0
      vertex 7.73459 69.8007 1.1
      vertex 7.44939 69.5506 1.1
    endloop
  endfacet
  facet normal 0.659325 -0.751858 0
    outer loop
      vertex 7.73459 69.8007 1.1
      vertex 7.44939 69.5506 0
      vertex 7.73459 69.8007 0
    endloop
  endfacet
  facet normal 0.555661 -0.831409 0
    outer loop
      vertex 7.73459 69.8007 0
      vertex 8.05 70.0115 1.1
      vertex 7.73459 69.8007 1.1
    endloop
  endfacet
  facet normal 0.555661 -0.831409 0
    outer loop
      vertex 8.05 70.0115 1.1
      vertex 7.73459 69.8007 0
      vertex 8.05 70.0115 0
    endloop
  endfacet
  facet normal 0.321364 -0.946956 0
    outer loop
      vertex 8.39022 70.1793 0
      vertex 8.74942 70.3012 1.1
      vertex 8.39022 70.1793 1.1
    endloop
  endfacet
  facet normal 0.321364 -0.946956 0
    outer loop
      vertex 8.74942 70.3012 1.1
      vertex 8.39022 70.1793 0
      vertex 8.74942 70.3012 0
    endloop
  endfacet
  facet normal 0.0653764 -0.997861 0
    outer loop
      vertex 9.12147 70.3752 0
      vertex 9.5 70.4 1.1
      vertex 9.12147 70.3752 1.1
    endloop
  endfacet
  facet normal 0.0653764 -0.997861 0
    outer loop
      vertex 9.5 70.4 1.1
      vertex 9.12147 70.3752 0
      vertex 9.5 70.4 0
    endloop
  endfacet
  facet normal -0.321364 0.946956 0
    outer loop
      vertex 10.6098 64.8207 0
      vertex 10.2506 64.6988 1.1
      vertex 10.6098 64.8207 1.1
    endloop
  endfacet
  facet normal -0.321364 0.946956 0
    outer loop
      vertex 10.2506 64.6988 1.1
      vertex 10.6098 64.8207 0
      vertex 10.2506 64.6988 0
    endloop
  endfacet
  facet normal 0.751845 0.65934 0
    outer loop
      vertex 7.44939 65.4494 1.1
      vertex 7.19928 65.7346 0
      vertex 7.19928 65.7346 1.1
    endloop
  endfacet
  facet normal 0.751845 0.65934 0
    outer loop
      vertex 7.19928 65.7346 0
      vertex 7.44939 65.4494 1.1
      vertex 7.44939 65.4494 0
    endloop
  endfacet
  facet normal -0.896944 -0.442144 0
    outer loop
      vertex 12.1792 68.6098 0
      vertex 12.0115 68.95 1.1
      vertex 12.0115 68.95 0
    endloop
  endfacet
  facet normal -0.896944 -0.442144 0
    outer loop
      vertex 12.0115 68.95 1.1
      vertex 12.1792 68.6098 0
      vertex 12.1792 68.6098 1.1
    endloop
  endfacet
  facet normal -0.659325 0.751858 0
    outer loop
      vertex 11.5506 65.4494 0
      vertex 11.2654 65.1993 1.1
      vertex 11.5506 65.4494 1.1
    endloop
  endfacet
  facet normal -0.659325 0.751858 0
    outer loop
      vertex 11.2654 65.1993 1.1
      vertex 11.5506 65.4494 0
      vertex 11.2654 65.1993 0
    endloop
  endfacet
  facet normal -0.555673 -0.831401 0
    outer loop
      vertex 10.95 70.0115 0
      vertex 11.2654 69.8007 1.1
      vertex 10.95 70.0115 1.1
    endloop
  endfacet
  facet normal -0.555673 -0.831401 -0
    outer loop
      vertex 11.2654 69.8007 1.1
      vertex 10.95 70.0115 0
      vertex 11.2654 69.8007 0
    endloop
  endfacet
  facet normal 0 0 -1
    outer loop
      vertex 11.8 67.5 1.1
      vertex 12.4 67.5 1.1
      vertex 12.3752 67.1215 1.1
    endloop
  endfacet
  facet normal 0 0 -1
    outer loop
      vertex 11.7803 67.1998 1.1
      vertex 12.3752 67.1215 1.1
      vertex 12.3012 66.7494 1.1
    endloop
  endfacet
  facet normal 0 0 -1
    outer loop
      vertex 12.4 67.5 1.1
      vertex 11.8 67.5 1.1
      vertex 12.3752 67.8785 1.1
    endloop
  endfacet
  facet normal 0 0 -1
    outer loop
      vertex 11.7216 66.9047 1.1
      vertex 12.3012 66.7494 1.1
      vertex 12.1792 66.3902 1.1
    endloop
  endfacet
  facet normal 0 0 -1
    outer loop
      vertex 11.7803 67.8002 1.1
      vertex 12.3752 67.8785 1.1
      vertex 11.8 67.5 1.1
    endloop
  endfacet
  facet normal 0 0 -1
    outer loop
      vertex 11.6249 66.6198 1.1
      vertex 12.1792 66.3902 1.1
      vertex 12.0115 66.05 1.1
    endloop
  endfacet
  facet normal -0 0 -1
    outer loop
      vertex 12.3752 67.8785 1.1
      vertex 11.7803 67.8002 1.1
      vertex 12.3012 68.2506 1.1
    endloop
  endfacet
  facet normal 0 0 -1
    outer loop
      vertex 11.4919 66.35 1.1
      vertex 12.0115 66.05 1.1
      vertex 11.8007 65.7346 1.1
    endloop
  endfacet
  facet normal 0 0 -1
    outer loop
      vertex 11.7216 68.0953 1.1
      vertex 12.3012 68.2506 1.1
      vertex 11.7803 67.8002 1.1
    endloop
  endfacet
  facet normal -0 0 -1
    outer loop
      vertex 12.3012 68.2506 1.1
      vertex 11.7216 68.0953 1.1
      vertex 12.1792 68.6098 1.1
    endloop
  endfacet
  facet normal 0 0 -1
    outer loop
      vertex 12.3752 67.1215 1.1
      vertex 11.7803 67.1998 1.1
      vertex 11.8 67.5 1.1
    endloop
  endfacet
  facet normal 0 0 -1
    outer loop
      vertex 12.3012 66.7494 1.1
      vertex 11.7216 66.9047 1.1
      vertex 11.7803 67.1998 1.1
    endloop
  endfacet
  facet normal 0 0 -1
    outer loop
      vertex 12.1792 66.3902 1.1
      vertex 11.6249 66.6198 1.1
      vertex 11.7216 66.9047 1.1
    endloop
  endfacet
  facet normal 0 0 -1
    outer loop
      vertex 11.3247 66.0998 1.1
      vertex 11.8007 65.7346 1.1
      vertex 11.5506 65.4494 1.1
    endloop
  endfacet
  facet normal 0 0 -1
    outer loop
      vertex 12.0115 66.05 1.1
      vertex 11.4919 66.35 1.1
      vertex 11.6249 66.6198 1.1
    endloop
  endfacet
  facet normal 0 0 -1
    outer loop
      vertex 11.8007 65.7346 1.1
      vertex 11.3247 66.0998 1.1
      vertex 11.4919 66.35 1.1
    endloop
  endfacet
  facet normal 0 0 -1
    outer loop
      vertex 11.1263 65.8737 1.1
      vertex 11.5506 65.4494 1.1
      vertex 11.2654 65.1993 1.1
    endloop
  endfacet
  facet normal 0 0 -1
    outer loop
      vertex 11.5506 65.4494 1.1
      vertex 11.1263 65.8737 1.1
      vertex 11.3247 66.0998 1.1
    endloop
  endfacet
  facet normal 0 0 -1
    outer loop
      vertex 10.9002 65.6753 1.1
      vertex 11.2654 65.1993 1.1
      vertex 10.95 64.9885 1.1
    endloop
  endfacet
  facet normal 0 0 -1
    outer loop
      vertex 11.2654 65.1993 1.1
      vertex 10.9002 65.6753 1.1
      vertex 11.1263 65.8737 1.1
    endloop
  endfacet
  facet normal 0 0 -1
    outer loop
      vertex 10.95 64.9885 1.1
      vertex 10.65 65.5081 1.1
      vertex 10.9002 65.6753 1.1
    endloop
  endfacet
  facet normal 0 0 -1
    outer loop
      vertex 10.6098 64.8207 1.1
      vertex 10.65 65.5081 1.1
      vertex 10.95 64.9885 1.1
    endloop
  endfacet
  facet normal 0 0 -1
    outer loop
      vertex 10.6098 64.8207 1.1
      vertex 10.3802 65.3751 1.1
      vertex 10.65 65.5081 1.1
    endloop
  endfacet
  facet normal 0 0 -1
    outer loop
      vertex 10.2506 64.6988 1.1
      vertex 10.3802 65.3751 1.1
      vertex 10.6098 64.8207 1.1
    endloop
  endfacet
  facet normal 0 0 -1
    outer loop
      vertex 10.2506 64.6988 1.1
      vertex 10.0953 65.2784 1.1
      vertex 10.3802 65.3751 1.1
    endloop
  endfacet
  facet normal 0 0 -1
    outer loop
      vertex 9.87853 64.6248 1.1
      vertex 10.0953 65.2784 1.1
      vertex 10.2506 64.6988 1.1
    endloop
  endfacet
  facet normal 0 0 -1
    outer loop
      vertex 9.87853 64.6248 1.1
      vertex 9.80021 65.2197 1.1
      vertex 10.0953 65.2784 1.1
    endloop
  endfacet
  facet normal 0 0 -1
    outer loop
      vertex 9.5 64.6 1.1
      vertex 9.80021 65.2197 1.1
      vertex 9.87853 64.6248 1.1
    endloop
  endfacet
  facet normal 0 0 -1
    outer loop
      vertex 9.5 64.6 1.1
      vertex 9.5 65.2 1.1
      vertex 9.80021 65.2197 1.1
    endloop
  endfacet
  facet normal 0 0 -1
    outer loop
      vertex 9.5 64.6 1.1
      vertex 9.19979 65.2197 1.1
      vertex 9.5 65.2 1.1
    endloop
  endfacet
  facet normal 0 0 -1
    outer loop
      vertex 9.12147 64.6248 1.1
      vertex 9.19979 65.2197 1.1
      vertex 9.5 64.6 1.1
    endloop
  endfacet
  facet normal 0 0 -1
    outer loop
      vertex 9.12147 64.6248 1.1
      vertex 8.90472 65.2784 1.1
      vertex 9.19979 65.2197 1.1
    endloop
  endfacet
  facet normal 0 0 -1
    outer loop
      vertex 8.74942 64.6988 1.1
      vertex 8.90472 65.2784 1.1
      vertex 9.12147 64.6248 1.1
    endloop
  endfacet
  facet normal 0 0 -1
    outer loop
      vertex 8.74942 64.6988 1.1
      vertex 8.61983 65.3751 1.1
      vertex 8.90472 65.2784 1.1
    endloop
  endfacet
  facet normal 0 0 -1
    outer loop
      vertex 8.39022 64.8207 1.1
      vertex 8.61983 65.3751 1.1
      vertex 8.74942 64.6988 1.1
    endloop
  endfacet
  facet normal 0 0 -1
    outer loop
      vertex 8.39022 64.8207 1.1
      vertex 8.35 65.5081 1.1
      vertex 8.61983 65.3751 1.1
    endloop
  endfacet
  facet normal 0 0 -1
    outer loop
      vertex 8.05 64.9885 1.1
      vertex 8.35 65.5081 1.1
      vertex 8.39022 64.8207 1.1
    endloop
  endfacet
  facet normal -0 0 -1
    outer loop
      vertex 8.35 65.5081 1.1
      vertex 8.05 64.9885 1.1
      vertex 8.09985 65.6753 1.1
    endloop
  endfacet
  facet normal 0 0 -1
    outer loop
      vertex 7.73459 65.1993 1.1
      vertex 8.09985 65.6753 1.1
      vertex 8.05 64.9885 1.1
    endloop
  endfacet
  facet normal -0 0 -1
    outer loop
      vertex 8.09985 65.6753 1.1
      vertex 7.73459 65.1993 1.1
      vertex 7.87366 65.8737 1.1
    endloop
  endfacet
  facet normal 0 0 -1
    outer loop
      vertex 7.44939 65.4494 1.1
      vertex 7.87366 65.8737 1.1
      vertex 7.73459 65.1993 1.1
    endloop
  endfacet
  facet normal -0 0 -1
    outer loop
      vertex 7.87366 65.8737 1.1
      vertex 7.44939 65.4494 1.1
      vertex 7.67529 66.0998 1.1
    endloop
  endfacet
  facet normal 0 0 -1
    outer loop
      vertex 7.19928 65.7346 1.1
      vertex 7.67529 66.0998 1.1
      vertex 7.44939 65.4494 1.1
    endloop
  endfacet
  facet normal -0 0 -1
    outer loop
      vertex 7.67529 66.0998 1.1
      vertex 7.19928 65.7346 1.1
      vertex 7.50814 66.35 1.1
    endloop
  endfacet
  facet normal 0 0 -1
    outer loop
      vertex 6.98853 66.05 1.1
      vertex 7.50814 66.35 1.1
      vertex 7.19928 65.7346 1.1
    endloop
  endfacet
  facet normal -0 0 -1
    outer loop
      vertex 7.50814 66.35 1.1
      vertex 6.98853 66.05 1.1
      vertex 7.37508 66.6198 1.1
    endloop
  endfacet
  facet normal -0 0 -1
    outer loop
      vertex 7.37508 66.6198 1.1
      vertex 6.82075 66.3902 1.1
      vertex 7.27837 66.9047 1.1
    endloop
  endfacet
  facet normal 0 0 -1
    outer loop
      vertex 6.82075 66.3902 1.1
      vertex 7.37508 66.6198 1.1
      vertex 6.98853 66.05 1.1
    endloop
  endfacet
  facet normal 0 0 -1
    outer loop
      vertex 11.6249 68.3802 1.1
      vertex 12.1792 68.6098 1.1
      vertex 11.7216 68.0953 1.1
    endloop
  endfacet
  facet normal -0 0 -1
    outer loop
      vertex 12.1792 68.6098 1.1
      vertex 11.6249 68.3802 1.1
      vertex 12.0115 68.95 1.1
    endloop
  endfacet
  facet normal 0 0 -1
    outer loop
      vertex 11.4919 68.65 1.1
      vertex 12.0115 68.95 1.1
      vertex 11.6249 68.3802 1.1
    endloop
  endfacet
  facet normal -0 0 -1
    outer loop
      vertex 12.0115 68.95 1.1
      vertex 11.4919 68.65 1.1
      vertex 11.8007 69.2654 1.1
    endloop
  endfacet
  facet normal 0 0 -1
    outer loop
      vertex 11.3247 68.9002 1.1
      vertex 11.8007 69.2654 1.1
      vertex 11.4919 68.65 1.1
    endloop
  endfacet
  facet normal -0 0 -1
    outer loop
      vertex 11.8007 69.2654 1.1
      vertex 11.3247 68.9002 1.1
      vertex 11.5506 69.5506 1.1
    endloop
  endfacet
  facet normal 0 0 -1
    outer loop
      vertex 11.1263 69.1263 1.1
      vertex 11.5506 69.5506 1.1
      vertex 11.3247 68.9002 1.1
    endloop
  endfacet
  facet normal -0 0 -1
    outer loop
      vertex 11.5506 69.5506 1.1
      vertex 11.1263 69.1263 1.1
      vertex 11.2654 69.8007 1.1
    endloop
  endfacet
  facet normal 0 0 -1
    outer loop
      vertex 10.9002 69.3247 1.1
      vertex 11.2654 69.8007 1.1
      vertex 11.1263 69.1263 1.1
    endloop
  endfacet
  facet normal -0 0 -1
    outer loop
      vertex 11.2654 69.8007 1.1
      vertex 10.9002 69.3247 1.1
      vertex 10.95 70.0115 1.1
    endloop
  endfacet
  facet normal 0 0 -1
    outer loop
      vertex 10.65 69.4919 1.1
      vertex 10.95 70.0115 1.1
      vertex 10.9002 69.3247 1.1
    endloop
  endfacet
  facet normal 0 0 -1
    outer loop
      vertex 10.65 69.4919 1.1
      vertex 10.6098 70.1793 1.1
      vertex 10.95 70.0115 1.1
    endloop
  endfacet
  facet normal 0 0 -1
    outer loop
      vertex 10.3802 69.6249 1.1
      vertex 10.6098 70.1793 1.1
      vertex 10.65 69.4919 1.1
    endloop
  endfacet
  facet normal 0 0 -1
    outer loop
      vertex 10.3802 69.6249 1.1
      vertex 10.2506 70.3012 1.1
      vertex 10.6098 70.1793 1.1
    endloop
  endfacet
  facet normal 0 0 -1
    outer loop
      vertex 10.0953 69.7216 1.1
      vertex 10.2506 70.3012 1.1
      vertex 10.3802 69.6249 1.1
    endloop
  endfacet
  facet normal 0 0 -1
    outer loop
      vertex 10.0953 69.7216 1.1
      vertex 9.87853 70.3752 1.1
      vertex 10.2506 70.3012 1.1
    endloop
  endfacet
  facet normal 0 0 -1
    outer loop
      vertex 9.80021 69.7803 1.1
      vertex 9.87853 70.3752 1.1
      vertex 10.0953 69.7216 1.1
    endloop
  endfacet
  facet normal 0 0 -1
    outer loop
      vertex 9.5 69.8 1.1
      vertex 9.87853 70.3752 1.1
      vertex 9.80021 69.7803 1.1
    endloop
  endfacet
  facet normal 0 0 -1
    outer loop
      vertex 9.5 69.8 1.1
      vertex 9.5 70.4 1.1
      vertex 9.87853 70.3752 1.1
    endloop
  endfacet
  facet normal 0 0 -1
    outer loop
      vertex 9.19979 69.7803 1.1
      vertex 9.5 70.4 1.1
      vertex 9.5 69.8 1.1
    endloop
  endfacet
  facet normal 0 0 -1
    outer loop
      vertex 9.19979 69.7803 1.1
      vertex 9.12147 70.3752 1.1
      vertex 9.5 70.4 1.1
    endloop
  endfacet
  facet normal 0 0 -1
    outer loop
      vertex 8.90472 69.7216 1.1
      vertex 9.12147 70.3752 1.1
      vertex 9.19979 69.7803 1.1
    endloop
  endfacet
  facet normal 0 0 -1
    outer loop
      vertex 8.90472 69.7216 1.1
      vertex 8.74942 70.3012 1.1
      vertex 9.12147 70.3752 1.1
    endloop
  endfacet
  facet normal 0 0 -1
    outer loop
      vertex 8.61983 69.6249 1.1
      vertex 8.74942 70.3012 1.1
      vertex 8.90472 69.7216 1.1
    endloop
  endfacet
  facet normal 0 0 -1
    outer loop
      vertex 8.61983 69.6249 1.1
      vertex 8.39022 70.1793 1.1
      vertex 8.74942 70.3012 1.1
    endloop
  endfacet
  facet normal 0 0 -1
    outer loop
      vertex 8.35 69.4919 1.1
      vertex 8.39022 70.1793 1.1
      vertex 8.61983 69.6249 1.1
    endloop
  endfacet
  facet normal 0 0 -1
    outer loop
      vertex 8.05 70.0115 1.1
      vertex 8.35 69.4919 1.1
      vertex 8.09985 69.3247 1.1
    endloop
  endfacet
  facet normal 0 0 -1
    outer loop
      vertex 8.35 69.4919 1.1
      vertex 8.05 70.0115 1.1
      vertex 8.39022 70.1793 1.1
    endloop
  endfacet
  facet normal 0 0 -1
    outer loop
      vertex 7.73459 69.8007 1.1
      vertex 8.09985 69.3247 1.1
      vertex 7.87366 69.1263 1.1
    endloop
  endfacet
  facet normal 0 0 -1
    outer loop
      vertex 8.09985 69.3247 1.1
      vertex 7.73459 69.8007 1.1
      vertex 8.05 70.0115 1.1
    endloop
  endfacet
  facet normal 0 0 -1
    outer loop
      vertex 7.44939 69.5506 1.1
      vertex 7.87366 69.1263 1.1
      vertex 7.67529 68.9002 1.1
    endloop
  endfacet
  facet normal 0 0 -1
    outer loop
      vertex 7.19928 69.2654 1.1
      vertex 7.67529 68.9002 1.1
      vertex 7.50814 68.65 1.1
    endloop
  endfacet
  facet normal 0 0 -1
    outer loop
      vertex 7.87366 69.1263 1.1
      vertex 7.44939 69.5506 1.1
      vertex 7.73459 69.8007 1.1
    endloop
  endfacet
  facet normal 0 0 -1
    outer loop
      vertex 6.98853 68.95 1.1
      vertex 7.50814 68.65 1.1
      vertex 7.37508 68.3802 1.1
    endloop
  endfacet
  facet normal 0 0 -1
    outer loop
      vertex 6.82075 68.6098 1.1
      vertex 7.37508 68.3802 1.1
      vertex 7.27837 68.0953 1.1
    endloop
  endfacet
  facet normal 0 0 -1
    outer loop
      vertex 6.69882 68.2506 1.1
      vertex 7.27837 68.0953 1.1
      vertex 7.21968 67.8002 1.1
    endloop
  endfacet
  facet normal 0 0 -1
    outer loop
      vertex 7.67529 68.9002 1.1
      vertex 7.19928 69.2654 1.1
      vertex 7.44939 69.5506 1.1
    endloop
  endfacet
  facet normal 0 0 -1
    outer loop
      vertex 6.62481 67.8785 1.1
      vertex 7.21968 67.8002 1.1
      vertex 7.2 67.5 1.1
    endloop
  endfacet
  facet normal 0 0 -1
    outer loop
      vertex 6.69882 66.7494 1.1
      vertex 7.27837 66.9047 1.1
      vertex 6.82075 66.3902 1.1
    endloop
  endfacet
  facet normal -0 0 -1
    outer loop
      vertex 7.27837 66.9047 1.1
      vertex 6.69882 66.7494 1.1
      vertex 7.21968 67.1998 1.1
    endloop
  endfacet
  facet normal 0 0 -1
    outer loop
      vertex 7.50814 68.65 1.1
      vertex 6.98853 68.95 1.1
      vertex 7.19928 69.2654 1.1
    endloop
  endfacet
  facet normal 0 0 -1
    outer loop
      vertex 6.62481 67.1215 1.1
      vertex 7.21968 67.1998 1.1
      vertex 6.69882 66.7494 1.1
    endloop
  endfacet
  facet normal 0 0 -1
    outer loop
      vertex 7.37508 68.3802 1.1
      vertex 6.82075 68.6098 1.1
      vertex 6.98853 68.95 1.1
    endloop
  endfacet
  facet normal -0 0 -1
    outer loop
      vertex 7.21968 67.1998 1.1
      vertex 6.62481 67.1215 1.1
      vertex 7.2 67.5 1.1
    endloop
  endfacet
  facet normal 0 0 -1
    outer loop
      vertex 7.27837 68.0953 1.1
      vertex 6.69882 68.2506 1.1
      vertex 6.82075 68.6098 1.1
    endloop
  endfacet
  facet normal 0 0 -1
    outer loop
      vertex 6.6 67.5 1.1
      vertex 7.2 67.5 1.1
      vertex 6.62481 67.1215 1.1
    endloop
  endfacet
  facet normal 0 0 -1
    outer loop
      vertex 7.21968 67.8002 1.1
      vertex 6.62481 67.8785 1.1
      vertex 6.69882 68.2506 1.1
    endloop
  endfacet
  facet normal 0 0 -1
    outer loop
      vertex 7.2 67.5 1.1
      vertex 6.6 67.5 1.1
      vertex 6.62481 67.8785 1.1
    endloop
  endfacet
  facet normal 0.195077 0.980788 -0
    outer loop
      vertex 9.12147 64.6248 0
      vertex 8.74942 64.6988 1.1
      vertex 9.12147 64.6248 1.1
    endloop
  endfacet
  facet normal 0.195077 0.980788 0
    outer loop
      vertex 8.74942 64.6988 1.1
      vertex 9.12147 64.6248 0
      vertex 8.74942 64.6988 0
    endloop
  endfacet
  facet normal -0.555673 0.831401 0
    outer loop
      vertex 11.2654 65.1993 0
      vertex 10.95 64.9885 1.1
      vertex 11.2654 65.1993 1.1
    endloop
  endfacet
  facet normal -0.555673 0.831401 0
    outer loop
      vertex 10.95 64.9885 1.1
      vertex 11.2654 65.1993 0
      vertex 10.95 64.9885 0
    endloop
  endfacet
  facet normal 0.997859 0.0654079 0
    outer loop
      vertex 6.62481 67.1215 1.1
      vertex 6.6 67.5 0
      vertex 6.6 67.5 1.1
    endloop
  endfacet
  facet normal 0.997859 0.0654079 0
    outer loop
      vertex 6.6 67.5 0
      vertex 6.62481 67.1215 1.1
      vertex 6.62481 67.1215 0
    endloop
  endfacet
  facet normal -0.0653764 0.997861 0
    outer loop
      vertex 9.87853 64.6248 0
      vertex 9.5 64.6 1.1
      vertex 9.87853 64.6248 1.1
    endloop
  endfacet
  facet normal -0.0653764 0.997861 0
    outer loop
      vertex 9.5 64.6 1.1
      vertex 9.87853 64.6248 0
      vertex 9.5 64.6 0
    endloop
  endfacet
  facet normal 0.195077 -0.980788 0
    outer loop
      vertex 8.74942 70.3012 0
      vertex 9.12147 70.3752 1.1
      vertex 8.74942 70.3012 1.1
    endloop
  endfacet
  facet normal 0.195077 -0.980788 0
    outer loop
      vertex 9.12147 70.3752 1.1
      vertex 8.74942 70.3012 0
      vertex 9.12147 70.3752 0
    endloop
  endfacet
  facet normal -0.442356 -0.896839 0
    outer loop
      vertex 10.6098 70.1793 0
      vertex 10.95 70.0115 1.1
      vertex 10.6098 70.1793 1.1
    endloop
  endfacet
  facet normal -0.442356 -0.896839 -0
    outer loop
      vertex 10.95 70.0115 1.1
      vertex 10.6098 70.1793 0
      vertex 10.95 70.0115 0
    endloop
  endfacet
  facet normal -0.321364 -0.946956 0
    outer loop
      vertex 10.2506 70.3012 0
      vertex 10.6098 70.1793 1.1
      vertex 10.2506 70.3012 1.1
    endloop
  endfacet
  facet normal -0.321364 -0.946956 -0
    outer loop
      vertex 10.6098 70.1793 1.1
      vertex 10.2506 70.3012 0
      vertex 10.6098 70.1793 0
    endloop
  endfacet
  facet normal -0.831401 0.555673 0
    outer loop
      vertex 11.8007 65.7346 0
      vertex 12.0115 66.05 1.1
      vertex 12.0115 66.05 0
    endloop
  endfacet
  facet normal -0.831401 0.555673 0
    outer loop
      vertex 12.0115 66.05 1.1
      vertex 11.8007 65.7346 0
      vertex 11.8007 65.7346 1.1
    endloop
  endfacet
  facet normal 0.946932 0.321435 0
    outer loop
      vertex 6.82075 66.3902 1.1
      vertex 6.69882 66.7494 0
      vertex 6.69882 66.7494 1.1
    endloop
  endfacet
  facet normal 0.946932 0.321435 0
    outer loop
      vertex 6.69882 66.7494 0
      vertex 6.82075 66.3902 1.1
      vertex 6.82075 66.3902 0
    endloop
  endfacet
  facet normal -0.946876 0.3216 0
    outer loop
      vertex 12.1792 66.3902 0
      vertex 12.3012 66.7494 1.1
      vertex 12.3012 66.7494 0
    endloop
  endfacet
  facet normal -0.946876 0.3216 0
    outer loop
      vertex 12.3012 66.7494 1.1
      vertex 12.1792 66.3902 0
      vertex 12.1792 66.3902 1.1
    endloop
  endfacet
  facet normal 0.555661 0.831409 -0
    outer loop
      vertex 8.05 64.9885 0
      vertex 7.73459 65.1993 1.1
      vertex 8.05 64.9885 1.1
    endloop
  endfacet
  facet normal 0.555661 0.831409 0
    outer loop
      vertex 7.73459 65.1993 1.1
      vertex 8.05 64.9885 0
      vertex 7.73459 65.1993 0
    endloop
  endfacet
  facet normal -0.195067 -0.98079 0
    outer loop
      vertex 9.87853 70.3752 0
      vertex 10.2506 70.3012 1.1
      vertex 9.87853 70.3752 1.1
    endloop
  endfacet
  facet normal -0.195067 -0.98079 -0
    outer loop
      vertex 10.2506 70.3012 1.1
      vertex 9.87853 70.3752 0
      vertex 10.2506 70.3012 0
    endloop
  endfacet
  facet normal 0.442335 -0.89685 0
    outer loop
      vertex 8.05 70.0115 0
      vertex 8.39022 70.1793 1.1
      vertex 8.05 70.0115 1.1
    endloop
  endfacet
  facet normal 0.442335 -0.89685 0
    outer loop
      vertex 8.39022 70.1793 1.1
      vertex 8.05 70.0115 0
      vertex 8.39022 70.1793 0
    endloop
  endfacet
  facet normal -0.751858 -0.659325 0
    outer loop
      vertex 11.8007 69.2654 0
      vertex 11.5506 69.5506 1.1
      vertex 11.5506 69.5506 0
    endloop
  endfacet
  facet normal -0.751858 -0.659325 0
    outer loop
      vertex 11.5506 69.5506 1.1
      vertex 11.8007 69.2654 0
      vertex 11.8007 69.2654 1.1
    endloop
  endfacet
  facet normal 0.831462 0.555582 0
    outer loop
      vertex 7.19928 65.7346 1.1
      vertex 6.98853 66.05 0
      vertex 6.98853 66.05 1.1
    endloop
  endfacet
  facet normal 0.831462 0.555582 0
    outer loop
      vertex 6.98853 66.05 0
      vertex 7.19928 65.7346 1.1
      vertex 7.19928 65.7346 0
    endloop
  endfacet
  facet normal 0.89686 -0.442314 0
    outer loop
      vertex 6.82075 68.6098 1.1
      vertex 6.98853 68.95 0
      vertex 6.98853 68.95 1.1
    endloop
  endfacet
  facet normal 0.89686 -0.442314 0
    outer loop
      vertex 6.98853 68.95 0
      vertex 6.82075 68.6098 1.1
      vertex 6.82075 68.6098 0
    endloop
  endfacet
  facet normal 0.980788 0.195077 0
    outer loop
      vertex 6.69882 66.7494 1.1
      vertex 6.62481 67.1215 0
      vertex 6.62481 67.1215 1.1
    endloop
  endfacet
  facet normal 0.980788 0.195077 0
    outer loop
      vertex 6.62481 67.1215 0
      vertex 6.69882 66.7494 1.1
      vertex 6.69882 66.7494 0
    endloop
  endfacet
  facet normal 0.980788 -0.195077 0
    outer loop
      vertex 6.62481 67.8785 1.1
      vertex 6.69882 68.2506 0
      vertex 6.69882 68.2506 1.1
    endloop
  endfacet
  facet normal 0.980788 -0.195077 0
    outer loop
      vertex 6.69882 68.2506 0
      vertex 6.62481 67.8785 1.1
      vertex 6.62481 67.8785 0
    endloop
  endfacet
  facet normal -0.896944 0.442144 0
    outer loop
      vertex 12.0115 66.05 0
      vertex 12.1792 66.3902 1.1
      vertex 12.1792 66.3902 0
    endloop
  endfacet
  facet normal -0.896944 0.442144 0
    outer loop
      vertex 12.1792 66.3902 1.1
      vertex 12.0115 66.05 0
      vertex 12.0115 66.05 1.1
    endloop
  endfacet
  facet normal 0.659325 0.751858 -0
    outer loop
      vertex 7.73459 65.1993 0
      vertex 7.44939 65.4494 1.1
      vertex 7.73459 65.1993 1.1
    endloop
  endfacet
  facet normal 0.659325 0.751858 0
    outer loop
      vertex 7.44939 65.4494 1.1
      vertex 7.73459 65.1993 0
      vertex 7.44939 65.4494 0
    endloop
  endfacet
  facet normal 0.751845 -0.65934 0
    outer loop
      vertex 7.19928 69.2654 1.1
      vertex 7.44939 69.5506 0
      vertex 7.44939 69.5506 1.1
    endloop
  endfacet
  facet normal 0.751845 -0.65934 0
    outer loop
      vertex 7.44939 69.5506 0
      vertex 7.19928 69.2654 1.1
      vertex 7.19928 69.2654 0
    endloop
  endfacet
  facet normal -0.1951 -0.980783 0
    outer loop
      vertex 9.80021 69.7803 1.1
      vertex 10.0953 69.7216 4
      vertex 9.80021 69.7803 4
    endloop
  endfacet
  facet normal -0.1951 -0.980783 -0
    outer loop
      vertex 10.0953 69.7216 4
      vertex 9.80021 69.7803 1.1
      vertex 10.0953 69.7216 1.1
    endloop
  endfacet
  facet normal -0.980785 -0.195093 0
    outer loop
      vertex 11.7803 67.8002 1.1
      vertex 11.7216 68.0953 4
      vertex 11.7216 68.0953 1.1
    endloop
  endfacet
  facet normal -0.980785 -0.195093 0
    outer loop
      vertex 11.7216 68.0953 4
      vertex 11.7803 67.8002 1.1
      vertex 11.7803 67.8002 4
    endloop
  endfacet
  facet normal -0.997854 -0.0654821 0
    outer loop
      vertex 11.8 67.5 1.1
      vertex 11.7803 67.8002 4
      vertex 11.7803 67.8002 1.1
    endloop
  endfacet
  facet normal -0.997854 -0.0654821 0
    outer loop
      vertex 11.7803 67.8002 4
      vertex 11.8 67.5 1.1
      vertex 11.8 67.5 4
    endloop
  endfacet
  facet normal -0.946941 -0.321408 0
    outer loop
      vertex 11.7216 68.0953 1.1
      vertex 11.6249 68.3802 4
      vertex 11.6249 68.3802 1.1
    endloop
  endfacet
  facet normal -0.946941 -0.321408 0
    outer loop
      vertex 11.6249 68.3802 4
      vertex 11.7216 68.0953 1.1
      vertex 11.7216 68.0953 4
    endloop
  endfacet
  facet normal -0.831436 -0.55562 0
    outer loop
      vertex 11.4919 68.65 1.1
      vertex 11.3247 68.9002 4
      vertex 11.3247 68.9002 1.1
    endloop
  endfacet
  facet normal -0.831436 -0.55562 0
    outer loop
      vertex 11.3247 68.9002 4
      vertex 11.4919 68.65 1.1
      vertex 11.4919 68.65 4
    endloop
  endfacet
  facet normal -0.321408 -0.946941 0
    outer loop
      vertex 10.0953 69.7216 1.1
      vertex 10.3802 69.6249 4
      vertex 10.0953 69.7216 4
    endloop
  endfacet
  facet normal -0.321408 -0.946941 -0
    outer loop
      vertex 10.3802 69.6249 4
      vertex 10.0953 69.7216 1.1
      vertex 10.3802 69.6249 1.1
    endloop
  endfacet
  facet normal 0.980791 0.195061 0
    outer loop
      vertex 7.27837 66.9047 4
      vertex 7.21968 67.1998 1.1
      vertex 7.21968 67.1998 4
    endloop
  endfacet
  facet normal 0.980791 0.195061 0
    outer loop
      vertex 7.21968 67.1998 1.1
      vertex 7.27837 66.9047 4
      vertex 7.27837 66.9047 1.1
    endloop
  endfacet
  facet normal -0.997854 0.0654821 0
    outer loop
      vertex 11.7803 67.1998 1.1
      vertex 11.8 67.5 4
      vertex 11.8 67.5 1.1
    endloop
  endfacet
  facet normal -0.997854 0.0654821 0
    outer loop
      vertex 11.8 67.5 4
      vertex 11.7803 67.1998 1.1
      vertex 11.7803 67.1998 4
    endloop
  endfacet
  facet normal 0.555697 0.831385 -0
    outer loop
      vertex 8.35 65.5081 1.1
      vertex 8.09985 65.6753 4
      vertex 8.35 65.5081 4
    endloop
  endfacet
  facet normal 0.555697 0.831385 0
    outer loop
      vertex 8.09985 65.6753 4
      vertex 8.35 65.5081 1.1
      vertex 8.09985 65.6753 1.1
    endloop
  endfacet
  facet normal 0.997858 0.0654159 0
    outer loop
      vertex 7.21968 67.1998 4
      vertex 7.2 67.5 1.1
      vertex 7.2 67.5 4
    endloop
  endfacet
  facet normal 0.997858 0.0654159 0
    outer loop
      vertex 7.2 67.5 1.1
      vertex 7.21968 67.1998 4
      vertex 7.21968 67.1998 1.1
    endloop
  endfacet
  facet normal 0.321418 0.946937 -0
    outer loop
      vertex 8.90472 65.2784 1.1
      vertex 8.61983 65.3751 4
      vertex 8.90472 65.2784 4
    endloop
  endfacet
  facet normal 0.321418 0.946937 0
    outer loop
      vertex 8.61983 65.3751 4
      vertex 8.90472 65.2784 1.1
      vertex 8.61983 65.3751 1.1
    endloop
  endfacet
  facet normal -0.89694 -0.442153 0
    outer loop
      vertex 11.6249 68.3802 1.1
      vertex 11.4919 68.65 4
      vertex 11.4919 68.65 1.1
    endloop
  endfacet
  facet normal -0.89694 -0.442153 0
    outer loop
      vertex 11.4919 68.65 4
      vertex 11.6249 68.3802 1.1
      vertex 11.6249 68.3802 4
    endloop
  endfacet
  facet normal -0.751649 -0.659563 0
    outer loop
      vertex 11.3247 68.9002 1.1
      vertex 11.1263 69.1263 4
      vertex 11.1263 69.1263 1.1
    endloop
  endfacet
  facet normal -0.751649 -0.659563 0
    outer loop
      vertex 11.1263 69.1263 4
      vertex 11.3247 68.9002 1.1
      vertex 11.3247 68.9002 4
    endloop
  endfacet
  facet normal -0.946941 0.321408 0
    outer loop
      vertex 11.6249 66.6198 1.1
      vertex 11.7216 66.9047 4
      vertex 11.7216 66.9047 1.1
    endloop
  endfacet
  facet normal -0.946941 0.321408 0
    outer loop
      vertex 11.7216 66.9047 4
      vertex 11.6249 66.6198 1.1
      vertex 11.6249 66.6198 4
    endloop
  endfacet
  facet normal 0.751699 0.659507 0
    outer loop
      vertex 7.87366 65.8737 4
      vertex 7.67529 66.0998 1.1
      vertex 7.67529 66.0998 4
    endloop
  endfacet
  facet normal 0.751699 0.659507 0
    outer loop
      vertex 7.67529 66.0998 1.1
      vertex 7.87366 65.8737 4
      vertex 7.87366 65.8737 1.1
    endloop
  endfacet
  facet normal -0.980785 0.195093 0
    outer loop
      vertex 11.7216 66.9047 1.1
      vertex 11.7803 67.1998 4
      vertex 11.7803 67.1998 1.1
    endloop
  endfacet
  facet normal -0.980785 0.195093 0
    outer loop
      vertex 11.7803 67.1998 4
      vertex 11.7216 66.9047 1.1
      vertex 11.7216 66.9047 4
    endloop
  endfacet
  facet normal -0.0654799 0.997854 0
    outer loop
      vertex 9.80021 65.2197 1.1
      vertex 9.5 65.2 4
      vertex 9.80021 65.2197 4
    endloop
  endfacet
  facet normal -0.0654799 0.997854 0
    outer loop
      vertex 9.5 65.2 4
      vertex 9.80021 65.2197 1.1
      vertex 9.5 65.2 1.1
    endloop
  endfacet
  facet normal 0.946931 0.321438 0
    outer loop
      vertex 7.37508 66.6198 4
      vertex 7.27837 66.9047 1.1
      vertex 7.27837 66.9047 4
    endloop
  endfacet
  facet normal 0.946931 0.321438 0
    outer loop
      vertex 7.27837 66.9047 1.1
      vertex 7.37508 66.6198 4
      vertex 7.37508 66.6198 1.1
    endloop
  endfacet
  facet normal -0.831436 0.55562 0
    outer loop
      vertex 11.3247 66.0998 1.1
      vertex 11.4919 66.35 4
      vertex 11.4919 66.35 1.1
    endloop
  endfacet
  facet normal -0.831436 0.55562 0
    outer loop
      vertex 11.4919 66.35 4
      vertex 11.3247 66.0998 1.1
      vertex 11.3247 66.0998 4
    endloop
  endfacet
  facet normal -0.442153 -0.89694 0
    outer loop
      vertex 10.3802 69.6249 1.1
      vertex 10.65 69.4919 4
      vertex 10.3802 69.6249 4
    endloop
  endfacet
  facet normal -0.442153 -0.89694 -0
    outer loop
      vertex 10.65 69.4919 4
      vertex 10.3802 69.6249 1.1
      vertex 10.65 69.4919 1.1
    endloop
  endfacet
  facet normal 0.442114 -0.896959 0
    outer loop
      vertex 8.35 69.4919 1.1
      vertex 8.61983 69.6249 4
      vertex 8.35 69.4919 4
    endloop
  endfacet
  facet normal 0.442114 -0.896959 0
    outer loop
      vertex 8.61983 69.6249 4
      vertex 8.35 69.4919 1.1
      vertex 8.61983 69.6249 1.1
    endloop
  endfacet
  facet normal -0.442153 0.89694 0
    outer loop
      vertex 10.65 65.5081 1.1
      vertex 10.3802 65.3751 4
      vertex 10.65 65.5081 4
    endloop
  endfacet
  facet normal -0.442153 0.89694 0
    outer loop
      vertex 10.3802 65.3751 4
      vertex 10.65 65.5081 1.1
      vertex 10.3802 65.3751 1.1
    endloop
  endfacet
  facet normal -0.321408 0.946941 0
    outer loop
      vertex 10.3802 65.3751 1.1
      vertex 10.0953 65.2784 4
      vertex 10.3802 65.3751 4
    endloop
  endfacet
  facet normal -0.321408 0.946941 0
    outer loop
      vertex 10.0953 65.2784 4
      vertex 10.3802 65.3751 1.1
      vertex 10.0953 65.2784 1.1
    endloop
  endfacet
  facet normal 0.195112 0.980781 -0
    outer loop
      vertex 9.19979 65.2197 1.1
      vertex 8.90472 65.2784 4
      vertex 9.19979 65.2197 4
    endloop
  endfacet
  facet normal 0.195112 0.980781 0
    outer loop
      vertex 8.90472 65.2784 4
      vertex 9.19979 65.2197 1.1
      vertex 8.90472 65.2784 1.1
    endloop
  endfacet
  facet normal 0.946931 -0.321438 0
    outer loop
      vertex 7.27837 68.0953 4
      vertex 7.37508 68.3802 1.1
      vertex 7.37508 68.3802 4
    endloop
  endfacet
  facet normal 0.946931 -0.321438 0
    outer loop
      vertex 7.37508 68.3802 1.1
      vertex 7.27837 68.0953 4
      vertex 7.27837 68.0953 1.1
    endloop
  endfacet
  facet normal 0.195112 -0.980781 0
    outer loop
      vertex 8.90472 69.7216 1.1
      vertex 9.19979 69.7803 4
      vertex 8.90472 69.7216 4
    endloop
  endfacet
  facet normal 0.195112 -0.980781 0
    outer loop
      vertex 9.19979 69.7803 4
      vertex 8.90472 69.7216 1.1
      vertex 9.19979 69.7803 1.1
    endloop
  endfacet
  facet normal 0.555697 -0.831385 0
    outer loop
      vertex 8.09985 69.3247 1.1
      vertex 8.35 69.4919 4
      vertex 8.09985 69.3247 4
    endloop
  endfacet
  facet normal 0.555697 -0.831385 0
    outer loop
      vertex 8.35 69.4919 4
      vertex 8.09985 69.3247 1.1
      vertex 8.35 69.4919 1.1
    endloop
  endfacet
  facet normal -0.55562 0.831436 0
    outer loop
      vertex 10.9002 65.6753 1.1
      vertex 10.65 65.5081 4
      vertex 10.9002 65.6753 4
    endloop
  endfacet
  facet normal -0.55562 0.831436 0
    outer loop
      vertex 10.65 65.5081 4
      vertex 10.9002 65.6753 1.1
      vertex 10.65 65.5081 1.1
    endloop
  endfacet
  facet normal -0.1951 0.980783 0
    outer loop
      vertex 10.0953 65.2784 1.1
      vertex 9.80021 65.2197 4
      vertex 10.0953 65.2784 4
    endloop
  endfacet
  facet normal -0.1951 0.980783 0
    outer loop
      vertex 9.80021 65.2197 4
      vertex 10.0953 65.2784 1.1
      vertex 9.80021 65.2197 1.1
    endloop
  endfacet
  facet normal 0.89686 -0.442314 0
    outer loop
      vertex 7.37508 68.3802 4
      vertex 7.50814 68.65 1.1
      vertex 7.50814 68.65 4
    endloop
  endfacet
  facet normal 0.89686 -0.442314 0
    outer loop
      vertex 7.50814 68.65 1.1
      vertex 7.37508 68.3802 4
      vertex 7.37508 68.3802 1.1
    endloop
  endfacet
  facet normal 0.831513 -0.555505 0
    outer loop
      vertex 7.50814 68.65 4
      vertex 7.67529 68.9002 1.1
      vertex 7.67529 68.9002 4
    endloop
  endfacet
  facet normal 0.831513 -0.555505 0
    outer loop
      vertex 7.67529 68.9002 1.1
      vertex 7.50814 68.65 4
      vertex 7.50814 68.65 1.1
    endloop
  endfacet
  facet normal 0.0654799 0.997854 -0
    outer loop
      vertex 9.5 65.2 1.1
      vertex 9.19979 65.2197 4
      vertex 9.5 65.2 4
    endloop
  endfacet
  facet normal 0.0654799 0.997854 0
    outer loop
      vertex 9.19979 65.2197 4
      vertex 9.5 65.2 1.1
      vertex 9.19979 65.2197 1.1
    endloop
  endfacet
  facet normal 0.659415 -0.751779 0
    outer loop
      vertex 7.87366 69.1263 1.1
      vertex 8.09985 69.3247 4
      vertex 7.87366 69.1263 4
    endloop
  endfacet
  facet normal 0.659415 -0.751779 0
    outer loop
      vertex 8.09985 69.3247 4
      vertex 7.87366 69.1263 1.1
      vertex 8.09985 69.3247 1.1
    endloop
  endfacet
  facet normal 0.659415 0.751779 -0
    outer loop
      vertex 8.09985 65.6753 1.1
      vertex 7.87366 65.8737 4
      vertex 8.09985 65.6753 4
    endloop
  endfacet
  facet normal 0.659415 0.751779 0
    outer loop
      vertex 7.87366 65.8737 4
      vertex 8.09985 65.6753 1.1
      vertex 7.87366 65.8737 1.1
    endloop
  endfacet
  facet normal 0.751699 -0.659507 0
    outer loop
      vertex 7.67529 68.9002 4
      vertex 7.87366 69.1263 1.1
      vertex 7.87366 69.1263 4
    endloop
  endfacet
  facet normal 0.751699 -0.659507 0
    outer loop
      vertex 7.87366 69.1263 1.1
      vertex 7.67529 68.9002 4
      vertex 7.67529 68.9002 1.1
    endloop
  endfacet
  facet normal -0.751649 0.659563 0
    outer loop
      vertex 11.1263 65.8737 1.1
      vertex 11.3247 66.0998 4
      vertex 11.3247 66.0998 1.1
    endloop
  endfacet
  facet normal -0.751649 0.659563 0
    outer loop
      vertex 11.3247 66.0998 4
      vertex 11.1263 65.8737 1.1
      vertex 11.1263 65.8737 4
    endloop
  endfacet
  facet normal -0.89694 0.442153 0
    outer loop
      vertex 11.4919 66.35 1.1
      vertex 11.6249 66.6198 4
      vertex 11.6249 66.6198 1.1
    endloop
  endfacet
  facet normal -0.89694 0.442153 0
    outer loop
      vertex 11.6249 66.6198 4
      vertex 11.4919 66.35 1.1
      vertex 11.4919 66.35 4
    endloop
  endfacet
  facet normal 0.980791 -0.195061 0
    outer loop
      vertex 7.21968 67.8002 4
      vertex 7.27837 68.0953 1.1
      vertex 7.27837 68.0953 4
    endloop
  endfacet
  facet normal 0.980791 -0.195061 0
    outer loop
      vertex 7.27837 68.0953 1.1
      vertex 7.21968 67.8002 4
      vertex 7.21968 67.8002 1.1
    endloop
  endfacet
  facet normal -0.0654799 -0.997854 0
    outer loop
      vertex 9.5 69.8 1.1
      vertex 9.80021 69.7803 4
      vertex 9.5 69.8 4
    endloop
  endfacet
  facet normal -0.0654799 -0.997854 -0
    outer loop
      vertex 9.80021 69.7803 4
      vertex 9.5 69.8 1.1
      vertex 9.80021 69.7803 1.1
    endloop
  endfacet
  facet normal -0.55562 -0.831436 0
    outer loop
      vertex 10.65 69.4919 1.1
      vertex 10.9002 69.3247 4
      vertex 10.65 69.4919 4
    endloop
  endfacet
  facet normal -0.55562 -0.831436 -0
    outer loop
      vertex 10.9002 69.3247 4
      vertex 10.65 69.4919 1.1
      vertex 10.9002 69.3247 1.1
    endloop
  endfacet
  facet normal 0.321418 -0.946937 0
    outer loop
      vertex 8.61983 69.6249 1.1
      vertex 8.90472 69.7216 4
      vertex 8.61983 69.6249 4
    endloop
  endfacet
  facet normal 0.321418 -0.946937 0
    outer loop
      vertex 8.90472 69.7216 4
      vertex 8.61983 69.6249 1.1
      vertex 8.90472 69.7216 1.1
    endloop
  endfacet
  facet normal 0.0654799 -0.997854 0
    outer loop
      vertex 9.19979 69.7803 1.1
      vertex 9.5 69.8 4
      vertex 9.19979 69.7803 4
    endloop
  endfacet
  facet normal 0.0654799 -0.997854 0
    outer loop
      vertex 9.5 69.8 4
      vertex 9.19979 69.7803 1.1
      vertex 9.5 69.8 1.1
    endloop
  endfacet
  facet normal 0.997858 -0.0654159 0
    outer loop
      vertex 7.2 67.5 4
      vertex 7.21968 67.8002 1.1
      vertex 7.21968 67.8002 4
    endloop
  endfacet
  facet normal 0.997858 -0.0654159 0
    outer loop
      vertex 7.21968 67.8002 1.1
      vertex 7.2 67.5 4
      vertex 7.2 67.5 1.1
    endloop
  endfacet
  facet normal -0.659563 -0.751649 0
    outer loop
      vertex 10.9002 69.3247 1.1
      vertex 11.1263 69.1263 4
      vertex 10.9002 69.3247 4
    endloop
  endfacet
  facet normal -0.659563 -0.751649 -0
    outer loop
      vertex 11.1263 69.1263 4
      vertex 10.9002 69.3247 1.1
      vertex 11.1263 69.1263 1.1
    endloop
  endfacet
  facet normal 0.89686 0.442314 0
    outer loop
      vertex 7.50814 66.35 4
      vertex 7.37508 66.6198 1.1
      vertex 7.37508 66.6198 4
    endloop
  endfacet
  facet normal 0.89686 0.442314 0
    outer loop
      vertex 7.37508 66.6198 1.1
      vertex 7.50814 66.35 4
      vertex 7.50814 66.35 1.1
    endloop
  endfacet
  facet normal 0.442114 0.896959 -0
    outer loop
      vertex 8.61983 65.3751 1.1
      vertex 8.35 65.5081 4
      vertex 8.61983 65.3751 4
    endloop
  endfacet
  facet normal 0.442114 0.896959 0
    outer loop
      vertex 8.35 65.5081 4
      vertex 8.61983 65.3751 1.1
      vertex 8.35 65.5081 1.1
    endloop
  endfacet
  facet normal -0.659563 0.751649 0
    outer loop
      vertex 11.1263 65.8737 1.1
      vertex 10.9002 65.6753 4
      vertex 11.1263 65.8737 4
    endloop
  endfacet
  facet normal -0.659563 0.751649 0
    outer loop
      vertex 10.9002 65.6753 4
      vertex 11.1263 65.8737 1.1
      vertex 10.9002 65.6753 1.1
    endloop
  endfacet
  facet normal 0.831513 0.555505 0
    outer loop
      vertex 7.67529 66.0998 4
      vertex 7.50814 66.35 1.1
      vertex 7.50814 66.35 4
    endloop
  endfacet
  facet normal 0.831513 0.555505 0
    outer loop
      vertex 7.50814 66.35 1.1
      vertex 7.67529 66.0998 4
      vertex 7.67529 66.0998 1.1
    endloop
  endfacet
  facet normal 0.321498 0.94691 -0
    outer loop
      vertex 11.0307 94.1955 0
      vertex 10.5353 94.3637 4
      vertex 11.0307 94.1955 4
    endloop
  endfacet
  facet normal 0.321498 0.94691 0
    outer loop
      vertex 10.5353 94.3637 4
      vertex 11.0307 94.1955 0
      vertex 10.5353 94.3637 0
    endloop
  endfacet
  facet normal 0.980779 0.195124 0
    outer loop
      vertex 13.4658 91.0221 4
      vertex 13.3637 91.5353 0
      vertex 13.3637 91.5353 4
    endloop
  endfacet
  facet normal 0.980779 0.195124 0
    outer loop
      vertex 13.3637 91.5353 0
      vertex 13.4658 91.0221 4
      vertex 13.4658 91.0221 0
    endloop
  endfacet
  facet normal 0.997861 0.0653646 0
    outer loop
      vertex 13.5 90.5 4
      vertex 13.4658 91.0221 0
      vertex 13.4658 91.0221 4
    endloop
  endfacet
  facet normal 0.997861 0.0653646 0
    outer loop
      vertex 13.4658 91.0221 0
      vertex 13.5 90.5 4
      vertex 13.5 90.5 0
    endloop
  endfacet
  facet normal 0.94691 0.321498 0
    outer loop
      vertex 13.3637 91.5353 4
      vertex 13.1955 92.0307 0
      vertex 13.1955 92.0307 4
    endloop
  endfacet
  facet normal 0.94691 0.321498 0
    outer loop
      vertex 13.1955 92.0307 0
      vertex 13.3637 91.5353 4
      vertex 13.3637 91.5353 0
    endloop
  endfacet
  facet normal 0.442238 0.896898 -0
    outer loop
      vertex 11.5 93.9641 0
      vertex 11.0307 94.1955 4
      vertex 11.5 93.9641 4
    endloop
  endfacet
  facet normal 0.442238 0.896898 0
    outer loop
      vertex 11.0307 94.1955 4
      vertex 11.5 93.9641 0
      vertex 11.0307 94.1955 0
    endloop
  endfacet
  facet normal -0.997859 -0.0654027 0
    outer loop
      vertex 5.53422 89.9779 0
      vertex 5.5 90.5 4
      vertex 5.5 90.5 0
    endloop
  endfacet
  facet normal -0.997859 -0.0654027 0
    outer loop
      vertex 5.5 90.5 4
      vertex 5.53422 89.9779 0
      vertex 5.53422 89.9779 4
    endloop
  endfacet
  facet normal 0.896898 0.442238 0
    outer loop
      vertex 13.1955 92.0307 4
      vertex 12.9641 92.5 0
      vertex 12.9641 92.5 4
    endloop
  endfacet
  facet normal 0.896898 0.442238 0
    outer loop
      vertex 12.9641 92.5 0
      vertex 13.1955 92.0307 4
      vertex 13.1955 92.0307 0
    endloop
  endfacet
  facet normal 0.831432 0.555626 0
    outer loop
      vertex 12.9641 92.5 4
      vertex 12.6734 92.935 0
      vertex 12.6734 92.935 4
    endloop
  endfacet
  facet normal 0.831432 0.555626 0
    outer loop
      vertex 12.6734 92.935 0
      vertex 12.9641 92.5 4
      vertex 12.9641 92.5 0
    endloop
  endfacet
  facet normal 0.659343 0.751842 -0
    outer loop
      vertex 12.3284 93.3284 0
      vertex 11.935 93.6734 4
      vertex 12.3284 93.3284 4
    endloop
  endfacet
  facet normal 0.659343 0.751842 0
    outer loop
      vertex 11.935 93.6734 4
      vertex 12.3284 93.3284 0
      vertex 11.935 93.6734 0
    endloop
  endfacet
  facet normal -0.659362 0.751826 0
    outer loop
      vertex 7.06495 93.6734 0
      vertex 6.67157 93.3284 4
      vertex 7.06495 93.6734 4
    endloop
  endfacet
  facet normal -0.659362 0.751826 0
    outer loop
      vertex 6.67157 93.3284 4
      vertex 7.06495 93.6734 0
      vertex 6.67157 93.3284 0
    endloop
  endfacet
  facet normal 0.751842 0.659343 0
    outer loop
      vertex 12.6734 92.935 4
      vertex 12.3284 93.3284 0
      vertex 12.3284 93.3284 4
    endloop
  endfacet
  facet normal 0.751842 0.659343 0
    outer loop
      vertex 12.3284 93.3284 0
      vertex 12.6734 92.935 4
      vertex 12.6734 92.935 0
    endloop
  endfacet
  facet normal -0.980786 0.195087 0
    outer loop
      vertex 5.53422 91.0221 0
      vertex 5.6363 91.5353 4
      vertex 5.6363 91.5353 0
    endloop
  endfacet
  facet normal -0.980786 0.195087 0
    outer loop
      vertex 5.6363 91.5353 4
      vertex 5.53422 91.0221 0
      vertex 5.53422 91.0221 4
    endloop
  endfacet
  facet normal -0.997859 0.0654027 0
    outer loop
      vertex 5.5 90.5 0
      vertex 5.53422 91.0221 4
      vertex 5.53422 91.0221 0
    endloop
  endfacet
  facet normal -0.997859 0.0654027 0
    outer loop
      vertex 5.53422 91.0221 4
      vertex 5.5 90.5 0
      vertex 5.5 90.5 4
    endloop
  endfacet
  facet normal -0.751861 -0.659321 0
    outer loop
      vertex 6.67157 87.6716 0
      vertex 6.32659 88.065 4
      vertex 6.32659 88.065 0
    endloop
  endfacet
  facet normal -0.751861 -0.659321 0
    outer loop
      vertex 6.32659 88.065 4
      vertex 6.67157 87.6716 0
      vertex 6.67157 87.6716 4
    endloop
  endfacet
  facet normal 0.555626 0.831432 -0
    outer loop
      vertex 11.935 93.6734 0
      vertex 11.5 93.9641 4
      vertex 11.935 93.6734 4
    endloop
  endfacet
  facet normal 0.555626 0.831432 0
    outer loop
      vertex 11.5 93.9641 4
      vertex 11.935 93.6734 0
      vertex 11.5 93.9641 0
    endloop
  endfacet
  facet normal 0.195124 -0.980779 0
    outer loop
      vertex 10.0221 86.5342 0
      vertex 10.5353 86.6363 4
      vertex 10.0221 86.5342 4
    endloop
  endfacet
  facet normal 0.195124 -0.980779 0
    outer loop
      vertex 10.5353 86.6363 4
      vertex 10.0221 86.5342 0
      vertex 10.5353 86.6363 0
    endloop
  endfacet
  facet normal -0.44226 0.896887 0
    outer loop
      vertex 7.96927 94.1955 0
      vertex 7.5 93.9641 4
      vertex 7.96927 94.1955 4
    endloop
  endfacet
  facet normal -0.44226 0.896887 0
    outer loop
      vertex 7.5 93.9641 4
      vertex 7.96927 94.1955 0
      vertex 7.5 93.9641 0
    endloop
  endfacet
  facet normal -0.321469 -0.94692 0
    outer loop
      vertex 7.96927 86.8045 0
      vertex 8.46472 86.6363 4
      vertex 7.96927 86.8045 4
    endloop
  endfacet
  facet normal -0.321469 -0.94692 -0
    outer loop
      vertex 8.46472 86.6363 4
      vertex 7.96927 86.8045 0
      vertex 8.46472 86.6363 0
    endloop
  endfacet
  facet normal 0.980779 -0.195124 0
    outer loop
      vertex 13.3637 89.4647 4
      vertex 13.4658 89.9779 0
      vertex 13.4658 89.9779 4
    endloop
  endfacet
  facet normal 0.980779 -0.195124 0
    outer loop
      vertex 13.4658 89.9779 0
      vertex 13.3637 89.4647 4
      vertex 13.3637 89.4647 0
    endloop
  endfacet
  facet normal -0.751861 0.659321 0
    outer loop
      vertex 6.32659 92.935 0
      vertex 6.67157 93.3284 4
      vertex 6.67157 93.3284 0
    endloop
  endfacet
  facet normal -0.751861 0.659321 0
    outer loop
      vertex 6.67157 93.3284 4
      vertex 6.32659 92.935 0
      vertex 6.32659 92.935 4
    endloop
  endfacet
  facet normal 0.831432 -0.555626 0
    outer loop
      vertex 12.6734 88.065 4
      vertex 12.9641 88.5 0
      vertex 12.9641 88.5 4
    endloop
  endfacet
  facet normal 0.831432 -0.555626 0
    outer loop
      vertex 12.9641 88.5 0
      vertex 12.6734 88.065 4
      vertex 12.6734 88.065 0
    endloop
  endfacet
  facet normal -0.321469 0.94692 0
    outer loop
      vertex 8.46472 94.3637 0
      vertex 7.96927 94.1955 4
      vertex 8.46472 94.3637 4
    endloop
  endfacet
  facet normal -0.321469 0.94692 0
    outer loop
      vertex 7.96927 94.1955 4
      vertex 8.46472 94.3637 0
      vertex 7.96927 94.1955 0
    endloop
  endfacet
  facet normal -0.980786 -0.195087 0
    outer loop
      vertex 5.6363 89.4647 0
      vertex 5.53422 89.9779 4
      vertex 5.53422 89.9779 0
    endloop
  endfacet
  facet normal -0.980786 -0.195087 0
    outer loop
      vertex 5.53422 89.9779 4
      vertex 5.6363 89.4647 0
      vertex 5.6363 89.4647 4
    endloop
  endfacet
  facet normal -0.195131 -0.980777 0
    outer loop
      vertex 8.46472 86.6363 0
      vertex 8.9779 86.5342 4
      vertex 8.46472 86.6363 4
    endloop
  endfacet
  facet normal -0.195131 -0.980777 -0
    outer loop
      vertex 8.9779 86.5342 4
      vertex 8.46472 86.6363 0
      vertex 8.9779 86.5342 0
    endloop
  endfacet
  facet normal 0.94691 -0.321498 0
    outer loop
      vertex 13.1955 88.9693 4
      vertex 13.3637 89.4647 0
      vertex 13.3637 89.4647 4
    endloop
  endfacet
  facet normal 0.94691 -0.321498 0
    outer loop
      vertex 13.3637 89.4647 0
      vertex 13.1955 88.9693 4
      vertex 13.1955 88.9693 0
    endloop
  endfacet
  facet normal 0.0653646 -0.997861 0
    outer loop
      vertex 9.5 86.5 0
      vertex 10.0221 86.5342 4
      vertex 9.5 86.5 4
    endloop
  endfacet
  facet normal 0.0653646 -0.997861 0
    outer loop
      vertex 10.0221 86.5342 4
      vertex 9.5 86.5 0
      vertex 10.0221 86.5342 0
    endloop
  endfacet
  facet normal 0.751842 -0.659343 0
    outer loop
      vertex 12.3284 87.6716 4
      vertex 12.6734 88.065 0
      vertex 12.6734 88.065 4
    endloop
  endfacet
  facet normal 0.751842 -0.659343 0
    outer loop
      vertex 12.6734 88.065 0
      vertex 12.3284 87.6716 4
      vertex 12.3284 87.6716 0
    endloop
  endfacet
  facet normal -0.0653646 0.997861 0
    outer loop
      vertex 9.5 94.5 0
      vertex 8.9779 94.4658 4
      vertex 9.5 94.5 4
    endloop
  endfacet
  facet normal -0.0653646 0.997861 0
    outer loop
      vertex 8.9779 94.4658 4
      vertex 9.5 94.5 0
      vertex 8.9779 94.4658 0
    endloop
  endfacet
  facet normal 0.555626 -0.831432 0
    outer loop
      vertex 11.5 87.0359 0
      vertex 11.935 87.3266 4
      vertex 11.5 87.0359 4
    endloop
  endfacet
  facet normal 0.555626 -0.831432 0
    outer loop
      vertex 11.935 87.3266 4
      vertex 11.5 87.0359 0
      vertex 11.935 87.3266 0
    endloop
  endfacet
  facet normal -0.659362 -0.751826 0
    outer loop
      vertex 6.67157 87.6716 0
      vertex 7.06495 87.3266 4
      vertex 6.67157 87.6716 4
    endloop
  endfacet
  facet normal -0.659362 -0.751826 -0
    outer loop
      vertex 7.06495 87.3266 4
      vertex 6.67157 87.6716 0
      vertex 7.06495 87.3266 0
    endloop
  endfacet
  facet normal -0.555582 -0.831462 0
    outer loop
      vertex 7.06495 87.3266 0
      vertex 7.5 87.0359 4
      vertex 7.06495 87.3266 4
    endloop
  endfacet
  facet normal -0.555582 -0.831462 -0
    outer loop
      vertex 7.5 87.0359 4
      vertex 7.06495 87.3266 0
      vertex 7.5 87.0359 0
    endloop
  endfacet
  facet normal -0.896883 0.442268 0
    outer loop
      vertex 5.80448 92.0307 0
      vertex 6.0359 92.5 4
      vertex 6.0359 92.5 0
    endloop
  endfacet
  facet normal -0.896883 0.442268 0
    outer loop
      vertex 6.0359 92.5 4
      vertex 5.80448 92.0307 0
      vertex 5.80448 92.0307 4
    endloop
  endfacet
  facet normal 0.0653646 0.997861 -0
    outer loop
      vertex 10.0221 94.4658 0
      vertex 9.5 94.5 4
      vertex 10.0221 94.4658 4
    endloop
  endfacet
  facet normal 0.0653646 0.997861 0
    outer loop
      vertex 9.5 94.5 4
      vertex 10.0221 94.4658 0
      vertex 9.5 94.5 0
    endloop
  endfacet
  facet normal 0.997861 -0.0653646 0
    outer loop
      vertex 13.4658 89.9779 4
      vertex 13.5 90.5 0
      vertex 13.5 90.5 4
    endloop
  endfacet
  facet normal 0.997861 -0.0653646 0
    outer loop
      vertex 13.5 90.5 0
      vertex 13.4658 89.9779 4
      vertex 13.4658 89.9779 0
    endloop
  endfacet
  facet normal -0.195131 0.980777 0
    outer loop
      vertex 8.9779 94.4658 0
      vertex 8.46472 94.3637 4
      vertex 8.9779 94.4658 4
    endloop
  endfacet
  facet normal -0.195131 0.980777 0
    outer loop
      vertex 8.46472 94.3637 4
      vertex 8.9779 94.4658 0
      vertex 8.46472 94.3637 0
    endloop
  endfacet
  facet normal -0.555582 0.831462 0
    outer loop
      vertex 7.5 93.9641 0
      vertex 7.06495 93.6734 4
      vertex 7.5 93.9641 4
    endloop
  endfacet
  facet normal -0.555582 0.831462 0
    outer loop
      vertex 7.06495 93.6734 4
      vertex 7.5 93.9641 0
      vertex 7.06495 93.6734 0
    endloop
  endfacet
  facet normal -0.0653646 -0.997861 0
    outer loop
      vertex 8.9779 86.5342 0
      vertex 9.5 86.5 4
      vertex 8.9779 86.5342 4
    endloop
  endfacet
  facet normal -0.0653646 -0.997861 -0
    outer loop
      vertex 9.5 86.5 4
      vertex 8.9779 86.5342 0
      vertex 9.5 86.5 0
    endloop
  endfacet
  facet normal 0.896898 -0.442238 0
    outer loop
      vertex 12.9641 88.5 4
      vertex 13.1955 88.9693 0
      vertex 13.1955 88.9693 4
    endloop
  endfacet
  facet normal 0.896898 -0.442238 0
    outer loop
      vertex 13.1955 88.9693 0
      vertex 12.9641 88.5 4
      vertex 12.9641 88.5 0
    endloop
  endfacet
  facet normal -0.946922 0.321464 0
    outer loop
      vertex 5.6363 91.5353 0
      vertex 5.80448 92.0307 4
      vertex 5.80448 92.0307 0
    endloop
  endfacet
  facet normal -0.946922 0.321464 0
    outer loop
      vertex 5.80448 92.0307 4
      vertex 5.6363 91.5353 0
      vertex 5.6363 91.5353 4
    endloop
  endfacet
  facet normal -0.946922 -0.321464 0
    outer loop
      vertex 5.80448 88.9693 0
      vertex 5.6363 89.4647 4
      vertex 5.6363 89.4647 0
    endloop
  endfacet
  facet normal -0.946922 -0.321464 0
    outer loop
      vertex 5.6363 89.4647 4
      vertex 5.80448 88.9693 0
      vertex 5.80448 88.9693 4
    endloop
  endfacet
  facet normal -0.831441 0.555613 0
    outer loop
      vertex 6.0359 92.5 0
      vertex 6.32659 92.935 4
      vertex 6.32659 92.935 0
    endloop
  endfacet
  facet normal -0.831441 0.555613 0
    outer loop
      vertex 6.32659 92.935 4
      vertex 6.0359 92.5 0
      vertex 6.0359 92.5 4
    endloop
  endfacet
  facet normal 0.442238 -0.896898 0
    outer loop
      vertex 11.0307 86.8045 0
      vertex 11.5 87.0359 4
      vertex 11.0307 86.8045 4
    endloop
  endfacet
  facet normal 0.442238 -0.896898 0
    outer loop
      vertex 11.5 87.0359 4
      vertex 11.0307 86.8045 0
      vertex 11.5 87.0359 0
    endloop
  endfacet
  facet normal 0.321498 -0.94691 0
    outer loop
      vertex 10.5353 86.6363 0
      vertex 11.0307 86.8045 4
      vertex 10.5353 86.6363 4
    endloop
  endfacet
  facet normal 0.321498 -0.94691 0
    outer loop
      vertex 11.0307 86.8045 4
      vertex 10.5353 86.6363 0
      vertex 11.0307 86.8045 0
    endloop
  endfacet
  facet normal 0.659343 -0.751842 0
    outer loop
      vertex 11.935 87.3266 0
      vertex 12.3284 87.6716 4
      vertex 11.935 87.3266 4
    endloop
  endfacet
  facet normal 0.659343 -0.751842 0
    outer loop
      vertex 12.3284 87.6716 4
      vertex 11.935 87.3266 0
      vertex 12.3284 87.6716 0
    endloop
  endfacet
  facet normal -0.896883 -0.442268 0
    outer loop
      vertex 6.0359 88.5 0
      vertex 5.80448 88.9693 4
      vertex 5.80448 88.9693 0
    endloop
  endfacet
  facet normal -0.896883 -0.442268 0
    outer loop
      vertex 5.80448 88.9693 4
      vertex 6.0359 88.5 0
      vertex 6.0359 88.5 4
    endloop
  endfacet
  facet normal 0.195124 0.980779 -0
    outer loop
      vertex 10.5353 94.3637 0
      vertex 10.0221 94.4658 4
      vertex 10.5353 94.3637 4
    endloop
  endfacet
  facet normal 0.195124 0.980779 0
    outer loop
      vertex 10.0221 94.4658 4
      vertex 10.5353 94.3637 0
      vertex 10.0221 94.4658 0
    endloop
  endfacet
  facet normal -0.44226 -0.896887 0
    outer loop
      vertex 7.5 87.0359 0
      vertex 7.96927 86.8045 4
      vertex 7.5 87.0359 4
    endloop
  endfacet
  facet normal -0.44226 -0.896887 -0
    outer loop
      vertex 7.96927 86.8045 4
      vertex 7.5 87.0359 0
      vertex 7.96927 86.8045 0
    endloop
  endfacet
  facet normal -0.831441 -0.555613 0
    outer loop
      vertex 6.32659 88.065 0
      vertex 6.0359 88.5 4
      vertex 6.0359 88.5 0
    endloop
  endfacet
  facet normal -0.831441 -0.555613 0
    outer loop
      vertex 6.0359 88.5 4
      vertex 6.32659 88.065 0
      vertex 6.32659 88.065 4
    endloop
  endfacet
  facet normal 0 0 1
    outer loop
      vertex 11.8 90.5 4
      vertex 13.5 90.5 4
      vertex 13.4658 91.0221 4
    endloop
  endfacet
  facet normal 0 0 1
    outer loop
      vertex 11.7803 90.8002 4
      vertex 13.4658 91.0221 4
      vertex 13.3637 91.5353 4
    endloop
  endfacet
  facet normal 0 0 1
    outer loop
      vertex 13.5 90.5 4
      vertex 11.8 90.5 4
      vertex 13.4658 89.9779 4
    endloop
  endfacet
  facet normal 0 0 1
    outer loop
      vertex 11.7216 91.0953 4
      vertex 13.3637 91.5353 4
      vertex 13.1955 92.0307 4
    endloop
  endfacet
  facet normal -0 0 1
    outer loop
      vertex 11.7803 90.1998 4
      vertex 13.4658 89.9779 4
      vertex 11.8 90.5 4
    endloop
  endfacet
  facet normal 0 0 1
    outer loop
      vertex 11.6249 91.3802 4
      vertex 13.1955 92.0307 4
      vertex 12.9641 92.5 4
    endloop
  endfacet
  facet normal 0 0 1
    outer loop
      vertex 13.4658 89.9779 4
      vertex 11.7803 90.1998 4
      vertex 13.3637 89.4647 4
    endloop
  endfacet
  facet normal 0 0 1
    outer loop
      vertex 11.4919 91.65 4
      vertex 12.9641 92.5 4
      vertex 12.6734 92.935 4
    endloop
  endfacet
  facet normal -0 0 1
    outer loop
      vertex 11.7216 89.9047 4
      vertex 13.3637 89.4647 4
      vertex 11.7803 90.1998 4
    endloop
  endfacet
  facet normal 0 0 1
    outer loop
      vertex 11.3247 91.9002 4
      vertex 12.6734 92.935 4
      vertex 12.3284 93.3284 4
    endloop
  endfacet
  facet normal 0 0 1
    outer loop
      vertex 13.3637 89.4647 4
      vertex 11.7216 89.9047 4
      vertex 13.1955 88.9693 4
    endloop
  endfacet
  facet normal 0 0 1
    outer loop
      vertex 11.1263 92.1263 4
      vertex 12.3284 93.3284 4
      vertex 11.935 93.6734 4
    endloop
  endfacet
  facet normal -0 0 1
    outer loop
      vertex 11.6249 89.6198 4
      vertex 13.1955 88.9693 4
      vertex 11.7216 89.9047 4
    endloop
  endfacet
  facet normal 0 0 1
    outer loop
      vertex 13.1955 88.9693 4
      vertex 11.6249 89.6198 4
      vertex 12.9641 88.5 4
    endloop
  endfacet
  facet normal 0 0 1
    outer loop
      vertex 13.4658 91.0221 4
      vertex 11.7803 90.8002 4
      vertex 11.8 90.5 4
    endloop
  endfacet
  facet normal 0 0 1
    outer loop
      vertex 13.3637 91.5353 4
      vertex 11.7216 91.0953 4
      vertex 11.7803 90.8002 4
    endloop
  endfacet
  facet normal 0 0 1
    outer loop
      vertex 13.1955 92.0307 4
      vertex 11.6249 91.3802 4
      vertex 11.7216 91.0953 4
    endloop
  endfacet
  facet normal 0 0 1
    outer loop
      vertex 10.9002 92.3247 4
      vertex 11.935 93.6734 4
      vertex 11.5 93.9641 4
    endloop
  endfacet
  facet normal 0 0 1
    outer loop
      vertex 12.9641 92.5 4
      vertex 11.4919 91.65 4
      vertex 11.6249 91.3802 4
    endloop
  endfacet
  facet normal 0 0 1
    outer loop
      vertex 12.6734 92.935 4
      vertex 11.3247 91.9002 4
      vertex 11.4919 91.65 4
    endloop
  endfacet
  facet normal 0 0 1
    outer loop
      vertex 12.3284 93.3284 4
      vertex 11.1263 92.1263 4
      vertex 11.3247 91.9002 4
    endloop
  endfacet
  facet normal 0 0 1
    outer loop
      vertex 10.65 92.4919 4
      vertex 11.5 93.9641 4
      vertex 11.0307 94.1955 4
    endloop
  endfacet
  facet normal 0 0 1
    outer loop
      vertex 11.935 93.6734 4
      vertex 10.9002 92.3247 4
      vertex 11.1263 92.1263 4
    endloop
  endfacet
  facet normal 0 0 1
    outer loop
      vertex 11.5 93.9641 4
      vertex 10.65 92.4919 4
      vertex 10.9002 92.3247 4
    endloop
  endfacet
  facet normal 0 0 1
    outer loop
      vertex 10.3802 92.6249 4
      vertex 11.0307 94.1955 4
      vertex 10.5353 94.3637 4
    endloop
  endfacet
  facet normal 0 0 1
    outer loop
      vertex 11.0307 94.1955 4
      vertex 10.3802 92.6249 4
      vertex 10.65 92.4919 4
    endloop
  endfacet
  facet normal 0 0 1
    outer loop
      vertex 10.5353 94.3637 4
      vertex 10.0953 92.7216 4
      vertex 10.3802 92.6249 4
    endloop
  endfacet
  facet normal 0 0 1
    outer loop
      vertex 10.0221 94.4658 4
      vertex 10.0953 92.7216 4
      vertex 10.5353 94.3637 4
    endloop
  endfacet
  facet normal 0 0 1
    outer loop
      vertex 10.0221 94.4658 4
      vertex 9.80021 92.7803 4
      vertex 10.0953 92.7216 4
    endloop
  endfacet
  facet normal 0 0 1
    outer loop
      vertex 9.5 94.5 4
      vertex 9.80021 92.7803 4
      vertex 10.0221 94.4658 4
    endloop
  endfacet
  facet normal 0 0 1
    outer loop
      vertex 9.5 94.5 4
      vertex 9.5 92.8 4
      vertex 9.80021 92.7803 4
    endloop
  endfacet
  facet normal 0 0 1
    outer loop
      vertex 9.5 94.5 4
      vertex 9.19979 92.7803 4
      vertex 9.5 92.8 4
    endloop
  endfacet
  facet normal -0 0 1
    outer loop
      vertex 8.9779 94.4658 4
      vertex 9.19979 92.7803 4
      vertex 9.5 94.5 4
    endloop
  endfacet
  facet normal 0 0 1
    outer loop
      vertex 8.9779 94.4658 4
      vertex 8.90472 92.7216 4
      vertex 9.19979 92.7803 4
    endloop
  endfacet
  facet normal -0 0 1
    outer loop
      vertex 8.46472 94.3637 4
      vertex 8.90472 92.7216 4
      vertex 8.9779 94.4658 4
    endloop
  endfacet
  facet normal 0 0 1
    outer loop
      vertex 8.90472 92.7216 4
      vertex 8.46472 94.3637 4
      vertex 8.61983 92.6249 4
    endloop
  endfacet
  facet normal -0 0 1
    outer loop
      vertex 7.96927 94.1955 4
      vertex 8.61983 92.6249 4
      vertex 8.46472 94.3637 4
    endloop
  endfacet
  facet normal 0 0 1
    outer loop
      vertex 8.61983 92.6249 4
      vertex 7.96927 94.1955 4
      vertex 8.35 92.4919 4
    endloop
  endfacet
  facet normal -0 0 1
    outer loop
      vertex 7.5 93.9641 4
      vertex 8.35 92.4919 4
      vertex 7.96927 94.1955 4
    endloop
  endfacet
  facet normal 0 0 1
    outer loop
      vertex 8.35 92.4919 4
      vertex 7.5 93.9641 4
      vertex 8.09985 92.3247 4
    endloop
  endfacet
  facet normal -0 0 1
    outer loop
      vertex 7.06495 93.6734 4
      vertex 8.09985 92.3247 4
      vertex 7.5 93.9641 4
    endloop
  endfacet
  facet normal 0 0 1
    outer loop
      vertex 8.09985 92.3247 4
      vertex 7.06495 93.6734 4
      vertex 7.87366 92.1263 4
    endloop
  endfacet
  facet normal -0 0 1
    outer loop
      vertex 6.67157 93.3284 4
      vertex 7.87366 92.1263 4
      vertex 7.06495 93.6734 4
    endloop
  endfacet
  facet normal 0 0 1
    outer loop
      vertex 7.87366 92.1263 4
      vertex 6.67157 93.3284 4
      vertex 7.67529 91.9002 4
    endloop
  endfacet
  facet normal -0 0 1
    outer loop
      vertex 6.32659 92.935 4
      vertex 7.67529 91.9002 4
      vertex 6.67157 93.3284 4
    endloop
  endfacet
  facet normal 0 0 1
    outer loop
      vertex 7.67529 91.9002 4
      vertex 6.32659 92.935 4
      vertex 7.50814 91.65 4
    endloop
  endfacet
  facet normal 0 0 1
    outer loop
      vertex 7.50814 91.65 4
      vertex 6.0359 92.5 4
      vertex 7.37508 91.3802 4
    endloop
  endfacet
  facet normal -0 0 1
    outer loop
      vertex 6.0359 92.5 4
      vertex 7.50814 91.65 4
      vertex 6.32659 92.935 4
    endloop
  endfacet
  facet normal -0 0 1
    outer loop
      vertex 11.4919 89.35 4
      vertex 12.9641 88.5 4
      vertex 11.6249 89.6198 4
    endloop
  endfacet
  facet normal 0 0 1
    outer loop
      vertex 12.9641 88.5 4
      vertex 11.4919 89.35 4
      vertex 12.6734 88.065 4
    endloop
  endfacet
  facet normal -0 0 1
    outer loop
      vertex 11.3247 89.0998 4
      vertex 12.6734 88.065 4
      vertex 11.4919 89.35 4
    endloop
  endfacet
  facet normal 0 0 1
    outer loop
      vertex 12.6734 88.065 4
      vertex 11.3247 89.0998 4
      vertex 12.3284 87.6716 4
    endloop
  endfacet
  facet normal -0 0 1
    outer loop
      vertex 11.1263 88.8737 4
      vertex 12.3284 87.6716 4
      vertex 11.3247 89.0998 4
    endloop
  endfacet
  facet normal 0 0 1
    outer loop
      vertex 12.3284 87.6716 4
      vertex 11.1263 88.8737 4
      vertex 11.935 87.3266 4
    endloop
  endfacet
  facet normal -0 0 1
    outer loop
      vertex 10.9002 88.6753 4
      vertex 11.935 87.3266 4
      vertex 11.1263 88.8737 4
    endloop
  endfacet
  facet normal 0 0 1
    outer loop
      vertex 11.935 87.3266 4
      vertex 10.9002 88.6753 4
      vertex 11.5 87.0359 4
    endloop
  endfacet
  facet normal -0 0 1
    outer loop
      vertex 10.65 88.5081 4
      vertex 11.5 87.0359 4
      vertex 10.9002 88.6753 4
    endloop
  endfacet
  facet normal 0 0 1
    outer loop
      vertex 11.5 87.0359 4
      vertex 10.65 88.5081 4
      vertex 11.0307 86.8045 4
    endloop
  endfacet
  facet normal -0 0 1
    outer loop
      vertex 10.3802 88.3751 4
      vertex 11.0307 86.8045 4
      vertex 10.65 88.5081 4
    endloop
  endfacet
  facet normal 0 0 1
    outer loop
      vertex 11.0307 86.8045 4
      vertex 10.3802 88.3751 4
      vertex 10.5353 86.6363 4
    endloop
  endfacet
  facet normal -0 0 1
    outer loop
      vertex 10.0953 88.2784 4
      vertex 10.5353 86.6363 4
      vertex 10.3802 88.3751 4
    endloop
  endfacet
  facet normal 0 0 1
    outer loop
      vertex 10.0953 88.2784 4
      vertex 10.0221 86.5342 4
      vertex 10.5353 86.6363 4
    endloop
  endfacet
  facet normal -0 0 1
    outer loop
      vertex 9.80021 88.2197 4
      vertex 10.0221 86.5342 4
      vertex 10.0953 88.2784 4
    endloop
  endfacet
  facet normal -0 0 1
    outer loop
      vertex 9.5 88.2 4
      vertex 10.0221 86.5342 4
      vertex 9.80021 88.2197 4
    endloop
  endfacet
  facet normal 0 0 1
    outer loop
      vertex 9.5 88.2 4
      vertex 9.5 86.5 4
      vertex 10.0221 86.5342 4
    endloop
  endfacet
  facet normal 0 0 1
    outer loop
      vertex 9.19979 88.2197 4
      vertex 9.5 86.5 4
      vertex 9.5 88.2 4
    endloop
  endfacet
  facet normal 0 0 1
    outer loop
      vertex 9.19979 88.2197 4
      vertex 8.9779 86.5342 4
      vertex 9.5 86.5 4
    endloop
  endfacet
  facet normal 0 0 1
    outer loop
      vertex 8.90472 88.2784 4
      vertex 8.9779 86.5342 4
      vertex 9.19979 88.2197 4
    endloop
  endfacet
  facet normal 0 0 1
    outer loop
      vertex 8.46472 86.6363 4
      vertex 8.90472 88.2784 4
      vertex 8.61983 88.3751 4
    endloop
  endfacet
  facet normal 0 0 1
    outer loop
      vertex 8.90472 88.2784 4
      vertex 8.46472 86.6363 4
      vertex 8.9779 86.5342 4
    endloop
  endfacet
  facet normal 0 0 1
    outer loop
      vertex 7.96927 86.8045 4
      vertex 8.61983 88.3751 4
      vertex 8.35 88.5081 4
    endloop
  endfacet
  facet normal 0 0 1
    outer loop
      vertex 7.5 87.0359 4
      vertex 8.35 88.5081 4
      vertex 8.09985 88.6753 4
    endloop
  endfacet
  facet normal 0 0 1
    outer loop
      vertex 8.61983 88.3751 4
      vertex 7.96927 86.8045 4
      vertex 8.46472 86.6363 4
    endloop
  endfacet
  facet normal 0 0 1
    outer loop
      vertex 7.06495 87.3266 4
      vertex 8.09985 88.6753 4
      vertex 7.87366 88.8737 4
    endloop
  endfacet
  facet normal 0 0 1
    outer loop
      vertex 6.67157 87.6716 4
      vertex 7.87366 88.8737 4
      vertex 7.67529 89.0998 4
    endloop
  endfacet
  facet normal 0 0 1
    outer loop
      vertex 6.32659 88.065 4
      vertex 7.67529 89.0998 4
      vertex 7.50814 89.35 4
    endloop
  endfacet
  facet normal 0 0 1
    outer loop
      vertex 8.35 88.5081 4
      vertex 7.5 87.0359 4
      vertex 7.96927 86.8045 4
    endloop
  endfacet
  facet normal 0 0 1
    outer loop
      vertex 6.0359 88.5 4
      vertex 7.50814 89.35 4
      vertex 7.37508 89.6198 4
    endloop
  endfacet
  facet normal 0 0 1
    outer loop
      vertex 5.80448 88.9693 4
      vertex 7.37508 89.6198 4
      vertex 7.27837 89.9047 4
    endloop
  endfacet
  facet normal 0 0 1
    outer loop
      vertex 5.6363 89.4647 4
      vertex 7.27837 89.9047 4
      vertex 7.21968 90.1998 4
    endloop
  endfacet
  facet normal 0 0 1
    outer loop
      vertex 8.09985 88.6753 4
      vertex 7.06495 87.3266 4
      vertex 7.5 87.0359 4
    endloop
  endfacet
  facet normal 0 0 1
    outer loop
      vertex 5.53422 89.9779 4
      vertex 7.21968 90.1998 4
      vertex 7.2 90.5 4
    endloop
  endfacet
  facet normal -0 0 1
    outer loop
      vertex 5.80448 92.0307 4
      vertex 7.37508 91.3802 4
      vertex 6.0359 92.5 4
    endloop
  endfacet
  facet normal 0 0 1
    outer loop
      vertex 7.37508 91.3802 4
      vertex 5.80448 92.0307 4
      vertex 7.27837 91.0953 4
    endloop
  endfacet
  facet normal 0 0 1
    outer loop
      vertex 7.87366 88.8737 4
      vertex 6.67157 87.6716 4
      vertex 7.06495 87.3266 4
    endloop
  endfacet
  facet normal -0 0 1
    outer loop
      vertex 5.6363 91.5353 4
      vertex 7.27837 91.0953 4
      vertex 5.80448 92.0307 4
    endloop
  endfacet
  facet normal 0 0 1
    outer loop
      vertex 7.67529 89.0998 4
      vertex 6.32659 88.065 4
      vertex 6.67157 87.6716 4
    endloop
  endfacet
  facet normal 0 0 1
    outer loop
      vertex 7.27837 91.0953 4
      vertex 5.6363 91.5353 4
      vertex 7.21968 90.8002 4
    endloop
  endfacet
  facet normal 0 0 1
    outer loop
      vertex 7.50814 89.35 4
      vertex 6.0359 88.5 4
      vertex 6.32659 88.065 4
    endloop
  endfacet
  facet normal -0 0 1
    outer loop
      vertex 5.53422 91.0221 4
      vertex 7.21968 90.8002 4
      vertex 5.6363 91.5353 4
    endloop
  endfacet
  facet normal 0 0 1
    outer loop
      vertex 7.37508 89.6198 4
      vertex 5.80448 88.9693 4
      vertex 6.0359 88.5 4
    endloop
  endfacet
  facet normal 0 0 1
    outer loop
      vertex 7.21968 90.8002 4
      vertex 5.53422 91.0221 4
      vertex 7.2 90.5 4
    endloop
  endfacet
  facet normal 0 0 1
    outer loop
      vertex 7.27837 89.9047 4
      vertex 5.6363 89.4647 4
      vertex 5.80448 88.9693 4
    endloop
  endfacet
  facet normal 0 0 1
    outer loop
      vertex 5.5 90.5 4
      vertex 7.2 90.5 4
      vertex 5.53422 91.0221 4
    endloop
  endfacet
  facet normal 0 0 1
    outer loop
      vertex 7.21968 90.1998 4
      vertex 5.53422 89.9779 4
      vertex 5.6363 89.4647 4
    endloop
  endfacet
  facet normal 0 0 1
    outer loop
      vertex 7.2 90.5 4
      vertex 5.5 90.5 4
      vertex 5.53422 89.9779 4
    endloop
  endfacet
  facet normal -0.980793 -0.195052 0
    outer loop
      vertex 12.3752 90.8785 0
      vertex 12.3012 91.2506 1.1
      vertex 12.3012 91.2506 0
    endloop
  endfacet
  facet normal -0.980793 -0.195052 0
    outer loop
      vertex 12.3012 91.2506 1.1
      vertex 12.3752 90.8785 0
      vertex 12.3752 90.8785 1.1
    endloop
  endfacet
  facet normal -0.99786 -0.0653816 0
    outer loop
      vertex 12.4 90.5 0
      vertex 12.3752 90.8785 1.1
      vertex 12.3752 90.8785 0
    endloop
  endfacet
  facet normal -0.99786 -0.0653816 0
    outer loop
      vertex 12.3752 90.8785 1.1
      vertex 12.4 90.5 0
      vertex 12.4 90.5 1.1
    endloop
  endfacet
  facet normal 0.997859 -0.0654079 0
    outer loop
      vertex 6.6 90.5 1.1
      vertex 6.62481 90.8785 0
      vertex 6.62481 90.8785 1.1
    endloop
  endfacet
  facet normal 0.997859 -0.0654079 0
    outer loop
      vertex 6.62481 90.8785 0
      vertex 6.6 90.5 1.1
      vertex 6.6 90.5 0
    endloop
  endfacet
  facet normal -0.659325 -0.751858 0
    outer loop
      vertex 11.2654 92.8007 0
      vertex 11.5506 92.5506 1.1
      vertex 11.2654 92.8007 1.1
    endloop
  endfacet
  facet normal -0.659325 -0.751858 -0
    outer loop
      vertex 11.5506 92.5506 1.1
      vertex 11.2654 92.8007 0
      vertex 11.5506 92.5506 0
    endloop
  endfacet
  facet normal 0.831462 -0.555582 0
    outer loop
      vertex 6.98853 91.95 1.1
      vertex 7.19928 92.2654 0
      vertex 7.19928 92.2654 1.1
    endloop
  endfacet
  facet normal 0.831462 -0.555582 0
    outer loop
      vertex 7.19928 92.2654 0
      vertex 6.98853 91.95 1.1
      vertex 6.98853 91.95 0
    endloop
  endfacet
  facet normal -0.195067 0.98079 0
    outer loop
      vertex 10.2506 87.6988 0
      vertex 9.87853 87.6248 1.1
      vertex 10.2506 87.6988 1.1
    endloop
  endfacet
  facet normal -0.195067 0.98079 0
    outer loop
      vertex 9.87853 87.6248 1.1
      vertex 10.2506 87.6988 0
      vertex 9.87853 87.6248 0
    endloop
  endfacet
  facet normal 0.321364 0.946956 -0
    outer loop
      vertex 8.74942 87.6988 0
      vertex 8.39022 87.8207 1.1
      vertex 8.74942 87.6988 1.1
    endloop
  endfacet
  facet normal 0.321364 0.946956 0
    outer loop
      vertex 8.39022 87.8207 1.1
      vertex 8.74942 87.6988 0
      vertex 8.39022 87.8207 0
    endloop
  endfacet
  facet normal -0.99786 0.0653816 0
    outer loop
      vertex 12.3752 90.1215 0
      vertex 12.4 90.5 1.1
      vertex 12.4 90.5 0
    endloop
  endfacet
  facet normal -0.99786 0.0653816 0
    outer loop
      vertex 12.4 90.5 1.1
      vertex 12.3752 90.1215 0
      vertex 12.3752 90.1215 1.1
    endloop
  endfacet
  facet normal -0.831401 -0.555673 0
    outer loop
      vertex 12.0115 91.95 0
      vertex 11.8007 92.2654 1.1
      vertex 11.8007 92.2654 0
    endloop
  endfacet
  facet normal -0.831401 -0.555673 0
    outer loop
      vertex 11.8007 92.2654 1.1
      vertex 12.0115 91.95 0
      vertex 12.0115 91.95 1.1
    endloop
  endfacet
  facet normal 0.0653764 0.997861 -0
    outer loop
      vertex 9.5 87.6 0
      vertex 9.12147 87.6248 1.1
      vertex 9.5 87.6 1.1
    endloop
  endfacet
  facet normal 0.0653764 0.997861 0
    outer loop
      vertex 9.12147 87.6248 1.1
      vertex 9.5 87.6 0
      vertex 9.12147 87.6248 0
    endloop
  endfacet
  facet normal -0.946876 -0.3216 0
    outer loop
      vertex 12.3012 91.2506 0
      vertex 12.1792 91.6098 1.1
      vertex 12.1792 91.6098 0
    endloop
  endfacet
  facet normal -0.946876 -0.3216 0
    outer loop
      vertex 12.1792 91.6098 1.1
      vertex 12.3012 91.2506 0
      vertex 12.3012 91.2506 1.1
    endloop
  endfacet
  facet normal 0.442335 0.89685 -0
    outer loop
      vertex 8.39022 87.8207 0
      vertex 8.05 87.9885 1.1
      vertex 8.39022 87.8207 1.1
    endloop
  endfacet
  facet normal 0.442335 0.89685 0
    outer loop
      vertex 8.05 87.9885 1.1
      vertex 8.39022 87.8207 0
      vertex 8.05 87.9885 0
    endloop
  endfacet
  facet normal 0.946932 -0.321435 0
    outer loop
      vertex 6.69882 91.2506 1.1
      vertex 6.82075 91.6098 0
      vertex 6.82075 91.6098 1.1
    endloop
  endfacet
  facet normal 0.946932 -0.321435 0
    outer loop
      vertex 6.82075 91.6098 0
      vertex 6.69882 91.2506 1.1
      vertex 6.69882 91.2506 0
    endloop
  endfacet
  facet normal -0.751858 0.659325 0
    outer loop
      vertex 11.5506 88.4494 0
      vertex 11.8007 88.7346 1.1
      vertex 11.8007 88.7346 0
    endloop
  endfacet
  facet normal -0.751858 0.659325 0
    outer loop
      vertex 11.8007 88.7346 1.1
      vertex 11.5506 88.4494 0
      vertex 11.5506 88.4494 1.1
    endloop
  endfacet
  facet normal -0.442356 0.896839 0
    outer loop
      vertex 10.95 87.9885 0
      vertex 10.6098 87.8207 1.1
      vertex 10.95 87.9885 1.1
    endloop
  endfacet
  facet normal -0.442356 0.896839 0
    outer loop
      vertex 10.6098 87.8207 1.1
      vertex 10.95 87.9885 0
      vertex 10.6098 87.8207 0
    endloop
  endfacet
  facet normal -0.980793 0.195052 0
    outer loop
      vertex 12.3012 89.7494 0
      vertex 12.3752 90.1215 1.1
      vertex 12.3752 90.1215 0
    endloop
  endfacet
  facet normal -0.980793 0.195052 0
    outer loop
      vertex 12.3752 90.1215 1.1
      vertex 12.3012 89.7494 0
      vertex 12.3012 89.7494 1.1
    endloop
  endfacet
  facet normal -0.0653764 -0.997861 0
    outer loop
      vertex 9.5 93.4 0
      vertex 9.87853 93.3752 1.1
      vertex 9.5 93.4 1.1
    endloop
  endfacet
  facet normal -0.0653764 -0.997861 -0
    outer loop
      vertex 9.87853 93.3752 1.1
      vertex 9.5 93.4 0
      vertex 9.87853 93.3752 0
    endloop
  endfacet
  facet normal 0.89686 0.442314 0
    outer loop
      vertex 6.98853 89.05 1.1
      vertex 6.82075 89.3902 0
      vertex 6.82075 89.3902 1.1
    endloop
  endfacet
  facet normal 0.89686 0.442314 0
    outer loop
      vertex 6.82075 89.3902 0
      vertex 6.98853 89.05 1.1
      vertex 6.98853 89.05 0
    endloop
  endfacet
  facet normal 0.659325 -0.751858 0
    outer loop
      vertex 7.44939 92.5506 0
      vertex 7.73459 92.8007 1.1
      vertex 7.44939 92.5506 1.1
    endloop
  endfacet
  facet normal 0.659325 -0.751858 0
    outer loop
      vertex 7.73459 92.8007 1.1
      vertex 7.44939 92.5506 0
      vertex 7.73459 92.8007 0
    endloop
  endfacet
  facet normal 0.555661 -0.831409 0
    outer loop
      vertex 7.73459 92.8007 0
      vertex 8.05 93.0115 1.1
      vertex 7.73459 92.8007 1.1
    endloop
  endfacet
  facet normal 0.555661 -0.831409 0
    outer loop
      vertex 8.05 93.0115 1.1
      vertex 7.73459 92.8007 0
      vertex 8.05 93.0115 0
    endloop
  endfacet
  facet normal 0.321364 -0.946956 0
    outer loop
      vertex 8.39022 93.1793 0
      vertex 8.74942 93.3012 1.1
      vertex 8.39022 93.1793 1.1
    endloop
  endfacet
  facet normal 0.321364 -0.946956 0
    outer loop
      vertex 8.74942 93.3012 1.1
      vertex 8.39022 93.1793 0
      vertex 8.74942 93.3012 0
    endloop
  endfacet
  facet normal 0.0653764 -0.997861 0
    outer loop
      vertex 9.12147 93.3752 0
      vertex 9.5 93.4 1.1
      vertex 9.12147 93.3752 1.1
    endloop
  endfacet
  facet normal 0.0653764 -0.997861 0
    outer loop
      vertex 9.5 93.4 1.1
      vertex 9.12147 93.3752 0
      vertex 9.5 93.4 0
    endloop
  endfacet
  facet normal -0.321364 0.946956 0
    outer loop
      vertex 10.6098 87.8207 0
      vertex 10.2506 87.6988 1.1
      vertex 10.6098 87.8207 1.1
    endloop
  endfacet
  facet normal -0.321364 0.946956 0
    outer loop
      vertex 10.2506 87.6988 1.1
      vertex 10.6098 87.8207 0
      vertex 10.2506 87.6988 0
    endloop
  endfacet
  facet normal 0.751845 0.65934 0
    outer loop
      vertex 7.44939 88.4494 1.1
      vertex 7.19928 88.7346 0
      vertex 7.19928 88.7346 1.1
    endloop
  endfacet
  facet normal 0.751845 0.65934 0
    outer loop
      vertex 7.19928 88.7346 0
      vertex 7.44939 88.4494 1.1
      vertex 7.44939 88.4494 0
    endloop
  endfacet
  facet normal -0.896944 -0.442144 0
    outer loop
      vertex 12.1792 91.6098 0
      vertex 12.0115 91.95 1.1
      vertex 12.0115 91.95 0
    endloop
  endfacet
  facet normal -0.896944 -0.442144 0
    outer loop
      vertex 12.0115 91.95 1.1
      vertex 12.1792 91.6098 0
      vertex 12.1792 91.6098 1.1
    endloop
  endfacet
  facet normal -0.659325 0.751858 0
    outer loop
      vertex 11.5506 88.4494 0
      vertex 11.2654 88.1993 1.1
      vertex 11.5506 88.4494 1.1
    endloop
  endfacet
  facet normal -0.659325 0.751858 0
    outer loop
      vertex 11.2654 88.1993 1.1
      vertex 11.5506 88.4494 0
      vertex 11.2654 88.1993 0
    endloop
  endfacet
  facet normal -0.555673 -0.831401 0
    outer loop
      vertex 10.95 93.0115 0
      vertex 11.2654 92.8007 1.1
      vertex 10.95 93.0115 1.1
    endloop
  endfacet
  facet normal -0.555673 -0.831401 -0
    outer loop
      vertex 11.2654 92.8007 1.1
      vertex 10.95 93.0115 0
      vertex 11.2654 92.8007 0
    endloop
  endfacet
  facet normal 0 0 -1
    outer loop
      vertex 11.8 90.5 1.1
      vertex 12.4 90.5 1.1
      vertex 12.3752 90.1215 1.1
    endloop
  endfacet
  facet normal 0 0 -1
    outer loop
      vertex 11.7803 90.1998 1.1
      vertex 12.3752 90.1215 1.1
      vertex 12.3012 89.7494 1.1
    endloop
  endfacet
  facet normal 0 0 -1
    outer loop
      vertex 12.4 90.5 1.1
      vertex 11.8 90.5 1.1
      vertex 12.3752 90.8785 1.1
    endloop
  endfacet
  facet normal 0 0 -1
    outer loop
      vertex 11.7216 89.9047 1.1
      vertex 12.3012 89.7494 1.1
      vertex 12.1792 89.3902 1.1
    endloop
  endfacet
  facet normal 0 0 -1
    outer loop
      vertex 11.7803 90.8002 1.1
      vertex 12.3752 90.8785 1.1
      vertex 11.8 90.5 1.1
    endloop
  endfacet
  facet normal 0 0 -1
    outer loop
      vertex 11.6249 89.6198 1.1
      vertex 12.1792 89.3902 1.1
      vertex 12.0115 89.05 1.1
    endloop
  endfacet
  facet normal -0 0 -1
    outer loop
      vertex 12.3752 90.8785 1.1
      vertex 11.7803 90.8002 1.1
      vertex 12.3012 91.2506 1.1
    endloop
  endfacet
  facet normal 0 0 -1
    outer loop
      vertex 11.4919 89.35 1.1
      vertex 12.0115 89.05 1.1
      vertex 11.8007 88.7346 1.1
    endloop
  endfacet
  facet normal 0 0 -1
    outer loop
      vertex 11.7216 91.0953 1.1
      vertex 12.3012 91.2506 1.1
      vertex 11.7803 90.8002 1.1
    endloop
  endfacet
  facet normal -0 0 -1
    outer loop
      vertex 12.3012 91.2506 1.1
      vertex 11.7216 91.0953 1.1
      vertex 12.1792 91.6098 1.1
    endloop
  endfacet
  facet normal 0 0 -1
    outer loop
      vertex 12.3752 90.1215 1.1
      vertex 11.7803 90.1998 1.1
      vertex 11.8 90.5 1.1
    endloop
  endfacet
  facet normal 0 0 -1
    outer loop
      vertex 12.3012 89.7494 1.1
      vertex 11.7216 89.9047 1.1
      vertex 11.7803 90.1998 1.1
    endloop
  endfacet
  facet normal 0 0 -1
    outer loop
      vertex 12.1792 89.3902 1.1
      vertex 11.6249 89.6198 1.1
      vertex 11.7216 89.9047 1.1
    endloop
  endfacet
  facet normal 0 0 -1
    outer loop
      vertex 11.3247 89.0998 1.1
      vertex 11.8007 88.7346 1.1
      vertex 11.5506 88.4494 1.1
    endloop
  endfacet
  facet normal 0 0 -1
    outer loop
      vertex 12.0115 89.05 1.1
      vertex 11.4919 89.35 1.1
      vertex 11.6249 89.6198 1.1
    endloop
  endfacet
  facet normal 0 0 -1
    outer loop
      vertex 11.8007 88.7346 1.1
      vertex 11.3247 89.0998 1.1
      vertex 11.4919 89.35 1.1
    endloop
  endfacet
  facet normal 0 0 -1
    outer loop
      vertex 11.1263 88.8737 1.1
      vertex 11.5506 88.4494 1.1
      vertex 11.2654 88.1993 1.1
    endloop
  endfacet
  facet normal 0 0 -1
    outer loop
      vertex 11.5506 88.4494 1.1
      vertex 11.1263 88.8737 1.1
      vertex 11.3247 89.0998 1.1
    endloop
  endfacet
  facet normal 0 0 -1
    outer loop
      vertex 10.9002 88.6753 1.1
      vertex 11.2654 88.1993 1.1
      vertex 10.95 87.9885 1.1
    endloop
  endfacet
  facet normal 0 0 -1
    outer loop
      vertex 11.2654 88.1993 1.1
      vertex 10.9002 88.6753 1.1
      vertex 11.1263 88.8737 1.1
    endloop
  endfacet
  facet normal 0 0 -1
    outer loop
      vertex 10.95 87.9885 1.1
      vertex 10.65 88.5081 1.1
      vertex 10.9002 88.6753 1.1
    endloop
  endfacet
  facet normal 0 0 -1
    outer loop
      vertex 10.6098 87.8207 1.1
      vertex 10.65 88.5081 1.1
      vertex 10.95 87.9885 1.1
    endloop
  endfacet
  facet normal 0 0 -1
    outer loop
      vertex 10.6098 87.8207 1.1
      vertex 10.3802 88.3751 1.1
      vertex 10.65 88.5081 1.1
    endloop
  endfacet
  facet normal 0 0 -1
    outer loop
      vertex 10.2506 87.6988 1.1
      vertex 10.3802 88.3751 1.1
      vertex 10.6098 87.8207 1.1
    endloop
  endfacet
  facet normal 0 0 -1
    outer loop
      vertex 10.2506 87.6988 1.1
      vertex 10.0953 88.2784 1.1
      vertex 10.3802 88.3751 1.1
    endloop
  endfacet
  facet normal 0 0 -1
    outer loop
      vertex 9.87853 87.6248 1.1
      vertex 10.0953 88.2784 1.1
      vertex 10.2506 87.6988 1.1
    endloop
  endfacet
  facet normal 0 0 -1
    outer loop
      vertex 9.87853 87.6248 1.1
      vertex 9.80021 88.2197 1.1
      vertex 10.0953 88.2784 1.1
    endloop
  endfacet
  facet normal 0 0 -1
    outer loop
      vertex 9.5 87.6 1.1
      vertex 9.80021 88.2197 1.1
      vertex 9.87853 87.6248 1.1
    endloop
  endfacet
  facet normal 0 0 -1
    outer loop
      vertex 9.5 87.6 1.1
      vertex 9.5 88.2 1.1
      vertex 9.80021 88.2197 1.1
    endloop
  endfacet
  facet normal 0 0 -1
    outer loop
      vertex 9.5 87.6 1.1
      vertex 9.19979 88.2197 1.1
      vertex 9.5 88.2 1.1
    endloop
  endfacet
  facet normal 0 0 -1
    outer loop
      vertex 9.12147 87.6248 1.1
      vertex 9.19979 88.2197 1.1
      vertex 9.5 87.6 1.1
    endloop
  endfacet
  facet normal 0 0 -1
    outer loop
      vertex 9.12147 87.6248 1.1
      vertex 8.90472 88.2784 1.1
      vertex 9.19979 88.2197 1.1
    endloop
  endfacet
  facet normal 0 0 -1
    outer loop
      vertex 8.74942 87.6988 1.1
      vertex 8.90472 88.2784 1.1
      vertex 9.12147 87.6248 1.1
    endloop
  endfacet
  facet normal 0 0 -1
    outer loop
      vertex 8.74942 87.6988 1.1
      vertex 8.61983 88.3751 1.1
      vertex 8.90472 88.2784 1.1
    endloop
  endfacet
  facet normal 0 0 -1
    outer loop
      vertex 8.39022 87.8207 1.1
      vertex 8.61983 88.3751 1.1
      vertex 8.74942 87.6988 1.1
    endloop
  endfacet
  facet normal 0 0 -1
    outer loop
      vertex 8.39022 87.8207 1.1
      vertex 8.35 88.5081 1.1
      vertex 8.61983 88.3751 1.1
    endloop
  endfacet
  facet normal 0 0 -1
    outer loop
      vertex 8.05 87.9885 1.1
      vertex 8.35 88.5081 1.1
      vertex 8.39022 87.8207 1.1
    endloop
  endfacet
  facet normal -0 0 -1
    outer loop
      vertex 8.35 88.5081 1.1
      vertex 8.05 87.9885 1.1
      vertex 8.09985 88.6753 1.1
    endloop
  endfacet
  facet normal 0 0 -1
    outer loop
      vertex 7.73459 88.1993 1.1
      vertex 8.09985 88.6753 1.1
      vertex 8.05 87.9885 1.1
    endloop
  endfacet
  facet normal -0 0 -1
    outer loop
      vertex 8.09985 88.6753 1.1
      vertex 7.73459 88.1993 1.1
      vertex 7.87366 88.8737 1.1
    endloop
  endfacet
  facet normal 0 0 -1
    outer loop
      vertex 7.44939 88.4494 1.1
      vertex 7.87366 88.8737 1.1
      vertex 7.73459 88.1993 1.1
    endloop
  endfacet
  facet normal -0 0 -1
    outer loop
      vertex 7.87366 88.8737 1.1
      vertex 7.44939 88.4494 1.1
      vertex 7.67529 89.0998 1.1
    endloop
  endfacet
  facet normal 0 0 -1
    outer loop
      vertex 7.19928 88.7346 1.1
      vertex 7.67529 89.0998 1.1
      vertex 7.44939 88.4494 1.1
    endloop
  endfacet
  facet normal -0 0 -1
    outer loop
      vertex 7.67529 89.0998 1.1
      vertex 7.19928 88.7346 1.1
      vertex 7.50814 89.35 1.1
    endloop
  endfacet
  facet normal 0 0 -1
    outer loop
      vertex 6.98853 89.05 1.1
      vertex 7.50814 89.35 1.1
      vertex 7.19928 88.7346 1.1
    endloop
  endfacet
  facet normal -0 0 -1
    outer loop
      vertex 7.50814 89.35 1.1
      vertex 6.98853 89.05 1.1
      vertex 7.37508 89.6198 1.1
    endloop
  endfacet
  facet normal -0 0 -1
    outer loop
      vertex 7.37508 89.6198 1.1
      vertex 6.82075 89.3902 1.1
      vertex 7.27837 89.9047 1.1
    endloop
  endfacet
  facet normal 0 0 -1
    outer loop
      vertex 6.82075 89.3902 1.1
      vertex 7.37508 89.6198 1.1
      vertex 6.98853 89.05 1.1
    endloop
  endfacet
  facet normal 0 0 -1
    outer loop
      vertex 11.6249 91.3802 1.1
      vertex 12.1792 91.6098 1.1
      vertex 11.7216 91.0953 1.1
    endloop
  endfacet
  facet normal -0 0 -1
    outer loop
      vertex 12.1792 91.6098 1.1
      vertex 11.6249 91.3802 1.1
      vertex 12.0115 91.95 1.1
    endloop
  endfacet
  facet normal 0 0 -1
    outer loop
      vertex 11.4919 91.65 1.1
      vertex 12.0115 91.95 1.1
      vertex 11.6249 91.3802 1.1
    endloop
  endfacet
  facet normal -0 0 -1
    outer loop
      vertex 12.0115 91.95 1.1
      vertex 11.4919 91.65 1.1
      vertex 11.8007 92.2654 1.1
    endloop
  endfacet
  facet normal 0 0 -1
    outer loop
      vertex 11.3247 91.9002 1.1
      vertex 11.8007 92.2654 1.1
      vertex 11.4919 91.65 1.1
    endloop
  endfacet
  facet normal -0 0 -1
    outer loop
      vertex 11.8007 92.2654 1.1
      vertex 11.3247 91.9002 1.1
      vertex 11.5506 92.5506 1.1
    endloop
  endfacet
  facet normal 0 0 -1
    outer loop
      vertex 11.1263 92.1263 1.1
      vertex 11.5506 92.5506 1.1
      vertex 11.3247 91.9002 1.1
    endloop
  endfacet
  facet normal -0 0 -1
    outer loop
      vertex 11.5506 92.5506 1.1
      vertex 11.1263 92.1263 1.1
      vertex 11.2654 92.8007 1.1
    endloop
  endfacet
  facet normal 0 0 -1
    outer loop
      vertex 10.9002 92.3247 1.1
      vertex 11.2654 92.8007 1.1
      vertex 11.1263 92.1263 1.1
    endloop
  endfacet
  facet normal -0 0 -1
    outer loop
      vertex 11.2654 92.8007 1.1
      vertex 10.9002 92.3247 1.1
      vertex 10.95 93.0115 1.1
    endloop
  endfacet
  facet normal 0 0 -1
    outer loop
      vertex 10.65 92.4919 1.1
      vertex 10.95 93.0115 1.1
      vertex 10.9002 92.3247 1.1
    endloop
  endfacet
  facet normal 0 0 -1
    outer loop
      vertex 10.65 92.4919 1.1
      vertex 10.6098 93.1793 1.1
      vertex 10.95 93.0115 1.1
    endloop
  endfacet
  facet normal 0 0 -1
    outer loop
      vertex 10.3802 92.6249 1.1
      vertex 10.6098 93.1793 1.1
      vertex 10.65 92.4919 1.1
    endloop
  endfacet
  facet normal 0 0 -1
    outer loop
      vertex 10.3802 92.6249 1.1
      vertex 10.2506 93.3012 1.1
      vertex 10.6098 93.1793 1.1
    endloop
  endfacet
  facet normal 0 0 -1
    outer loop
      vertex 10.0953 92.7216 1.1
      vertex 10.2506 93.3012 1.1
      vertex 10.3802 92.6249 1.1
    endloop
  endfacet
  facet normal 0 0 -1
    outer loop
      vertex 10.0953 92.7216 1.1
      vertex 9.87853 93.3752 1.1
      vertex 10.2506 93.3012 1.1
    endloop
  endfacet
  facet normal 0 0 -1
    outer loop
      vertex 9.80021 92.7803 1.1
      vertex 9.87853 93.3752 1.1
      vertex 10.0953 92.7216 1.1
    endloop
  endfacet
  facet normal 0 0 -1
    outer loop
      vertex 9.5 92.8 1.1
      vertex 9.87853 93.3752 1.1
      vertex 9.80021 92.7803 1.1
    endloop
  endfacet
  facet normal 0 0 -1
    outer loop
      vertex 9.5 92.8 1.1
      vertex 9.5 93.4 1.1
      vertex 9.87853 93.3752 1.1
    endloop
  endfacet
  facet normal 0 0 -1
    outer loop
      vertex 9.19979 92.7803 1.1
      vertex 9.5 93.4 1.1
      vertex 9.5 92.8 1.1
    endloop
  endfacet
  facet normal 0 0 -1
    outer loop
      vertex 9.19979 92.7803 1.1
      vertex 9.12147 93.3752 1.1
      vertex 9.5 93.4 1.1
    endloop
  endfacet
  facet normal 0 0 -1
    outer loop
      vertex 8.90472 92.7216 1.1
      vertex 9.12147 93.3752 1.1
      vertex 9.19979 92.7803 1.1
    endloop
  endfacet
  facet normal 0 0 -1
    outer loop
      vertex 8.90472 92.7216 1.1
      vertex 8.74942 93.3012 1.1
      vertex 9.12147 93.3752 1.1
    endloop
  endfacet
  facet normal 0 0 -1
    outer loop
      vertex 8.61983 92.6249 1.1
      vertex 8.74942 93.3012 1.1
      vertex 8.90472 92.7216 1.1
    endloop
  endfacet
  facet normal 0 0 -1
    outer loop
      vertex 8.61983 92.6249 1.1
      vertex 8.39022 93.1793 1.1
      vertex 8.74942 93.3012 1.1
    endloop
  endfacet
  facet normal 0 0 -1
    outer loop
      vertex 8.35 92.4919 1.1
      vertex 8.39022 93.1793 1.1
      vertex 8.61983 92.6249 1.1
    endloop
  endfacet
  facet normal 0 0 -1
    outer loop
      vertex 8.05 93.0115 1.1
      vertex 8.35 92.4919 1.1
      vertex 8.09985 92.3247 1.1
    endloop
  endfacet
  facet normal 0 0 -1
    outer loop
      vertex 8.35 92.4919 1.1
      vertex 8.05 93.0115 1.1
      vertex 8.39022 93.1793 1.1
    endloop
  endfacet
  facet normal 0 0 -1
    outer loop
      vertex 7.73459 92.8007 1.1
      vertex 8.09985 92.3247 1.1
      vertex 7.87366 92.1263 1.1
    endloop
  endfacet
  facet normal 0 0 -1
    outer loop
      vertex 8.09985 92.3247 1.1
      vertex 7.73459 92.8007 1.1
      vertex 8.05 93.0115 1.1
    endloop
  endfacet
  facet normal 0 0 -1
    outer loop
      vertex 7.44939 92.5506 1.1
      vertex 7.87366 92.1263 1.1
      vertex 7.67529 91.9002 1.1
    endloop
  endfacet
  facet normal 0 0 -1
    outer loop
      vertex 7.19928 92.2654 1.1
      vertex 7.67529 91.9002 1.1
      vertex 7.50814 91.65 1.1
    endloop
  endfacet
  facet normal 0 0 -1
    outer loop
      vertex 7.87366 92.1263 1.1
      vertex 7.44939 92.5506 1.1
      vertex 7.73459 92.8007 1.1
    endloop
  endfacet
  facet normal 0 0 -1
    outer loop
      vertex 6.98853 91.95 1.1
      vertex 7.50814 91.65 1.1
      vertex 7.37508 91.3802 1.1
    endloop
  endfacet
  facet normal 0 0 -1
    outer loop
      vertex 6.82075 91.6098 1.1
      vertex 7.37508 91.3802 1.1
      vertex 7.27837 91.0953 1.1
    endloop
  endfacet
  facet normal 0 0 -1
    outer loop
      vertex 6.69882 91.2506 1.1
      vertex 7.27837 91.0953 1.1
      vertex 7.21968 90.8002 1.1
    endloop
  endfacet
  facet normal 0 0 -1
    outer loop
      vertex 7.67529 91.9002 1.1
      vertex 7.19928 92.2654 1.1
      vertex 7.44939 92.5506 1.1
    endloop
  endfacet
  facet normal 0 0 -1
    outer loop
      vertex 6.62481 90.8785 1.1
      vertex 7.21968 90.8002 1.1
      vertex 7.2 90.5 1.1
    endloop
  endfacet
  facet normal 0 0 -1
    outer loop
      vertex 6.69882 89.7494 1.1
      vertex 7.27837 89.9047 1.1
      vertex 6.82075 89.3902 1.1
    endloop
  endfacet
  facet normal -0 0 -1
    outer loop
      vertex 7.27837 89.9047 1.1
      vertex 6.69882 89.7494 1.1
      vertex 7.21968 90.1998 1.1
    endloop
  endfacet
  facet normal 0 0 -1
    outer loop
      vertex 7.50814 91.65 1.1
      vertex 6.98853 91.95 1.1
      vertex 7.19928 92.2654 1.1
    endloop
  endfacet
  facet normal 0 0 -1
    outer loop
      vertex 6.62481 90.1215 1.1
      vertex 7.21968 90.1998 1.1
      vertex 6.69882 89.7494 1.1
    endloop
  endfacet
  facet normal 0 0 -1
    outer loop
      vertex 7.37508 91.3802 1.1
      vertex 6.82075 91.6098 1.1
      vertex 6.98853 91.95 1.1
    endloop
  endfacet
  facet normal -0 0 -1
    outer loop
      vertex 7.21968 90.1998 1.1
      vertex 6.62481 90.1215 1.1
      vertex 7.2 90.5 1.1
    endloop
  endfacet
  facet normal 0 0 -1
    outer loop
      vertex 7.27837 91.0953 1.1
      vertex 6.69882 91.2506 1.1
      vertex 6.82075 91.6098 1.1
    endloop
  endfacet
  facet normal 0 0 -1
    outer loop
      vertex 6.6 90.5 1.1
      vertex 7.2 90.5 1.1
      vertex 6.62481 90.1215 1.1
    endloop
  endfacet
  facet normal 0 0 -1
    outer loop
      vertex 7.21968 90.8002 1.1
      vertex 6.62481 90.8785 1.1
      vertex 6.69882 91.2506 1.1
    endloop
  endfacet
  facet normal 0 0 -1
    outer loop
      vertex 7.2 90.5 1.1
      vertex 6.6 90.5 1.1
      vertex 6.62481 90.8785 1.1
    endloop
  endfacet
  facet normal 0.195077 0.980788 -0
    outer loop
      vertex 9.12147 87.6248 0
      vertex 8.74942 87.6988 1.1
      vertex 9.12147 87.6248 1.1
    endloop
  endfacet
  facet normal 0.195077 0.980788 0
    outer loop
      vertex 8.74942 87.6988 1.1
      vertex 9.12147 87.6248 0
      vertex 8.74942 87.6988 0
    endloop
  endfacet
  facet normal -0.555673 0.831401 0
    outer loop
      vertex 11.2654 88.1993 0
      vertex 10.95 87.9885 1.1
      vertex 11.2654 88.1993 1.1
    endloop
  endfacet
  facet normal -0.555673 0.831401 0
    outer loop
      vertex 10.95 87.9885 1.1
      vertex 11.2654 88.1993 0
      vertex 10.95 87.9885 0
    endloop
  endfacet
  facet normal 0.997859 0.0654079 0
    outer loop
      vertex 6.62481 90.1215 1.1
      vertex 6.6 90.5 0
      vertex 6.6 90.5 1.1
    endloop
  endfacet
  facet normal 0.997859 0.0654079 0
    outer loop
      vertex 6.6 90.5 0
      vertex 6.62481 90.1215 1.1
      vertex 6.62481 90.1215 0
    endloop
  endfacet
  facet normal -0.0653764 0.997861 0
    outer loop
      vertex 9.87853 87.6248 0
      vertex 9.5 87.6 1.1
      vertex 9.87853 87.6248 1.1
    endloop
  endfacet
  facet normal -0.0653764 0.997861 0
    outer loop
      vertex 9.5 87.6 1.1
      vertex 9.87853 87.6248 0
      vertex 9.5 87.6 0
    endloop
  endfacet
  facet normal 0.195077 -0.980788 0
    outer loop
      vertex 8.74942 93.3012 0
      vertex 9.12147 93.3752 1.1
      vertex 8.74942 93.3012 1.1
    endloop
  endfacet
  facet normal 0.195077 -0.980788 0
    outer loop
      vertex 9.12147 93.3752 1.1
      vertex 8.74942 93.3012 0
      vertex 9.12147 93.3752 0
    endloop
  endfacet
  facet normal -0.442356 -0.896839 0
    outer loop
      vertex 10.6098 93.1793 0
      vertex 10.95 93.0115 1.1
      vertex 10.6098 93.1793 1.1
    endloop
  endfacet
  facet normal -0.442356 -0.896839 -0
    outer loop
      vertex 10.95 93.0115 1.1
      vertex 10.6098 93.1793 0
      vertex 10.95 93.0115 0
    endloop
  endfacet
  facet normal -0.321364 -0.946956 0
    outer loop
      vertex 10.2506 93.3012 0
      vertex 10.6098 93.1793 1.1
      vertex 10.2506 93.3012 1.1
    endloop
  endfacet
  facet normal -0.321364 -0.946956 -0
    outer loop
      vertex 10.6098 93.1793 1.1
      vertex 10.2506 93.3012 0
      vertex 10.6098 93.1793 0
    endloop
  endfacet
  facet normal -0.831401 0.555673 0
    outer loop
      vertex 11.8007 88.7346 0
      vertex 12.0115 89.05 1.1
      vertex 12.0115 89.05 0
    endloop
  endfacet
  facet normal -0.831401 0.555673 0
    outer loop
      vertex 12.0115 89.05 1.1
      vertex 11.8007 88.7346 0
      vertex 11.8007 88.7346 1.1
    endloop
  endfacet
  facet normal 0.946932 0.321435 0
    outer loop
      vertex 6.82075 89.3902 1.1
      vertex 6.69882 89.7494 0
      vertex 6.69882 89.7494 1.1
    endloop
  endfacet
  facet normal 0.946932 0.321435 0
    outer loop
      vertex 6.69882 89.7494 0
      vertex 6.82075 89.3902 1.1
      vertex 6.82075 89.3902 0
    endloop
  endfacet
  facet normal -0.946876 0.3216 0
    outer loop
      vertex 12.1792 89.3902 0
      vertex 12.3012 89.7494 1.1
      vertex 12.3012 89.7494 0
    endloop
  endfacet
  facet normal -0.946876 0.3216 0
    outer loop
      vertex 12.3012 89.7494 1.1
      vertex 12.1792 89.3902 0
      vertex 12.1792 89.3902 1.1
    endloop
  endfacet
  facet normal 0.555661 0.831409 -0
    outer loop
      vertex 8.05 87.9885 0
      vertex 7.73459 88.1993 1.1
      vertex 8.05 87.9885 1.1
    endloop
  endfacet
  facet normal 0.555661 0.831409 0
    outer loop
      vertex 7.73459 88.1993 1.1
      vertex 8.05 87.9885 0
      vertex 7.73459 88.1993 0
    endloop
  endfacet
  facet normal -0.195067 -0.98079 0
    outer loop
      vertex 9.87853 93.3752 0
      vertex 10.2506 93.3012 1.1
      vertex 9.87853 93.3752 1.1
    endloop
  endfacet
  facet normal -0.195067 -0.98079 -0
    outer loop
      vertex 10.2506 93.3012 1.1
      vertex 9.87853 93.3752 0
      vertex 10.2506 93.3012 0
    endloop
  endfacet
  facet normal 0.442335 -0.89685 0
    outer loop
      vertex 8.05 93.0115 0
      vertex 8.39022 93.1793 1.1
      vertex 8.05 93.0115 1.1
    endloop
  endfacet
  facet normal 0.442335 -0.89685 0
    outer loop
      vertex 8.39022 93.1793 1.1
      vertex 8.05 93.0115 0
      vertex 8.39022 93.1793 0
    endloop
  endfacet
  facet normal -0.751858 -0.659325 0
    outer loop
      vertex 11.8007 92.2654 0
      vertex 11.5506 92.5506 1.1
      vertex 11.5506 92.5506 0
    endloop
  endfacet
  facet normal -0.751858 -0.659325 0
    outer loop
      vertex 11.5506 92.5506 1.1
      vertex 11.8007 92.2654 0
      vertex 11.8007 92.2654 1.1
    endloop
  endfacet
  facet normal 0.831462 0.555582 0
    outer loop
      vertex 7.19928 88.7346 1.1
      vertex 6.98853 89.05 0
      vertex 6.98853 89.05 1.1
    endloop
  endfacet
  facet normal 0.831462 0.555582 0
    outer loop
      vertex 6.98853 89.05 0
      vertex 7.19928 88.7346 1.1
      vertex 7.19928 88.7346 0
    endloop
  endfacet
  facet normal 0.89686 -0.442314 0
    outer loop
      vertex 6.82075 91.6098 1.1
      vertex 6.98853 91.95 0
      vertex 6.98853 91.95 1.1
    endloop
  endfacet
  facet normal 0.89686 -0.442314 0
    outer loop
      vertex 6.98853 91.95 0
      vertex 6.82075 91.6098 1.1
      vertex 6.82075 91.6098 0
    endloop
  endfacet
  facet normal 0.980788 0.195077 0
    outer loop
      vertex 6.69882 89.7494 1.1
      vertex 6.62481 90.1215 0
      vertex 6.62481 90.1215 1.1
    endloop
  endfacet
  facet normal 0.980788 0.195077 0
    outer loop
      vertex 6.62481 90.1215 0
      vertex 6.69882 89.7494 1.1
      vertex 6.69882 89.7494 0
    endloop
  endfacet
  facet normal 0.980788 -0.195077 0
    outer loop
      vertex 6.62481 90.8785 1.1
      vertex 6.69882 91.2506 0
      vertex 6.69882 91.2506 1.1
    endloop
  endfacet
  facet normal 0.980788 -0.195077 0
    outer loop
      vertex 6.69882 91.2506 0
      vertex 6.62481 90.8785 1.1
      vertex 6.62481 90.8785 0
    endloop
  endfacet
  facet normal -0.896944 0.442144 0
    outer loop
      vertex 12.0115 89.05 0
      vertex 12.1792 89.3902 1.1
      vertex 12.1792 89.3902 0
    endloop
  endfacet
  facet normal -0.896944 0.442144 0
    outer loop
      vertex 12.1792 89.3902 1.1
      vertex 12.0115 89.05 0
      vertex 12.0115 89.05 1.1
    endloop
  endfacet
  facet normal 0.659325 0.751858 -0
    outer loop
      vertex 7.73459 88.1993 0
      vertex 7.44939 88.4494 1.1
      vertex 7.73459 88.1993 1.1
    endloop
  endfacet
  facet normal 0.659325 0.751858 0
    outer loop
      vertex 7.44939 88.4494 1.1
      vertex 7.73459 88.1993 0
      vertex 7.44939 88.4494 0
    endloop
  endfacet
  facet normal 0.751845 -0.65934 0
    outer loop
      vertex 7.19928 92.2654 1.1
      vertex 7.44939 92.5506 0
      vertex 7.44939 92.5506 1.1
    endloop
  endfacet
  facet normal 0.751845 -0.65934 0
    outer loop
      vertex 7.44939 92.5506 0
      vertex 7.19928 92.2654 1.1
      vertex 7.19928 92.2654 0
    endloop
  endfacet
  facet normal -0.1951 -0.980783 0
    outer loop
      vertex 9.80021 92.7803 1.1
      vertex 10.0953 92.7216 4
      vertex 9.80021 92.7803 4
    endloop
  endfacet
  facet normal -0.1951 -0.980783 -0
    outer loop
      vertex 10.0953 92.7216 4
      vertex 9.80021 92.7803 1.1
      vertex 10.0953 92.7216 1.1
    endloop
  endfacet
  facet normal -0.980785 -0.195093 0
    outer loop
      vertex 11.7803 90.8002 1.1
      vertex 11.7216 91.0953 4
      vertex 11.7216 91.0953 1.1
    endloop
  endfacet
  facet normal -0.980785 -0.195093 0
    outer loop
      vertex 11.7216 91.0953 4
      vertex 11.7803 90.8002 1.1
      vertex 11.7803 90.8002 4
    endloop
  endfacet
  facet normal -0.997854 -0.0654821 0
    outer loop
      vertex 11.8 90.5 1.1
      vertex 11.7803 90.8002 4
      vertex 11.7803 90.8002 1.1
    endloop
  endfacet
  facet normal -0.997854 -0.0654821 0
    outer loop
      vertex 11.7803 90.8002 4
      vertex 11.8 90.5 1.1
      vertex 11.8 90.5 4
    endloop
  endfacet
  facet normal -0.946941 -0.321408 0
    outer loop
      vertex 11.7216 91.0953 1.1
      vertex 11.6249 91.3802 4
      vertex 11.6249 91.3802 1.1
    endloop
  endfacet
  facet normal -0.946941 -0.321408 0
    outer loop
      vertex 11.6249 91.3802 4
      vertex 11.7216 91.0953 1.1
      vertex 11.7216 91.0953 4
    endloop
  endfacet
  facet normal -0.831436 -0.55562 0
    outer loop
      vertex 11.4919 91.65 1.1
      vertex 11.3247 91.9002 4
      vertex 11.3247 91.9002 1.1
    endloop
  endfacet
  facet normal -0.831436 -0.55562 0
    outer loop
      vertex 11.3247 91.9002 4
      vertex 11.4919 91.65 1.1
      vertex 11.4919 91.65 4
    endloop
  endfacet
  facet normal -0.321408 -0.946941 0
    outer loop
      vertex 10.0953 92.7216 1.1
      vertex 10.3802 92.6249 4
      vertex 10.0953 92.7216 4
    endloop
  endfacet
  facet normal -0.321408 -0.946941 -0
    outer loop
      vertex 10.3802 92.6249 4
      vertex 10.0953 92.7216 1.1
      vertex 10.3802 92.6249 1.1
    endloop
  endfacet
  facet normal 0.980791 0.195061 0
    outer loop
      vertex 7.27837 89.9047 4
      vertex 7.21968 90.1998 1.1
      vertex 7.21968 90.1998 4
    endloop
  endfacet
  facet normal 0.980791 0.195061 0
    outer loop
      vertex 7.21968 90.1998 1.1
      vertex 7.27837 89.9047 4
      vertex 7.27837 89.9047 1.1
    endloop
  endfacet
  facet normal -0.997854 0.0654821 0
    outer loop
      vertex 11.7803 90.1998 1.1
      vertex 11.8 90.5 4
      vertex 11.8 90.5 1.1
    endloop
  endfacet
  facet normal -0.997854 0.0654821 0
    outer loop
      vertex 11.8 90.5 4
      vertex 11.7803 90.1998 1.1
      vertex 11.7803 90.1998 4
    endloop
  endfacet
  facet normal 0.555697 0.831385 -0
    outer loop
      vertex 8.35 88.5081 1.1
      vertex 8.09985 88.6753 4
      vertex 8.35 88.5081 4
    endloop
  endfacet
  facet normal 0.555697 0.831385 0
    outer loop
      vertex 8.09985 88.6753 4
      vertex 8.35 88.5081 1.1
      vertex 8.09985 88.6753 1.1
    endloop
  endfacet
  facet normal 0.997858 0.0654159 0
    outer loop
      vertex 7.21968 90.1998 4
      vertex 7.2 90.5 1.1
      vertex 7.2 90.5 4
    endloop
  endfacet
  facet normal 0.997858 0.0654159 0
    outer loop
      vertex 7.2 90.5 1.1
      vertex 7.21968 90.1998 4
      vertex 7.21968 90.1998 1.1
    endloop
  endfacet
  facet normal 0.321418 0.946937 -0
    outer loop
      vertex 8.90472 88.2784 1.1
      vertex 8.61983 88.3751 4
      vertex 8.90472 88.2784 4
    endloop
  endfacet
  facet normal 0.321418 0.946937 0
    outer loop
      vertex 8.61983 88.3751 4
      vertex 8.90472 88.2784 1.1
      vertex 8.61983 88.3751 1.1
    endloop
  endfacet
  facet normal -0.89694 -0.442153 0
    outer loop
      vertex 11.6249 91.3802 1.1
      vertex 11.4919 91.65 4
      vertex 11.4919 91.65 1.1
    endloop
  endfacet
  facet normal -0.89694 -0.442153 0
    outer loop
      vertex 11.4919 91.65 4
      vertex 11.6249 91.3802 1.1
      vertex 11.6249 91.3802 4
    endloop
  endfacet
  facet normal -0.751649 -0.659563 0
    outer loop
      vertex 11.3247 91.9002 1.1
      vertex 11.1263 92.1263 4
      vertex 11.1263 92.1263 1.1
    endloop
  endfacet
  facet normal -0.751649 -0.659563 0
    outer loop
      vertex 11.1263 92.1263 4
      vertex 11.3247 91.9002 1.1
      vertex 11.3247 91.9002 4
    endloop
  endfacet
  facet normal -0.946941 0.321408 0
    outer loop
      vertex 11.6249 89.6198 1.1
      vertex 11.7216 89.9047 4
      vertex 11.7216 89.9047 1.1
    endloop
  endfacet
  facet normal -0.946941 0.321408 0
    outer loop
      vertex 11.7216 89.9047 4
      vertex 11.6249 89.6198 1.1
      vertex 11.6249 89.6198 4
    endloop
  endfacet
  facet normal 0.751699 0.659507 0
    outer loop
      vertex 7.87366 88.8737 4
      vertex 7.67529 89.0998 1.1
      vertex 7.67529 89.0998 4
    endloop
  endfacet
  facet normal 0.751699 0.659507 0
    outer loop
      vertex 7.67529 89.0998 1.1
      vertex 7.87366 88.8737 4
      vertex 7.87366 88.8737 1.1
    endloop
  endfacet
  facet normal -0.980785 0.195093 0
    outer loop
      vertex 11.7216 89.9047 1.1
      vertex 11.7803 90.1998 4
      vertex 11.7803 90.1998 1.1
    endloop
  endfacet
  facet normal -0.980785 0.195093 0
    outer loop
      vertex 11.7803 90.1998 4
      vertex 11.7216 89.9047 1.1
      vertex 11.7216 89.9047 4
    endloop
  endfacet
  facet normal -0.0654799 0.997854 0
    outer loop
      vertex 9.80021 88.2197 1.1
      vertex 9.5 88.2 4
      vertex 9.80021 88.2197 4
    endloop
  endfacet
  facet normal -0.0654799 0.997854 0
    outer loop
      vertex 9.5 88.2 4
      vertex 9.80021 88.2197 1.1
      vertex 9.5 88.2 1.1
    endloop
  endfacet
  facet normal 0.946931 0.321438 0
    outer loop
      vertex 7.37508 89.6198 4
      vertex 7.27837 89.9047 1.1
      vertex 7.27837 89.9047 4
    endloop
  endfacet
  facet normal 0.946931 0.321438 0
    outer loop
      vertex 7.27837 89.9047 1.1
      vertex 7.37508 89.6198 4
      vertex 7.37508 89.6198 1.1
    endloop
  endfacet
  facet normal -0.831436 0.55562 0
    outer loop
      vertex 11.3247 89.0998 1.1
      vertex 11.4919 89.35 4
      vertex 11.4919 89.35 1.1
    endloop
  endfacet
  facet normal -0.831436 0.55562 0
    outer loop
      vertex 11.4919 89.35 4
      vertex 11.3247 89.0998 1.1
      vertex 11.3247 89.0998 4
    endloop
  endfacet
  facet normal -0.442153 -0.89694 0
    outer loop
      vertex 10.3802 92.6249 1.1
      vertex 10.65 92.4919 4
      vertex 10.3802 92.6249 4
    endloop
  endfacet
  facet normal -0.442153 -0.89694 -0
    outer loop
      vertex 10.65 92.4919 4
      vertex 10.3802 92.6249 1.1
      vertex 10.65 92.4919 1.1
    endloop
  endfacet
  facet normal 0.442114 -0.896959 0
    outer loop
      vertex 8.35 92.4919 1.1
      vertex 8.61983 92.6249 4
      vertex 8.35 92.4919 4
    endloop
  endfacet
  facet normal 0.442114 -0.896959 0
    outer loop
      vertex 8.61983 92.6249 4
      vertex 8.35 92.4919 1.1
      vertex 8.61983 92.6249 1.1
    endloop
  endfacet
  facet normal -0.442153 0.89694 0
    outer loop
      vertex 10.65 88.5081 1.1
      vertex 10.3802 88.3751 4
      vertex 10.65 88.5081 4
    endloop
  endfacet
  facet normal -0.442153 0.89694 0
    outer loop
      vertex 10.3802 88.3751 4
      vertex 10.65 88.5081 1.1
      vertex 10.3802 88.3751 1.1
    endloop
  endfacet
  facet normal -0.321408 0.946941 0
    outer loop
      vertex 10.3802 88.3751 1.1
      vertex 10.0953 88.2784 4
      vertex 10.3802 88.3751 4
    endloop
  endfacet
  facet normal -0.321408 0.946941 0
    outer loop
      vertex 10.0953 88.2784 4
      vertex 10.3802 88.3751 1.1
      vertex 10.0953 88.2784 1.1
    endloop
  endfacet
  facet normal 0.195112 0.980781 -0
    outer loop
      vertex 9.19979 88.2197 1.1
      vertex 8.90472 88.2784 4
      vertex 9.19979 88.2197 4
    endloop
  endfacet
  facet normal 0.195112 0.980781 0
    outer loop
      vertex 8.90472 88.2784 4
      vertex 9.19979 88.2197 1.1
      vertex 8.90472 88.2784 1.1
    endloop
  endfacet
  facet normal 0.946931 -0.321438 0
    outer loop
      vertex 7.27837 91.0953 4
      vertex 7.37508 91.3802 1.1
      vertex 7.37508 91.3802 4
    endloop
  endfacet
  facet normal 0.946931 -0.321438 0
    outer loop
      vertex 7.37508 91.3802 1.1
      vertex 7.27837 91.0953 4
      vertex 7.27837 91.0953 1.1
    endloop
  endfacet
  facet normal 0.195112 -0.980781 0
    outer loop
      vertex 8.90472 92.7216 1.1
      vertex 9.19979 92.7803 4
      vertex 8.90472 92.7216 4
    endloop
  endfacet
  facet normal 0.195112 -0.980781 0
    outer loop
      vertex 9.19979 92.7803 4
      vertex 8.90472 92.7216 1.1
      vertex 9.19979 92.7803 1.1
    endloop
  endfacet
  facet normal 0.555697 -0.831385 0
    outer loop
      vertex 8.09985 92.3247 1.1
      vertex 8.35 92.4919 4
      vertex 8.09985 92.3247 4
    endloop
  endfacet
  facet normal 0.555697 -0.831385 0
    outer loop
      vertex 8.35 92.4919 4
      vertex 8.09985 92.3247 1.1
      vertex 8.35 92.4919 1.1
    endloop
  endfacet
  facet normal -0.55562 0.831436 0
    outer loop
      vertex 10.9002 88.6753 1.1
      vertex 10.65 88.5081 4
      vertex 10.9002 88.6753 4
    endloop
  endfacet
  facet normal -0.55562 0.831436 0
    outer loop
      vertex 10.65 88.5081 4
      vertex 10.9002 88.6753 1.1
      vertex 10.65 88.5081 1.1
    endloop
  endfacet
  facet normal -0.1951 0.980783 0
    outer loop
      vertex 10.0953 88.2784 1.1
      vertex 9.80021 88.2197 4
      vertex 10.0953 88.2784 4
    endloop
  endfacet
  facet normal -0.1951 0.980783 0
    outer loop
      vertex 9.80021 88.2197 4
      vertex 10.0953 88.2784 1.1
      vertex 9.80021 88.2197 1.1
    endloop
  endfacet
  facet normal 0.89686 -0.442314 0
    outer loop
      vertex 7.37508 91.3802 4
      vertex 7.50814 91.65 1.1
      vertex 7.50814 91.65 4
    endloop
  endfacet
  facet normal 0.89686 -0.442314 0
    outer loop
      vertex 7.50814 91.65 1.1
      vertex 7.37508 91.3802 4
      vertex 7.37508 91.3802 1.1
    endloop
  endfacet
  facet normal 0.831513 -0.555505 0
    outer loop
      vertex 7.50814 91.65 4
      vertex 7.67529 91.9002 1.1
      vertex 7.67529 91.9002 4
    endloop
  endfacet
  facet normal 0.831513 -0.555505 0
    outer loop
      vertex 7.67529 91.9002 1.1
      vertex 7.50814 91.65 4
      vertex 7.50814 91.65 1.1
    endloop
  endfacet
  facet normal 0.0654799 0.997854 -0
    outer loop
      vertex 9.5 88.2 1.1
      vertex 9.19979 88.2197 4
      vertex 9.5 88.2 4
    endloop
  endfacet
  facet normal 0.0654799 0.997854 0
    outer loop
      vertex 9.19979 88.2197 4
      vertex 9.5 88.2 1.1
      vertex 9.19979 88.2197 1.1
    endloop
  endfacet
  facet normal 0.659415 -0.751779 0
    outer loop
      vertex 7.87366 92.1263 1.1
      vertex 8.09985 92.3247 4
      vertex 7.87366 92.1263 4
    endloop
  endfacet
  facet normal 0.659415 -0.751779 0
    outer loop
      vertex 8.09985 92.3247 4
      vertex 7.87366 92.1263 1.1
      vertex 8.09985 92.3247 1.1
    endloop
  endfacet
  facet normal 0.659415 0.751779 -0
    outer loop
      vertex 8.09985 88.6753 1.1
      vertex 7.87366 88.8737 4
      vertex 8.09985 88.6753 4
    endloop
  endfacet
  facet normal 0.659415 0.751779 0
    outer loop
      vertex 7.87366 88.8737 4
      vertex 8.09985 88.6753 1.1
      vertex 7.87366 88.8737 1.1
    endloop
  endfacet
  facet normal 0.751699 -0.659507 0
    outer loop
      vertex 7.67529 91.9002 4
      vertex 7.87366 92.1263 1.1
      vertex 7.87366 92.1263 4
    endloop
  endfacet
  facet normal 0.751699 -0.659507 0
    outer loop
      vertex 7.87366 92.1263 1.1
      vertex 7.67529 91.9002 4
      vertex 7.67529 91.9002 1.1
    endloop
  endfacet
  facet normal -0.751649 0.659563 0
    outer loop
      vertex 11.1263 88.8737 1.1
      vertex 11.3247 89.0998 4
      vertex 11.3247 89.0998 1.1
    endloop
  endfacet
  facet normal -0.751649 0.659563 0
    outer loop
      vertex 11.3247 89.0998 4
      vertex 11.1263 88.8737 1.1
      vertex 11.1263 88.8737 4
    endloop
  endfacet
  facet normal -0.89694 0.442153 0
    outer loop
      vertex 11.4919 89.35 1.1
      vertex 11.6249 89.6198 4
      vertex 11.6249 89.6198 1.1
    endloop
  endfacet
  facet normal -0.89694 0.442153 0
    outer loop
      vertex 11.6249 89.6198 4
      vertex 11.4919 89.35 1.1
      vertex 11.4919 89.35 4
    endloop
  endfacet
  facet normal 0.980791 -0.195061 0
    outer loop
      vertex 7.21968 90.8002 4
      vertex 7.27837 91.0953 1.1
      vertex 7.27837 91.0953 4
    endloop
  endfacet
  facet normal 0.980791 -0.195061 0
    outer loop
      vertex 7.27837 91.0953 1.1
      vertex 7.21968 90.8002 4
      vertex 7.21968 90.8002 1.1
    endloop
  endfacet
  facet normal -0.0654799 -0.997854 0
    outer loop
      vertex 9.5 92.8 1.1
      vertex 9.80021 92.7803 4
      vertex 9.5 92.8 4
    endloop
  endfacet
  facet normal -0.0654799 -0.997854 -0
    outer loop
      vertex 9.80021 92.7803 4
      vertex 9.5 92.8 1.1
      vertex 9.80021 92.7803 1.1
    endloop
  endfacet
  facet normal -0.55562 -0.831436 0
    outer loop
      vertex 10.65 92.4919 1.1
      vertex 10.9002 92.3247 4
      vertex 10.65 92.4919 4
    endloop
  endfacet
  facet normal -0.55562 -0.831436 -0
    outer loop
      vertex 10.9002 92.3247 4
      vertex 10.65 92.4919 1.1
      vertex 10.9002 92.3247 1.1
    endloop
  endfacet
  facet normal 0.321418 -0.946937 0
    outer loop
      vertex 8.61983 92.6249 1.1
      vertex 8.90472 92.7216 4
      vertex 8.61983 92.6249 4
    endloop
  endfacet
  facet normal 0.321418 -0.946937 0
    outer loop
      vertex 8.90472 92.7216 4
      vertex 8.61983 92.6249 1.1
      vertex 8.90472 92.7216 1.1
    endloop
  endfacet
  facet normal 0.0654799 -0.997854 0
    outer loop
      vertex 9.19979 92.7803 1.1
      vertex 9.5 92.8 4
      vertex 9.19979 92.7803 4
    endloop
  endfacet
  facet normal 0.0654799 -0.997854 0
    outer loop
      vertex 9.5 92.8 4
      vertex 9.19979 92.7803 1.1
      vertex 9.5 92.8 1.1
    endloop
  endfacet
  facet normal 0.997858 -0.0654159 0
    outer loop
      vertex 7.2 90.5 4
      vertex 7.21968 90.8002 1.1
      vertex 7.21968 90.8002 4
    endloop
  endfacet
  facet normal 0.997858 -0.0654159 0
    outer loop
      vertex 7.21968 90.8002 1.1
      vertex 7.2 90.5 4
      vertex 7.2 90.5 1.1
    endloop
  endfacet
  facet normal -0.659563 -0.751649 0
    outer loop
      vertex 10.9002 92.3247 1.1
      vertex 11.1263 92.1263 4
      vertex 10.9002 92.3247 4
    endloop
  endfacet
  facet normal -0.659563 -0.751649 -0
    outer loop
      vertex 11.1263 92.1263 4
      vertex 10.9002 92.3247 1.1
      vertex 11.1263 92.1263 1.1
    endloop
  endfacet
  facet normal 0.89686 0.442314 0
    outer loop
      vertex 7.50814 89.35 4
      vertex 7.37508 89.6198 1.1
      vertex 7.37508 89.6198 4
    endloop
  endfacet
  facet normal 0.89686 0.442314 0
    outer loop
      vertex 7.37508 89.6198 1.1
      vertex 7.50814 89.35 4
      vertex 7.50814 89.35 1.1
    endloop
  endfacet
  facet normal 0.442114 0.896959 -0
    outer loop
      vertex 8.61983 88.3751 1.1
      vertex 8.35 88.5081 4
      vertex 8.61983 88.3751 4
    endloop
  endfacet
  facet normal 0.442114 0.896959 0
    outer loop
      vertex 8.35 88.5081 4
      vertex 8.61983 88.3751 1.1
      vertex 8.35 88.5081 1.1
    endloop
  endfacet
  facet normal -0.659563 0.751649 0
    outer loop
      vertex 11.1263 88.8737 1.1
      vertex 10.9002 88.6753 4
      vertex 11.1263 88.8737 4
    endloop
  endfacet
  facet normal -0.659563 0.751649 0
    outer loop
      vertex 10.9002 88.6753 4
      vertex 11.1263 88.8737 1.1
      vertex 10.9002 88.6753 1.1
    endloop
  endfacet
  facet normal 0.831513 0.555505 0
    outer loop
      vertex 7.67529 89.0998 4
      vertex 7.50814 89.35 1.1
      vertex 7.50814 89.35 4
    endloop
  endfacet
  facet normal 0.831513 0.555505 0
    outer loop
      vertex 7.50814 89.35 1.1
      vertex 7.67529 89.0998 4
      vertex 7.67529 89.0998 1.1
    endloop
  endfacet
  facet normal 0.321498 0.94691 -0
    outer loop
      vertex 69.0307 71.1955 0
      vertex 68.5353 71.3637 4
      vertex 69.0307 71.1955 4
    endloop
  endfacet
  facet normal 0.321498 0.94691 0
    outer loop
      vertex 68.5353 71.3637 4
      vertex 69.0307 71.1955 0
      vertex 68.5353 71.3637 0
    endloop
  endfacet
  facet normal 0.980779 0.195124 0
    outer loop
      vertex 71.4658 68.0221 4
      vertex 71.3637 68.5353 0
      vertex 71.3637 68.5353 4
    endloop
  endfacet
  facet normal 0.980779 0.195124 0
    outer loop
      vertex 71.3637 68.5353 0
      vertex 71.4658 68.0221 4
      vertex 71.4658 68.0221 0
    endloop
  endfacet
  facet normal 0.997861 0.0653646 0
    outer loop
      vertex 71.5 67.5 4
      vertex 71.4658 68.0221 0
      vertex 71.4658 68.0221 4
    endloop
  endfacet
  facet normal 0.997861 0.0653646 0
    outer loop
      vertex 71.4658 68.0221 0
      vertex 71.5 67.5 4
      vertex 71.5 67.5 0
    endloop
  endfacet
  facet normal 0.94691 0.321498 0
    outer loop
      vertex 71.3637 68.5353 4
      vertex 71.1955 69.0307 0
      vertex 71.1955 69.0307 4
    endloop
  endfacet
  facet normal 0.94691 0.321498 0
    outer loop
      vertex 71.1955 69.0307 0
      vertex 71.3637 68.5353 4
      vertex 71.3637 68.5353 0
    endloop
  endfacet
  facet normal 0.442238 0.896898 -0
    outer loop
      vertex 69.5 70.9641 0
      vertex 69.0307 71.1955 4
      vertex 69.5 70.9641 4
    endloop
  endfacet
  facet normal 0.442238 0.896898 0
    outer loop
      vertex 69.0307 71.1955 4
      vertex 69.5 70.9641 0
      vertex 69.0307 71.1955 0
    endloop
  endfacet
  facet normal -0.997861 -0.0653646 0
    outer loop
      vertex 63.5342 66.9779 0
      vertex 63.5 67.5 4
      vertex 63.5 67.5 0
    endloop
  endfacet
  facet normal -0.997861 -0.0653646 0
    outer loop
      vertex 63.5 67.5 4
      vertex 63.5342 66.9779 0
      vertex 63.5342 66.9779 4
    endloop
  endfacet
  facet normal 0.896898 0.442238 0
    outer loop
      vertex 71.1955 69.0307 4
      vertex 70.9641 69.5 0
      vertex 70.9641 69.5 4
    endloop
  endfacet
  facet normal 0.896898 0.442238 0
    outer loop
      vertex 70.9641 69.5 0
      vertex 71.1955 69.0307 4
      vertex 71.1955 69.0307 0
    endloop
  endfacet
  facet normal 0.831432 0.555626 0
    outer loop
      vertex 70.9641 69.5 4
      vertex 70.6734 69.935 0
      vertex 70.6734 69.935 4
    endloop
  endfacet
  facet normal 0.831432 0.555626 0
    outer loop
      vertex 70.6734 69.935 0
      vertex 70.9641 69.5 4
      vertex 70.9641 69.5 0
    endloop
  endfacet
  facet normal 0.659343 0.751842 -0
    outer loop
      vertex 70.3284 70.3284 0
      vertex 69.935 70.6734 4
      vertex 70.3284 70.3284 4
    endloop
  endfacet
  facet normal 0.659343 0.751842 0
    outer loop
      vertex 69.935 70.6734 4
      vertex 70.3284 70.3284 0
      vertex 69.935 70.6734 0
    endloop
  endfacet
  facet normal -0.659343 0.751842 0
    outer loop
      vertex 65.065 70.6734 0
      vertex 64.6716 70.3284 4
      vertex 65.065 70.6734 4
    endloop
  endfacet
  facet normal -0.659343 0.751842 0
    outer loop
      vertex 64.6716 70.3284 4
      vertex 65.065 70.6734 0
      vertex 64.6716 70.3284 0
    endloop
  endfacet
  facet normal 0.751842 0.659343 0
    outer loop
      vertex 70.6734 69.935 4
      vertex 70.3284 70.3284 0
      vertex 70.3284 70.3284 4
    endloop
  endfacet
  facet normal 0.751842 0.659343 0
    outer loop
      vertex 70.3284 70.3284 0
      vertex 70.6734 69.935 4
      vertex 70.6734 69.935 0
    endloop
  endfacet
  facet normal -0.980779 0.195124 0
    outer loop
      vertex 63.5342 68.0221 0
      vertex 63.6363 68.5353 4
      vertex 63.6363 68.5353 0
    endloop
  endfacet
  facet normal -0.980779 0.195124 0
    outer loop
      vertex 63.6363 68.5353 4
      vertex 63.5342 68.0221 0
      vertex 63.5342 68.0221 4
    endloop
  endfacet
  facet normal -0.997861 0.0653646 0
    outer loop
      vertex 63.5 67.5 0
      vertex 63.5342 68.0221 4
      vertex 63.5342 68.0221 0
    endloop
  endfacet
  facet normal -0.997861 0.0653646 0
    outer loop
      vertex 63.5342 68.0221 4
      vertex 63.5 67.5 0
      vertex 63.5 67.5 4
    endloop
  endfacet
  facet normal -0.751842 -0.659343 0
    outer loop
      vertex 64.6716 64.6716 0
      vertex 64.3266 65.065 4
      vertex 64.3266 65.065 0
    endloop
  endfacet
  facet normal -0.751842 -0.659343 0
    outer loop
      vertex 64.3266 65.065 4
      vertex 64.6716 64.6716 0
      vertex 64.6716 64.6716 4
    endloop
  endfacet
  facet normal 0.555626 0.831432 -0
    outer loop
      vertex 69.935 70.6734 0
      vertex 69.5 70.9641 4
      vertex 69.935 70.6734 4
    endloop
  endfacet
  facet normal 0.555626 0.831432 0
    outer loop
      vertex 69.5 70.9641 4
      vertex 69.935 70.6734 0
      vertex 69.5 70.9641 0
    endloop
  endfacet
  facet normal 0.195124 -0.980779 0
    outer loop
      vertex 68.0221 63.5342 0
      vertex 68.5353 63.6363 4
      vertex 68.0221 63.5342 4
    endloop
  endfacet
  facet normal 0.195124 -0.980779 0
    outer loop
      vertex 68.5353 63.6363 4
      vertex 68.0221 63.5342 0
      vertex 68.5353 63.6363 0
    endloop
  endfacet
  facet normal -0.442238 0.896898 0
    outer loop
      vertex 65.9693 71.1955 0
      vertex 65.5 70.9641 4
      vertex 65.9693 71.1955 4
    endloop
  endfacet
  facet normal -0.442238 0.896898 0
    outer loop
      vertex 65.5 70.9641 4
      vertex 65.9693 71.1955 0
      vertex 65.5 70.9641 0
    endloop
  endfacet
  facet normal -0.321498 -0.94691 0
    outer loop
      vertex 65.9693 63.8045 0
      vertex 66.4647 63.6363 4
      vertex 65.9693 63.8045 4
    endloop
  endfacet
  facet normal -0.321498 -0.94691 -0
    outer loop
      vertex 66.4647 63.6363 4
      vertex 65.9693 63.8045 0
      vertex 66.4647 63.6363 0
    endloop
  endfacet
  facet normal 0.980779 -0.195124 0
    outer loop
      vertex 71.3637 66.4647 4
      vertex 71.4658 66.9779 0
      vertex 71.4658 66.9779 4
    endloop
  endfacet
  facet normal 0.980779 -0.195124 0
    outer loop
      vertex 71.4658 66.9779 0
      vertex 71.3637 66.4647 4
      vertex 71.3637 66.4647 0
    endloop
  endfacet
  facet normal -0.751842 0.659343 0
    outer loop
      vertex 64.3266 69.935 0
      vertex 64.6716 70.3284 4
      vertex 64.6716 70.3284 0
    endloop
  endfacet
  facet normal -0.751842 0.659343 0
    outer loop
      vertex 64.6716 70.3284 4
      vertex 64.3266 69.935 0
      vertex 64.3266 69.935 4
    endloop
  endfacet
  facet normal 0.831432 -0.555626 0
    outer loop
      vertex 70.6734 65.065 4
      vertex 70.9641 65.5 0
      vertex 70.9641 65.5 4
    endloop
  endfacet
  facet normal 0.831432 -0.555626 0
    outer loop
      vertex 70.9641 65.5 0
      vertex 70.6734 65.065 4
      vertex 70.6734 65.065 0
    endloop
  endfacet
  facet normal -0.321498 0.94691 0
    outer loop
      vertex 66.4647 71.3637 0
      vertex 65.9693 71.1955 4
      vertex 66.4647 71.3637 4
    endloop
  endfacet
  facet normal -0.321498 0.94691 0
    outer loop
      vertex 65.9693 71.1955 4
      vertex 66.4647 71.3637 0
      vertex 65.9693 71.1955 0
    endloop
  endfacet
  facet normal -0.980779 -0.195124 0
    outer loop
      vertex 63.6363 66.4647 0
      vertex 63.5342 66.9779 4
      vertex 63.5342 66.9779 0
    endloop
  endfacet
  facet normal -0.980779 -0.195124 0
    outer loop
      vertex 63.5342 66.9779 4
      vertex 63.6363 66.4647 0
      vertex 63.6363 66.4647 4
    endloop
  endfacet
  facet normal -0.195124 -0.980779 0
    outer loop
      vertex 66.4647 63.6363 0
      vertex 66.9779 63.5342 4
      vertex 66.4647 63.6363 4
    endloop
  endfacet
  facet normal -0.195124 -0.980779 -0
    outer loop
      vertex 66.9779 63.5342 4
      vertex 66.4647 63.6363 0
      vertex 66.9779 63.5342 0
    endloop
  endfacet
  facet normal 0.94691 -0.321498 0
    outer loop
      vertex 71.1955 65.9693 4
      vertex 71.3637 66.4647 0
      vertex 71.3637 66.4647 4
    endloop
  endfacet
  facet normal 0.94691 -0.321498 0
    outer loop
      vertex 71.3637 66.4647 0
      vertex 71.1955 65.9693 4
      vertex 71.1955 65.9693 0
    endloop
  endfacet
  facet normal 0.0653646 -0.997861 0
    outer loop
      vertex 67.5 63.5 0
      vertex 68.0221 63.5342 4
      vertex 67.5 63.5 4
    endloop
  endfacet
  facet normal 0.0653646 -0.997861 0
    outer loop
      vertex 68.0221 63.5342 4
      vertex 67.5 63.5 0
      vertex 68.0221 63.5342 0
    endloop
  endfacet
  facet normal 0.751842 -0.659343 0
    outer loop
      vertex 70.3284 64.6716 4
      vertex 70.6734 65.065 0
      vertex 70.6734 65.065 4
    endloop
  endfacet
  facet normal 0.751842 -0.659343 0
    outer loop
      vertex 70.6734 65.065 0
      vertex 70.3284 64.6716 4
      vertex 70.3284 64.6716 0
    endloop
  endfacet
  facet normal -0.0653646 0.997861 0
    outer loop
      vertex 67.5 71.5 0
      vertex 66.9779 71.4658 4
      vertex 67.5 71.5 4
    endloop
  endfacet
  facet normal -0.0653646 0.997861 0
    outer loop
      vertex 66.9779 71.4658 4
      vertex 67.5 71.5 0
      vertex 66.9779 71.4658 0
    endloop
  endfacet
  facet normal 0.555626 -0.831432 0
    outer loop
      vertex 69.5 64.0359 0
      vertex 69.935 64.3266 4
      vertex 69.5 64.0359 4
    endloop
  endfacet
  facet normal 0.555626 -0.831432 0
    outer loop
      vertex 69.935 64.3266 4
      vertex 69.5 64.0359 0
      vertex 69.935 64.3266 0
    endloop
  endfacet
  facet normal -0.659343 -0.751842 0
    outer loop
      vertex 64.6716 64.6716 0
      vertex 65.065 64.3266 4
      vertex 64.6716 64.6716 4
    endloop
  endfacet
  facet normal -0.659343 -0.751842 -0
    outer loop
      vertex 65.065 64.3266 4
      vertex 64.6716 64.6716 0
      vertex 65.065 64.3266 0
    endloop
  endfacet
  facet normal -0.555626 -0.831432 0
    outer loop
      vertex 65.065 64.3266 0
      vertex 65.5 64.0359 4
      vertex 65.065 64.3266 4
    endloop
  endfacet
  facet normal -0.555626 -0.831432 -0
    outer loop
      vertex 65.5 64.0359 4
      vertex 65.065 64.3266 0
      vertex 65.5 64.0359 0
    endloop
  endfacet
  facet normal -0.896898 0.442238 0
    outer loop
      vertex 63.8045 69.0307 0
      vertex 64.0359 69.5 4
      vertex 64.0359 69.5 0
    endloop
  endfacet
  facet normal -0.896898 0.442238 0
    outer loop
      vertex 64.0359 69.5 4
      vertex 63.8045 69.0307 0
      vertex 63.8045 69.0307 4
    endloop
  endfacet
  facet normal 0.0653646 0.997861 -0
    outer loop
      vertex 68.0221 71.4658 0
      vertex 67.5 71.5 4
      vertex 68.0221 71.4658 4
    endloop
  endfacet
  facet normal 0.0653646 0.997861 0
    outer loop
      vertex 67.5 71.5 4
      vertex 68.0221 71.4658 0
      vertex 67.5 71.5 0
    endloop
  endfacet
  facet normal 0.997861 -0.0653646 0
    outer loop
      vertex 71.4658 66.9779 4
      vertex 71.5 67.5 0
      vertex 71.5 67.5 4
    endloop
  endfacet
  facet normal 0.997861 -0.0653646 0
    outer loop
      vertex 71.5 67.5 0
      vertex 71.4658 66.9779 4
      vertex 71.4658 66.9779 0
    endloop
  endfacet
  facet normal -0.195124 0.980779 0
    outer loop
      vertex 66.9779 71.4658 0
      vertex 66.4647 71.3637 4
      vertex 66.9779 71.4658 4
    endloop
  endfacet
  facet normal -0.195124 0.980779 0
    outer loop
      vertex 66.4647 71.3637 4
      vertex 66.9779 71.4658 0
      vertex 66.4647 71.3637 0
    endloop
  endfacet
  facet normal -0.555626 0.831432 0
    outer loop
      vertex 65.5 70.9641 0
      vertex 65.065 70.6734 4
      vertex 65.5 70.9641 4
    endloop
  endfacet
  facet normal -0.555626 0.831432 0
    outer loop
      vertex 65.065 70.6734 4
      vertex 65.5 70.9641 0
      vertex 65.065 70.6734 0
    endloop
  endfacet
  facet normal -0.0653646 -0.997861 0
    outer loop
      vertex 66.9779 63.5342 0
      vertex 67.5 63.5 4
      vertex 66.9779 63.5342 4
    endloop
  endfacet
  facet normal -0.0653646 -0.997861 -0
    outer loop
      vertex 67.5 63.5 4
      vertex 66.9779 63.5342 0
      vertex 67.5 63.5 0
    endloop
  endfacet
  facet normal 0.896898 -0.442238 0
    outer loop
      vertex 70.9641 65.5 4
      vertex 71.1955 65.9693 0
      vertex 71.1955 65.9693 4
    endloop
  endfacet
  facet normal 0.896898 -0.442238 0
    outer loop
      vertex 71.1955 65.9693 0
      vertex 70.9641 65.5 4
      vertex 70.9641 65.5 0
    endloop
  endfacet
  facet normal -0.94691 0.321498 0
    outer loop
      vertex 63.6363 68.5353 0
      vertex 63.8045 69.0307 4
      vertex 63.8045 69.0307 0
    endloop
  endfacet
  facet normal -0.94691 0.321498 0
    outer loop
      vertex 63.8045 69.0307 4
      vertex 63.6363 68.5353 0
      vertex 63.6363 68.5353 4
    endloop
  endfacet
  facet normal -0.94691 -0.321498 0
    outer loop
      vertex 63.8045 65.9693 0
      vertex 63.6363 66.4647 4
      vertex 63.6363 66.4647 0
    endloop
  endfacet
  facet normal -0.94691 -0.321498 0
    outer loop
      vertex 63.6363 66.4647 4
      vertex 63.8045 65.9693 0
      vertex 63.8045 65.9693 4
    endloop
  endfacet
  facet normal -0.831432 0.555626 0
    outer loop
      vertex 64.0359 69.5 0
      vertex 64.3266 69.935 4
      vertex 64.3266 69.935 0
    endloop
  endfacet
  facet normal -0.831432 0.555626 0
    outer loop
      vertex 64.3266 69.935 4
      vertex 64.0359 69.5 0
      vertex 64.0359 69.5 4
    endloop
  endfacet
  facet normal 0.442238 -0.896898 0
    outer loop
      vertex 69.0307 63.8045 0
      vertex 69.5 64.0359 4
      vertex 69.0307 63.8045 4
    endloop
  endfacet
  facet normal 0.442238 -0.896898 0
    outer loop
      vertex 69.5 64.0359 4
      vertex 69.0307 63.8045 0
      vertex 69.5 64.0359 0
    endloop
  endfacet
  facet normal 0.321498 -0.94691 0
    outer loop
      vertex 68.5353 63.6363 0
      vertex 69.0307 63.8045 4
      vertex 68.5353 63.6363 4
    endloop
  endfacet
  facet normal 0.321498 -0.94691 0
    outer loop
      vertex 69.0307 63.8045 4
      vertex 68.5353 63.6363 0
      vertex 69.0307 63.8045 0
    endloop
  endfacet
  facet normal 0.659343 -0.751842 0
    outer loop
      vertex 69.935 64.3266 0
      vertex 70.3284 64.6716 4
      vertex 69.935 64.3266 4
    endloop
  endfacet
  facet normal 0.659343 -0.751842 0
    outer loop
      vertex 70.3284 64.6716 4
      vertex 69.935 64.3266 0
      vertex 70.3284 64.6716 0
    endloop
  endfacet
  facet normal -0.896898 -0.442238 0
    outer loop
      vertex 64.0359 65.5 0
      vertex 63.8045 65.9693 4
      vertex 63.8045 65.9693 0
    endloop
  endfacet
  facet normal -0.896898 -0.442238 0
    outer loop
      vertex 63.8045 65.9693 4
      vertex 64.0359 65.5 0
      vertex 64.0359 65.5 4
    endloop
  endfacet
  facet normal 0.195124 0.980779 -0
    outer loop
      vertex 68.5353 71.3637 0
      vertex 68.0221 71.4658 4
      vertex 68.5353 71.3637 4
    endloop
  endfacet
  facet normal 0.195124 0.980779 0
    outer loop
      vertex 68.0221 71.4658 4
      vertex 68.5353 71.3637 0
      vertex 68.0221 71.4658 0
    endloop
  endfacet
  facet normal -0.442238 -0.896898 0
    outer loop
      vertex 65.5 64.0359 0
      vertex 65.9693 63.8045 4
      vertex 65.5 64.0359 4
    endloop
  endfacet
  facet normal -0.442238 -0.896898 -0
    outer loop
      vertex 65.9693 63.8045 4
      vertex 65.5 64.0359 0
      vertex 65.9693 63.8045 0
    endloop
  endfacet
  facet normal -0.831432 -0.555626 0
    outer loop
      vertex 64.3266 65.065 0
      vertex 64.0359 65.5 4
      vertex 64.0359 65.5 0
    endloop
  endfacet
  facet normal -0.831432 -0.555626 0
    outer loop
      vertex 64.0359 65.5 4
      vertex 64.3266 65.065 0
      vertex 64.3266 65.065 4
    endloop
  endfacet
  facet normal 0 0 1
    outer loop
      vertex 69.8 67.5 4
      vertex 71.5 67.5 4
      vertex 71.4658 68.0221 4
    endloop
  endfacet
  facet normal 0 0 1
    outer loop
      vertex 69.7803 67.8002 4
      vertex 71.4658 68.0221 4
      vertex 71.3637 68.5353 4
    endloop
  endfacet
  facet normal 0 0 1
    outer loop
      vertex 71.5 67.5 4
      vertex 69.8 67.5 4
      vertex 71.4658 66.9779 4
    endloop
  endfacet
  facet normal 0 0 1
    outer loop
      vertex 69.7216 68.0953 4
      vertex 71.3637 68.5353 4
      vertex 71.1955 69.0307 4
    endloop
  endfacet
  facet normal -0 0 1
    outer loop
      vertex 69.7803 67.1998 4
      vertex 71.4658 66.9779 4
      vertex 69.8 67.5 4
    endloop
  endfacet
  facet normal 0 0 1
    outer loop
      vertex 69.6249 68.3802 4
      vertex 71.1955 69.0307 4
      vertex 70.9641 69.5 4
    endloop
  endfacet
  facet normal 0 0 1
    outer loop
      vertex 71.4658 66.9779 4
      vertex 69.7803 67.1998 4
      vertex 71.3637 66.4647 4
    endloop
  endfacet
  facet normal 0 0 1
    outer loop
      vertex 69.4919 68.65 4
      vertex 70.9641 69.5 4
      vertex 70.6734 69.935 4
    endloop
  endfacet
  facet normal -0 0 1
    outer loop
      vertex 69.7216 66.9047 4
      vertex 71.3637 66.4647 4
      vertex 69.7803 67.1998 4
    endloop
  endfacet
  facet normal 0 0 1
    outer loop
      vertex 69.3247 68.9002 4
      vertex 70.6734 69.935 4
      vertex 70.3284 70.3284 4
    endloop
  endfacet
  facet normal 0 0 1
    outer loop
      vertex 71.3637 66.4647 4
      vertex 69.7216 66.9047 4
      vertex 71.1955 65.9693 4
    endloop
  endfacet
  facet normal 0 0 1
    outer loop
      vertex 69.1263 69.1263 4
      vertex 70.3284 70.3284 4
      vertex 69.935 70.6734 4
    endloop
  endfacet
  facet normal -0 0 1
    outer loop
      vertex 69.6249 66.6198 4
      vertex 71.1955 65.9693 4
      vertex 69.7216 66.9047 4
    endloop
  endfacet
  facet normal 0 0 1
    outer loop
      vertex 71.1955 65.9693 4
      vertex 69.6249 66.6198 4
      vertex 70.9641 65.5 4
    endloop
  endfacet
  facet normal 0 0 1
    outer loop
      vertex 71.4658 68.0221 4
      vertex 69.7803 67.8002 4
      vertex 69.8 67.5 4
    endloop
  endfacet
  facet normal 0 0 1
    outer loop
      vertex 71.3637 68.5353 4
      vertex 69.7216 68.0953 4
      vertex 69.7803 67.8002 4
    endloop
  endfacet
  facet normal 0 0 1
    outer loop
      vertex 71.1955 69.0307 4
      vertex 69.6249 68.3802 4
      vertex 69.7216 68.0953 4
    endloop
  endfacet
  facet normal 0 0 1
    outer loop
      vertex 68.9002 69.3247 4
      vertex 69.935 70.6734 4
      vertex 69.5 70.9641 4
    endloop
  endfacet
  facet normal 0 0 1
    outer loop
      vertex 70.9641 69.5 4
      vertex 69.4919 68.65 4
      vertex 69.6249 68.3802 4
    endloop
  endfacet
  facet normal 0 0 1
    outer loop
      vertex 70.6734 69.935 4
      vertex 69.3247 68.9002 4
      vertex 69.4919 68.65 4
    endloop
  endfacet
  facet normal 0 0 1
    outer loop
      vertex 70.3284 70.3284 4
      vertex 69.1263 69.1263 4
      vertex 69.3247 68.9002 4
    endloop
  endfacet
  facet normal 0 0 1
    outer loop
      vertex 68.65 69.4919 4
      vertex 69.5 70.9641 4
      vertex 69.0307 71.1955 4
    endloop
  endfacet
  facet normal 0 0 1
    outer loop
      vertex 69.935 70.6734 4
      vertex 68.9002 69.3247 4
      vertex 69.1263 69.1263 4
    endloop
  endfacet
  facet normal 0 0 1
    outer loop
      vertex 69.5 70.9641 4
      vertex 68.65 69.4919 4
      vertex 68.9002 69.3247 4
    endloop
  endfacet
  facet normal 0 0 1
    outer loop
      vertex 68.3802 69.6249 4
      vertex 69.0307 71.1955 4
      vertex 68.5353 71.3637 4
    endloop
  endfacet
  facet normal 0 0 1
    outer loop
      vertex 69.0307 71.1955 4
      vertex 68.3802 69.6249 4
      vertex 68.65 69.4919 4
    endloop
  endfacet
  facet normal 0 0 1
    outer loop
      vertex 68.5353 71.3637 4
      vertex 68.0953 69.7216 4
      vertex 68.3802 69.6249 4
    endloop
  endfacet
  facet normal 0 0 1
    outer loop
      vertex 68.0221 71.4658 4
      vertex 68.0953 69.7216 4
      vertex 68.5353 71.3637 4
    endloop
  endfacet
  facet normal 0 0 1
    outer loop
      vertex 68.0221 71.4658 4
      vertex 67.8002 69.7803 4
      vertex 68.0953 69.7216 4
    endloop
  endfacet
  facet normal 0 0 1
    outer loop
      vertex 67.5 71.5 4
      vertex 67.8002 69.7803 4
      vertex 68.0221 71.4658 4
    endloop
  endfacet
  facet normal 0 0 1
    outer loop
      vertex 67.5 71.5 4
      vertex 67.5 69.8 4
      vertex 67.8002 69.7803 4
    endloop
  endfacet
  facet normal 0 0 1
    outer loop
      vertex 67.5 71.5 4
      vertex 67.1998 69.7803 4
      vertex 67.5 69.8 4
    endloop
  endfacet
  facet normal -0 0 1
    outer loop
      vertex 66.9779 71.4658 4
      vertex 67.1998 69.7803 4
      vertex 67.5 71.5 4
    endloop
  endfacet
  facet normal 0 0 1
    outer loop
      vertex 66.9779 71.4658 4
      vertex 66.9047 69.7216 4
      vertex 67.1998 69.7803 4
    endloop
  endfacet
  facet normal -0 0 1
    outer loop
      vertex 66.4647 71.3637 4
      vertex 66.9047 69.7216 4
      vertex 66.9779 71.4658 4
    endloop
  endfacet
  facet normal 0 0 1
    outer loop
      vertex 66.9047 69.7216 4
      vertex 66.4647 71.3637 4
      vertex 66.6198 69.6249 4
    endloop
  endfacet
  facet normal -0 0 1
    outer loop
      vertex 65.9693 71.1955 4
      vertex 66.6198 69.6249 4
      vertex 66.4647 71.3637 4
    endloop
  endfacet
  facet normal 0 0 1
    outer loop
      vertex 66.6198 69.6249 4
      vertex 65.9693 71.1955 4
      vertex 66.35 69.4919 4
    endloop
  endfacet
  facet normal -0 0 1
    outer loop
      vertex 65.5 70.9641 4
      vertex 66.35 69.4919 4
      vertex 65.9693 71.1955 4
    endloop
  endfacet
  facet normal 0 0 1
    outer loop
      vertex 66.35 69.4919 4
      vertex 65.5 70.9641 4
      vertex 66.0998 69.3247 4
    endloop
  endfacet
  facet normal -0 0 1
    outer loop
      vertex 65.065 70.6734 4
      vertex 66.0998 69.3247 4
      vertex 65.5 70.9641 4
    endloop
  endfacet
  facet normal 0 0 1
    outer loop
      vertex 66.0998 69.3247 4
      vertex 65.065 70.6734 4
      vertex 65.8737 69.1263 4
    endloop
  endfacet
  facet normal -0 0 1
    outer loop
      vertex 64.6716 70.3284 4
      vertex 65.8737 69.1263 4
      vertex 65.065 70.6734 4
    endloop
  endfacet
  facet normal 0 0 1
    outer loop
      vertex 65.8737 69.1263 4
      vertex 64.6716 70.3284 4
      vertex 65.6753 68.9002 4
    endloop
  endfacet
  facet normal -0 0 1
    outer loop
      vertex 64.3266 69.935 4
      vertex 65.6753 68.9002 4
      vertex 64.6716 70.3284 4
    endloop
  endfacet
  facet normal 0 0 1
    outer loop
      vertex 65.6753 68.9002 4
      vertex 64.3266 69.935 4
      vertex 65.5081 68.65 4
    endloop
  endfacet
  facet normal 0 0 1
    outer loop
      vertex 65.5081 68.65 4
      vertex 64.0359 69.5 4
      vertex 65.3751 68.3802 4
    endloop
  endfacet
  facet normal -0 0 1
    outer loop
      vertex 64.0359 69.5 4
      vertex 65.5081 68.65 4
      vertex 64.3266 69.935 4
    endloop
  endfacet
  facet normal -0 0 1
    outer loop
      vertex 69.4919 66.35 4
      vertex 70.9641 65.5 4
      vertex 69.6249 66.6198 4
    endloop
  endfacet
  facet normal 0 0 1
    outer loop
      vertex 70.9641 65.5 4
      vertex 69.4919 66.35 4
      vertex 70.6734 65.065 4
    endloop
  endfacet
  facet normal -0 0 1
    outer loop
      vertex 69.3247 66.0998 4
      vertex 70.6734 65.065 4
      vertex 69.4919 66.35 4
    endloop
  endfacet
  facet normal 0 0 1
    outer loop
      vertex 70.6734 65.065 4
      vertex 69.3247 66.0998 4
      vertex 70.3284 64.6716 4
    endloop
  endfacet
  facet normal -0 0 1
    outer loop
      vertex 69.1263 65.8737 4
      vertex 70.3284 64.6716 4
      vertex 69.3247 66.0998 4
    endloop
  endfacet
  facet normal 0 0 1
    outer loop
      vertex 70.3284 64.6716 4
      vertex 69.1263 65.8737 4
      vertex 69.935 64.3266 4
    endloop
  endfacet
  facet normal -0 0 1
    outer loop
      vertex 68.9002 65.6753 4
      vertex 69.935 64.3266 4
      vertex 69.1263 65.8737 4
    endloop
  endfacet
  facet normal 0 0 1
    outer loop
      vertex 69.935 64.3266 4
      vertex 68.9002 65.6753 4
      vertex 69.5 64.0359 4
    endloop
  endfacet
  facet normal -0 0 1
    outer loop
      vertex 68.65 65.5081 4
      vertex 69.5 64.0359 4
      vertex 68.9002 65.6753 4
    endloop
  endfacet
  facet normal 0 0 1
    outer loop
      vertex 69.5 64.0359 4
      vertex 68.65 65.5081 4
      vertex 69.0307 63.8045 4
    endloop
  endfacet
  facet normal -0 0 1
    outer loop
      vertex 68.3802 65.3751 4
      vertex 69.0307 63.8045 4
      vertex 68.65 65.5081 4
    endloop
  endfacet
  facet normal 0 0 1
    outer loop
      vertex 69.0307 63.8045 4
      vertex 68.3802 65.3751 4
      vertex 68.5353 63.6363 4
    endloop
  endfacet
  facet normal -0 0 1
    outer loop
      vertex 68.0953 65.2784 4
      vertex 68.5353 63.6363 4
      vertex 68.3802 65.3751 4
    endloop
  endfacet
  facet normal 0 0 1
    outer loop
      vertex 68.0953 65.2784 4
      vertex 68.0221 63.5342 4
      vertex 68.5353 63.6363 4
    endloop
  endfacet
  facet normal -0 0 1
    outer loop
      vertex 67.8002 65.2197 4
      vertex 68.0221 63.5342 4
      vertex 68.0953 65.2784 4
    endloop
  endfacet
  facet normal -0 0 1
    outer loop
      vertex 67.5 65.2 4
      vertex 68.0221 63.5342 4
      vertex 67.8002 65.2197 4
    endloop
  endfacet
  facet normal 0 0 1
    outer loop
      vertex 67.5 65.2 4
      vertex 67.5 63.5 4
      vertex 68.0221 63.5342 4
    endloop
  endfacet
  facet normal 0 0 1
    outer loop
      vertex 67.1998 65.2197 4
      vertex 67.5 63.5 4
      vertex 67.5 65.2 4
    endloop
  endfacet
  facet normal 0 0 1
    outer loop
      vertex 67.1998 65.2197 4
      vertex 66.9779 63.5342 4
      vertex 67.5 63.5 4
    endloop
  endfacet
  facet normal 0 0 1
    outer loop
      vertex 66.9047 65.2784 4
      vertex 66.9779 63.5342 4
      vertex 67.1998 65.2197 4
    endloop
  endfacet
  facet normal 0 0 1
    outer loop
      vertex 66.4647 63.6363 4
      vertex 66.9047 65.2784 4
      vertex 66.6198 65.3751 4
    endloop
  endfacet
  facet normal 0 0 1
    outer loop
      vertex 66.9047 65.2784 4
      vertex 66.4647 63.6363 4
      vertex 66.9779 63.5342 4
    endloop
  endfacet
  facet normal 0 0 1
    outer loop
      vertex 65.9693 63.8045 4
      vertex 66.6198 65.3751 4
      vertex 66.35 65.5081 4
    endloop
  endfacet
  facet normal 0 0 1
    outer loop
      vertex 65.5 64.0359 4
      vertex 66.35 65.5081 4
      vertex 66.0998 65.6753 4
    endloop
  endfacet
  facet normal 0 0 1
    outer loop
      vertex 66.6198 65.3751 4
      vertex 65.9693 63.8045 4
      vertex 66.4647 63.6363 4
    endloop
  endfacet
  facet normal 0 0 1
    outer loop
      vertex 65.065 64.3266 4
      vertex 66.0998 65.6753 4
      vertex 65.8737 65.8737 4
    endloop
  endfacet
  facet normal 0 0 1
    outer loop
      vertex 64.6716 64.6716 4
      vertex 65.8737 65.8737 4
      vertex 65.6753 66.0998 4
    endloop
  endfacet
  facet normal 0 0 1
    outer loop
      vertex 64.3266 65.065 4
      vertex 65.6753 66.0998 4
      vertex 65.5081 66.35 4
    endloop
  endfacet
  facet normal 0 0 1
    outer loop
      vertex 66.35 65.5081 4
      vertex 65.5 64.0359 4
      vertex 65.9693 63.8045 4
    endloop
  endfacet
  facet normal 0 0 1
    outer loop
      vertex 64.0359 65.5 4
      vertex 65.5081 66.35 4
      vertex 65.3751 66.6198 4
    endloop
  endfacet
  facet normal 0 0 1
    outer loop
      vertex 63.8045 65.9693 4
      vertex 65.3751 66.6198 4
      vertex 65.2784 66.9047 4
    endloop
  endfacet
  facet normal 0 0 1
    outer loop
      vertex 63.6363 66.4647 4
      vertex 65.2784 66.9047 4
      vertex 65.2197 67.1998 4
    endloop
  endfacet
  facet normal 0 0 1
    outer loop
      vertex 66.0998 65.6753 4
      vertex 65.065 64.3266 4
      vertex 65.5 64.0359 4
    endloop
  endfacet
  facet normal 0 0 1
    outer loop
      vertex 63.5342 66.9779 4
      vertex 65.2197 67.1998 4
      vertex 65.2 67.5 4
    endloop
  endfacet
  facet normal -0 0 1
    outer loop
      vertex 63.8045 69.0307 4
      vertex 65.3751 68.3802 4
      vertex 64.0359 69.5 4
    endloop
  endfacet
  facet normal 0 0 1
    outer loop
      vertex 65.3751 68.3802 4
      vertex 63.8045 69.0307 4
      vertex 65.2784 68.0953 4
    endloop
  endfacet
  facet normal 0 0 1
    outer loop
      vertex 65.8737 65.8737 4
      vertex 64.6716 64.6716 4
      vertex 65.065 64.3266 4
    endloop
  endfacet
  facet normal -0 0 1
    outer loop
      vertex 63.6363 68.5353 4
      vertex 65.2784 68.0953 4
      vertex 63.8045 69.0307 4
    endloop
  endfacet
  facet normal 0 0 1
    outer loop
      vertex 65.6753 66.0998 4
      vertex 64.3266 65.065 4
      vertex 64.6716 64.6716 4
    endloop
  endfacet
  facet normal 0 0 1
    outer loop
      vertex 65.2784 68.0953 4
      vertex 63.6363 68.5353 4
      vertex 65.2197 67.8002 4
    endloop
  endfacet
  facet normal 0 0 1
    outer loop
      vertex 65.5081 66.35 4
      vertex 64.0359 65.5 4
      vertex 64.3266 65.065 4
    endloop
  endfacet
  facet normal -0 0 1
    outer loop
      vertex 63.5342 68.0221 4
      vertex 65.2197 67.8002 4
      vertex 63.6363 68.5353 4
    endloop
  endfacet
  facet normal 0 0 1
    outer loop
      vertex 65.3751 66.6198 4
      vertex 63.8045 65.9693 4
      vertex 64.0359 65.5 4
    endloop
  endfacet
  facet normal 0 0 1
    outer loop
      vertex 65.2197 67.8002 4
      vertex 63.5342 68.0221 4
      vertex 65.2 67.5 4
    endloop
  endfacet
  facet normal 0 0 1
    outer loop
      vertex 65.2784 66.9047 4
      vertex 63.6363 66.4647 4
      vertex 63.8045 65.9693 4
    endloop
  endfacet
  facet normal 0 0 1
    outer loop
      vertex 63.5 67.5 4
      vertex 65.2 67.5 4
      vertex 63.5342 68.0221 4
    endloop
  endfacet
  facet normal 0 0 1
    outer loop
      vertex 65.2197 67.1998 4
      vertex 63.5342 66.9779 4
      vertex 63.6363 66.4647 4
    endloop
  endfacet
  facet normal 0 0 1
    outer loop
      vertex 65.2 67.5 4
      vertex 63.5 67.5 4
      vertex 63.5342 66.9779 4
    endloop
  endfacet
  facet normal -0.980793 -0.195052 0
    outer loop
      vertex 70.3752 67.8785 0
      vertex 70.3012 68.2506 1.1
      vertex 70.3012 68.2506 0
    endloop
  endfacet
  facet normal -0.980793 -0.195052 0
    outer loop
      vertex 70.3012 68.2506 1.1
      vertex 70.3752 67.8785 0
      vertex 70.3752 67.8785 1.1
    endloop
  endfacet
  facet normal -0.99786 -0.0653816 0
    outer loop
      vertex 70.4 67.5 0
      vertex 70.3752 67.8785 1.1
      vertex 70.3752 67.8785 0
    endloop
  endfacet
  facet normal -0.99786 -0.0653816 0
    outer loop
      vertex 70.3752 67.8785 1.1
      vertex 70.4 67.5 0
      vertex 70.4 67.5 1.1
    endloop
  endfacet
  facet normal 0.99786 -0.0653816 0
    outer loop
      vertex 64.6 67.5 1.1
      vertex 64.6248 67.8785 0
      vertex 64.6248 67.8785 1.1
    endloop
  endfacet
  facet normal 0.99786 -0.0653816 0
    outer loop
      vertex 64.6248 67.8785 0
      vertex 64.6 67.5 1.1
      vertex 64.6 67.5 0
    endloop
  endfacet
  facet normal -0.659325 -0.751858 0
    outer loop
      vertex 69.2654 69.8007 0
      vertex 69.5506 69.5506 1.1
      vertex 69.2654 69.8007 1.1
    endloop
  endfacet
  facet normal -0.659325 -0.751858 -0
    outer loop
      vertex 69.5506 69.5506 1.1
      vertex 69.2654 69.8007 0
      vertex 69.5506 69.5506 0
    endloop
  endfacet
  facet normal 0.831401 -0.555673 0
    outer loop
      vertex 64.9885 68.95 1.1
      vertex 65.1993 69.2654 0
      vertex 65.1993 69.2654 1.1
    endloop
  endfacet
  facet normal 0.831401 -0.555673 0
    outer loop
      vertex 65.1993 69.2654 0
      vertex 64.9885 68.95 1.1
      vertex 64.9885 68.95 0
    endloop
  endfacet
  facet normal -0.195052 0.980793 0
    outer loop
      vertex 68.2506 64.6988 0
      vertex 67.8785 64.6248 1.1
      vertex 68.2506 64.6988 1.1
    endloop
  endfacet
  facet normal -0.195052 0.980793 0
    outer loop
      vertex 67.8785 64.6248 1.1
      vertex 68.2506 64.6988 0
      vertex 67.8785 64.6248 0
    endloop
  endfacet
  facet normal 0.321364 0.946956 -0
    outer loop
      vertex 66.7494 64.6988 0
      vertex 66.3902 64.8207 1.1
      vertex 66.7494 64.6988 1.1
    endloop
  endfacet
  facet normal 0.321364 0.946956 0
    outer loop
      vertex 66.3902 64.8207 1.1
      vertex 66.7494 64.6988 0
      vertex 66.3902 64.8207 0
    endloop
  endfacet
  facet normal -0.99786 0.0653816 0
    outer loop
      vertex 70.3752 67.1215 0
      vertex 70.4 67.5 1.1
      vertex 70.4 67.5 0
    endloop
  endfacet
  facet normal -0.99786 0.0653816 0
    outer loop
      vertex 70.4 67.5 1.1
      vertex 70.3752 67.1215 0
      vertex 70.3752 67.1215 1.1
    endloop
  endfacet
  facet normal -0.831401 -0.555673 0
    outer loop
      vertex 70.0115 68.95 0
      vertex 69.8007 69.2654 1.1
      vertex 69.8007 69.2654 0
    endloop
  endfacet
  facet normal -0.831401 -0.555673 0
    outer loop
      vertex 69.8007 69.2654 1.1
      vertex 70.0115 68.95 0
      vertex 70.0115 68.95 1.1
    endloop
  endfacet
  facet normal 0.0653816 0.99786 -0
    outer loop
      vertex 67.5 64.6 0
      vertex 67.1215 64.6248 1.1
      vertex 67.5 64.6 1.1
    endloop
  endfacet
  facet normal 0.0653816 0.99786 0
    outer loop
      vertex 67.1215 64.6248 1.1
      vertex 67.5 64.6 0
      vertex 67.1215 64.6248 0
    endloop
  endfacet
  facet normal -0.946956 -0.321364 0
    outer loop
      vertex 70.3012 68.2506 0
      vertex 70.1793 68.6098 1.1
      vertex 70.1793 68.6098 0
    endloop
  endfacet
  facet normal -0.946956 -0.321364 0
    outer loop
      vertex 70.1793 68.6098 1.1
      vertex 70.3012 68.2506 0
      vertex 70.3012 68.2506 1.1
    endloop
  endfacet
  facet normal 0.442356 0.896839 -0
    outer loop
      vertex 66.3902 64.8207 0
      vertex 66.05 64.9885 1.1
      vertex 66.3902 64.8207 1.1
    endloop
  endfacet
  facet normal 0.442356 0.896839 0
    outer loop
      vertex 66.05 64.9885 1.1
      vertex 66.3902 64.8207 0
      vertex 66.05 64.9885 0
    endloop
  endfacet
  facet normal 0.946956 -0.321364 0
    outer loop
      vertex 64.6988 68.2506 1.1
      vertex 64.8207 68.6098 0
      vertex 64.8207 68.6098 1.1
    endloop
  endfacet
  facet normal 0.946956 -0.321364 0
    outer loop
      vertex 64.8207 68.6098 0
      vertex 64.6988 68.2506 1.1
      vertex 64.6988 68.2506 0
    endloop
  endfacet
  facet normal -0.751858 0.659325 0
    outer loop
      vertex 69.5506 65.4494 0
      vertex 69.8007 65.7346 1.1
      vertex 69.8007 65.7346 0
    endloop
  endfacet
  facet normal -0.751858 0.659325 0
    outer loop
      vertex 69.8007 65.7346 1.1
      vertex 69.5506 65.4494 0
      vertex 69.5506 65.4494 1.1
    endloop
  endfacet
  facet normal -0.442356 0.896839 0
    outer loop
      vertex 68.95 64.9885 0
      vertex 68.6098 64.8207 1.1
      vertex 68.95 64.9885 1.1
    endloop
  endfacet
  facet normal -0.442356 0.896839 0
    outer loop
      vertex 68.6098 64.8207 1.1
      vertex 68.95 64.9885 0
      vertex 68.6098 64.8207 0
    endloop
  endfacet
  facet normal -0.980793 0.195052 0
    outer loop
      vertex 70.3012 66.7494 0
      vertex 70.3752 67.1215 1.1
      vertex 70.3752 67.1215 0
    endloop
  endfacet
  facet normal -0.980793 0.195052 0
    outer loop
      vertex 70.3752 67.1215 1.1
      vertex 70.3012 66.7494 0
      vertex 70.3012 66.7494 1.1
    endloop
  endfacet
  facet normal -0.0653816 -0.99786 0
    outer loop
      vertex 67.5 70.4 0
      vertex 67.8785 70.3752 1.1
      vertex 67.5 70.4 1.1
    endloop
  endfacet
  facet normal -0.0653816 -0.99786 -0
    outer loop
      vertex 67.8785 70.3752 1.1
      vertex 67.5 70.4 0
      vertex 67.8785 70.3752 0
    endloop
  endfacet
  facet normal 0.896839 0.442356 0
    outer loop
      vertex 64.9885 66.05 1.1
      vertex 64.8207 66.3902 0
      vertex 64.8207 66.3902 1.1
    endloop
  endfacet
  facet normal 0.896839 0.442356 0
    outer loop
      vertex 64.8207 66.3902 0
      vertex 64.9885 66.05 1.1
      vertex 64.9885 66.05 0
    endloop
  endfacet
  facet normal 0.659325 -0.751858 0
    outer loop
      vertex 65.4494 69.5506 0
      vertex 65.7346 69.8007 1.1
      vertex 65.4494 69.5506 1.1
    endloop
  endfacet
  facet normal 0.659325 -0.751858 0
    outer loop
      vertex 65.7346 69.8007 1.1
      vertex 65.4494 69.5506 0
      vertex 65.7346 69.8007 0
    endloop
  endfacet
  facet normal 0.555673 -0.831401 0
    outer loop
      vertex 65.7346 69.8007 0
      vertex 66.05 70.0115 1.1
      vertex 65.7346 69.8007 1.1
    endloop
  endfacet
  facet normal 0.555673 -0.831401 0
    outer loop
      vertex 66.05 70.0115 1.1
      vertex 65.7346 69.8007 0
      vertex 66.05 70.0115 0
    endloop
  endfacet
  facet normal 0.321364 -0.946956 0
    outer loop
      vertex 66.3902 70.1793 0
      vertex 66.7494 70.3012 1.1
      vertex 66.3902 70.1793 1.1
    endloop
  endfacet
  facet normal 0.321364 -0.946956 0
    outer loop
      vertex 66.7494 70.3012 1.1
      vertex 66.3902 70.1793 0
      vertex 66.7494 70.3012 0
    endloop
  endfacet
  facet normal 0.0653816 -0.99786 0
    outer loop
      vertex 67.1215 70.3752 0
      vertex 67.5 70.4 1.1
      vertex 67.1215 70.3752 1.1
    endloop
  endfacet
  facet normal 0.0653816 -0.99786 0
    outer loop
      vertex 67.5 70.4 1.1
      vertex 67.1215 70.3752 0
      vertex 67.5 70.4 0
    endloop
  endfacet
  facet normal -0.321364 0.946956 0
    outer loop
      vertex 68.6098 64.8207 0
      vertex 68.2506 64.6988 1.1
      vertex 68.6098 64.8207 1.1
    endloop
  endfacet
  facet normal -0.321364 0.946956 0
    outer loop
      vertex 68.2506 64.6988 1.1
      vertex 68.6098 64.8207 0
      vertex 68.2506 64.6988 0
    endloop
  endfacet
  facet normal 0.751858 0.659325 0
    outer loop
      vertex 65.4494 65.4494 1.1
      vertex 65.1993 65.7346 0
      vertex 65.1993 65.7346 1.1
    endloop
  endfacet
  facet normal 0.751858 0.659325 0
    outer loop
      vertex 65.1993 65.7346 0
      vertex 65.4494 65.4494 1.1
      vertex 65.4494 65.4494 0
    endloop
  endfacet
  facet normal -0.896839 -0.442356 0
    outer loop
      vertex 70.1793 68.6098 0
      vertex 70.0115 68.95 1.1
      vertex 70.0115 68.95 0
    endloop
  endfacet
  facet normal -0.896839 -0.442356 0
    outer loop
      vertex 70.0115 68.95 1.1
      vertex 70.1793 68.6098 0
      vertex 70.1793 68.6098 1.1
    endloop
  endfacet
  facet normal -0.659325 0.751858 0
    outer loop
      vertex 69.5506 65.4494 0
      vertex 69.2654 65.1993 1.1
      vertex 69.5506 65.4494 1.1
    endloop
  endfacet
  facet normal -0.659325 0.751858 0
    outer loop
      vertex 69.2654 65.1993 1.1
      vertex 69.5506 65.4494 0
      vertex 69.2654 65.1993 0
    endloop
  endfacet
  facet normal -0.555673 -0.831401 0
    outer loop
      vertex 68.95 70.0115 0
      vertex 69.2654 69.8007 1.1
      vertex 68.95 70.0115 1.1
    endloop
  endfacet
  facet normal -0.555673 -0.831401 -0
    outer loop
      vertex 69.2654 69.8007 1.1
      vertex 68.95 70.0115 0
      vertex 69.2654 69.8007 0
    endloop
  endfacet
  facet normal 0 0 -1
    outer loop
      vertex 69.8 67.5 1.1
      vertex 70.4 67.5 1.1
      vertex 70.3752 67.1215 1.1
    endloop
  endfacet
  facet normal 0 0 -1
    outer loop
      vertex 69.7803 67.1998 1.1
      vertex 70.3752 67.1215 1.1
      vertex 70.3012 66.7494 1.1
    endloop
  endfacet
  facet normal 0 0 -1
    outer loop
      vertex 70.4 67.5 1.1
      vertex 69.8 67.5 1.1
      vertex 70.3752 67.8785 1.1
    endloop
  endfacet
  facet normal 0 0 -1
    outer loop
      vertex 69.7216 66.9047 1.1
      vertex 70.3012 66.7494 1.1
      vertex 70.1793 66.3902 1.1
    endloop
  endfacet
  facet normal 0 0 -1
    outer loop
      vertex 69.7803 67.8002 1.1
      vertex 70.3752 67.8785 1.1
      vertex 69.8 67.5 1.1
    endloop
  endfacet
  facet normal 0 0 -1
    outer loop
      vertex 69.6249 66.6198 1.1
      vertex 70.1793 66.3902 1.1
      vertex 70.0115 66.05 1.1
    endloop
  endfacet
  facet normal -0 0 -1
    outer loop
      vertex 70.3752 67.8785 1.1
      vertex 69.7803 67.8002 1.1
      vertex 70.3012 68.2506 1.1
    endloop
  endfacet
  facet normal 0 0 -1
    outer loop
      vertex 69.4919 66.35 1.1
      vertex 70.0115 66.05 1.1
      vertex 69.8007 65.7346 1.1
    endloop
  endfacet
  facet normal 0 0 -1
    outer loop
      vertex 69.7216 68.0953 1.1
      vertex 70.3012 68.2506 1.1
      vertex 69.7803 67.8002 1.1
    endloop
  endfacet
  facet normal -0 0 -1
    outer loop
      vertex 70.3012 68.2506 1.1
      vertex 69.7216 68.0953 1.1
      vertex 70.1793 68.6098 1.1
    endloop
  endfacet
  facet normal 0 0 -1
    outer loop
      vertex 70.3752 67.1215 1.1
      vertex 69.7803 67.1998 1.1
      vertex 69.8 67.5 1.1
    endloop
  endfacet
  facet normal 0 0 -1
    outer loop
      vertex 70.3012 66.7494 1.1
      vertex 69.7216 66.9047 1.1
      vertex 69.7803 67.1998 1.1
    endloop
  endfacet
  facet normal 0 0 -1
    outer loop
      vertex 70.1793 66.3902 1.1
      vertex 69.6249 66.6198 1.1
      vertex 69.7216 66.9047 1.1
    endloop
  endfacet
  facet normal 0 0 -1
    outer loop
      vertex 69.3247 66.0998 1.1
      vertex 69.8007 65.7346 1.1
      vertex 69.5506 65.4494 1.1
    endloop
  endfacet
  facet normal 0 0 -1
    outer loop
      vertex 70.0115 66.05 1.1
      vertex 69.4919 66.35 1.1
      vertex 69.6249 66.6198 1.1
    endloop
  endfacet
  facet normal 0 0 -1
    outer loop
      vertex 69.8007 65.7346 1.1
      vertex 69.3247 66.0998 1.1
      vertex 69.4919 66.35 1.1
    endloop
  endfacet
  facet normal 0 0 -1
    outer loop
      vertex 69.1263 65.8737 1.1
      vertex 69.5506 65.4494 1.1
      vertex 69.2654 65.1993 1.1
    endloop
  endfacet
  facet normal 0 0 -1
    outer loop
      vertex 69.5506 65.4494 1.1
      vertex 69.1263 65.8737 1.1
      vertex 69.3247 66.0998 1.1
    endloop
  endfacet
  facet normal 0 0 -1
    outer loop
      vertex 68.9002 65.6753 1.1
      vertex 69.2654 65.1993 1.1
      vertex 68.95 64.9885 1.1
    endloop
  endfacet
  facet normal 0 0 -1
    outer loop
      vertex 69.2654 65.1993 1.1
      vertex 68.9002 65.6753 1.1
      vertex 69.1263 65.8737 1.1
    endloop
  endfacet
  facet normal 0 0 -1
    outer loop
      vertex 68.95 64.9885 1.1
      vertex 68.65 65.5081 1.1
      vertex 68.9002 65.6753 1.1
    endloop
  endfacet
  facet normal 0 0 -1
    outer loop
      vertex 68.6098 64.8207 1.1
      vertex 68.65 65.5081 1.1
      vertex 68.95 64.9885 1.1
    endloop
  endfacet
  facet normal 0 0 -1
    outer loop
      vertex 68.6098 64.8207 1.1
      vertex 68.3802 65.3751 1.1
      vertex 68.65 65.5081 1.1
    endloop
  endfacet
  facet normal 0 0 -1
    outer loop
      vertex 68.2506 64.6988 1.1
      vertex 68.3802 65.3751 1.1
      vertex 68.6098 64.8207 1.1
    endloop
  endfacet
  facet normal 0 0 -1
    outer loop
      vertex 68.2506 64.6988 1.1
      vertex 68.0953 65.2784 1.1
      vertex 68.3802 65.3751 1.1
    endloop
  endfacet
  facet normal 0 0 -1
    outer loop
      vertex 67.8785 64.6248 1.1
      vertex 68.0953 65.2784 1.1
      vertex 68.2506 64.6988 1.1
    endloop
  endfacet
  facet normal 0 0 -1
    outer loop
      vertex 67.8785 64.6248 1.1
      vertex 67.8002 65.2197 1.1
      vertex 68.0953 65.2784 1.1
    endloop
  endfacet
  facet normal 0 0 -1
    outer loop
      vertex 67.5 64.6 1.1
      vertex 67.8002 65.2197 1.1
      vertex 67.8785 64.6248 1.1
    endloop
  endfacet
  facet normal 0 0 -1
    outer loop
      vertex 67.5 64.6 1.1
      vertex 67.5 65.2 1.1
      vertex 67.8002 65.2197 1.1
    endloop
  endfacet
  facet normal 0 0 -1
    outer loop
      vertex 67.5 64.6 1.1
      vertex 67.1998 65.2197 1.1
      vertex 67.5 65.2 1.1
    endloop
  endfacet
  facet normal 0 0 -1
    outer loop
      vertex 67.1215 64.6248 1.1
      vertex 67.1998 65.2197 1.1
      vertex 67.5 64.6 1.1
    endloop
  endfacet
  facet normal 0 0 -1
    outer loop
      vertex 67.1215 64.6248 1.1
      vertex 66.9047 65.2784 1.1
      vertex 67.1998 65.2197 1.1
    endloop
  endfacet
  facet normal 0 0 -1
    outer loop
      vertex 66.7494 64.6988 1.1
      vertex 66.9047 65.2784 1.1
      vertex 67.1215 64.6248 1.1
    endloop
  endfacet
  facet normal 0 0 -1
    outer loop
      vertex 66.7494 64.6988 1.1
      vertex 66.6198 65.3751 1.1
      vertex 66.9047 65.2784 1.1
    endloop
  endfacet
  facet normal 0 0 -1
    outer loop
      vertex 66.3902 64.8207 1.1
      vertex 66.6198 65.3751 1.1
      vertex 66.7494 64.6988 1.1
    endloop
  endfacet
  facet normal 0 0 -1
    outer loop
      vertex 66.3902 64.8207 1.1
      vertex 66.35 65.5081 1.1
      vertex 66.6198 65.3751 1.1
    endloop
  endfacet
  facet normal 0 0 -1
    outer loop
      vertex 66.05 64.9885 1.1
      vertex 66.35 65.5081 1.1
      vertex 66.3902 64.8207 1.1
    endloop
  endfacet
  facet normal -0 0 -1
    outer loop
      vertex 66.35 65.5081 1.1
      vertex 66.05 64.9885 1.1
      vertex 66.0998 65.6753 1.1
    endloop
  endfacet
  facet normal 0 0 -1
    outer loop
      vertex 65.7346 65.1993 1.1
      vertex 66.0998 65.6753 1.1
      vertex 66.05 64.9885 1.1
    endloop
  endfacet
  facet normal -0 0 -1
    outer loop
      vertex 66.0998 65.6753 1.1
      vertex 65.7346 65.1993 1.1
      vertex 65.8737 65.8737 1.1
    endloop
  endfacet
  facet normal 0 0 -1
    outer loop
      vertex 65.4494 65.4494 1.1
      vertex 65.8737 65.8737 1.1
      vertex 65.7346 65.1993 1.1
    endloop
  endfacet
  facet normal -0 0 -1
    outer loop
      vertex 65.8737 65.8737 1.1
      vertex 65.4494 65.4494 1.1
      vertex 65.6753 66.0998 1.1
    endloop
  endfacet
  facet normal 0 0 -1
    outer loop
      vertex 65.1993 65.7346 1.1
      vertex 65.6753 66.0998 1.1
      vertex 65.4494 65.4494 1.1
    endloop
  endfacet
  facet normal -0 0 -1
    outer loop
      vertex 65.6753 66.0998 1.1
      vertex 65.1993 65.7346 1.1
      vertex 65.5081 66.35 1.1
    endloop
  endfacet
  facet normal 0 0 -1
    outer loop
      vertex 64.9885 66.05 1.1
      vertex 65.5081 66.35 1.1
      vertex 65.1993 65.7346 1.1
    endloop
  endfacet
  facet normal -0 0 -1
    outer loop
      vertex 65.5081 66.35 1.1
      vertex 64.9885 66.05 1.1
      vertex 65.3751 66.6198 1.1
    endloop
  endfacet
  facet normal -0 0 -1
    outer loop
      vertex 65.3751 66.6198 1.1
      vertex 64.8207 66.3902 1.1
      vertex 65.2784 66.9047 1.1
    endloop
  endfacet
  facet normal 0 0 -1
    outer loop
      vertex 64.8207 66.3902 1.1
      vertex 65.3751 66.6198 1.1
      vertex 64.9885 66.05 1.1
    endloop
  endfacet
  facet normal 0 0 -1
    outer loop
      vertex 69.6249 68.3802 1.1
      vertex 70.1793 68.6098 1.1
      vertex 69.7216 68.0953 1.1
    endloop
  endfacet
  facet normal -0 0 -1
    outer loop
      vertex 70.1793 68.6098 1.1
      vertex 69.6249 68.3802 1.1
      vertex 70.0115 68.95 1.1
    endloop
  endfacet
  facet normal 0 0 -1
    outer loop
      vertex 69.4919 68.65 1.1
      vertex 70.0115 68.95 1.1
      vertex 69.6249 68.3802 1.1
    endloop
  endfacet
  facet normal -0 0 -1
    outer loop
      vertex 70.0115 68.95 1.1
      vertex 69.4919 68.65 1.1
      vertex 69.8007 69.2654 1.1
    endloop
  endfacet
  facet normal 0 0 -1
    outer loop
      vertex 69.3247 68.9002 1.1
      vertex 69.8007 69.2654 1.1
      vertex 69.4919 68.65 1.1
    endloop
  endfacet
  facet normal -0 0 -1
    outer loop
      vertex 69.8007 69.2654 1.1
      vertex 69.3247 68.9002 1.1
      vertex 69.5506 69.5506 1.1
    endloop
  endfacet
  facet normal 0 0 -1
    outer loop
      vertex 69.1263 69.1263 1.1
      vertex 69.5506 69.5506 1.1
      vertex 69.3247 68.9002 1.1
    endloop
  endfacet
  facet normal -0 0 -1
    outer loop
      vertex 69.5506 69.5506 1.1
      vertex 69.1263 69.1263 1.1
      vertex 69.2654 69.8007 1.1
    endloop
  endfacet
  facet normal 0 0 -1
    outer loop
      vertex 68.9002 69.3247 1.1
      vertex 69.2654 69.8007 1.1
      vertex 69.1263 69.1263 1.1
    endloop
  endfacet
  facet normal -0 0 -1
    outer loop
      vertex 69.2654 69.8007 1.1
      vertex 68.9002 69.3247 1.1
      vertex 68.95 70.0115 1.1
    endloop
  endfacet
  facet normal 0 0 -1
    outer loop
      vertex 68.65 69.4919 1.1
      vertex 68.95 70.0115 1.1
      vertex 68.9002 69.3247 1.1
    endloop
  endfacet
  facet normal 0 0 -1
    outer loop
      vertex 68.65 69.4919 1.1
      vertex 68.6098 70.1793 1.1
      vertex 68.95 70.0115 1.1
    endloop
  endfacet
  facet normal 0 0 -1
    outer loop
      vertex 68.3802 69.6249 1.1
      vertex 68.6098 70.1793 1.1
      vertex 68.65 69.4919 1.1
    endloop
  endfacet
  facet normal 0 0 -1
    outer loop
      vertex 68.3802 69.6249 1.1
      vertex 68.2506 70.3012 1.1
      vertex 68.6098 70.1793 1.1
    endloop
  endfacet
  facet normal 0 0 -1
    outer loop
      vertex 68.0953 69.7216 1.1
      vertex 68.2506 70.3012 1.1
      vertex 68.3802 69.6249 1.1
    endloop
  endfacet
  facet normal 0 0 -1
    outer loop
      vertex 68.0953 69.7216 1.1
      vertex 67.8785 70.3752 1.1
      vertex 68.2506 70.3012 1.1
    endloop
  endfacet
  facet normal 0 0 -1
    outer loop
      vertex 67.8002 69.7803 1.1
      vertex 67.8785 70.3752 1.1
      vertex 68.0953 69.7216 1.1
    endloop
  endfacet
  facet normal 0 0 -1
    outer loop
      vertex 67.5 69.8 1.1
      vertex 67.8785 70.3752 1.1
      vertex 67.8002 69.7803 1.1
    endloop
  endfacet
  facet normal 0 0 -1
    outer loop
      vertex 67.5 69.8 1.1
      vertex 67.5 70.4 1.1
      vertex 67.8785 70.3752 1.1
    endloop
  endfacet
  facet normal 0 0 -1
    outer loop
      vertex 67.1998 69.7803 1.1
      vertex 67.5 70.4 1.1
      vertex 67.5 69.8 1.1
    endloop
  endfacet
  facet normal 0 0 -1
    outer loop
      vertex 67.1998 69.7803 1.1
      vertex 67.1215 70.3752 1.1
      vertex 67.5 70.4 1.1
    endloop
  endfacet
  facet normal 0 0 -1
    outer loop
      vertex 66.9047 69.7216 1.1
      vertex 67.1215 70.3752 1.1
      vertex 67.1998 69.7803 1.1
    endloop
  endfacet
  facet normal 0 0 -1
    outer loop
      vertex 66.9047 69.7216 1.1
      vertex 66.7494 70.3012 1.1
      vertex 67.1215 70.3752 1.1
    endloop
  endfacet
  facet normal 0 0 -1
    outer loop
      vertex 66.6198 69.6249 1.1
      vertex 66.7494 70.3012 1.1
      vertex 66.9047 69.7216 1.1
    endloop
  endfacet
  facet normal 0 0 -1
    outer loop
      vertex 66.6198 69.6249 1.1
      vertex 66.3902 70.1793 1.1
      vertex 66.7494 70.3012 1.1
    endloop
  endfacet
  facet normal 0 0 -1
    outer loop
      vertex 66.35 69.4919 1.1
      vertex 66.3902 70.1793 1.1
      vertex 66.6198 69.6249 1.1
    endloop
  endfacet
  facet normal 0 0 -1
    outer loop
      vertex 66.05 70.0115 1.1
      vertex 66.35 69.4919 1.1
      vertex 66.0998 69.3247 1.1
    endloop
  endfacet
  facet normal 0 0 -1
    outer loop
      vertex 66.35 69.4919 1.1
      vertex 66.05 70.0115 1.1
      vertex 66.3902 70.1793 1.1
    endloop
  endfacet
  facet normal 0 0 -1
    outer loop
      vertex 65.7346 69.8007 1.1
      vertex 66.0998 69.3247 1.1
      vertex 65.8737 69.1263 1.1
    endloop
  endfacet
  facet normal 0 0 -1
    outer loop
      vertex 66.0998 69.3247 1.1
      vertex 65.7346 69.8007 1.1
      vertex 66.05 70.0115 1.1
    endloop
  endfacet
  facet normal 0 0 -1
    outer loop
      vertex 65.4494 69.5506 1.1
      vertex 65.8737 69.1263 1.1
      vertex 65.6753 68.9002 1.1
    endloop
  endfacet
  facet normal 0 0 -1
    outer loop
      vertex 65.1993 69.2654 1.1
      vertex 65.6753 68.9002 1.1
      vertex 65.5081 68.65 1.1
    endloop
  endfacet
  facet normal 0 0 -1
    outer loop
      vertex 65.8737 69.1263 1.1
      vertex 65.4494 69.5506 1.1
      vertex 65.7346 69.8007 1.1
    endloop
  endfacet
  facet normal 0 0 -1
    outer loop
      vertex 64.9885 68.95 1.1
      vertex 65.5081 68.65 1.1
      vertex 65.3751 68.3802 1.1
    endloop
  endfacet
  facet normal 0 0 -1
    outer loop
      vertex 64.8207 68.6098 1.1
      vertex 65.3751 68.3802 1.1
      vertex 65.2784 68.0953 1.1
    endloop
  endfacet
  facet normal 0 0 -1
    outer loop
      vertex 64.6988 68.2506 1.1
      vertex 65.2784 68.0953 1.1
      vertex 65.2197 67.8002 1.1
    endloop
  endfacet
  facet normal 0 0 -1
    outer loop
      vertex 65.6753 68.9002 1.1
      vertex 65.1993 69.2654 1.1
      vertex 65.4494 69.5506 1.1
    endloop
  endfacet
  facet normal 0 0 -1
    outer loop
      vertex 64.6248 67.8785 1.1
      vertex 65.2197 67.8002 1.1
      vertex 65.2 67.5 1.1
    endloop
  endfacet
  facet normal 0 0 -1
    outer loop
      vertex 64.6988 66.7494 1.1
      vertex 65.2784 66.9047 1.1
      vertex 64.8207 66.3902 1.1
    endloop
  endfacet
  facet normal -0 0 -1
    outer loop
      vertex 65.2784 66.9047 1.1
      vertex 64.6988 66.7494 1.1
      vertex 65.2197 67.1998 1.1
    endloop
  endfacet
  facet normal 0 0 -1
    outer loop
      vertex 65.5081 68.65 1.1
      vertex 64.9885 68.95 1.1
      vertex 65.1993 69.2654 1.1
    endloop
  endfacet
  facet normal 0 0 -1
    outer loop
      vertex 64.6248 67.1215 1.1
      vertex 65.2197 67.1998 1.1
      vertex 64.6988 66.7494 1.1
    endloop
  endfacet
  facet normal 0 0 -1
    outer loop
      vertex 65.3751 68.3802 1.1
      vertex 64.8207 68.6098 1.1
      vertex 64.9885 68.95 1.1
    endloop
  endfacet
  facet normal -0 0 -1
    outer loop
      vertex 65.2197 67.1998 1.1
      vertex 64.6248 67.1215 1.1
      vertex 65.2 67.5 1.1
    endloop
  endfacet
  facet normal 0 0 -1
    outer loop
      vertex 65.2784 68.0953 1.1
      vertex 64.6988 68.2506 1.1
      vertex 64.8207 68.6098 1.1
    endloop
  endfacet
  facet normal 0 0 -1
    outer loop
      vertex 64.6 67.5 1.1
      vertex 65.2 67.5 1.1
      vertex 64.6248 67.1215 1.1
    endloop
  endfacet
  facet normal 0 0 -1
    outer loop
      vertex 65.2197 67.8002 1.1
      vertex 64.6248 67.8785 1.1
      vertex 64.6988 68.2506 1.1
    endloop
  endfacet
  facet normal 0 0 -1
    outer loop
      vertex 65.2 67.5 1.1
      vertex 64.6 67.5 1.1
      vertex 64.6248 67.8785 1.1
    endloop
  endfacet
  facet normal 0.195052 0.980793 -0
    outer loop
      vertex 67.1215 64.6248 0
      vertex 66.7494 64.6988 1.1
      vertex 67.1215 64.6248 1.1
    endloop
  endfacet
  facet normal 0.195052 0.980793 0
    outer loop
      vertex 66.7494 64.6988 1.1
      vertex 67.1215 64.6248 0
      vertex 66.7494 64.6988 0
    endloop
  endfacet
  facet normal -0.555673 0.831401 0
    outer loop
      vertex 69.2654 65.1993 0
      vertex 68.95 64.9885 1.1
      vertex 69.2654 65.1993 1.1
    endloop
  endfacet
  facet normal -0.555673 0.831401 0
    outer loop
      vertex 68.95 64.9885 1.1
      vertex 69.2654 65.1993 0
      vertex 68.95 64.9885 0
    endloop
  endfacet
  facet normal 0.99786 0.0653816 0
    outer loop
      vertex 64.6248 67.1215 1.1
      vertex 64.6 67.5 0
      vertex 64.6 67.5 1.1
    endloop
  endfacet
  facet normal 0.99786 0.0653816 0
    outer loop
      vertex 64.6 67.5 0
      vertex 64.6248 67.1215 1.1
      vertex 64.6248 67.1215 0
    endloop
  endfacet
  facet normal -0.0653816 0.99786 0
    outer loop
      vertex 67.8785 64.6248 0
      vertex 67.5 64.6 1.1
      vertex 67.8785 64.6248 1.1
    endloop
  endfacet
  facet normal -0.0653816 0.99786 0
    outer loop
      vertex 67.5 64.6 1.1
      vertex 67.8785 64.6248 0
      vertex 67.5 64.6 0
    endloop
  endfacet
  facet normal 0.195052 -0.980793 0
    outer loop
      vertex 66.7494 70.3012 0
      vertex 67.1215 70.3752 1.1
      vertex 66.7494 70.3012 1.1
    endloop
  endfacet
  facet normal 0.195052 -0.980793 0
    outer loop
      vertex 67.1215 70.3752 1.1
      vertex 66.7494 70.3012 0
      vertex 67.1215 70.3752 0
    endloop
  endfacet
  facet normal -0.442356 -0.896839 0
    outer loop
      vertex 68.6098 70.1793 0
      vertex 68.95 70.0115 1.1
      vertex 68.6098 70.1793 1.1
    endloop
  endfacet
  facet normal -0.442356 -0.896839 -0
    outer loop
      vertex 68.95 70.0115 1.1
      vertex 68.6098 70.1793 0
      vertex 68.95 70.0115 0
    endloop
  endfacet
  facet normal -0.321364 -0.946956 0
    outer loop
      vertex 68.2506 70.3012 0
      vertex 68.6098 70.1793 1.1
      vertex 68.2506 70.3012 1.1
    endloop
  endfacet
  facet normal -0.321364 -0.946956 -0
    outer loop
      vertex 68.6098 70.1793 1.1
      vertex 68.2506 70.3012 0
      vertex 68.6098 70.1793 0
    endloop
  endfacet
  facet normal -0.831401 0.555673 0
    outer loop
      vertex 69.8007 65.7346 0
      vertex 70.0115 66.05 1.1
      vertex 70.0115 66.05 0
    endloop
  endfacet
  facet normal -0.831401 0.555673 0
    outer loop
      vertex 70.0115 66.05 1.1
      vertex 69.8007 65.7346 0
      vertex 69.8007 65.7346 1.1
    endloop
  endfacet
  facet normal 0.946956 0.321364 0
    outer loop
      vertex 64.8207 66.3902 1.1
      vertex 64.6988 66.7494 0
      vertex 64.6988 66.7494 1.1
    endloop
  endfacet
  facet normal 0.946956 0.321364 0
    outer loop
      vertex 64.6988 66.7494 0
      vertex 64.8207 66.3902 1.1
      vertex 64.8207 66.3902 0
    endloop
  endfacet
  facet normal -0.946956 0.321364 0
    outer loop
      vertex 70.1793 66.3902 0
      vertex 70.3012 66.7494 1.1
      vertex 70.3012 66.7494 0
    endloop
  endfacet
  facet normal -0.946956 0.321364 0
    outer loop
      vertex 70.3012 66.7494 1.1
      vertex 70.1793 66.3902 0
      vertex 70.1793 66.3902 1.1
    endloop
  endfacet
  facet normal 0.555673 0.831401 -0
    outer loop
      vertex 66.05 64.9885 0
      vertex 65.7346 65.1993 1.1
      vertex 66.05 64.9885 1.1
    endloop
  endfacet
  facet normal 0.555673 0.831401 0
    outer loop
      vertex 65.7346 65.1993 1.1
      vertex 66.05 64.9885 0
      vertex 65.7346 65.1993 0
    endloop
  endfacet
  facet normal -0.195052 -0.980793 0
    outer loop
      vertex 67.8785 70.3752 0
      vertex 68.2506 70.3012 1.1
      vertex 67.8785 70.3752 1.1
    endloop
  endfacet
  facet normal -0.195052 -0.980793 -0
    outer loop
      vertex 68.2506 70.3012 1.1
      vertex 67.8785 70.3752 0
      vertex 68.2506 70.3012 0
    endloop
  endfacet
  facet normal 0.442356 -0.896839 0
    outer loop
      vertex 66.05 70.0115 0
      vertex 66.3902 70.1793 1.1
      vertex 66.05 70.0115 1.1
    endloop
  endfacet
  facet normal 0.442356 -0.896839 0
    outer loop
      vertex 66.3902 70.1793 1.1
      vertex 66.05 70.0115 0
      vertex 66.3902 70.1793 0
    endloop
  endfacet
  facet normal -0.751858 -0.659325 0
    outer loop
      vertex 69.8007 69.2654 0
      vertex 69.5506 69.5506 1.1
      vertex 69.5506 69.5506 0
    endloop
  endfacet
  facet normal -0.751858 -0.659325 0
    outer loop
      vertex 69.5506 69.5506 1.1
      vertex 69.8007 69.2654 0
      vertex 69.8007 69.2654 1.1
    endloop
  endfacet
  facet normal 0.831401 0.555673 0
    outer loop
      vertex 65.1993 65.7346 1.1
      vertex 64.9885 66.05 0
      vertex 64.9885 66.05 1.1
    endloop
  endfacet
  facet normal 0.831401 0.555673 0
    outer loop
      vertex 64.9885 66.05 0
      vertex 65.1993 65.7346 1.1
      vertex 65.1993 65.7346 0
    endloop
  endfacet
  facet normal 0.896839 -0.442356 0
    outer loop
      vertex 64.8207 68.6098 1.1
      vertex 64.9885 68.95 0
      vertex 64.9885 68.95 1.1
    endloop
  endfacet
  facet normal 0.896839 -0.442356 0
    outer loop
      vertex 64.9885 68.95 0
      vertex 64.8207 68.6098 1.1
      vertex 64.8207 68.6098 0
    endloop
  endfacet
  facet normal 0.980793 0.195052 0
    outer loop
      vertex 64.6988 66.7494 1.1
      vertex 64.6248 67.1215 0
      vertex 64.6248 67.1215 1.1
    endloop
  endfacet
  facet normal 0.980793 0.195052 0
    outer loop
      vertex 64.6248 67.1215 0
      vertex 64.6988 66.7494 1.1
      vertex 64.6988 66.7494 0
    endloop
  endfacet
  facet normal 0.980793 -0.195052 0
    outer loop
      vertex 64.6248 67.8785 1.1
      vertex 64.6988 68.2506 0
      vertex 64.6988 68.2506 1.1
    endloop
  endfacet
  facet normal 0.980793 -0.195052 0
    outer loop
      vertex 64.6988 68.2506 0
      vertex 64.6248 67.8785 1.1
      vertex 64.6248 67.8785 0
    endloop
  endfacet
  facet normal -0.896839 0.442356 0
    outer loop
      vertex 70.0115 66.05 0
      vertex 70.1793 66.3902 1.1
      vertex 70.1793 66.3902 0
    endloop
  endfacet
  facet normal -0.896839 0.442356 0
    outer loop
      vertex 70.1793 66.3902 1.1
      vertex 70.0115 66.05 0
      vertex 70.0115 66.05 1.1
    endloop
  endfacet
  facet normal 0.659325 0.751858 -0
    outer loop
      vertex 65.7346 65.1993 0
      vertex 65.4494 65.4494 1.1
      vertex 65.7346 65.1993 1.1
    endloop
  endfacet
  facet normal 0.659325 0.751858 0
    outer loop
      vertex 65.4494 65.4494 1.1
      vertex 65.7346 65.1993 0
      vertex 65.4494 65.4494 0
    endloop
  endfacet
  facet normal 0.751858 -0.659325 0
    outer loop
      vertex 65.1993 69.2654 1.1
      vertex 65.4494 69.5506 0
      vertex 65.4494 69.5506 1.1
    endloop
  endfacet
  facet normal 0.751858 -0.659325 0
    outer loop
      vertex 65.4494 69.5506 0
      vertex 65.1993 69.2654 1.1
      vertex 65.1993 69.2654 0
    endloop
  endfacet
  facet normal -0.195093 -0.980785 0
    outer loop
      vertex 67.8002 69.7803 1.1
      vertex 68.0953 69.7216 4
      vertex 67.8002 69.7803 4
    endloop
  endfacet
  facet normal -0.195093 -0.980785 -0
    outer loop
      vertex 68.0953 69.7216 4
      vertex 67.8002 69.7803 1.1
      vertex 68.0953 69.7216 1.1
    endloop
  endfacet
  facet normal -0.980785 -0.195093 0
    outer loop
      vertex 69.7803 67.8002 1.1
      vertex 69.7216 68.0953 4
      vertex 69.7216 68.0953 1.1
    endloop
  endfacet
  facet normal -0.980785 -0.195093 0
    outer loop
      vertex 69.7216 68.0953 4
      vertex 69.7803 67.8002 1.1
      vertex 69.7803 67.8002 4
    endloop
  endfacet
  facet normal -0.997854 -0.0654821 0
    outer loop
      vertex 69.8 67.5 1.1
      vertex 69.7803 67.8002 4
      vertex 69.7803 67.8002 1.1
    endloop
  endfacet
  facet normal -0.997854 -0.0654821 0
    outer loop
      vertex 69.7803 67.8002 4
      vertex 69.8 67.5 1.1
      vertex 69.8 67.5 4
    endloop
  endfacet
  facet normal -0.946941 -0.321408 0
    outer loop
      vertex 69.7216 68.0953 1.1
      vertex 69.6249 68.3802 4
      vertex 69.6249 68.3802 1.1
    endloop
  endfacet
  facet normal -0.946941 -0.321408 0
    outer loop
      vertex 69.6249 68.3802 4
      vertex 69.7216 68.0953 1.1
      vertex 69.7216 68.0953 4
    endloop
  endfacet
  facet normal -0.831436 -0.55562 0
    outer loop
      vertex 69.4919 68.65 1.1
      vertex 69.3247 68.9002 4
      vertex 69.3247 68.9002 1.1
    endloop
  endfacet
  facet normal -0.831436 -0.55562 0
    outer loop
      vertex 69.3247 68.9002 4
      vertex 69.4919 68.65 1.1
      vertex 69.4919 68.65 4
    endloop
  endfacet
  facet normal -0.321408 -0.946941 0
    outer loop
      vertex 68.0953 69.7216 1.1
      vertex 68.3802 69.6249 4
      vertex 68.0953 69.7216 4
    endloop
  endfacet
  facet normal -0.321408 -0.946941 -0
    outer loop
      vertex 68.3802 69.6249 4
      vertex 68.0953 69.7216 1.1
      vertex 68.3802 69.6249 1.1
    endloop
  endfacet
  facet normal 0.980785 0.195093 0
    outer loop
      vertex 65.2784 66.9047 4
      vertex 65.2197 67.1998 1.1
      vertex 65.2197 67.1998 4
    endloop
  endfacet
  facet normal 0.980785 0.195093 0
    outer loop
      vertex 65.2197 67.1998 1.1
      vertex 65.2784 66.9047 4
      vertex 65.2784 66.9047 1.1
    endloop
  endfacet
  facet normal -0.997854 0.0654821 0
    outer loop
      vertex 69.7803 67.1998 1.1
      vertex 69.8 67.5 4
      vertex 69.8 67.5 1.1
    endloop
  endfacet
  facet normal -0.997854 0.0654821 0
    outer loop
      vertex 69.8 67.5 4
      vertex 69.7803 67.1998 1.1
      vertex 69.7803 67.1998 4
    endloop
  endfacet
  facet normal 0.55562 0.831436 -0
    outer loop
      vertex 66.35 65.5081 1.1
      vertex 66.0998 65.6753 4
      vertex 66.35 65.5081 4
    endloop
  endfacet
  facet normal 0.55562 0.831436 0
    outer loop
      vertex 66.0998 65.6753 4
      vertex 66.35 65.5081 1.1
      vertex 66.0998 65.6753 1.1
    endloop
  endfacet
  facet normal 0.997854 0.0654821 0
    outer loop
      vertex 65.2197 67.1998 4
      vertex 65.2 67.5 1.1
      vertex 65.2 67.5 4
    endloop
  endfacet
  facet normal 0.997854 0.0654821 0
    outer loop
      vertex 65.2 67.5 1.1
      vertex 65.2197 67.1998 4
      vertex 65.2197 67.1998 1.1
    endloop
  endfacet
  facet normal 0.321408 0.946941 -0
    outer loop
      vertex 66.9047 65.2784 1.1
      vertex 66.6198 65.3751 4
      vertex 66.9047 65.2784 4
    endloop
  endfacet
  facet normal 0.321408 0.946941 0
    outer loop
      vertex 66.6198 65.3751 4
      vertex 66.9047 65.2784 1.1
      vertex 66.6198 65.3751 1.1
    endloop
  endfacet
  facet normal -0.89694 -0.442153 0
    outer loop
      vertex 69.6249 68.3802 1.1
      vertex 69.4919 68.65 4
      vertex 69.4919 68.65 1.1
    endloop
  endfacet
  facet normal -0.89694 -0.442153 0
    outer loop
      vertex 69.4919 68.65 4
      vertex 69.6249 68.3802 1.1
      vertex 69.6249 68.3802 4
    endloop
  endfacet
  facet normal -0.751649 -0.659563 0
    outer loop
      vertex 69.3247 68.9002 1.1
      vertex 69.1263 69.1263 4
      vertex 69.1263 69.1263 1.1
    endloop
  endfacet
  facet normal -0.751649 -0.659563 0
    outer loop
      vertex 69.1263 69.1263 4
      vertex 69.3247 68.9002 1.1
      vertex 69.3247 68.9002 4
    endloop
  endfacet
  facet normal -0.946941 0.321408 0
    outer loop
      vertex 69.6249 66.6198 1.1
      vertex 69.7216 66.9047 4
      vertex 69.7216 66.9047 1.1
    endloop
  endfacet
  facet normal -0.946941 0.321408 0
    outer loop
      vertex 69.7216 66.9047 4
      vertex 69.6249 66.6198 1.1
      vertex 69.6249 66.6198 4
    endloop
  endfacet
  facet normal 0.751649 0.659563 0
    outer loop
      vertex 65.8737 65.8737 4
      vertex 65.6753 66.0998 1.1
      vertex 65.6753 66.0998 4
    endloop
  endfacet
  facet normal 0.751649 0.659563 0
    outer loop
      vertex 65.6753 66.0998 1.1
      vertex 65.8737 65.8737 4
      vertex 65.8737 65.8737 1.1
    endloop
  endfacet
  facet normal -0.980785 0.195093 0
    outer loop
      vertex 69.7216 66.9047 1.1
      vertex 69.7803 67.1998 4
      vertex 69.7803 67.1998 1.1
    endloop
  endfacet
  facet normal -0.980785 0.195093 0
    outer loop
      vertex 69.7803 67.1998 4
      vertex 69.7216 66.9047 1.1
      vertex 69.7216 66.9047 4
    endloop
  endfacet
  facet normal -0.0654821 0.997854 0
    outer loop
      vertex 67.8002 65.2197 1.1
      vertex 67.5 65.2 4
      vertex 67.8002 65.2197 4
    endloop
  endfacet
  facet normal -0.0654821 0.997854 0
    outer loop
      vertex 67.5 65.2 4
      vertex 67.8002 65.2197 1.1
      vertex 67.5 65.2 1.1
    endloop
  endfacet
  facet normal 0.946941 0.321408 0
    outer loop
      vertex 65.3751 66.6198 4
      vertex 65.2784 66.9047 1.1
      vertex 65.2784 66.9047 4
    endloop
  endfacet
  facet normal 0.946941 0.321408 0
    outer loop
      vertex 65.2784 66.9047 1.1
      vertex 65.3751 66.6198 4
      vertex 65.3751 66.6198 1.1
    endloop
  endfacet
  facet normal -0.831436 0.55562 0
    outer loop
      vertex 69.3247 66.0998 1.1
      vertex 69.4919 66.35 4
      vertex 69.4919 66.35 1.1
    endloop
  endfacet
  facet normal -0.831436 0.55562 0
    outer loop
      vertex 69.4919 66.35 4
      vertex 69.3247 66.0998 1.1
      vertex 69.3247 66.0998 4
    endloop
  endfacet
  facet normal -0.442153 -0.89694 0
    outer loop
      vertex 68.3802 69.6249 1.1
      vertex 68.65 69.4919 4
      vertex 68.3802 69.6249 4
    endloop
  endfacet
  facet normal -0.442153 -0.89694 -0
    outer loop
      vertex 68.65 69.4919 4
      vertex 68.3802 69.6249 1.1
      vertex 68.65 69.4919 1.1
    endloop
  endfacet
  facet normal 0.442153 -0.89694 0
    outer loop
      vertex 66.35 69.4919 1.1
      vertex 66.6198 69.6249 4
      vertex 66.35 69.4919 4
    endloop
  endfacet
  facet normal 0.442153 -0.89694 0
    outer loop
      vertex 66.6198 69.6249 4
      vertex 66.35 69.4919 1.1
      vertex 66.6198 69.6249 1.1
    endloop
  endfacet
  facet normal -0.442153 0.89694 0
    outer loop
      vertex 68.65 65.5081 1.1
      vertex 68.3802 65.3751 4
      vertex 68.65 65.5081 4
    endloop
  endfacet
  facet normal -0.442153 0.89694 0
    outer loop
      vertex 68.3802 65.3751 4
      vertex 68.65 65.5081 1.1
      vertex 68.3802 65.3751 1.1
    endloop
  endfacet
  facet normal -0.321408 0.946941 0
    outer loop
      vertex 68.3802 65.3751 1.1
      vertex 68.0953 65.2784 4
      vertex 68.3802 65.3751 4
    endloop
  endfacet
  facet normal -0.321408 0.946941 0
    outer loop
      vertex 68.0953 65.2784 4
      vertex 68.3802 65.3751 1.1
      vertex 68.0953 65.2784 1.1
    endloop
  endfacet
  facet normal 0.195093 0.980785 -0
    outer loop
      vertex 67.1998 65.2197 1.1
      vertex 66.9047 65.2784 4
      vertex 67.1998 65.2197 4
    endloop
  endfacet
  facet normal 0.195093 0.980785 0
    outer loop
      vertex 66.9047 65.2784 4
      vertex 67.1998 65.2197 1.1
      vertex 66.9047 65.2784 1.1
    endloop
  endfacet
  facet normal 0.946941 -0.321408 0
    outer loop
      vertex 65.2784 68.0953 4
      vertex 65.3751 68.3802 1.1
      vertex 65.3751 68.3802 4
    endloop
  endfacet
  facet normal 0.946941 -0.321408 0
    outer loop
      vertex 65.3751 68.3802 1.1
      vertex 65.2784 68.0953 4
      vertex 65.2784 68.0953 1.1
    endloop
  endfacet
  facet normal 0.195093 -0.980785 0
    outer loop
      vertex 66.9047 69.7216 1.1
      vertex 67.1998 69.7803 4
      vertex 66.9047 69.7216 4
    endloop
  endfacet
  facet normal 0.195093 -0.980785 0
    outer loop
      vertex 67.1998 69.7803 4
      vertex 66.9047 69.7216 1.1
      vertex 67.1998 69.7803 1.1
    endloop
  endfacet
  facet normal 0.55562 -0.831436 0
    outer loop
      vertex 66.0998 69.3247 1.1
      vertex 66.35 69.4919 4
      vertex 66.0998 69.3247 4
    endloop
  endfacet
  facet normal 0.55562 -0.831436 0
    outer loop
      vertex 66.35 69.4919 4
      vertex 66.0998 69.3247 1.1
      vertex 66.35 69.4919 1.1
    endloop
  endfacet
  facet normal -0.55562 0.831436 0
    outer loop
      vertex 68.9002 65.6753 1.1
      vertex 68.65 65.5081 4
      vertex 68.9002 65.6753 4
    endloop
  endfacet
  facet normal -0.55562 0.831436 0
    outer loop
      vertex 68.65 65.5081 4
      vertex 68.9002 65.6753 1.1
      vertex 68.65 65.5081 1.1
    endloop
  endfacet
  facet normal -0.195093 0.980785 0
    outer loop
      vertex 68.0953 65.2784 1.1
      vertex 67.8002 65.2197 4
      vertex 68.0953 65.2784 4
    endloop
  endfacet
  facet normal -0.195093 0.980785 0
    outer loop
      vertex 67.8002 65.2197 4
      vertex 68.0953 65.2784 1.1
      vertex 67.8002 65.2197 1.1
    endloop
  endfacet
  facet normal 0.89694 -0.442153 0
    outer loop
      vertex 65.3751 68.3802 4
      vertex 65.5081 68.65 1.1
      vertex 65.5081 68.65 4
    endloop
  endfacet
  facet normal 0.89694 -0.442153 0
    outer loop
      vertex 65.5081 68.65 1.1
      vertex 65.3751 68.3802 4
      vertex 65.3751 68.3802 1.1
    endloop
  endfacet
  facet normal 0.831436 -0.55562 0
    outer loop
      vertex 65.5081 68.65 4
      vertex 65.6753 68.9002 1.1
      vertex 65.6753 68.9002 4
    endloop
  endfacet
  facet normal 0.831436 -0.55562 0
    outer loop
      vertex 65.6753 68.9002 1.1
      vertex 65.5081 68.65 4
      vertex 65.5081 68.65 1.1
    endloop
  endfacet
  facet normal 0.0654821 0.997854 -0
    outer loop
      vertex 67.5 65.2 1.1
      vertex 67.1998 65.2197 4
      vertex 67.5 65.2 4
    endloop
  endfacet
  facet normal 0.0654821 0.997854 0
    outer loop
      vertex 67.1998 65.2197 4
      vertex 67.5 65.2 1.1
      vertex 67.1998 65.2197 1.1
    endloop
  endfacet
  facet normal 0.659563 -0.751649 0
    outer loop
      vertex 65.8737 69.1263 1.1
      vertex 66.0998 69.3247 4
      vertex 65.8737 69.1263 4
    endloop
  endfacet
  facet normal 0.659563 -0.751649 0
    outer loop
      vertex 66.0998 69.3247 4
      vertex 65.8737 69.1263 1.1
      vertex 66.0998 69.3247 1.1
    endloop
  endfacet
  facet normal 0.659563 0.751649 -0
    outer loop
      vertex 66.0998 65.6753 1.1
      vertex 65.8737 65.8737 4
      vertex 66.0998 65.6753 4
    endloop
  endfacet
  facet normal 0.659563 0.751649 0
    outer loop
      vertex 65.8737 65.8737 4
      vertex 66.0998 65.6753 1.1
      vertex 65.8737 65.8737 1.1
    endloop
  endfacet
  facet normal 0.751649 -0.659563 0
    outer loop
      vertex 65.6753 68.9002 4
      vertex 65.8737 69.1263 1.1
      vertex 65.8737 69.1263 4
    endloop
  endfacet
  facet normal 0.751649 -0.659563 0
    outer loop
      vertex 65.8737 69.1263 1.1
      vertex 65.6753 68.9002 4
      vertex 65.6753 68.9002 1.1
    endloop
  endfacet
  facet normal -0.751649 0.659563 0
    outer loop
      vertex 69.1263 65.8737 1.1
      vertex 69.3247 66.0998 4
      vertex 69.3247 66.0998 1.1
    endloop
  endfacet
  facet normal -0.751649 0.659563 0
    outer loop
      vertex 69.3247 66.0998 4
      vertex 69.1263 65.8737 1.1
      vertex 69.1263 65.8737 4
    endloop
  endfacet
  facet normal -0.89694 0.442153 0
    outer loop
      vertex 69.4919 66.35 1.1
      vertex 69.6249 66.6198 4
      vertex 69.6249 66.6198 1.1
    endloop
  endfacet
  facet normal -0.89694 0.442153 0
    outer loop
      vertex 69.6249 66.6198 4
      vertex 69.4919 66.35 1.1
      vertex 69.4919 66.35 4
    endloop
  endfacet
  facet normal 0.980785 -0.195093 0
    outer loop
      vertex 65.2197 67.8002 4
      vertex 65.2784 68.0953 1.1
      vertex 65.2784 68.0953 4
    endloop
  endfacet
  facet normal 0.980785 -0.195093 0
    outer loop
      vertex 65.2784 68.0953 1.1
      vertex 65.2197 67.8002 4
      vertex 65.2197 67.8002 1.1
    endloop
  endfacet
  facet normal -0.0654821 -0.997854 0
    outer loop
      vertex 67.5 69.8 1.1
      vertex 67.8002 69.7803 4
      vertex 67.5 69.8 4
    endloop
  endfacet
  facet normal -0.0654821 -0.997854 -0
    outer loop
      vertex 67.8002 69.7803 4
      vertex 67.5 69.8 1.1
      vertex 67.8002 69.7803 1.1
    endloop
  endfacet
  facet normal -0.55562 -0.831436 0
    outer loop
      vertex 68.65 69.4919 1.1
      vertex 68.9002 69.3247 4
      vertex 68.65 69.4919 4
    endloop
  endfacet
  facet normal -0.55562 -0.831436 -0
    outer loop
      vertex 68.9002 69.3247 4
      vertex 68.65 69.4919 1.1
      vertex 68.9002 69.3247 1.1
    endloop
  endfacet
  facet normal 0.321408 -0.946941 0
    outer loop
      vertex 66.6198 69.6249 1.1
      vertex 66.9047 69.7216 4
      vertex 66.6198 69.6249 4
    endloop
  endfacet
  facet normal 0.321408 -0.946941 0
    outer loop
      vertex 66.9047 69.7216 4
      vertex 66.6198 69.6249 1.1
      vertex 66.9047 69.7216 1.1
    endloop
  endfacet
  facet normal 0.0654821 -0.997854 0
    outer loop
      vertex 67.1998 69.7803 1.1
      vertex 67.5 69.8 4
      vertex 67.1998 69.7803 4
    endloop
  endfacet
  facet normal 0.0654821 -0.997854 0
    outer loop
      vertex 67.5 69.8 4
      vertex 67.1998 69.7803 1.1
      vertex 67.5 69.8 1.1
    endloop
  endfacet
  facet normal 0.997854 -0.0654821 0
    outer loop
      vertex 65.2 67.5 4
      vertex 65.2197 67.8002 1.1
      vertex 65.2197 67.8002 4
    endloop
  endfacet
  facet normal 0.997854 -0.0654821 0
    outer loop
      vertex 65.2197 67.8002 1.1
      vertex 65.2 67.5 4
      vertex 65.2 67.5 1.1
    endloop
  endfacet
  facet normal -0.659563 -0.751649 0
    outer loop
      vertex 68.9002 69.3247 1.1
      vertex 69.1263 69.1263 4
      vertex 68.9002 69.3247 4
    endloop
  endfacet
  facet normal -0.659563 -0.751649 -0
    outer loop
      vertex 69.1263 69.1263 4
      vertex 68.9002 69.3247 1.1
      vertex 69.1263 69.1263 1.1
    endloop
  endfacet
  facet normal 0.89694 0.442153 0
    outer loop
      vertex 65.5081 66.35 4
      vertex 65.3751 66.6198 1.1
      vertex 65.3751 66.6198 4
    endloop
  endfacet
  facet normal 0.89694 0.442153 0
    outer loop
      vertex 65.3751 66.6198 1.1
      vertex 65.5081 66.35 4
      vertex 65.5081 66.35 1.1
    endloop
  endfacet
  facet normal 0.442153 0.89694 -0
    outer loop
      vertex 66.6198 65.3751 1.1
      vertex 66.35 65.5081 4
      vertex 66.6198 65.3751 4
    endloop
  endfacet
  facet normal 0.442153 0.89694 0
    outer loop
      vertex 66.35 65.5081 4
      vertex 66.6198 65.3751 1.1
      vertex 66.35 65.5081 1.1
    endloop
  endfacet
  facet normal -0.659563 0.751649 0
    outer loop
      vertex 69.1263 65.8737 1.1
      vertex 68.9002 65.6753 4
      vertex 69.1263 65.8737 4
    endloop
  endfacet
  facet normal -0.659563 0.751649 0
    outer loop
      vertex 68.9002 65.6753 4
      vertex 69.1263 65.8737 1.1
      vertex 68.9002 65.6753 1.1
    endloop
  endfacet
  facet normal 0.831436 0.55562 0
    outer loop
      vertex 65.6753 66.0998 4
      vertex 65.5081 66.35 1.1
      vertex 65.5081 66.35 4
    endloop
  endfacet
  facet normal 0.831436 0.55562 0
    outer loop
      vertex 65.5081 66.35 1.1
      vertex 65.6753 66.0998 4
      vertex 65.6753 66.0998 1.1
    endloop
  endfacet
  facet normal 0.321498 0.94691 -0
    outer loop
      vertex 69.0307 94.1955 0
      vertex 68.5353 94.3637 4
      vertex 69.0307 94.1955 4
    endloop
  endfacet
  facet normal 0.321498 0.94691 0
    outer loop
      vertex 68.5353 94.3637 4
      vertex 69.0307 94.1955 0
      vertex 68.5353 94.3637 0
    endloop
  endfacet
  facet normal 0.980779 0.195124 0
    outer loop
      vertex 71.4658 91.0221 4
      vertex 71.3637 91.5353 0
      vertex 71.3637 91.5353 4
    endloop
  endfacet
  facet normal 0.980779 0.195124 0
    outer loop
      vertex 71.3637 91.5353 0
      vertex 71.4658 91.0221 4
      vertex 71.4658 91.0221 0
    endloop
  endfacet
  facet normal 0.997861 0.0653646 0
    outer loop
      vertex 71.5 90.5 4
      vertex 71.4658 91.0221 0
      vertex 71.4658 91.0221 4
    endloop
  endfacet
  facet normal 0.997861 0.0653646 0
    outer loop
      vertex 71.4658 91.0221 0
      vertex 71.5 90.5 4
      vertex 71.5 90.5 0
    endloop
  endfacet
  facet normal 0.94691 0.321498 0
    outer loop
      vertex 71.3637 91.5353 4
      vertex 71.1955 92.0307 0
      vertex 71.1955 92.0307 4
    endloop
  endfacet
  facet normal 0.94691 0.321498 0
    outer loop
      vertex 71.1955 92.0307 0
      vertex 71.3637 91.5353 4
      vertex 71.3637 91.5353 0
    endloop
  endfacet
  facet normal 0.442238 0.896898 -0
    outer loop
      vertex 69.5 93.9641 0
      vertex 69.0307 94.1955 4
      vertex 69.5 93.9641 4
    endloop
  endfacet
  facet normal 0.442238 0.896898 0
    outer loop
      vertex 69.0307 94.1955 4
      vertex 69.5 93.9641 0
      vertex 69.0307 94.1955 0
    endloop
  endfacet
  facet normal -0.997861 -0.0653646 0
    outer loop
      vertex 63.5342 89.9779 0
      vertex 63.5 90.5 4
      vertex 63.5 90.5 0
    endloop
  endfacet
  facet normal -0.997861 -0.0653646 0
    outer loop
      vertex 63.5 90.5 4
      vertex 63.5342 89.9779 0
      vertex 63.5342 89.9779 4
    endloop
  endfacet
  facet normal 0.896898 0.442238 0
    outer loop
      vertex 71.1955 92.0307 4
      vertex 70.9641 92.5 0
      vertex 70.9641 92.5 4
    endloop
  endfacet
  facet normal 0.896898 0.442238 0
    outer loop
      vertex 70.9641 92.5 0
      vertex 71.1955 92.0307 4
      vertex 71.1955 92.0307 0
    endloop
  endfacet
  facet normal 0.831432 0.555626 0
    outer loop
      vertex 70.9641 92.5 4
      vertex 70.6734 92.935 0
      vertex 70.6734 92.935 4
    endloop
  endfacet
  facet normal 0.831432 0.555626 0
    outer loop
      vertex 70.6734 92.935 0
      vertex 70.9641 92.5 4
      vertex 70.9641 92.5 0
    endloop
  endfacet
  facet normal 0.659343 0.751842 -0
    outer loop
      vertex 70.3284 93.3284 0
      vertex 69.935 93.6734 4
      vertex 70.3284 93.3284 4
    endloop
  endfacet
  facet normal 0.659343 0.751842 0
    outer loop
      vertex 69.935 93.6734 4
      vertex 70.3284 93.3284 0
      vertex 69.935 93.6734 0
    endloop
  endfacet
  facet normal -0.659343 0.751842 0
    outer loop
      vertex 65.065 93.6734 0
      vertex 64.6716 93.3284 4
      vertex 65.065 93.6734 4
    endloop
  endfacet
  facet normal -0.659343 0.751842 0
    outer loop
      vertex 64.6716 93.3284 4
      vertex 65.065 93.6734 0
      vertex 64.6716 93.3284 0
    endloop
  endfacet
  facet normal 0.751842 0.659343 0
    outer loop
      vertex 70.6734 92.935 4
      vertex 70.3284 93.3284 0
      vertex 70.3284 93.3284 4
    endloop
  endfacet
  facet normal 0.751842 0.659343 0
    outer loop
      vertex 70.3284 93.3284 0
      vertex 70.6734 92.935 4
      vertex 70.6734 92.935 0
    endloop
  endfacet
  facet normal -0.980779 0.195124 0
    outer loop
      vertex 63.5342 91.0221 0
      vertex 63.6363 91.5353 4
      vertex 63.6363 91.5353 0
    endloop
  endfacet
  facet normal -0.980779 0.195124 0
    outer loop
      vertex 63.6363 91.5353 4
      vertex 63.5342 91.0221 0
      vertex 63.5342 91.0221 4
    endloop
  endfacet
  facet normal -0.997861 0.0653646 0
    outer loop
      vertex 63.5 90.5 0
      vertex 63.5342 91.0221 4
      vertex 63.5342 91.0221 0
    endloop
  endfacet
  facet normal -0.997861 0.0653646 0
    outer loop
      vertex 63.5342 91.0221 4
      vertex 63.5 90.5 0
      vertex 63.5 90.5 4
    endloop
  endfacet
  facet normal -0.751842 -0.659343 0
    outer loop
      vertex 64.6716 87.6716 0
      vertex 64.3266 88.065 4
      vertex 64.3266 88.065 0
    endloop
  endfacet
  facet normal -0.751842 -0.659343 0
    outer loop
      vertex 64.3266 88.065 4
      vertex 64.6716 87.6716 0
      vertex 64.6716 87.6716 4
    endloop
  endfacet
  facet normal 0.555626 0.831432 -0
    outer loop
      vertex 69.935 93.6734 0
      vertex 69.5 93.9641 4
      vertex 69.935 93.6734 4
    endloop
  endfacet
  facet normal 0.555626 0.831432 0
    outer loop
      vertex 69.5 93.9641 4
      vertex 69.935 93.6734 0
      vertex 69.5 93.9641 0
    endloop
  endfacet
  facet normal 0.195124 -0.980779 0
    outer loop
      vertex 68.0221 86.5342 0
      vertex 68.5353 86.6363 4
      vertex 68.0221 86.5342 4
    endloop
  endfacet
  facet normal 0.195124 -0.980779 0
    outer loop
      vertex 68.5353 86.6363 4
      vertex 68.0221 86.5342 0
      vertex 68.5353 86.6363 0
    endloop
  endfacet
  facet normal -0.442238 0.896898 0
    outer loop
      vertex 65.9693 94.1955 0
      vertex 65.5 93.9641 4
      vertex 65.9693 94.1955 4
    endloop
  endfacet
  facet normal -0.442238 0.896898 0
    outer loop
      vertex 65.5 93.9641 4
      vertex 65.9693 94.1955 0
      vertex 65.5 93.9641 0
    endloop
  endfacet
  facet normal -0.321498 -0.94691 0
    outer loop
      vertex 65.9693 86.8045 0
      vertex 66.4647 86.6363 4
      vertex 65.9693 86.8045 4
    endloop
  endfacet
  facet normal -0.321498 -0.94691 -0
    outer loop
      vertex 66.4647 86.6363 4
      vertex 65.9693 86.8045 0
      vertex 66.4647 86.6363 0
    endloop
  endfacet
  facet normal 0.980779 -0.195124 0
    outer loop
      vertex 71.3637 89.4647 4
      vertex 71.4658 89.9779 0
      vertex 71.4658 89.9779 4
    endloop
  endfacet
  facet normal 0.980779 -0.195124 0
    outer loop
      vertex 71.4658 89.9779 0
      vertex 71.3637 89.4647 4
      vertex 71.3637 89.4647 0
    endloop
  endfacet
  facet normal -0.751842 0.659343 0
    outer loop
      vertex 64.3266 92.935 0
      vertex 64.6716 93.3284 4
      vertex 64.6716 93.3284 0
    endloop
  endfacet
  facet normal -0.751842 0.659343 0
    outer loop
      vertex 64.6716 93.3284 4
      vertex 64.3266 92.935 0
      vertex 64.3266 92.935 4
    endloop
  endfacet
  facet normal 0.831432 -0.555626 0
    outer loop
      vertex 70.6734 88.065 4
      vertex 70.9641 88.5 0
      vertex 70.9641 88.5 4
    endloop
  endfacet
  facet normal 0.831432 -0.555626 0
    outer loop
      vertex 70.9641 88.5 0
      vertex 70.6734 88.065 4
      vertex 70.6734 88.065 0
    endloop
  endfacet
  facet normal -0.321498 0.94691 0
    outer loop
      vertex 66.4647 94.3637 0
      vertex 65.9693 94.1955 4
      vertex 66.4647 94.3637 4
    endloop
  endfacet
  facet normal -0.321498 0.94691 0
    outer loop
      vertex 65.9693 94.1955 4
      vertex 66.4647 94.3637 0
      vertex 65.9693 94.1955 0
    endloop
  endfacet
  facet normal -0.980779 -0.195124 0
    outer loop
      vertex 63.6363 89.4647 0
      vertex 63.5342 89.9779 4
      vertex 63.5342 89.9779 0
    endloop
  endfacet
  facet normal -0.980779 -0.195124 0
    outer loop
      vertex 63.5342 89.9779 4
      vertex 63.6363 89.4647 0
      vertex 63.6363 89.4647 4
    endloop
  endfacet
  facet normal -0.195124 -0.980779 0
    outer loop
      vertex 66.4647 86.6363 0
      vertex 66.9779 86.5342 4
      vertex 66.4647 86.6363 4
    endloop
  endfacet
  facet normal -0.195124 -0.980779 -0
    outer loop
      vertex 66.9779 86.5342 4
      vertex 66.4647 86.6363 0
      vertex 66.9779 86.5342 0
    endloop
  endfacet
  facet normal 0.94691 -0.321498 0
    outer loop
      vertex 71.1955 88.9693 4
      vertex 71.3637 89.4647 0
      vertex 71.3637 89.4647 4
    endloop
  endfacet
  facet normal 0.94691 -0.321498 0
    outer loop
      vertex 71.3637 89.4647 0
      vertex 71.1955 88.9693 4
      vertex 71.1955 88.9693 0
    endloop
  endfacet
  facet normal 0.0653646 -0.997861 0
    outer loop
      vertex 67.5 86.5 0
      vertex 68.0221 86.5342 4
      vertex 67.5 86.5 4
    endloop
  endfacet
  facet normal 0.0653646 -0.997861 0
    outer loop
      vertex 68.0221 86.5342 4
      vertex 67.5 86.5 0
      vertex 68.0221 86.5342 0
    endloop
  endfacet
  facet normal 0.751842 -0.659343 0
    outer loop
      vertex 70.3284 87.6716 4
      vertex 70.6734 88.065 0
      vertex 70.6734 88.065 4
    endloop
  endfacet
  facet normal 0.751842 -0.659343 0
    outer loop
      vertex 70.6734 88.065 0
      vertex 70.3284 87.6716 4
      vertex 70.3284 87.6716 0
    endloop
  endfacet
  facet normal -0.0653646 0.997861 0
    outer loop
      vertex 67.5 94.5 0
      vertex 66.9779 94.4658 4
      vertex 67.5 94.5 4
    endloop
  endfacet
  facet normal -0.0653646 0.997861 0
    outer loop
      vertex 66.9779 94.4658 4
      vertex 67.5 94.5 0
      vertex 66.9779 94.4658 0
    endloop
  endfacet
  facet normal 0.555626 -0.831432 0
    outer loop
      vertex 69.5 87.0359 0
      vertex 69.935 87.3266 4
      vertex 69.5 87.0359 4
    endloop
  endfacet
  facet normal 0.555626 -0.831432 0
    outer loop
      vertex 69.935 87.3266 4
      vertex 69.5 87.0359 0
      vertex 69.935 87.3266 0
    endloop
  endfacet
  facet normal -0.659343 -0.751842 0
    outer loop
      vertex 64.6716 87.6716 0
      vertex 65.065 87.3266 4
      vertex 64.6716 87.6716 4
    endloop
  endfacet
  facet normal -0.659343 -0.751842 -0
    outer loop
      vertex 65.065 87.3266 4
      vertex 64.6716 87.6716 0
      vertex 65.065 87.3266 0
    endloop
  endfacet
  facet normal -0.555626 -0.831432 0
    outer loop
      vertex 65.065 87.3266 0
      vertex 65.5 87.0359 4
      vertex 65.065 87.3266 4
    endloop
  endfacet
  facet normal -0.555626 -0.831432 -0
    outer loop
      vertex 65.5 87.0359 4
      vertex 65.065 87.3266 0
      vertex 65.5 87.0359 0
    endloop
  endfacet
  facet normal -0.896898 0.442238 0
    outer loop
      vertex 63.8045 92.0307 0
      vertex 64.0359 92.5 4
      vertex 64.0359 92.5 0
    endloop
  endfacet
  facet normal -0.896898 0.442238 0
    outer loop
      vertex 64.0359 92.5 4
      vertex 63.8045 92.0307 0
      vertex 63.8045 92.0307 4
    endloop
  endfacet
  facet normal 0.0653646 0.997861 -0
    outer loop
      vertex 68.0221 94.4658 0
      vertex 67.5 94.5 4
      vertex 68.0221 94.4658 4
    endloop
  endfacet
  facet normal 0.0653646 0.997861 0
    outer loop
      vertex 67.5 94.5 4
      vertex 68.0221 94.4658 0
      vertex 67.5 94.5 0
    endloop
  endfacet
  facet normal 0.997861 -0.0653646 0
    outer loop
      vertex 71.4658 89.9779 4
      vertex 71.5 90.5 0
      vertex 71.5 90.5 4
    endloop
  endfacet
  facet normal 0.997861 -0.0653646 0
    outer loop
      vertex 71.5 90.5 0
      vertex 71.4658 89.9779 4
      vertex 71.4658 89.9779 0
    endloop
  endfacet
  facet normal -0.195124 0.980779 0
    outer loop
      vertex 66.9779 94.4658 0
      vertex 66.4647 94.3637 4
      vertex 66.9779 94.4658 4
    endloop
  endfacet
  facet normal -0.195124 0.980779 0
    outer loop
      vertex 66.4647 94.3637 4
      vertex 66.9779 94.4658 0
      vertex 66.4647 94.3637 0
    endloop
  endfacet
  facet normal -0.555626 0.831432 0
    outer loop
      vertex 65.5 93.9641 0
      vertex 65.065 93.6734 4
      vertex 65.5 93.9641 4
    endloop
  endfacet
  facet normal -0.555626 0.831432 0
    outer loop
      vertex 65.065 93.6734 4
      vertex 65.5 93.9641 0
      vertex 65.065 93.6734 0
    endloop
  endfacet
  facet normal -0.0653646 -0.997861 0
    outer loop
      vertex 66.9779 86.5342 0
      vertex 67.5 86.5 4
      vertex 66.9779 86.5342 4
    endloop
  endfacet
  facet normal -0.0653646 -0.997861 -0
    outer loop
      vertex 67.5 86.5 4
      vertex 66.9779 86.5342 0
      vertex 67.5 86.5 0
    endloop
  endfacet
  facet normal 0.896898 -0.442238 0
    outer loop
      vertex 70.9641 88.5 4
      vertex 71.1955 88.9693 0
      vertex 71.1955 88.9693 4
    endloop
  endfacet
  facet normal 0.896898 -0.442238 0
    outer loop
      vertex 71.1955 88.9693 0
      vertex 70.9641 88.5 4
      vertex 70.9641 88.5 0
    endloop
  endfacet
  facet normal -0.94691 0.321498 0
    outer loop
      vertex 63.6363 91.5353 0
      vertex 63.8045 92.0307 4
      vertex 63.8045 92.0307 0
    endloop
  endfacet
  facet normal -0.94691 0.321498 0
    outer loop
      vertex 63.8045 92.0307 4
      vertex 63.6363 91.5353 0
      vertex 63.6363 91.5353 4
    endloop
  endfacet
  facet normal -0.94691 -0.321498 0
    outer loop
      vertex 63.8045 88.9693 0
      vertex 63.6363 89.4647 4
      vertex 63.6363 89.4647 0
    endloop
  endfacet
  facet normal -0.94691 -0.321498 0
    outer loop
      vertex 63.6363 89.4647 4
      vertex 63.8045 88.9693 0
      vertex 63.8045 88.9693 4
    endloop
  endfacet
  facet normal -0.831432 0.555626 0
    outer loop
      vertex 64.0359 92.5 0
      vertex 64.3266 92.935 4
      vertex 64.3266 92.935 0
    endloop
  endfacet
  facet normal -0.831432 0.555626 0
    outer loop
      vertex 64.3266 92.935 4
      vertex 64.0359 92.5 0
      vertex 64.0359 92.5 4
    endloop
  endfacet
  facet normal 0.442238 -0.896898 0
    outer loop
      vertex 69.0307 86.8045 0
      vertex 69.5 87.0359 4
      vertex 69.0307 86.8045 4
    endloop
  endfacet
  facet normal 0.442238 -0.896898 0
    outer loop
      vertex 69.5 87.0359 4
      vertex 69.0307 86.8045 0
      vertex 69.5 87.0359 0
    endloop
  endfacet
  facet normal 0.321498 -0.94691 0
    outer loop
      vertex 68.5353 86.6363 0
      vertex 69.0307 86.8045 4
      vertex 68.5353 86.6363 4
    endloop
  endfacet
  facet normal 0.321498 -0.94691 0
    outer loop
      vertex 69.0307 86.8045 4
      vertex 68.5353 86.6363 0
      vertex 69.0307 86.8045 0
    endloop
  endfacet
  facet normal 0.659343 -0.751842 0
    outer loop
      vertex 69.935 87.3266 0
      vertex 70.3284 87.6716 4
      vertex 69.935 87.3266 4
    endloop
  endfacet
  facet normal 0.659343 -0.751842 0
    outer loop
      vertex 70.3284 87.6716 4
      vertex 69.935 87.3266 0
      vertex 70.3284 87.6716 0
    endloop
  endfacet
  facet normal -0.896898 -0.442238 0
    outer loop
      vertex 64.0359 88.5 0
      vertex 63.8045 88.9693 4
      vertex 63.8045 88.9693 0
    endloop
  endfacet
  facet normal -0.896898 -0.442238 0
    outer loop
      vertex 63.8045 88.9693 4
      vertex 64.0359 88.5 0
      vertex 64.0359 88.5 4
    endloop
  endfacet
  facet normal 0.195124 0.980779 -0
    outer loop
      vertex 68.5353 94.3637 0
      vertex 68.0221 94.4658 4
      vertex 68.5353 94.3637 4
    endloop
  endfacet
  facet normal 0.195124 0.980779 0
    outer loop
      vertex 68.0221 94.4658 4
      vertex 68.5353 94.3637 0
      vertex 68.0221 94.4658 0
    endloop
  endfacet
  facet normal -0.442238 -0.896898 0
    outer loop
      vertex 65.5 87.0359 0
      vertex 65.9693 86.8045 4
      vertex 65.5 87.0359 4
    endloop
  endfacet
  facet normal -0.442238 -0.896898 -0
    outer loop
      vertex 65.9693 86.8045 4
      vertex 65.5 87.0359 0
      vertex 65.9693 86.8045 0
    endloop
  endfacet
  facet normal -0.831432 -0.555626 0
    outer loop
      vertex 64.3266 88.065 0
      vertex 64.0359 88.5 4
      vertex 64.0359 88.5 0
    endloop
  endfacet
  facet normal -0.831432 -0.555626 0
    outer loop
      vertex 64.0359 88.5 4
      vertex 64.3266 88.065 0
      vertex 64.3266 88.065 4
    endloop
  endfacet
  facet normal 0 0 1
    outer loop
      vertex 69.8 90.5 4
      vertex 71.5 90.5 4
      vertex 71.4658 91.0221 4
    endloop
  endfacet
  facet normal 0 0 1
    outer loop
      vertex 69.7803 90.8002 4
      vertex 71.4658 91.0221 4
      vertex 71.3637 91.5353 4
    endloop
  endfacet
  facet normal 0 0 1
    outer loop
      vertex 71.5 90.5 4
      vertex 69.8 90.5 4
      vertex 71.4658 89.9779 4
    endloop
  endfacet
  facet normal 0 0 1
    outer loop
      vertex 69.7216 91.0953 4
      vertex 71.3637 91.5353 4
      vertex 71.1955 92.0307 4
    endloop
  endfacet
  facet normal -0 0 1
    outer loop
      vertex 69.7803 90.1998 4
      vertex 71.4658 89.9779 4
      vertex 69.8 90.5 4
    endloop
  endfacet
  facet normal 0 0 1
    outer loop
      vertex 69.6249 91.3802 4
      vertex 71.1955 92.0307 4
      vertex 70.9641 92.5 4
    endloop
  endfacet
  facet normal 0 0 1
    outer loop
      vertex 71.4658 89.9779 4
      vertex 69.7803 90.1998 4
      vertex 71.3637 89.4647 4
    endloop
  endfacet
  facet normal 0 0 1
    outer loop
      vertex 69.4919 91.65 4
      vertex 70.9641 92.5 4
      vertex 70.6734 92.935 4
    endloop
  endfacet
  facet normal -0 0 1
    outer loop
      vertex 69.7216 89.9047 4
      vertex 71.3637 89.4647 4
      vertex 69.7803 90.1998 4
    endloop
  endfacet
  facet normal 0 0 1
    outer loop
      vertex 69.3247 91.9002 4
      vertex 70.6734 92.935 4
      vertex 70.3284 93.3284 4
    endloop
  endfacet
  facet normal 0 0 1
    outer loop
      vertex 71.3637 89.4647 4
      vertex 69.7216 89.9047 4
      vertex 71.1955 88.9693 4
    endloop
  endfacet
  facet normal 0 0 1
    outer loop
      vertex 69.1263 92.1263 4
      vertex 70.3284 93.3284 4
      vertex 69.935 93.6734 4
    endloop
  endfacet
  facet normal -0 0 1
    outer loop
      vertex 69.6249 89.6198 4
      vertex 71.1955 88.9693 4
      vertex 69.7216 89.9047 4
    endloop
  endfacet
  facet normal 0 0 1
    outer loop
      vertex 71.1955 88.9693 4
      vertex 69.6249 89.6198 4
      vertex 70.9641 88.5 4
    endloop
  endfacet
  facet normal 0 0 1
    outer loop
      vertex 71.4658 91.0221 4
      vertex 69.7803 90.8002 4
      vertex 69.8 90.5 4
    endloop
  endfacet
  facet normal 0 0 1
    outer loop
      vertex 71.3637 91.5353 4
      vertex 69.7216 91.0953 4
      vertex 69.7803 90.8002 4
    endloop
  endfacet
  facet normal 0 0 1
    outer loop
      vertex 71.1955 92.0307 4
      vertex 69.6249 91.3802 4
      vertex 69.7216 91.0953 4
    endloop
  endfacet
  facet normal 0 0 1
    outer loop
      vertex 68.9002 92.3247 4
      vertex 69.935 93.6734 4
      vertex 69.5 93.9641 4
    endloop
  endfacet
  facet normal 0 0 1
    outer loop
      vertex 70.9641 92.5 4
      vertex 69.4919 91.65 4
      vertex 69.6249 91.3802 4
    endloop
  endfacet
  facet normal 0 0 1
    outer loop
      vertex 70.6734 92.935 4
      vertex 69.3247 91.9002 4
      vertex 69.4919 91.65 4
    endloop
  endfacet
  facet normal 0 0 1
    outer loop
      vertex 70.3284 93.3284 4
      vertex 69.1263 92.1263 4
      vertex 69.3247 91.9002 4
    endloop
  endfacet
  facet normal 0 0 1
    outer loop
      vertex 68.65 92.4919 4
      vertex 69.5 93.9641 4
      vertex 69.0307 94.1955 4
    endloop
  endfacet
  facet normal 0 0 1
    outer loop
      vertex 69.935 93.6734 4
      vertex 68.9002 92.3247 4
      vertex 69.1263 92.1263 4
    endloop
  endfacet
  facet normal 0 0 1
    outer loop
      vertex 69.5 93.9641 4
      vertex 68.65 92.4919 4
      vertex 68.9002 92.3247 4
    endloop
  endfacet
  facet normal 0 0 1
    outer loop
      vertex 68.3802 92.6249 4
      vertex 69.0307 94.1955 4
      vertex 68.5353 94.3637 4
    endloop
  endfacet
  facet normal 0 0 1
    outer loop
      vertex 69.0307 94.1955 4
      vertex 68.3802 92.6249 4
      vertex 68.65 92.4919 4
    endloop
  endfacet
  facet normal 0 0 1
    outer loop
      vertex 68.5353 94.3637 4
      vertex 68.0953 92.7216 4
      vertex 68.3802 92.6249 4
    endloop
  endfacet
  facet normal 0 0 1
    outer loop
      vertex 68.0221 94.4658 4
      vertex 68.0953 92.7216 4
      vertex 68.5353 94.3637 4
    endloop
  endfacet
  facet normal 0 0 1
    outer loop
      vertex 68.0221 94.4658 4
      vertex 67.8002 92.7803 4
      vertex 68.0953 92.7216 4
    endloop
  endfacet
  facet normal 0 0 1
    outer loop
      vertex 67.5 94.5 4
      vertex 67.8002 92.7803 4
      vertex 68.0221 94.4658 4
    endloop
  endfacet
  facet normal 0 0 1
    outer loop
      vertex 67.5 94.5 4
      vertex 67.5 92.8 4
      vertex 67.8002 92.7803 4
    endloop
  endfacet
  facet normal 0 0 1
    outer loop
      vertex 67.5 94.5 4
      vertex 67.1998 92.7803 4
      vertex 67.5 92.8 4
    endloop
  endfacet
  facet normal -0 0 1
    outer loop
      vertex 66.9779 94.4658 4
      vertex 67.1998 92.7803 4
      vertex 67.5 94.5 4
    endloop
  endfacet
  facet normal 0 0 1
    outer loop
      vertex 66.9779 94.4658 4
      vertex 66.9047 92.7216 4
      vertex 67.1998 92.7803 4
    endloop
  endfacet
  facet normal -0 0 1
    outer loop
      vertex 66.4647 94.3637 4
      vertex 66.9047 92.7216 4
      vertex 66.9779 94.4658 4
    endloop
  endfacet
  facet normal 0 0 1
    outer loop
      vertex 66.9047 92.7216 4
      vertex 66.4647 94.3637 4
      vertex 66.6198 92.6249 4
    endloop
  endfacet
  facet normal -0 0 1
    outer loop
      vertex 65.9693 94.1955 4
      vertex 66.6198 92.6249 4
      vertex 66.4647 94.3637 4
    endloop
  endfacet
  facet normal 0 0 1
    outer loop
      vertex 66.6198 92.6249 4
      vertex 65.9693 94.1955 4
      vertex 66.35 92.4919 4
    endloop
  endfacet
  facet normal -0 0 1
    outer loop
      vertex 65.5 93.9641 4
      vertex 66.35 92.4919 4
      vertex 65.9693 94.1955 4
    endloop
  endfacet
  facet normal 0 0 1
    outer loop
      vertex 66.35 92.4919 4
      vertex 65.5 93.9641 4
      vertex 66.0998 92.3247 4
    endloop
  endfacet
  facet normal -0 0 1
    outer loop
      vertex 65.065 93.6734 4
      vertex 66.0998 92.3247 4
      vertex 65.5 93.9641 4
    endloop
  endfacet
  facet normal 0 0 1
    outer loop
      vertex 66.0998 92.3247 4
      vertex 65.065 93.6734 4
      vertex 65.8737 92.1263 4
    endloop
  endfacet
  facet normal -0 0 1
    outer loop
      vertex 64.6716 93.3284 4
      vertex 65.8737 92.1263 4
      vertex 65.065 93.6734 4
    endloop
  endfacet
  facet normal 0 0 1
    outer loop
      vertex 65.8737 92.1263 4
      vertex 64.6716 93.3284 4
      vertex 65.6753 91.9002 4
    endloop
  endfacet
  facet normal -0 0 1
    outer loop
      vertex 64.3266 92.935 4
      vertex 65.6753 91.9002 4
      vertex 64.6716 93.3284 4
    endloop
  endfacet
  facet normal 0 0 1
    outer loop
      vertex 65.6753 91.9002 4
      vertex 64.3266 92.935 4
      vertex 65.5081 91.65 4
    endloop
  endfacet
  facet normal 0 0 1
    outer loop
      vertex 65.5081 91.65 4
      vertex 64.0359 92.5 4
      vertex 65.3751 91.3802 4
    endloop
  endfacet
  facet normal -0 0 1
    outer loop
      vertex 64.0359 92.5 4
      vertex 65.5081 91.65 4
      vertex 64.3266 92.935 4
    endloop
  endfacet
  facet normal -0 0 1
    outer loop
      vertex 69.4919 89.35 4
      vertex 70.9641 88.5 4
      vertex 69.6249 89.6198 4
    endloop
  endfacet
  facet normal 0 0 1
    outer loop
      vertex 70.9641 88.5 4
      vertex 69.4919 89.35 4
      vertex 70.6734 88.065 4
    endloop
  endfacet
  facet normal -0 0 1
    outer loop
      vertex 69.3247 89.0998 4
      vertex 70.6734 88.065 4
      vertex 69.4919 89.35 4
    endloop
  endfacet
  facet normal 0 0 1
    outer loop
      vertex 70.6734 88.065 4
      vertex 69.3247 89.0998 4
      vertex 70.3284 87.6716 4
    endloop
  endfacet
  facet normal -0 0 1
    outer loop
      vertex 69.1263 88.8737 4
      vertex 70.3284 87.6716 4
      vertex 69.3247 89.0998 4
    endloop
  endfacet
  facet normal 0 0 1
    outer loop
      vertex 70.3284 87.6716 4
      vertex 69.1263 88.8737 4
      vertex 69.935 87.3266 4
    endloop
  endfacet
  facet normal -0 0 1
    outer loop
      vertex 68.9002 88.6753 4
      vertex 69.935 87.3266 4
      vertex 69.1263 88.8737 4
    endloop
  endfacet
  facet normal 0 0 1
    outer loop
      vertex 69.935 87.3266 4
      vertex 68.9002 88.6753 4
      vertex 69.5 87.0359 4
    endloop
  endfacet
  facet normal -0 0 1
    outer loop
      vertex 68.65 88.5081 4
      vertex 69.5 87.0359 4
      vertex 68.9002 88.6753 4
    endloop
  endfacet
  facet normal 0 0 1
    outer loop
      vertex 69.5 87.0359 4
      vertex 68.65 88.5081 4
      vertex 69.0307 86.8045 4
    endloop
  endfacet
  facet normal -0 0 1
    outer loop
      vertex 68.3802 88.3751 4
      vertex 69.0307 86.8045 4
      vertex 68.65 88.5081 4
    endloop
  endfacet
  facet normal 0 0 1
    outer loop
      vertex 69.0307 86.8045 4
      vertex 68.3802 88.3751 4
      vertex 68.5353 86.6363 4
    endloop
  endfacet
  facet normal -0 0 1
    outer loop
      vertex 68.0953 88.2784 4
      vertex 68.5353 86.6363 4
      vertex 68.3802 88.3751 4
    endloop
  endfacet
  facet normal 0 0 1
    outer loop
      vertex 68.0953 88.2784 4
      vertex 68.0221 86.5342 4
      vertex 68.5353 86.6363 4
    endloop
  endfacet
  facet normal -0 0 1
    outer loop
      vertex 67.8002 88.2197 4
      vertex 68.0221 86.5342 4
      vertex 68.0953 88.2784 4
    endloop
  endfacet
  facet normal -0 0 1
    outer loop
      vertex 67.5 88.2 4
      vertex 68.0221 86.5342 4
      vertex 67.8002 88.2197 4
    endloop
  endfacet
  facet normal 0 0 1
    outer loop
      vertex 67.5 88.2 4
      vertex 67.5 86.5 4
      vertex 68.0221 86.5342 4
    endloop
  endfacet
  facet normal 0 0 1
    outer loop
      vertex 67.1998 88.2197 4
      vertex 67.5 86.5 4
      vertex 67.5 88.2 4
    endloop
  endfacet
  facet normal 0 0 1
    outer loop
      vertex 67.1998 88.2197 4
      vertex 66.9779 86.5342 4
      vertex 67.5 86.5 4
    endloop
  endfacet
  facet normal 0 0 1
    outer loop
      vertex 66.9047 88.2784 4
      vertex 66.9779 86.5342 4
      vertex 67.1998 88.2197 4
    endloop
  endfacet
  facet normal 0 0 1
    outer loop
      vertex 66.4647 86.6363 4
      vertex 66.9047 88.2784 4
      vertex 66.6198 88.3751 4
    endloop
  endfacet
  facet normal 0 0 1
    outer loop
      vertex 66.9047 88.2784 4
      vertex 66.4647 86.6363 4
      vertex 66.9779 86.5342 4
    endloop
  endfacet
  facet normal 0 0 1
    outer loop
      vertex 65.9693 86.8045 4
      vertex 66.6198 88.3751 4
      vertex 66.35 88.5081 4
    endloop
  endfacet
  facet normal 0 0 1
    outer loop
      vertex 65.5 87.0359 4
      vertex 66.35 88.5081 4
      vertex 66.0998 88.6753 4
    endloop
  endfacet
  facet normal 0 0 1
    outer loop
      vertex 66.6198 88.3751 4
      vertex 65.9693 86.8045 4
      vertex 66.4647 86.6363 4
    endloop
  endfacet
  facet normal 0 0 1
    outer loop
      vertex 65.065 87.3266 4
      vertex 66.0998 88.6753 4
      vertex 65.8737 88.8737 4
    endloop
  endfacet
  facet normal 0 0 1
    outer loop
      vertex 64.6716 87.6716 4
      vertex 65.8737 88.8737 4
      vertex 65.6753 89.0998 4
    endloop
  endfacet
  facet normal 0 0 1
    outer loop
      vertex 64.3266 88.065 4
      vertex 65.6753 89.0998 4
      vertex 65.5081 89.35 4
    endloop
  endfacet
  facet normal 0 0 1
    outer loop
      vertex 66.35 88.5081 4
      vertex 65.5 87.0359 4
      vertex 65.9693 86.8045 4
    endloop
  endfacet
  facet normal 0 0 1
    outer loop
      vertex 64.0359 88.5 4
      vertex 65.5081 89.35 4
      vertex 65.3751 89.6198 4
    endloop
  endfacet
  facet normal 0 0 1
    outer loop
      vertex 63.8045 88.9693 4
      vertex 65.3751 89.6198 4
      vertex 65.2784 89.9047 4
    endloop
  endfacet
  facet normal 0 0 1
    outer loop
      vertex 63.6363 89.4647 4
      vertex 65.2784 89.9047 4
      vertex 65.2197 90.1998 4
    endloop
  endfacet
  facet normal 0 0 1
    outer loop
      vertex 66.0998 88.6753 4
      vertex 65.065 87.3266 4
      vertex 65.5 87.0359 4
    endloop
  endfacet
  facet normal 0 0 1
    outer loop
      vertex 63.5342 89.9779 4
      vertex 65.2197 90.1998 4
      vertex 65.2 90.5 4
    endloop
  endfacet
  facet normal -0 0 1
    outer loop
      vertex 63.8045 92.0307 4
      vertex 65.3751 91.3802 4
      vertex 64.0359 92.5 4
    endloop
  endfacet
  facet normal 0 0 1
    outer loop
      vertex 65.3751 91.3802 4
      vertex 63.8045 92.0307 4
      vertex 65.2784 91.0953 4
    endloop
  endfacet
  facet normal 0 0 1
    outer loop
      vertex 65.8737 88.8737 4
      vertex 64.6716 87.6716 4
      vertex 65.065 87.3266 4
    endloop
  endfacet
  facet normal -0 0 1
    outer loop
      vertex 63.6363 91.5353 4
      vertex 65.2784 91.0953 4
      vertex 63.8045 92.0307 4
    endloop
  endfacet
  facet normal 0 0 1
    outer loop
      vertex 65.6753 89.0998 4
      vertex 64.3266 88.065 4
      vertex 64.6716 87.6716 4
    endloop
  endfacet
  facet normal 0 0 1
    outer loop
      vertex 65.2784 91.0953 4
      vertex 63.6363 91.5353 4
      vertex 65.2197 90.8002 4
    endloop
  endfacet
  facet normal 0 0 1
    outer loop
      vertex 65.5081 89.35 4
      vertex 64.0359 88.5 4
      vertex 64.3266 88.065 4
    endloop
  endfacet
  facet normal -0 0 1
    outer loop
      vertex 63.5342 91.0221 4
      vertex 65.2197 90.8002 4
      vertex 63.6363 91.5353 4
    endloop
  endfacet
  facet normal 0 0 1
    outer loop
      vertex 65.3751 89.6198 4
      vertex 63.8045 88.9693 4
      vertex 64.0359 88.5 4
    endloop
  endfacet
  facet normal 0 0 1
    outer loop
      vertex 65.2197 90.8002 4
      vertex 63.5342 91.0221 4
      vertex 65.2 90.5 4
    endloop
  endfacet
  facet normal 0 0 1
    outer loop
      vertex 65.2784 89.9047 4
      vertex 63.6363 89.4647 4
      vertex 63.8045 88.9693 4
    endloop
  endfacet
  facet normal 0 0 1
    outer loop
      vertex 63.5 90.5 4
      vertex 65.2 90.5 4
      vertex 63.5342 91.0221 4
    endloop
  endfacet
  facet normal 0 0 1
    outer loop
      vertex 65.2197 90.1998 4
      vertex 63.5342 89.9779 4
      vertex 63.6363 89.4647 4
    endloop
  endfacet
  facet normal 0 0 1
    outer loop
      vertex 65.2 90.5 4
      vertex 63.5 90.5 4
      vertex 63.5342 89.9779 4
    endloop
  endfacet
  facet normal -0.980793 -0.195052 0
    outer loop
      vertex 70.3752 90.8785 0
      vertex 70.3012 91.2506 1.1
      vertex 70.3012 91.2506 0
    endloop
  endfacet
  facet normal -0.980793 -0.195052 0
    outer loop
      vertex 70.3012 91.2506 1.1
      vertex 70.3752 90.8785 0
      vertex 70.3752 90.8785 1.1
    endloop
  endfacet
  facet normal -0.99786 -0.0653816 0
    outer loop
      vertex 70.4 90.5 0
      vertex 70.3752 90.8785 1.1
      vertex 70.3752 90.8785 0
    endloop
  endfacet
  facet normal -0.99786 -0.0653816 0
    outer loop
      vertex 70.3752 90.8785 1.1
      vertex 70.4 90.5 0
      vertex 70.4 90.5 1.1
    endloop
  endfacet
  facet normal 0.99786 -0.0653816 0
    outer loop
      vertex 64.6 90.5 1.1
      vertex 64.6248 90.8785 0
      vertex 64.6248 90.8785 1.1
    endloop
  endfacet
  facet normal 0.99786 -0.0653816 0
    outer loop
      vertex 64.6248 90.8785 0
      vertex 64.6 90.5 1.1
      vertex 64.6 90.5 0
    endloop
  endfacet
  facet normal -0.659325 -0.751858 0
    outer loop
      vertex 69.2654 92.8007 0
      vertex 69.5506 92.5506 1.1
      vertex 69.2654 92.8007 1.1
    endloop
  endfacet
  facet normal -0.659325 -0.751858 -0
    outer loop
      vertex 69.5506 92.5506 1.1
      vertex 69.2654 92.8007 0
      vertex 69.5506 92.5506 0
    endloop
  endfacet
  facet normal 0.831401 -0.555673 0
    outer loop
      vertex 64.9885 91.95 1.1
      vertex 65.1993 92.2654 0
      vertex 65.1993 92.2654 1.1
    endloop
  endfacet
  facet normal 0.831401 -0.555673 0
    outer loop
      vertex 65.1993 92.2654 0
      vertex 64.9885 91.95 1.1
      vertex 64.9885 91.95 0
    endloop
  endfacet
  facet normal -0.195052 0.980793 0
    outer loop
      vertex 68.2506 87.6988 0
      vertex 67.8785 87.6248 1.1
      vertex 68.2506 87.6988 1.1
    endloop
  endfacet
  facet normal -0.195052 0.980793 0
    outer loop
      vertex 67.8785 87.6248 1.1
      vertex 68.2506 87.6988 0
      vertex 67.8785 87.6248 0
    endloop
  endfacet
  facet normal 0.321364 0.946956 -0
    outer loop
      vertex 66.7494 87.6988 0
      vertex 66.3902 87.8207 1.1
      vertex 66.7494 87.6988 1.1
    endloop
  endfacet
  facet normal 0.321364 0.946956 0
    outer loop
      vertex 66.3902 87.8207 1.1
      vertex 66.7494 87.6988 0
      vertex 66.3902 87.8207 0
    endloop
  endfacet
  facet normal -0.99786 0.0653816 0
    outer loop
      vertex 70.3752 90.1215 0
      vertex 70.4 90.5 1.1
      vertex 70.4 90.5 0
    endloop
  endfacet
  facet normal -0.99786 0.0653816 0
    outer loop
      vertex 70.4 90.5 1.1
      vertex 70.3752 90.1215 0
      vertex 70.3752 90.1215 1.1
    endloop
  endfacet
  facet normal -0.831401 -0.555673 0
    outer loop
      vertex 70.0115 91.95 0
      vertex 69.8007 92.2654 1.1
      vertex 69.8007 92.2654 0
    endloop
  endfacet
  facet normal -0.831401 -0.555673 0
    outer loop
      vertex 69.8007 92.2654 1.1
      vertex 70.0115 91.95 0
      vertex 70.0115 91.95 1.1
    endloop
  endfacet
  facet normal 0.0653816 0.99786 -0
    outer loop
      vertex 67.5 87.6 0
      vertex 67.1215 87.6248 1.1
      vertex 67.5 87.6 1.1
    endloop
  endfacet
  facet normal 0.0653816 0.99786 0
    outer loop
      vertex 67.1215 87.6248 1.1
      vertex 67.5 87.6 0
      vertex 67.1215 87.6248 0
    endloop
  endfacet
  facet normal -0.946956 -0.321364 0
    outer loop
      vertex 70.3012 91.2506 0
      vertex 70.1793 91.6098 1.1
      vertex 70.1793 91.6098 0
    endloop
  endfacet
  facet normal -0.946956 -0.321364 0
    outer loop
      vertex 70.1793 91.6098 1.1
      vertex 70.3012 91.2506 0
      vertex 70.3012 91.2506 1.1
    endloop
  endfacet
  facet normal 0.442356 0.896839 -0
    outer loop
      vertex 66.3902 87.8207 0
      vertex 66.05 87.9885 1.1
      vertex 66.3902 87.8207 1.1
    endloop
  endfacet
  facet normal 0.442356 0.896839 0
    outer loop
      vertex 66.05 87.9885 1.1
      vertex 66.3902 87.8207 0
      vertex 66.05 87.9885 0
    endloop
  endfacet
  facet normal 0.946956 -0.321364 0
    outer loop
      vertex 64.6988 91.2506 1.1
      vertex 64.8207 91.6098 0
      vertex 64.8207 91.6098 1.1
    endloop
  endfacet
  facet normal 0.946956 -0.321364 0
    outer loop
      vertex 64.8207 91.6098 0
      vertex 64.6988 91.2506 1.1
      vertex 64.6988 91.2506 0
    endloop
  endfacet
  facet normal -0.751858 0.659325 0
    outer loop
      vertex 69.5506 88.4494 0
      vertex 69.8007 88.7346 1.1
      vertex 69.8007 88.7346 0
    endloop
  endfacet
  facet normal -0.751858 0.659325 0
    outer loop
      vertex 69.8007 88.7346 1.1
      vertex 69.5506 88.4494 0
      vertex 69.5506 88.4494 1.1
    endloop
  endfacet
  facet normal -0.442356 0.896839 0
    outer loop
      vertex 68.95 87.9885 0
      vertex 68.6098 87.8207 1.1
      vertex 68.95 87.9885 1.1
    endloop
  endfacet
  facet normal -0.442356 0.896839 0
    outer loop
      vertex 68.6098 87.8207 1.1
      vertex 68.95 87.9885 0
      vertex 68.6098 87.8207 0
    endloop
  endfacet
  facet normal -0.980793 0.195052 0
    outer loop
      vertex 70.3012 89.7494 0
      vertex 70.3752 90.1215 1.1
      vertex 70.3752 90.1215 0
    endloop
  endfacet
  facet normal -0.980793 0.195052 0
    outer loop
      vertex 70.3752 90.1215 1.1
      vertex 70.3012 89.7494 0
      vertex 70.3012 89.7494 1.1
    endloop
  endfacet
  facet normal -0.0653816 -0.99786 0
    outer loop
      vertex 67.5 93.4 0
      vertex 67.8785 93.3752 1.1
      vertex 67.5 93.4 1.1
    endloop
  endfacet
  facet normal -0.0653816 -0.99786 -0
    outer loop
      vertex 67.8785 93.3752 1.1
      vertex 67.5 93.4 0
      vertex 67.8785 93.3752 0
    endloop
  endfacet
  facet normal 0.896839 0.442356 0
    outer loop
      vertex 64.9885 89.05 1.1
      vertex 64.8207 89.3902 0
      vertex 64.8207 89.3902 1.1
    endloop
  endfacet
  facet normal 0.896839 0.442356 0
    outer loop
      vertex 64.8207 89.3902 0
      vertex 64.9885 89.05 1.1
      vertex 64.9885 89.05 0
    endloop
  endfacet
  facet normal 0.659325 -0.751858 0
    outer loop
      vertex 65.4494 92.5506 0
      vertex 65.7346 92.8007 1.1
      vertex 65.4494 92.5506 1.1
    endloop
  endfacet
  facet normal 0.659325 -0.751858 0
    outer loop
      vertex 65.7346 92.8007 1.1
      vertex 65.4494 92.5506 0
      vertex 65.7346 92.8007 0
    endloop
  endfacet
  facet normal 0.555673 -0.831401 0
    outer loop
      vertex 65.7346 92.8007 0
      vertex 66.05 93.0115 1.1
      vertex 65.7346 92.8007 1.1
    endloop
  endfacet
  facet normal 0.555673 -0.831401 0
    outer loop
      vertex 66.05 93.0115 1.1
      vertex 65.7346 92.8007 0
      vertex 66.05 93.0115 0
    endloop
  endfacet
  facet normal 0.321364 -0.946956 0
    outer loop
      vertex 66.3902 93.1793 0
      vertex 66.7494 93.3012 1.1
      vertex 66.3902 93.1793 1.1
    endloop
  endfacet
  facet normal 0.321364 -0.946956 0
    outer loop
      vertex 66.7494 93.3012 1.1
      vertex 66.3902 93.1793 0
      vertex 66.7494 93.3012 0
    endloop
  endfacet
  facet normal 0.0653816 -0.99786 0
    outer loop
      vertex 67.1215 93.3752 0
      vertex 67.5 93.4 1.1
      vertex 67.1215 93.3752 1.1
    endloop
  endfacet
  facet normal 0.0653816 -0.99786 0
    outer loop
      vertex 67.5 93.4 1.1
      vertex 67.1215 93.3752 0
      vertex 67.5 93.4 0
    endloop
  endfacet
  facet normal -0.321364 0.946956 0
    outer loop
      vertex 68.6098 87.8207 0
      vertex 68.2506 87.6988 1.1
      vertex 68.6098 87.8207 1.1
    endloop
  endfacet
  facet normal -0.321364 0.946956 0
    outer loop
      vertex 68.2506 87.6988 1.1
      vertex 68.6098 87.8207 0
      vertex 68.2506 87.6988 0
    endloop
  endfacet
  facet normal 0.751858 0.659325 0
    outer loop
      vertex 65.4494 88.4494 1.1
      vertex 65.1993 88.7346 0
      vertex 65.1993 88.7346 1.1
    endloop
  endfacet
  facet normal 0.751858 0.659325 0
    outer loop
      vertex 65.1993 88.7346 0
      vertex 65.4494 88.4494 1.1
      vertex 65.4494 88.4494 0
    endloop
  endfacet
  facet normal -0.896839 -0.442356 0
    outer loop
      vertex 70.1793 91.6098 0
      vertex 70.0115 91.95 1.1
      vertex 70.0115 91.95 0
    endloop
  endfacet
  facet normal -0.896839 -0.442356 0
    outer loop
      vertex 70.0115 91.95 1.1
      vertex 70.1793 91.6098 0
      vertex 70.1793 91.6098 1.1
    endloop
  endfacet
  facet normal -0.659325 0.751858 0
    outer loop
      vertex 69.5506 88.4494 0
      vertex 69.2654 88.1993 1.1
      vertex 69.5506 88.4494 1.1
    endloop
  endfacet
  facet normal -0.659325 0.751858 0
    outer loop
      vertex 69.2654 88.1993 1.1
      vertex 69.5506 88.4494 0
      vertex 69.2654 88.1993 0
    endloop
  endfacet
  facet normal -0.555673 -0.831401 0
    outer loop
      vertex 68.95 93.0115 0
      vertex 69.2654 92.8007 1.1
      vertex 68.95 93.0115 1.1
    endloop
  endfacet
  facet normal -0.555673 -0.831401 -0
    outer loop
      vertex 69.2654 92.8007 1.1
      vertex 68.95 93.0115 0
      vertex 69.2654 92.8007 0
    endloop
  endfacet
  facet normal 0 0 -1
    outer loop
      vertex 69.8 90.5 1.1
      vertex 70.4 90.5 1.1
      vertex 70.3752 90.1215 1.1
    endloop
  endfacet
  facet normal 0 0 -1
    outer loop
      vertex 69.7803 90.1998 1.1
      vertex 70.3752 90.1215 1.1
      vertex 70.3012 89.7494 1.1
    endloop
  endfacet
  facet normal 0 0 -1
    outer loop
      vertex 70.4 90.5 1.1
      vertex 69.8 90.5 1.1
      vertex 70.3752 90.8785 1.1
    endloop
  endfacet
  facet normal 0 0 -1
    outer loop
      vertex 69.7216 89.9047 1.1
      vertex 70.3012 89.7494 1.1
      vertex 70.1793 89.3902 1.1
    endloop
  endfacet
  facet normal 0 0 -1
    outer loop
      vertex 69.7803 90.8002 1.1
      vertex 70.3752 90.8785 1.1
      vertex 69.8 90.5 1.1
    endloop
  endfacet
  facet normal 0 0 -1
    outer loop
      vertex 69.6249 89.6198 1.1
      vertex 70.1793 89.3902 1.1
      vertex 70.0115 89.05 1.1
    endloop
  endfacet
  facet normal -0 0 -1
    outer loop
      vertex 70.3752 90.8785 1.1
      vertex 69.7803 90.8002 1.1
      vertex 70.3012 91.2506 1.1
    endloop
  endfacet
  facet normal 0 0 -1
    outer loop
      vertex 69.4919 89.35 1.1
      vertex 70.0115 89.05 1.1
      vertex 69.8007 88.7346 1.1
    endloop
  endfacet
  facet normal 0 0 -1
    outer loop
      vertex 69.7216 91.0953 1.1
      vertex 70.3012 91.2506 1.1
      vertex 69.7803 90.8002 1.1
    endloop
  endfacet
  facet normal -0 0 -1
    outer loop
      vertex 70.3012 91.2506 1.1
      vertex 69.7216 91.0953 1.1
      vertex 70.1793 91.6098 1.1
    endloop
  endfacet
  facet normal 0 0 -1
    outer loop
      vertex 70.3752 90.1215 1.1
      vertex 69.7803 90.1998 1.1
      vertex 69.8 90.5 1.1
    endloop
  endfacet
  facet normal 0 0 -1
    outer loop
      vertex 70.3012 89.7494 1.1
      vertex 69.7216 89.9047 1.1
      vertex 69.7803 90.1998 1.1
    endloop
  endfacet
  facet normal 0 0 -1
    outer loop
      vertex 70.1793 89.3902 1.1
      vertex 69.6249 89.6198 1.1
      vertex 69.7216 89.9047 1.1
    endloop
  endfacet
  facet normal 0 0 -1
    outer loop
      vertex 69.3247 89.0998 1.1
      vertex 69.8007 88.7346 1.1
      vertex 69.5506 88.4494 1.1
    endloop
  endfacet
  facet normal 0 0 -1
    outer loop
      vertex 70.0115 89.05 1.1
      vertex 69.4919 89.35 1.1
      vertex 69.6249 89.6198 1.1
    endloop
  endfacet
  facet normal 0 0 -1
    outer loop
      vertex 69.8007 88.7346 1.1
      vertex 69.3247 89.0998 1.1
      vertex 69.4919 89.35 1.1
    endloop
  endfacet
  facet normal 0 0 -1
    outer loop
      vertex 69.1263 88.8737 1.1
      vertex 69.5506 88.4494 1.1
      vertex 69.2654 88.1993 1.1
    endloop
  endfacet
  facet normal 0 0 -1
    outer loop
      vertex 69.5506 88.4494 1.1
      vertex 69.1263 88.8737 1.1
      vertex 69.3247 89.0998 1.1
    endloop
  endfacet
  facet normal 0 0 -1
    outer loop
      vertex 68.9002 88.6753 1.1
      vertex 69.2654 88.1993 1.1
      vertex 68.95 87.9885 1.1
    endloop
  endfacet
  facet normal 0 0 -1
    outer loop
      vertex 69.2654 88.1993 1.1
      vertex 68.9002 88.6753 1.1
      vertex 69.1263 88.8737 1.1
    endloop
  endfacet
  facet normal 0 0 -1
    outer loop
      vertex 68.95 87.9885 1.1
      vertex 68.65 88.5081 1.1
      vertex 68.9002 88.6753 1.1
    endloop
  endfacet
  facet normal 0 0 -1
    outer loop
      vertex 68.6098 87.8207 1.1
      vertex 68.65 88.5081 1.1
      vertex 68.95 87.9885 1.1
    endloop
  endfacet
  facet normal 0 0 -1
    outer loop
      vertex 68.6098 87.8207 1.1
      vertex 68.3802 88.3751 1.1
      vertex 68.65 88.5081 1.1
    endloop
  endfacet
  facet normal 0 0 -1
    outer loop
      vertex 68.2506 87.6988 1.1
      vertex 68.3802 88.3751 1.1
      vertex 68.6098 87.8207 1.1
    endloop
  endfacet
  facet normal 0 0 -1
    outer loop
      vertex 68.2506 87.6988 1.1
      vertex 68.0953 88.2784 1.1
      vertex 68.3802 88.3751 1.1
    endloop
  endfacet
  facet normal 0 0 -1
    outer loop
      vertex 67.8785 87.6248 1.1
      vertex 68.0953 88.2784 1.1
      vertex 68.2506 87.6988 1.1
    endloop
  endfacet
  facet normal 0 0 -1
    outer loop
      vertex 67.8785 87.6248 1.1
      vertex 67.8002 88.2197 1.1
      vertex 68.0953 88.2784 1.1
    endloop
  endfacet
  facet normal 0 0 -1
    outer loop
      vertex 67.5 87.6 1.1
      vertex 67.8002 88.2197 1.1
      vertex 67.8785 87.6248 1.1
    endloop
  endfacet
  facet normal 0 0 -1
    outer loop
      vertex 67.5 87.6 1.1
      vertex 67.5 88.2 1.1
      vertex 67.8002 88.2197 1.1
    endloop
  endfacet
  facet normal 0 0 -1
    outer loop
      vertex 67.5 87.6 1.1
      vertex 67.1998 88.2197 1.1
      vertex 67.5 88.2 1.1
    endloop
  endfacet
  facet normal 0 0 -1
    outer loop
      vertex 67.1215 87.6248 1.1
      vertex 67.1998 88.2197 1.1
      vertex 67.5 87.6 1.1
    endloop
  endfacet
  facet normal 0 0 -1
    outer loop
      vertex 67.1215 87.6248 1.1
      vertex 66.9047 88.2784 1.1
      vertex 67.1998 88.2197 1.1
    endloop
  endfacet
  facet normal 0 0 -1
    outer loop
      vertex 66.7494 87.6988 1.1
      vertex 66.9047 88.2784 1.1
      vertex 67.1215 87.6248 1.1
    endloop
  endfacet
  facet normal 0 0 -1
    outer loop
      vertex 66.7494 87.6988 1.1
      vertex 66.6198 88.3751 1.1
      vertex 66.9047 88.2784 1.1
    endloop
  endfacet
  facet normal 0 0 -1
    outer loop
      vertex 66.3902 87.8207 1.1
      vertex 66.6198 88.3751 1.1
      vertex 66.7494 87.6988 1.1
    endloop
  endfacet
  facet normal 0 0 -1
    outer loop
      vertex 66.3902 87.8207 1.1
      vertex 66.35 88.5081 1.1
      vertex 66.6198 88.3751 1.1
    endloop
  endfacet
  facet normal 0 0 -1
    outer loop
      vertex 66.05 87.9885 1.1
      vertex 66.35 88.5081 1.1
      vertex 66.3902 87.8207 1.1
    endloop
  endfacet
  facet normal -0 0 -1
    outer loop
      vertex 66.35 88.5081 1.1
      vertex 66.05 87.9885 1.1
      vertex 66.0998 88.6753 1.1
    endloop
  endfacet
  facet normal 0 0 -1
    outer loop
      vertex 65.7346 88.1993 1.1
      vertex 66.0998 88.6753 1.1
      vertex 66.05 87.9885 1.1
    endloop
  endfacet
  facet normal -0 0 -1
    outer loop
      vertex 66.0998 88.6753 1.1
      vertex 65.7346 88.1993 1.1
      vertex 65.8737 88.8737 1.1
    endloop
  endfacet
  facet normal 0 0 -1
    outer loop
      vertex 65.4494 88.4494 1.1
      vertex 65.8737 88.8737 1.1
      vertex 65.7346 88.1993 1.1
    endloop
  endfacet
  facet normal -0 0 -1
    outer loop
      vertex 65.8737 88.8737 1.1
      vertex 65.4494 88.4494 1.1
      vertex 65.6753 89.0998 1.1
    endloop
  endfacet
  facet normal 0 0 -1
    outer loop
      vertex 65.1993 88.7346 1.1
      vertex 65.6753 89.0998 1.1
      vertex 65.4494 88.4494 1.1
    endloop
  endfacet
  facet normal -0 0 -1
    outer loop
      vertex 65.6753 89.0998 1.1
      vertex 65.1993 88.7346 1.1
      vertex 65.5081 89.35 1.1
    endloop
  endfacet
  facet normal 0 0 -1
    outer loop
      vertex 64.9885 89.05 1.1
      vertex 65.5081 89.35 1.1
      vertex 65.1993 88.7346 1.1
    endloop
  endfacet
  facet normal -0 0 -1
    outer loop
      vertex 65.5081 89.35 1.1
      vertex 64.9885 89.05 1.1
      vertex 65.3751 89.6198 1.1
    endloop
  endfacet
  facet normal -0 0 -1
    outer loop
      vertex 65.3751 89.6198 1.1
      vertex 64.8207 89.3902 1.1
      vertex 65.2784 89.9047 1.1
    endloop
  endfacet
  facet normal 0 0 -1
    outer loop
      vertex 64.8207 89.3902 1.1
      vertex 65.3751 89.6198 1.1
      vertex 64.9885 89.05 1.1
    endloop
  endfacet
  facet normal 0 0 -1
    outer loop
      vertex 69.6249 91.3802 1.1
      vertex 70.1793 91.6098 1.1
      vertex 69.7216 91.0953 1.1
    endloop
  endfacet
  facet normal -0 0 -1
    outer loop
      vertex 70.1793 91.6098 1.1
      vertex 69.6249 91.3802 1.1
      vertex 70.0115 91.95 1.1
    endloop
  endfacet
  facet normal 0 0 -1
    outer loop
      vertex 69.4919 91.65 1.1
      vertex 70.0115 91.95 1.1
      vertex 69.6249 91.3802 1.1
    endloop
  endfacet
  facet normal -0 0 -1
    outer loop
      vertex 70.0115 91.95 1.1
      vertex 69.4919 91.65 1.1
      vertex 69.8007 92.2654 1.1
    endloop
  endfacet
  facet normal 0 0 -1
    outer loop
      vertex 69.3247 91.9002 1.1
      vertex 69.8007 92.2654 1.1
      vertex 69.4919 91.65 1.1
    endloop
  endfacet
  facet normal -0 0 -1
    outer loop
      vertex 69.8007 92.2654 1.1
      vertex 69.3247 91.9002 1.1
      vertex 69.5506 92.5506 1.1
    endloop
  endfacet
  facet normal 0 0 -1
    outer loop
      vertex 69.1263 92.1263 1.1
      vertex 69.5506 92.5506 1.1
      vertex 69.3247 91.9002 1.1
    endloop
  endfacet
  facet normal -0 0 -1
    outer loop
      vertex 69.5506 92.5506 1.1
      vertex 69.1263 92.1263 1.1
      vertex 69.2654 92.8007 1.1
    endloop
  endfacet
  facet normal 0 0 -1
    outer loop
      vertex 68.9002 92.3247 1.1
      vertex 69.2654 92.8007 1.1
      vertex 69.1263 92.1263 1.1
    endloop
  endfacet
  facet normal -0 0 -1
    outer loop
      vertex 69.2654 92.8007 1.1
      vertex 68.9002 92.3247 1.1
      vertex 68.95 93.0115 1.1
    endloop
  endfacet
  facet normal 0 0 -1
    outer loop
      vertex 68.65 92.4919 1.1
      vertex 68.95 93.0115 1.1
      vertex 68.9002 92.3247 1.1
    endloop
  endfacet
  facet normal 0 0 -1
    outer loop
      vertex 68.65 92.4919 1.1
      vertex 68.6098 93.1793 1.1
      vertex 68.95 93.0115 1.1
    endloop
  endfacet
  facet normal 0 0 -1
    outer loop
      vertex 68.3802 92.6249 1.1
      vertex 68.6098 93.1793 1.1
      vertex 68.65 92.4919 1.1
    endloop
  endfacet
  facet normal 0 0 -1
    outer loop
      vertex 68.3802 92.6249 1.1
      vertex 68.2506 93.3012 1.1
      vertex 68.6098 93.1793 1.1
    endloop
  endfacet
  facet normal 0 0 -1
    outer loop
      vertex 68.0953 92.7216 1.1
      vertex 68.2506 93.3012 1.1
      vertex 68.3802 92.6249 1.1
    endloop
  endfacet
  facet normal 0 0 -1
    outer loop
      vertex 68.0953 92.7216 1.1
      vertex 67.8785 93.3752 1.1
      vertex 68.2506 93.3012 1.1
    endloop
  endfacet
  facet normal 0 0 -1
    outer loop
      vertex 67.8002 92.7803 1.1
      vertex 67.8785 93.3752 1.1
      vertex 68.0953 92.7216 1.1
    endloop
  endfacet
  facet normal 0 0 -1
    outer loop
      vertex 67.5 92.8 1.1
      vertex 67.8785 93.3752 1.1
      vertex 67.8002 92.7803 1.1
    endloop
  endfacet
  facet normal 0 0 -1
    outer loop
      vertex 67.5 92.8 1.1
      vertex 67.5 93.4 1.1
      vertex 67.8785 93.3752 1.1
    endloop
  endfacet
  facet normal 0 0 -1
    outer loop
      vertex 67.1998 92.7803 1.1
      vertex 67.5 93.4 1.1
      vertex 67.5 92.8 1.1
    endloop
  endfacet
  facet normal 0 0 -1
    outer loop
      vertex 67.1998 92.7803 1.1
      vertex 67.1215 93.3752 1.1
      vertex 67.5 93.4 1.1
    endloop
  endfacet
  facet normal 0 0 -1
    outer loop
      vertex 66.9047 92.7216 1.1
      vertex 67.1215 93.3752 1.1
      vertex 67.1998 92.7803 1.1
    endloop
  endfacet
  facet normal 0 0 -1
    outer loop
      vertex 66.9047 92.7216 1.1
      vertex 66.7494 93.3012 1.1
      vertex 67.1215 93.3752 1.1
    endloop
  endfacet
  facet normal 0 0 -1
    outer loop
      vertex 66.6198 92.6249 1.1
      vertex 66.7494 93.3012 1.1
      vertex 66.9047 92.7216 1.1
    endloop
  endfacet
  facet normal 0 0 -1
    outer loop
      vertex 66.6198 92.6249 1.1
      vertex 66.3902 93.1793 1.1
      vertex 66.7494 93.3012 1.1
    endloop
  endfacet
  facet normal 0 0 -1
    outer loop
      vertex 66.35 92.4919 1.1
      vertex 66.3902 93.1793 1.1
      vertex 66.6198 92.6249 1.1
    endloop
  endfacet
  facet normal 0 0 -1
    outer loop
      vertex 66.05 93.0115 1.1
      vertex 66.35 92.4919 1.1
      vertex 66.0998 92.3247 1.1
    endloop
  endfacet
  facet normal 0 0 -1
    outer loop
      vertex 66.35 92.4919 1.1
      vertex 66.05 93.0115 1.1
      vertex 66.3902 93.1793 1.1
    endloop
  endfacet
  facet normal 0 0 -1
    outer loop
      vertex 65.7346 92.8007 1.1
      vertex 66.0998 92.3247 1.1
      vertex 65.8737 92.1263 1.1
    endloop
  endfacet
  facet normal 0 0 -1
    outer loop
      vertex 66.0998 92.3247 1.1
      vertex 65.7346 92.8007 1.1
      vertex 66.05 93.0115 1.1
    endloop
  endfacet
  facet normal 0 0 -1
    outer loop
      vertex 65.4494 92.5506 1.1
      vertex 65.8737 92.1263 1.1
      vertex 65.6753 91.9002 1.1
    endloop
  endfacet
  facet normal 0 0 -1
    outer loop
      vertex 65.1993 92.2654 1.1
      vertex 65.6753 91.9002 1.1
      vertex 65.5081 91.65 1.1
    endloop
  endfacet
  facet normal 0 0 -1
    outer loop
      vertex 65.8737 92.1263 1.1
      vertex 65.4494 92.5506 1.1
      vertex 65.7346 92.8007 1.1
    endloop
  endfacet
  facet normal 0 0 -1
    outer loop
      vertex 64.9885 91.95 1.1
      vertex 65.5081 91.65 1.1
      vertex 65.3751 91.3802 1.1
    endloop
  endfacet
  facet normal 0 0 -1
    outer loop
      vertex 64.8207 91.6098 1.1
      vertex 65.3751 91.3802 1.1
      vertex 65.2784 91.0953 1.1
    endloop
  endfacet
  facet normal 0 0 -1
    outer loop
      vertex 64.6988 91.2506 1.1
      vertex 65.2784 91.0953 1.1
      vertex 65.2197 90.8002 1.1
    endloop
  endfacet
  facet normal 0 0 -1
    outer loop
      vertex 65.6753 91.9002 1.1
      vertex 65.1993 92.2654 1.1
      vertex 65.4494 92.5506 1.1
    endloop
  endfacet
  facet normal 0 0 -1
    outer loop
      vertex 64.6248 90.8785 1.1
      vertex 65.2197 90.8002 1.1
      vertex 65.2 90.5 1.1
    endloop
  endfacet
  facet normal 0 0 -1
    outer loop
      vertex 64.6988 89.7494 1.1
      vertex 65.2784 89.9047 1.1
      vertex 64.8207 89.3902 1.1
    endloop
  endfacet
  facet normal -0 0 -1
    outer loop
      vertex 65.2784 89.9047 1.1
      vertex 64.6988 89.7494 1.1
      vertex 65.2197 90.1998 1.1
    endloop
  endfacet
  facet normal 0 0 -1
    outer loop
      vertex 65.5081 91.65 1.1
      vertex 64.9885 91.95 1.1
      vertex 65.1993 92.2654 1.1
    endloop
  endfacet
  facet normal 0 0 -1
    outer loop
      vertex 64.6248 90.1215 1.1
      vertex 65.2197 90.1998 1.1
      vertex 64.6988 89.7494 1.1
    endloop
  endfacet
  facet normal 0 0 -1
    outer loop
      vertex 65.3751 91.3802 1.1
      vertex 64.8207 91.6098 1.1
      vertex 64.9885 91.95 1.1
    endloop
  endfacet
  facet normal -0 0 -1
    outer loop
      vertex 65.2197 90.1998 1.1
      vertex 64.6248 90.1215 1.1
      vertex 65.2 90.5 1.1
    endloop
  endfacet
  facet normal 0 0 -1
    outer loop
      vertex 65.2784 91.0953 1.1
      vertex 64.6988 91.2506 1.1
      vertex 64.8207 91.6098 1.1
    endloop
  endfacet
  facet normal 0 0 -1
    outer loop
      vertex 64.6 90.5 1.1
      vertex 65.2 90.5 1.1
      vertex 64.6248 90.1215 1.1
    endloop
  endfacet
  facet normal 0 0 -1
    outer loop
      vertex 65.2197 90.8002 1.1
      vertex 64.6248 90.8785 1.1
      vertex 64.6988 91.2506 1.1
    endloop
  endfacet
  facet normal 0 0 -1
    outer loop
      vertex 65.2 90.5 1.1
      vertex 64.6 90.5 1.1
      vertex 64.6248 90.8785 1.1
    endloop
  endfacet
  facet normal 0.195052 0.980793 -0
    outer loop
      vertex 67.1215 87.6248 0
      vertex 66.7494 87.6988 1.1
      vertex 67.1215 87.6248 1.1
    endloop
  endfacet
  facet normal 0.195052 0.980793 0
    outer loop
      vertex 66.7494 87.6988 1.1
      vertex 67.1215 87.6248 0
      vertex 66.7494 87.6988 0
    endloop
  endfacet
  facet normal -0.555673 0.831401 0
    outer loop
      vertex 69.2654 88.1993 0
      vertex 68.95 87.9885 1.1
      vertex 69.2654 88.1993 1.1
    endloop
  endfacet
  facet normal -0.555673 0.831401 0
    outer loop
      vertex 68.95 87.9885 1.1
      vertex 69.2654 88.1993 0
      vertex 68.95 87.9885 0
    endloop
  endfacet
  facet normal 0.99786 0.0653816 0
    outer loop
      vertex 64.6248 90.1215 1.1
      vertex 64.6 90.5 0
      vertex 64.6 90.5 1.1
    endloop
  endfacet
  facet normal 0.99786 0.0653816 0
    outer loop
      vertex 64.6 90.5 0
      vertex 64.6248 90.1215 1.1
      vertex 64.6248 90.1215 0
    endloop
  endfacet
  facet normal -0.0653816 0.99786 0
    outer loop
      vertex 67.8785 87.6248 0
      vertex 67.5 87.6 1.1
      vertex 67.8785 87.6248 1.1
    endloop
  endfacet
  facet normal -0.0653816 0.99786 0
    outer loop
      vertex 67.5 87.6 1.1
      vertex 67.8785 87.6248 0
      vertex 67.5 87.6 0
    endloop
  endfacet
  facet normal 0.195052 -0.980793 0
    outer loop
      vertex 66.7494 93.3012 0
      vertex 67.1215 93.3752 1.1
      vertex 66.7494 93.3012 1.1
    endloop
  endfacet
  facet normal 0.195052 -0.980793 0
    outer loop
      vertex 67.1215 93.3752 1.1
      vertex 66.7494 93.3012 0
      vertex 67.1215 93.3752 0
    endloop
  endfacet
  facet normal -0.442356 -0.896839 0
    outer loop
      vertex 68.6098 93.1793 0
      vertex 68.95 93.0115 1.1
      vertex 68.6098 93.1793 1.1
    endloop
  endfacet
  facet normal -0.442356 -0.896839 -0
    outer loop
      vertex 68.95 93.0115 1.1
      vertex 68.6098 93.1793 0
      vertex 68.95 93.0115 0
    endloop
  endfacet
  facet normal -0.321364 -0.946956 0
    outer loop
      vertex 68.2506 93.3012 0
      vertex 68.6098 93.1793 1.1
      vertex 68.2506 93.3012 1.1
    endloop
  endfacet
  facet normal -0.321364 -0.946956 -0
    outer loop
      vertex 68.6098 93.1793 1.1
      vertex 68.2506 93.3012 0
      vertex 68.6098 93.1793 0
    endloop
  endfacet
  facet normal -0.831401 0.555673 0
    outer loop
      vertex 69.8007 88.7346 0
      vertex 70.0115 89.05 1.1
      vertex 70.0115 89.05 0
    endloop
  endfacet
  facet normal -0.831401 0.555673 0
    outer loop
      vertex 70.0115 89.05 1.1
      vertex 69.8007 88.7346 0
      vertex 69.8007 88.7346 1.1
    endloop
  endfacet
  facet normal 0.946956 0.321364 0
    outer loop
      vertex 64.8207 89.3902 1.1
      vertex 64.6988 89.7494 0
      vertex 64.6988 89.7494 1.1
    endloop
  endfacet
  facet normal 0.946956 0.321364 0
    outer loop
      vertex 64.6988 89.7494 0
      vertex 64.8207 89.3902 1.1
      vertex 64.8207 89.3902 0
    endloop
  endfacet
  facet normal -0.946956 0.321364 0
    outer loop
      vertex 70.1793 89.3902 0
      vertex 70.3012 89.7494 1.1
      vertex 70.3012 89.7494 0
    endloop
  endfacet
  facet normal -0.946956 0.321364 0
    outer loop
      vertex 70.3012 89.7494 1.1
      vertex 70.1793 89.3902 0
      vertex 70.1793 89.3902 1.1
    endloop
  endfacet
  facet normal 0.555673 0.831401 -0
    outer loop
      vertex 66.05 87.9885 0
      vertex 65.7346 88.1993 1.1
      vertex 66.05 87.9885 1.1
    endloop
  endfacet
  facet normal 0.555673 0.831401 0
    outer loop
      vertex 65.7346 88.1993 1.1
      vertex 66.05 87.9885 0
      vertex 65.7346 88.1993 0
    endloop
  endfacet
  facet normal -0.195052 -0.980793 0
    outer loop
      vertex 67.8785 93.3752 0
      vertex 68.2506 93.3012 1.1
      vertex 67.8785 93.3752 1.1
    endloop
  endfacet
  facet normal -0.195052 -0.980793 -0
    outer loop
      vertex 68.2506 93.3012 1.1
      vertex 67.8785 93.3752 0
      vertex 68.2506 93.3012 0
    endloop
  endfacet
  facet normal 0.442356 -0.896839 0
    outer loop
      vertex 66.05 93.0115 0
      vertex 66.3902 93.1793 1.1
      vertex 66.05 93.0115 1.1
    endloop
  endfacet
  facet normal 0.442356 -0.896839 0
    outer loop
      vertex 66.3902 93.1793 1.1
      vertex 66.05 93.0115 0
      vertex 66.3902 93.1793 0
    endloop
  endfacet
  facet normal -0.751858 -0.659325 0
    outer loop
      vertex 69.8007 92.2654 0
      vertex 69.5506 92.5506 1.1
      vertex 69.5506 92.5506 0
    endloop
  endfacet
  facet normal -0.751858 -0.659325 0
    outer loop
      vertex 69.5506 92.5506 1.1
      vertex 69.8007 92.2654 0
      vertex 69.8007 92.2654 1.1
    endloop
  endfacet
  facet normal 0.831401 0.555673 0
    outer loop
      vertex 65.1993 88.7346 1.1
      vertex 64.9885 89.05 0
      vertex 64.9885 89.05 1.1
    endloop
  endfacet
  facet normal 0.831401 0.555673 0
    outer loop
      vertex 64.9885 89.05 0
      vertex 65.1993 88.7346 1.1
      vertex 65.1993 88.7346 0
    endloop
  endfacet
  facet normal 0.896839 -0.442356 0
    outer loop
      vertex 64.8207 91.6098 1.1
      vertex 64.9885 91.95 0
      vertex 64.9885 91.95 1.1
    endloop
  endfacet
  facet normal 0.896839 -0.442356 0
    outer loop
      vertex 64.9885 91.95 0
      vertex 64.8207 91.6098 1.1
      vertex 64.8207 91.6098 0
    endloop
  endfacet
  facet normal 0.980793 0.195052 0
    outer loop
      vertex 64.6988 89.7494 1.1
      vertex 64.6248 90.1215 0
      vertex 64.6248 90.1215 1.1
    endloop
  endfacet
  facet normal 0.980793 0.195052 0
    outer loop
      vertex 64.6248 90.1215 0
      vertex 64.6988 89.7494 1.1
      vertex 64.6988 89.7494 0
    endloop
  endfacet
  facet normal 0.980793 -0.195052 0
    outer loop
      vertex 64.6248 90.8785 1.1
      vertex 64.6988 91.2506 0
      vertex 64.6988 91.2506 1.1
    endloop
  endfacet
  facet normal 0.980793 -0.195052 0
    outer loop
      vertex 64.6988 91.2506 0
      vertex 64.6248 90.8785 1.1
      vertex 64.6248 90.8785 0
    endloop
  endfacet
  facet normal -0.896839 0.442356 0
    outer loop
      vertex 70.0115 89.05 0
      vertex 70.1793 89.3902 1.1
      vertex 70.1793 89.3902 0
    endloop
  endfacet
  facet normal -0.896839 0.442356 0
    outer loop
      vertex 70.1793 89.3902 1.1
      vertex 70.0115 89.05 0
      vertex 70.0115 89.05 1.1
    endloop
  endfacet
  facet normal 0.659325 0.751858 -0
    outer loop
      vertex 65.7346 88.1993 0
      vertex 65.4494 88.4494 1.1
      vertex 65.7346 88.1993 1.1
    endloop
  endfacet
  facet normal 0.659325 0.751858 0
    outer loop
      vertex 65.4494 88.4494 1.1
      vertex 65.7346 88.1993 0
      vertex 65.4494 88.4494 0
    endloop
  endfacet
  facet normal 0.751858 -0.659325 0
    outer loop
      vertex 65.1993 92.2654 1.1
      vertex 65.4494 92.5506 0
      vertex 65.4494 92.5506 1.1
    endloop
  endfacet
  facet normal 0.751858 -0.659325 0
    outer loop
      vertex 65.4494 92.5506 0
      vertex 65.1993 92.2654 1.1
      vertex 65.1993 92.2654 0
    endloop
  endfacet
  facet normal -0.195093 -0.980785 0
    outer loop
      vertex 67.8002 92.7803 1.1
      vertex 68.0953 92.7216 4
      vertex 67.8002 92.7803 4
    endloop
  endfacet
  facet normal -0.195093 -0.980785 -0
    outer loop
      vertex 68.0953 92.7216 4
      vertex 67.8002 92.7803 1.1
      vertex 68.0953 92.7216 1.1
    endloop
  endfacet
  facet normal -0.980785 -0.195093 0
    outer loop
      vertex 69.7803 90.8002 1.1
      vertex 69.7216 91.0953 4
      vertex 69.7216 91.0953 1.1
    endloop
  endfacet
  facet normal -0.980785 -0.195093 0
    outer loop
      vertex 69.7216 91.0953 4
      vertex 69.7803 90.8002 1.1
      vertex 69.7803 90.8002 4
    endloop
  endfacet
  facet normal -0.997854 -0.0654821 0
    outer loop
      vertex 69.8 90.5 1.1
      vertex 69.7803 90.8002 4
      vertex 69.7803 90.8002 1.1
    endloop
  endfacet
  facet normal -0.997854 -0.0654821 0
    outer loop
      vertex 69.7803 90.8002 4
      vertex 69.8 90.5 1.1
      vertex 69.8 90.5 4
    endloop
  endfacet
  facet normal -0.946941 -0.321408 0
    outer loop
      vertex 69.7216 91.0953 1.1
      vertex 69.6249 91.3802 4
      vertex 69.6249 91.3802 1.1
    endloop
  endfacet
  facet normal -0.946941 -0.321408 0
    outer loop
      vertex 69.6249 91.3802 4
      vertex 69.7216 91.0953 1.1
      vertex 69.7216 91.0953 4
    endloop
  endfacet
  facet normal -0.831436 -0.55562 0
    outer loop
      vertex 69.4919 91.65 1.1
      vertex 69.3247 91.9002 4
      vertex 69.3247 91.9002 1.1
    endloop
  endfacet
  facet normal -0.831436 -0.55562 0
    outer loop
      vertex 69.3247 91.9002 4
      vertex 69.4919 91.65 1.1
      vertex 69.4919 91.65 4
    endloop
  endfacet
  facet normal -0.321408 -0.946941 0
    outer loop
      vertex 68.0953 92.7216 1.1
      vertex 68.3802 92.6249 4
      vertex 68.0953 92.7216 4
    endloop
  endfacet
  facet normal -0.321408 -0.946941 -0
    outer loop
      vertex 68.3802 92.6249 4
      vertex 68.0953 92.7216 1.1
      vertex 68.3802 92.6249 1.1
    endloop
  endfacet
  facet normal 0.980785 0.195093 0
    outer loop
      vertex 65.2784 89.9047 4
      vertex 65.2197 90.1998 1.1
      vertex 65.2197 90.1998 4
    endloop
  endfacet
  facet normal 0.980785 0.195093 0
    outer loop
      vertex 65.2197 90.1998 1.1
      vertex 65.2784 89.9047 4
      vertex 65.2784 89.9047 1.1
    endloop
  endfacet
  facet normal -0.997854 0.0654821 0
    outer loop
      vertex 69.7803 90.1998 1.1
      vertex 69.8 90.5 4
      vertex 69.8 90.5 1.1
    endloop
  endfacet
  facet normal -0.997854 0.0654821 0
    outer loop
      vertex 69.8 90.5 4
      vertex 69.7803 90.1998 1.1
      vertex 69.7803 90.1998 4
    endloop
  endfacet
  facet normal 0.55562 0.831436 -0
    outer loop
      vertex 66.35 88.5081 1.1
      vertex 66.0998 88.6753 4
      vertex 66.35 88.5081 4
    endloop
  endfacet
  facet normal 0.55562 0.831436 0
    outer loop
      vertex 66.0998 88.6753 4
      vertex 66.35 88.5081 1.1
      vertex 66.0998 88.6753 1.1
    endloop
  endfacet
  facet normal 0.997854 0.0654821 0
    outer loop
      vertex 65.2197 90.1998 4
      vertex 65.2 90.5 1.1
      vertex 65.2 90.5 4
    endloop
  endfacet
  facet normal 0.997854 0.0654821 0
    outer loop
      vertex 65.2 90.5 1.1
      vertex 65.2197 90.1998 4
      vertex 65.2197 90.1998 1.1
    endloop
  endfacet
  facet normal 0.321408 0.946941 -0
    outer loop
      vertex 66.9047 88.2784 1.1
      vertex 66.6198 88.3751 4
      vertex 66.9047 88.2784 4
    endloop
  endfacet
  facet normal 0.321408 0.946941 0
    outer loop
      vertex 66.6198 88.3751 4
      vertex 66.9047 88.2784 1.1
      vertex 66.6198 88.3751 1.1
    endloop
  endfacet
  facet normal -0.89694 -0.442153 0
    outer loop
      vertex 69.6249 91.3802 1.1
      vertex 69.4919 91.65 4
      vertex 69.4919 91.65 1.1
    endloop
  endfacet
  facet normal -0.89694 -0.442153 0
    outer loop
      vertex 69.4919 91.65 4
      vertex 69.6249 91.3802 1.1
      vertex 69.6249 91.3802 4
    endloop
  endfacet
  facet normal -0.751649 -0.659563 0
    outer loop
      vertex 69.3247 91.9002 1.1
      vertex 69.1263 92.1263 4
      vertex 69.1263 92.1263 1.1
    endloop
  endfacet
  facet normal -0.751649 -0.659563 0
    outer loop
      vertex 69.1263 92.1263 4
      vertex 69.3247 91.9002 1.1
      vertex 69.3247 91.9002 4
    endloop
  endfacet
  facet normal -0.946941 0.321408 0
    outer loop
      vertex 69.6249 89.6198 1.1
      vertex 69.7216 89.9047 4
      vertex 69.7216 89.9047 1.1
    endloop
  endfacet
  facet normal -0.946941 0.321408 0
    outer loop
      vertex 69.7216 89.9047 4
      vertex 69.6249 89.6198 1.1
      vertex 69.6249 89.6198 4
    endloop
  endfacet
  facet normal 0.751649 0.659563 0
    outer loop
      vertex 65.8737 88.8737 4
      vertex 65.6753 89.0998 1.1
      vertex 65.6753 89.0998 4
    endloop
  endfacet
  facet normal 0.751649 0.659563 0
    outer loop
      vertex 65.6753 89.0998 1.1
      vertex 65.8737 88.8737 4
      vertex 65.8737 88.8737 1.1
    endloop
  endfacet
  facet normal -0.980785 0.195093 0
    outer loop
      vertex 69.7216 89.9047 1.1
      vertex 69.7803 90.1998 4
      vertex 69.7803 90.1998 1.1
    endloop
  endfacet
  facet normal -0.980785 0.195093 0
    outer loop
      vertex 69.7803 90.1998 4
      vertex 69.7216 89.9047 1.1
      vertex 69.7216 89.9047 4
    endloop
  endfacet
  facet normal -0.0654821 0.997854 0
    outer loop
      vertex 67.8002 88.2197 1.1
      vertex 67.5 88.2 4
      vertex 67.8002 88.2197 4
    endloop
  endfacet
  facet normal -0.0654821 0.997854 0
    outer loop
      vertex 67.5 88.2 4
      vertex 67.8002 88.2197 1.1
      vertex 67.5 88.2 1.1
    endloop
  endfacet
  facet normal 0.946941 0.321408 0
    outer loop
      vertex 65.3751 89.6198 4
      vertex 65.2784 89.9047 1.1
      vertex 65.2784 89.9047 4
    endloop
  endfacet
  facet normal 0.946941 0.321408 0
    outer loop
      vertex 65.2784 89.9047 1.1
      vertex 65.3751 89.6198 4
      vertex 65.3751 89.6198 1.1
    endloop
  endfacet
  facet normal -0.831436 0.55562 0
    outer loop
      vertex 69.3247 89.0998 1.1
      vertex 69.4919 89.35 4
      vertex 69.4919 89.35 1.1
    endloop
  endfacet
  facet normal -0.831436 0.55562 0
    outer loop
      vertex 69.4919 89.35 4
      vertex 69.3247 89.0998 1.1
      vertex 69.3247 89.0998 4
    endloop
  endfacet
  facet normal -0.442153 -0.89694 0
    outer loop
      vertex 68.3802 92.6249 1.1
      vertex 68.65 92.4919 4
      vertex 68.3802 92.6249 4
    endloop
  endfacet
  facet normal -0.442153 -0.89694 -0
    outer loop
      vertex 68.65 92.4919 4
      vertex 68.3802 92.6249 1.1
      vertex 68.65 92.4919 1.1
    endloop
  endfacet
  facet normal 0.442153 -0.89694 0
    outer loop
      vertex 66.35 92.4919 1.1
      vertex 66.6198 92.6249 4
      vertex 66.35 92.4919 4
    endloop
  endfacet
  facet normal 0.442153 -0.89694 0
    outer loop
      vertex 66.6198 92.6249 4
      vertex 66.35 92.4919 1.1
      vertex 66.6198 92.6249 1.1
    endloop
  endfacet
  facet normal -0.442153 0.89694 0
    outer loop
      vertex 68.65 88.5081 1.1
      vertex 68.3802 88.3751 4
      vertex 68.65 88.5081 4
    endloop
  endfacet
  facet normal -0.442153 0.89694 0
    outer loop
      vertex 68.3802 88.3751 4
      vertex 68.65 88.5081 1.1
      vertex 68.3802 88.3751 1.1
    endloop
  endfacet
  facet normal -0.321408 0.946941 0
    outer loop
      vertex 68.3802 88.3751 1.1
      vertex 68.0953 88.2784 4
      vertex 68.3802 88.3751 4
    endloop
  endfacet
  facet normal -0.321408 0.946941 0
    outer loop
      vertex 68.0953 88.2784 4
      vertex 68.3802 88.3751 1.1
      vertex 68.0953 88.2784 1.1
    endloop
  endfacet
  facet normal 0.195093 0.980785 -0
    outer loop
      vertex 67.1998 88.2197 1.1
      vertex 66.9047 88.2784 4
      vertex 67.1998 88.2197 4
    endloop
  endfacet
  facet normal 0.195093 0.980785 0
    outer loop
      vertex 66.9047 88.2784 4
      vertex 67.1998 88.2197 1.1
      vertex 66.9047 88.2784 1.1
    endloop
  endfacet
  facet normal 0.946941 -0.321408 0
    outer loop
      vertex 65.2784 91.0953 4
      vertex 65.3751 91.3802 1.1
      vertex 65.3751 91.3802 4
    endloop
  endfacet
  facet normal 0.946941 -0.321408 0
    outer loop
      vertex 65.3751 91.3802 1.1
      vertex 65.2784 91.0953 4
      vertex 65.2784 91.0953 1.1
    endloop
  endfacet
  facet normal 0.195093 -0.980785 0
    outer loop
      vertex 66.9047 92.7216 1.1
      vertex 67.1998 92.7803 4
      vertex 66.9047 92.7216 4
    endloop
  endfacet
  facet normal 0.195093 -0.980785 0
    outer loop
      vertex 67.1998 92.7803 4
      vertex 66.9047 92.7216 1.1
      vertex 67.1998 92.7803 1.1
    endloop
  endfacet
  facet normal 0.55562 -0.831436 0
    outer loop
      vertex 66.0998 92.3247 1.1
      vertex 66.35 92.4919 4
      vertex 66.0998 92.3247 4
    endloop
  endfacet
  facet normal 0.55562 -0.831436 0
    outer loop
      vertex 66.35 92.4919 4
      vertex 66.0998 92.3247 1.1
      vertex 66.35 92.4919 1.1
    endloop
  endfacet
  facet normal -0.55562 0.831436 0
    outer loop
      vertex 68.9002 88.6753 1.1
      vertex 68.65 88.5081 4
      vertex 68.9002 88.6753 4
    endloop
  endfacet
  facet normal -0.55562 0.831436 0
    outer loop
      vertex 68.65 88.5081 4
      vertex 68.9002 88.6753 1.1
      vertex 68.65 88.5081 1.1
    endloop
  endfacet
  facet normal -0.195093 0.980785 0
    outer loop
      vertex 68.0953 88.2784 1.1
      vertex 67.8002 88.2197 4
      vertex 68.0953 88.2784 4
    endloop
  endfacet
  facet normal -0.195093 0.980785 0
    outer loop
      vertex 67.8002 88.2197 4
      vertex 68.0953 88.2784 1.1
      vertex 67.8002 88.2197 1.1
    endloop
  endfacet
  facet normal 0.89694 -0.442153 0
    outer loop
      vertex 65.3751 91.3802 4
      vertex 65.5081 91.65 1.1
      vertex 65.5081 91.65 4
    endloop
  endfacet
  facet normal 0.89694 -0.442153 0
    outer loop
      vertex 65.5081 91.65 1.1
      vertex 65.3751 91.3802 4
      vertex 65.3751 91.3802 1.1
    endloop
  endfacet
  facet normal 0.831436 -0.55562 0
    outer loop
      vertex 65.5081 91.65 4
      vertex 65.6753 91.9002 1.1
      vertex 65.6753 91.9002 4
    endloop
  endfacet
  facet normal 0.831436 -0.55562 0
    outer loop
      vertex 65.6753 91.9002 1.1
      vertex 65.5081 91.65 4
      vertex 65.5081 91.65 1.1
    endloop
  endfacet
  facet normal 0.0654821 0.997854 -0
    outer loop
      vertex 67.5 88.2 1.1
      vertex 67.1998 88.2197 4
      vertex 67.5 88.2 4
    endloop
  endfacet
  facet normal 0.0654821 0.997854 0
    outer loop
      vertex 67.1998 88.2197 4
      vertex 67.5 88.2 1.1
      vertex 67.1998 88.2197 1.1
    endloop
  endfacet
  facet normal 0.659563 -0.751649 0
    outer loop
      vertex 65.8737 92.1263 1.1
      vertex 66.0998 92.3247 4
      vertex 65.8737 92.1263 4
    endloop
  endfacet
  facet normal 0.659563 -0.751649 0
    outer loop
      vertex 66.0998 92.3247 4
      vertex 65.8737 92.1263 1.1
      vertex 66.0998 92.3247 1.1
    endloop
  endfacet
  facet normal 0.659563 0.751649 -0
    outer loop
      vertex 66.0998 88.6753 1.1
      vertex 65.8737 88.8737 4
      vertex 66.0998 88.6753 4
    endloop
  endfacet
  facet normal 0.659563 0.751649 0
    outer loop
      vertex 65.8737 88.8737 4
      vertex 66.0998 88.6753 1.1
      vertex 65.8737 88.8737 1.1
    endloop
  endfacet
  facet normal 0.751649 -0.659563 0
    outer loop
      vertex 65.6753 91.9002 4
      vertex 65.8737 92.1263 1.1
      vertex 65.8737 92.1263 4
    endloop
  endfacet
  facet normal 0.751649 -0.659563 0
    outer loop
      vertex 65.8737 92.1263 1.1
      vertex 65.6753 91.9002 4
      vertex 65.6753 91.9002 1.1
    endloop
  endfacet
  facet normal -0.751649 0.659563 0
    outer loop
      vertex 69.1263 88.8737 1.1
      vertex 69.3247 89.0998 4
      vertex 69.3247 89.0998 1.1
    endloop
  endfacet
  facet normal -0.751649 0.659563 0
    outer loop
      vertex 69.3247 89.0998 4
      vertex 69.1263 88.8737 1.1
      vertex 69.1263 88.8737 4
    endloop
  endfacet
  facet normal -0.89694 0.442153 0
    outer loop
      vertex 69.4919 89.35 1.1
      vertex 69.6249 89.6198 4
      vertex 69.6249 89.6198 1.1
    endloop
  endfacet
  facet normal -0.89694 0.442153 0
    outer loop
      vertex 69.6249 89.6198 4
      vertex 69.4919 89.35 1.1
      vertex 69.4919 89.35 4
    endloop
  endfacet
  facet normal 0.980785 -0.195093 0
    outer loop
      vertex 65.2197 90.8002 4
      vertex 65.2784 91.0953 1.1
      vertex 65.2784 91.0953 4
    endloop
  endfacet
  facet normal 0.980785 -0.195093 0
    outer loop
      vertex 65.2784 91.0953 1.1
      vertex 65.2197 90.8002 4
      vertex 65.2197 90.8002 1.1
    endloop
  endfacet
  facet normal -0.0654821 -0.997854 0
    outer loop
      vertex 67.5 92.8 1.1
      vertex 67.8002 92.7803 4
      vertex 67.5 92.8 4
    endloop
  endfacet
  facet normal -0.0654821 -0.997854 -0
    outer loop
      vertex 67.8002 92.7803 4
      vertex 67.5 92.8 1.1
      vertex 67.8002 92.7803 1.1
    endloop
  endfacet
  facet normal -0.55562 -0.831436 0
    outer loop
      vertex 68.65 92.4919 1.1
      vertex 68.9002 92.3247 4
      vertex 68.65 92.4919 4
    endloop
  endfacet
  facet normal -0.55562 -0.831436 -0
    outer loop
      vertex 68.9002 92.3247 4
      vertex 68.65 92.4919 1.1
      vertex 68.9002 92.3247 1.1
    endloop
  endfacet
  facet normal 0.321408 -0.946941 0
    outer loop
      vertex 66.6198 92.6249 1.1
      vertex 66.9047 92.7216 4
      vertex 66.6198 92.6249 4
    endloop
  endfacet
  facet normal 0.321408 -0.946941 0
    outer loop
      vertex 66.9047 92.7216 4
      vertex 66.6198 92.6249 1.1
      vertex 66.9047 92.7216 1.1
    endloop
  endfacet
  facet normal 0.0654821 -0.997854 0
    outer loop
      vertex 67.1998 92.7803 1.1
      vertex 67.5 92.8 4
      vertex 67.1998 92.7803 4
    endloop
  endfacet
  facet normal 0.0654821 -0.997854 0
    outer loop
      vertex 67.5 92.8 4
      vertex 67.1998 92.7803 1.1
      vertex 67.5 92.8 1.1
    endloop
  endfacet
  facet normal 0.997854 -0.0654821 0
    outer loop
      vertex 65.2 90.5 4
      vertex 65.2197 90.8002 1.1
      vertex 65.2197 90.8002 4
    endloop
  endfacet
  facet normal 0.997854 -0.0654821 0
    outer loop
      vertex 65.2197 90.8002 1.1
      vertex 65.2 90.5 4
      vertex 65.2 90.5 1.1
    endloop
  endfacet
  facet normal -0.659563 -0.751649 0
    outer loop
      vertex 68.9002 92.3247 1.1
      vertex 69.1263 92.1263 4
      vertex 68.9002 92.3247 4
    endloop
  endfacet
  facet normal -0.659563 -0.751649 -0
    outer loop
      vertex 69.1263 92.1263 4
      vertex 68.9002 92.3247 1.1
      vertex 69.1263 92.1263 1.1
    endloop
  endfacet
  facet normal 0.89694 0.442153 0
    outer loop
      vertex 65.5081 89.35 4
      vertex 65.3751 89.6198 1.1
      vertex 65.3751 89.6198 4
    endloop
  endfacet
  facet normal 0.89694 0.442153 0
    outer loop
      vertex 65.3751 89.6198 1.1
      vertex 65.5081 89.35 4
      vertex 65.5081 89.35 1.1
    endloop
  endfacet
  facet normal 0.442153 0.89694 -0
    outer loop
      vertex 66.6198 88.3751 1.1
      vertex 66.35 88.5081 4
      vertex 66.6198 88.3751 4
    endloop
  endfacet
  facet normal 0.442153 0.89694 0
    outer loop
      vertex 66.35 88.5081 4
      vertex 66.6198 88.3751 1.1
      vertex 66.35 88.5081 1.1
    endloop
  endfacet
  facet normal -0.659563 0.751649 0
    outer loop
      vertex 69.1263 88.8737 1.1
      vertex 68.9002 88.6753 4
      vertex 69.1263 88.8737 4
    endloop
  endfacet
  facet normal -0.659563 0.751649 0
    outer loop
      vertex 68.9002 88.6753 4
      vertex 69.1263 88.8737 1.1
      vertex 68.9002 88.6753 1.1
    endloop
  endfacet
  facet normal 0.831436 0.55562 0
    outer loop
      vertex 65.6753 89.0998 4
      vertex 65.5081 89.35 1.1
      vertex 65.5081 89.35 4
    endloop
  endfacet
  facet normal 0.831436 0.55562 0
    outer loop
      vertex 65.5081 89.35 1.1
      vertex 65.6753 89.0998 4
      vertex 65.6753 89.0998 1.1
    endloop
  endfacet
  facet normal 1 -0 0
    outer loop
      vertex 29 98 2.5
      vertex 29 104 0
      vertex 29 104 2.5
    endloop
  endfacet
  facet normal 1 0 0
    outer loop
      vertex 29 104 0
      vertex 29 98 2.5
      vertex 29 98 0
    endloop
  endfacet
  facet normal -0 0 1
    outer loop
      vertex 23 104 2.5
      vertex 29 98 2.5
      vertex 29 104 2.5
    endloop
  endfacet
  facet normal 0 0 1
    outer loop
      vertex 29 98 2.5
      vertex 23 104 2.5
      vertex 23 98 2.5
    endloop
  endfacet
  facet normal -1 0 0
    outer loop
      vertex 23 98 0
      vertex 23 104 2.5
      vertex 23 104 0
    endloop
  endfacet
  facet normal -1 -0 0
    outer loop
      vertex 23 104 2.5
      vertex 23 98 0
      vertex 23 98 2.5
    endloop
  endfacet
  facet normal 0 1 -0
    outer loop
      vertex 29 104 0
      vertex 23 104 2.5
      vertex 29 104 2.5
    endloop
  endfacet
  facet normal 0 1 0
    outer loop
      vertex 23 104 2.5
      vertex 29 104 0
      vertex 23 104 0
    endloop
  endfacet
  facet normal 0 -1 0
    outer loop
      vertex 23 98 0
      vertex 29 98 2.5
      vertex 23 98 2.5
    endloop
  endfacet
  facet normal 0 -1 -0
    outer loop
      vertex 29 98 2.5
      vertex 23 98 0
      vertex 29 98 0
    endloop
  endfacet
  facet normal 1 -0 0
    outer loop
      vertex 22.6 97.6 8.1
      vertex 22.6 103.1 0
      vertex 22.6 103.1 8.1
    endloop
  endfacet
  facet normal 1 0 0
    outer loop
      vertex 22.6 103.1 0
      vertex 22.6 97.6 8.1
      vertex 22.6 97.6 0
    endloop
  endfacet
  facet normal 0 0 1
    outer loop
      vertex 22.6 103.1 8.1
      vertex 21.1 103.1 8.1
      vertex 22.6 97.6 8.1
    endloop
  endfacet
  facet normal -0 0 1
    outer loop
      vertex 22.6 97.6 8.1
      vertex 28.1 96.1 8.1
      vertex 28.1 97.6 8.1
    endloop
  endfacet
  facet normal 0 0 1
    outer loop
      vertex 22.6 97.6 8.1
      vertex 21.1 96.1 8.1
      vertex 28.1 96.1 8.1
    endloop
  endfacet
  facet normal 0 0 1
    outer loop
      vertex 21.1 96.1 8.1
      vertex 22.6 97.6 8.1
      vertex 21.1 103.1 8.1
    endloop
  endfacet
  facet normal -1 0 0
    outer loop
      vertex 21.1 96.1 0
      vertex 21.1 103.1 8.1
      vertex 21.1 103.1 0
    endloop
  endfacet
  facet normal -1 -0 0
    outer loop
      vertex 21.1 103.1 8.1
      vertex 21.1 96.1 0
      vertex 21.1 96.1 8.1
    endloop
  endfacet
  facet normal 0 1 -0
    outer loop
      vertex 22.6 103.1 0
      vertex 21.1 103.1 8.1
      vertex 22.6 103.1 8.1
    endloop
  endfacet
  facet normal 0 1 0
    outer loop
      vertex 21.1 103.1 8.1
      vertex 22.6 103.1 0
      vertex 21.1 103.1 0
    endloop
  endfacet
  facet normal 0 -1 0
    outer loop
      vertex 21.1 96.1 0
      vertex 28.1 96.1 8.1
      vertex 21.1 96.1 8.1
    endloop
  endfacet
  facet normal 0 -1 -0
    outer loop
      vertex 28.1 96.1 8.1
      vertex 21.1 96.1 0
      vertex 28.1 96.1 0
    endloop
  endfacet
  facet normal 1 -0 0
    outer loop
      vertex 28.1 96.1 8.1
      vertex 28.1 97.6 0
      vertex 28.1 97.6 8.1
    endloop
  endfacet
  facet normal 1 0 0
    outer loop
      vertex 28.1 97.6 0
      vertex 28.1 96.1 8.1
      vertex 28.1 96.1 0
    endloop
  endfacet
  facet normal 0 1 -0
    outer loop
      vertex 28.1 97.6 0
      vertex 22.6 97.6 8.1
      vertex 28.1 97.6 8.1
    endloop
  endfacet
  facet normal 0 1 0
    outer loop
      vertex 22.6 97.6 8.1
      vertex 28.1 97.6 0
      vertex 22.6 97.6 0
    endloop
  endfacet
  facet normal -1 0 0
    outer loop
      vertex 67 98 0
      vertex 67 104 2.5
      vertex 67 104 0
    endloop
  endfacet
  facet normal -1 -0 0
    outer loop
      vertex 67 104 2.5
      vertex 67 98 0
      vertex 67 98 2.5
    endloop
  endfacet
  facet normal -0 0 1
    outer loop
      vertex 67 104 2.5
      vertex 73 98 2.5
      vertex 73 104 2.5
    endloop
  endfacet
  facet normal 0 0 1
    outer loop
      vertex 73 98 2.5
      vertex 67 104 2.5
      vertex 67 98 2.5
    endloop
  endfacet
  facet normal 1 -0 0
    outer loop
      vertex 73 98 2.5
      vertex 73 104 0
      vertex 73 104 2.5
    endloop
  endfacet
  facet normal 1 0 0
    outer loop
      vertex 73 104 0
      vertex 73 98 2.5
      vertex 73 98 0
    endloop
  endfacet
  facet normal 0 1 -0
    outer loop
      vertex 73 104 0
      vertex 67 104 2.5
      vertex 73 104 2.5
    endloop
  endfacet
  facet normal 0 1 0
    outer loop
      vertex 67 104 2.5
      vertex 73 104 0
      vertex 67 104 0
    endloop
  endfacet
  facet normal 0 -1 0
    outer loop
      vertex 67 98 0
      vertex 73 98 2.5
      vertex 67 98 2.5
    endloop
  endfacet
  facet normal 0 -1 -0
    outer loop
      vertex 73 98 2.5
      vertex 67 98 0
      vertex 73 98 0
    endloop
  endfacet
  facet normal -1 0 0
    outer loop
      vertex 73.4 97.6 0
      vertex 73.4 103.1 8.1
      vertex 73.4 103.1 0
    endloop
  endfacet
  facet normal -1 -0 0
    outer loop
      vertex 73.4 103.1 8.1
      vertex 73.4 97.6 0
      vertex 73.4 97.6 8.1
    endloop
  endfacet
  facet normal 0 0 1
    outer loop
      vertex 73.4 97.6 8.1
      vertex 74.9 103.1 8.1
      vertex 73.4 103.1 8.1
    endloop
  endfacet
  facet normal 0 0 1
    outer loop
      vertex 74.9 103.1 8.1
      vertex 73.4 97.6 8.1
      vertex 74.9 96.1 8.1
    endloop
  endfacet
  facet normal 0 0 1
    outer loop
      vertex 67.9 96.1 8.1
      vertex 73.4 97.6 8.1
      vertex 67.9 97.6 8.1
    endloop
  endfacet
  facet normal 0 0 1
    outer loop
      vertex 73.4 97.6 8.1
      vertex 67.9 96.1 8.1
      vertex 74.9 96.1 8.1
    endloop
  endfacet
  facet normal 1 -0 0
    outer loop
      vertex 74.9 96.1 8.1
      vertex 74.9 103.1 0
      vertex 74.9 103.1 8.1
    endloop
  endfacet
  facet normal 1 0 0
    outer loop
      vertex 74.9 103.1 0
      vertex 74.9 96.1 8.1
      vertex 74.9 96.1 0
    endloop
  endfacet
  facet normal 0 1 -0
    outer loop
      vertex 74.9 103.1 0
      vertex 73.4 103.1 8.1
      vertex 74.9 103.1 8.1
    endloop
  endfacet
  facet normal 0 1 0
    outer loop
      vertex 73.4 103.1 8.1
      vertex 74.9 103.1 0
      vertex 73.4 103.1 0
    endloop
  endfacet
  facet normal 0 -1 0
    outer loop
      vertex 67.9 96.1 0
      vertex 74.9 96.1 8.1
      vertex 67.9 96.1 8.1
    endloop
  endfacet
  facet normal 0 -1 -0
    outer loop
      vertex 74.9 96.1 8.1
      vertex 67.9 96.1 0
      vertex 74.9 96.1 0
    endloop
  endfacet
  facet normal -1 0 0
    outer loop
      vertex 67.9 96.1 0
      vertex 67.9 97.6 8.1
      vertex 67.9 97.6 0
    endloop
  endfacet
  facet normal -1 -0 0
    outer loop
      vertex 67.9 97.6 8.1
      vertex 67.9 96.1 0
      vertex 67.9 96.1 8.1
    endloop
  endfacet
  facet normal 0 1 -0
    outer loop
      vertex 73.4 97.6 0
      vertex 67.9 97.6 8.1
      vertex 73.4 97.6 8.1
    endloop
  endfacet
  facet normal 0 1 0
    outer loop
      vertex 67.9 97.6 8.1
      vertex 73.4 97.6 0
      vertex 67.9 97.6 0
    endloop
  endfacet
  facet normal 1 -0 0
    outer loop
      vertex 29 118 2.5
      vertex 29 124 0
      vertex 29 124 2.5
    endloop
  endfacet
  facet normal 1 0 0
    outer loop
      vertex 29 124 0
      vertex 29 118 2.5
      vertex 29 118 0
    endloop
  endfacet
  facet normal -0 0 1
    outer loop
      vertex 23 124 2.5
      vertex 29 118 2.5
      vertex 29 124 2.5
    endloop
  endfacet
  facet normal 0 0 1
    outer loop
      vertex 29 118 2.5
      vertex 23 124 2.5
      vertex 23 118 2.5
    endloop
  endfacet
  facet normal -1 0 0
    outer loop
      vertex 23 118 0
      vertex 23 124 2.5
      vertex 23 124 0
    endloop
  endfacet
  facet normal -1 -0 0
    outer loop
      vertex 23 124 2.5
      vertex 23 118 0
      vertex 23 118 2.5
    endloop
  endfacet
  facet normal 0 -1 0
    outer loop
      vertex 23 118 0
      vertex 29 118 2.5
      vertex 23 118 2.5
    endloop
  endfacet
  facet normal 0 -1 -0
    outer loop
      vertex 29 118 2.5
      vertex 23 118 0
      vertex 29 118 0
    endloop
  endfacet
  facet normal 0 1 -0
    outer loop
      vertex 29 124 0
      vertex 23 124 2.5
      vertex 29 124 2.5
    endloop
  endfacet
  facet normal 0 1 0
    outer loop
      vertex 23 124 2.5
      vertex 29 124 0
      vertex 23 124 0
    endloop
  endfacet
  facet normal 1 -0 0
    outer loop
      vertex 22.6 118.9 8.1
      vertex 22.6 124.4 0
      vertex 22.6 124.4 8.1
    endloop
  endfacet
  facet normal 1 0 0
    outer loop
      vertex 22.6 124.4 0
      vertex 22.6 118.9 8.1
      vertex 22.6 118.9 0
    endloop
  endfacet
  facet normal 0 0 1
    outer loop
      vertex 28.1 125.9 8.1
      vertex 22.6 124.4 8.1
      vertex 28.1 124.4 8.1
    endloop
  endfacet
  facet normal -0 0 1
    outer loop
      vertex 21.1 125.9 8.1
      vertex 22.6 124.4 8.1
      vertex 28.1 125.9 8.1
    endloop
  endfacet
  facet normal 0 0 1
    outer loop
      vertex 21.1 118.9 8.1
      vertex 22.6 124.4 8.1
      vertex 21.1 125.9 8.1
    endloop
  endfacet
  facet normal 0 0 1
    outer loop
      vertex 22.6 124.4 8.1
      vertex 21.1 118.9 8.1
      vertex 22.6 118.9 8.1
    endloop
  endfacet
  facet normal -1 0 0
    outer loop
      vertex 21.1 118.9 0
      vertex 21.1 125.9 8.1
      vertex 21.1 125.9 0
    endloop
  endfacet
  facet normal -1 -0 0
    outer loop
      vertex 21.1 125.9 8.1
      vertex 21.1 118.9 0
      vertex 21.1 118.9 8.1
    endloop
  endfacet
  facet normal 0 -1 0
    outer loop
      vertex 21.1 118.9 0
      vertex 22.6 118.9 8.1
      vertex 21.1 118.9 8.1
    endloop
  endfacet
  facet normal 0 -1 -0
    outer loop
      vertex 22.6 118.9 8.1
      vertex 21.1 118.9 0
      vertex 22.6 118.9 0
    endloop
  endfacet
  facet normal 0 1 -0
    outer loop
      vertex 28.1 125.9 0
      vertex 21.1 125.9 8.1
      vertex 28.1 125.9 8.1
    endloop
  endfacet
  facet normal 0 1 0
    outer loop
      vertex 21.1 125.9 8.1
      vertex 28.1 125.9 0
      vertex 21.1 125.9 0
    endloop
  endfacet
  facet normal 1 -0 0
    outer loop
      vertex 28.1 124.4 8.1
      vertex 28.1 125.9 0
      vertex 28.1 125.9 8.1
    endloop
  endfacet
  facet normal 1 0 0
    outer loop
      vertex 28.1 125.9 0
      vertex 28.1 124.4 8.1
      vertex 28.1 124.4 0
    endloop
  endfacet
  facet normal 0 -1 0
    outer loop
      vertex 22.6 124.4 0
      vertex 28.1 124.4 8.1
      vertex 22.6 124.4 8.1
    endloop
  endfacet
  facet normal 0 -1 -0
    outer loop
      vertex 28.1 124.4 8.1
      vertex 22.6 124.4 0
      vertex 28.1 124.4 0
    endloop
  endfacet
  facet normal -1 0 0
    outer loop
      vertex 67 118 0
      vertex 67 124 2.5
      vertex 67 124 0
    endloop
  endfacet
  facet normal -1 -0 0
    outer loop
      vertex 67 124 2.5
      vertex 67 118 0
      vertex 67 118 2.5
    endloop
  endfacet
  facet normal -0 0 1
    outer loop
      vertex 67 124 2.5
      vertex 73 118 2.5
      vertex 73 124 2.5
    endloop
  endfacet
  facet normal 0 0 1
    outer loop
      vertex 73 118 2.5
      vertex 67 124 2.5
      vertex 67 118 2.5
    endloop
  endfacet
  facet normal 1 -0 0
    outer loop
      vertex 73 118 2.5
      vertex 73 124 0
      vertex 73 124 2.5
    endloop
  endfacet
  facet normal 1 0 0
    outer loop
      vertex 73 124 0
      vertex 73 118 2.5
      vertex 73 118 0
    endloop
  endfacet
  facet normal 0 -1 0
    outer loop
      vertex 67 118 0
      vertex 73 118 2.5
      vertex 67 118 2.5
    endloop
  endfacet
  facet normal 0 -1 -0
    outer loop
      vertex 73 118 2.5
      vertex 67 118 0
      vertex 73 118 0
    endloop
  endfacet
  facet normal 0 1 -0
    outer loop
      vertex 73 124 0
      vertex 67 124 2.5
      vertex 73 124 2.5
    endloop
  endfacet
  facet normal 0 1 0
    outer loop
      vertex 67 124 2.5
      vertex 73 124 0
      vertex 67 124 0
    endloop
  endfacet
  facet normal -1 0 0
    outer loop
      vertex 73.4 118.9 0
      vertex 73.4 124.4 8.1
      vertex 73.4 124.4 0
    endloop
  endfacet
  facet normal -1 -0 0
    outer loop
      vertex 73.4 124.4 8.1
      vertex 73.4 118.9 0
      vertex 73.4 118.9 8.1
    endloop
  endfacet
  facet normal 0 0 1
    outer loop
      vertex 74.9 125.9 8.1
      vertex 73.4 124.4 8.1
      vertex 74.9 118.9 8.1
    endloop
  endfacet
  facet normal -0 0 1
    outer loop
      vertex 67.9 125.9 8.1
      vertex 73.4 124.4 8.1
      vertex 74.9 125.9 8.1
    endloop
  endfacet
  facet normal 0 0 1
    outer loop
      vertex 73.4 124.4 8.1
      vertex 67.9 125.9 8.1
      vertex 67.9 124.4 8.1
    endloop
  endfacet
  facet normal 0 0 1
    outer loop
      vertex 74.9 118.9 8.1
      vertex 73.4 124.4 8.1
      vertex 73.4 118.9 8.1
    endloop
  endfacet
  facet normal 1 -0 0
    outer loop
      vertex 74.9 118.9 8.1
      vertex 74.9 125.9 0
      vertex 74.9 125.9 8.1
    endloop
  endfacet
  facet normal 1 0 0
    outer loop
      vertex 74.9 125.9 0
      vertex 74.9 118.9 8.1
      vertex 74.9 118.9 0
    endloop
  endfacet
  facet normal 0 -1 0
    outer loop
      vertex 73.4 118.9 0
      vertex 74.9 118.9 8.1
      vertex 73.4 118.9 8.1
    endloop
  endfacet
  facet normal 0 -1 -0
    outer loop
      vertex 74.9 118.9 8.1
      vertex 73.4 118.9 0
      vertex 74.9 118.9 0
    endloop
  endfacet
  facet normal 0 1 -0
    outer loop
      vertex 74.9 125.9 0
      vertex 67.9 125.9 8.1
      vertex 74.9 125.9 8.1
    endloop
  endfacet
  facet normal 0 1 0
    outer loop
      vertex 67.9 125.9 8.1
      vertex 74.9 125.9 0
      vertex 67.9 125.9 0
    endloop
  endfacet
  facet normal -1 0 0
    outer loop
      vertex 67.9 124.4 0
      vertex 67.9 125.9 8.1
      vertex 67.9 125.9 0
    endloop
  endfacet
  facet normal -1 -0 0
    outer loop
      vertex 67.9 125.9 8.1
      vertex 67.9 124.4 0
      vertex 67.9 124.4 8.1
    endloop
  endfacet
  facet normal 0 -1 0
    outer loop
      vertex 67.9 124.4 0
      vertex 73.4 124.4 8.1
      vertex 67.9 124.4 8.1
    endloop
  endfacet
  facet normal 0 -1 -0
    outer loop
      vertex 73.4 124.4 8.1
      vertex 67.9 124.4 0
      vertex 73.4 124.4 0
    endloop
  endfacet
  facet normal 0.442042 -0.896995 0
    outer loop
      vertex 10.875 13.9486 -2.5
      vertex 11.139 14.0787 0
      vertex 10.875 13.9486 0
    endloop
  endfacet
  facet normal 0.442042 -0.896995 0
    outer loop
      vertex 11.139 14.0787 0
      vertex 10.875 13.9486 -2.5
      vertex 11.139 14.0787 -2.5
    endloop
  endfacet
  facet normal 0.997859 -0.0654027 0
    outer loop
      vertex 9.75 12 0
      vertex 9.76925 12.2937 -2.5
      vertex 9.76925 12.2937 0
    endloop
  endfacet
  facet normal 0.997859 -0.0654027 0
    outer loop
      vertex 9.76925 12.2937 -2.5
      vertex 9.75 12 0
      vertex 9.75 12 -2.5
    endloop
  endfacet
  facet normal -0.831318 0.555797 0
    outer loop
      vertex 13.785 10.6303 -2.5
      vertex 13.9486 10.875 0
      vertex 13.9486 10.875 -2.5
    endloop
  endfacet
  facet normal -0.831318 0.555797 0
    outer loop
      vertex 13.9486 10.875 0
      vertex 13.785 10.6303 -2.5
      vertex 13.785 10.6303 0
    endloop
  endfacet
  facet normal -0.99787 0.0652336 0
    outer loop
      vertex 14.2308 11.7063 -2.5
      vertex 14.25 12 0
      vertex 14.25 12 -2.5
    endloop
  endfacet
  facet normal -0.99787 0.0652336 0
    outer loop
      vertex 14.25 12 0
      vertex 14.2308 11.7063 -2.5
      vertex 14.2308 11.7063 0
    endloop
  endfacet
  facet normal 0.321421 -0.946936 0
    outer loop
      vertex 11.139 14.0787 -2.5
      vertex 11.4177 14.1733 0
      vertex 11.139 14.0787 0
    endloop
  endfacet
  facet normal 0.321421 -0.946936 0
    outer loop
      vertex 11.4177 14.1733 0
      vertex 11.139 14.0787 -2.5
      vertex 11.4177 14.1733 -2.5
    endloop
  endfacet
  facet normal -0.659202 -0.751966 0
    outer loop
      vertex 13.3697 13.785 -2.5
      vertex 13.591 13.591 0
      vertex 13.3697 13.785 0
    endloop
  endfacet
  facet normal -0.659202 -0.751966 -0
    outer loop
      vertex 13.591 13.591 0
      vertex 13.3697 13.785 -2.5
      vertex 13.591 13.591 -2.5
    endloop
  endfacet
  facet normal -0.442042 -0.896995 0
    outer loop
      vertex 12.861 14.0787 -2.5
      vertex 13.125 13.9486 0
      vertex 12.861 14.0787 0
    endloop
  endfacet
  facet normal -0.442042 -0.896995 -0
    outer loop
      vertex 13.125 13.9486 0
      vertex 12.861 14.0787 -2.5
      vertex 13.125 13.9486 -2.5
    endloop
  endfacet
  facet normal -0.442124 0.896954 0
    outer loop
      vertex 13.125 10.0514 -2.5
      vertex 12.861 9.92127 0
      vertex 13.125 10.0514 0
    endloop
  endfacet
  facet normal -0.442124 0.896954 0
    outer loop
      vertex 12.861 9.92127 0
      vertex 13.125 10.0514 -2.5
      vertex 12.861 9.92127 -2.5
    endloop
  endfacet
  facet normal -0.99787 -0.0652336 0
    outer loop
      vertex 14.25 12 -2.5
      vertex 14.2308 12.2937 0
      vertex 14.2308 12.2937 -2.5
    endloop
  endfacet
  facet normal -0.99787 -0.0652336 0
    outer loop
      vertex 14.2308 12.2937 0
      vertex 14.25 12 -2.5
      vertex 14.25 12 0
    endloop
  endfacet
  facet normal 0.659202 -0.751966 0
    outer loop
      vertex 10.409 13.591 -2.5
      vertex 10.6303 13.785 0
      vertex 10.409 13.591 0
    endloop
  endfacet
  facet normal 0.659202 -0.751966 0
    outer loop
      vertex 10.6303 13.785 0
      vertex 10.409 13.591 -2.5
      vertex 10.6303 13.785 -2.5
    endloop
  endfacet
  facet normal 0.555797 -0.831318 0
    outer loop
      vertex 10.6303 13.785 -2.5
      vertex 10.875 13.9486 0
      vertex 10.6303 13.785 0
    endloop
  endfacet
  facet normal 0.555797 -0.831318 0
    outer loop
      vertex 10.875 13.9486 0
      vertex 10.6303 13.785 -2.5
      vertex 10.875 13.9486 -2.5
    endloop
  endfacet
  facet normal -0.0652336 -0.99787 0
    outer loop
      vertex 12 14.25 -2.5
      vertex 12.2937 14.2308 0
      vertex 12 14.25 0
    endloop
  endfacet
  facet normal -0.0652336 -0.99787 -0
    outer loop
      vertex 12.2937 14.2308 0
      vertex 12 14.25 -2.5
      vertex 12.2937 14.2308 -2.5
    endloop
  endfacet
  facet normal -0.896995 -0.442042 0
    outer loop
      vertex 14.0787 12.861 -2.5
      vertex 13.9486 13.125 0
      vertex 13.9486 13.125 -2.5
    endloop
  endfacet
  facet normal -0.896995 -0.442042 0
    outer loop
      vertex 13.9486 13.125 0
      vertex 14.0787 12.861 -2.5
      vertex 14.0787 12.861 0
    endloop
  endfacet
  facet normal -0.831318 -0.555797 0
    outer loop
      vertex 13.9486 13.125 -2.5
      vertex 13.785 13.3697 0
      vertex 13.785 13.3697 -2.5
    endloop
  endfacet
  facet normal -0.831318 -0.555797 0
    outer loop
      vertex 13.785 13.3697 0
      vertex 13.9486 13.125 -2.5
      vertex 13.9486 13.125 0
    endloop
  endfacet
  facet normal -0.980724 -0.195397 0
    outer loop
      vertex 14.2308 12.2937 -2.5
      vertex 14.1733 12.5823 0
      vertex 14.1733 12.5823 -2.5
    endloop
  endfacet
  facet normal -0.980724 -0.195397 0
    outer loop
      vertex 14.1733 12.5823 0
      vertex 14.2308 12.2937 -2.5
      vertex 14.2308 12.2937 0
    endloop
  endfacet
  facet normal -0.659202 0.751966 0
    outer loop
      vertex 13.591 10.409 -2.5
      vertex 13.3697 10.215 0
      vertex 13.591 10.409 0
    endloop
  endfacet
  facet normal -0.659202 0.751966 0
    outer loop
      vertex 13.3697 10.215 0
      vertex 13.591 10.409 -2.5
      vertex 13.3697 10.215 -2.5
    endloop
  endfacet
  facet normal -0.946936 0.321421 0
    outer loop
      vertex 14.0787 11.139 -2.5
      vertex 14.1733 11.4177 0
      vertex 14.1733 11.4177 -2.5
    endloop
  endfacet
  facet normal -0.946936 0.321421 0
    outer loop
      vertex 14.1733 11.4177 0
      vertex 14.0787 11.139 -2.5
      vertex 14.0787 11.139 0
    endloop
  endfacet
  facet normal 0.0652336 -0.99787 0
    outer loop
      vertex 11.7063 14.2308 -2.5
      vertex 12 14.25 0
      vertex 11.7063 14.2308 0
    endloop
  endfacet
  facet normal 0.0652336 -0.99787 0
    outer loop
      vertex 12 14.25 0
      vertex 11.7063 14.2308 -2.5
      vertex 12 14.25 -2.5
    endloop
  endfacet
  facet normal -0.751966 -0.659202 0
    outer loop
      vertex 13.785 13.3697 -2.5
      vertex 13.591 13.591 0
      vertex 13.591 13.591 -2.5
    endloop
  endfacet
  facet normal -0.751966 -0.659202 0
    outer loop
      vertex 13.591 13.591 0
      vertex 13.785 13.3697 -2.5
      vertex 13.785 13.3697 0
    endloop
  endfacet
  facet normal -0.980724 0.195397 0
    outer loop
      vertex 14.1733 11.4177 -2.5
      vertex 14.2308 11.7063 0
      vertex 14.2308 11.7063 -2.5
    endloop
  endfacet
  facet normal -0.980724 0.195397 0
    outer loop
      vertex 14.2308 11.7063 0
      vertex 14.1733 11.4177 -2.5
      vertex 14.1733 11.4177 0
    endloop
  endfacet
  facet normal 0.946936 0.321421 0
    outer loop
      vertex 9.92127 11.139 0
      vertex 9.82667 11.4177 -2.5
      vertex 9.82667 11.4177 0
    endloop
  endfacet
  facet normal 0.946936 0.321421 0
    outer loop
      vertex 9.82667 11.4177 -2.5
      vertex 9.92127 11.139 0
      vertex 9.92127 11.139 -2.5
    endloop
  endfacet
  facet normal 0.896954 0.442124 0
    outer loop
      vertex 10.0514 10.875 0
      vertex 9.92127 11.139 -2.5
      vertex 9.92127 11.139 0
    endloop
  endfacet
  facet normal 0.896954 0.442124 0
    outer loop
      vertex 9.92127 11.139 -2.5
      vertex 10.0514 10.875 0
      vertex 10.0514 10.875 -2.5
    endloop
  endfacet
  facet normal -0.555797 -0.831318 0
    outer loop
      vertex 13.125 13.9486 -2.5
      vertex 13.3697 13.785 0
      vertex 13.125 13.9486 0
    endloop
  endfacet
  facet normal -0.555797 -0.831318 -0
    outer loop
      vertex 13.3697 13.785 0
      vertex 13.125 13.9486 -2.5
      vertex 13.3697 13.785 -2.5
    endloop
  endfacet
  facet normal 0.442124 0.896954 -0
    outer loop
      vertex 11.139 9.92127 -2.5
      vertex 10.875 10.0514 0
      vertex 11.139 9.92127 0
    endloop
  endfacet
  facet normal 0.442124 0.896954 0
    outer loop
      vertex 10.875 10.0514 0
      vertex 11.139 9.92127 -2.5
      vertex 10.875 10.0514 -2.5
    endloop
  endfacet
  facet normal 0.751966 -0.659202 0
    outer loop
      vertex 10.215 13.3697 0
      vertex 10.409 13.591 -2.5
      vertex 10.409 13.591 0
    endloop
  endfacet
  facet normal 0.751966 -0.659202 0
    outer loop
      vertex 10.409 13.591 -2.5
      vertex 10.215 13.3697 0
      vertex 10.215 13.3697 -2.5
    endloop
  endfacet
  facet normal -0.751966 0.659202 0
    outer loop
      vertex 13.591 10.409 -2.5
      vertex 13.785 10.6303 0
      vertex 13.785 10.6303 -2.5
    endloop
  endfacet
  facet normal -0.751966 0.659202 0
    outer loop
      vertex 13.785 10.6303 0
      vertex 13.591 10.409 -2.5
      vertex 13.591 10.409 0
    endloop
  endfacet
  facet normal -0.946936 -0.321421 0
    outer loop
      vertex 14.1733 12.5823 -2.5
      vertex 14.0787 12.861 0
      vertex 14.0787 12.861 -2.5
    endloop
  endfacet
  facet normal -0.946936 -0.321421 0
    outer loop
      vertex 14.0787 12.861 0
      vertex 14.1733 12.5823 -2.5
      vertex 14.1733 12.5823 0
    endloop
  endfacet
  facet normal 0.997859 0.0654027 0
    outer loop
      vertex 9.76925 11.7063 0
      vertex 9.75 12 -2.5
      vertex 9.75 12 0
    endloop
  endfacet
  facet normal 0.997859 0.0654027 0
    outer loop
      vertex 9.75 12 -2.5
      vertex 9.76925 11.7063 0
      vertex 9.76925 11.7063 -2.5
    endloop
  endfacet
  facet normal -0.321421 0.946936 0
    outer loop
      vertex 12.861 9.92127 -2.5
      vertex 12.5823 9.82667 0
      vertex 12.861 9.92127 0
    endloop
  endfacet
  facet normal -0.321421 0.946936 0
    outer loop
      vertex 12.5823 9.82667 0
      vertex 12.861 9.92127 -2.5
      vertex 12.5823 9.82667 -2.5
    endloop
  endfacet
  facet normal 0.751966 0.659202 0
    outer loop
      vertex 10.409 10.409 0
      vertex 10.215 10.6303 -2.5
      vertex 10.215 10.6303 0
    endloop
  endfacet
  facet normal 0.751966 0.659202 0
    outer loop
      vertex 10.215 10.6303 -2.5
      vertex 10.409 10.409 0
      vertex 10.409 10.409 -2.5
    endloop
  endfacet
  facet normal 0.946936 -0.321421 0
    outer loop
      vertex 9.82667 12.5823 0
      vertex 9.92127 12.861 -2.5
      vertex 9.92127 12.861 0
    endloop
  endfacet
  facet normal 0.946936 -0.321421 0
    outer loop
      vertex 9.92127 12.861 -2.5
      vertex 9.82667 12.5823 0
      vertex 9.82667 12.5823 -2.5
    endloop
  endfacet
  facet normal -0.195136 0.980776 0
    outer loop
      vertex 12.5823 9.82667 -2.5
      vertex 12.2937 9.76925 0
      vertex 12.5823 9.82667 0
    endloop
  endfacet
  facet normal -0.195136 0.980776 0
    outer loop
      vertex 12.2937 9.76925 0
      vertex 12.5823 9.82667 -2.5
      vertex 12.2937 9.76925 -2.5
    endloop
  endfacet
  facet normal 0.980776 0.195136 0
    outer loop
      vertex 9.82667 11.4177 0
      vertex 9.76925 11.7063 -2.5
      vertex 9.76925 11.7063 0
    endloop
  endfacet
  facet normal 0.980776 0.195136 0
    outer loop
      vertex 9.76925 11.7063 -2.5
      vertex 9.82667 11.4177 0
      vertex 9.82667 11.4177 -2.5
    endloop
  endfacet
  facet normal 0.195397 -0.980724 0
    outer loop
      vertex 11.4177 14.1733 -2.5
      vertex 11.7063 14.2308 0
      vertex 11.4177 14.1733 0
    endloop
  endfacet
  facet normal 0.195397 -0.980724 0
    outer loop
      vertex 11.7063 14.2308 0
      vertex 11.4177 14.1733 -2.5
      vertex 11.7063 14.2308 -2.5
    endloop
  endfacet
  facet normal -0.321421 -0.946936 0
    outer loop
      vertex 12.5823 14.1733 -2.5
      vertex 12.861 14.0787 0
      vertex 12.5823 14.1733 0
    endloop
  endfacet
  facet normal -0.321421 -0.946936 -0
    outer loop
      vertex 12.861 14.0787 0
      vertex 12.5823 14.1733 -2.5
      vertex 12.861 14.0787 -2.5
    endloop
  endfacet
  facet normal 0.321421 0.946936 -0
    outer loop
      vertex 11.4177 9.82667 -2.5
      vertex 11.139 9.92127 0
      vertex 11.4177 9.82667 0
    endloop
  endfacet
  facet normal 0.321421 0.946936 0
    outer loop
      vertex 11.139 9.92127 0
      vertex 11.4177 9.82667 -2.5
      vertex 11.139 9.92127 -2.5
    endloop
  endfacet
  facet normal 0.659202 0.751966 -0
    outer loop
      vertex 10.6303 10.215 -2.5
      vertex 10.409 10.409 0
      vertex 10.6303 10.215 0
    endloop
  endfacet
  facet normal 0.659202 0.751966 0
    outer loop
      vertex 10.409 10.409 0
      vertex 10.6303 10.215 -2.5
      vertex 10.409 10.409 -2.5
    endloop
  endfacet
  facet normal -0.195397 -0.980724 0
    outer loop
      vertex 12.2937 14.2308 -2.5
      vertex 12.5823 14.1733 0
      vertex 12.2937 14.2308 0
    endloop
  endfacet
  facet normal -0.195397 -0.980724 -0
    outer loop
      vertex 12.5823 14.1733 0
      vertex 12.2937 14.2308 -2.5
      vertex 12.5823 14.1733 -2.5
    endloop
  endfacet
  facet normal 0.980776 -0.195136 0
    outer loop
      vertex 9.76925 12.2937 0
      vertex 9.82667 12.5823 -2.5
      vertex 9.82667 12.5823 0
    endloop
  endfacet
  facet normal 0.980776 -0.195136 0
    outer loop
      vertex 9.82667 12.5823 -2.5
      vertex 9.76925 12.2937 0
      vertex 9.76925 12.2937 -2.5
    endloop
  endfacet
  facet normal 0.831318 -0.555797 0
    outer loop
      vertex 10.0514 13.125 0
      vertex 10.215 13.3697 -2.5
      vertex 10.215 13.3697 0
    endloop
  endfacet
  facet normal 0.831318 -0.555797 0
    outer loop
      vertex 10.215 13.3697 -2.5
      vertex 10.0514 13.125 0
      vertex 10.0514 13.125 -2.5
    endloop
  endfacet
  facet normal 0.896954 -0.442124 0
    outer loop
      vertex 9.92127 12.861 0
      vertex 10.0514 13.125 -2.5
      vertex 10.0514 13.125 0
    endloop
  endfacet
  facet normal 0.896954 -0.442124 0
    outer loop
      vertex 10.0514 13.125 -2.5
      vertex 9.92127 12.861 0
      vertex 9.92127 12.861 -2.5
    endloop
  endfacet
  facet normal -0.896995 0.442042 0
    outer loop
      vertex 13.9486 10.875 -2.5
      vertex 14.0787 11.139 0
      vertex 14.0787 11.139 -2.5
    endloop
  endfacet
  facet normal -0.896995 0.442042 0
    outer loop
      vertex 14.0787 11.139 0
      vertex 13.9486 10.875 -2.5
      vertex 13.9486 10.875 0
    endloop
  endfacet
  facet normal 0.0654027 0.997859 -0
    outer loop
      vertex 12 9.75 -2.5
      vertex 11.7063 9.76925 0
      vertex 12 9.75 0
    endloop
  endfacet
  facet normal 0.0654027 0.997859 0
    outer loop
      vertex 11.7063 9.76925 0
      vertex 12 9.75 -2.5
      vertex 11.7063 9.76925 -2.5
    endloop
  endfacet
  facet normal 0.195136 0.980776 -0
    outer loop
      vertex 11.7063 9.76925 -2.5
      vertex 11.4177 9.82667 0
      vertex 11.7063 9.76925 0
    endloop
  endfacet
  facet normal 0.195136 0.980776 0
    outer loop
      vertex 11.4177 9.82667 0
      vertex 11.7063 9.76925 -2.5
      vertex 11.4177 9.82667 -2.5
    endloop
  endfacet
  facet normal -0.555797 0.831318 0
    outer loop
      vertex 13.3697 10.215 -2.5
      vertex 13.125 10.0514 0
      vertex 13.3697 10.215 0
    endloop
  endfacet
  facet normal -0.555797 0.831318 0
    outer loop
      vertex 13.125 10.0514 0
      vertex 13.3697 10.215 -2.5
      vertex 13.125 10.0514 -2.5
    endloop
  endfacet
  facet normal -0.0654027 0.997859 0
    outer loop
      vertex 12.2937 9.76925 -2.5
      vertex 12 9.75 0
      vertex 12.2937 9.76925 0
    endloop
  endfacet
  facet normal -0.0654027 0.997859 0
    outer loop
      vertex 12 9.75 0
      vertex 12.2937 9.76925 -2.5
      vertex 12 9.75 -2.5
    endloop
  endfacet
  facet normal 0.555797 0.831318 -0
    outer loop
      vertex 10.875 10.0514 -2.5
      vertex 10.6303 10.215 0
      vertex 10.875 10.0514 0
    endloop
  endfacet
  facet normal 0.555797 0.831318 0
    outer loop
      vertex 10.6303 10.215 0
      vertex 10.875 10.0514 -2.5
      vertex 10.6303 10.215 -2.5
    endloop
  endfacet
  facet normal 0.831318 0.555797 0
    outer loop
      vertex 10.215 10.6303 0
      vertex 10.0514 10.875 -2.5
      vertex 10.0514 10.875 0
    endloop
  endfacet
  facet normal 0.831318 0.555797 0
    outer loop
      vertex 10.0514 10.875 -2.5
      vertex 10.215 10.6303 0
      vertex 10.215 10.6303 -2.5
    endloop
  endfacet
  facet normal 0.442042 -0.896995 0
    outer loop
      vertex 70.875 13.9486 -2.5
      vertex 71.139 14.0787 0
      vertex 70.875 13.9486 0
    endloop
  endfacet
  facet normal 0.442042 -0.896995 0
    outer loop
      vertex 71.139 14.0787 0
      vertex 70.875 13.9486 -2.5
      vertex 71.139 14.0787 -2.5
    endloop
  endfacet
  facet normal 0.99787 -0.0652336 0
    outer loop
      vertex 69.75 12 0
      vertex 69.7692 12.2937 -2.5
      vertex 69.7692 12.2937 0
    endloop
  endfacet
  facet normal 0.99787 -0.0652336 0
    outer loop
      vertex 69.7692 12.2937 -2.5
      vertex 69.75 12 0
      vertex 69.75 12 -2.5
    endloop
  endfacet
  facet normal -0.831318 0.555797 0
    outer loop
      vertex 73.785 10.6303 -2.5
      vertex 73.9486 10.875 0
      vertex 73.9486 10.875 -2.5
    endloop
  endfacet
  facet normal -0.831318 0.555797 0
    outer loop
      vertex 73.9486 10.875 0
      vertex 73.785 10.6303 -2.5
      vertex 73.785 10.6303 0
    endloop
  endfacet
  facet normal -0.99787 0.0652336 0
    outer loop
      vertex 74.2308 11.7063 -2.5
      vertex 74.25 12 0
      vertex 74.25 12 -2.5
    endloop
  endfacet
  facet normal -0.99787 0.0652336 0
    outer loop
      vertex 74.25 12 0
      vertex 74.2308 11.7063 -2.5
      vertex 74.2308 11.7063 0
    endloop
  endfacet
  facet normal 0.321421 -0.946936 0
    outer loop
      vertex 71.139 14.0787 -2.5
      vertex 71.4177 14.1733 0
      vertex 71.139 14.0787 0
    endloop
  endfacet
  facet normal 0.321421 -0.946936 0
    outer loop
      vertex 71.4177 14.1733 0
      vertex 71.139 14.0787 -2.5
      vertex 71.4177 14.1733 -2.5
    endloop
  endfacet
  facet normal -0.659202 -0.751966 0
    outer loop
      vertex 73.3697 13.785 -2.5
      vertex 73.591 13.591 0
      vertex 73.3697 13.785 0
    endloop
  endfacet
  facet normal -0.659202 -0.751966 -0
    outer loop
      vertex 73.591 13.591 0
      vertex 73.3697 13.785 -2.5
      vertex 73.591 13.591 -2.5
    endloop
  endfacet
  facet normal -0.442042 -0.896995 0
    outer loop
      vertex 72.861 14.0787 -2.5
      vertex 73.125 13.9486 0
      vertex 72.861 14.0787 0
    endloop
  endfacet
  facet normal -0.442042 -0.896995 -0
    outer loop
      vertex 73.125 13.9486 0
      vertex 72.861 14.0787 -2.5
      vertex 73.125 13.9486 -2.5
    endloop
  endfacet
  facet normal -0.442124 0.896954 0
    outer loop
      vertex 73.125 10.0514 -2.5
      vertex 72.861 9.92127 0
      vertex 73.125 10.0514 0
    endloop
  endfacet
  facet normal -0.442124 0.896954 0
    outer loop
      vertex 72.861 9.92127 0
      vertex 73.125 10.0514 -2.5
      vertex 72.861 9.92127 -2.5
    endloop
  endfacet
  facet normal -0.99787 -0.0652336 0
    outer loop
      vertex 74.25 12 -2.5
      vertex 74.2308 12.2937 0
      vertex 74.2308 12.2937 -2.5
    endloop
  endfacet
  facet normal -0.99787 -0.0652336 0
    outer loop
      vertex 74.2308 12.2937 0
      vertex 74.25 12 -2.5
      vertex 74.25 12 0
    endloop
  endfacet
  facet normal 0.555797 -0.831318 0
    outer loop
      vertex 70.6303 13.785 -2.5
      vertex 70.875 13.9486 0
      vertex 70.6303 13.785 0
    endloop
  endfacet
  facet normal 0.555797 -0.831318 0
    outer loop
      vertex 70.875 13.9486 0
      vertex 70.6303 13.785 -2.5
      vertex 70.875 13.9486 -2.5
    endloop
  endfacet
  facet normal -0.0652336 -0.99787 0
    outer loop
      vertex 72 14.25 -2.5
      vertex 72.2937 14.2308 0
      vertex 72 14.25 0
    endloop
  endfacet
  facet normal -0.0652336 -0.99787 -0
    outer loop
      vertex 72.2937 14.2308 0
      vertex 72 14.25 -2.5
      vertex 72.2937 14.2308 -2.5
    endloop
  endfacet
  facet normal -0.896995 -0.442042 0
    outer loop
      vertex 74.0787 12.861 -2.5
      vertex 73.9486 13.125 0
      vertex 73.9486 13.125 -2.5
    endloop
  endfacet
  facet normal -0.896995 -0.442042 0
    outer loop
      vertex 73.9486 13.125 0
      vertex 74.0787 12.861 -2.5
      vertex 74.0787 12.861 0
    endloop
  endfacet
  facet normal -0.831318 -0.555797 0
    outer loop
      vertex 73.9486 13.125 -2.5
      vertex 73.785 13.3697 0
      vertex 73.785 13.3697 -2.5
    endloop
  endfacet
  facet normal -0.831318 -0.555797 0
    outer loop
      vertex 73.785 13.3697 0
      vertex 73.9486 13.125 -2.5
      vertex 73.9486 13.125 0
    endloop
  endfacet
  facet normal -0.980724 -0.195397 0
    outer loop
      vertex 74.2308 12.2937 -2.5
      vertex 74.1733 12.5823 0
      vertex 74.1733 12.5823 -2.5
    endloop
  endfacet
  facet normal -0.980724 -0.195397 0
    outer loop
      vertex 74.1733 12.5823 0
      vertex 74.2308 12.2937 -2.5
      vertex 74.2308 12.2937 0
    endloop
  endfacet
  facet normal -0.946936 0.321421 0
    outer loop
      vertex 74.0787 11.139 -2.5
      vertex 74.1733 11.4177 0
      vertex 74.1733 11.4177 -2.5
    endloop
  endfacet
  facet normal -0.946936 0.321421 0
    outer loop
      vertex 74.1733 11.4177 0
      vertex 74.0787 11.139 -2.5
      vertex 74.0787 11.139 0
    endloop
  endfacet
  facet normal 0.0652336 -0.99787 0
    outer loop
      vertex 71.7063 14.2308 -2.5
      vertex 72 14.25 0
      vertex 71.7063 14.2308 0
    endloop
  endfacet
  facet normal 0.0652336 -0.99787 0
    outer loop
      vertex 72 14.25 0
      vertex 71.7063 14.2308 -2.5
      vertex 72 14.25 -2.5
    endloop
  endfacet
  facet normal -0.751966 -0.659202 0
    outer loop
      vertex 73.785 13.3697 -2.5
      vertex 73.591 13.591 0
      vertex 73.591 13.591 -2.5
    endloop
  endfacet
  facet normal -0.751966 -0.659202 0
    outer loop
      vertex 73.591 13.591 0
      vertex 73.785 13.3697 -2.5
      vertex 73.785 13.3697 0
    endloop
  endfacet
  facet normal -0.980724 0.195397 0
    outer loop
      vertex 74.1733 11.4177 -2.5
      vertex 74.2308 11.7063 0
      vertex 74.2308 11.7063 -2.5
    endloop
  endfacet
  facet normal -0.980724 0.195397 0
    outer loop
      vertex 74.2308 11.7063 0
      vertex 74.1733 11.4177 -2.5
      vertex 74.1733 11.4177 0
    endloop
  endfacet
  facet normal 0.946936 0.321421 0
    outer loop
      vertex 69.9213 11.139 0
      vertex 69.8267 11.4177 -2.5
      vertex 69.8267 11.4177 0
    endloop
  endfacet
  facet normal 0.946936 0.321421 0
    outer loop
      vertex 69.8267 11.4177 -2.5
      vertex 69.9213 11.139 0
      vertex 69.9213 11.139 -2.5
    endloop
  endfacet
  facet normal 0.896995 0.442042 0
    outer loop
      vertex 70.0514 10.875 0
      vertex 69.9213 11.139 -2.5
      vertex 69.9213 11.139 0
    endloop
  endfacet
  facet normal 0.896995 0.442042 0
    outer loop
      vertex 69.9213 11.139 -2.5
      vertex 70.0514 10.875 0
      vertex 70.0514 10.875 -2.5
    endloop
  endfacet
  facet normal -0.555797 -0.831318 0
    outer loop
      vertex 73.125 13.9486 -2.5
      vertex 73.3697 13.785 0
      vertex 73.125 13.9486 0
    endloop
  endfacet
  facet normal -0.555797 -0.831318 -0
    outer loop
      vertex 73.3697 13.785 0
      vertex 73.125 13.9486 -2.5
      vertex 73.3697 13.785 -2.5
    endloop
  endfacet
  facet normal 0.442124 0.896954 -0
    outer loop
      vertex 71.139 9.92127 -2.5
      vertex 70.875 10.0514 0
      vertex 71.139 9.92127 0
    endloop
  endfacet
  facet normal 0.442124 0.896954 0
    outer loop
      vertex 70.875 10.0514 0
      vertex 71.139 9.92127 -2.5
      vertex 70.875 10.0514 -2.5
    endloop
  endfacet
  facet normal 0.751966 -0.659202 0
    outer loop
      vertex 70.215 13.3697 0
      vertex 70.409 13.591 -2.5
      vertex 70.409 13.591 0
    endloop
  endfacet
  facet normal 0.751966 -0.659202 0
    outer loop
      vertex 70.409 13.591 -2.5
      vertex 70.215 13.3697 0
      vertex 70.215 13.3697 -2.5
    endloop
  endfacet
  facet normal -0.751966 0.659202 0
    outer loop
      vertex 73.591 10.409 -2.5
      vertex 73.785 10.6303 0
      vertex 73.785 10.6303 -2.5
    endloop
  endfacet
  facet normal -0.751966 0.659202 0
    outer loop
      vertex 73.785 10.6303 0
      vertex 73.591 10.409 -2.5
      vertex 73.591 10.409 0
    endloop
  endfacet
  facet normal -0.946936 -0.321421 0
    outer loop
      vertex 74.1733 12.5823 -2.5
      vertex 74.0787 12.861 0
      vertex 74.0787 12.861 -2.5
    endloop
  endfacet
  facet normal -0.946936 -0.321421 0
    outer loop
      vertex 74.0787 12.861 0
      vertex 74.1733 12.5823 -2.5
      vertex 74.1733 12.5823 0
    endloop
  endfacet
  facet normal 0.99787 0.0652336 0
    outer loop
      vertex 69.7692 11.7063 0
      vertex 69.75 12 -2.5
      vertex 69.75 12 0
    endloop
  endfacet
  facet normal 0.99787 0.0652336 0
    outer loop
      vertex 69.75 12 -2.5
      vertex 69.7692 11.7063 0
      vertex 69.7692 11.7063 -2.5
    endloop
  endfacet
  facet normal -0.321421 0.946936 0
    outer loop
      vertex 72.861 9.92127 -2.5
      vertex 72.5823 9.82667 0
      vertex 72.861 9.92127 0
    endloop
  endfacet
  facet normal -0.321421 0.946936 0
    outer loop
      vertex 72.5823 9.82667 0
      vertex 72.861 9.92127 -2.5
      vertex 72.5823 9.82667 -2.5
    endloop
  endfacet
  facet normal 0.751966 0.659202 0
    outer loop
      vertex 70.409 10.409 0
      vertex 70.215 10.6303 -2.5
      vertex 70.215 10.6303 0
    endloop
  endfacet
  facet normal 0.751966 0.659202 0
    outer loop
      vertex 70.215 10.6303 -2.5
      vertex 70.409 10.409 0
      vertex 70.409 10.409 -2.5
    endloop
  endfacet
  facet normal 0.946936 -0.321421 0
    outer loop
      vertex 69.8267 12.5823 0
      vertex 69.9213 12.861 -2.5
      vertex 69.9213 12.861 0
    endloop
  endfacet
  facet normal 0.946936 -0.321421 0
    outer loop
      vertex 69.9213 12.861 -2.5
      vertex 69.8267 12.5823 0
      vertex 69.8267 12.5823 -2.5
    endloop
  endfacet
  facet normal -0.195136 0.980776 0
    outer loop
      vertex 72.5823 9.82667 -2.5
      vertex 72.2937 9.76925 0
      vertex 72.5823 9.82667 0
    endloop
  endfacet
  facet normal -0.195136 0.980776 0
    outer loop
      vertex 72.2937 9.76925 0
      vertex 72.5823 9.82667 -2.5
      vertex 72.2937 9.76925 -2.5
    endloop
  endfacet
  facet normal 0.980724 0.195397 0
    outer loop
      vertex 69.8267 11.4177 0
      vertex 69.7692 11.7063 -2.5
      vertex 69.7692 11.7063 0
    endloop
  endfacet
  facet normal 0.980724 0.195397 0
    outer loop
      vertex 69.7692 11.7063 -2.5
      vertex 69.8267 11.4177 0
      vertex 69.8267 11.4177 -2.5
    endloop
  endfacet
  facet normal 0.195397 -0.980724 0
    outer loop
      vertex 71.4177 14.1733 -2.5
      vertex 71.7063 14.2308 0
      vertex 71.4177 14.1733 0
    endloop
  endfacet
  facet normal 0.195397 -0.980724 0
    outer loop
      vertex 71.7063 14.2308 0
      vertex 71.4177 14.1733 -2.5
      vertex 71.7063 14.2308 -2.5
    endloop
  endfacet
  facet normal -0.321421 -0.946936 0
    outer loop
      vertex 72.5823 14.1733 -2.5
      vertex 72.861 14.0787 0
      vertex 72.5823 14.1733 0
    endloop
  endfacet
  facet normal -0.321421 -0.946936 -0
    outer loop
      vertex 72.861 14.0787 0
      vertex 72.5823 14.1733 -2.5
      vertex 72.861 14.0787 -2.5
    endloop
  endfacet
  facet normal 0.321421 0.946936 -0
    outer loop
      vertex 71.4177 9.82667 -2.5
      vertex 71.139 9.92127 0
      vertex 71.4177 9.82667 0
    endloop
  endfacet
  facet normal 0.321421 0.946936 0
    outer loop
      vertex 71.139 9.92127 0
      vertex 71.4177 9.82667 -2.5
      vertex 71.139 9.92127 -2.5
    endloop
  endfacet
  facet normal 0.659202 0.751966 -0
    outer loop
      vertex 70.6303 10.215 -2.5
      vertex 70.409 10.409 0
      vertex 70.6303 10.215 0
    endloop
  endfacet
  facet normal 0.659202 0.751966 0
    outer loop
      vertex 70.409 10.409 0
      vertex 70.6303 10.215 -2.5
      vertex 70.409 10.409 -2.5
    endloop
  endfacet
  facet normal -0.195397 -0.980724 0
    outer loop
      vertex 72.2937 14.2308 -2.5
      vertex 72.5823 14.1733 0
      vertex 72.2937 14.2308 0
    endloop
  endfacet
  facet normal -0.195397 -0.980724 -0
    outer loop
      vertex 72.5823 14.1733 0
      vertex 72.2937 14.2308 -2.5
      vertex 72.5823 14.1733 -2.5
    endloop
  endfacet
  facet normal 0.980724 -0.195397 0
    outer loop
      vertex 69.7692 12.2937 0
      vertex 69.8267 12.5823 -2.5
      vertex 69.8267 12.5823 0
    endloop
  endfacet
  facet normal 0.980724 -0.195397 0
    outer loop
      vertex 69.8267 12.5823 -2.5
      vertex 69.7692 12.2937 0
      vertex 69.7692 12.2937 -2.5
    endloop
  endfacet
  facet normal 0.831318 -0.555797 0
    outer loop
      vertex 70.0514 13.125 0
      vertex 70.215 13.3697 -2.5
      vertex 70.215 13.3697 0
    endloop
  endfacet
  facet normal 0.831318 -0.555797 0
    outer loop
      vertex 70.215 13.3697 -2.5
      vertex 70.0514 13.125 0
      vertex 70.0514 13.125 -2.5
    endloop
  endfacet
  facet normal 0.896995 -0.442042 0
    outer loop
      vertex 69.9213 12.861 0
      vertex 70.0514 13.125 -2.5
      vertex 70.0514 13.125 0
    endloop
  endfacet
  facet normal 0.896995 -0.442042 0
    outer loop
      vertex 70.0514 13.125 -2.5
      vertex 69.9213 12.861 0
      vertex 69.9213 12.861 -2.5
    endloop
  endfacet
  facet normal -0.896995 0.442042 0
    outer loop
      vertex 73.9486 10.875 -2.5
      vertex 74.0787 11.139 0
      vertex 74.0787 11.139 -2.5
    endloop
  endfacet
  facet normal -0.896995 0.442042 0
    outer loop
      vertex 74.0787 11.139 0
      vertex 73.9486 10.875 -2.5
      vertex 73.9486 10.875 0
    endloop
  endfacet
  facet normal 0.659202 -0.751966 0
    outer loop
      vertex 70.409 13.591 -2.5
      vertex 70.6303 13.785 0
      vertex 70.409 13.591 0
    endloop
  endfacet
  facet normal 0.659202 -0.751966 0
    outer loop
      vertex 70.6303 13.785 0
      vertex 70.409 13.591 -2.5
      vertex 70.6303 13.785 -2.5
    endloop
  endfacet
  facet normal 0.0654027 0.997859 -0
    outer loop
      vertex 72 9.75 -2.5
      vertex 71.7063 9.76925 0
      vertex 72 9.75 0
    endloop
  endfacet
  facet normal 0.0654027 0.997859 0
    outer loop
      vertex 71.7063 9.76925 0
      vertex 72 9.75 -2.5
      vertex 71.7063 9.76925 -2.5
    endloop
  endfacet
  facet normal 0.195136 0.980776 -0
    outer loop
      vertex 71.7063 9.76925 -2.5
      vertex 71.4177 9.82667 0
      vertex 71.7063 9.76925 0
    endloop
  endfacet
  facet normal 0.195136 0.980776 0
    outer loop
      vertex 71.4177 9.82667 0
      vertex 71.7063 9.76925 -2.5
      vertex 71.4177 9.82667 -2.5
    endloop
  endfacet
  facet normal -0.555797 0.831318 0
    outer loop
      vertex 73.3697 10.215 -2.5
      vertex 73.125 10.0514 0
      vertex 73.3697 10.215 0
    endloop
  endfacet
  facet normal -0.555797 0.831318 0
    outer loop
      vertex 73.125 10.0514 0
      vertex 73.3697 10.215 -2.5
      vertex 73.125 10.0514 -2.5
    endloop
  endfacet
  facet normal -0.659202 0.751966 0
    outer loop
      vertex 73.591 10.409 -2.5
      vertex 73.3697 10.215 0
      vertex 73.591 10.409 0
    endloop
  endfacet
  facet normal -0.659202 0.751966 0
    outer loop
      vertex 73.3697 10.215 0
      vertex 73.591 10.409 -2.5
      vertex 73.3697 10.215 -2.5
    endloop
  endfacet
  facet normal -0.0654027 0.997859 0
    outer loop
      vertex 72.2937 9.76925 -2.5
      vertex 72 9.75 0
      vertex 72.2937 9.76925 0
    endloop
  endfacet
  facet normal -0.0654027 0.997859 0
    outer loop
      vertex 72 9.75 0
      vertex 72.2937 9.76925 -2.5
      vertex 72 9.75 -2.5
    endloop
  endfacet
  facet normal 0.555797 0.831318 -0
    outer loop
      vertex 70.875 10.0514 -2.5
      vertex 70.6303 10.215 0
      vertex 70.875 10.0514 0
    endloop
  endfacet
  facet normal 0.555797 0.831318 0
    outer loop
      vertex 70.6303 10.215 0
      vertex 70.875 10.0514 -2.5
      vertex 70.6303 10.215 -2.5
    endloop
  endfacet
  facet normal 0.831318 0.555797 0
    outer loop
      vertex 70.215 10.6303 0
      vertex 70.0514 10.875 -2.5
      vertex 70.0514 10.875 0
    endloop
  endfacet
  facet normal 0.831318 0.555797 0
    outer loop
      vertex 70.0514 10.875 -2.5
      vertex 70.215 10.6303 0
      vertex 70.215 10.6303 -2.5
    endloop
  endfacet
  facet normal -0.751522 0.659708 0
    outer loop
      vertex 13.591 114.409 -2.5
      vertex 13.785 114.63 0
      vertex 13.785 114.63 -2.5
    endloop
  endfacet
  facet normal -0.751522 0.659708 0
    outer loop
      vertex 13.785 114.63 0
      vertex 13.591 114.409 -2.5
      vertex 13.591 114.409 0
    endloop
  endfacet
  facet normal -0.197031 0.980397 0
    outer loop
      vertex 12.5823 113.827 -2.5
      vertex 12.2937 113.769 0
      vertex 12.5823 113.827 0
    endloop
  endfacet
  facet normal -0.197031 0.980397 0
    outer loop
      vertex 12.2937 113.769 0
      vertex 12.5823 113.827 -2.5
      vertex 12.2937 113.769 -2.5
    endloop
  endfacet
  facet normal -0.319592 0.947555 0
    outer loop
      vertex 12.861 113.921 -2.5
      vertex 12.5823 113.827 0
      vertex 12.861 113.921 0
    endloop
  endfacet
  facet normal -0.319592 0.947555 0
    outer loop
      vertex 12.5823 113.827 0
      vertex 12.861 113.921 -2.5
      vertex 12.5823 113.827 -2.5
    endloop
  endfacet
  facet normal 0.896954 0.442124 0
    outer loop
      vertex 10.0514 114.875 0
      vertex 9.92127 115.139 -2.5
      vertex 9.92127 115.139 0
    endloop
  endfacet
  facet normal 0.896954 0.442124 0
    outer loop
      vertex 9.92127 115.139 -2.5
      vertex 10.0514 114.875 0
      vertex 10.0514 114.875 -2.5
    endloop
  endfacet
  facet normal -0.659202 -0.751966 0
    outer loop
      vertex 13.3697 117.785 -2.5
      vertex 13.591 117.591 0
      vertex 13.3697 117.785 0
    endloop
  endfacet
  facet normal -0.659202 -0.751966 -0
    outer loop
      vertex 13.591 117.591 0
      vertex 13.3697 117.785 -2.5
      vertex 13.591 117.591 -2.5
    endloop
  endfacet
  facet normal -0.441768 -0.897129 0
    outer loop
      vertex 12.861 118.079 -2.5
      vertex 13.125 117.949 0
      vertex 12.861 118.079 0
    endloop
  endfacet
  facet normal -0.441768 -0.897129 -0
    outer loop
      vertex 13.125 117.949 0
      vertex 12.861 118.079 -2.5
      vertex 13.125 117.949 -2.5
    endloop
  endfacet
  facet normal -0.997874 -0.0651673 0
    outer loop
      vertex 14.25 116 -2.5
      vertex 14.2308 116.294 0
      vertex 14.2308 116.294 -2.5
    endloop
  endfacet
  facet normal -0.997874 -0.0651673 0
    outer loop
      vertex 14.2308 116.294 0
      vertex 14.25 116 -2.5
      vertex 14.25 116 0
    endloop
  endfacet
  facet normal -0.997874 0.0651673 0
    outer loop
      vertex 14.2308 115.706 -2.5
      vertex 14.25 116 0
      vertex 14.25 116 -2.5
    endloop
  endfacet
  facet normal -0.997874 0.0651673 0
    outer loop
      vertex 14.25 116 0
      vertex 14.2308 115.706 -2.5
      vertex 14.2308 115.706 0
    endloop
  endfacet
  facet normal -0.659202 0.751966 0
    outer loop
      vertex 13.591 114.409 -2.5
      vertex 13.3697 114.215 0
      vertex 13.591 114.409 0
    endloop
  endfacet
  facet normal -0.659202 0.751966 0
    outer loop
      vertex 13.3697 114.215 0
      vertex 13.591 114.409 -2.5
      vertex 13.3697 114.215 -2.5
    endloop
  endfacet
  facet normal -0.947041 -0.321112 0
    outer loop
      vertex 14.1733 116.582 -2.5
      vertex 14.0787 116.861 0
      vertex 14.0787 116.861 -2.5
    endloop
  endfacet
  facet normal -0.947041 -0.321112 0
    outer loop
      vertex 14.0787 116.861 0
      vertex 14.1733 116.582 -2.5
      vertex 14.1733 116.582 0
    endloop
  endfacet
  facet normal -0.556735 -0.83069 0
    outer loop
      vertex 13.125 117.949 -2.5
      vertex 13.3697 117.785 0
      vertex 13.125 117.949 0
    endloop
  endfacet
  facet normal -0.556735 -0.83069 -0
    outer loop
      vertex 13.3697 117.785 0
      vertex 13.125 117.949 -2.5
      vertex 13.3697 117.785 -2.5
    endloop
  endfacet
  facet normal -0.896995 -0.442042 0
    outer loop
      vertex 14.0787 116.861 -2.5
      vertex 13.9486 117.125 0
      vertex 13.9486 117.125 -2.5
    endloop
  endfacet
  facet normal -0.896995 -0.442042 0
    outer loop
      vertex 13.9486 117.125 0
      vertex 14.0787 116.861 -2.5
      vertex 14.0787 116.861 0
    endloop
  endfacet
  facet normal 0.751522 -0.659708 0
    outer loop
      vertex 10.215 117.37 0
      vertex 10.409 117.591 -2.5
      vertex 10.409 117.591 0
    endloop
  endfacet
  facet normal 0.751522 -0.659708 0
    outer loop
      vertex 10.409 117.591 -2.5
      vertex 10.215 117.37 0
      vertex 10.215 117.37 -2.5
    endloop
  endfacet
  facet normal 0.751522 0.659708 0
    outer loop
      vertex 10.409 114.409 0
      vertex 10.215 114.63 -2.5
      vertex 10.215 114.63 0
    endloop
  endfacet
  facet normal 0.751522 0.659708 0
    outer loop
      vertex 10.215 114.63 -2.5
      vertex 10.409 114.409 0
      vertex 10.409 114.409 -2.5
    endloop
  endfacet
  facet normal -0.751522 -0.659708 0
    outer loop
      vertex 13.785 117.37 -2.5
      vertex 13.591 117.591 0
      vertex 13.591 117.591 -2.5
    endloop
  endfacet
  facet normal -0.751522 -0.659708 0
    outer loop
      vertex 13.591 117.591 0
      vertex 13.785 117.37 -2.5
      vertex 13.785 117.37 0
    endloop
  endfacet
  facet normal 0.556735 0.83069 -0
    outer loop
      vertex 10.875 114.051 -2.5
      vertex 10.6303 114.215 0
      vertex 10.875 114.051 0
    endloop
  endfacet
  facet normal 0.556735 0.83069 0
    outer loop
      vertex 10.6303 114.215 0
      vertex 10.875 114.051 -2.5
      vertex 10.6303 114.215 -2.5
    endloop
  endfacet
  facet normal -0.896995 0.442042 0
    outer loop
      vertex 13.9486 114.875 -2.5
      vertex 14.0787 115.139 0
      vertex 14.0787 115.139 -2.5
    endloop
  endfacet
  facet normal -0.896995 0.442042 0
    outer loop
      vertex 14.0787 115.139 0
      vertex 13.9486 114.875 -2.5
      vertex 13.9486 114.875 0
    endloop
  endfacet
  facet normal -0.831632 0.555327 0
    outer loop
      vertex 13.785 114.63 -2.5
      vertex 13.9486 114.875 0
      vertex 13.9486 114.875 -2.5
    endloop
  endfacet
  facet normal -0.831632 0.555327 0
    outer loop
      vertex 13.9486 114.875 0
      vertex 13.785 114.63 -2.5
      vertex 13.785 114.63 0
    endloop
  endfacet
  facet normal 0.197031 0.980397 -0
    outer loop
      vertex 11.7063 113.769 -2.5
      vertex 11.4177 113.827 0
      vertex 11.7063 113.769 0
    endloop
  endfacet
  facet normal 0.197031 0.980397 0
    outer loop
      vertex 11.4177 113.827 0
      vertex 11.7063 113.769 -2.5
      vertex 11.4177 113.827 -2.5
    endloop
  endfacet
  facet normal -0.980646 -0.195789 0
    outer loop
      vertex 14.2308 116.294 -2.5
      vertex 14.1733 116.582 0
      vertex 14.1733 116.582 -2.5
    endloop
  endfacet
  facet normal -0.980646 -0.195789 0
    outer loop
      vertex 14.1733 116.582 0
      vertex 14.2308 116.294 -2.5
      vertex 14.2308 116.294 0
    endloop
  endfacet
  facet normal 0.980698 0.195527 0
    outer loop
      vertex 9.82667 115.418 0
      vertex 9.76925 115.706 -2.5
      vertex 9.76925 115.706 0
    endloop
  endfacet
  facet normal 0.980698 0.195527 0
    outer loop
      vertex 9.76925 115.706 -2.5
      vertex 9.82667 115.418 0
      vertex 9.82667 115.418 -2.5
    endloop
  endfacet
  facet normal 0.659202 -0.751966 0
    outer loop
      vertex 10.409 117.591 -2.5
      vertex 10.6303 117.785 0
      vertex 10.409 117.591 0
    endloop
  endfacet
  facet normal 0.659202 -0.751966 0
    outer loop
      vertex 10.6303 117.785 0
      vertex 10.409 117.591 -2.5
      vertex 10.6303 117.785 -2.5
    endloop
  endfacet
  facet normal 0.997863 -0.0653363 0
    outer loop
      vertex 9.75 116 0
      vertex 9.76925 116.294 -2.5
      vertex 9.76925 116.294 0
    endloop
  endfacet
  facet normal 0.997863 -0.0653363 0
    outer loop
      vertex 9.76925 116.294 -2.5
      vertex 9.75 116 0
      vertex 9.75 116 -2.5
    endloop
  endfacet
  facet normal -0.441768 0.897129 0
    outer loop
      vertex 13.125 114.051 -2.5
      vertex 12.861 113.921 0
      vertex 13.125 114.051 0
    endloop
  endfacet
  facet normal -0.441768 0.897129 0
    outer loop
      vertex 12.861 113.921 0
      vertex 13.125 114.051 -2.5
      vertex 12.861 113.921 -2.5
    endloop
  endfacet
  facet normal 0.947041 0.321112 0
    outer loop
      vertex 9.92127 115.139 0
      vertex 9.82667 115.418 -2.5
      vertex 9.82667 115.418 0
    endloop
  endfacet
  facet normal 0.947041 0.321112 0
    outer loop
      vertex 9.82667 115.418 -2.5
      vertex 9.92127 115.139 0
      vertex 9.92127 115.139 -2.5
    endloop
  endfacet
  facet normal -0.319592 -0.947555 0
    outer loop
      vertex 12.5823 118.173 -2.5
      vertex 12.861 118.079 0
      vertex 12.5823 118.173 0
    endloop
  endfacet
  facet normal -0.319592 -0.947555 -0
    outer loop
      vertex 12.861 118.079 0
      vertex 12.5823 118.173 -2.5
      vertex 12.861 118.079 -2.5
    endloop
  endfacet
  facet normal -0.947041 0.321112 0
    outer loop
      vertex 14.0787 115.139 -2.5
      vertex 14.1733 115.418 0
      vertex 14.1733 115.418 -2.5
    endloop
  endfacet
  facet normal -0.947041 0.321112 0
    outer loop
      vertex 14.1733 115.418 0
      vertex 14.0787 115.139 -2.5
      vertex 14.0787 115.139 0
    endloop
  endfacet
  facet normal 0.197031 -0.980397 0
    outer loop
      vertex 11.4177 118.173 -2.5
      vertex 11.7063 118.231 0
      vertex 11.4177 118.173 0
    endloop
  endfacet
  facet normal 0.197031 -0.980397 0
    outer loop
      vertex 11.7063 118.231 0
      vertex 11.4177 118.173 -2.5
      vertex 11.7063 118.231 -2.5
    endloop
  endfacet
  facet normal -0.831632 -0.555327 0
    outer loop
      vertex 13.9486 117.125 -2.5
      vertex 13.785 117.37 0
      vertex 13.785 117.37 -2.5
    endloop
  endfacet
  facet normal -0.831632 -0.555327 0
    outer loop
      vertex 13.785 117.37 0
      vertex 13.9486 117.125 -2.5
      vertex 13.9486 117.125 0
    endloop
  endfacet
  facet normal 0.831632 0.555327 0
    outer loop
      vertex 10.215 114.63 0
      vertex 10.0514 114.875 -2.5
      vertex 10.0514 114.875 0
    endloop
  endfacet
  facet normal 0.831632 0.555327 0
    outer loop
      vertex 10.0514 114.875 -2.5
      vertex 10.215 114.63 0
      vertex 10.215 114.63 -2.5
    endloop
  endfacet
  facet normal 0.319592 -0.947555 0
    outer loop
      vertex 11.139 118.079 -2.5
      vertex 11.4177 118.173 0
      vertex 11.139 118.079 0
    endloop
  endfacet
  facet normal 0.319592 -0.947555 0
    outer loop
      vertex 11.4177 118.173 0
      vertex 11.139 118.079 -2.5
      vertex 11.4177 118.173 -2.5
    endloop
  endfacet
  facet normal 0.997863 0.0653363 0
    outer loop
      vertex 9.76925 115.706 0
      vertex 9.75 116 -2.5
      vertex 9.75 116 0
    endloop
  endfacet
  facet normal 0.997863 0.0653363 0
    outer loop
      vertex 9.75 116 -2.5
      vertex 9.76925 115.706 0
      vertex 9.76925 115.706 -2.5
    endloop
  endfacet
  facet normal 0.0645569 -0.997914 0
    outer loop
      vertex 11.7063 118.231 -2.5
      vertex 12 118.25 0
      vertex 11.7063 118.231 0
    endloop
  endfacet
  facet normal 0.0645569 -0.997914 0
    outer loop
      vertex 12 118.25 0
      vertex 11.7063 118.231 -2.5
      vertex 12 118.25 -2.5
    endloop
  endfacet
  facet normal -0.0645569 0.997914 0
    outer loop
      vertex 12.2937 113.769 -2.5
      vertex 12 113.75 0
      vertex 12.2937 113.769 0
    endloop
  endfacet
  facet normal -0.0645569 0.997914 0
    outer loop
      vertex 12 113.75 0
      vertex 12.2937 113.769 -2.5
      vertex 12 113.75 -2.5
    endloop
  endfacet
  facet normal 0.980698 -0.195527 0
    outer loop
      vertex 9.76925 116.294 0
      vertex 9.82667 116.582 -2.5
      vertex 9.82667 116.582 0
    endloop
  endfacet
  facet normal 0.980698 -0.195527 0
    outer loop
      vertex 9.82667 116.582 -2.5
      vertex 9.76925 116.294 0
      vertex 9.76925 116.294 -2.5
    endloop
  endfacet
  facet normal -0.197031 -0.980397 0
    outer loop
      vertex 12.2937 118.231 -2.5
      vertex 12.5823 118.173 0
      vertex 12.2937 118.231 0
    endloop
  endfacet
  facet normal -0.197031 -0.980397 -0
    outer loop
      vertex 12.5823 118.173 0
      vertex 12.2937 118.231 -2.5
      vertex 12.5823 118.173 -2.5
    endloop
  endfacet
  facet normal 0.441768 -0.897129 0
    outer loop
      vertex 10.875 117.949 -2.5
      vertex 11.139 118.079 0
      vertex 10.875 117.949 0
    endloop
  endfacet
  facet normal 0.441768 -0.897129 0
    outer loop
      vertex 11.139 118.079 0
      vertex 10.875 117.949 -2.5
      vertex 11.139 118.079 -2.5
    endloop
  endfacet
  facet normal 0.659202 0.751966 -0
    outer loop
      vertex 10.6303 114.215 -2.5
      vertex 10.409 114.409 0
      vertex 10.6303 114.215 0
    endloop
  endfacet
  facet normal 0.659202 0.751966 0
    outer loop
      vertex 10.409 114.409 0
      vertex 10.6303 114.215 -2.5
      vertex 10.409 114.409 -2.5
    endloop
  endfacet
  facet normal -0.556735 0.83069 0
    outer loop
      vertex 13.3697 114.215 -2.5
      vertex 13.125 114.051 0
      vertex 13.3697 114.215 0
    endloop
  endfacet
  facet normal -0.556735 0.83069 0
    outer loop
      vertex 13.125 114.051 0
      vertex 13.3697 114.215 -2.5
      vertex 13.125 114.051 -2.5
    endloop
  endfacet
  facet normal -0.980646 0.195789 0
    outer loop
      vertex 14.1733 115.418 -2.5
      vertex 14.2308 115.706 0
      vertex 14.2308 115.706 -2.5
    endloop
  endfacet
  facet normal -0.980646 0.195789 0
    outer loop
      vertex 14.2308 115.706 0
      vertex 14.1733 115.418 -2.5
      vertex 14.1733 115.418 0
    endloop
  endfacet
  facet normal 0.556735 -0.83069 0
    outer loop
      vertex 10.6303 117.785 -2.5
      vertex 10.875 117.949 0
      vertex 10.6303 117.785 0
    endloop
  endfacet
  facet normal 0.556735 -0.83069 0
    outer loop
      vertex 10.875 117.949 0
      vertex 10.6303 117.785 -2.5
      vertex 10.875 117.949 -2.5
    endloop
  endfacet
  facet normal 0.441768 0.897129 -0
    outer loop
      vertex 11.139 113.921 -2.5
      vertex 10.875 114.051 0
      vertex 11.139 113.921 0
    endloop
  endfacet
  facet normal 0.441768 0.897129 0
    outer loop
      vertex 10.875 114.051 0
      vertex 11.139 113.921 -2.5
      vertex 10.875 114.051 -2.5
    endloop
  endfacet
  facet normal 0.896954 -0.442124 0
    outer loop
      vertex 9.92127 116.861 0
      vertex 10.0514 117.125 -2.5
      vertex 10.0514 117.125 0
    endloop
  endfacet
  facet normal 0.896954 -0.442124 0
    outer loop
      vertex 10.0514 117.125 -2.5
      vertex 9.92127 116.861 0
      vertex 9.92127 116.861 -2.5
    endloop
  endfacet
  facet normal -0.0645569 -0.997914 0
    outer loop
      vertex 12 118.25 -2.5
      vertex 12.2937 118.231 0
      vertex 12 118.25 0
    endloop
  endfacet
  facet normal -0.0645569 -0.997914 -0
    outer loop
      vertex 12.2937 118.231 0
      vertex 12 118.25 -2.5
      vertex 12.2937 118.231 -2.5
    endloop
  endfacet
  facet normal 0.319592 0.947555 -0
    outer loop
      vertex 11.4177 113.827 -2.5
      vertex 11.139 113.921 0
      vertex 11.4177 113.827 0
    endloop
  endfacet
  facet normal 0.319592 0.947555 0
    outer loop
      vertex 11.139 113.921 0
      vertex 11.4177 113.827 -2.5
      vertex 11.139 113.921 -2.5
    endloop
  endfacet
  facet normal 0.831632 -0.555327 0
    outer loop
      vertex 10.0514 117.125 0
      vertex 10.215 117.37 -2.5
      vertex 10.215 117.37 0
    endloop
  endfacet
  facet normal 0.831632 -0.555327 0
    outer loop
      vertex 10.215 117.37 -2.5
      vertex 10.0514 117.125 0
      vertex 10.0514 117.125 -2.5
    endloop
  endfacet
  facet normal 0.0645569 0.997914 -0
    outer loop
      vertex 12 113.75 -2.5
      vertex 11.7063 113.769 0
      vertex 12 113.75 0
    endloop
  endfacet
  facet normal 0.0645569 0.997914 0
    outer loop
      vertex 11.7063 113.769 0
      vertex 12 113.75 -2.5
      vertex 11.7063 113.769 -2.5
    endloop
  endfacet
  facet normal 0.947041 -0.321112 0
    outer loop
      vertex 9.82667 116.582 0
      vertex 9.92127 116.861 -2.5
      vertex 9.92127 116.861 0
    endloop
  endfacet
  facet normal 0.947041 -0.321112 0
    outer loop
      vertex 9.92127 116.861 -2.5
      vertex 9.82667 116.582 0
      vertex 9.82667 116.582 -2.5
    endloop
  endfacet
  facet normal -0.997874 -0.0651673 0
    outer loop
      vertex 86.25 116 -2.5
      vertex 86.2308 116.294 0
      vertex 86.2308 116.294 -2.5
    endloop
  endfacet
  facet normal -0.997874 -0.0651673 0
    outer loop
      vertex 86.2308 116.294 0
      vertex 86.25 116 -2.5
      vertex 86.25 116 0
    endloop
  endfacet
  facet normal 0.0645569 0.997914 -0
    outer loop
      vertex 84 113.75 -2.5
      vertex 83.7063 113.769 0
      vertex 84 113.75 0
    endloop
  endfacet
  facet normal 0.0645569 0.997914 0
    outer loop
      vertex 83.7063 113.769 0
      vertex 84 113.75 -2.5
      vertex 83.7063 113.769 -2.5
    endloop
  endfacet
  facet normal 0.947041 -0.321112 0
    outer loop
      vertex 81.8267 116.582 0
      vertex 81.9213 116.861 -2.5
      vertex 81.9213 116.861 0
    endloop
  endfacet
  facet normal 0.947041 -0.321112 0
    outer loop
      vertex 81.9213 116.861 -2.5
      vertex 81.8267 116.582 0
      vertex 81.8267 116.582 -2.5
    endloop
  endfacet
  facet normal -0.659202 -0.751966 0
    outer loop
      vertex 85.3697 117.785 -2.5
      vertex 85.591 117.591 0
      vertex 85.3697 117.785 0
    endloop
  endfacet
  facet normal -0.659202 -0.751966 -0
    outer loop
      vertex 85.591 117.591 0
      vertex 85.3697 117.785 -2.5
      vertex 85.591 117.591 -2.5
    endloop
  endfacet
  facet normal -0.896995 -0.442042 0
    outer loop
      vertex 86.0787 116.861 -2.5
      vertex 85.9486 117.125 0
      vertex 85.9486 117.125 -2.5
    endloop
  endfacet
  facet normal -0.896995 -0.442042 0
    outer loop
      vertex 85.9486 117.125 0
      vertex 86.0787 116.861 -2.5
      vertex 86.0787 116.861 0
    endloop
  endfacet
  facet normal 0.556735 0.83069 -0
    outer loop
      vertex 82.875 114.051 -2.5
      vertex 82.6303 114.215 0
      vertex 82.875 114.051 0
    endloop
  endfacet
  facet normal 0.556735 0.83069 0
    outer loop
      vertex 82.6303 114.215 0
      vertex 82.875 114.051 -2.5
      vertex 82.6303 114.215 -2.5
    endloop
  endfacet
  facet normal -0.831632 -0.555327 0
    outer loop
      vertex 85.9486 117.125 -2.5
      vertex 85.785 117.37 0
      vertex 85.785 117.37 -2.5
    endloop
  endfacet
  facet normal -0.831632 -0.555327 0
    outer loop
      vertex 85.785 117.37 0
      vertex 85.9486 117.125 -2.5
      vertex 85.9486 117.125 0
    endloop
  endfacet
  facet normal -0.831632 0.555327 0
    outer loop
      vertex 85.785 114.63 -2.5
      vertex 85.9486 114.875 0
      vertex 85.9486 114.875 -2.5
    endloop
  endfacet
  facet normal -0.831632 0.555327 0
    outer loop
      vertex 85.9486 114.875 0
      vertex 85.785 114.63 -2.5
      vertex 85.785 114.63 0
    endloop
  endfacet
  facet normal 0.319592 -0.947555 0
    outer loop
      vertex 83.139 118.079 -2.5
      vertex 83.4177 118.173 0
      vertex 83.139 118.079 0
    endloop
  endfacet
  facet normal 0.319592 -0.947555 0
    outer loop
      vertex 83.4177 118.173 0
      vertex 83.139 118.079 -2.5
      vertex 83.4177 118.173 -2.5
    endloop
  endfacet
  facet normal 0.751522 -0.659708 0
    outer loop
      vertex 82.215 117.37 0
      vertex 82.409 117.591 -2.5
      vertex 82.409 117.591 0
    endloop
  endfacet
  facet normal 0.751522 -0.659708 0
    outer loop
      vertex 82.409 117.591 -2.5
      vertex 82.215 117.37 0
      vertex 82.215 117.37 -2.5
    endloop
  endfacet
  facet normal -0.0645569 0.997914 0
    outer loop
      vertex 84.2937 113.769 -2.5
      vertex 84 113.75 0
      vertex 84.2937 113.769 0
    endloop
  endfacet
  facet normal -0.0645569 0.997914 0
    outer loop
      vertex 84 113.75 0
      vertex 84.2937 113.769 -2.5
      vertex 84 113.75 -2.5
    endloop
  endfacet
  facet normal 0.441768 -0.897129 0
    outer loop
      vertex 82.875 117.949 -2.5
      vertex 83.139 118.079 0
      vertex 82.875 117.949 0
    endloop
  endfacet
  facet normal 0.441768 -0.897129 0
    outer loop
      vertex 83.139 118.079 0
      vertex 82.875 117.949 -2.5
      vertex 83.139 118.079 -2.5
    endloop
  endfacet
  facet normal 0.197031 0.980397 -0
    outer loop
      vertex 83.7063 113.769 -2.5
      vertex 83.4177 113.827 0
      vertex 83.7063 113.769 0
    endloop
  endfacet
  facet normal 0.197031 0.980397 0
    outer loop
      vertex 83.4177 113.827 0
      vertex 83.7063 113.769 -2.5
      vertex 83.4177 113.827 -2.5
    endloop
  endfacet
  facet normal -0.947041 -0.321112 0
    outer loop
      vertex 86.1733 116.582 -2.5
      vertex 86.0787 116.861 0
      vertex 86.0787 116.861 -2.5
    endloop
  endfacet
  facet normal -0.947041 -0.321112 0
    outer loop
      vertex 86.0787 116.861 0
      vertex 86.1733 116.582 -2.5
      vertex 86.1733 116.582 0
    endloop
  endfacet
  facet normal 0.197031 -0.980397 0
    outer loop
      vertex 83.4177 118.173 -2.5
      vertex 83.7063 118.231 0
      vertex 83.4177 118.173 0
    endloop
  endfacet
  facet normal 0.197031 -0.980397 0
    outer loop
      vertex 83.7063 118.231 0
      vertex 83.4177 118.173 -2.5
      vertex 83.7063 118.231 -2.5
    endloop
  endfacet
  facet normal 0.980646 0.195789 0
    outer loop
      vertex 81.8267 115.418 0
      vertex 81.7692 115.706 -2.5
      vertex 81.7692 115.706 0
    endloop
  endfacet
  facet normal 0.980646 0.195789 0
    outer loop
      vertex 81.7692 115.706 -2.5
      vertex 81.8267 115.418 0
      vertex 81.8267 115.418 -2.5
    endloop
  endfacet
  facet normal 0.831632 0.555327 0
    outer loop
      vertex 82.215 114.63 0
      vertex 82.0514 114.875 -2.5
      vertex 82.0514 114.875 0
    endloop
  endfacet
  facet normal 0.831632 0.555327 0
    outer loop
      vertex 82.0514 114.875 -2.5
      vertex 82.215 114.63 0
      vertex 82.215 114.63 -2.5
    endloop
  endfacet
  facet normal -0.441768 0.897129 0
    outer loop
      vertex 85.125 114.051 -2.5
      vertex 84.861 113.921 0
      vertex 85.125 114.051 0
    endloop
  endfacet
  facet normal -0.441768 0.897129 0
    outer loop
      vertex 84.861 113.921 0
      vertex 85.125 114.051 -2.5
      vertex 84.861 113.921 -2.5
    endloop
  endfacet
  facet normal -0.556735 0.83069 0
    outer loop
      vertex 85.3697 114.215 -2.5
      vertex 85.125 114.051 0
      vertex 85.3697 114.215 0
    endloop
  endfacet
  facet normal -0.556735 0.83069 0
    outer loop
      vertex 85.125 114.051 0
      vertex 85.3697 114.215 -2.5
      vertex 85.125 114.051 -2.5
    endloop
  endfacet
  facet normal -0.980646 0.195789 0
    outer loop
      vertex 86.1733 115.418 -2.5
      vertex 86.2308 115.706 0
      vertex 86.2308 115.706 -2.5
    endloop
  endfacet
  facet normal -0.980646 0.195789 0
    outer loop
      vertex 86.2308 115.706 0
      vertex 86.1733 115.418 -2.5
      vertex 86.1733 115.418 0
    endloop
  endfacet
  facet normal -0.947041 0.321112 0
    outer loop
      vertex 86.0787 115.139 -2.5
      vertex 86.1733 115.418 0
      vertex 86.1733 115.418 -2.5
    endloop
  endfacet
  facet normal -0.947041 0.321112 0
    outer loop
      vertex 86.1733 115.418 0
      vertex 86.0787 115.139 -2.5
      vertex 86.0787 115.139 0
    endloop
  endfacet
  facet normal 0.659202 -0.751966 0
    outer loop
      vertex 82.409 117.591 -2.5
      vertex 82.6303 117.785 0
      vertex 82.409 117.591 0
    endloop
  endfacet
  facet normal 0.659202 -0.751966 0
    outer loop
      vertex 82.6303 117.785 0
      vertex 82.409 117.591 -2.5
      vertex 82.6303 117.785 -2.5
    endloop
  endfacet
  facet normal 0.896995 0.442042 0
    outer loop
      vertex 82.0514 114.875 0
      vertex 81.9213 115.139 -2.5
      vertex 81.9213 115.139 0
    endloop
  endfacet
  facet normal 0.896995 0.442042 0
    outer loop
      vertex 81.9213 115.139 -2.5
      vertex 82.0514 114.875 0
      vertex 82.0514 114.875 -2.5
    endloop
  endfacet
  facet normal -0.319592 -0.947555 0
    outer loop
      vertex 84.5823 118.173 -2.5
      vertex 84.861 118.079 0
      vertex 84.5823 118.173 0
    endloop
  endfacet
  facet normal -0.319592 -0.947555 -0
    outer loop
      vertex 84.861 118.079 0
      vertex 84.5823 118.173 -2.5
      vertex 84.861 118.079 -2.5
    endloop
  endfacet
  facet normal -0.197031 -0.980397 0
    outer loop
      vertex 84.2937 118.231 -2.5
      vertex 84.5823 118.173 0
      vertex 84.2937 118.231 0
    endloop
  endfacet
  facet normal -0.197031 -0.980397 -0
    outer loop
      vertex 84.5823 118.173 0
      vertex 84.2937 118.231 -2.5
      vertex 84.5823 118.173 -2.5
    endloop
  endfacet
  facet normal 0.980646 -0.195789 0
    outer loop
      vertex 81.7692 116.294 0
      vertex 81.8267 116.582 -2.5
      vertex 81.8267 116.582 0
    endloop
  endfacet
  facet normal 0.980646 -0.195789 0
    outer loop
      vertex 81.8267 116.582 -2.5
      vertex 81.7692 116.294 0
      vertex 81.7692 116.294 -2.5
    endloop
  endfacet
  facet normal -0.980646 -0.195789 0
    outer loop
      vertex 86.2308 116.294 -2.5
      vertex 86.1733 116.582 0
      vertex 86.1733 116.582 -2.5
    endloop
  endfacet
  facet normal -0.980646 -0.195789 0
    outer loop
      vertex 86.1733 116.582 0
      vertex 86.2308 116.294 -2.5
      vertex 86.2308 116.294 0
    endloop
  endfacet
  facet normal 0.441768 0.897129 -0
    outer loop
      vertex 83.139 113.921 -2.5
      vertex 82.875 114.051 0
      vertex 83.139 113.921 0
    endloop
  endfacet
  facet normal 0.441768 0.897129 0
    outer loop
      vertex 82.875 114.051 0
      vertex 83.139 113.921 -2.5
      vertex 82.875 114.051 -2.5
    endloop
  endfacet
  facet normal 0.831632 -0.555327 0
    outer loop
      vertex 82.0514 117.125 0
      vertex 82.215 117.37 -2.5
      vertex 82.215 117.37 0
    endloop
  endfacet
  facet normal 0.831632 -0.555327 0
    outer loop
      vertex 82.215 117.37 -2.5
      vertex 82.0514 117.125 0
      vertex 82.0514 117.125 -2.5
    endloop
  endfacet
  facet normal 0.997874 -0.0651673 0
    outer loop
      vertex 81.75 116 0
      vertex 81.7692 116.294 -2.5
      vertex 81.7692 116.294 0
    endloop
  endfacet
  facet normal 0.997874 -0.0651673 0
    outer loop
      vertex 81.7692 116.294 -2.5
      vertex 81.75 116 0
      vertex 81.75 116 -2.5
    endloop
  endfacet
  facet normal -0.0645569 -0.997914 0
    outer loop
      vertex 84 118.25 -2.5
      vertex 84.2937 118.231 0
      vertex 84 118.25 0
    endloop
  endfacet
  facet normal -0.0645569 -0.997914 -0
    outer loop
      vertex 84.2937 118.231 0
      vertex 84 118.25 -2.5
      vertex 84.2937 118.231 -2.5
    endloop
  endfacet
  facet normal -0.441768 -0.897129 0
    outer loop
      vertex 84.861 118.079 -2.5
      vertex 85.125 117.949 0
      vertex 84.861 118.079 0
    endloop
  endfacet
  facet normal -0.441768 -0.897129 -0
    outer loop
      vertex 85.125 117.949 0
      vertex 84.861 118.079 -2.5
      vertex 85.125 117.949 -2.5
    endloop
  endfacet
  facet normal 0.997874 0.0651673 0
    outer loop
      vertex 81.7692 115.706 0
      vertex 81.75 116 -2.5
      vertex 81.75 116 0
    endloop
  endfacet
  facet normal 0.997874 0.0651673 0
    outer loop
      vertex 81.75 116 -2.5
      vertex 81.7692 115.706 0
      vertex 81.7692 115.706 -2.5
    endloop
  endfacet
  facet normal -0.556735 -0.83069 0
    outer loop
      vertex 85.125 117.949 -2.5
      vertex 85.3697 117.785 0
      vertex 85.125 117.949 0
    endloop
  endfacet
  facet normal -0.556735 -0.83069 -0
    outer loop
      vertex 85.3697 117.785 0
      vertex 85.125 117.949 -2.5
      vertex 85.3697 117.785 -2.5
    endloop
  endfacet
  facet normal -0.197031 0.980397 0
    outer loop
      vertex 84.5823 113.827 -2.5
      vertex 84.2937 113.769 0
      vertex 84.5823 113.827 0
    endloop
  endfacet
  facet normal -0.197031 0.980397 0
    outer loop
      vertex 84.2937 113.769 0
      vertex 84.5823 113.827 -2.5
      vertex 84.2937 113.769 -2.5
    endloop
  endfacet
  facet normal 0.896995 -0.442042 0
    outer loop
      vertex 81.9213 116.861 0
      vertex 82.0514 117.125 -2.5
      vertex 82.0514 117.125 0
    endloop
  endfacet
  facet normal 0.896995 -0.442042 0
    outer loop
      vertex 82.0514 117.125 -2.5
      vertex 81.9213 116.861 0
      vertex 81.9213 116.861 -2.5
    endloop
  endfacet
  facet normal 0.947041 0.321112 0
    outer loop
      vertex 81.9213 115.139 0
      vertex 81.8267 115.418 -2.5
      vertex 81.8267 115.418 0
    endloop
  endfacet
  facet normal 0.947041 0.321112 0
    outer loop
      vertex 81.8267 115.418 -2.5
      vertex 81.9213 115.139 0
      vertex 81.9213 115.139 -2.5
    endloop
  endfacet
  facet normal 0.659202 0.751966 -0
    outer loop
      vertex 82.6303 114.215 -2.5
      vertex 82.409 114.409 0
      vertex 82.6303 114.215 0
    endloop
  endfacet
  facet normal 0.659202 0.751966 0
    outer loop
      vertex 82.409 114.409 0
      vertex 82.6303 114.215 -2.5
      vertex 82.409 114.409 -2.5
    endloop
  endfacet
  facet normal -0.319592 0.947555 0
    outer loop
      vertex 84.861 113.921 -2.5
      vertex 84.5823 113.827 0
      vertex 84.861 113.921 0
    endloop
  endfacet
  facet normal -0.319592 0.947555 0
    outer loop
      vertex 84.5823 113.827 0
      vertex 84.861 113.921 -2.5
      vertex 84.5823 113.827 -2.5
    endloop
  endfacet
  facet normal -0.751522 0.659708 0
    outer loop
      vertex 85.591 114.409 -2.5
      vertex 85.785 114.63 0
      vertex 85.785 114.63 -2.5
    endloop
  endfacet
  facet normal -0.751522 0.659708 0
    outer loop
      vertex 85.785 114.63 0
      vertex 85.591 114.409 -2.5
      vertex 85.591 114.409 0
    endloop
  endfacet
  facet normal 0.0645569 -0.997914 0
    outer loop
      vertex 83.7063 118.231 -2.5
      vertex 84 118.25 0
      vertex 83.7063 118.231 0
    endloop
  endfacet
  facet normal 0.0645569 -0.997914 0
    outer loop
      vertex 84 118.25 0
      vertex 83.7063 118.231 -2.5
      vertex 84 118.25 -2.5
    endloop
  endfacet
  facet normal -0.751522 -0.659708 0
    outer loop
      vertex 85.785 117.37 -2.5
      vertex 85.591 117.591 0
      vertex 85.591 117.591 -2.5
    endloop
  endfacet
  facet normal -0.751522 -0.659708 0
    outer loop
      vertex 85.591 117.591 0
      vertex 85.785 117.37 -2.5
      vertex 85.785 117.37 0
    endloop
  endfacet
  facet normal -0.997874 0.0651673 0
    outer loop
      vertex 86.2308 115.706 -2.5
      vertex 86.25 116 0
      vertex 86.25 116 -2.5
    endloop
  endfacet
  facet normal -0.997874 0.0651673 0
    outer loop
      vertex 86.25 116 0
      vertex 86.2308 115.706 -2.5
      vertex 86.2308 115.706 0
    endloop
  endfacet
  facet normal 0.319592 0.947555 -0
    outer loop
      vertex 83.4177 113.827 -2.5
      vertex 83.139 113.921 0
      vertex 83.4177 113.827 0
    endloop
  endfacet
  facet normal 0.319592 0.947555 0
    outer loop
      vertex 83.139 113.921 0
      vertex 83.4177 113.827 -2.5
      vertex 83.139 113.921 -2.5
    endloop
  endfacet
  facet normal -0.659202 0.751966 0
    outer loop
      vertex 85.591 114.409 -2.5
      vertex 85.3697 114.215 0
      vertex 85.591 114.409 0
    endloop
  endfacet
  facet normal -0.659202 0.751966 0
    outer loop
      vertex 85.3697 114.215 0
      vertex 85.591 114.409 -2.5
      vertex 85.3697 114.215 -2.5
    endloop
  endfacet
  facet normal -0.896995 0.442042 0
    outer loop
      vertex 85.9486 114.875 -2.5
      vertex 86.0787 115.139 0
      vertex 86.0787 115.139 -2.5
    endloop
  endfacet
  facet normal -0.896995 0.442042 0
    outer loop
      vertex 86.0787 115.139 0
      vertex 85.9486 114.875 -2.5
      vertex 85.9486 114.875 0
    endloop
  endfacet
  facet normal 0.556735 -0.83069 0
    outer loop
      vertex 82.6303 117.785 -2.5
      vertex 82.875 117.949 0
      vertex 82.6303 117.785 0
    endloop
  endfacet
  facet normal 0.556735 -0.83069 0
    outer loop
      vertex 82.875 117.949 0
      vertex 82.6303 117.785 -2.5
      vertex 82.875 117.949 -2.5
    endloop
  endfacet
  facet normal 0.751522 0.659708 0
    outer loop
      vertex 82.409 114.409 0
      vertex 82.215 114.63 -2.5
      vertex 82.215 114.63 0
    endloop
  endfacet
  facet normal 0.751522 0.659708 0
    outer loop
      vertex 82.215 114.63 -2.5
      vertex 82.409 114.409 0
      vertex 82.409 114.409 -2.5
    endloop
  endfacet
  facet normal 0.659398 0.751794 -0
    outer loop
      vertex 8.09985 65.6753 -2.5
      vertex 7.87365 65.8737 0
      vertex 8.09985 65.6753 0
    endloop
  endfacet
  facet normal 0.659398 0.751794 0
    outer loop
      vertex 7.87365 65.8737 0
      vertex 8.09985 65.6753 -2.5
      vertex 7.87365 65.8737 -2.5
    endloop
  endfacet
  facet normal -0.980785 0.195093 0
    outer loop
      vertex 11.7216 66.9047 -2.5
      vertex 11.7803 67.1998 0
      vertex 11.7803 67.1998 -2.5
    endloop
  endfacet
  facet normal -0.980785 0.195093 0
    outer loop
      vertex 11.7803 67.1998 0
      vertex 11.7216 66.9047 -2.5
      vertex 11.7216 66.9047 0
    endloop
  endfacet
  facet normal 0.442114 -0.896959 0
    outer loop
      vertex 8.35 69.4919 -2.5
      vertex 8.61983 69.6249 0
      vertex 8.35 69.4919 0
    endloop
  endfacet
  facet normal 0.442114 -0.896959 0
    outer loop
      vertex 8.61983 69.6249 0
      vertex 8.35 69.4919 -2.5
      vertex 8.61983 69.6249 -2.5
    endloop
  endfacet
  facet normal -0.55562 0.831436 0
    outer loop
      vertex 10.9002 65.6753 -2.5
      vertex 10.65 65.5081 0
      vertex 10.9002 65.6753 0
    endloop
  endfacet
  facet normal -0.55562 0.831436 0
    outer loop
      vertex 10.65 65.5081 0
      vertex 10.9002 65.6753 -2.5
      vertex 10.65 65.5081 -2.5
    endloop
  endfacet
  facet normal 0.0654799 -0.997854 0
    outer loop
      vertex 9.19979 69.7803 -2.5
      vertex 9.5 69.8 0
      vertex 9.19979 69.7803 0
    endloop
  endfacet
  facet normal 0.0654799 -0.997854 0
    outer loop
      vertex 9.5 69.8 0
      vertex 9.19979 69.7803 -2.5
      vertex 9.5 69.8 -2.5
    endloop
  endfacet
  facet normal -0.997854 0.0654821 0
    outer loop
      vertex 11.7803 67.1998 -2.5
      vertex 11.8 67.5 0
      vertex 11.8 67.5 -2.5
    endloop
  endfacet
  facet normal -0.997854 0.0654821 0
    outer loop
      vertex 11.8 67.5 0
      vertex 11.7803 67.1998 -2.5
      vertex 11.7803 67.1998 0
    endloop
  endfacet
  facet normal 0.0654799 0.997854 -0
    outer loop
      vertex 9.5 65.2 -2.5
      vertex 9.19979 65.2197 0
      vertex 9.5 65.2 0
    endloop
  endfacet
  facet normal 0.0654799 0.997854 0
    outer loop
      vertex 9.19979 65.2197 0
      vertex 9.5 65.2 -2.5
      vertex 9.19979 65.2197 -2.5
    endloop
  endfacet
  facet normal -0.1951 0.980783 0
    outer loop
      vertex 10.0953 65.2784 -2.5
      vertex 9.80021 65.2197 0
      vertex 10.0953 65.2784 0
    endloop
  endfacet
  facet normal -0.1951 0.980783 0
    outer loop
      vertex 9.80021 65.2197 0
      vertex 10.0953 65.2784 -2.5
      vertex 9.80021 65.2197 -2.5
    endloop
  endfacet
  facet normal -0.442153 0.89694 0
    outer loop
      vertex 10.65 65.5081 -2.5
      vertex 10.3802 65.3751 0
      vertex 10.65 65.5081 0
    endloop
  endfacet
  facet normal -0.442153 0.89694 0
    outer loop
      vertex 10.3802 65.3751 0
      vertex 10.65 65.5081 -2.5
      vertex 10.3802 65.3751 -2.5
    endloop
  endfacet
  facet normal -0.831436 0.55562 0
    outer loop
      vertex 11.3247 66.0998 -2.5
      vertex 11.4919 66.35 0
      vertex 11.4919 66.35 -2.5
    endloop
  endfacet
  facet normal -0.831436 0.55562 0
    outer loop
      vertex 11.4919 66.35 0
      vertex 11.3247 66.0998 -2.5
      vertex 11.3247 66.0998 0
    endloop
  endfacet
  facet normal 0.89686 0.442314 0
    outer loop
      vertex 7.50814 66.35 0
      vertex 7.37508 66.6198 -2.5
      vertex 7.37508 66.6198 0
    endloop
  endfacet
  facet normal 0.89686 0.442314 0
    outer loop
      vertex 7.37508 66.6198 -2.5
      vertex 7.50814 66.35 0
      vertex 7.50814 66.35 -2.5
    endloop
  endfacet
  facet normal -0.89694 -0.442153 0
    outer loop
      vertex 11.6249 68.3802 -2.5
      vertex 11.4919 68.65 0
      vertex 11.4919 68.65 -2.5
    endloop
  endfacet
  facet normal -0.89694 -0.442153 0
    outer loop
      vertex 11.4919 68.65 0
      vertex 11.6249 68.3802 -2.5
      vertex 11.6249 68.3802 0
    endloop
  endfacet
  facet normal -0.55562 -0.831436 0
    outer loop
      vertex 10.65 69.4919 -2.5
      vertex 10.9002 69.3247 0
      vertex 10.65 69.4919 0
    endloop
  endfacet
  facet normal -0.55562 -0.831436 -0
    outer loop
      vertex 10.9002 69.3247 0
      vertex 10.65 69.4919 -2.5
      vertex 10.9002 69.3247 -2.5
    endloop
  endfacet
  facet normal 0.659398 -0.751794 0
    outer loop
      vertex 7.87365 69.1263 -2.5
      vertex 8.09985 69.3247 0
      vertex 7.87365 69.1263 0
    endloop
  endfacet
  facet normal 0.659398 -0.751794 0
    outer loop
      vertex 8.09985 69.3247 0
      vertex 7.87365 69.1263 -2.5
      vertex 8.09985 69.3247 -2.5
    endloop
  endfacet
  facet normal 0.195112 -0.980781 0
    outer loop
      vertex 8.90472 69.7216 -2.5
      vertex 9.19979 69.7803 0
      vertex 8.90472 69.7216 0
    endloop
  endfacet
  facet normal 0.195112 -0.980781 0
    outer loop
      vertex 9.19979 69.7803 0
      vertex 8.90472 69.7216 -2.5
      vertex 9.19979 69.7803 -2.5
    endloop
  endfacet
  facet normal 0.831513 -0.555505 0
    outer loop
      vertex 7.50814 68.65 0
      vertex 7.67529 68.9002 -2.5
      vertex 7.67529 68.9002 0
    endloop
  endfacet
  facet normal 0.831513 -0.555505 0
    outer loop
      vertex 7.67529 68.9002 -2.5
      vertex 7.50814 68.65 0
      vertex 7.50814 68.65 -2.5
    endloop
  endfacet
  facet normal -0.980785 -0.195093 0
    outer loop
      vertex 11.7803 67.8002 -2.5
      vertex 11.7216 68.0953 0
      vertex 11.7216 68.0953 -2.5
    endloop
  endfacet
  facet normal -0.980785 -0.195093 0
    outer loop
      vertex 11.7216 68.0953 0
      vertex 11.7803 67.8002 -2.5
      vertex 11.7803 67.8002 0
    endloop
  endfacet
  facet normal -0.946941 0.321408 0
    outer loop
      vertex 11.6249 66.6198 -2.5
      vertex 11.7216 66.9047 0
      vertex 11.7216 66.9047 -2.5
    endloop
  endfacet
  facet normal -0.946941 0.321408 0
    outer loop
      vertex 11.7216 66.9047 0
      vertex 11.6249 66.6198 -2.5
      vertex 11.6249 66.6198 0
    endloop
  endfacet
  facet normal 0.555697 0.831385 -0
    outer loop
      vertex 8.35 65.5081 -2.5
      vertex 8.09985 65.6753 0
      vertex 8.35 65.5081 0
    endloop
  endfacet
  facet normal 0.555697 0.831385 0
    outer loop
      vertex 8.09985 65.6753 0
      vertex 8.35 65.5081 -2.5
      vertex 8.09985 65.6753 -2.5
    endloop
  endfacet
  facet normal -0.997854 -0.0654821 0
    outer loop
      vertex 11.8 67.5 -2.5
      vertex 11.7803 67.8002 0
      vertex 11.7803 67.8002 -2.5
    endloop
  endfacet
  facet normal -0.997854 -0.0654821 0
    outer loop
      vertex 11.7803 67.8002 0
      vertex 11.8 67.5 -2.5
      vertex 11.8 67.5 0
    endloop
  endfacet
  facet normal -0.831436 -0.55562 0
    outer loop
      vertex 11.4919 68.65 -2.5
      vertex 11.3247 68.9002 0
      vertex 11.3247 68.9002 -2.5
    endloop
  endfacet
  facet normal -0.831436 -0.55562 0
    outer loop
      vertex 11.3247 68.9002 0
      vertex 11.4919 68.65 -2.5
      vertex 11.4919 68.65 0
    endloop
  endfacet
  facet normal -0.321408 -0.946941 0
    outer loop
      vertex 10.0953 69.7216 -2.5
      vertex 10.3802 69.6249 0
      vertex 10.0953 69.7216 0
    endloop
  endfacet
  facet normal -0.321408 -0.946941 -0
    outer loop
      vertex 10.3802 69.6249 0
      vertex 10.0953 69.7216 -2.5
      vertex 10.3802 69.6249 -2.5
    endloop
  endfacet
  facet normal 0.195112 0.980781 -0
    outer loop
      vertex 9.19979 65.2197 -2.5
      vertex 8.90472 65.2784 0
      vertex 9.19979 65.2197 0
    endloop
  endfacet
  facet normal 0.195112 0.980781 0
    outer loop
      vertex 8.90472 65.2784 0
      vertex 9.19979 65.2197 -2.5
      vertex 8.90472 65.2784 -2.5
    endloop
  endfacet
  facet normal 0.751715 0.659488 0
    outer loop
      vertex 7.87365 65.8737 0
      vertex 7.67529 66.0998 -2.5
      vertex 7.67529 66.0998 0
    endloop
  endfacet
  facet normal 0.751715 0.659488 0
    outer loop
      vertex 7.67529 66.0998 -2.5
      vertex 7.87365 65.8737 0
      vertex 7.87365 65.8737 -2.5
    endloop
  endfacet
  facet normal 0.321418 0.946937 -0
    outer loop
      vertex 8.90472 65.2784 -2.5
      vertex 8.61983 65.3751 0
      vertex 8.90472 65.2784 0
    endloop
  endfacet
  facet normal 0.321418 0.946937 0
    outer loop
      vertex 8.61983 65.3751 0
      vertex 8.90472 65.2784 -2.5
      vertex 8.61983 65.3751 -2.5
    endloop
  endfacet
  facet normal 0.89686 -0.442314 0
    outer loop
      vertex 7.37508 68.3802 0
      vertex 7.50814 68.65 -2.5
      vertex 7.50814 68.65 0
    endloop
  endfacet
  facet normal 0.89686 -0.442314 0
    outer loop
      vertex 7.50814 68.65 -2.5
      vertex 7.37508 68.3802 0
      vertex 7.37508 68.3802 -2.5
    endloop
  endfacet
  facet normal 0.555697 -0.831385 0
    outer loop
      vertex 8.09985 69.3247 -2.5
      vertex 8.35 69.4919 0
      vertex 8.09985 69.3247 0
    endloop
  endfacet
  facet normal 0.555697 -0.831385 0
    outer loop
      vertex 8.35 69.4919 0
      vertex 8.09985 69.3247 -2.5
      vertex 8.35 69.4919 -2.5
    endloop
  endfacet
  facet normal 0.321418 -0.946937 0
    outer loop
      vertex 8.61983 69.6249 -2.5
      vertex 8.90472 69.7216 0
      vertex 8.61983 69.6249 0
    endloop
  endfacet
  facet normal 0.321418 -0.946937 0
    outer loop
      vertex 8.90472 69.7216 0
      vertex 8.61983 69.6249 -2.5
      vertex 8.90472 69.7216 -2.5
    endloop
  endfacet
  facet normal -0.442153 -0.89694 0
    outer loop
      vertex 10.3802 69.6249 -2.5
      vertex 10.65 69.4919 0
      vertex 10.3802 69.6249 0
    endloop
  endfacet
  facet normal -0.442153 -0.89694 -0
    outer loop
      vertex 10.65 69.4919 0
      vertex 10.3802 69.6249 -2.5
      vertex 10.65 69.4919 -2.5
    endloop
  endfacet
  facet normal -0.946941 -0.321408 0
    outer loop
      vertex 11.7216 68.0953 -2.5
      vertex 11.6249 68.3802 0
      vertex 11.6249 68.3802 -2.5
    endloop
  endfacet
  facet normal -0.946941 -0.321408 0
    outer loop
      vertex 11.6249 68.3802 0
      vertex 11.7216 68.0953 -2.5
      vertex 11.7216 68.0953 0
    endloop
  endfacet
  facet normal 0.946931 0.321438 0
    outer loop
      vertex 7.37508 66.6198 0
      vertex 7.27837 66.9047 -2.5
      vertex 7.27837 66.9047 0
    endloop
  endfacet
  facet normal 0.946931 0.321438 0
    outer loop
      vertex 7.27837 66.9047 -2.5
      vertex 7.37508 66.6198 0
      vertex 7.37508 66.6198 -2.5
    endloop
  endfacet
  facet normal 0.997858 -0.0654159 0
    outer loop
      vertex 7.2 67.5 0
      vertex 7.21968 67.8002 -2.5
      vertex 7.21968 67.8002 0
    endloop
  endfacet
  facet normal 0.997858 -0.0654159 0
    outer loop
      vertex 7.21968 67.8002 -2.5
      vertex 7.2 67.5 0
      vertex 7.2 67.5 -2.5
    endloop
  endfacet
  facet normal 0.997858 0.0654159 0
    outer loop
      vertex 7.21968 67.1998 0
      vertex 7.2 67.5 -2.5
      vertex 7.2 67.5 0
    endloop
  endfacet
  facet normal 0.997858 0.0654159 0
    outer loop
      vertex 7.2 67.5 -2.5
      vertex 7.21968 67.1998 0
      vertex 7.21968 67.1998 -2.5
    endloop
  endfacet
  facet normal 0.980791 -0.195061 0
    outer loop
      vertex 7.21968 67.8002 0
      vertex 7.27837 68.0953 -2.5
      vertex 7.27837 68.0953 0
    endloop
  endfacet
  facet normal 0.980791 -0.195061 0
    outer loop
      vertex 7.27837 68.0953 -2.5
      vertex 7.21968 67.8002 0
      vertex 7.21968 67.8002 -2.5
    endloop
  endfacet
  facet normal -0.321408 0.946941 0
    outer loop
      vertex 10.3802 65.3751 -2.5
      vertex 10.0953 65.2784 0
      vertex 10.3802 65.3751 0
    endloop
  endfacet
  facet normal -0.321408 0.946941 0
    outer loop
      vertex 10.0953 65.2784 0
      vertex 10.3802 65.3751 -2.5
      vertex 10.0953 65.2784 -2.5
    endloop
  endfacet
  facet normal 0.831513 0.555505 0
    outer loop
      vertex 7.67529 66.0998 0
      vertex 7.50814 66.35 -2.5
      vertex 7.50814 66.35 0
    endloop
  endfacet
  facet normal 0.831513 0.555505 0
    outer loop
      vertex 7.50814 66.35 -2.5
      vertex 7.67529 66.0998 0
      vertex 7.67529 66.0998 -2.5
    endloop
  endfacet
  facet normal -0.751649 0.659563 0
    outer loop
      vertex 11.1263 65.8737 -2.5
      vertex 11.3247 66.0998 0
      vertex 11.3247 66.0998 -2.5
    endloop
  endfacet
  facet normal -0.751649 0.659563 0
    outer loop
      vertex 11.3247 66.0998 0
      vertex 11.1263 65.8737 -2.5
      vertex 11.1263 65.8737 0
    endloop
  endfacet
  facet normal -0.1951 -0.980783 0
    outer loop
      vertex 9.80021 69.7803 -2.5
      vertex 10.0953 69.7216 0
      vertex 9.80021 69.7803 0
    endloop
  endfacet
  facet normal -0.1951 -0.980783 -0
    outer loop
      vertex 10.0953 69.7216 0
      vertex 9.80021 69.7803 -2.5
      vertex 10.0953 69.7216 -2.5
    endloop
  endfacet
  facet normal 0.442114 0.896959 -0
    outer loop
      vertex 8.61983 65.3751 -2.5
      vertex 8.35 65.5081 0
      vertex 8.61983 65.3751 0
    endloop
  endfacet
  facet normal 0.442114 0.896959 0
    outer loop
      vertex 8.35 65.5081 0
      vertex 8.61983 65.3751 -2.5
      vertex 8.35 65.5081 -2.5
    endloop
  endfacet
  facet normal 0.751715 -0.659488 0
    outer loop
      vertex 7.67529 68.9002 0
      vertex 7.87365 69.1263 -2.5
      vertex 7.87365 69.1263 0
    endloop
  endfacet
  facet normal 0.751715 -0.659488 0
    outer loop
      vertex 7.87365 69.1263 -2.5
      vertex 7.67529 68.9002 0
      vertex 7.67529 68.9002 -2.5
    endloop
  endfacet
  facet normal -0.659563 -0.751649 0
    outer loop
      vertex 10.9002 69.3247 -2.5
      vertex 11.1263 69.1263 0
      vertex 10.9002 69.3247 0
    endloop
  endfacet
  facet normal -0.659563 -0.751649 -0
    outer loop
      vertex 11.1263 69.1263 0
      vertex 10.9002 69.3247 -2.5
      vertex 11.1263 69.1263 -2.5
    endloop
  endfacet
  facet normal -0.89694 0.442153 0
    outer loop
      vertex 11.4919 66.35 -2.5
      vertex 11.6249 66.6198 0
      vertex 11.6249 66.6198 -2.5
    endloop
  endfacet
  facet normal -0.89694 0.442153 0
    outer loop
      vertex 11.6249 66.6198 0
      vertex 11.4919 66.35 -2.5
      vertex 11.4919 66.35 0
    endloop
  endfacet
  facet normal -0.0654799 -0.997854 0
    outer loop
      vertex 9.5 69.8 -2.5
      vertex 9.80021 69.7803 0
      vertex 9.5 69.8 0
    endloop
  endfacet
  facet normal -0.0654799 -0.997854 -0
    outer loop
      vertex 9.80021 69.7803 0
      vertex 9.5 69.8 -2.5
      vertex 9.80021 69.7803 -2.5
    endloop
  endfacet
  facet normal 0.980791 0.195061 0
    outer loop
      vertex 7.27837 66.9047 0
      vertex 7.21968 67.1998 -2.5
      vertex 7.21968 67.1998 0
    endloop
  endfacet
  facet normal 0.980791 0.195061 0
    outer loop
      vertex 7.21968 67.1998 -2.5
      vertex 7.27837 66.9047 0
      vertex 7.27837 66.9047 -2.5
    endloop
  endfacet
  facet normal 0.946931 -0.321438 0
    outer loop
      vertex 7.27837 68.0953 0
      vertex 7.37508 68.3802 -2.5
      vertex 7.37508 68.3802 0
    endloop
  endfacet
  facet normal 0.946931 -0.321438 0
    outer loop
      vertex 7.37508 68.3802 -2.5
      vertex 7.27837 68.0953 0
      vertex 7.27837 68.0953 -2.5
    endloop
  endfacet
  facet normal -0.751649 -0.659563 0
    outer loop
      vertex 11.3247 68.9002 -2.5
      vertex 11.1263 69.1263 0
      vertex 11.1263 69.1263 -2.5
    endloop
  endfacet
  facet normal -0.751649 -0.659563 0
    outer loop
      vertex 11.1263 69.1263 0
      vertex 11.3247 68.9002 -2.5
      vertex 11.3247 68.9002 0
    endloop
  endfacet
  facet normal -0.0654799 0.997854 0
    outer loop
      vertex 9.80021 65.2197 -2.5
      vertex 9.5 65.2 0
      vertex 9.80021 65.2197 0
    endloop
  endfacet
  facet normal -0.0654799 0.997854 0
    outer loop
      vertex 9.5 65.2 0
      vertex 9.80021 65.2197 -2.5
      vertex 9.5 65.2 -2.5
    endloop
  endfacet
  facet normal -0.659563 0.751649 0
    outer loop
      vertex 11.1263 65.8737 -2.5
      vertex 10.9002 65.6753 0
      vertex 11.1263 65.8737 0
    endloop
  endfacet
  facet normal -0.659563 0.751649 0
    outer loop
      vertex 10.9002 65.6753 0
      vertex 11.1263 65.8737 -2.5
      vertex 10.9002 65.6753 -2.5
    endloop
  endfacet
  facet normal -0.980785 -0.195093 0
    outer loop
      vertex 11.7803 90.8002 -2.5
      vertex 11.7216 91.0953 0
      vertex 11.7216 91.0953 -2.5
    endloop
  endfacet
  facet normal -0.980785 -0.195093 0
    outer loop
      vertex 11.7216 91.0953 0
      vertex 11.7803 90.8002 -2.5
      vertex 11.7803 90.8002 0
    endloop
  endfacet
  facet normal -0.997854 -0.0654821 0
    outer loop
      vertex 11.8 90.5 -2.5
      vertex 11.7803 90.8002 0
      vertex 11.7803 90.8002 -2.5
    endloop
  endfacet
  facet normal -0.997854 -0.0654821 0
    outer loop
      vertex 11.7803 90.8002 0
      vertex 11.8 90.5 -2.5
      vertex 11.8 90.5 0
    endloop
  endfacet
  facet normal -0.946941 -0.321408 0
    outer loop
      vertex 11.7216 91.0953 -2.5
      vertex 11.6249 91.3802 0
      vertex 11.6249 91.3802 -2.5
    endloop
  endfacet
  facet normal -0.946941 -0.321408 0
    outer loop
      vertex 11.6249 91.3802 0
      vertex 11.7216 91.0953 -2.5
      vertex 11.7216 91.0953 0
    endloop
  endfacet
  facet normal -0.831436 -0.55562 0
    outer loop
      vertex 11.4919 91.65 -2.5
      vertex 11.3247 91.9002 0
      vertex 11.3247 91.9002 -2.5
    endloop
  endfacet
  facet normal -0.831436 -0.55562 0
    outer loop
      vertex 11.3247 91.9002 0
      vertex 11.4919 91.65 -2.5
      vertex 11.4919 91.65 0
    endloop
  endfacet
  facet normal 0.946931 0.321438 0
    outer loop
      vertex 7.37508 89.6198 0
      vertex 7.27837 89.9047 -2.5
      vertex 7.27837 89.9047 0
    endloop
  endfacet
  facet normal 0.946931 0.321438 0
    outer loop
      vertex 7.27837 89.9047 -2.5
      vertex 7.37508 89.6198 0
      vertex 7.37508 89.6198 -2.5
    endloop
  endfacet
  facet normal -0.321408 0.946941 0
    outer loop
      vertex 10.3802 88.3751 -2.5
      vertex 10.0953 88.2784 0
      vertex 10.3802 88.3751 0
    endloop
  endfacet
  facet normal -0.321408 0.946941 0
    outer loop
      vertex 10.0953 88.2784 0
      vertex 10.3802 88.3751 -2.5
      vertex 10.0953 88.2784 -2.5
    endloop
  endfacet
  facet normal -0.89694 -0.442153 0
    outer loop
      vertex 11.6249 91.3802 -2.5
      vertex 11.4919 91.65 0
      vertex 11.4919 91.65 -2.5
    endloop
  endfacet
  facet normal -0.89694 -0.442153 0
    outer loop
      vertex 11.4919 91.65 0
      vertex 11.6249 91.3802 -2.5
      vertex 11.6249 91.3802 0
    endloop
  endfacet
  facet normal 0.555697 -0.831385 0
    outer loop
      vertex 8.09985 92.3247 -2.5
      vertex 8.35 92.4919 0
      vertex 8.09985 92.3247 0
    endloop
  endfacet
  facet normal 0.555697 -0.831385 0
    outer loop
      vertex 8.35 92.4919 0
      vertex 8.09985 92.3247 -2.5
      vertex 8.35 92.4919 -2.5
    endloop
  endfacet
  facet normal -0.980785 0.195093 0
    outer loop
      vertex 11.7216 89.9047 -2.5
      vertex 11.7803 90.1998 0
      vertex 11.7803 90.1998 -2.5
    endloop
  endfacet
  facet normal -0.980785 0.195093 0
    outer loop
      vertex 11.7803 90.1998 0
      vertex 11.7216 89.9047 -2.5
      vertex 11.7216 89.9047 0
    endloop
  endfacet
  facet normal -0.321408 -0.946941 0
    outer loop
      vertex 10.0953 92.7216 -2.5
      vertex 10.3802 92.6249 0
      vertex 10.0953 92.7216 0
    endloop
  endfacet
  facet normal -0.321408 -0.946941 -0
    outer loop
      vertex 10.3802 92.6249 0
      vertex 10.0953 92.7216 -2.5
      vertex 10.3802 92.6249 -2.5
    endloop
  endfacet
  facet normal 0.659398 -0.751794 0
    outer loop
      vertex 7.87365 92.1263 -2.5
      vertex 8.09985 92.3247 0
      vertex 7.87365 92.1263 0
    endloop
  endfacet
  facet normal 0.659398 -0.751794 0
    outer loop
      vertex 8.09985 92.3247 0
      vertex 7.87365 92.1263 -2.5
      vertex 8.09985 92.3247 -2.5
    endloop
  endfacet
  facet normal -0.55562 0.831436 0
    outer loop
      vertex 10.9002 88.6753 -2.5
      vertex 10.65 88.5081 0
      vertex 10.9002 88.6753 0
    endloop
  endfacet
  facet normal -0.55562 0.831436 0
    outer loop
      vertex 10.65 88.5081 0
      vertex 10.9002 88.6753 -2.5
      vertex 10.65 88.5081 -2.5
    endloop
  endfacet
  facet normal 0.195112 -0.980781 0
    outer loop
      vertex 8.90472 92.7216 -2.5
      vertex 9.19979 92.7803 0
      vertex 8.90472 92.7216 0
    endloop
  endfacet
  facet normal 0.195112 -0.980781 0
    outer loop
      vertex 9.19979 92.7803 0
      vertex 8.90472 92.7216 -2.5
      vertex 9.19979 92.7803 -2.5
    endloop
  endfacet
  facet normal 0.997858 0.0654159 0
    outer loop
      vertex 7.21968 90.1998 0
      vertex 7.2 90.5 -2.5
      vertex 7.2 90.5 0
    endloop
  endfacet
  facet normal 0.997858 0.0654159 0
    outer loop
      vertex 7.2 90.5 -2.5
      vertex 7.21968 90.1998 0
      vertex 7.21968 90.1998 -2.5
    endloop
  endfacet
  facet normal 0.89686 0.442314 0
    outer loop
      vertex 7.50814 89.35 0
      vertex 7.37508 89.6198 -2.5
      vertex 7.37508 89.6198 0
    endloop
  endfacet
  facet normal 0.89686 0.442314 0
    outer loop
      vertex 7.37508 89.6198 -2.5
      vertex 7.50814 89.35 0
      vertex 7.50814 89.35 -2.5
    endloop
  endfacet
  facet normal -0.0654799 -0.997854 0
    outer loop
      vertex 9.5 92.8 -2.5
      vertex 9.80021 92.7803 0
      vertex 9.5 92.8 0
    endloop
  endfacet
  facet normal -0.0654799 -0.997854 -0
    outer loop
      vertex 9.80021 92.7803 0
      vertex 9.5 92.8 -2.5
      vertex 9.80021 92.7803 -2.5
    endloop
  endfacet
  facet normal 0.321418 0.946937 -0
    outer loop
      vertex 8.90472 88.2784 -2.5
      vertex 8.61983 88.3751 0
      vertex 8.90472 88.2784 0
    endloop
  endfacet
  facet normal 0.321418 0.946937 0
    outer loop
      vertex 8.61983 88.3751 0
      vertex 8.90472 88.2784 -2.5
      vertex 8.61983 88.3751 -2.5
    endloop
  endfacet
  facet normal -0.1951 0.980783 0
    outer loop
      vertex 10.0953 88.2784 -2.5
      vertex 9.80021 88.2197 0
      vertex 10.0953 88.2784 0
    endloop
  endfacet
  facet normal -0.1951 0.980783 0
    outer loop
      vertex 9.80021 88.2197 0
      vertex 10.0953 88.2784 -2.5
      vertex 9.80021 88.2197 -2.5
    endloop
  endfacet
  facet normal 0.442114 -0.896959 0
    outer loop
      vertex 8.35 92.4919 -2.5
      vertex 8.61983 92.6249 0
      vertex 8.35 92.4919 0
    endloop
  endfacet
  facet normal 0.442114 -0.896959 0
    outer loop
      vertex 8.61983 92.6249 0
      vertex 8.35 92.4919 -2.5
      vertex 8.61983 92.6249 -2.5
    endloop
  endfacet
  facet normal -0.442153 -0.89694 0
    outer loop
      vertex 10.3802 92.6249 -2.5
      vertex 10.65 92.4919 0
      vertex 10.3802 92.6249 0
    endloop
  endfacet
  facet normal -0.442153 -0.89694 -0
    outer loop
      vertex 10.65 92.4919 0
      vertex 10.3802 92.6249 -2.5
      vertex 10.65 92.4919 -2.5
    endloop
  endfacet
  facet normal -0.442153 0.89694 0
    outer loop
      vertex 10.65 88.5081 -2.5
      vertex 10.3802 88.3751 0
      vertex 10.65 88.5081 0
    endloop
  endfacet
  facet normal -0.442153 0.89694 0
    outer loop
      vertex 10.3802 88.3751 0
      vertex 10.65 88.5081 -2.5
      vertex 10.3802 88.3751 -2.5
    endloop
  endfacet
  facet normal 0.980791 0.195061 0
    outer loop
      vertex 7.27837 89.9047 0
      vertex 7.21968 90.1998 -2.5
      vertex 7.21968 90.1998 0
    endloop
  endfacet
  facet normal 0.980791 0.195061 0
    outer loop
      vertex 7.21968 90.1998 -2.5
      vertex 7.27837 89.9047 0
      vertex 7.27837 89.9047 -2.5
    endloop
  endfacet
  facet normal -0.997854 0.0654821 0
    outer loop
      vertex 11.7803 90.1998 -2.5
      vertex 11.8 90.5 0
      vertex 11.8 90.5 -2.5
    endloop
  endfacet
  facet normal -0.997854 0.0654821 0
    outer loop
      vertex 11.8 90.5 0
      vertex 11.7803 90.1998 -2.5
      vertex 11.7803 90.1998 0
    endloop
  endfacet
  facet normal 0.555697 0.831385 -0
    outer loop
      vertex 8.35 88.5081 -2.5
      vertex 8.09985 88.6753 0
      vertex 8.35 88.5081 0
    endloop
  endfacet
  facet normal 0.555697 0.831385 0
    outer loop
      vertex 8.09985 88.6753 0
      vertex 8.35 88.5081 -2.5
      vertex 8.09985 88.6753 -2.5
    endloop
  endfacet
  facet normal -0.751649 0.659563 0
    outer loop
      vertex 11.1263 88.8737 -2.5
      vertex 11.3247 89.0998 0
      vertex 11.3247 89.0998 -2.5
    endloop
  endfacet
  facet normal -0.751649 0.659563 0
    outer loop
      vertex 11.3247 89.0998 0
      vertex 11.1263 88.8737 -2.5
      vertex 11.1263 88.8737 0
    endloop
  endfacet
  facet normal -0.831436 0.55562 0
    outer loop
      vertex 11.3247 89.0998 -2.5
      vertex 11.4919 89.35 0
      vertex 11.4919 89.35 -2.5
    endloop
  endfacet
  facet normal -0.831436 0.55562 0
    outer loop
      vertex 11.4919 89.35 0
      vertex 11.3247 89.0998 -2.5
      vertex 11.3247 89.0998 0
    endloop
  endfacet
  facet normal 0.751715 0.659488 0
    outer loop
      vertex 7.87365 88.8737 0
      vertex 7.67529 89.0998 -2.5
      vertex 7.67529 89.0998 0
    endloop
  endfacet
  facet normal 0.751715 0.659488 0
    outer loop
      vertex 7.67529 89.0998 -2.5
      vertex 7.87365 88.8737 0
      vertex 7.87365 88.8737 -2.5
    endloop
  endfacet
  facet normal 0.751715 -0.659488 0
    outer loop
      vertex 7.67529 91.9002 0
      vertex 7.87365 92.1263 -2.5
      vertex 7.87365 92.1263 0
    endloop
  endfacet
  facet normal 0.751715 -0.659488 0
    outer loop
      vertex 7.87365 92.1263 -2.5
      vertex 7.67529 91.9002 0
      vertex 7.67529 91.9002 -2.5
    endloop
  endfacet
  facet normal 0.659398 0.751794 -0
    outer loop
      vertex 8.09985 88.6753 -2.5
      vertex 7.87365 88.8737 0
      vertex 8.09985 88.6753 0
    endloop
  endfacet
  facet normal 0.659398 0.751794 0
    outer loop
      vertex 7.87365 88.8737 0
      vertex 8.09985 88.6753 -2.5
      vertex 7.87365 88.8737 -2.5
    endloop
  endfacet
  facet normal -0.946941 0.321408 0
    outer loop
      vertex 11.6249 89.6198 -2.5
      vertex 11.7216 89.9047 0
      vertex 11.7216 89.9047 -2.5
    endloop
  endfacet
  facet normal -0.946941 0.321408 0
    outer loop
      vertex 11.7216 89.9047 0
      vertex 11.6249 89.6198 -2.5
      vertex 11.6249 89.6198 0
    endloop
  endfacet
  facet normal 0.831513 0.555505 0
    outer loop
      vertex 7.67529 89.0998 0
      vertex 7.50814 89.35 -2.5
      vertex 7.50814 89.35 0
    endloop
  endfacet
  facet normal 0.831513 0.555505 0
    outer loop
      vertex 7.50814 89.35 -2.5
      vertex 7.67529 89.0998 0
      vertex 7.67529 89.0998 -2.5
    endloop
  endfacet
  facet normal -0.89694 0.442153 0
    outer loop
      vertex 11.4919 89.35 -2.5
      vertex 11.6249 89.6198 0
      vertex 11.6249 89.6198 -2.5
    endloop
  endfacet
  facet normal -0.89694 0.442153 0
    outer loop
      vertex 11.6249 89.6198 0
      vertex 11.4919 89.35 -2.5
      vertex 11.4919 89.35 0
    endloop
  endfacet
  facet normal 0.195112 0.980781 -0
    outer loop
      vertex 9.19979 88.2197 -2.5
      vertex 8.90472 88.2784 0
      vertex 9.19979 88.2197 0
    endloop
  endfacet
  facet normal 0.195112 0.980781 0
    outer loop
      vertex 8.90472 88.2784 0
      vertex 9.19979 88.2197 -2.5
      vertex 8.90472 88.2784 -2.5
    endloop
  endfacet
  facet normal -0.0654799 0.997854 0
    outer loop
      vertex 9.80021 88.2197 -2.5
      vertex 9.5 88.2 0
      vertex 9.80021 88.2197 0
    endloop
  endfacet
  facet normal -0.0654799 0.997854 0
    outer loop
      vertex 9.5 88.2 0
      vertex 9.80021 88.2197 -2.5
      vertex 9.5 88.2 -2.5
    endloop
  endfacet
  facet normal 0.442114 0.896959 -0
    outer loop
      vertex 8.61983 88.3751 -2.5
      vertex 8.35 88.5081 0
      vertex 8.61983 88.3751 0
    endloop
  endfacet
  facet normal 0.442114 0.896959 0
    outer loop
      vertex 8.35 88.5081 0
      vertex 8.61983 88.3751 -2.5
      vertex 8.35 88.5081 -2.5
    endloop
  endfacet
  facet normal -0.1951 -0.980783 0
    outer loop
      vertex 9.80021 92.7803 -2.5
      vertex 10.0953 92.7216 0
      vertex 9.80021 92.7803 0
    endloop
  endfacet
  facet normal -0.1951 -0.980783 -0
    outer loop
      vertex 10.0953 92.7216 0
      vertex 9.80021 92.7803 -2.5
      vertex 10.0953 92.7216 -2.5
    endloop
  endfacet
  facet normal -0.659563 0.751649 0
    outer loop
      vertex 11.1263 88.8737 -2.5
      vertex 10.9002 88.6753 0
      vertex 11.1263 88.8737 0
    endloop
  endfacet
  facet normal -0.659563 0.751649 0
    outer loop
      vertex 10.9002 88.6753 0
      vertex 11.1263 88.8737 -2.5
      vertex 10.9002 88.6753 -2.5
    endloop
  endfacet
  facet normal -0.55562 -0.831436 0
    outer loop
      vertex 10.65 92.4919 -2.5
      vertex 10.9002 92.3247 0
      vertex 10.65 92.4919 0
    endloop
  endfacet
  facet normal -0.55562 -0.831436 -0
    outer loop
      vertex 10.9002 92.3247 0
      vertex 10.65 92.4919 -2.5
      vertex 10.9002 92.3247 -2.5
    endloop
  endfacet
  facet normal 0.321418 -0.946937 0
    outer loop
      vertex 8.61983 92.6249 -2.5
      vertex 8.90472 92.7216 0
      vertex 8.61983 92.6249 0
    endloop
  endfacet
  facet normal 0.321418 -0.946937 0
    outer loop
      vertex 8.90472 92.7216 0
      vertex 8.61983 92.6249 -2.5
      vertex 8.90472 92.7216 -2.5
    endloop
  endfacet
  facet normal 0.0654799 0.997854 -0
    outer loop
      vertex 9.5 88.2 -2.5
      vertex 9.19979 88.2197 0
      vertex 9.5 88.2 0
    endloop
  endfacet
  facet normal 0.0654799 0.997854 0
    outer loop
      vertex 9.19979 88.2197 0
      vertex 9.5 88.2 -2.5
      vertex 9.19979 88.2197 -2.5
    endloop
  endfacet
  facet normal 0.89686 -0.442314 0
    outer loop
      vertex 7.37508 91.3802 0
      vertex 7.50814 91.65 -2.5
      vertex 7.50814 91.65 0
    endloop
  endfacet
  facet normal 0.89686 -0.442314 0
    outer loop
      vertex 7.50814 91.65 -2.5
      vertex 7.37508 91.3802 0
      vertex 7.37508 91.3802 -2.5
    endloop
  endfacet
  facet normal 0.980791 -0.195061 0
    outer loop
      vertex 7.21968 90.8002 0
      vertex 7.27837 91.0953 -2.5
      vertex 7.27837 91.0953 0
    endloop
  endfacet
  facet normal 0.980791 -0.195061 0
    outer loop
      vertex 7.27837 91.0953 -2.5
      vertex 7.21968 90.8002 0
      vertex 7.21968 90.8002 -2.5
    endloop
  endfacet
  facet normal -0.751649 -0.659563 0
    outer loop
      vertex 11.3247 91.9002 -2.5
      vertex 11.1263 92.1263 0
      vertex 11.1263 92.1263 -2.5
    endloop
  endfacet
  facet normal -0.751649 -0.659563 0
    outer loop
      vertex 11.1263 92.1263 0
      vertex 11.3247 91.9002 -2.5
      vertex 11.3247 91.9002 0
    endloop
  endfacet
  facet normal -0.659563 -0.751649 0
    outer loop
      vertex 10.9002 92.3247 -2.5
      vertex 11.1263 92.1263 0
      vertex 10.9002 92.3247 0
    endloop
  endfacet
  facet normal -0.659563 -0.751649 -0
    outer loop
      vertex 11.1263 92.1263 0
      vertex 10.9002 92.3247 -2.5
      vertex 11.1263 92.1263 -2.5
    endloop
  endfacet
  facet normal 0.0654799 -0.997854 0
    outer loop
      vertex 9.19979 92.7803 -2.5
      vertex 9.5 92.8 0
      vertex 9.19979 92.7803 0
    endloop
  endfacet
  facet normal 0.0654799 -0.997854 0
    outer loop
      vertex 9.5 92.8 0
      vertex 9.19979 92.7803 -2.5
      vertex 9.5 92.8 -2.5
    endloop
  endfacet
  facet normal 0.946931 -0.321438 0
    outer loop
      vertex 7.27837 91.0953 0
      vertex 7.37508 91.3802 -2.5
      vertex 7.37508 91.3802 0
    endloop
  endfacet
  facet normal 0.946931 -0.321438 0
    outer loop
      vertex 7.37508 91.3802 -2.5
      vertex 7.27837 91.0953 0
      vertex 7.27837 91.0953 -2.5
    endloop
  endfacet
  facet normal 0.997858 -0.0654159 0
    outer loop
      vertex 7.2 90.5 0
      vertex 7.21968 90.8002 -2.5
      vertex 7.21968 90.8002 0
    endloop
  endfacet
  facet normal 0.997858 -0.0654159 0
    outer loop
      vertex 7.21968 90.8002 -2.5
      vertex 7.2 90.5 0
      vertex 7.2 90.5 -2.5
    endloop
  endfacet
  facet normal 0.831513 -0.555505 0
    outer loop
      vertex 7.50814 91.65 0
      vertex 7.67529 91.9002 -2.5
      vertex 7.67529 91.9002 0
    endloop
  endfacet
  facet normal 0.831513 -0.555505 0
    outer loop
      vertex 7.67529 91.9002 -2.5
      vertex 7.50814 91.65 0
      vertex 7.50814 91.65 -2.5
    endloop
  endfacet
  facet normal -0.980785 -0.195093 0
    outer loop
      vertex 69.7803 67.8002 -2.5
      vertex 69.7216 68.0953 0
      vertex 69.7216 68.0953 -2.5
    endloop
  endfacet
  facet normal -0.980785 -0.195093 0
    outer loop
      vertex 69.7216 68.0953 0
      vertex 69.7803 67.8002 -2.5
      vertex 69.7803 67.8002 0
    endloop
  endfacet
  facet normal -0.997854 -0.0654821 0
    outer loop
      vertex 69.8 67.5 -2.5
      vertex 69.7803 67.8002 0
      vertex 69.7803 67.8002 -2.5
    endloop
  endfacet
  facet normal -0.997854 -0.0654821 0
    outer loop
      vertex 69.7803 67.8002 0
      vertex 69.8 67.5 -2.5
      vertex 69.8 67.5 0
    endloop
  endfacet
  facet normal -0.946941 -0.321408 0
    outer loop
      vertex 69.7216 68.0953 -2.5
      vertex 69.6249 68.3802 0
      vertex 69.6249 68.3802 -2.5
    endloop
  endfacet
  facet normal -0.946941 -0.321408 0
    outer loop
      vertex 69.6249 68.3802 0
      vertex 69.7216 68.0953 -2.5
      vertex 69.7216 68.0953 0
    endloop
  endfacet
  facet normal -0.831436 -0.55562 0
    outer loop
      vertex 69.4919 68.65 -2.5
      vertex 69.3247 68.9002 0
      vertex 69.3247 68.9002 -2.5
    endloop
  endfacet
  facet normal -0.831436 -0.55562 0
    outer loop
      vertex 69.3247 68.9002 0
      vertex 69.4919 68.65 -2.5
      vertex 69.4919 68.65 0
    endloop
  endfacet
  facet normal 0.946941 0.321408 0
    outer loop
      vertex 65.3751 66.6198 0
      vertex 65.2784 66.9047 -2.5
      vertex 65.2784 66.9047 0
    endloop
  endfacet
  facet normal 0.946941 0.321408 0
    outer loop
      vertex 65.2784 66.9047 -2.5
      vertex 65.3751 66.6198 0
      vertex 65.3751 66.6198 -2.5
    endloop
  endfacet
  facet normal -0.321408 0.946941 0
    outer loop
      vertex 68.3802 65.3751 -2.5
      vertex 68.0953 65.2784 0
      vertex 68.3802 65.3751 0
    endloop
  endfacet
  facet normal -0.321408 0.946941 0
    outer loop
      vertex 68.0953 65.2784 0
      vertex 68.3802 65.3751 -2.5
      vertex 68.0953 65.2784 -2.5
    endloop
  endfacet
  facet normal -0.89694 -0.442153 0
    outer loop
      vertex 69.6249 68.3802 -2.5
      vertex 69.4919 68.65 0
      vertex 69.4919 68.65 -2.5
    endloop
  endfacet
  facet normal -0.89694 -0.442153 0
    outer loop
      vertex 69.4919 68.65 0
      vertex 69.6249 68.3802 -2.5
      vertex 69.6249 68.3802 0
    endloop
  endfacet
  facet normal 0.55562 -0.831436 0
    outer loop
      vertex 66.0998 69.3247 -2.5
      vertex 66.35 69.4919 0
      vertex 66.0998 69.3247 0
    endloop
  endfacet
  facet normal 0.55562 -0.831436 0
    outer loop
      vertex 66.35 69.4919 0
      vertex 66.0998 69.3247 -2.5
      vertex 66.35 69.4919 -2.5
    endloop
  endfacet
  facet normal -0.980785 0.195093 0
    outer loop
      vertex 69.7216 66.9047 -2.5
      vertex 69.7803 67.1998 0
      vertex 69.7803 67.1998 -2.5
    endloop
  endfacet
  facet normal -0.980785 0.195093 0
    outer loop
      vertex 69.7803 67.1998 0
      vertex 69.7216 66.9047 -2.5
      vertex 69.7216 66.9047 0
    endloop
  endfacet
  facet normal -0.321408 -0.946941 0
    outer loop
      vertex 68.0953 69.7216 -2.5
      vertex 68.3802 69.6249 0
      vertex 68.0953 69.7216 0
    endloop
  endfacet
  facet normal -0.321408 -0.946941 -0
    outer loop
      vertex 68.3802 69.6249 0
      vertex 68.0953 69.7216 -2.5
      vertex 68.3802 69.6249 -2.5
    endloop
  endfacet
  facet normal 0.659563 -0.751649 0
    outer loop
      vertex 65.8737 69.1263 -2.5
      vertex 66.0998 69.3247 0
      vertex 65.8737 69.1263 0
    endloop
  endfacet
  facet normal 0.659563 -0.751649 0
    outer loop
      vertex 66.0998 69.3247 0
      vertex 65.8737 69.1263 -2.5
      vertex 66.0998 69.3247 -2.5
    endloop
  endfacet
  facet normal -0.55562 0.831436 0
    outer loop
      vertex 68.9002 65.6753 -2.5
      vertex 68.65 65.5081 0
      vertex 68.9002 65.6753 0
    endloop
  endfacet
  facet normal -0.55562 0.831436 0
    outer loop
      vertex 68.65 65.5081 0
      vertex 68.9002 65.6753 -2.5
      vertex 68.65 65.5081 -2.5
    endloop
  endfacet
  facet normal 0.195093 -0.980785 0
    outer loop
      vertex 66.9047 69.7216 -2.5
      vertex 67.1998 69.7803 0
      vertex 66.9047 69.7216 0
    endloop
  endfacet
  facet normal 0.195093 -0.980785 0
    outer loop
      vertex 67.1998 69.7803 0
      vertex 66.9047 69.7216 -2.5
      vertex 67.1998 69.7803 -2.5
    endloop
  endfacet
  facet normal 0.997854 0.0654821 0
    outer loop
      vertex 65.2197 67.1998 0
      vertex 65.2 67.5 -2.5
      vertex 65.2 67.5 0
    endloop
  endfacet
  facet normal 0.997854 0.0654821 0
    outer loop
      vertex 65.2 67.5 -2.5
      vertex 65.2197 67.1998 0
      vertex 65.2197 67.1998 -2.5
    endloop
  endfacet
  facet normal 0.89694 0.442153 0
    outer loop
      vertex 65.5081 66.35 0
      vertex 65.3751 66.6198 -2.5
      vertex 65.3751 66.6198 0
    endloop
  endfacet
  facet normal 0.89694 0.442153 0
    outer loop
      vertex 65.3751 66.6198 -2.5
      vertex 65.5081 66.35 0
      vertex 65.5081 66.35 -2.5
    endloop
  endfacet
  facet normal -0.0654821 -0.997854 0
    outer loop
      vertex 67.5 69.8 -2.5
      vertex 67.8002 69.7803 0
      vertex 67.5 69.8 0
    endloop
  endfacet
  facet normal -0.0654821 -0.997854 -0
    outer loop
      vertex 67.8002 69.7803 0
      vertex 67.5 69.8 -2.5
      vertex 67.8002 69.7803 -2.5
    endloop
  endfacet
  facet normal 0.321408 0.946941 -0
    outer loop
      vertex 66.9047 65.2784 -2.5
      vertex 66.6198 65.3751 0
      vertex 66.9047 65.2784 0
    endloop
  endfacet
  facet normal 0.321408 0.946941 0
    outer loop
      vertex 66.6198 65.3751 0
      vertex 66.9047 65.2784 -2.5
      vertex 66.6198 65.3751 -2.5
    endloop
  endfacet
  facet normal -0.195093 0.980785 0
    outer loop
      vertex 68.0953 65.2784 -2.5
      vertex 67.8002 65.2197 0
      vertex 68.0953 65.2784 0
    endloop
  endfacet
  facet normal -0.195093 0.980785 0
    outer loop
      vertex 67.8002 65.2197 0
      vertex 68.0953 65.2784 -2.5
      vertex 67.8002 65.2197 -2.5
    endloop
  endfacet
  facet normal 0.442153 -0.89694 0
    outer loop
      vertex 66.35 69.4919 -2.5
      vertex 66.6198 69.6249 0
      vertex 66.35 69.4919 0
    endloop
  endfacet
  facet normal 0.442153 -0.89694 0
    outer loop
      vertex 66.6198 69.6249 0
      vertex 66.35 69.4919 -2.5
      vertex 66.6198 69.6249 -2.5
    endloop
  endfacet
  facet normal -0.442153 -0.89694 0
    outer loop
      vertex 68.3802 69.6249 -2.5
      vertex 68.65 69.4919 0
      vertex 68.3802 69.6249 0
    endloop
  endfacet
  facet normal -0.442153 -0.89694 -0
    outer loop
      vertex 68.65 69.4919 0
      vertex 68.3802 69.6249 -2.5
      vertex 68.65 69.4919 -2.5
    endloop
  endfacet
  facet normal -0.442153 0.89694 0
    outer loop
      vertex 68.65 65.5081 -2.5
      vertex 68.3802 65.3751 0
      vertex 68.65 65.5081 0
    endloop
  endfacet
  facet normal -0.442153 0.89694 0
    outer loop
      vertex 68.3802 65.3751 0
      vertex 68.65 65.5081 -2.5
      vertex 68.3802 65.3751 -2.5
    endloop
  endfacet
  facet normal 0.980785 0.195093 0
    outer loop
      vertex 65.2784 66.9047 0
      vertex 65.2197 67.1998 -2.5
      vertex 65.2197 67.1998 0
    endloop
  endfacet
  facet normal 0.980785 0.195093 0
    outer loop
      vertex 65.2197 67.1998 -2.5
      vertex 65.2784 66.9047 0
      vertex 65.2784 66.9047 -2.5
    endloop
  endfacet
  facet normal -0.997854 0.0654821 0
    outer loop
      vertex 69.7803 67.1998 -2.5
      vertex 69.8 67.5 0
      vertex 69.8 67.5 -2.5
    endloop
  endfacet
  facet normal -0.997854 0.0654821 0
    outer loop
      vertex 69.8 67.5 0
      vertex 69.7803 67.1998 -2.5
      vertex 69.7803 67.1998 0
    endloop
  endfacet
  facet normal 0.55562 0.831436 -0
    outer loop
      vertex 66.35 65.5081 -2.5
      vertex 66.0998 65.6753 0
      vertex 66.35 65.5081 0
    endloop
  endfacet
  facet normal 0.55562 0.831436 0
    outer loop
      vertex 66.0998 65.6753 0
      vertex 66.35 65.5081 -2.5
      vertex 66.0998 65.6753 -2.5
    endloop
  endfacet
  facet normal -0.751649 0.659563 0
    outer loop
      vertex 69.1263 65.8737 -2.5
      vertex 69.3247 66.0998 0
      vertex 69.3247 66.0998 -2.5
    endloop
  endfacet
  facet normal -0.751649 0.659563 0
    outer loop
      vertex 69.3247 66.0998 0
      vertex 69.1263 65.8737 -2.5
      vertex 69.1263 65.8737 0
    endloop
  endfacet
  facet normal -0.831436 0.55562 0
    outer loop
      vertex 69.3247 66.0998 -2.5
      vertex 69.4919 66.35 0
      vertex 69.4919 66.35 -2.5
    endloop
  endfacet
  facet normal -0.831436 0.55562 0
    outer loop
      vertex 69.4919 66.35 0
      vertex 69.3247 66.0998 -2.5
      vertex 69.3247 66.0998 0
    endloop
  endfacet
  facet normal 0.751649 0.659563 0
    outer loop
      vertex 65.8737 65.8737 0
      vertex 65.6753 66.0998 -2.5
      vertex 65.6753 66.0998 0
    endloop
  endfacet
  facet normal 0.751649 0.659563 0
    outer loop
      vertex 65.6753 66.0998 -2.5
      vertex 65.8737 65.8737 0
      vertex 65.8737 65.8737 -2.5
    endloop
  endfacet
  facet normal 0.751649 -0.659563 0
    outer loop
      vertex 65.6753 68.9002 0
      vertex 65.8737 69.1263 -2.5
      vertex 65.8737 69.1263 0
    endloop
  endfacet
  facet normal 0.751649 -0.659563 0
    outer loop
      vertex 65.8737 69.1263 -2.5
      vertex 65.6753 68.9002 0
      vertex 65.6753 68.9002 -2.5
    endloop
  endfacet
  facet normal -0.946941 0.321408 0
    outer loop
      vertex 69.6249 66.6198 -2.5
      vertex 69.7216 66.9047 0
      vertex 69.7216 66.9047 -2.5
    endloop
  endfacet
  facet normal -0.946941 0.321408 0
    outer loop
      vertex 69.7216 66.9047 0
      vertex 69.6249 66.6198 -2.5
      vertex 69.6249 66.6198 0
    endloop
  endfacet
  facet normal 0.831436 0.55562 0
    outer loop
      vertex 65.6753 66.0998 0
      vertex 65.5081 66.35 -2.5
      vertex 65.5081 66.35 0
    endloop
  endfacet
  facet normal 0.831436 0.55562 0
    outer loop
      vertex 65.5081 66.35 -2.5
      vertex 65.6753 66.0998 0
      vertex 65.6753 66.0998 -2.5
    endloop
  endfacet
  facet normal -0.89694 0.442153 0
    outer loop
      vertex 69.4919 66.35 -2.5
      vertex 69.6249 66.6198 0
      vertex 69.6249 66.6198 -2.5
    endloop
  endfacet
  facet normal -0.89694 0.442153 0
    outer loop
      vertex 69.6249 66.6198 0
      vertex 69.4919 66.35 -2.5
      vertex 69.4919 66.35 0
    endloop
  endfacet
  facet normal 0.195093 0.980785 -0
    outer loop
      vertex 67.1998 65.2197 -2.5
      vertex 66.9047 65.2784 0
      vertex 67.1998 65.2197 0
    endloop
  endfacet
  facet normal 0.195093 0.980785 0
    outer loop
      vertex 66.9047 65.2784 0
      vertex 67.1998 65.2197 -2.5
      vertex 66.9047 65.2784 -2.5
    endloop
  endfacet
  facet normal -0.0654821 0.997854 0
    outer loop
      vertex 67.8002 65.2197 -2.5
      vertex 67.5 65.2 0
      vertex 67.8002 65.2197 0
    endloop
  endfacet
  facet normal -0.0654821 0.997854 0
    outer loop
      vertex 67.5 65.2 0
      vertex 67.8002 65.2197 -2.5
      vertex 67.5 65.2 -2.5
    endloop
  endfacet
  facet normal 0.442153 0.89694 -0
    outer loop
      vertex 66.6198 65.3751 -2.5
      vertex 66.35 65.5081 0
      vertex 66.6198 65.3751 0
    endloop
  endfacet
  facet normal 0.442153 0.89694 0
    outer loop
      vertex 66.35 65.5081 0
      vertex 66.6198 65.3751 -2.5
      vertex 66.35 65.5081 -2.5
    endloop
  endfacet
  facet normal -0.195093 -0.980785 0
    outer loop
      vertex 67.8002 69.7803 -2.5
      vertex 68.0953 69.7216 0
      vertex 67.8002 69.7803 0
    endloop
  endfacet
  facet normal -0.195093 -0.980785 -0
    outer loop
      vertex 68.0953 69.7216 0
      vertex 67.8002 69.7803 -2.5
      vertex 68.0953 69.7216 -2.5
    endloop
  endfacet
  facet normal -0.659563 0.751649 0
    outer loop
      vertex 69.1263 65.8737 -2.5
      vertex 68.9002 65.6753 0
      vertex 69.1263 65.8737 0
    endloop
  endfacet
  facet normal -0.659563 0.751649 0
    outer loop
      vertex 68.9002 65.6753 0
      vertex 69.1263 65.8737 -2.5
      vertex 68.9002 65.6753 -2.5
    endloop
  endfacet
  facet normal -0.55562 -0.831436 0
    outer loop
      vertex 68.65 69.4919 -2.5
      vertex 68.9002 69.3247 0
      vertex 68.65 69.4919 0
    endloop
  endfacet
  facet normal -0.55562 -0.831436 -0
    outer loop
      vertex 68.9002 69.3247 0
      vertex 68.65 69.4919 -2.5
      vertex 68.9002 69.3247 -2.5
    endloop
  endfacet
  facet normal 0.321408 -0.946941 0
    outer loop
      vertex 66.6198 69.6249 -2.5
      vertex 66.9047 69.7216 0
      vertex 66.6198 69.6249 0
    endloop
  endfacet
  facet normal 0.321408 -0.946941 0
    outer loop
      vertex 66.9047 69.7216 0
      vertex 66.6198 69.6249 -2.5
      vertex 66.9047 69.7216 -2.5
    endloop
  endfacet
  facet normal 0.0654821 0.997854 -0
    outer loop
      vertex 67.5 65.2 -2.5
      vertex 67.1998 65.2197 0
      vertex 67.5 65.2 0
    endloop
  endfacet
  facet normal 0.0654821 0.997854 0
    outer loop
      vertex 67.1998 65.2197 0
      vertex 67.5 65.2 -2.5
      vertex 67.1998 65.2197 -2.5
    endloop
  endfacet
  facet normal 0.89694 -0.442153 0
    outer loop
      vertex 65.3751 68.3802 0
      vertex 65.5081 68.65 -2.5
      vertex 65.5081 68.65 0
    endloop
  endfacet
  facet normal 0.89694 -0.442153 0
    outer loop
      vertex 65.5081 68.65 -2.5
      vertex 65.3751 68.3802 0
      vertex 65.3751 68.3802 -2.5
    endloop
  endfacet
  facet normal 0.980785 -0.195093 0
    outer loop
      vertex 65.2197 67.8002 0
      vertex 65.2784 68.0953 -2.5
      vertex 65.2784 68.0953 0
    endloop
  endfacet
  facet normal 0.980785 -0.195093 0
    outer loop
      vertex 65.2784 68.0953 -2.5
      vertex 65.2197 67.8002 0
      vertex 65.2197 67.8002 -2.5
    endloop
  endfacet
  facet normal -0.751649 -0.659563 0
    outer loop
      vertex 69.3247 68.9002 -2.5
      vertex 69.1263 69.1263 0
      vertex 69.1263 69.1263 -2.5
    endloop
  endfacet
  facet normal -0.751649 -0.659563 0
    outer loop
      vertex 69.1263 69.1263 0
      vertex 69.3247 68.9002 -2.5
      vertex 69.3247 68.9002 0
    endloop
  endfacet
  facet normal 0.659563 0.751649 -0
    outer loop
      vertex 66.0998 65.6753 -2.5
      vertex 65.8737 65.8737 0
      vertex 66.0998 65.6753 0
    endloop
  endfacet
  facet normal 0.659563 0.751649 0
    outer loop
      vertex 65.8737 65.8737 0
      vertex 66.0998 65.6753 -2.5
      vertex 65.8737 65.8737 -2.5
    endloop
  endfacet
  facet normal -0.659563 -0.751649 0
    outer loop
      vertex 68.9002 69.3247 -2.5
      vertex 69.1263 69.1263 0
      vertex 68.9002 69.3247 0
    endloop
  endfacet
  facet normal -0.659563 -0.751649 -0
    outer loop
      vertex 69.1263 69.1263 0
      vertex 68.9002 69.3247 -2.5
      vertex 69.1263 69.1263 -2.5
    endloop
  endfacet
  facet normal 0.0654821 -0.997854 0
    outer loop
      vertex 67.1998 69.7803 -2.5
      vertex 67.5 69.8 0
      vertex 67.1998 69.7803 0
    endloop
  endfacet
  facet normal 0.0654821 -0.997854 0
    outer loop
      vertex 67.5 69.8 0
      vertex 67.1998 69.7803 -2.5
      vertex 67.5 69.8 -2.5
    endloop
  endfacet
  facet normal 0.946941 -0.321408 0
    outer loop
      vertex 65.2784 68.0953 0
      vertex 65.3751 68.3802 -2.5
      vertex 65.3751 68.3802 0
    endloop
  endfacet
  facet normal 0.946941 -0.321408 0
    outer loop
      vertex 65.3751 68.3802 -2.5
      vertex 65.2784 68.0953 0
      vertex 65.2784 68.0953 -2.5
    endloop
  endfacet
  facet normal 0.997854 -0.0654821 0
    outer loop
      vertex 65.2 67.5 0
      vertex 65.2197 67.8002 -2.5
      vertex 65.2197 67.8002 0
    endloop
  endfacet
  facet normal 0.997854 -0.0654821 0
    outer loop
      vertex 65.2197 67.8002 -2.5
      vertex 65.2 67.5 0
      vertex 65.2 67.5 -2.5
    endloop
  endfacet
  facet normal 0.831436 -0.55562 0
    outer loop
      vertex 65.5081 68.65 0
      vertex 65.6753 68.9002 -2.5
      vertex 65.6753 68.9002 0
    endloop
  endfacet
  facet normal 0.831436 -0.55562 0
    outer loop
      vertex 65.6753 68.9002 -2.5
      vertex 65.5081 68.65 0
      vertex 65.5081 68.65 -2.5
    endloop
  endfacet
  facet normal -0.980785 -0.195093 0
    outer loop
      vertex 69.7803 90.8002 -2.5
      vertex 69.7216 91.0953 0
      vertex 69.7216 91.0953 -2.5
    endloop
  endfacet
  facet normal -0.980785 -0.195093 0
    outer loop
      vertex 69.7216 91.0953 0
      vertex 69.7803 90.8002 -2.5
      vertex 69.7803 90.8002 0
    endloop
  endfacet
  facet normal -0.997854 -0.0654821 0
    outer loop
      vertex 69.8 90.5 -2.5
      vertex 69.7803 90.8002 0
      vertex 69.7803 90.8002 -2.5
    endloop
  endfacet
  facet normal -0.997854 -0.0654821 0
    outer loop
      vertex 69.7803 90.8002 0
      vertex 69.8 90.5 -2.5
      vertex 69.8 90.5 0
    endloop
  endfacet
  facet normal -0.946941 -0.321408 0
    outer loop
      vertex 69.7216 91.0953 -2.5
      vertex 69.6249 91.3802 0
      vertex 69.6249 91.3802 -2.5
    endloop
  endfacet
  facet normal -0.946941 -0.321408 0
    outer loop
      vertex 69.6249 91.3802 0
      vertex 69.7216 91.0953 -2.5
      vertex 69.7216 91.0953 0
    endloop
  endfacet
  facet normal -0.831436 -0.55562 0
    outer loop
      vertex 69.4919 91.65 -2.5
      vertex 69.3247 91.9002 0
      vertex 69.3247 91.9002 -2.5
    endloop
  endfacet
  facet normal -0.831436 -0.55562 0
    outer loop
      vertex 69.3247 91.9002 0
      vertex 69.4919 91.65 -2.5
      vertex 69.4919 91.65 0
    endloop
  endfacet
  facet normal 0.946941 0.321408 0
    outer loop
      vertex 65.3751 89.6198 0
      vertex 65.2784 89.9047 -2.5
      vertex 65.2784 89.9047 0
    endloop
  endfacet
  facet normal 0.946941 0.321408 0
    outer loop
      vertex 65.2784 89.9047 -2.5
      vertex 65.3751 89.6198 0
      vertex 65.3751 89.6198 -2.5
    endloop
  endfacet
  facet normal -0.321408 0.946941 0
    outer loop
      vertex 68.3802 88.3751 -2.5
      vertex 68.0953 88.2784 0
      vertex 68.3802 88.3751 0
    endloop
  endfacet
  facet normal -0.321408 0.946941 0
    outer loop
      vertex 68.0953 88.2784 0
      vertex 68.3802 88.3751 -2.5
      vertex 68.0953 88.2784 -2.5
    endloop
  endfacet
  facet normal -0.89694 -0.442153 0
    outer loop
      vertex 69.6249 91.3802 -2.5
      vertex 69.4919 91.65 0
      vertex 69.4919 91.65 -2.5
    endloop
  endfacet
  facet normal -0.89694 -0.442153 0
    outer loop
      vertex 69.4919 91.65 0
      vertex 69.6249 91.3802 -2.5
      vertex 69.6249 91.3802 0
    endloop
  endfacet
  facet normal 0.55562 -0.831436 0
    outer loop
      vertex 66.0998 92.3247 -2.5
      vertex 66.35 92.4919 0
      vertex 66.0998 92.3247 0
    endloop
  endfacet
  facet normal 0.55562 -0.831436 0
    outer loop
      vertex 66.35 92.4919 0
      vertex 66.0998 92.3247 -2.5
      vertex 66.35 92.4919 -2.5
    endloop
  endfacet
  facet normal -0.980785 0.195093 0
    outer loop
      vertex 69.7216 89.9047 -2.5
      vertex 69.7803 90.1998 0
      vertex 69.7803 90.1998 -2.5
    endloop
  endfacet
  facet normal -0.980785 0.195093 0
    outer loop
      vertex 69.7803 90.1998 0
      vertex 69.7216 89.9047 -2.5
      vertex 69.7216 89.9047 0
    endloop
  endfacet
  facet normal -0.321408 -0.946941 0
    outer loop
      vertex 68.0953 92.7216 -2.5
      vertex 68.3802 92.6249 0
      vertex 68.0953 92.7216 0
    endloop
  endfacet
  facet normal -0.321408 -0.946941 -0
    outer loop
      vertex 68.3802 92.6249 0
      vertex 68.0953 92.7216 -2.5
      vertex 68.3802 92.6249 -2.5
    endloop
  endfacet
  facet normal 0.659563 -0.751649 0
    outer loop
      vertex 65.8737 92.1263 -2.5
      vertex 66.0998 92.3247 0
      vertex 65.8737 92.1263 0
    endloop
  endfacet
  facet normal 0.659563 -0.751649 0
    outer loop
      vertex 66.0998 92.3247 0
      vertex 65.8737 92.1263 -2.5
      vertex 66.0998 92.3247 -2.5
    endloop
  endfacet
  facet normal -0.55562 0.831436 0
    outer loop
      vertex 68.9002 88.6753 -2.5
      vertex 68.65 88.5081 0
      vertex 68.9002 88.6753 0
    endloop
  endfacet
  facet normal -0.55562 0.831436 0
    outer loop
      vertex 68.65 88.5081 0
      vertex 68.9002 88.6753 -2.5
      vertex 68.65 88.5081 -2.5
    endloop
  endfacet
  facet normal 0.195093 -0.980785 0
    outer loop
      vertex 66.9047 92.7216 -2.5
      vertex 67.1998 92.7803 0
      vertex 66.9047 92.7216 0
    endloop
  endfacet
  facet normal 0.195093 -0.980785 0
    outer loop
      vertex 67.1998 92.7803 0
      vertex 66.9047 92.7216 -2.5
      vertex 67.1998 92.7803 -2.5
    endloop
  endfacet
  facet normal 0.997854 0.0654821 0
    outer loop
      vertex 65.2197 90.1998 0
      vertex 65.2 90.5 -2.5
      vertex 65.2 90.5 0
    endloop
  endfacet
  facet normal 0.997854 0.0654821 0
    outer loop
      vertex 65.2 90.5 -2.5
      vertex 65.2197 90.1998 0
      vertex 65.2197 90.1998 -2.5
    endloop
  endfacet
  facet normal 0.89694 0.442153 0
    outer loop
      vertex 65.5081 89.35 0
      vertex 65.3751 89.6198 -2.5
      vertex 65.3751 89.6198 0
    endloop
  endfacet
  facet normal 0.89694 0.442153 0
    outer loop
      vertex 65.3751 89.6198 -2.5
      vertex 65.5081 89.35 0
      vertex 65.5081 89.35 -2.5
    endloop
  endfacet
  facet normal -0.0654821 -0.997854 0
    outer loop
      vertex 67.5 92.8 -2.5
      vertex 67.8002 92.7803 0
      vertex 67.5 92.8 0
    endloop
  endfacet
  facet normal -0.0654821 -0.997854 -0
    outer loop
      vertex 67.8002 92.7803 0
      vertex 67.5 92.8 -2.5
      vertex 67.8002 92.7803 -2.5
    endloop
  endfacet
  facet normal 0.321408 0.946941 -0
    outer loop
      vertex 66.9047 88.2784 -2.5
      vertex 66.6198 88.3751 0
      vertex 66.9047 88.2784 0
    endloop
  endfacet
  facet normal 0.321408 0.946941 0
    outer loop
      vertex 66.6198 88.3751 0
      vertex 66.9047 88.2784 -2.5
      vertex 66.6198 88.3751 -2.5
    endloop
  endfacet
  facet normal -0.195093 0.980785 0
    outer loop
      vertex 68.0953 88.2784 -2.5
      vertex 67.8002 88.2197 0
      vertex 68.0953 88.2784 0
    endloop
  endfacet
  facet normal -0.195093 0.980785 0
    outer loop
      vertex 67.8002 88.2197 0
      vertex 68.0953 88.2784 -2.5
      vertex 67.8002 88.2197 -2.5
    endloop
  endfacet
  facet normal 0.442153 -0.89694 0
    outer loop
      vertex 66.35 92.4919 -2.5
      vertex 66.6198 92.6249 0
      vertex 66.35 92.4919 0
    endloop
  endfacet
  facet normal 0.442153 -0.89694 0
    outer loop
      vertex 66.6198 92.6249 0
      vertex 66.35 92.4919 -2.5
      vertex 66.6198 92.6249 -2.5
    endloop
  endfacet
  facet normal -0.442153 -0.89694 0
    outer loop
      vertex 68.3802 92.6249 -2.5
      vertex 68.65 92.4919 0
      vertex 68.3802 92.6249 0
    endloop
  endfacet
  facet normal -0.442153 -0.89694 -0
    outer loop
      vertex 68.65 92.4919 0
      vertex 68.3802 92.6249 -2.5
      vertex 68.65 92.4919 -2.5
    endloop
  endfacet
  facet normal -0.442153 0.89694 0
    outer loop
      vertex 68.65 88.5081 -2.5
      vertex 68.3802 88.3751 0
      vertex 68.65 88.5081 0
    endloop
  endfacet
  facet normal -0.442153 0.89694 0
    outer loop
      vertex 68.3802 88.3751 0
      vertex 68.65 88.5081 -2.5
      vertex 68.3802 88.3751 -2.5
    endloop
  endfacet
  facet normal 0.980785 0.195093 0
    outer loop
      vertex 65.2784 89.9047 0
      vertex 65.2197 90.1998 -2.5
      vertex 65.2197 90.1998 0
    endloop
  endfacet
  facet normal 0.980785 0.195093 0
    outer loop
      vertex 65.2197 90.1998 -2.5
      vertex 65.2784 89.9047 0
      vertex 65.2784 89.9047 -2.5
    endloop
  endfacet
  facet normal -0.997854 0.0654821 0
    outer loop
      vertex 69.7803 90.1998 -2.5
      vertex 69.8 90.5 0
      vertex 69.8 90.5 -2.5
    endloop
  endfacet
  facet normal -0.997854 0.0654821 0
    outer loop
      vertex 69.8 90.5 0
      vertex 69.7803 90.1998 -2.5
      vertex 69.7803 90.1998 0
    endloop
  endfacet
  facet normal 0.55562 0.831436 -0
    outer loop
      vertex 66.35 88.5081 -2.5
      vertex 66.0998 88.6753 0
      vertex 66.35 88.5081 0
    endloop
  endfacet
  facet normal 0.55562 0.831436 0
    outer loop
      vertex 66.0998 88.6753 0
      vertex 66.35 88.5081 -2.5
      vertex 66.0998 88.6753 -2.5
    endloop
  endfacet
  facet normal -0.751649 0.659563 0
    outer loop
      vertex 69.1263 88.8737 -2.5
      vertex 69.3247 89.0998 0
      vertex 69.3247 89.0998 -2.5
    endloop
  endfacet
  facet normal -0.751649 0.659563 0
    outer loop
      vertex 69.3247 89.0998 0
      vertex 69.1263 88.8737 -2.5
      vertex 69.1263 88.8737 0
    endloop
  endfacet
  facet normal -0.831436 0.55562 0
    outer loop
      vertex 69.3247 89.0998 -2.5
      vertex 69.4919 89.35 0
      vertex 69.4919 89.35 -2.5
    endloop
  endfacet
  facet normal -0.831436 0.55562 0
    outer loop
      vertex 69.4919 89.35 0
      vertex 69.3247 89.0998 -2.5
      vertex 69.3247 89.0998 0
    endloop
  endfacet
  facet normal 0.751649 0.659563 0
    outer loop
      vertex 65.8737 88.8737 0
      vertex 65.6753 89.0998 -2.5
      vertex 65.6753 89.0998 0
    endloop
  endfacet
  facet normal 0.751649 0.659563 0
    outer loop
      vertex 65.6753 89.0998 -2.5
      vertex 65.8737 88.8737 0
      vertex 65.8737 88.8737 -2.5
    endloop
  endfacet
  facet normal 0.751649 -0.659563 0
    outer loop
      vertex 65.6753 91.9002 0
      vertex 65.8737 92.1263 -2.5
      vertex 65.8737 92.1263 0
    endloop
  endfacet
  facet normal 0.751649 -0.659563 0
    outer loop
      vertex 65.8737 92.1263 -2.5
      vertex 65.6753 91.9002 0
      vertex 65.6753 91.9002 -2.5
    endloop
  endfacet
  facet normal -0.946941 0.321408 0
    outer loop
      vertex 69.6249 89.6198 -2.5
      vertex 69.7216 89.9047 0
      vertex 69.7216 89.9047 -2.5
    endloop
  endfacet
  facet normal -0.946941 0.321408 0
    outer loop
      vertex 69.7216 89.9047 0
      vertex 69.6249 89.6198 -2.5
      vertex 69.6249 89.6198 0
    endloop
  endfacet
  facet normal 0.831436 0.55562 0
    outer loop
      vertex 65.6753 89.0998 0
      vertex 65.5081 89.35 -2.5
      vertex 65.5081 89.35 0
    endloop
  endfacet
  facet normal 0.831436 0.55562 0
    outer loop
      vertex 65.5081 89.35 -2.5
      vertex 65.6753 89.0998 0
      vertex 65.6753 89.0998 -2.5
    endloop
  endfacet
  facet normal -0.89694 0.442153 0
    outer loop
      vertex 69.4919 89.35 -2.5
      vertex 69.6249 89.6198 0
      vertex 69.6249 89.6198 -2.5
    endloop
  endfacet
  facet normal -0.89694 0.442153 0
    outer loop
      vertex 69.6249 89.6198 0
      vertex 69.4919 89.35 -2.5
      vertex 69.4919 89.35 0
    endloop
  endfacet
  facet normal 0.195093 0.980785 -0
    outer loop
      vertex 67.1998 88.2197 -2.5
      vertex 66.9047 88.2784 0
      vertex 67.1998 88.2197 0
    endloop
  endfacet
  facet normal 0.195093 0.980785 0
    outer loop
      vertex 66.9047 88.2784 0
      vertex 67.1998 88.2197 -2.5
      vertex 66.9047 88.2784 -2.5
    endloop
  endfacet
  facet normal -0.0654821 0.997854 0
    outer loop
      vertex 67.8002 88.2197 -2.5
      vertex 67.5 88.2 0
      vertex 67.8002 88.2197 0
    endloop
  endfacet
  facet normal -0.0654821 0.997854 0
    outer loop
      vertex 67.5 88.2 0
      vertex 67.8002 88.2197 -2.5
      vertex 67.5 88.2 -2.5
    endloop
  endfacet
  facet normal 0.442153 0.89694 -0
    outer loop
      vertex 66.6198 88.3751 -2.5
      vertex 66.35 88.5081 0
      vertex 66.6198 88.3751 0
    endloop
  endfacet
  facet normal 0.442153 0.89694 0
    outer loop
      vertex 66.35 88.5081 0
      vertex 66.6198 88.3751 -2.5
      vertex 66.35 88.5081 -2.5
    endloop
  endfacet
  facet normal -0.195093 -0.980785 0
    outer loop
      vertex 67.8002 92.7803 -2.5
      vertex 68.0953 92.7216 0
      vertex 67.8002 92.7803 0
    endloop
  endfacet
  facet normal -0.195093 -0.980785 -0
    outer loop
      vertex 68.0953 92.7216 0
      vertex 67.8002 92.7803 -2.5
      vertex 68.0953 92.7216 -2.5
    endloop
  endfacet
  facet normal -0.659563 0.751649 0
    outer loop
      vertex 69.1263 88.8737 -2.5
      vertex 68.9002 88.6753 0
      vertex 69.1263 88.8737 0
    endloop
  endfacet
  facet normal -0.659563 0.751649 0
    outer loop
      vertex 68.9002 88.6753 0
      vertex 69.1263 88.8737 -2.5
      vertex 68.9002 88.6753 -2.5
    endloop
  endfacet
  facet normal -0.55562 -0.831436 0
    outer loop
      vertex 68.65 92.4919 -2.5
      vertex 68.9002 92.3247 0
      vertex 68.65 92.4919 0
    endloop
  endfacet
  facet normal -0.55562 -0.831436 -0
    outer loop
      vertex 68.9002 92.3247 0
      vertex 68.65 92.4919 -2.5
      vertex 68.9002 92.3247 -2.5
    endloop
  endfacet
  facet normal 0.321408 -0.946941 0
    outer loop
      vertex 66.6198 92.6249 -2.5
      vertex 66.9047 92.7216 0
      vertex 66.6198 92.6249 0
    endloop
  endfacet
  facet normal 0.321408 -0.946941 0
    outer loop
      vertex 66.9047 92.7216 0
      vertex 66.6198 92.6249 -2.5
      vertex 66.9047 92.7216 -2.5
    endloop
  endfacet
  facet normal 0.0654821 0.997854 -0
    outer loop
      vertex 67.5 88.2 -2.5
      vertex 67.1998 88.2197 0
      vertex 67.5 88.2 0
    endloop
  endfacet
  facet normal 0.0654821 0.997854 0
    outer loop
      vertex 67.1998 88.2197 0
      vertex 67.5 88.2 -2.5
      vertex 67.1998 88.2197 -2.5
    endloop
  endfacet
  facet normal 0.89694 -0.442153 0
    outer loop
      vertex 65.3751 91.3802 0
      vertex 65.5081 91.65 -2.5
      vertex 65.5081 91.65 0
    endloop
  endfacet
  facet normal 0.89694 -0.442153 0
    outer loop
      vertex 65.5081 91.65 -2.5
      vertex 65.3751 91.3802 0
      vertex 65.3751 91.3802 -2.5
    endloop
  endfacet
  facet normal 0.980785 -0.195093 0
    outer loop
      vertex 65.2197 90.8002 0
      vertex 65.2784 91.0953 -2.5
      vertex 65.2784 91.0953 0
    endloop
  endfacet
  facet normal 0.980785 -0.195093 0
    outer loop
      vertex 65.2784 91.0953 -2.5
      vertex 65.2197 90.8002 0
      vertex 65.2197 90.8002 -2.5
    endloop
  endfacet
  facet normal -0.751649 -0.659563 0
    outer loop
      vertex 69.3247 91.9002 -2.5
      vertex 69.1263 92.1263 0
      vertex 69.1263 92.1263 -2.5
    endloop
  endfacet
  facet normal -0.751649 -0.659563 0
    outer loop
      vertex 69.1263 92.1263 0
      vertex 69.3247 91.9002 -2.5
      vertex 69.3247 91.9002 0
    endloop
  endfacet
  facet normal 0.659563 0.751649 -0
    outer loop
      vertex 66.0998 88.6753 -2.5
      vertex 65.8737 88.8737 0
      vertex 66.0998 88.6753 0
    endloop
  endfacet
  facet normal 0.659563 0.751649 0
    outer loop
      vertex 65.8737 88.8737 0
      vertex 66.0998 88.6753 -2.5
      vertex 65.8737 88.8737 -2.5
    endloop
  endfacet
  facet normal -0.659563 -0.751649 0
    outer loop
      vertex 68.9002 92.3247 -2.5
      vertex 69.1263 92.1263 0
      vertex 68.9002 92.3247 0
    endloop
  endfacet
  facet normal -0.659563 -0.751649 -0
    outer loop
      vertex 69.1263 92.1263 0
      vertex 68.9002 92.3247 -2.5
      vertex 69.1263 92.1263 -2.5
    endloop
  endfacet
  facet normal 0.0654821 -0.997854 0
    outer loop
      vertex 67.1998 92.7803 -2.5
      vertex 67.5 92.8 0
      vertex 67.1998 92.7803 0
    endloop
  endfacet
  facet normal 0.0654821 -0.997854 0
    outer loop
      vertex 67.5 92.8 0
      vertex 67.1998 92.7803 -2.5
      vertex 67.5 92.8 -2.5
    endloop
  endfacet
  facet normal 0.946941 -0.321408 0
    outer loop
      vertex 65.2784 91.0953 0
      vertex 65.3751 91.3802 -2.5
      vertex 65.3751 91.3802 0
    endloop
  endfacet
  facet normal 0.946941 -0.321408 0
    outer loop
      vertex 65.3751 91.3802 -2.5
      vertex 65.2784 91.0953 0
      vertex 65.2784 91.0953 -2.5
    endloop
  endfacet
  facet normal 0.997854 -0.0654821 0
    outer loop
      vertex 65.2 90.5 0
      vertex 65.2197 90.8002 -2.5
      vertex 65.2197 90.8002 0
    endloop
  endfacet
  facet normal 0.997854 -0.0654821 0
    outer loop
      vertex 65.2197 90.8002 -2.5
      vertex 65.2 90.5 0
      vertex 65.2 90.5 -2.5
    endloop
  endfacet
  facet normal 0.831436 -0.55562 0
    outer loop
      vertex 65.5081 91.65 0
      vertex 65.6753 91.9002 -2.5
      vertex 65.6753 91.9002 0
    endloop
  endfacet
  facet normal 0.831436 -0.55562 0
    outer loop
      vertex 65.6753 91.9002 -2.5
      vertex 65.5081 91.65 0
      vertex 65.5081 91.65 -2.5
    endloop
  endfacet
  facet normal -1 0 0
    outer loop
      vertex 22 -2.5 9.3
      vertex 22 0 10.9
      vertex 22 0 9.3
    endloop
  endfacet
  facet normal -1 -0 0
    outer loop
      vertex 22 0 10.9
      vertex 22 -2.5 9.3
      vertex 22 -2.5 10.9
    endloop
  endfacet
  facet normal 0 0 -1
    outer loop
      vertex 10 -2.5 10.9
      vertex 22 0 10.9
      vertex 22 -2.5 10.9
    endloop
  endfacet
  facet normal -0 0 -1
    outer loop
      vertex 22 0 10.9
      vertex 10 -2.5 10.9
      vertex 10 0 10.9
    endloop
  endfacet
  facet normal -0 0 1
    outer loop
      vertex 10 0 9.3
      vertex 22 -2.5 9.3
      vertex 22 0 9.3
    endloop
  endfacet
  facet normal 0 0 1
    outer loop
      vertex 22 -2.5 9.3
      vertex 10 0 9.3
      vertex 10 -2.5 9.3
    endloop
  endfacet
  facet normal 1 -0 0
    outer loop
      vertex 10 -2.5 10.9
      vertex 10 0 9.3
      vertex 10 0 10.9
    endloop
  endfacet
  facet normal 1 0 0
    outer loop
      vertex 10 0 9.3
      vertex 10 -2.5 10.9
      vertex 10 -2.5 9.3
    endloop
  endfacet
  facet normal -1 0 0
    outer loop
      vertex 38 -2.5 9.3
      vertex 38 0 10.9
      vertex 38 0 9.3
    endloop
  endfacet
  facet normal -1 -0 0
    outer loop
      vertex 38 0 10.9
      vertex 38 -2.5 9.3
      vertex 38 -2.5 10.9
    endloop
  endfacet
  facet normal 0 0 -1
    outer loop
      vertex 26 -2.5 10.9
      vertex 38 0 10.9
      vertex 38 -2.5 10.9
    endloop
  endfacet
  facet normal -0 0 -1
    outer loop
      vertex 38 0 10.9
      vertex 26 -2.5 10.9
      vertex 26 0 10.9
    endloop
  endfacet
  facet normal -0 0 1
    outer loop
      vertex 26 0 9.3
      vertex 38 -2.5 9.3
      vertex 38 0 9.3
    endloop
  endfacet
  facet normal 0 0 1
    outer loop
      vertex 38 -2.5 9.3
      vertex 26 0 9.3
      vertex 26 -2.5 9.3
    endloop
  endfacet
  facet normal 1 -0 0
    outer loop
      vertex 26 -2.5 10.9
      vertex 26 0 9.3
      vertex 26 0 10.9
    endloop
  endfacet
  facet normal 1 0 0
    outer loop
      vertex 26 0 9.3
      vertex 26 -2.5 10.9
      vertex 26 -2.5 9.3
    endloop
  endfacet
  facet normal -1 0 0
    outer loop
      vertex 66 -2.5 5.6
      vertex 66 0 14.6
      vertex 66 0 5.6
    endloop
  endfacet
  facet normal -1 -0 0
    outer loop
      vertex 66 0 14.6
      vertex 66 -2.5 5.6
      vertex 66 -2.5 14.6
    endloop
  endfacet
  facet normal 0 0 -1
    outer loop
      vertex 54 -2.5 14.6
      vertex 66 0 14.6
      vertex 66 -2.5 14.6
    endloop
  endfacet
  facet normal -0 0 -1
    outer loop
      vertex 66 0 14.6
      vertex 54 -2.5 14.6
      vertex 54 0 14.6
    endloop
  endfacet
  facet normal -0 0 1
    outer loop
      vertex 54 0 5.6
      vertex 66 -2.5 5.6
      vertex 66 0 5.6
    endloop
  endfacet
  facet normal 0 0 1
    outer loop
      vertex 66 -2.5 5.6
      vertex 54 0 5.6
      vertex 54 -2.5 5.6
    endloop
  endfacet
  facet normal 1 -0 0
    outer loop
      vertex 54 -2.5 14.6
      vertex 54 0 5.6
      vertex 54 0 14.6
    endloop
  endfacet
  facet normal 1 0 0
    outer loop
      vertex 54 0 5.6
      vertex 54 -2.5 14.6
      vertex 54 -2.5 5.6
    endloop
  endfacet
  facet normal -0.0654873 0 -0.997853
    outer loop
      vertex 72 -2.5 13.1
      vertex 72.3916 0 13.0743
      vertex 72.3916 -2.5 13.0743
    endloop
  endfacet
  facet normal -0.0654873 0 -0.997853
    outer loop
      vertex 72.3916 0 13.0743
      vertex 72 -2.5 13.1
      vertex 72 0 13.1
    endloop
  endfacet
  facet normal -0.980813 0 0.19495
    outer loop
      vertex 74.8978 -2.5 9.32354
      vertex 74.9743 0 9.70842
      vertex 74.8978 0 9.32354
    endloop
  endfacet
  facet normal -0.980813 0 0.19495
    outer loop
      vertex 74.9743 0 9.70842
      vertex 74.8978 -2.5 9.32354
      vertex 74.9743 -2.5 9.70842
    endloop
  endfacet
  facet normal -0.997853 0 0.0654906
    outer loop
      vertex 74.9743 -2.5 9.70842
      vertex 75 0 10.1
      vertex 74.9743 0 9.70842
    endloop
  endfacet
  facet normal -0.997853 0 0.0654906
    outer loop
      vertex 75 0 10.1
      vertex 74.9743 -2.5 9.70842
      vertex 75 -2.5 10.1
    endloop
  endfacet
  facet normal -0.946882 0 0.321582
    outer loop
      vertex 74.7716 -2.5 8.95195
      vertex 74.8978 0 9.32354
      vertex 74.7716 0 8.95195
    endloop
  endfacet
  facet normal -0.946882 0 0.321582
    outer loop
      vertex 74.8978 0 9.32354
      vertex 74.7716 -2.5 8.95195
      vertex 74.8978 -2.5 9.32354
    endloop
  endfacet
  facet normal -0.321514 0 0.946905
    outer loop
      vertex 72.7765 0 7.20222
      vertex 73.148 -2.5 7.32836
      vertex 73.148 0 7.32836
    endloop
  endfacet
  facet normal -0.321514 0 0.946905
    outer loop
      vertex 73.148 -2.5 7.32836
      vertex 72.7765 0 7.20222
      vertex 72.7765 -2.5 7.20222
    endloop
  endfacet
  facet normal -0.980815 0 -0.19494
    outer loop
      vertex 74.9743 -2.5 10.4916
      vertex 74.8978 0 10.8765
      vertex 74.9743 0 10.4916
    endloop
  endfacet
  facet normal -0.980815 -0 -0.19494
    outer loop
      vertex 74.8978 0 10.8765
      vertex 74.9743 -2.5 10.4916
      vertex 74.8978 -2.5 10.8765
    endloop
  endfacet
  facet normal 0.997853 0 -0.0654873
    outer loop
      vertex 69.0257 -2.5 10.4916
      vertex 69 0 10.1
      vertex 69.0257 0 10.4916
    endloop
  endfacet
  facet normal 0.997853 0 -0.0654873
    outer loop
      vertex 69 0 10.1
      vertex 69.0257 -2.5 10.4916
      vertex 69 -2.5 10.1
    endloop
  endfacet
  facet normal -0.555558 0 0.831477
    outer loop
      vertex 73.5 0 7.50192
      vertex 73.8263 -2.5 7.71994
      vertex 73.8263 0 7.71994
    endloop
  endfacet
  facet normal -0.555558 0 0.831477
    outer loop
      vertex 73.8263 -2.5 7.71994
      vertex 73.5 0 7.50192
      vertex 73.5 -2.5 7.50192
    endloop
  endfacet
  facet normal -0.896936 0 0.44216
    outer loop
      vertex 74.5981 -2.5 8.6
      vertex 74.7716 0 8.95195
      vertex 74.5981 0 8.6
    endloop
  endfacet
  facet normal -0.896936 0 0.44216
    outer loop
      vertex 74.7716 0 8.95195
      vertex 74.5981 -2.5 8.6
      vertex 74.7716 -2.5 8.95195
    endloop
  endfacet
  facet normal -0.946858 0 -0.321651
    outer loop
      vertex 74.8978 -2.5 10.8765
      vertex 74.7716 0 11.248
      vertex 74.8978 0 10.8765
    endloop
  endfacet
  facet normal -0.946858 -0 -0.321651
    outer loop
      vertex 74.7716 0 11.248
      vertex 74.8978 -2.5 10.8765
      vertex 74.7716 -2.5 11.248
    endloop
  endfacet
  facet normal 0.997853 -0 0.0654906
    outer loop
      vertex 69 -2.5 10.1
      vertex 69.0257 0 9.70842
      vertex 69 0 10.1
    endloop
  endfacet
  facet normal 0.997853 0 0.0654906
    outer loop
      vertex 69.0257 0 9.70842
      vertex 69 -2.5 10.1
      vertex 69.0257 -2.5 9.70842
    endloop
  endfacet
  facet normal -0.321651 0 -0.946858
    outer loop
      vertex 72.7765 -2.5 12.9978
      vertex 73.148 0 12.8716
      vertex 73.148 -2.5 12.8716
    endloop
  endfacet
  facet normal -0.321651 0 -0.946858
    outer loop
      vertex 73.148 0 12.8716
      vertex 72.7765 -2.5 12.9978
      vertex 72.7765 0 12.9978
    endloop
  endfacet
  facet normal -0.831485 0 0.555547
    outer loop
      vertex 74.3801 -2.5 8.27372
      vertex 74.5981 0 8.6
      vertex 74.3801 0 8.27372
    endloop
  endfacet
  facet normal -0.831485 0 0.555547
    outer loop
      vertex 74.5981 0 8.6
      vertex 74.3801 -2.5 8.27372
      vertex 74.5981 -2.5 8.6
    endloop
  endfacet
  facet normal -0.195087 0 0.980786
    outer loop
      vertex 72.3916 0 7.12566
      vertex 72.7765 -2.5 7.20222
      vertex 72.7765 0 7.20222
    endloop
  endfacet
  facet normal -0.195087 0 0.980786
    outer loop
      vertex 72.7765 -2.5 7.20222
      vertex 72.3916 0 7.12566
      vertex 72.3916 -2.5 7.12566
    endloop
  endfacet
  facet normal -0.997853 0 -0.0654873
    outer loop
      vertex 75 -2.5 10.1
      vertex 74.9743 0 10.4916
      vertex 75 0 10.1
    endloop
  endfacet
  facet normal -0.997853 -0 -0.0654873
    outer loop
      vertex 74.9743 0 10.4916
      vertex 75 -2.5 10.1
      vertex 74.9743 -2.5 10.4916
    endloop
  endfacet
  facet normal 0.659478 0 -0.751724
    outer loop
      vertex 69.8787 -2.5 12.2213
      vertex 70.1737 0 12.4801
      vertex 70.1737 -2.5 12.4801
    endloop
  endfacet
  facet normal 0.659478 0 -0.751724
    outer loop
      vertex 70.1737 0 12.4801
      vertex 69.8787 -2.5 12.2213
      vertex 69.8787 0 12.2213
    endloop
  endfacet
  facet normal -0.896961 0 -0.44211
    outer loop
      vertex 74.7716 -2.5 11.248
      vertex 74.5981 0 11.6
      vertex 74.7716 0 11.248
    endloop
  endfacet
  facet normal -0.896961 -0 -0.44211
    outer loop
      vertex 74.5981 0 11.6
      vertex 74.7716 -2.5 11.248
      vertex 74.5981 -2.5 11.6
    endloop
  endfacet
  facet normal -0.44211 0 -0.896961
    outer loop
      vertex 73.148 -2.5 12.8716
      vertex 73.5 0 12.6981
      vertex 73.5 -2.5 12.6981
    endloop
  endfacet
  facet normal -0.44211 0 -0.896961
    outer loop
      vertex 73.5 0 12.6981
      vertex 73.148 -2.5 12.8716
      vertex 73.148 0 12.8716
    endloop
  endfacet
  facet normal -0.831501 0 -0.555523
    outer loop
      vertex 74.5981 -2.5 11.6
      vertex 74.3801 0 11.9263
      vertex 74.5981 0 11.6
    endloop
  endfacet
  facet normal -0.831501 -0 -0.555523
    outer loop
      vertex 74.3801 0 11.9263
      vertex 74.5981 -2.5 11.6
      vertex 74.3801 -2.5 11.9263
    endloop
  endfacet
  facet normal 0.555523 0 -0.831501
    outer loop
      vertex 70.1737 -2.5 12.4801
      vertex 70.5 0 12.6981
      vertex 70.5 -2.5 12.6981
    endloop
  endfacet
  facet normal 0.555523 0 -0.831501
    outer loop
      vertex 70.5 0 12.6981
      vertex 70.1737 -2.5 12.4801
      vertex 70.1737 0 12.4801
    endloop
  endfacet
  facet normal 0.751724 0 -0.659478
    outer loop
      vertex 69.8787 -2.5 12.2213
      vertex 69.6199 0 11.9263
      vertex 69.8787 0 12.2213
    endloop
  endfacet
  facet normal 0.751724 0 -0.659478
    outer loop
      vertex 69.6199 0 11.9263
      vertex 69.8787 -2.5 12.2213
      vertex 69.6199 -2.5 11.9263
    endloop
  endfacet
  facet normal 0.946858 0 -0.321651
    outer loop
      vertex 69.2284 -2.5 11.248
      vertex 69.1022 0 10.8765
      vertex 69.2284 0 11.248
    endloop
  endfacet
  facet normal 0.946858 0 -0.321651
    outer loop
      vertex 69.1022 0 10.8765
      vertex 69.2284 -2.5 11.248
      vertex 69.1022 -2.5 10.8765
    endloop
  endfacet
  facet normal 0.831485 -0 0.555547
    outer loop
      vertex 69.4019 -2.5 8.6
      vertex 69.6199 0 8.27372
      vertex 69.4019 0 8.6
    endloop
  endfacet
  facet normal 0.831485 0 0.555547
    outer loop
      vertex 69.6199 0 8.27372
      vertex 69.4019 -2.5 8.6
      vertex 69.6199 -2.5 8.27372
    endloop
  endfacet
  facet normal 0.751768 -0 0.659428
    outer loop
      vertex 69.6199 -2.5 8.27372
      vertex 69.8787 0 7.97868
      vertex 69.6199 0 8.27372
    endloop
  endfacet
  facet normal 0.751768 0 0.659428
    outer loop
      vertex 69.8787 0 7.97868
      vertex 69.6199 -2.5 8.27372
      vertex 69.8787 -2.5 7.97868
    endloop
  endfacet
  facet normal 0.980813 -0 0.19495
    outer loop
      vertex 69.0257 -2.5 9.70842
      vertex 69.1022 0 9.32354
      vertex 69.0257 0 9.70842
    endloop
  endfacet
  facet normal 0.980813 0 0.19495
    outer loop
      vertex 69.1022 0 9.32354
      vertex 69.0257 -2.5 9.70842
      vertex 69.1022 -2.5 9.32354
    endloop
  endfacet
  facet normal -0.751768 0 0.659428
    outer loop
      vertex 74.1213 -2.5 7.97868
      vertex 74.3801 0 8.27372
      vertex 74.1213 0 7.97868
    endloop
  endfacet
  facet normal -0.751768 0 0.659428
    outer loop
      vertex 74.3801 0 8.27372
      vertex 74.1213 -2.5 7.97868
      vertex 74.3801 -2.5 8.27372
    endloop
  endfacet
  facet normal -0.659392 0 0.751799
    outer loop
      vertex 73.8263 0 7.71994
      vertex 74.1213 -2.5 7.97868
      vertex 74.1213 0 7.97868
    endloop
  endfacet
  facet normal -0.659392 0 0.751799
    outer loop
      vertex 74.1213 -2.5 7.97868
      vertex 73.8263 0 7.71994
      vertex 73.8263 -2.5 7.71994
    endloop
  endfacet
  facet normal -0.442233 0 0.8969
    outer loop
      vertex 73.148 0 7.32836
      vertex 73.5 -2.5 7.50192
      vertex 73.5 0 7.50192
    endloop
  endfacet
  facet normal -0.442233 0 0.8969
    outer loop
      vertex 73.5 -2.5 7.50192
      vertex 73.148 0 7.32836
      vertex 73.148 -2.5 7.32836
    endloop
  endfacet
  facet normal 0.195087 0 0.980786
    outer loop
      vertex 71.2235 0 7.20222
      vertex 71.6084 -2.5 7.12566
      vertex 71.6084 0 7.12566
    endloop
  endfacet
  facet normal 0.195087 0 0.980786
    outer loop
      vertex 71.6084 -2.5 7.12566
      vertex 71.2235 0 7.20222
      vertex 71.2235 -2.5 7.20222
    endloop
  endfacet
  facet normal 0.555558 0 0.831477
    outer loop
      vertex 70.1737 0 7.71994
      vertex 70.5 -2.5 7.50192
      vertex 70.5 0 7.50192
    endloop
  endfacet
  facet normal 0.555558 0 0.831477
    outer loop
      vertex 70.5 -2.5 7.50192
      vertex 70.1737 0 7.71994
      vertex 70.1737 -2.5 7.71994
    endloop
  endfacet
  facet normal 0.44211 0 -0.896961
    outer loop
      vertex 70.5 -2.5 12.6981
      vertex 70.852 0 12.8716
      vertex 70.852 -2.5 12.8716
    endloop
  endfacet
  facet normal 0.44211 0 -0.896961
    outer loop
      vertex 70.852 0 12.8716
      vertex 70.5 -2.5 12.6981
      vertex 70.5 0 12.6981
    endloop
  endfacet
  facet normal -0.555523 0 -0.831501
    outer loop
      vertex 73.5 -2.5 12.6981
      vertex 73.8263 0 12.4801
      vertex 73.8263 -2.5 12.4801
    endloop
  endfacet
  facet normal -0.555523 0 -0.831501
    outer loop
      vertex 73.8263 0 12.4801
      vertex 73.5 -2.5 12.6981
      vertex 73.5 0 12.6981
    endloop
  endfacet
  facet normal 0.442233 0 0.8969
    outer loop
      vertex 70.5 0 7.50192
      vertex 70.852 -2.5 7.32836
      vertex 70.852 0 7.32836
    endloop
  endfacet
  facet normal 0.442233 0 0.8969
    outer loop
      vertex 70.852 -2.5 7.32836
      vertex 70.5 0 7.50192
      vertex 70.5 -2.5 7.50192
    endloop
  endfacet
  facet normal 0.896961 0 -0.44211
    outer loop
      vertex 69.4019 -2.5 11.6
      vertex 69.2284 0 11.248
      vertex 69.4019 0 11.6
    endloop
  endfacet
  facet normal 0.896961 0 -0.44211
    outer loop
      vertex 69.2284 0 11.248
      vertex 69.4019 -2.5 11.6
      vertex 69.2284 -2.5 11.248
    endloop
  endfacet
  facet normal -0.19494 0 -0.980815
    outer loop
      vertex 72.3916 -2.5 13.0743
      vertex 72.7765 0 12.9978
      vertex 72.7765 -2.5 12.9978
    endloop
  endfacet
  facet normal -0.19494 0 -0.980815
    outer loop
      vertex 72.7765 0 12.9978
      vertex 72.3916 -2.5 13.0743
      vertex 72.3916 0 13.0743
    endloop
  endfacet
  facet normal -0.751724 0 -0.659478
    outer loop
      vertex 74.3801 -2.5 11.9263
      vertex 74.1213 0 12.2213
      vertex 74.3801 0 11.9263
    endloop
  endfacet
  facet normal -0.751724 -0 -0.659478
    outer loop
      vertex 74.1213 0 12.2213
      vertex 74.3801 -2.5 11.9263
      vertex 74.1213 -2.5 12.2213
    endloop
  endfacet
  facet normal 0.659392 0 0.751799
    outer loop
      vertex 69.8787 0 7.97868
      vertex 70.1737 -2.5 7.71994
      vertex 70.1737 0 7.71994
    endloop
  endfacet
  facet normal 0.659392 0 0.751799
    outer loop
      vertex 70.1737 -2.5 7.71994
      vertex 69.8787 0 7.97868
      vertex 69.8787 -2.5 7.97868
    endloop
  endfacet
  facet normal 0.946882 -0 0.321582
    outer loop
      vertex 69.1022 -2.5 9.32354
      vertex 69.2284 0 8.95195
      vertex 69.1022 0 9.32354
    endloop
  endfacet
  facet normal 0.946882 0 0.321582
    outer loop
      vertex 69.2284 0 8.95195
      vertex 69.1022 -2.5 9.32354
      vertex 69.2284 -2.5 8.95195
    endloop
  endfacet
  facet normal 0.831501 0 -0.555523
    outer loop
      vertex 69.6199 -2.5 11.9263
      vertex 69.4019 0 11.6
      vertex 69.6199 0 11.9263
    endloop
  endfacet
  facet normal 0.831501 0 -0.555523
    outer loop
      vertex 69.4019 0 11.6
      vertex 69.6199 -2.5 11.9263
      vertex 69.4019 -2.5 11.6
    endloop
  endfacet
  facet normal 0.19494 0 -0.980815
    outer loop
      vertex 71.2235 -2.5 12.9978
      vertex 71.6084 0 13.0743
      vertex 71.6084 -2.5 13.0743
    endloop
  endfacet
  facet normal 0.19494 0 -0.980815
    outer loop
      vertex 71.6084 0 13.0743
      vertex 71.2235 -2.5 12.9978
      vertex 71.2235 0 12.9978
    endloop
  endfacet
  facet normal 0.321514 0 0.946905
    outer loop
      vertex 70.852 0 7.32836
      vertex 71.2235 -2.5 7.20222
      vertex 71.2235 0 7.20222
    endloop
  endfacet
  facet normal 0.321514 0 0.946905
    outer loop
      vertex 71.2235 -2.5 7.20222
      vertex 70.852 0 7.32836
      vertex 70.852 -2.5 7.32836
    endloop
  endfacet
  facet normal 0.980815 0 -0.19494
    outer loop
      vertex 69.1022 -2.5 10.8765
      vertex 69.0257 0 10.4916
      vertex 69.1022 0 10.8765
    endloop
  endfacet
  facet normal 0.980815 0 -0.19494
    outer loop
      vertex 69.0257 0 10.4916
      vertex 69.1022 -2.5 10.8765
      vertex 69.0257 -2.5 10.4916
    endloop
  endfacet
  facet normal -0.0653858 0 0.99786
    outer loop
      vertex 72 0 7.1
      vertex 72.3916 -2.5 7.12566
      vertex 72.3916 0 7.12566
    endloop
  endfacet
  facet normal -0.0653858 0 0.99786
    outer loop
      vertex 72.3916 -2.5 7.12566
      vertex 72 0 7.1
      vertex 72 -2.5 7.1
    endloop
  endfacet
  facet normal 0.896936 -0 0.44216
    outer loop
      vertex 69.2284 -2.5 8.95195
      vertex 69.4019 0 8.6
      vertex 69.2284 0 8.95195
    endloop
  endfacet
  facet normal 0.896936 0 0.44216
    outer loop
      vertex 69.4019 0 8.6
      vertex 69.2284 -2.5 8.95195
      vertex 69.4019 -2.5 8.6
    endloop
  endfacet
  facet normal -0.659478 0 -0.751724
    outer loop
      vertex 73.8263 -2.5 12.4801
      vertex 74.1213 0 12.2213
      vertex 74.1213 -2.5 12.2213
    endloop
  endfacet
  facet normal -0.659478 0 -0.751724
    outer loop
      vertex 74.1213 0 12.2213
      vertex 73.8263 -2.5 12.4801
      vertex 73.8263 0 12.4801
    endloop
  endfacet
  facet normal 0.321651 0 -0.946858
    outer loop
      vertex 70.852 -2.5 12.8716
      vertex 71.2235 0 12.9978
      vertex 71.2235 -2.5 12.9978
    endloop
  endfacet
  facet normal 0.321651 0 -0.946858
    outer loop
      vertex 71.2235 0 12.9978
      vertex 70.852 -2.5 12.8716
      vertex 70.852 0 12.8716
    endloop
  endfacet
  facet normal 0.0653858 0 0.99786
    outer loop
      vertex 71.6084 0 7.12566
      vertex 72 -2.5 7.1
      vertex 72 0 7.1
    endloop
  endfacet
  facet normal 0.0653858 0 0.99786
    outer loop
      vertex 72 -2.5 7.1
      vertex 71.6084 0 7.12566
      vertex 71.6084 -2.5 7.12566
    endloop
  endfacet
  facet normal 0.0654873 0 -0.997853
    outer loop
      vertex 71.6084 -2.5 13.0743
      vertex 72 0 13.1
      vertex 72 -2.5 13.1
    endloop
  endfacet
  facet normal 0.0654873 0 -0.997853
    outer loop
      vertex 72 0 13.1
      vertex 71.6084 -2.5 13.0743
      vertex 71.6084 0 13.0743
    endloop
  endfacet
endsolid OpenSCAD_Model
