solid OpenSCAD_Model
  facet normal -0.980779 0.195122 0
    outer loop
      vertex 5.14207 -3.93999 1.55
      vertex 5.18546 -3.72189 2.5
      vertex 5.18546 -3.72189 1.55
    endloop
  endfacet
  facet normal -0.980779 0.195122 0
    outer loop
      vertex 5.18546 -3.72189 2.5
      vertex 5.14207 -3.93999 1.55
      vertex 5.14207 -3.93999 2.5
    endloop
  endfacet
  facet normal -0.99786 0.0653877 0
    outer loop
      vertex 5.18546 -3.72189 1.55
      vertex 5.2 -3.5 2.5
      vertex 5.2 -3.5 1.55
    endloop
  endfacet
  facet normal -0.99786 0.0653877 0
    outer loop
      vertex 5.2 -3.5 2.5
      vertex 5.18546 -3.72189 1.55
      vertex 5.18546 -3.72189 2.5
    endloop
  endfacet
  facet normal 0.442278 0.896878 -0
    outer loop
      vertex 2.84944 -5.07059 1.55
      vertex 2.65 -4.97224 2.5
      vertex 2.84944 -5.07059 2.5
    endloop
  endfacet
  facet normal 0.442278 0.896878 0
    outer loop
      vertex 2.65 -4.97224 2.5
      vertex 2.84944 -5.07059 1.55
      vertex 2.65 -4.97224 1.55
    endloop
  endfacet
  facet normal -0.555572 0.831469 0
    outer loop
      vertex 4.53489 -4.8487 1.55
      vertex 4.35 -4.97224 2.5
      vertex 4.53489 -4.8487 2.5
    endloop
  endfacet
  facet normal -0.555572 0.831469 0
    outer loop
      vertex 4.35 -4.97224 2.5
      vertex 4.53489 -4.8487 1.55
      vertex 4.35 -4.97224 1.55
    endloop
  endfacet
  facet normal 0.659342 0.751844 -0
    outer loop
      vertex 2.46511 -4.8487 1.55
      vertex 2.29792 -4.70208 2.5
      vertex 2.46511 -4.8487 2.5
    endloop
  endfacet
  facet normal 0.659342 0.751844 0
    outer loop
      vertex 2.29792 -4.70208 2.5
      vertex 2.46511 -4.8487 1.55
      vertex 2.29792 -4.70208 1.55
    endloop
  endfacet
  facet normal -0.321404 -0.946942 0
    outer loop
      vertex 3.93999 -1.85793 1.55
      vertex 4.15056 -1.9294 2.5
      vertex 3.93999 -1.85793 2.5
    endloop
  endfacet
  facet normal -0.321404 -0.946942 -0
    outer loop
      vertex 4.15056 -1.9294 2.5
      vertex 3.93999 -1.85793 1.55
      vertex 4.15056 -1.9294 1.55
    endloop
  endfacet
  facet normal -0.831469 -0.555572 0
    outer loop
      vertex 4.97224 -2.65 1.55
      vertex 4.8487 -2.46511 2.5
      vertex 4.8487 -2.46511 1.55
    endloop
  endfacet
  facet normal -0.831469 -0.555572 0
    outer loop
      vertex 4.8487 -2.46511 2.5
      vertex 4.97224 -2.65 1.55
      vertex 4.97224 -2.65 2.5
    endloop
  endfacet
  facet normal -0.946929 -0.321444 0
    outer loop
      vertex 5.14207 -3.06001 1.55
      vertex 5.07059 -2.84944 2.5
      vertex 5.07059 -2.84944 1.55
    endloop
  endfacet
  facet normal -0.946929 -0.321444 0
    outer loop
      vertex 5.07059 -2.84944 2.5
      vertex 5.14207 -3.06001 1.55
      vertex 5.14207 -3.06001 2.5
    endloop
  endfacet
  facet normal -0.321444 0.946929 0
    outer loop
      vertex 4.15056 -5.07059 1.55
      vertex 3.93999 -5.14207 2.5
      vertex 4.15056 -5.07059 2.5
    endloop
  endfacet
  facet normal -0.321444 0.946929 0
    outer loop
      vertex 3.93999 -5.14207 2.5
      vertex 4.15056 -5.07059 1.55
      vertex 3.93999 -5.14207 1.55
    endloop
  endfacet
  facet normal -0.195122 0.980779 0
    outer loop
      vertex 3.93999 -5.14207 1.55
      vertex 3.72189 -5.18546 2.5
      vertex 3.93999 -5.14207 2.5
    endloop
  endfacet
  facet normal -0.195122 0.980779 0
    outer loop
      vertex 3.72189 -5.18546 2.5
      vertex 3.93999 -5.14207 1.55
      vertex 3.72189 -5.18546 1.55
    endloop
  endfacet
  facet normal 0.555572 0.831469 -0
    outer loop
      vertex 2.65 -4.97224 1.55
      vertex 2.46511 -4.8487 2.5
      vertex 2.65 -4.97224 2.5
    endloop
  endfacet
  facet normal 0.555572 0.831469 0
    outer loop
      vertex 2.46511 -4.8487 2.5
      vertex 2.65 -4.97224 1.55
      vertex 2.46511 -4.8487 1.55
    endloop
  endfacet
  facet normal -0.896878 -0.442278 0
    outer loop
      vertex 5.07059 -2.84944 1.55
      vertex 4.97224 -2.65 2.5
      vertex 4.97224 -2.65 1.55
    endloop
  endfacet
  facet normal -0.896878 -0.442278 0
    outer loop
      vertex 4.97224 -2.65 2.5
      vertex 5.07059 -2.84944 1.55
      vertex 5.07059 -2.84944 2.5
    endloop
  endfacet
  facet normal -0.659342 0.751844 0
    outer loop
      vertex 4.70208 -4.70208 1.55
      vertex 4.53489 -4.8487 2.5
      vertex 4.70208 -4.70208 2.5
    endloop
  endfacet
  facet normal -0.659342 0.751844 0
    outer loop
      vertex 4.53489 -4.8487 2.5
      vertex 4.70208 -4.70208 1.55
      vertex 4.53489 -4.8487 1.55
    endloop
  endfacet
  facet normal -0.555572 -0.831469 0
    outer loop
      vertex 4.35 -2.02776 1.55
      vertex 4.53489 -2.1513 2.5
      vertex 4.35 -2.02776 2.5
    endloop
  endfacet
  facet normal -0.555572 -0.831469 -0
    outer loop
      vertex 4.53489 -2.1513 2.5
      vertex 4.35 -2.02776 1.55
      vertex 4.53489 -2.1513 1.55
    endloop
  endfacet
  facet normal -0.442278 0.896878 0
    outer loop
      vertex 4.35 -4.97224 1.55
      vertex 4.15056 -5.07059 2.5
      vertex 4.35 -4.97224 2.5
    endloop
  endfacet
  facet normal -0.442278 0.896878 0
    outer loop
      vertex 4.15056 -5.07059 2.5
      vertex 4.35 -4.97224 1.55
      vertex 4.15056 -5.07059 1.55
    endloop
  endfacet
  facet normal 0.659342 -0.751844 0
    outer loop
      vertex 2.29792 -2.29792 1.55
      vertex 2.46511 -2.1513 2.5
      vertex 2.29792 -2.29792 2.5
    endloop
  endfacet
  facet normal 0.659342 -0.751844 0
    outer loop
      vertex 2.46511 -2.1513 2.5
      vertex 2.29792 -2.29792 1.55
      vertex 2.46511 -2.1513 1.55
    endloop
  endfacet
  facet normal 0.751844 -0.659342 0
    outer loop
      vertex 2.1513 -2.46511 2.5
      vertex 2.29792 -2.29792 1.55
      vertex 2.29792 -2.29792 2.5
    endloop
  endfacet
  facet normal 0.751844 -0.659342 0
    outer loop
      vertex 2.29792 -2.29792 1.55
      vertex 2.1513 -2.46511 2.5
      vertex 2.1513 -2.46511 1.55
    endloop
  endfacet
  facet normal 0.831469 -0.555572 0
    outer loop
      vertex 2.02776 -2.65 2.5
      vertex 2.1513 -2.46511 1.55
      vertex 2.1513 -2.46511 2.5
    endloop
  endfacet
  facet normal 0.831469 -0.555572 0
    outer loop
      vertex 2.1513 -2.46511 1.55
      vertex 2.02776 -2.65 2.5
      vertex 2.02776 -2.65 1.55
    endloop
  endfacet
  facet normal -0.831469 0.555572 0
    outer loop
      vertex 4.8487 -4.53489 1.55
      vertex 4.97224 -4.35 2.5
      vertex 4.97224 -4.35 1.55
    endloop
  endfacet
  facet normal -0.831469 0.555572 0
    outer loop
      vertex 4.97224 -4.35 2.5
      vertex 4.8487 -4.53489 1.55
      vertex 4.8487 -4.53489 2.5
    endloop
  endfacet
  facet normal -0.195122 -0.980779 0
    outer loop
      vertex 3.72189 -1.81454 1.55
      vertex 3.93999 -1.85793 2.5
      vertex 3.72189 -1.81454 2.5
    endloop
  endfacet
  facet normal -0.195122 -0.980779 -0
    outer loop
      vertex 3.93999 -1.85793 2.5
      vertex 3.72189 -1.81454 1.55
      vertex 3.93999 -1.85793 1.55
    endloop
  endfacet
  facet normal -0.980777 -0.19513 0
    outer loop
      vertex 5.18546 -3.2781 1.55
      vertex 5.14207 -3.06001 2.5
      vertex 5.14207 -3.06001 1.55
    endloop
  endfacet
  facet normal -0.980777 -0.19513 0
    outer loop
      vertex 5.14207 -3.06001 2.5
      vertex 5.18546 -3.2781 1.55
      vertex 5.18546 -3.2781 2.5
    endloop
  endfacet
  facet normal 0.946942 -0.321404 0
    outer loop
      vertex 1.85793 -3.06001 2.5
      vertex 1.9294 -2.84944 1.55
      vertex 1.9294 -2.84944 2.5
    endloop
  endfacet
  facet normal 0.946942 -0.321404 0
    outer loop
      vertex 1.9294 -2.84944 1.55
      vertex 1.85793 -3.06001 2.5
      vertex 1.85793 -3.06001 1.55
    endloop
  endfacet
  facet normal -0.442314 -0.89686 0
    outer loop
      vertex 4.15056 -1.9294 1.55
      vertex 4.35 -2.02776 2.5
      vertex 4.15056 -1.9294 2.5
    endloop
  endfacet
  facet normal -0.442314 -0.89686 -0
    outer loop
      vertex 4.35 -2.02776 2.5
      vertex 4.15056 -1.9294 1.55
      vertex 4.35 -2.02776 1.55
    endloop
  endfacet
  facet normal -0.0653877 0.99786 0
    outer loop
      vertex 3.72189 -5.18546 1.55
      vertex 3.5 -5.2 2.5
      vertex 3.72189 -5.18546 2.5
    endloop
  endfacet
  facet normal -0.0653877 0.99786 0
    outer loop
      vertex 3.5 -5.2 2.5
      vertex 3.72189 -5.18546 1.55
      vertex 3.5 -5.2 1.55
    endloop
  endfacet
  facet normal 0.321444 0.946929 -0
    outer loop
      vertex 3.06001 -5.14207 1.55
      vertex 2.84944 -5.07059 2.5
      vertex 3.06001 -5.14207 2.5
    endloop
  endfacet
  facet normal 0.321444 0.946929 0
    outer loop
      vertex 2.84944 -5.07059 2.5
      vertex 3.06001 -5.14207 1.55
      vertex 2.84944 -5.07059 1.55
    endloop
  endfacet
  facet normal 0.19513 0.980777 -0
    outer loop
      vertex 3.2781 -5.18546 1.55
      vertex 3.06001 -5.14207 2.5
      vertex 3.2781 -5.18546 2.5
    endloop
  endfacet
  facet normal 0.19513 0.980777 0
    outer loop
      vertex 3.06001 -5.14207 2.5
      vertex 3.2781 -5.18546 1.55
      vertex 3.06001 -5.14207 1.55
    endloop
  endfacet
  facet normal -0.896878 0.442278 0
    outer loop
      vertex 4.97224 -4.35 1.55
      vertex 5.07059 -4.15056 2.5
      vertex 5.07059 -4.15056 1.55
    endloop
  endfacet
  facet normal -0.896878 0.442278 0
    outer loop
      vertex 5.07059 -4.15056 2.5
      vertex 4.97224 -4.35 1.55
      vertex 4.97224 -4.35 2.5
    endloop
  endfacet
  facet normal -0.99786 -0.0653848 0
    outer loop
      vertex 5.2 -3.5 1.55
      vertex 5.18546 -3.2781 2.5
      vertex 5.18546 -3.2781 1.55
    endloop
  endfacet
  facet normal -0.99786 -0.0653848 0
    outer loop
      vertex 5.18546 -3.2781 2.5
      vertex 5.2 -3.5 1.55
      vertex 5.2 -3.5 2.5
    endloop
  endfacet
  facet normal -0.0653877 -0.99786 0
    outer loop
      vertex 3.5 -1.8 1.55
      vertex 3.72189 -1.81454 2.5
      vertex 3.5 -1.8 2.5
    endloop
  endfacet
  facet normal -0.0653877 -0.99786 -0
    outer loop
      vertex 3.72189 -1.81454 2.5
      vertex 3.5 -1.8 1.55
      vertex 3.72189 -1.81454 1.55
    endloop
  endfacet
  facet normal -0.751844 0.659342 0
    outer loop
      vertex 4.70208 -4.70208 1.55
      vertex 4.8487 -4.53489 2.5
      vertex 4.8487 -4.53489 1.55
    endloop
  endfacet
  facet normal -0.751844 0.659342 0
    outer loop
      vertex 4.8487 -4.53489 2.5
      vertex 4.70208 -4.70208 1.55
      vertex 4.70208 -4.70208 2.5
    endloop
  endfacet
  facet normal 0.99786 -0.0653848 0
    outer loop
      vertex 1.8 -3.5 2.5
      vertex 1.81454 -3.2781 1.55
      vertex 1.81454 -3.2781 2.5
    endloop
  endfacet
  facet normal 0.99786 -0.0653848 0
    outer loop
      vertex 1.81454 -3.2781 1.55
      vertex 1.8 -3.5 2.5
      vertex 1.8 -3.5 1.55
    endloop
  endfacet
  facet normal -0.751844 -0.659342 0
    outer loop
      vertex 4.8487 -2.46511 1.55
      vertex 4.70208 -2.29792 2.5
      vertex 4.70208 -2.29792 1.55
    endloop
  endfacet
  facet normal -0.751844 -0.659342 0
    outer loop
      vertex 4.70208 -2.29792 2.5
      vertex 4.8487 -2.46511 1.55
      vertex 4.8487 -2.46511 2.5
    endloop
  endfacet
  facet normal 0.751844 0.659342 0
    outer loop
      vertex 2.29792 -4.70208 2.5
      vertex 2.1513 -4.53489 1.55
      vertex 2.1513 -4.53489 2.5
    endloop
  endfacet
  facet normal 0.751844 0.659342 0
    outer loop
      vertex 2.1513 -4.53489 1.55
      vertex 2.29792 -4.70208 2.5
      vertex 2.29792 -4.70208 1.55
    endloop
  endfacet
  facet normal 0.831469 0.555572 0
    outer loop
      vertex 2.1513 -4.53489 2.5
      vertex 2.02776 -4.35 1.55
      vertex 2.02776 -4.35 2.5
    endloop
  endfacet
  facet normal 0.831469 0.555572 0
    outer loop
      vertex 2.02776 -4.35 1.55
      vertex 2.1513 -4.53489 2.5
      vertex 2.1513 -4.53489 1.55
    endloop
  endfacet
  facet normal 0.0653848 0.99786 -0
    outer loop
      vertex 3.5 -5.2 1.55
      vertex 3.2781 -5.18546 2.5
      vertex 3.5 -5.2 2.5
    endloop
  endfacet
  facet normal 0.0653848 0.99786 0
    outer loop
      vertex 3.2781 -5.18546 2.5
      vertex 3.5 -5.2 1.55
      vertex 3.2781 -5.18546 1.55
    endloop
  endfacet
  facet normal 0.980777 -0.19513 0
    outer loop
      vertex 1.81454 -3.2781 2.5
      vertex 1.85793 -3.06001 1.55
      vertex 1.85793 -3.06001 2.5
    endloop
  endfacet
  facet normal 0.980777 -0.19513 0
    outer loop
      vertex 1.85793 -3.06001 1.55
      vertex 1.81454 -3.2781 2.5
      vertex 1.81454 -3.2781 1.55
    endloop
  endfacet
  facet normal 0.321404 -0.946942 0
    outer loop
      vertex 2.84944 -1.9294 1.55
      vertex 3.06001 -1.85793 2.5
      vertex 2.84944 -1.9294 2.5
    endloop
  endfacet
  facet normal 0.321404 -0.946942 0
    outer loop
      vertex 3.06001 -1.85793 2.5
      vertex 2.84944 -1.9294 1.55
      vertex 3.06001 -1.85793 1.55
    endloop
  endfacet
  facet normal -0.946929 0.321444 0
    outer loop
      vertex 5.07059 -4.15056 1.55
      vertex 5.14207 -3.93999 2.5
      vertex 5.14207 -3.93999 1.55
    endloop
  endfacet
  facet normal -0.946929 0.321444 0
    outer loop
      vertex 5.14207 -3.93999 2.5
      vertex 5.07059 -4.15056 1.55
      vertex 5.07059 -4.15056 2.5
    endloop
  endfacet
  facet normal 0.442314 -0.89686 0
    outer loop
      vertex 2.65 -2.02776 1.55
      vertex 2.84944 -1.9294 2.5
      vertex 2.65 -2.02776 2.5
    endloop
  endfacet
  facet normal 0.442314 -0.89686 0
    outer loop
      vertex 2.84944 -1.9294 2.5
      vertex 2.65 -2.02776 1.55
      vertex 2.84944 -1.9294 1.55
    endloop
  endfacet
  facet normal 0.555572 -0.831469 0
    outer loop
      vertex 2.46511 -2.1513 1.55
      vertex 2.65 -2.02776 2.5
      vertex 2.46511 -2.1513 2.5
    endloop
  endfacet
  facet normal 0.555572 -0.831469 0
    outer loop
      vertex 2.65 -2.02776 2.5
      vertex 2.46511 -2.1513 1.55
      vertex 2.65 -2.02776 1.55
    endloop
  endfacet
  facet normal 0.19513 -0.980777 0
    outer loop
      vertex 3.06001 -1.85793 1.55
      vertex 3.2781 -1.81454 2.5
      vertex 3.06001 -1.85793 2.5
    endloop
  endfacet
  facet normal 0.19513 -0.980777 0
    outer loop
      vertex 3.2781 -1.81454 2.5
      vertex 3.06001 -1.85793 1.55
      vertex 3.2781 -1.81454 1.55
    endloop
  endfacet
  facet normal 0.89686 0.442314 0
    outer loop
      vertex 2.02776 -4.35 2.5
      vertex 1.9294 -4.15056 1.55
      vertex 1.9294 -4.15056 2.5
    endloop
  endfacet
  facet normal 0.89686 0.442314 0
    outer loop
      vertex 1.9294 -4.15056 1.55
      vertex 2.02776 -4.35 2.5
      vertex 2.02776 -4.35 1.55
    endloop
  endfacet
  facet normal 0.0653848 -0.99786 0
    outer loop
      vertex 3.2781 -1.81454 1.55
      vertex 3.5 -1.8 2.5
      vertex 3.2781 -1.81454 2.5
    endloop
  endfacet
  facet normal 0.0653848 -0.99786 0
    outer loop
      vertex 3.5 -1.8 2.5
      vertex 3.2781 -1.81454 1.55
      vertex 3.5 -1.8 1.55
    endloop
  endfacet
  facet normal 0.89686 -0.442314 0
    outer loop
      vertex 1.9294 -2.84944 2.5
      vertex 2.02776 -2.65 1.55
      vertex 2.02776 -2.65 2.5
    endloop
  endfacet
  facet normal 0.89686 -0.442314 0
    outer loop
      vertex 2.02776 -2.65 1.55
      vertex 1.9294 -2.84944 2.5
      vertex 1.9294 -2.84944 1.55
    endloop
  endfacet
  facet normal 0.99786 0.0653877 0
    outer loop
      vertex 1.81454 -3.72189 2.5
      vertex 1.8 -3.5 1.55
      vertex 1.8 -3.5 2.5
    endloop
  endfacet
  facet normal 0.99786 0.0653877 0
    outer loop
      vertex 1.8 -3.5 1.55
      vertex 1.81454 -3.72189 2.5
      vertex 1.81454 -3.72189 1.55
    endloop
  endfacet
  facet normal 0.980779 0.195122 0
    outer loop
      vertex 1.85793 -3.93999 2.5
      vertex 1.81454 -3.72189 1.55
      vertex 1.81454 -3.72189 2.5
    endloop
  endfacet
  facet normal 0.980779 0.195122 0
    outer loop
      vertex 1.81454 -3.72189 1.55
      vertex 1.85793 -3.93999 2.5
      vertex 1.85793 -3.93999 1.55
    endloop
  endfacet
  facet normal 0.946942 0.321404 0
    outer loop
      vertex 1.9294 -4.15056 2.5
      vertex 1.85793 -3.93999 1.55
      vertex 1.85793 -3.93999 2.5
    endloop
  endfacet
  facet normal 0.946942 0.321404 0
    outer loop
      vertex 1.85793 -3.93999 1.55
      vertex 1.9294 -4.15056 2.5
      vertex 1.9294 -4.15056 1.55
    endloop
  endfacet
  facet normal -0.659342 -0.751844 0
    outer loop
      vertex 4.53489 -2.1513 1.55
      vertex 4.70208 -2.29792 2.5
      vertex 4.53489 -2.1513 2.5
    endloop
  endfacet
  facet normal -0.659342 -0.751844 -0
    outer loop
      vertex 4.70208 -2.29792 2.5
      vertex 4.53489 -2.1513 1.55
      vertex 4.70208 -2.29792 1.55
    endloop
  endfacet
  facet normal 0.590453 0.394526 -0.70407
    outer loop
      vertex 2.1513 -4.53489 1.55
      vertex 0.929483 -5.47243 0
      vertex 0.694813 -5.12122 0
    endloop
  endfacet
  facet normal 0.708613 0.0464339 -0.704068
    outer loop
      vertex 1.81454 -3.72189 1.55
      vertex 0.28756 -3.92149 0
      vertex 1.8 -3.5 1.55
    endloop
  endfacet
  facet normal 0.708567 0.0469051 -0.704083
    outer loop
      vertex 0.28756 -3.92149 0
      vertex 1.81454 -3.72189 1.55
      vertex 0.287654 -3.92291 0
    endloop
  endfacet
  facet normal -0.708613 0.046435 -0.704068
    outer loop
      vertex 6.74006 -3.5 0
      vertex 6.71244 -3.92149 0
      vertex 5.2 -3.5 1.55
    endloop
  endfacet
  facet normal -0.708613 0.0464339 -0.704068
    outer loop
      vertex 6.71244 -3.92149 0
      vertex 5.18546 -3.72189 1.55
      vertex 5.2 -3.5 1.55
    endloop
  endfacet
  facet normal -0.70876 0.0449214 -0.704018
    outer loop
      vertex 5.18546 -3.72189 1.55
      vertex 6.71244 -3.92149 0
      vertex 6.71235 -3.92291 0
    endloop
  endfacet
  facet normal 0.590453 -0.394526 -0.70407
    outer loop
      vertex 0.929483 -1.52757 0
      vertex 2.1513 -2.46511 1.55
      vertex 0.694813 -1.87878 0
    endloop
  endfacet
  facet normal 0.228264 -0.672444 -0.70407
    outer loop
      vertex 2.66141 -0.370337 0
      vertex 3.06001 -1.85793 1.55
      vertex 2.26143 -0.506112 0
    endloop
  endfacet
  facet normal 0.63689 -0.314102 -0.704068
    outer loop
      vertex 1.9294 -2.84944 1.55
      vertex 0.5072 -2.2588 0
      vertex 2.02776 -2.65 1.55
    endloop
  endfacet
  facet normal 0.637124 -0.313585 -0.704086
    outer loop
      vertex 0.5072 -2.2588 0
      vertex 1.9294 -2.84944 1.55
      vertex 0.50657 -2.26008 0
    endloop
  endfacet
  facet normal -0.139273 0.696365 -0.704045
    outer loop
      vertex 3.72189 -5.18546 1.55
      vertex 3.92431 -6.71207 0
      vertex 3.92291 -6.71235 0
    endloop
  endfacet
  facet normal -0.138562 0.696483 -0.704068
    outer loop
      vertex 3.92431 -6.71207 0
      vertex 3.72189 -5.18546 1.55
      vertex 3.93999 -5.14207 1.55
    endloop
  endfacet
  facet normal -0.468229 0.533897 -0.704071
    outer loop
      vertex 5.79 -5.79201 0
      vertex 5.47243 -6.07052 0
      vertex 4.53489 -4.8487 1.55
    endloop
  endfacet
  facet normal 0.228267 0.672442 -0.704071
    outer loop
      vertex 2.26143 -6.49389 0
      vertex 2.84944 -5.07059 1.55
      vertex 3.06001 -5.14207 1.55
    endloop
  endfacet
  facet normal 0.229031 0.672155 -0.704097
    outer loop
      vertex 2.84944 -5.07059 1.55
      vertex 2.26143 -6.49389 0
      vertex 2.26008 -6.49343 0
    endloop
  endfacet
  facet normal 0.139273 0.696365 -0.704044
    outer loop
      vertex 3.07569 -6.71207 0
      vertex 3.2781 -5.18546 1.55
      vertex 3.07709 -6.71235 0
    endloop
  endfacet
  facet normal 0.138568 0.696482 -0.704068
    outer loop
      vertex 3.2781 -5.18546 1.55
      vertex 3.07569 -6.71207 0
      vertex 3.06001 -5.14207 1.55
    endloop
  endfacet
  facet normal -0.590452 -0.394526 -0.704071
    outer loop
      vertex 6.07052 -1.52757 0
      vertex 6.30519 -1.87878 0
      vertex 4.8487 -2.46511 1.55
    endloop
  endfacet
  facet normal -0.392724 0.591572 -0.704138
    outer loop
      vertex 4.35 -4.97224 1.55
      vertex 5.12122 -6.30519 0
      vertex 5.12003 -6.30598 0
    endloop
  endfacet
  facet normal -0.394528 0.590451 -0.704071
    outer loop
      vertex 5.12122 -6.30519 0
      vertex 4.35 -4.97224 1.55
      vertex 4.53489 -4.8487 1.55
    endloop
  endfacet
  facet normal 0.468227 -0.5339 -0.70407
    outer loop
      vertex 1.52757 -0.929483 0
      vertex 2.46511 -2.1513 1.55
      vertex 1.21 -1.20799 0
    endloop
  endfacet
  facet normal -0.3136 0.637155 -0.704052
    outer loop
      vertex 5.11875 -6.30661 0
      vertex 4.35 -4.97224 1.55
      vertex 5.12003 -6.30598 0
    endloop
  endfacet
  facet normal -0.314076 0.636901 -0.704069
    outer loop
      vertex 4.35 -4.97224 1.55
      vertex 5.11875 -6.30661 0
      vertex 4.15056 -5.07059 1.55
    endloop
  endfacet
  facet normal -0.314087 -0.636896 -0.704068
    outer loop
      vertex 4.73992 -0.50657 0
      vertex 5.11875 -0.693391 0
      vertex 4.15056 -1.9294 1.55
    endloop
  endfacet
  facet normal -0.672442 -0.228267 -0.704071
    outer loop
      vertex 5.07059 -2.84944 1.55
      vertex 6.49389 -2.26143 0
      vertex 5.14207 -3.06001 1.55
    endloop
  endfacet
  facet normal -0.672155 -0.229031 -0.704097
    outer loop
      vertex 6.49389 -2.26143 0
      vertex 5.07059 -2.84944 1.55
      vertex 6.49343 -2.26008 0
    endloop
  endfacet
  facet normal -0.636895 0.314085 -0.70407
    outer loop
      vertex 6.49343 -4.73992 0
      vertex 6.30661 -5.11875 0
      vertex 5.07059 -4.15056 1.55
    endloop
  endfacet
  facet normal -0.314085 0.636895 -0.70407
    outer loop
      vertex 5.11875 -6.30661 0
      vertex 4.73992 -6.49343 0
      vertex 4.15056 -5.07059 1.55
    endloop
  endfacet
  facet normal -0.228257 0.672447 -0.70407
    outer loop
      vertex 4.73857 -6.49389 0
      vertex 4.33859 -6.62966 0
      vertex 3.93999 -5.14207 1.55
    endloop
  endfacet
  facet normal -0.394526 0.590452 -0.704071
    outer loop
      vertex 5.47243 -6.07052 0
      vertex 5.12122 -6.30519 0
      vertex 4.53489 -4.8487 1.55
    endloop
  endfacet
  facet normal -0.708613 -0.046435 -0.704068
    outer loop
      vertex 6.71244 -3.07851 0
      vertex 6.74006 -3.5 0
      vertex 5.2 -3.5 1.55
    endloop
  endfacet
  facet normal -0.0464339 -0.708613 -0.704068
    outer loop
      vertex 3.92149 -0.28756 0
      vertex 3.72189 -1.81454 1.55
      vertex 3.5 -1.8 1.55
    endloop
  endfacet
  facet normal -0.0469051 -0.708567 -0.704083
    outer loop
      vertex 3.72189 -1.81454 1.55
      vertex 3.92149 -0.28756 0
      vertex 3.92291 -0.287654 0
    endloop
  endfacet
  facet normal -0.70876 -0.0449214 -0.704018
    outer loop
      vertex 6.71244 -3.07851 0
      vertex 5.18546 -3.2781 1.55
      vertex 6.71235 -3.07709 0
    endloop
  endfacet
  facet normal -0.708613 -0.0464319 -0.704068
    outer loop
      vertex 5.18546 -3.2781 1.55
      vertex 6.71244 -3.07851 0
      vertex 5.2 -3.5 1.55
    endloop
  endfacet
  facet normal -0.672447 -0.228257 -0.70407
    outer loop
      vertex 6.49389 -2.26143 0
      vertex 6.62966 -2.66141 0
      vertex 5.14207 -3.06001 1.55
    endloop
  endfacet
  facet normal -0.637122 -0.313584 -0.704088
    outer loop
      vertex 5.07059 -2.84944 1.55
      vertex 6.4928 -2.2588 0
      vertex 6.49343 -2.26008 0
    endloop
  endfacet
  facet normal -0.6369 -0.314075 -0.704071
    outer loop
      vertex 6.4928 -2.2588 0
      vertex 5.07059 -2.84944 1.55
      vertex 4.97224 -2.65 1.55
    endloop
  endfacet
  facet normal 0.138539 -0.696486 -0.70407
    outer loop
      vertex 3.07569 -0.287932 0
      vertex 3.06001 -1.85793 1.55
      vertex 2.66141 -0.370337 0
    endloop
  endfacet
  facet normal -0.533897 -0.468229 -0.704071
    outer loop
      vertex 5.79201 -1.21 0
      vertex 6.07052 -1.52757 0
      vertex 4.8487 -2.46511 1.55
    endloop
  endfacet
  facet normal 0.708567 -0.0469051 -0.704083
    outer loop
      vertex 1.81454 -3.2781 1.55
      vertex 0.28756 -3.07851 0
      vertex 0.287654 -3.07709 0
    endloop
  endfacet
  facet normal 0.708613 -0.0464319 -0.704068
    outer loop
      vertex 0.28756 -3.07851 0
      vertex 1.81454 -3.2781 1.55
      vertex 1.8 -3.5 1.55
    endloop
  endfacet
  facet normal 0.672444 -0.228264 -0.70407
    outer loop
      vertex 0.506112 -2.26143 0
      vertex 1.85793 -3.06001 1.55
      vertex 0.370337 -2.66141 0
    endloop
  endfacet
  facet normal 0.672489 0.228148 -0.704064
    outer loop
      vertex 0.506112 -4.73857 0
      vertex 1.9294 -4.15056 1.55
      vertex 0.50657 -4.73992 0
    endloop
  endfacet
  facet normal 0.672455 0.228239 -0.704067
    outer loop
      vertex 1.9294 -4.15056 1.55
      vertex 0.506112 -4.73857 0
      vertex 1.85793 -3.93999 1.55
    endloop
  endfacet
  facet normal 0.313584 0.637122 -0.704088
    outer loop
      vertex 2.2588 -6.4928 0
      vertex 2.84944 -5.07059 1.55
      vertex 2.26008 -6.49343 0
    endloop
  endfacet
  facet normal 0.314075 0.6369 -0.704071
    outer loop
      vertex 2.84944 -5.07059 1.55
      vertex 2.2588 -6.4928 0
      vertex 2.65 -4.97224 1.55
    endloop
  endfacet
  facet normal 0.392724 0.591572 -0.704138
    outer loop
      vertex 1.87878 -6.30519 0
      vertex 2.65 -4.97224 1.55
      vertex 1.87997 -6.30598 0
    endloop
  endfacet
  facet normal 0.394528 0.590451 -0.704071
    outer loop
      vertex 2.65 -4.97224 1.55
      vertex 1.87878 -6.30519 0
      vertex 2.46511 -4.8487 1.55
    endloop
  endfacet
  facet normal -0.138547 0.696484 -0.70407
    outer loop
      vertex 3.93999 -5.14207 1.55
      vertex 4.33859 -6.62966 0
      vertex 3.92431 -6.71207 0
    endloop
  endfacet
  facet normal -0.394528 -0.590451 -0.70407
    outer loop
      vertex 4.35 -2.02776 1.55
      vertex 5.12122 -0.694813 0
      vertex 4.53489 -2.1513 1.55
    endloop
  endfacet
  facet normal -0.393428 -0.591136 -0.704111
    outer loop
      vertex 5.12122 -0.694813 0
      vertex 4.35 -2.02776 1.55
      vertex 5.12003 -0.694021 0
    endloop
  endfacet
  facet normal -0.3136 -0.637155 -0.704052
    outer loop
      vertex 4.35 -2.02776 1.55
      vertex 5.11875 -0.693391 0
      vertex 5.12003 -0.694021 0
    endloop
  endfacet
  facet normal -0.314101 -0.636888 -0.70407
    outer loop
      vertex 5.11875 -0.693391 0
      vertex 4.35 -2.02776 1.55
      vertex 4.15056 -1.9294 1.55
    endloop
  endfacet
  facet normal 0.533908 -0.468219 -0.704069
    outer loop
      vertex 1.20799 -1.21 0
      vertex 2.29792 -2.29792 1.55
      vertex 2.1513 -2.46511 1.55
    endloop
  endfacet
  facet normal 0.533486 -0.46867 -0.704089
    outer loop
      vertex 2.29792 -2.29792 1.55
      vertex 1.20799 -1.21 0
      vertex 1.20893 -1.20893 0
    endloop
  endfacet
  facet normal 0.046435 0.708613 -0.704068
    outer loop
      vertex 3.5 -5.2 1.55
      vertex 3.5 -6.74006 0
      vertex 3.07851 -6.71244 0
    endloop
  endfacet
  facet normal 0.0464433 -0.708611 -0.704069
    outer loop
      vertex 3.5 -0.259935 0
      vertex 3.5 -1.8 1.55
      vertex 3.07851 -0.28756 0
    endloop
  endfacet
  facet normal -0.696365 -0.139273 -0.704044
    outer loop
      vertex 5.18546 -3.2781 1.55
      vertex 6.71207 -3.07569 0
      vertex 6.71235 -3.07709 0
    endloop
  endfacet
  facet normal -0.696482 -0.138568 -0.704068
    outer loop
      vertex 6.71207 -3.07569 0
      vertex 5.18546 -3.2781 1.55
      vertex 5.14207 -3.06001 1.55
    endloop
  endfacet
  facet normal 0.138547 0.696484 -0.70407
    outer loop
      vertex 3.06001 -5.14207 1.55
      vertex 3.07569 -6.71207 0
      vertex 2.66141 -6.62966 0
    endloop
  endfacet
  facet normal 0.394528 -0.590451 -0.70407
    outer loop
      vertex 1.87878 -0.694813 0
      vertex 2.65 -2.02776 1.55
      vertex 2.46511 -2.1513 1.55
    endloop
  endfacet
  facet normal 0.393428 -0.591136 -0.704111
    outer loop
      vertex 2.65 -2.02776 1.55
      vertex 1.87878 -0.694813 0
      vertex 1.87997 -0.694021 0
    endloop
  endfacet
  facet normal -0.590452 0.394526 -0.704071
    outer loop
      vertex 6.30519 -5.12122 0
      vertex 6.07052 -5.47243 0
      vertex 4.8487 -4.53489 1.55
    endloop
  endfacet
  facet normal -0.533908 -0.468219 -0.704069
    outer loop
      vertex 4.70208 -2.29792 1.55
      vertex 5.79201 -1.21 0
      vertex 4.8487 -2.46511 1.55
    endloop
  endfacet
  facet normal -0.533486 -0.46867 -0.704089
    outer loop
      vertex 5.79201 -1.21 0
      vertex 4.70208 -2.29792 1.55
      vertex 5.79107 -1.20893 0
    endloop
  endfacet
  facet normal 0.590451 0.394528 -0.70407
    outer loop
      vertex 0.694813 -5.12122 0
      vertex 2.02776 -4.35 1.55
      vertex 2.1513 -4.53489 1.55
    endloop
  endfacet
  facet normal 0.591136 0.393428 -0.704111
    outer loop
      vertex 2.02776 -4.35 1.55
      vertex 0.694813 -5.12122 0
      vertex 0.694021 -5.12003 0
    endloop
  endfacet
  facet normal -0.46867 -0.533486 -0.704089
    outer loop
      vertex 4.70208 -2.29792 1.55
      vertex 5.79 -1.20799 0
      vertex 5.79107 -1.20893 0
    endloop
  endfacet
  facet normal -0.468219 -0.533908 -0.704069
    outer loop
      vertex 5.79 -1.20799 0
      vertex 4.70208 -2.29792 1.55
      vertex 4.53489 -2.1513 1.55
    endloop
  endfacet
  facet normal 0.5339 -0.468227 -0.70407
    outer loop
      vertex 1.20799 -1.21 0
      vertex 2.1513 -2.46511 1.55
      vertex 0.929483 -1.52757 0
    endloop
  endfacet
  facet normal 0.590451 -0.394528 -0.70407
    outer loop
      vertex 2.02776 -2.65 1.55
      vertex 0.694813 -1.87878 0
      vertex 2.1513 -2.46511 1.55
    endloop
  endfacet
  facet normal 0.591136 -0.393428 -0.704111
    outer loop
      vertex 0.694813 -1.87878 0
      vertex 2.02776 -2.65 1.55
      vertex 0.694021 -1.87997 0
    endloop
  endfacet
  facet normal -0.696484 -0.138547 -0.70407
    outer loop
      vertex 6.62966 -2.66141 0
      vertex 6.71207 -3.07569 0
      vertex 5.14207 -3.06001 1.55
    endloop
  endfacet
  facet normal 0.636895 -0.314087 -0.70407
    outer loop
      vertex 0.694021 -1.87997 0
      vertex 2.02776 -2.65 1.55
      vertex 0.5072 -2.2588 0
    endloop
  endfacet
  facet normal 0.468229 0.533897 -0.704071
    outer loop
      vertex 2.46511 -4.8487 1.55
      vertex 1.52757 -6.07052 0
      vertex 1.21 -5.79201 0
    endloop
  endfacet
  facet normal 0.468219 -0.533908 -0.704069
    outer loop
      vertex 2.29792 -2.29792 1.55
      vertex 1.21 -1.20799 0
      vertex 2.46511 -2.1513 1.55
    endloop
  endfacet
  facet normal 0.46867 -0.533486 -0.704089
    outer loop
      vertex 1.21 -1.20799 0
      vertex 2.29792 -2.29792 1.55
      vertex 1.20893 -1.20893 0
    endloop
  endfacet
  facet normal -0.046435 0.708613 -0.704068
    outer loop
      vertex 3.92149 -6.71244 0
      vertex 3.5 -6.74006 0
      vertex 3.5 -5.2 1.55
    endloop
  endfacet
  facet normal -0.138539 -0.696486 -0.70407
    outer loop
      vertex 4.33859 -0.370337 0
      vertex 3.93999 -1.85793 1.55
      vertex 3.92431 -0.287932 0
    endloop
  endfacet
  facet normal -0.672447 0.228257 -0.70407
    outer loop
      vertex 6.62966 -4.33859 0
      vertex 6.49389 -4.73857 0
      vertex 5.14207 -3.93999 1.55
    endloop
  endfacet
  facet normal 0.394526 -0.590453 -0.70407
    outer loop
      vertex 1.87878 -0.694813 0
      vertex 2.46511 -2.1513 1.55
      vertex 1.52757 -0.929483 0
    endloop
  endfacet
  facet normal 0.672444 0.228264 -0.70407
    outer loop
      vertex 1.85793 -3.93999 1.55
      vertex 0.506112 -4.73857 0
      vertex 0.370337 -4.33859 0
    endloop
  endfacet
  facet normal 0.696486 0.138539 -0.70407
    outer loop
      vertex 1.85793 -3.93999 1.55
      vertex 0.370337 -4.33859 0
      vertex 0.287932 -3.92431 0
    endloop
  endfacet
  facet normal -0.228264 -0.672444 -0.70407
    outer loop
      vertex 4.33859 -0.370337 0
      vertex 4.73857 -0.506112 0
      vertex 3.93999 -1.85793 1.55
    endloop
  endfacet
  facet normal -0.138562 -0.696483 -0.704068
    outer loop
      vertex 3.72189 -1.81454 1.55
      vertex 3.92431 -0.287932 0
      vertex 3.93999 -1.85793 1.55
    endloop
  endfacet
  facet normal -0.13831 -0.696525 -0.704076
    outer loop
      vertex 3.92431 -0.287932 0
      vertex 3.72189 -1.81454 1.55
      vertex 3.92291 -0.287654 0
    endloop
  endfacet
  facet normal -0.394526 -0.590453 -0.70407
    outer loop
      vertex 5.12122 -0.694813 0
      vertex 5.47243 -0.929483 0
      vertex 4.53489 -2.1513 1.55
    endloop
  endfacet
  facet normal -0.468227 -0.5339 -0.70407
    outer loop
      vertex 5.47243 -0.929483 0
      vertex 5.79 -1.20799 0
      vertex 4.53489 -2.1513 1.55
    endloop
  endfacet
  facet normal 0.0469051 -0.708567 -0.704083
    outer loop
      vertex 3.07851 -0.28756 0
      vertex 3.2781 -1.81454 1.55
      vertex 3.07709 -0.287654 0
    endloop
  endfacet
  facet normal 0.0464319 -0.708613 -0.704068
    outer loop
      vertex 3.2781 -1.81454 1.55
      vertex 3.07851 -0.28756 0
      vertex 3.5 -1.8 1.55
    endloop
  endfacet
  facet normal 0.636896 0.314087 -0.704068
    outer loop
      vertex 1.9294 -4.15056 1.55
      vertex 0.693391 -5.11875 0
      vertex 0.50657 -4.73992 0
    endloop
  endfacet
  facet normal -0.636896 -0.314085 -0.70407
    outer loop
      vertex 6.30598 -1.87997 0
      vertex 6.4928 -2.2588 0
      vertex 4.97224 -2.65 1.55
    endloop
  endfacet
  facet normal -0.228148 -0.672489 -0.704064
    outer loop
      vertex 4.15056 -1.9294 1.55
      vertex 4.73857 -0.506112 0
      vertex 4.73992 -0.50657 0
    endloop
  endfacet
  facet normal -0.228239 -0.672455 -0.704067
    outer loop
      vertex 4.73857 -0.506112 0
      vertex 4.15056 -1.9294 1.55
      vertex 3.93999 -1.85793 1.55
    endloop
  endfacet
  facet normal 0.228239 -0.672455 -0.704067
    outer loop
      vertex 2.84944 -1.9294 1.55
      vertex 2.26143 -0.506112 0
      vertex 3.06001 -1.85793 1.55
    endloop
  endfacet
  facet normal 0.228148 -0.672489 -0.704064
    outer loop
      vertex 2.26143 -0.506112 0
      vertex 2.84944 -1.9294 1.55
      vertex 2.26008 -0.50657 0
    endloop
  endfacet
  facet normal -0.591572 -0.392724 -0.704138
    outer loop
      vertex 4.97224 -2.65 1.55
      vertex 6.30519 -1.87878 0
      vertex 6.30598 -1.87997 0
    endloop
  endfacet
  facet normal -0.590451 -0.394528 -0.704071
    outer loop
      vertex 6.30519 -1.87878 0
      vertex 4.97224 -2.65 1.55
      vertex 4.8487 -2.46511 1.55
    endloop
  endfacet
  facet normal 0.533486 0.46867 -0.704089
    outer loop
      vertex 1.20799 -5.79 0
      vertex 2.29792 -4.70208 1.55
      vertex 1.20893 -5.79107 0
    endloop
  endfacet
  facet normal 0.533908 0.468219 -0.704069
    outer loop
      vertex 2.29792 -4.70208 1.55
      vertex 1.20799 -5.79 0
      vertex 2.1513 -4.53489 1.55
    endloop
  endfacet
  facet normal 0.228257 0.672447 -0.70407
    outer loop
      vertex 3.06001 -5.14207 1.55
      vertex 2.66141 -6.62966 0
      vertex 2.26143 -6.49389 0
    endloop
  endfacet
  facet normal 0.672455 -0.228239 -0.704067
    outer loop
      vertex 0.506112 -2.26143 0
      vertex 1.9294 -2.84944 1.55
      vertex 1.85793 -3.06001 1.55
    endloop
  endfacet
  facet normal 0.672489 -0.228148 -0.704064
    outer loop
      vertex 1.9294 -2.84944 1.55
      vertex 0.506112 -2.26143 0
      vertex 0.50657 -2.26008 0
    endloop
  endfacet
  facet normal -0.0449214 0.70876 -0.704018
    outer loop
      vertex 3.92149 -6.71244 0
      vertex 3.72189 -5.18546 1.55
      vertex 3.92291 -6.71235 0
    endloop
  endfacet
  facet normal -0.0464339 0.708613 -0.704068
    outer loop
      vertex 3.72189 -5.18546 1.55
      vertex 3.92149 -6.71244 0
      vertex 3.5 -5.2 1.55
    endloop
  endfacet
  facet normal 0.0464319 0.708613 -0.704068
    outer loop
      vertex 3.07851 -6.71244 0
      vertex 3.2781 -5.18546 1.55
      vertex 3.5 -5.2 1.55
    endloop
  endfacet
  facet normal 0.0449214 0.70876 -0.704018
    outer loop
      vertex 3.2781 -5.18546 1.55
      vertex 3.07851 -6.71244 0
      vertex 3.07709 -6.71235 0
    endloop
  endfacet
  facet normal 0.13831 -0.696526 -0.704075
    outer loop
      vertex 3.2781 -1.81454 1.55
      vertex 3.07569 -0.287932 0
      vertex 3.07709 -0.287654 0
    endloop
  endfacet
  facet normal 0.138568 -0.696483 -0.704067
    outer loop
      vertex 3.07569 -0.287932 0
      vertex 3.2781 -1.81454 1.55
      vertex 3.06001 -1.85793 1.55
    endloop
  endfacet
  facet normal -0.672155 0.229031 -0.704097
    outer loop
      vertex 5.07059 -4.15056 1.55
      vertex 6.49389 -4.73857 0
      vertex 6.49343 -4.73992 0
    endloop
  endfacet
  facet normal -0.672442 0.228267 -0.704071
    outer loop
      vertex 6.49389 -4.73857 0
      vertex 5.07059 -4.15056 1.55
      vertex 5.14207 -3.93999 1.55
    endloop
  endfacet
  facet normal -0.591572 0.392724 -0.704138
    outer loop
      vertex 6.30519 -5.12122 0
      vertex 4.97224 -4.35 1.55
      vertex 6.30598 -5.12003 0
    endloop
  endfacet
  facet normal -0.590451 0.394528 -0.704071
    outer loop
      vertex 4.97224 -4.35 1.55
      vertex 6.30519 -5.12122 0
      vertex 4.8487 -4.53489 1.55
    endloop
  endfacet
  facet normal 0.394526 0.590452 -0.704071
    outer loop
      vertex 2.46511 -4.8487 1.55
      vertex 1.87878 -6.30519 0
      vertex 1.52757 -6.07052 0
    endloop
  endfacet
  facet normal 0.708611 -0.0464433 -0.704069
    outer loop
      vertex 0.28756 -3.07851 0
      vertex 1.8 -3.5 1.55
      vertex 0.259935 -3.5 0
    endloop
  endfacet
  facet normal -0.0464433 -0.708611 -0.704069
    outer loop
      vertex 3.92149 -0.28756 0
      vertex 3.5 -1.8 1.55
      vertex 3.5 -0.259935 0
    endloop
  endfacet
  facet normal -0.229031 0.672155 -0.704097
    outer loop
      vertex 4.73857 -6.49389 0
      vertex 4.15056 -5.07059 1.55
      vertex 4.73992 -6.49343 0
    endloop
  endfacet
  facet normal -0.228267 0.672442 -0.704071
    outer loop
      vertex 4.15056 -5.07059 1.55
      vertex 4.73857 -6.49389 0
      vertex 3.93999 -5.14207 1.55
    endloop
  endfacet
  facet normal 0.708611 0.0464433 -0.704069
    outer loop
      vertex 1.8 -3.5 1.55
      vertex 0.28756 -3.92149 0
      vertex 0.259935 -3.5 0
    endloop
  endfacet
  facet normal 0.314102 -0.63689 -0.704068
    outer loop
      vertex 2.2588 -0.5072 0
      vertex 2.84944 -1.9294 1.55
      vertex 2.65 -2.02776 1.55
    endloop
  endfacet
  facet normal 0.313585 -0.637124 -0.704086
    outer loop
      vertex 2.84944 -1.9294 1.55
      vertex 2.2588 -0.5072 0
      vertex 2.26008 -0.50657 0
    endloop
  endfacet
  facet normal 0.314087 -0.636895 -0.70407
    outer loop
      vertex 2.2588 -0.5072 0
      vertex 2.65 -2.02776 1.55
      vertex 1.87997 -0.694021 0
    endloop
  endfacet
  facet normal 0.637155 0.3136 -0.704052
    outer loop
      vertex 0.693391 -5.11875 0
      vertex 2.02776 -4.35 1.55
      vertex 0.694021 -5.12003 0
    endloop
  endfacet
  facet normal 0.636888 0.314101 -0.70407
    outer loop
      vertex 2.02776 -4.35 1.55
      vertex 0.693391 -5.11875 0
      vertex 1.9294 -4.15056 1.55
    endloop
  endfacet
  facet normal -0.637155 0.3136 -0.704052
    outer loop
      vertex 4.97224 -4.35 1.55
      vertex 6.30661 -5.11875 0
      vertex 6.30598 -5.12003 0
    endloop
  endfacet
  facet normal -0.636901 0.314076 -0.704069
    outer loop
      vertex 6.30661 -5.11875 0
      vertex 4.97224 -4.35 1.55
      vertex 5.07059 -4.15056 1.55
    endloop
  endfacet
  facet normal 0.314085 0.636896 -0.70407
    outer loop
      vertex 2.65 -4.97224 1.55
      vertex 2.2588 -6.4928 0
      vertex 1.87997 -6.30598 0
    endloop
  endfacet
  facet normal -0.696484 0.138547 -0.70407
    outer loop
      vertex 6.71207 -3.92431 0
      vertex 6.62966 -4.33859 0
      vertex 5.14207 -3.93999 1.55
    endloop
  endfacet
  facet normal -0.696365 0.139273 -0.704045
    outer loop
      vertex 6.71207 -3.92431 0
      vertex 5.18546 -3.72189 1.55
      vertex 6.71235 -3.92291 0
    endloop
  endfacet
  facet normal -0.696483 0.138562 -0.704068
    outer loop
      vertex 5.18546 -3.72189 1.55
      vertex 6.71207 -3.92431 0
      vertex 5.14207 -3.93999 1.55
    endloop
  endfacet
  facet normal -0.533897 0.468229 -0.704071
    outer loop
      vertex 6.07052 -5.47243 0
      vertex 5.79201 -5.79 0
      vertex 4.8487 -4.53489 1.55
    endloop
  endfacet
  facet normal 0.696483 0.138562 -0.704068
    outer loop
      vertex 0.287932 -3.92431 0
      vertex 1.81454 -3.72189 1.55
      vertex 1.85793 -3.93999 1.55
    endloop
  endfacet
  facet normal 0.696525 0.13831 -0.704076
    outer loop
      vertex 1.81454 -3.72189 1.55
      vertex 0.287932 -3.92431 0
      vertex 0.287654 -3.92291 0
    endloop
  endfacet
  facet normal 0.696486 -0.138539 -0.70407
    outer loop
      vertex 0.370337 -2.66141 0
      vertex 1.85793 -3.06001 1.55
      vertex 0.287932 -3.07569 0
    endloop
  endfacet
  facet normal 0.696483 -0.138568 -0.704067
    outer loop
      vertex 1.81454 -3.2781 1.55
      vertex 0.287932 -3.07569 0
      vertex 1.85793 -3.06001 1.55
    endloop
  endfacet
  facet normal 0.696526 -0.13831 -0.704075
    outer loop
      vertex 0.287932 -3.07569 0
      vertex 1.81454 -3.2781 1.55
      vertex 0.287654 -3.07709 0
    endloop
  endfacet
  facet normal 0.468219 0.533908 -0.704069
    outer loop
      vertex 1.21 -5.79201 0
      vertex 2.29792 -4.70208 1.55
      vertex 2.46511 -4.8487 1.55
    endloop
  endfacet
  facet normal 0.46867 0.533486 -0.704089
    outer loop
      vertex 2.29792 -4.70208 1.55
      vertex 1.21 -5.79201 0
      vertex 1.20893 -5.79107 0
    endloop
  endfacet
  facet normal 0.5339 0.468227 -0.70407
    outer loop
      vertex 2.1513 -4.53489 1.55
      vertex 1.20799 -5.79 0
      vertex 0.929483 -5.47243 0
    endloop
  endfacet
  facet normal -0.46867 0.533486 -0.704089
    outer loop
      vertex 5.79 -5.79201 0
      vertex 4.70208 -4.70208 1.55
      vertex 5.79107 -5.79107 0
    endloop
  endfacet
  facet normal -0.468219 0.533908 -0.704069
    outer loop
      vertex 4.70208 -4.70208 1.55
      vertex 5.79 -5.79201 0
      vertex 4.53489 -4.8487 1.55
    endloop
  endfacet
  facet normal -0.533486 0.46867 -0.704089
    outer loop
      vertex 4.70208 -4.70208 1.55
      vertex 5.79201 -5.79 0
      vertex 5.79107 -5.79107 0
    endloop
  endfacet
  facet normal -0.533908 0.468219 -0.704069
    outer loop
      vertex 5.79201 -5.79 0
      vertex 4.70208 -4.70208 1.55
      vertex 4.8487 -4.53489 1.55
    endloop
  endfacet
  facet normal -0.98077 0.195165 0
    outer loop
      vertex 94.1421 -3.93999 1.55
      vertex 94.1855 -3.72189 2.5
      vertex 94.1855 -3.72189 1.55
    endloop
  endfacet
  facet normal -0.98077 0.195165 0
    outer loop
      vertex 94.1855 -3.72189 2.5
      vertex 94.1421 -3.93999 1.55
      vertex 94.1421 -3.93999 2.5
    endloop
  endfacet
  facet normal -0.997872 0.0652086 0
    outer loop
      vertex 94.1855 -3.72189 1.55
      vertex 94.2 -3.5 2.5
      vertex 94.2 -3.5 1.55
    endloop
  endfacet
  facet normal -0.997872 0.0652086 0
    outer loop
      vertex 94.2 -3.5 2.5
      vertex 94.1855 -3.72189 1.55
      vertex 94.1855 -3.72189 2.5
    endloop
  endfacet
  facet normal 0.442349 0.896843 -0
    outer loop
      vertex 91.8494 -5.07059 1.55
      vertex 91.65 -4.97224 2.5
      vertex 91.8494 -5.07059 2.5
    endloop
  endfacet
  facet normal 0.442349 0.896843 0
    outer loop
      vertex 91.65 -4.97224 2.5
      vertex 91.8494 -5.07059 1.55
      vertex 91.65 -4.97224 1.55
    endloop
  endfacet
  facet normal -0.555551 0.831483 0
    outer loop
      vertex 93.5349 -4.8487 1.55
      vertex 93.35 -4.97224 2.5
      vertex 93.5349 -4.8487 2.5
    endloop
  endfacet
  facet normal -0.555551 0.831483 0
    outer loop
      vertex 93.35 -4.97224 2.5
      vertex 93.5349 -4.8487 1.55
      vertex 93.35 -4.97224 1.55
    endloop
  endfacet
  facet normal 0.659319 0.751863 -0
    outer loop
      vertex 91.4651 -4.8487 1.55
      vertex 91.2979 -4.70208 2.5
      vertex 91.4651 -4.8487 2.5
    endloop
  endfacet
  facet normal 0.659319 0.751863 0
    outer loop
      vertex 91.2979 -4.70208 2.5
      vertex 91.4651 -4.8487 1.55
      vertex 91.2979 -4.70208 1.55
    endloop
  endfacet
  facet normal -0.321363 -0.946956 0
    outer loop
      vertex 92.94 -1.85793 1.55
      vertex 93.1506 -1.9294 2.5
      vertex 92.94 -1.85793 2.5
    endloop
  endfacet
  facet normal -0.321363 -0.946956 -0
    outer loop
      vertex 93.1506 -1.9294 2.5
      vertex 92.94 -1.85793 1.55
      vertex 93.1506 -1.9294 1.55
    endloop
  endfacet
  facet normal -0.946901 -0.321525 0
    outer loop
      vertex 94.1421 -3.06001 1.55
      vertex 94.0706 -2.84944 2.5
      vertex 94.0706 -2.84944 1.55
    endloop
  endfacet
  facet normal -0.946901 -0.321525 0
    outer loop
      vertex 94.0706 -2.84944 2.5
      vertex 94.1421 -3.06001 1.55
      vertex 94.1421 -3.06001 2.5
    endloop
  endfacet
  facet normal -0.321403 0.946943 0
    outer loop
      vertex 93.1506 -5.07059 1.55
      vertex 92.94 -5.14207 2.5
      vertex 93.1506 -5.07059 2.5
    endloop
  endfacet
  facet normal -0.321403 0.946943 0
    outer loop
      vertex 92.94 -5.14207 2.5
      vertex 93.1506 -5.07059 1.55
      vertex 92.94 -5.14207 1.55
    endloop
  endfacet
  facet normal -0.195122 0.980779 0
    outer loop
      vertex 92.94 -5.14207 1.55
      vertex 92.7219 -5.18546 2.5
      vertex 92.94 -5.14207 2.5
    endloop
  endfacet
  facet normal -0.195122 0.980779 0
    outer loop
      vertex 92.7219 -5.18546 2.5
      vertex 92.94 -5.14207 1.55
      vertex 92.7219 -5.18546 1.55
    endloop
  endfacet
  facet normal 0.555551 0.831483 -0
    outer loop
      vertex 91.65 -4.97224 1.55
      vertex 91.4651 -4.8487 2.5
      vertex 91.65 -4.97224 2.5
    endloop
  endfacet
  facet normal 0.555551 0.831483 0
    outer loop
      vertex 91.4651 -4.8487 2.5
      vertex 91.65 -4.97224 1.55
      vertex 91.4651 -4.8487 1.55
    endloop
  endfacet
  facet normal -0.896789 -0.442459 0
    outer loop
      vertex 94.0706 -2.84944 1.55
      vertex 93.9722 -2.65 2.5
      vertex 93.9722 -2.65 1.55
    endloop
  endfacet
  facet normal -0.896789 -0.442459 0
    outer loop
      vertex 93.9722 -2.65 2.5
      vertex 94.0706 -2.84944 1.55
      vertex 94.0706 -2.84944 2.5
    endloop
  endfacet
  facet normal -0.659319 0.751863 0
    outer loop
      vertex 93.7021 -4.70208 1.55
      vertex 93.5349 -4.8487 2.5
      vertex 93.7021 -4.70208 2.5
    endloop
  endfacet
  facet normal -0.659319 0.751863 0
    outer loop
      vertex 93.5349 -4.8487 2.5
      vertex 93.7021 -4.70208 1.55
      vertex 93.5349 -4.8487 1.55
    endloop
  endfacet
  facet normal -0.555551 -0.831483 0
    outer loop
      vertex 93.35 -2.02776 1.55
      vertex 93.5349 -2.1513 2.5
      vertex 93.35 -2.02776 2.5
    endloop
  endfacet
  facet normal -0.555551 -0.831483 -0
    outer loop
      vertex 93.5349 -2.1513 2.5
      vertex 93.35 -2.02776 1.55
      vertex 93.5349 -2.1513 1.55
    endloop
  endfacet
  facet normal -0.442349 0.896843 0
    outer loop
      vertex 93.35 -4.97224 1.55
      vertex 93.1506 -5.07059 2.5
      vertex 93.35 -4.97224 2.5
    endloop
  endfacet
  facet normal -0.442349 0.896843 0
    outer loop
      vertex 93.1506 -5.07059 2.5
      vertex 93.35 -4.97224 1.55
      vertex 93.1506 -5.07059 1.55
    endloop
  endfacet
  facet normal 0.659319 -0.751863 0
    outer loop
      vertex 91.2979 -2.29792 1.55
      vertex 91.4651 -2.1513 2.5
      vertex 91.2979 -2.29792 2.5
    endloop
  endfacet
  facet normal 0.659319 -0.751863 0
    outer loop
      vertex 91.4651 -2.1513 2.5
      vertex 91.2979 -2.29792 1.55
      vertex 91.4651 -2.1513 1.55
    endloop
  endfacet
  facet normal 0.751888 -0.659291 0
    outer loop
      vertex 91.1513 -2.46511 2.5
      vertex 91.2979 -2.29792 1.55
      vertex 91.2979 -2.29792 2.5
    endloop
  endfacet
  facet normal 0.751888 -0.659291 0
    outer loop
      vertex 91.2979 -2.29792 1.55
      vertex 91.1513 -2.46511 2.5
      vertex 91.1513 -2.46511 1.55
    endloop
  endfacet
  facet normal 0.831552 -0.555447 0
    outer loop
      vertex 91.0278 -2.65 2.5
      vertex 91.1513 -2.46511 1.55
      vertex 91.1513 -2.46511 2.5
    endloop
  endfacet
  facet normal 0.831552 -0.555447 0
    outer loop
      vertex 91.1513 -2.46511 1.55
      vertex 91.0278 -2.65 2.5
      vertex 91.0278 -2.65 1.55
    endloop
  endfacet
  facet normal -0.831552 0.555447 0
    outer loop
      vertex 93.8487 -4.53489 1.55
      vertex 93.9722 -4.35 2.5
      vertex 93.9722 -4.35 1.55
    endloop
  endfacet
  facet normal -0.831552 0.555447 0
    outer loop
      vertex 93.9722 -4.35 2.5
      vertex 93.8487 -4.53489 1.55
      vertex 93.8487 -4.53489 2.5
    endloop
  endfacet
  facet normal -0.195122 -0.980779 0
    outer loop
      vertex 92.7219 -1.81454 1.55
      vertex 92.94 -1.85793 2.5
      vertex 92.7219 -1.81454 2.5
    endloop
  endfacet
  facet normal -0.195122 -0.980779 -0
    outer loop
      vertex 92.94 -1.85793 2.5
      vertex 92.7219 -1.81454 1.55
      vertex 92.94 -1.85793 1.55
    endloop
  endfacet
  facet normal -0.980769 -0.195173 0
    outer loop
      vertex 94.1855 -3.2781 1.55
      vertex 94.1421 -3.06001 2.5
      vertex 94.1421 -3.06001 1.55
    endloop
  endfacet
  facet normal -0.980769 -0.195173 0
    outer loop
      vertex 94.1421 -3.06001 2.5
      vertex 94.1855 -3.2781 1.55
      vertex 94.1855 -3.2781 2.5
    endloop
  endfacet
  facet normal 0.946901 -0.321525 0
    outer loop
      vertex 90.8579 -3.06001 2.5
      vertex 90.9294 -2.84944 1.55
      vertex 90.9294 -2.84944 2.5
    endloop
  endfacet
  facet normal 0.946901 -0.321525 0
    outer loop
      vertex 90.9294 -2.84944 1.55
      vertex 90.8579 -3.06001 2.5
      vertex 90.8579 -3.06001 1.55
    endloop
  endfacet
  facet normal -0.442386 -0.896825 0
    outer loop
      vertex 93.1506 -1.9294 1.55
      vertex 93.35 -2.02776 2.5
      vertex 93.1506 -1.9294 2.5
    endloop
  endfacet
  facet normal -0.442386 -0.896825 -0
    outer loop
      vertex 93.35 -2.02776 2.5
      vertex 93.1506 -1.9294 1.55
      vertex 93.35 -2.02776 1.55
    endloop
  endfacet
  facet normal -0.0653848 0.99786 0
    outer loop
      vertex 92.7219 -5.18546 1.55
      vertex 92.5 -5.2 2.5
      vertex 92.7219 -5.18546 2.5
    endloop
  endfacet
  facet normal -0.0653848 0.99786 0
    outer loop
      vertex 92.5 -5.2 2.5
      vertex 92.7219 -5.18546 1.55
      vertex 92.5 -5.2 1.55
    endloop
  endfacet
  facet normal 0.321403 0.946943 -0
    outer loop
      vertex 92.06 -5.14207 1.55
      vertex 91.8494 -5.07059 2.5
      vertex 92.06 -5.14207 2.5
    endloop
  endfacet
  facet normal 0.321403 0.946943 0
    outer loop
      vertex 91.8494 -5.07059 2.5
      vertex 92.06 -5.14207 1.55
      vertex 91.8494 -5.07059 1.55
    endloop
  endfacet
  facet normal 0.195122 0.980779 -0
    outer loop
      vertex 92.2781 -5.18546 1.55
      vertex 92.06 -5.14207 2.5
      vertex 92.2781 -5.18546 2.5
    endloop
  endfacet
  facet normal 0.195122 0.980779 0
    outer loop
      vertex 92.06 -5.14207 2.5
      vertex 92.2781 -5.18546 1.55
      vertex 92.06 -5.14207 1.55
    endloop
  endfacet
  facet normal -0.896789 0.442459 0
    outer loop
      vertex 93.9722 -4.35 1.55
      vertex 94.0706 -4.15056 2.5
      vertex 94.0706 -4.15056 1.55
    endloop
  endfacet
  facet normal -0.896789 0.442459 0
    outer loop
      vertex 94.0706 -4.15056 2.5
      vertex 93.9722 -4.35 1.55
      vertex 93.9722 -4.35 2.5
    endloop
  endfacet
  facet normal -0.997872 -0.0652057 0
    outer loop
      vertex 94.2 -3.5 1.55
      vertex 94.1855 -3.2781 2.5
      vertex 94.1855 -3.2781 1.55
    endloop
  endfacet
  facet normal -0.997872 -0.0652057 0
    outer loop
      vertex 94.1855 -3.2781 2.5
      vertex 94.2 -3.5 1.55
      vertex 94.2 -3.5 2.5
    endloop
  endfacet
  facet normal -0.0653848 -0.99786 0
    outer loop
      vertex 92.5 -1.8 1.55
      vertex 92.7219 -1.81454 2.5
      vertex 92.5 -1.8 2.5
    endloop
  endfacet
  facet normal -0.0653848 -0.99786 -0
    outer loop
      vertex 92.7219 -1.81454 2.5
      vertex 92.5 -1.8 1.55
      vertex 92.7219 -1.81454 1.55
    endloop
  endfacet
  facet normal -0.751888 0.659291 0
    outer loop
      vertex 93.7021 -4.70208 1.55
      vertex 93.8487 -4.53489 2.5
      vertex 93.8487 -4.53489 1.55
    endloop
  endfacet
  facet normal -0.751888 0.659291 0
    outer loop
      vertex 93.8487 -4.53489 2.5
      vertex 93.7021 -4.70208 1.55
      vertex 93.7021 -4.70208 2.5
    endloop
  endfacet
  facet normal 0.997872 -0.0652057 0
    outer loop
      vertex 90.8 -3.5 2.5
      vertex 90.8145 -3.2781 1.55
      vertex 90.8145 -3.2781 2.5
    endloop
  endfacet
  facet normal 0.997872 -0.0652057 0
    outer loop
      vertex 90.8145 -3.2781 1.55
      vertex 90.8 -3.5 2.5
      vertex 90.8 -3.5 1.55
    endloop
  endfacet
  facet normal -0.751888 -0.659291 0
    outer loop
      vertex 93.8487 -2.46511 1.55
      vertex 93.7021 -2.29792 2.5
      vertex 93.7021 -2.29792 1.55
    endloop
  endfacet
  facet normal -0.751888 -0.659291 0
    outer loop
      vertex 93.7021 -2.29792 2.5
      vertex 93.8487 -2.46511 1.55
      vertex 93.8487 -2.46511 2.5
    endloop
  endfacet
  facet normal 0.751888 0.659291 0
    outer loop
      vertex 91.2979 -4.70208 2.5
      vertex 91.1513 -4.53489 1.55
      vertex 91.1513 -4.53489 2.5
    endloop
  endfacet
  facet normal 0.751888 0.659291 0
    outer loop
      vertex 91.1513 -4.53489 1.55
      vertex 91.2979 -4.70208 2.5
      vertex 91.2979 -4.70208 1.55
    endloop
  endfacet
  facet normal 0.831552 0.555447 0
    outer loop
      vertex 91.1513 -4.53489 2.5
      vertex 91.0278 -4.35 1.55
      vertex 91.0278 -4.35 2.5
    endloop
  endfacet
  facet normal 0.831552 0.555447 0
    outer loop
      vertex 91.0278 -4.35 1.55
      vertex 91.1513 -4.53489 2.5
      vertex 91.1513 -4.53489 1.55
    endloop
  endfacet
  facet normal 0.0653848 0.99786 -0
    outer loop
      vertex 92.5 -5.2 1.55
      vertex 92.2781 -5.18546 2.5
      vertex 92.5 -5.2 2.5
    endloop
  endfacet
  facet normal 0.0653848 0.99786 0
    outer loop
      vertex 92.2781 -5.18546 2.5
      vertex 92.5 -5.2 1.55
      vertex 92.2781 -5.18546 1.55
    endloop
  endfacet
  facet normal 0.980769 -0.195173 0
    outer loop
      vertex 90.8145 -3.2781 2.5
      vertex 90.8579 -3.06001 1.55
      vertex 90.8579 -3.06001 2.5
    endloop
  endfacet
  facet normal 0.980769 -0.195173 0
    outer loop
      vertex 90.8579 -3.06001 1.55
      vertex 90.8145 -3.2781 2.5
      vertex 90.8145 -3.2781 1.55
    endloop
  endfacet
  facet normal 0.321363 -0.946956 0
    outer loop
      vertex 91.8494 -1.9294 1.55
      vertex 92.06 -1.85793 2.5
      vertex 91.8494 -1.9294 2.5
    endloop
  endfacet
  facet normal 0.321363 -0.946956 0
    outer loop
      vertex 92.06 -1.85793 2.5
      vertex 91.8494 -1.9294 1.55
      vertex 92.06 -1.85793 1.55
    endloop
  endfacet
  facet normal -0.946901 0.321525 0
    outer loop
      vertex 94.0706 -4.15056 1.55
      vertex 94.1421 -3.93999 2.5
      vertex 94.1421 -3.93999 1.55
    endloop
  endfacet
  facet normal -0.946901 0.321525 0
    outer loop
      vertex 94.1421 -3.93999 2.5
      vertex 94.0706 -4.15056 1.55
      vertex 94.0706 -4.15056 2.5
    endloop
  endfacet
  facet normal 0.442386 -0.896825 0
    outer loop
      vertex 91.65 -2.02776 1.55
      vertex 91.8494 -1.9294 2.5
      vertex 91.65 -2.02776 2.5
    endloop
  endfacet
  facet normal 0.442386 -0.896825 0
    outer loop
      vertex 91.8494 -1.9294 2.5
      vertex 91.65 -2.02776 1.55
      vertex 91.8494 -1.9294 1.55
    endloop
  endfacet
  facet normal -0.831552 -0.555447 0
    outer loop
      vertex 93.9722 -2.65 1.55
      vertex 93.8487 -2.46511 2.5
      vertex 93.8487 -2.46511 1.55
    endloop
  endfacet
  facet normal -0.831552 -0.555447 0
    outer loop
      vertex 93.8487 -2.46511 2.5
      vertex 93.9722 -2.65 1.55
      vertex 93.9722 -2.65 2.5
    endloop
  endfacet
  facet normal 0.555551 -0.831483 0
    outer loop
      vertex 91.4651 -2.1513 1.55
      vertex 91.65 -2.02776 2.5
      vertex 91.4651 -2.1513 2.5
    endloop
  endfacet
  facet normal 0.555551 -0.831483 0
    outer loop
      vertex 91.65 -2.02776 2.5
      vertex 91.4651 -2.1513 1.55
      vertex 91.65 -2.02776 1.55
    endloop
  endfacet
  facet normal 0.0653848 -0.99786 0
    outer loop
      vertex 92.2781 -1.81454 1.55
      vertex 92.5 -1.8 2.5
      vertex 92.2781 -1.81454 2.5
    endloop
  endfacet
  facet normal 0.0653848 -0.99786 0
    outer loop
      vertex 92.5 -1.8 2.5
      vertex 92.2781 -1.81454 1.55
      vertex 92.5 -1.8 1.55
    endloop
  endfacet
  facet normal 0.195122 -0.980779 0
    outer loop
      vertex 92.06 -1.85793 1.55
      vertex 92.2781 -1.81454 2.5
      vertex 92.06 -1.85793 2.5
    endloop
  endfacet
  facet normal 0.195122 -0.980779 0
    outer loop
      vertex 92.2781 -1.81454 2.5
      vertex 92.06 -1.85793 1.55
      vertex 92.2781 -1.81454 1.55
    endloop
  endfacet
  facet normal 0.896789 0.442459 0
    outer loop
      vertex 91.0278 -4.35 2.5
      vertex 90.9294 -4.15056 1.55
      vertex 90.9294 -4.15056 2.5
    endloop
  endfacet
  facet normal 0.896789 0.442459 0
    outer loop
      vertex 90.9294 -4.15056 1.55
      vertex 91.0278 -4.35 2.5
      vertex 91.0278 -4.35 1.55
    endloop
  endfacet
  facet normal 0.896789 -0.442459 0
    outer loop
      vertex 90.9294 -2.84944 2.5
      vertex 91.0278 -2.65 1.55
      vertex 91.0278 -2.65 2.5
    endloop
  endfacet
  facet normal 0.896789 -0.442459 0
    outer loop
      vertex 91.0278 -2.65 1.55
      vertex 90.9294 -2.84944 2.5
      vertex 90.9294 -2.84944 1.55
    endloop
  endfacet
  facet normal 0.997872 0.0652086 0
    outer loop
      vertex 90.8145 -3.72189 2.5
      vertex 90.8 -3.5 1.55
      vertex 90.8 -3.5 2.5
    endloop
  endfacet
  facet normal 0.997872 0.0652086 0
    outer loop
      vertex 90.8 -3.5 1.55
      vertex 90.8145 -3.72189 2.5
      vertex 90.8145 -3.72189 1.55
    endloop
  endfacet
  facet normal 0.98077 0.195165 0
    outer loop
      vertex 90.8579 -3.93999 2.5
      vertex 90.8145 -3.72189 1.55
      vertex 90.8145 -3.72189 2.5
    endloop
  endfacet
  facet normal 0.98077 0.195165 0
    outer loop
      vertex 90.8145 -3.72189 1.55
      vertex 90.8579 -3.93999 2.5
      vertex 90.8579 -3.93999 1.55
    endloop
  endfacet
  facet normal 0.946901 0.321525 0
    outer loop
      vertex 90.9294 -4.15056 2.5
      vertex 90.8579 -3.93999 1.55
      vertex 90.8579 -3.93999 2.5
    endloop
  endfacet
  facet normal 0.946901 0.321525 0
    outer loop
      vertex 90.8579 -3.93999 1.55
      vertex 90.9294 -4.15056 2.5
      vertex 90.9294 -4.15056 1.55
    endloop
  endfacet
  facet normal -0.659319 -0.751863 0
    outer loop
      vertex 93.5349 -2.1513 1.55
      vertex 93.7021 -2.29792 2.5
      vertex 93.5349 -2.1513 2.5
    endloop
  endfacet
  facet normal -0.659319 -0.751863 -0
    outer loop
      vertex 93.7021 -2.29792 2.5
      vertex 93.5349 -2.1513 1.55
      vertex 93.7021 -2.29792 1.55
    endloop
  endfacet
  facet normal 0.590431 0.394562 -0.704068
    outer loop
      vertex 91.1513 -4.53489 1.55
      vertex 89.9295 -5.47243 0
      vertex 89.6948 -5.12122 0
    endloop
  endfacet
  facet normal 0.708643 0.0463082 -0.704046
    outer loop
      vertex 90.8145 -3.72189 1.55
      vertex 89.2876 -3.92149 0
      vertex 90.8 -3.5 1.55
    endloop
  endfacet
  facet normal 0.70829 0.0498796 -0.704157
    outer loop
      vertex 89.2876 -3.92149 0
      vertex 90.8145 -3.72189 1.55
      vertex 89.2877 -3.92291 0
    endloop
  endfacet
  facet normal -0.708599 0.0465686 -0.704073
    outer loop
      vertex 95.7401 -3.5 0
      vertex 95.7124 -3.92149 0
      vertex 94.2 -3.5 1.55
    endloop
  endfacet
  facet normal -0.708643 0.0463082 -0.704046
    outer loop
      vertex 95.7124 -3.92149 0
      vertex 94.1855 -3.72189 1.55
      vertex 94.2 -3.5 1.55
    endloop
  endfacet
  facet normal -0.70829 0.0498796 -0.704157
    outer loop
      vertex 94.1855 -3.72189 1.55
      vertex 95.7124 -3.92149 0
      vertex 95.7123 -3.92291 0
    endloop
  endfacet
  facet normal 0.590431 -0.394562 -0.704068
    outer loop
      vertex 89.9295 -1.52757 0
      vertex 91.1513 -2.46511 1.55
      vertex 89.6948 -1.87878 0
    endloop
  endfacet
  facet normal 0.228254 -0.672447 -0.704071
    outer loop
      vertex 91.6614 -0.370337 0
      vertex 92.06 -1.85793 1.55
      vertex 91.2614 -0.506112 0
    endloop
  endfacet
  facet normal 0.636842 -0.314206 -0.704064
    outer loop
      vertex 90.9294 -2.84944 1.55
      vertex 89.5072 -2.2588 0
      vertex 91.0278 -2.65 1.55
    endloop
  endfacet
  facet normal 0.64265 -0.301242 -0.704453
    outer loop
      vertex 89.5072 -2.2588 0
      vertex 90.9294 -2.84944 1.55
      vertex 89.5066 -2.26008 0
    endloop
  endfacet
  facet normal -0.139273 0.696366 -0.704044
    outer loop
      vertex 92.7219 -5.18546 1.55
      vertex 92.9243 -6.71207 0
      vertex 92.9229 -6.71235 0
    endloop
  endfacet
  facet normal -0.138562 0.696484 -0.704067
    outer loop
      vertex 92.9243 -6.71207 0
      vertex 92.7219 -5.18546 1.55
      vertex 92.94 -5.14207 1.55
    endloop
  endfacet
  facet normal -0.468208 0.533922 -0.704066
    outer loop
      vertex 94.79 -5.79201 0
      vertex 94.4724 -6.07052 0
      vertex 93.5349 -4.8487 1.55
    endloop
  endfacet
  facet normal 0.228238 0.672454 -0.704069
    outer loop
      vertex 91.2614 -6.49389 0
      vertex 91.8494 -5.07059 1.55
      vertex 92.06 -5.14207 1.55
    endloop
  endfacet
  facet normal 0.236797 0.669208 -0.704335
    outer loop
      vertex 91.8494 -5.07059 1.55
      vertex 91.2614 -6.49389 0
      vertex 91.2601 -6.49343 0
    endloop
  endfacet
  facet normal 0.139273 0.696366 -0.704044
    outer loop
      vertex 92.0757 -6.71207 0
      vertex 92.2781 -5.18546 1.55
      vertex 92.0771 -6.71235 0
    endloop
  endfacet
  facet normal 0.138562 0.696484 -0.704067
    outer loop
      vertex 92.2781 -5.18546 1.55
      vertex 92.0757 -6.71207 0
      vertex 92.06 -5.14207 1.55
    endloop
  endfacet
  facet normal -0.590431 -0.394562 -0.704068
    outer loop
      vertex 95.0705 -1.52757 0
      vertex 95.3052 -1.87878 0
      vertex 93.8487 -2.46511 1.55
    endloop
  endfacet
  facet normal -0.390401 0.593014 -0.704217
    outer loop
      vertex 93.35 -4.97224 1.55
      vertex 94.1212 -6.30519 0
      vertex 94.12 -6.30598 0
    endloop
  endfacet
  facet normal -0.394514 0.590462 -0.704069
    outer loop
      vertex 94.1212 -6.30519 0
      vertex 93.35 -4.97224 1.55
      vertex 93.5349 -4.8487 1.55
    endloop
  endfacet
  facet normal 0.468205 -0.533925 -0.704065
    outer loop
      vertex 90.5276 -0.929483 0
      vertex 91.4651 -2.1513 1.55
      vertex 90.21 -1.20799 0
    endloop
  endfacet
  facet normal -0.329876 0.628334 -0.704541
    outer loop
      vertex 94.1188 -6.30661 0
      vertex 93.35 -4.97224 1.55
      vertex 94.12 -6.30598 0
    endloop
  endfacet
  facet normal -0.314123 0.63687 -0.704076
    outer loop
      vertex 93.35 -4.97224 1.55
      vertex 94.1188 -6.30661 0
      vertex 93.1506 -5.07059 1.55
    endloop
  endfacet
  facet normal -0.314042 -0.636923 -0.704064
    outer loop
      vertex 93.7399 -0.50657 0
      vertex 94.1188 -0.693391 0
      vertex 93.1506 -1.9294 1.55
    endloop
  endfacet
  facet normal -0.672421 -0.228324 -0.704073
    outer loop
      vertex 94.0706 -2.84944 1.55
      vertex 95.4939 -2.26143 0
      vertex 94.1421 -3.06001 1.55
    endloop
  endfacet
  facet normal -0.665462 -0.246468 -0.704566
    outer loop
      vertex 95.4939 -2.26143 0
      vertex 94.0706 -2.84944 1.55
      vertex 95.4934 -2.26008 0
    endloop
  endfacet
  facet normal -0.636915 0.314061 -0.704063
    outer loop
      vertex 95.4934 -4.73992 0
      vertex 95.3066 -5.11875 0
      vertex 94.0706 -4.15056 1.55
    endloop
  endfacet
  facet normal -0.31404 0.636922 -0.704066
    outer loop
      vertex 94.1188 -6.30661 0
      vertex 93.7399 -6.49343 0
      vertex 93.1506 -5.07059 1.55
    endloop
  endfacet
  facet normal -0.228246 0.67245 -0.70407
    outer loop
      vertex 93.7386 -6.49389 0
      vertex 93.3386 -6.62966 0
      vertex 92.94 -5.14207 1.55
    endloop
  endfacet
  facet normal -0.394536 0.590451 -0.704066
    outer loop
      vertex 94.4724 -6.07052 0
      vertex 94.1212 -6.30519 0
      vertex 93.5349 -4.8487 1.55
    endloop
  endfacet
  facet normal -0.708599 -0.0465686 -0.704073
    outer loop
      vertex 95.7124 -3.07851 0
      vertex 95.7401 -3.5 0
      vertex 94.2 -3.5 1.55
    endloop
  endfacet
  facet normal -0.0464319 -0.708613 -0.704068
    outer loop
      vertex 92.9215 -0.28756 0
      vertex 92.7219 -1.81454 1.55
      vertex 92.5 -1.8 1.55
    endloop
  endfacet
  facet normal -0.0475708 -0.708501 -0.704105
    outer loop
      vertex 92.7219 -1.81454 1.55
      vertex 92.9215 -0.28756 0
      vertex 92.9229 -0.287654 0
    endloop
  endfacet
  facet normal -0.70829 -0.0498796 -0.704157
    outer loop
      vertex 95.7124 -3.07851 0
      vertex 94.1855 -3.2781 1.55
      vertex 95.7123 -3.07709 0
    endloop
  endfacet
  facet normal -0.708644 -0.0463061 -0.704045
    outer loop
      vertex 94.1855 -3.2781 1.55
      vertex 95.7124 -3.07851 0
      vertex 94.2 -3.5 1.55
    endloop
  endfacet
  facet normal -0.672431 -0.228302 -0.70407
    outer loop
      vertex 95.4939 -2.26143 0
      vertex 95.6297 -2.66141 0
      vertex 94.1421 -3.06001 1.55
    endloop
  endfacet
  facet normal -0.64265 -0.301242 -0.704453
    outer loop
      vertex 94.0706 -2.84944 1.55
      vertex 95.4928 -2.2588 0
      vertex 95.4934 -2.26008 0
    endloop
  endfacet
  facet normal -0.636842 -0.314206 -0.704064
    outer loop
      vertex 95.4928 -2.2588 0
      vertex 94.0706 -2.84944 1.55
      vertex 93.9722 -2.65 1.55
    endloop
  endfacet
  facet normal 0.138533 -0.696487 -0.70407
    outer loop
      vertex 92.0757 -0.287932 0
      vertex 92.06 -1.85793 1.55
      vertex 91.6614 -0.370337 0
    endloop
  endfacet
  facet normal -0.533907 -0.468222 -0.704068
    outer loop
      vertex 94.792 -1.21 0
      vertex 95.0705 -1.52757 0
      vertex 93.8487 -2.46511 1.55
    endloop
  endfacet
  facet normal 0.70829 -0.0498796 -0.704157
    outer loop
      vertex 90.8145 -3.2781 1.55
      vertex 89.2876 -3.07851 0
      vertex 89.2877 -3.07709 0
    endloop
  endfacet
  facet normal 0.708644 -0.0463061 -0.704045
    outer loop
      vertex 89.2876 -3.07851 0
      vertex 90.8145 -3.2781 1.55
      vertex 90.8 -3.5 1.55
    endloop
  endfacet
  facet normal 0.672431 -0.228302 -0.70407
    outer loop
      vertex 89.5061 -2.26143 0
      vertex 90.8579 -3.06001 1.55
      vertex 89.3703 -2.66141 0
    endloop
  endfacet
  facet normal 0.665462 0.246468 -0.704566
    outer loop
      vertex 89.5061 -4.73857 0
      vertex 90.9294 -4.15056 1.55
      vertex 89.5066 -4.73992 0
    endloop
  endfacet
  facet normal 0.672421 0.228324 -0.704073
    outer loop
      vertex 90.9294 -4.15056 1.55
      vertex 89.5061 -4.73857 0
      vertex 90.8579 -3.93999 1.55
    endloop
  endfacet
  facet normal 0.309627 0.638914 -0.704216
    outer loop
      vertex 91.2588 -6.4928 0
      vertex 91.8494 -5.07059 1.55
      vertex 91.2601 -6.49343 0
    endloop
  endfacet
  facet normal 0.314128 0.63688 -0.704065
    outer loop
      vertex 91.8494 -5.07059 1.55
      vertex 91.2588 -6.4928 0
      vertex 91.65 -4.97224 1.55
    endloop
  endfacet
  facet normal 0.390401 0.593014 -0.704217
    outer loop
      vertex 90.8788 -6.30519 0
      vertex 91.65 -4.97224 1.55
      vertex 90.88 -6.30598 0
    endloop
  endfacet
  facet normal 0.394514 0.590462 -0.704069
    outer loop
      vertex 91.65 -4.97224 1.55
      vertex 90.8788 -6.30519 0
      vertex 91.4651 -4.8487 1.55
    endloop
  endfacet
  facet normal -0.138541 0.696486 -0.70407
    outer loop
      vertex 92.94 -5.14207 1.55
      vertex 93.3386 -6.62966 0
      vertex 92.9243 -6.71207 0
    endloop
  endfacet
  facet normal -0.394515 -0.590463 -0.704068
    outer loop
      vertex 93.35 -2.02776 1.55
      vertex 94.1212 -0.694813 0
      vertex 93.5349 -2.1513 1.55
    endloop
  endfacet
  facet normal -0.391103 -0.592581 -0.704192
    outer loop
      vertex 94.1212 -0.694813 0
      vertex 93.35 -2.02776 1.55
      vertex 94.12 -0.694021 0
    endloop
  endfacet
  facet normal -0.329876 -0.628334 -0.704541
    outer loop
      vertex 93.35 -2.02776 1.55
      vertex 94.1188 -0.693391 0
      vertex 94.12 -0.694021 0
    endloop
  endfacet
  facet normal -0.314149 -0.636857 -0.704077
    outer loop
      vertex 94.1188 -0.693391 0
      vertex 93.35 -2.02776 1.55
      vertex 93.1506 -1.9294 1.55
    endloop
  endfacet
  facet normal 0.533944 -0.468187 -0.704062
    outer loop
      vertex 90.208 -1.21 0
      vertex 91.2979 -2.29792 1.55
      vertex 91.1513 -2.46511 1.55
    endloop
  endfacet
  facet normal 0.543871 -0.457462 -0.703514
    outer loop
      vertex 91.2979 -2.29792 1.55
      vertex 90.208 -1.21 0
      vertex 90.2089 -1.20893 0
    endloop
  endfacet
  facet normal 0.0464339 0.708613 -0.704068
    outer loop
      vertex 92.5 -5.2 1.55
      vertex 92.5 -6.74006 0
      vertex 92.0785 -6.71244 0
    endloop
  endfacet
  facet normal 0.0464422 -0.708611 -0.704069
    outer loop
      vertex 92.5 -0.259935 0
      vertex 92.5 -1.8 1.55
      vertex 92.0785 -0.28756 0
    endloop
  endfacet
  facet normal -0.702288 -0.100327 -0.704788
    outer loop
      vertex 94.1855 -3.2781 1.55
      vertex 95.7121 -3.07569 0
      vertex 95.7123 -3.07709 0
    endloop
  endfacet
  facet normal -0.696479 -0.1386 -0.704064
    outer loop
      vertex 95.7121 -3.07569 0
      vertex 94.1855 -3.2781 1.55
      vertex 94.1421 -3.06001 1.55
    endloop
  endfacet
  facet normal 0.138541 0.696486 -0.70407
    outer loop
      vertex 92.06 -5.14207 1.55
      vertex 92.0757 -6.71207 0
      vertex 91.6614 -6.62966 0
    endloop
  endfacet
  facet normal 0.394515 -0.590463 -0.704068
    outer loop
      vertex 90.8788 -0.694813 0
      vertex 91.65 -2.02776 1.55
      vertex 91.4651 -2.1513 1.55
    endloop
  endfacet
  facet normal 0.391103 -0.592581 -0.704192
    outer loop
      vertex 91.65 -2.02776 1.55
      vertex 90.8788 -0.694813 0
      vertex 90.88 -0.694021 0
    endloop
  endfacet
  facet normal -0.590431 0.394562 -0.704068
    outer loop
      vertex 95.3052 -5.12122 0
      vertex 95.0705 -5.47243 0
      vertex 93.8487 -4.53489 1.55
    endloop
  endfacet
  facet normal -0.533944 -0.468187 -0.704062
    outer loop
      vertex 93.7021 -2.29792 1.55
      vertex 94.792 -1.21 0
      vertex 93.8487 -2.46511 1.55
    endloop
  endfacet
  facet normal -0.543871 -0.457462 -0.703514
    outer loop
      vertex 94.792 -1.21 0
      vertex 93.7021 -2.29792 1.55
      vertex 94.7911 -1.20893 0
    endloop
  endfacet
  facet normal 0.590499 0.394433 -0.704084
    outer loop
      vertex 89.6948 -5.12122 0
      vertex 91.0278 -4.35 1.55
      vertex 91.1513 -4.53489 1.55
    endloop
  endfacet
  facet normal 0.589382 0.396223 -0.704014
    outer loop
      vertex 91.0278 -4.35 1.55
      vertex 89.6948 -5.12122 0
      vertex 89.694 -5.12003 0
    endloop
  endfacet
  facet normal -0.461549 -0.54011 -0.703743
    outer loop
      vertex 93.7021 -2.29792 1.55
      vertex 94.79 -1.20799 0
      vertex 94.7911 -1.20893 0
    endloop
  endfacet
  facet normal -0.468206 -0.533924 -0.704065
    outer loop
      vertex 94.79 -1.20799 0
      vertex 93.7021 -2.29792 1.55
      vertex 93.5349 -2.1513 1.55
    endloop
  endfacet
  facet normal 0.533907 -0.468222 -0.704068
    outer loop
      vertex 90.208 -1.21 0
      vertex 91.1513 -2.46511 1.55
      vertex 89.9295 -1.52757 0
    endloop
  endfacet
  facet normal 0.590499 -0.394433 -0.704084
    outer loop
      vertex 91.0278 -2.65 1.55
      vertex 89.6948 -1.87878 0
      vertex 91.1513 -2.46511 1.55
    endloop
  endfacet
  facet normal 0.589382 -0.396223 -0.704014
    outer loop
      vertex 89.6948 -1.87878 0
      vertex 91.0278 -2.65 1.55
      vertex 89.694 -1.87997 0
    endloop
  endfacet
  facet normal -0.696486 -0.138531 -0.704071
    outer loop
      vertex 95.6297 -2.66141 0
      vertex 95.7121 -3.07569 0
      vertex 94.1421 -3.06001 1.55
    endloop
  endfacet
  facet normal 0.636899 -0.314053 -0.704081
    outer loop
      vertex 89.694 -1.87997 0
      vertex 91.0278 -2.65 1.55
      vertex 89.5072 -2.2588 0
    endloop
  endfacet
  facet normal 0.468208 0.533922 -0.704066
    outer loop
      vertex 91.4651 -4.8487 1.55
      vertex 90.5276 -6.07052 0
      vertex 90.21 -5.79201 0
    endloop
  endfacet
  facet normal 0.468206 -0.533924 -0.704065
    outer loop
      vertex 91.2979 -2.29792 1.55
      vertex 90.21 -1.20799 0
      vertex 91.4651 -2.1513 1.55
    endloop
  endfacet
  facet normal 0.461549 -0.54011 -0.703743
    outer loop
      vertex 90.21 -1.20799 0
      vertex 91.2979 -2.29792 1.55
      vertex 90.2089 -1.20893 0
    endloop
  endfacet
  facet normal -0.0464339 0.708613 -0.704068
    outer loop
      vertex 92.9215 -6.71244 0
      vertex 92.5 -6.74006 0
      vertex 92.5 -5.2 1.55
    endloop
  endfacet
  facet normal -0.138533 -0.696487 -0.70407
    outer loop
      vertex 93.3386 -0.370337 0
      vertex 92.94 -1.85793 1.55
      vertex 92.9243 -0.287932 0
    endloop
  endfacet
  facet normal -0.672431 0.228302 -0.70407
    outer loop
      vertex 95.6297 -4.33859 0
      vertex 95.4939 -4.73857 0
      vertex 94.1421 -3.93999 1.55
    endloop
  endfacet
  facet normal 0.394536 -0.590451 -0.704065
    outer loop
      vertex 90.8788 -0.694813 0
      vertex 91.4651 -2.1513 1.55
      vertex 90.5276 -0.929483 0
    endloop
  endfacet
  facet normal 0.672431 0.228302 -0.70407
    outer loop
      vertex 90.8579 -3.93999 1.55
      vertex 89.5061 -4.73857 0
      vertex 89.3703 -4.33859 0
    endloop
  endfacet
  facet normal 0.696486 0.138531 -0.704071
    outer loop
      vertex 90.8579 -3.93999 1.55
      vertex 89.3703 -4.33859 0
      vertex 89.2879 -3.92431 0
    endloop
  endfacet
  facet normal -0.228254 -0.672447 -0.704071
    outer loop
      vertex 93.3386 -0.370337 0
      vertex 93.7386 -0.506112 0
      vertex 92.94 -1.85793 1.55
    endloop
  endfacet
  facet normal -0.138562 -0.696484 -0.704067
    outer loop
      vertex 92.7219 -1.81454 1.55
      vertex 92.9243 -0.287932 0
      vertex 92.94 -1.85793 1.55
    endloop
  endfacet
  facet normal -0.13831 -0.696526 -0.704075
    outer loop
      vertex 92.9243 -0.287932 0
      vertex 92.7219 -1.81454 1.55
      vertex 92.9229 -0.287654 0
    endloop
  endfacet
  facet normal -0.394536 -0.590451 -0.704065
    outer loop
      vertex 94.1212 -0.694813 0
      vertex 94.4724 -0.929483 0
      vertex 93.5349 -2.1513 1.55
    endloop
  endfacet
  facet normal -0.468205 -0.533925 -0.704065
    outer loop
      vertex 94.4724 -0.929483 0
      vertex 94.79 -1.20799 0
      vertex 93.5349 -2.1513 1.55
    endloop
  endfacet
  facet normal 0.0475708 -0.708501 -0.704105
    outer loop
      vertex 92.0785 -0.28756 0
      vertex 92.2781 -1.81454 1.55
      vertex 92.0771 -0.287654 0
    endloop
  endfacet
  facet normal 0.0464319 -0.708613 -0.704068
    outer loop
      vertex 92.2781 -1.81454 1.55
      vertex 92.0785 -0.28756 0
      vertex 92.5 -1.8 1.55
    endloop
  endfacet
  facet normal 0.636915 0.314061 -0.704063
    outer loop
      vertex 90.9294 -4.15056 1.55
      vertex 89.6934 -5.11875 0
      vertex 89.5066 -4.73992 0
    endloop
  endfacet
  facet normal -0.636899 -0.314053 -0.704081
    outer loop
      vertex 95.306 -1.87997 0
      vertex 95.4928 -2.2588 0
      vertex 93.9722 -2.65 1.55
    endloop
  endfacet
  facet normal -0.23589 -0.669557 -0.704307
    outer loop
      vertex 93.1506 -1.9294 1.55
      vertex 93.7386 -0.506112 0
      vertex 93.7399 -0.50657 0
    endloop
  endfacet
  facet normal -0.228211 -0.672467 -0.704066
    outer loop
      vertex 93.7386 -0.506112 0
      vertex 93.1506 -1.9294 1.55
      vertex 92.94 -1.85793 1.55
    endloop
  endfacet
  facet normal 0.228211 -0.672467 -0.704066
    outer loop
      vertex 91.8494 -1.9294 1.55
      vertex 91.2614 -0.506112 0
      vertex 92.06 -1.85793 1.55
    endloop
  endfacet
  facet normal 0.23589 -0.669557 -0.704307
    outer loop
      vertex 91.2614 -0.506112 0
      vertex 91.8494 -1.9294 1.55
      vertex 91.2601 -0.50657 0
    endloop
  endfacet
  facet normal -0.589382 -0.396223 -0.704014
    outer loop
      vertex 93.9722 -2.65 1.55
      vertex 95.3052 -1.87878 0
      vertex 95.306 -1.87997 0
    endloop
  endfacet
  facet normal -0.590499 -0.394433 -0.704084
    outer loop
      vertex 95.3052 -1.87878 0
      vertex 93.9722 -2.65 1.55
      vertex 93.8487 -2.46511 1.55
    endloop
  endfacet
  facet normal 0.543871 0.457462 -0.703514
    outer loop
      vertex 90.208 -5.79 0
      vertex 91.2979 -4.70208 1.55
      vertex 90.2089 -5.79107 0
    endloop
  endfacet
  facet normal 0.533944 0.468187 -0.704062
    outer loop
      vertex 91.2979 -4.70208 1.55
      vertex 90.208 -5.79 0
      vertex 91.1513 -4.53489 1.55
    endloop
  endfacet
  facet normal 0.228246 0.67245 -0.70407
    outer loop
      vertex 92.06 -5.14207 1.55
      vertex 91.6614 -6.62966 0
      vertex 91.2614 -6.49389 0
    endloop
  endfacet
  facet normal 0.672421 -0.228324 -0.704073
    outer loop
      vertex 89.5061 -2.26143 0
      vertex 90.9294 -2.84944 1.55
      vertex 90.8579 -3.06001 1.55
    endloop
  endfacet
  facet normal 0.665462 -0.246468 -0.704566
    outer loop
      vertex 90.9294 -2.84944 1.55
      vertex 89.5061 -2.26143 0
      vertex 89.5066 -2.26008 0
    endloop
  endfacet
  facet normal -0.0455592 0.708698 -0.704039
    outer loop
      vertex 92.9215 -6.71244 0
      vertex 92.7219 -5.18546 1.55
      vertex 92.9229 -6.71235 0
    endloop
  endfacet
  facet normal -0.0464319 0.708613 -0.704068
    outer loop
      vertex 92.7219 -5.18546 1.55
      vertex 92.9215 -6.71244 0
      vertex 92.5 -5.2 1.55
    endloop
  endfacet
  facet normal 0.0464319 0.708613 -0.704068
    outer loop
      vertex 92.0785 -6.71244 0
      vertex 92.2781 -5.18546 1.55
      vertex 92.5 -5.2 1.55
    endloop
  endfacet
  facet normal 0.0455592 0.708698 -0.704039
    outer loop
      vertex 92.2781 -5.18546 1.55
      vertex 92.0785 -6.71244 0
      vertex 92.0771 -6.71235 0
    endloop
  endfacet
  facet normal 0.13831 -0.696526 -0.704075
    outer loop
      vertex 92.2781 -1.81454 1.55
      vertex 92.0757 -0.287932 0
      vertex 92.0771 -0.287654 0
    endloop
  endfacet
  facet normal 0.138562 -0.696484 -0.704067
    outer loop
      vertex 92.0757 -0.287932 0
      vertex 92.2781 -1.81454 1.55
      vertex 92.06 -1.85793 1.55
    endloop
  endfacet
  facet normal -0.665462 0.246468 -0.704566
    outer loop
      vertex 94.0706 -4.15056 1.55
      vertex 95.4939 -4.73857 0
      vertex 95.4934 -4.73992 0
    endloop
  endfacet
  facet normal -0.672421 0.228324 -0.704073
    outer loop
      vertex 95.4939 -4.73857 0
      vertex 94.0706 -4.15056 1.55
      vertex 94.1421 -3.93999 1.55
    endloop
  endfacet
  facet normal -0.589382 0.396223 -0.704014
    outer loop
      vertex 95.3052 -5.12122 0
      vertex 93.9722 -4.35 1.55
      vertex 95.306 -5.12003 0
    endloop
  endfacet
  facet normal -0.590499 0.394433 -0.704084
    outer loop
      vertex 93.9722 -4.35 1.55
      vertex 95.3052 -5.12122 0
      vertex 93.8487 -4.53489 1.55
    endloop
  endfacet
  facet normal 0.394536 0.590451 -0.704066
    outer loop
      vertex 91.4651 -4.8487 1.55
      vertex 90.8788 -6.30519 0
      vertex 90.5276 -6.07052 0
    endloop
  endfacet
  facet normal 0.708599 -0.0465686 -0.704073
    outer loop
      vertex 89.2876 -3.07851 0
      vertex 90.8 -3.5 1.55
      vertex 89.2599 -3.5 0
    endloop
  endfacet
  facet normal -0.0464422 -0.708611 -0.704069
    outer loop
      vertex 92.9215 -0.28756 0
      vertex 92.5 -1.8 1.55
      vertex 92.5 -0.259935 0
    endloop
  endfacet
  facet normal -0.236797 0.669208 -0.704335
    outer loop
      vertex 93.7386 -6.49389 0
      vertex 93.1506 -5.07059 1.55
      vertex 93.7399 -6.49343 0
    endloop
  endfacet
  facet normal -0.228238 0.672454 -0.704069
    outer loop
      vertex 93.1506 -5.07059 1.55
      vertex 93.7386 -6.49389 0
      vertex 92.94 -5.14207 1.55
    endloop
  endfacet
  facet normal 0.708599 0.0465686 -0.704073
    outer loop
      vertex 90.8 -3.5 1.55
      vertex 89.2876 -3.92149 0
      vertex 89.2599 -3.5 0
    endloop
  endfacet
  facet normal 0.314155 -0.63687 -0.704062
    outer loop
      vertex 91.2588 -0.5072 0
      vertex 91.8494 -1.9294 1.55
      vertex 91.65 -2.02776 1.55
    endloop
  endfacet
  facet normal 0.309628 -0.638915 -0.704214
    outer loop
      vertex 91.8494 -1.9294 1.55
      vertex 91.2588 -0.5072 0
      vertex 91.2601 -0.50657 0
    endloop
  endfacet
  facet normal 0.314108 -0.636887 -0.704067
    outer loop
      vertex 91.2588 -0.5072 0
      vertex 91.65 -2.02776 1.55
      vertex 90.88 -0.694021 0
    endloop
  endfacet
  facet normal 0.64346 0.301622 -0.703551
    outer loop
      vertex 89.6934 -5.11875 0
      vertex 91.0278 -4.35 1.55
      vertex 89.694 -5.12003 0
    endloop
  endfacet
  facet normal 0.636828 0.314199 -0.70408
    outer loop
      vertex 91.0278 -4.35 1.55
      vertex 89.6934 -5.11875 0
      vertex 90.9294 -4.15056 1.55
    endloop
  endfacet
  facet normal -0.64346 0.301622 -0.703551
    outer loop
      vertex 93.9722 -4.35 1.55
      vertex 95.3066 -5.11875 0
      vertex 95.306 -5.12003 0
    endloop
  endfacet
  facet normal -0.636828 0.314199 -0.70408
    outer loop
      vertex 95.3066 -5.11875 0
      vertex 93.9722 -4.35 1.55
      vertex 94.0706 -4.15056 1.55
    endloop
  endfacet
  facet normal 0.314106 0.636888 -0.704068
    outer loop
      vertex 91.65 -4.97224 1.55
      vertex 91.2588 -6.4928 0
      vertex 90.88 -6.30598 0
    endloop
  endfacet
  facet normal -0.696486 0.138531 -0.704071
    outer loop
      vertex 95.7121 -3.92431 0
      vertex 95.6297 -4.33859 0
      vertex 94.1421 -3.93999 1.55
    endloop
  endfacet
  facet normal -0.702288 0.100327 -0.704788
    outer loop
      vertex 95.7121 -3.92431 0
      vertex 94.1855 -3.72189 1.55
      vertex 95.7123 -3.92291 0
    endloop
  endfacet
  facet normal -0.69648 0.138593 -0.704065
    outer loop
      vertex 94.1855 -3.72189 1.55
      vertex 95.7121 -3.92431 0
      vertex 94.1421 -3.93999 1.55
    endloop
  endfacet
  facet normal -0.533907 0.468222 -0.704068
    outer loop
      vertex 95.0705 -5.47243 0
      vertex 94.792 -5.79 0
      vertex 93.8487 -4.53489 1.55
    endloop
  endfacet
  facet normal 0.69648 0.138593 -0.704065
    outer loop
      vertex 89.2879 -3.92431 0
      vertex 90.8145 -3.72189 1.55
      vertex 90.8579 -3.93999 1.55
    endloop
  endfacet
  facet normal 0.702288 0.100327 -0.704788
    outer loop
      vertex 90.8145 -3.72189 1.55
      vertex 89.2879 -3.92431 0
      vertex 89.2877 -3.92291 0
    endloop
  endfacet
  facet normal 0.696486 -0.138531 -0.704071
    outer loop
      vertex 89.3703 -2.66141 0
      vertex 90.8579 -3.06001 1.55
      vertex 89.2879 -3.07569 0
    endloop
  endfacet
  facet normal 0.696479 -0.1386 -0.704064
    outer loop
      vertex 90.8145 -3.2781 1.55
      vertex 89.2879 -3.07569 0
      vertex 90.8579 -3.06001 1.55
    endloop
  endfacet
  facet normal 0.702288 -0.100327 -0.704788
    outer loop
      vertex 89.2879 -3.07569 0
      vertex 90.8145 -3.2781 1.55
      vertex 89.2877 -3.07709 0
    endloop
  endfacet
  facet normal 0.468206 0.533924 -0.704065
    outer loop
      vertex 90.21 -5.79201 0
      vertex 91.2979 -4.70208 1.55
      vertex 91.4651 -4.8487 1.55
    endloop
  endfacet
  facet normal 0.461549 0.54011 -0.703743
    outer loop
      vertex 91.2979 -4.70208 1.55
      vertex 90.21 -5.79201 0
      vertex 90.2089 -5.79107 0
    endloop
  endfacet
  facet normal 0.533907 0.468222 -0.704068
    outer loop
      vertex 91.1513 -4.53489 1.55
      vertex 90.208 -5.79 0
      vertex 89.9295 -5.47243 0
    endloop
  endfacet
  facet normal -0.461549 0.54011 -0.703743
    outer loop
      vertex 94.79 -5.79201 0
      vertex 93.7021 -4.70208 1.55
      vertex 94.7911 -5.79107 0
    endloop
  endfacet
  facet normal -0.468206 0.533924 -0.704065
    outer loop
      vertex 93.7021 -4.70208 1.55
      vertex 94.79 -5.79201 0
      vertex 93.5349 -4.8487 1.55
    endloop
  endfacet
  facet normal -0.543871 0.457462 -0.703514
    outer loop
      vertex 93.7021 -4.70208 1.55
      vertex 94.792 -5.79 0
      vertex 94.7911 -5.79107 0
    endloop
  endfacet
  facet normal -0.533944 0.468187 -0.704062
    outer loop
      vertex 94.792 -5.79 0
      vertex 93.7021 -4.70208 1.55
      vertex 93.8487 -4.53489 1.55
    endloop
  endfacet
  facet normal -0.980762 0.195208 0
    outer loop
      vertex 5.14207 -124.94 1.55
      vertex 5.18546 -124.722 2.5
      vertex 5.18546 -124.722 1.55
    endloop
  endfacet
  facet normal -0.980762 0.195208 0
    outer loop
      vertex 5.18546 -124.722 2.5
      vertex 5.14207 -124.94 1.55
      vertex 5.14207 -124.94 2.5
    endloop
  endfacet
  facet normal -0.997862 0.0653555 0
    outer loop
      vertex 5.18546 -124.722 1.55
      vertex 5.2 -124.5 2.5
      vertex 5.2 -124.5 1.55
    endloop
  endfacet
  facet normal -0.997862 0.0653555 0
    outer loop
      vertex 5.2 -124.5 2.5
      vertex 5.18546 -124.722 1.55
      vertex 5.18546 -124.722 2.5
    endloop
  endfacet
  facet normal 0.444625 0.895717 -0
    outer loop
      vertex 2.84944 -126.071 1.55
      vertex 2.65 -125.972 2.5
      vertex 2.84944 -126.071 2.5
    endloop
  endfacet
  facet normal 0.444625 0.895717 0
    outer loop
      vertex 2.65 -125.972 2.5
      vertex 2.84944 -126.071 1.55
      vertex 2.65 -125.972 1.55
    endloop
  endfacet
  facet normal -0.553889 0.83259 0
    outer loop
      vertex 4.53489 -125.849 1.55
      vertex 4.35 -125.972 2.5
      vertex 4.53489 -125.849 2.5
    endloop
  endfacet
  facet normal -0.553889 0.83259 0
    outer loop
      vertex 4.35 -125.972 2.5
      vertex 4.53489 -125.849 1.55
      vertex 4.35 -125.972 1.55
    endloop
  endfacet
  facet normal 0.660306 0.750997 -0
    outer loop
      vertex 2.46511 -125.849 1.55
      vertex 2.29792 -125.702 2.5
      vertex 2.46511 -125.849 2.5
    endloop
  endfacet
  facet normal 0.660306 0.750997 0
    outer loop
      vertex 2.29792 -125.702 2.5
      vertex 2.46511 -125.849 1.55
      vertex 2.29792 -125.702 1.55
    endloop
  endfacet
  facet normal -0.319506 -0.947584 0
    outer loop
      vertex 3.93999 -122.858 1.55
      vertex 4.15056 -122.929 2.5
      vertex 3.93999 -122.858 2.5
    endloop
  endfacet
  facet normal -0.319506 -0.947584 -0
    outer loop
      vertex 4.15056 -122.929 2.5
      vertex 3.93999 -122.858 1.55
      vertex 4.15056 -122.929 1.55
    endloop
  endfacet
  facet normal -0.831621 -0.555343 0
    outer loop
      vertex 4.97224 -123.65 1.55
      vertex 4.8487 -123.465 2.5
      vertex 4.8487 -123.465 1.55
    endloop
  endfacet
  facet normal -0.831621 -0.555343 0
    outer loop
      vertex 4.8487 -123.465 2.5
      vertex 4.97224 -123.65 1.55
      vertex 4.97224 -123.65 2.5
    endloop
  endfacet
  facet normal -0.947128 -0.320856 0
    outer loop
      vertex 5.14207 -124.06 1.55
      vertex 5.07059 -123.849 2.5
      vertex 5.07059 -123.849 1.55
    endloop
  endfacet
  facet normal -0.947128 -0.320856 0
    outer loop
      vertex 5.07059 -123.849 2.5
      vertex 5.14207 -124.06 1.55
      vertex 5.14207 -124.06 2.5
    endloop
  endfacet
  facet normal -0.319506 0.947584 0
    outer loop
      vertex 4.15056 -126.071 1.55
      vertex 3.93999 -126.142 2.5
      vertex 4.15056 -126.071 2.5
    endloop
  endfacet
  facet normal -0.319506 0.947584 0
    outer loop
      vertex 3.93999 -126.142 2.5
      vertex 4.15056 -126.071 1.55
      vertex 3.93999 -126.142 1.55
    endloop
  endfacet
  facet normal -0.193434 0.981113 0
    outer loop
      vertex 3.93999 -126.142 1.55
      vertex 3.72189 -126.185 2.5
      vertex 3.93999 -126.142 2.5
    endloop
  endfacet
  facet normal -0.193434 0.981113 0
    outer loop
      vertex 3.72189 -126.185 2.5
      vertex 3.93999 -126.142 1.55
      vertex 3.72189 -126.185 1.55
    endloop
  endfacet
  facet normal 0.553889 0.83259 -0
    outer loop
      vertex 2.65 -125.972 1.55
      vertex 2.46511 -125.849 2.5
      vertex 2.65 -125.972 2.5
    endloop
  endfacet
  facet normal 0.553889 0.83259 0
    outer loop
      vertex 2.46511 -125.849 2.5
      vertex 2.65 -125.972 1.55
      vertex 2.46511 -125.849 1.55
    endloop
  endfacet
  facet normal -0.89649 -0.443064 0
    outer loop
      vertex 5.07059 -123.849 1.55
      vertex 4.97224 -123.65 2.5
      vertex 4.97224 -123.65 1.55
    endloop
  endfacet
  facet normal -0.89649 -0.443064 0
    outer loop
      vertex 4.97224 -123.65 2.5
      vertex 5.07059 -123.849 1.55
      vertex 5.07059 -123.849 2.5
    endloop
  endfacet
  facet normal -0.660306 0.750997 0
    outer loop
      vertex 4.70208 -125.702 1.55
      vertex 4.53489 -125.849 2.5
      vertex 4.70208 -125.702 2.5
    endloop
  endfacet
  facet normal -0.660306 0.750997 0
    outer loop
      vertex 4.53489 -125.849 2.5
      vertex 4.70208 -125.702 1.55
      vertex 4.53489 -125.849 1.55
    endloop
  endfacet
  facet normal -0.553889 -0.83259 0
    outer loop
      vertex 4.35 -123.028 1.55
      vertex 4.53489 -123.151 2.5
      vertex 4.35 -123.028 2.5
    endloop
  endfacet
  facet normal -0.553889 -0.83259 -0
    outer loop
      vertex 4.53489 -123.151 2.5
      vertex 4.35 -123.028 1.55
      vertex 4.53489 -123.151 1.55
    endloop
  endfacet
  facet normal -0.444625 0.895717 0
    outer loop
      vertex 4.35 -125.972 1.55
      vertex 4.15056 -126.071 2.5
      vertex 4.35 -125.972 2.5
    endloop
  endfacet
  facet normal -0.444625 0.895717 0
    outer loop
      vertex 4.15056 -126.071 2.5
      vertex 4.35 -125.972 1.55
      vertex 4.15056 -126.071 1.55
    endloop
  endfacet
  facet normal 0.660306 -0.750997 0
    outer loop
      vertex 2.29792 -123.298 1.55
      vertex 2.46511 -123.151 2.5
      vertex 2.29792 -123.298 2.5
    endloop
  endfacet
  facet normal 0.660306 -0.750997 0
    outer loop
      vertex 2.46511 -123.151 2.5
      vertex 2.29792 -123.298 1.55
      vertex 2.46511 -123.151 1.55
    endloop
  endfacet
  facet normal 0.751472 -0.659765 0
    outer loop
      vertex 2.1513 -123.465 2.5
      vertex 2.29792 -123.298 1.55
      vertex 2.29792 -123.298 2.5
    endloop
  endfacet
  facet normal 0.751472 -0.659765 0
    outer loop
      vertex 2.29792 -123.298 1.55
      vertex 2.1513 -123.465 2.5
      vertex 2.1513 -123.465 1.55
    endloop
  endfacet
  facet normal 0.831621 -0.555343 0
    outer loop
      vertex 2.02776 -123.65 2.5
      vertex 2.1513 -123.465 1.55
      vertex 2.1513 -123.465 2.5
    endloop
  endfacet
  facet normal 0.831621 -0.555343 0
    outer loop
      vertex 2.1513 -123.465 1.55
      vertex 2.02776 -123.65 2.5
      vertex 2.02776 -123.65 1.55
    endloop
  endfacet
  facet normal -0.831621 0.555343 0
    outer loop
      vertex 4.8487 -125.535 1.55
      vertex 4.97224 -125.35 2.5
      vertex 4.97224 -125.35 1.55
    endloop
  endfacet
  facet normal -0.831621 0.555343 0
    outer loop
      vertex 4.97224 -125.35 2.5
      vertex 4.8487 -125.535 1.55
      vertex 4.8487 -125.535 2.5
    endloop
  endfacet
  facet normal -0.193434 -0.981113 0
    outer loop
      vertex 3.72189 -122.815 1.55
      vertex 3.93999 -122.858 2.5
      vertex 3.72189 -122.815 2.5
    endloop
  endfacet
  facet normal -0.193434 -0.981113 -0
    outer loop
      vertex 3.93999 -122.858 2.5
      vertex 3.72189 -122.815 1.55
      vertex 3.93999 -122.858 1.55
    endloop
  endfacet
  facet normal -0.980762 -0.195208 0
    outer loop
      vertex 5.18546 -124.278 1.55
      vertex 5.14207 -124.06 2.5
      vertex 5.14207 -124.06 1.55
    endloop
  endfacet
  facet normal -0.980762 -0.195208 0
    outer loop
      vertex 5.14207 -124.06 2.5
      vertex 5.18546 -124.278 1.55
      vertex 5.18546 -124.278 2.5
    endloop
  endfacet
  facet normal 0.947141 -0.320816 0
    outer loop
      vertex 1.85793 -124.06 2.5
      vertex 1.9294 -123.849 1.55
      vertex 1.9294 -123.849 2.5
    endloop
  endfacet
  facet normal 0.947141 -0.320816 0
    outer loop
      vertex 1.9294 -123.849 1.55
      vertex 1.85793 -124.06 2.5
      vertex 1.85793 -124.06 1.55
    endloop
  endfacet
  facet normal -0.444625 -0.895717 0
    outer loop
      vertex 4.15056 -122.929 1.55
      vertex 4.35 -123.028 2.5
      vertex 4.15056 -122.929 2.5
    endloop
  endfacet
  facet normal -0.444625 -0.895717 -0
    outer loop
      vertex 4.35 -123.028 2.5
      vertex 4.15056 -122.929 1.55
      vertex 4.35 -123.028 1.55
    endloop
  endfacet
  facet normal -0.0674471 0.997723 0
    outer loop
      vertex 3.72189 -126.185 1.55
      vertex 3.5 -126.2 2.5
      vertex 3.72189 -126.185 2.5
    endloop
  endfacet
  facet normal -0.0674471 0.997723 0
    outer loop
      vertex 3.5 -126.2 2.5
      vertex 3.72189 -126.185 1.55
      vertex 3.5 -126.2 1.55
    endloop
  endfacet
  facet normal 0.319506 0.947584 -0
    outer loop
      vertex 3.06001 -126.142 1.55
      vertex 2.84944 -126.071 2.5
      vertex 3.06001 -126.142 2.5
    endloop
  endfacet
  facet normal 0.319506 0.947584 0
    outer loop
      vertex 2.84944 -126.071 2.5
      vertex 3.06001 -126.142 1.55
      vertex 2.84944 -126.071 1.55
    endloop
  endfacet
  facet normal 0.193442 0.981112 -0
    outer loop
      vertex 3.2781 -126.185 1.55
      vertex 3.06001 -126.142 2.5
      vertex 3.2781 -126.185 2.5
    endloop
  endfacet
  facet normal 0.193442 0.981112 0
    outer loop
      vertex 3.06001 -126.142 2.5
      vertex 3.2781 -126.185 1.55
      vertex 3.06001 -126.142 1.55
    endloop
  endfacet
  facet normal -0.89649 0.443064 0
    outer loop
      vertex 4.97224 -125.35 1.55
      vertex 5.07059 -125.151 2.5
      vertex 5.07059 -125.151 1.55
    endloop
  endfacet
  facet normal -0.89649 0.443064 0
    outer loop
      vertex 5.07059 -125.151 2.5
      vertex 4.97224 -125.35 1.55
      vertex 4.97224 -125.35 2.5
    endloop
  endfacet
  facet normal -0.997862 -0.0653555 0
    outer loop
      vertex 5.2 -124.5 1.55
      vertex 5.18546 -124.278 2.5
      vertex 5.18546 -124.278 1.55
    endloop
  endfacet
  facet normal -0.997862 -0.0653555 0
    outer loop
      vertex 5.18546 -124.278 2.5
      vertex 5.2 -124.5 1.55
      vertex 5.2 -124.5 2.5
    endloop
  endfacet
  facet normal -0.0674471 -0.997723 0
    outer loop
      vertex 3.5 -122.8 1.55
      vertex 3.72189 -122.815 2.5
      vertex 3.5 -122.8 2.5
    endloop
  endfacet
  facet normal -0.0674471 -0.997723 -0
    outer loop
      vertex 3.72189 -122.815 2.5
      vertex 3.5 -122.8 1.55
      vertex 3.72189 -122.815 1.55
    endloop
  endfacet
  facet normal -0.751472 0.659765 0
    outer loop
      vertex 4.70208 -125.702 1.55
      vertex 4.8487 -125.535 2.5
      vertex 4.8487 -125.535 1.55
    endloop
  endfacet
  facet normal -0.751472 0.659765 0
    outer loop
      vertex 4.8487 -125.535 2.5
      vertex 4.70208 -125.702 1.55
      vertex 4.70208 -125.702 2.5
    endloop
  endfacet
  facet normal 0.997862 -0.0653555 0
    outer loop
      vertex 1.8 -124.5 2.5
      vertex 1.81454 -124.278 1.55
      vertex 1.81454 -124.278 2.5
    endloop
  endfacet
  facet normal 0.997862 -0.0653555 0
    outer loop
      vertex 1.81454 -124.278 1.55
      vertex 1.8 -124.5 2.5
      vertex 1.8 -124.5 1.55
    endloop
  endfacet
  facet normal -0.751472 -0.659765 0
    outer loop
      vertex 4.8487 -123.465 1.55
      vertex 4.70208 -123.298 2.5
      vertex 4.70208 -123.298 1.55
    endloop
  endfacet
  facet normal -0.751472 -0.659765 0
    outer loop
      vertex 4.70208 -123.298 2.5
      vertex 4.8487 -123.465 1.55
      vertex 4.8487 -123.465 2.5
    endloop
  endfacet
  facet normal 0.751472 0.659765 0
    outer loop
      vertex 2.29792 -125.702 2.5
      vertex 2.1513 -125.535 1.55
      vertex 2.1513 -125.535 2.5
    endloop
  endfacet
  facet normal 0.751472 0.659765 0
    outer loop
      vertex 2.1513 -125.535 1.55
      vertex 2.29792 -125.702 2.5
      vertex 2.29792 -125.702 1.55
    endloop
  endfacet
  facet normal 0.831621 0.555343 0
    outer loop
      vertex 2.1513 -125.535 2.5
      vertex 2.02776 -125.35 1.55
      vertex 2.02776 -125.35 2.5
    endloop
  endfacet
  facet normal 0.831621 0.555343 0
    outer loop
      vertex 2.02776 -125.35 1.55
      vertex 2.1513 -125.535 2.5
      vertex 2.1513 -125.535 1.55
    endloop
  endfacet
  facet normal 0.0674441 0.997723 -0
    outer loop
      vertex 3.5 -126.2 1.55
      vertex 3.2781 -126.185 2.5
      vertex 3.5 -126.2 2.5
    endloop
  endfacet
  facet normal 0.0674441 0.997723 0
    outer loop
      vertex 3.2781 -126.185 2.5
      vertex 3.5 -126.2 1.55
      vertex 3.2781 -126.185 1.55
    endloop
  endfacet
  facet normal 0.980762 -0.195208 0
    outer loop
      vertex 1.81454 -124.278 2.5
      vertex 1.85793 -124.06 1.55
      vertex 1.85793 -124.06 2.5
    endloop
  endfacet
  facet normal 0.980762 -0.195208 0
    outer loop
      vertex 1.85793 -124.06 1.55
      vertex 1.81454 -124.278 2.5
      vertex 1.81454 -124.278 1.55
    endloop
  endfacet
  facet normal 0.319506 -0.947584 0
    outer loop
      vertex 2.84944 -122.929 1.55
      vertex 3.06001 -122.858 2.5
      vertex 2.84944 -122.929 2.5
    endloop
  endfacet
  facet normal 0.319506 -0.947584 0
    outer loop
      vertex 3.06001 -122.858 2.5
      vertex 2.84944 -122.929 1.55
      vertex 3.06001 -122.858 1.55
    endloop
  endfacet
  facet normal -0.947128 0.320856 0
    outer loop
      vertex 5.07059 -125.151 1.55
      vertex 5.14207 -124.94 2.5
      vertex 5.14207 -124.94 1.55
    endloop
  endfacet
  facet normal -0.947128 0.320856 0
    outer loop
      vertex 5.14207 -124.94 2.5
      vertex 5.07059 -125.151 1.55
      vertex 5.07059 -125.151 2.5
    endloop
  endfacet
  facet normal 0.444625 -0.895717 0
    outer loop
      vertex 2.65 -123.028 1.55
      vertex 2.84944 -122.929 2.5
      vertex 2.65 -123.028 2.5
    endloop
  endfacet
  facet normal 0.444625 -0.895717 0
    outer loop
      vertex 2.84944 -122.929 2.5
      vertex 2.65 -123.028 1.55
      vertex 2.84944 -122.929 1.55
    endloop
  endfacet
  facet normal 0.553889 -0.83259 0
    outer loop
      vertex 2.46511 -123.151 1.55
      vertex 2.65 -123.028 2.5
      vertex 2.46511 -123.151 2.5
    endloop
  endfacet
  facet normal 0.553889 -0.83259 0
    outer loop
      vertex 2.65 -123.028 2.5
      vertex 2.46511 -123.151 1.55
      vertex 2.65 -123.028 1.55
    endloop
  endfacet
  facet normal 0.0674441 -0.997723 0
    outer loop
      vertex 3.2781 -122.815 1.55
      vertex 3.5 -122.8 2.5
      vertex 3.2781 -122.815 2.5
    endloop
  endfacet
  facet normal 0.0674441 -0.997723 0
    outer loop
      vertex 3.5 -122.8 2.5
      vertex 3.2781 -122.815 1.55
      vertex 3.5 -122.8 1.55
    endloop
  endfacet
  facet normal 0.193442 -0.981112 0
    outer loop
      vertex 3.06001 -122.858 1.55
      vertex 3.2781 -122.815 2.5
      vertex 3.06001 -122.858 2.5
    endloop
  endfacet
  facet normal 0.193442 -0.981112 0
    outer loop
      vertex 3.2781 -122.815 2.5
      vertex 3.06001 -122.858 1.55
      vertex 3.2781 -122.815 1.55
    endloop
  endfacet
  facet normal 0.896472 0.4431 0
    outer loop
      vertex 2.02776 -125.35 2.5
      vertex 1.9294 -125.151 1.55
      vertex 1.9294 -125.151 2.5
    endloop
  endfacet
  facet normal 0.896472 0.4431 0
    outer loop
      vertex 1.9294 -125.151 1.55
      vertex 2.02776 -125.35 2.5
      vertex 2.02776 -125.35 1.55
    endloop
  endfacet
  facet normal 0.896472 -0.4431 0
    outer loop
      vertex 1.9294 -123.849 2.5
      vertex 2.02776 -123.65 1.55
      vertex 2.02776 -123.65 2.5
    endloop
  endfacet
  facet normal 0.896472 -0.4431 0
    outer loop
      vertex 2.02776 -123.65 1.55
      vertex 1.9294 -123.849 2.5
      vertex 1.9294 -123.849 1.55
    endloop
  endfacet
  facet normal 0.997862 0.0653555 0
    outer loop
      vertex 1.81454 -124.722 2.5
      vertex 1.8 -124.5 1.55
      vertex 1.8 -124.5 2.5
    endloop
  endfacet
  facet normal 0.997862 0.0653555 0
    outer loop
      vertex 1.8 -124.5 1.55
      vertex 1.81454 -124.722 2.5
      vertex 1.81454 -124.722 1.55
    endloop
  endfacet
  facet normal 0.980762 0.195208 0
    outer loop
      vertex 1.85793 -124.94 2.5
      vertex 1.81454 -124.722 1.55
      vertex 1.81454 -124.722 2.5
    endloop
  endfacet
  facet normal 0.980762 0.195208 0
    outer loop
      vertex 1.81454 -124.722 1.55
      vertex 1.85793 -124.94 2.5
      vertex 1.85793 -124.94 1.55
    endloop
  endfacet
  facet normal 0.947141 0.320816 0
    outer loop
      vertex 1.9294 -125.151 2.5
      vertex 1.85793 -124.94 1.55
      vertex 1.85793 -124.94 2.5
    endloop
  endfacet
  facet normal 0.947141 0.320816 0
    outer loop
      vertex 1.85793 -124.94 1.55
      vertex 1.9294 -125.151 2.5
      vertex 1.9294 -125.151 1.55
    endloop
  endfacet
  facet normal -0.660306 -0.750997 0
    outer loop
      vertex 4.53489 -123.151 1.55
      vertex 4.70208 -123.298 2.5
      vertex 4.53489 -123.151 2.5
    endloop
  endfacet
  facet normal -0.660306 -0.750997 -0
    outer loop
      vertex 4.70208 -123.298 2.5
      vertex 4.53489 -123.151 1.55
      vertex 4.70208 -123.298 1.55
    endloop
  endfacet
  facet normal 0.590395 0.394724 -0.704007
    outer loop
      vertex 2.1513 -125.535 1.55
      vertex 0.929483 -126.472 0
      vertex 0.694813 -126.121 0
    endloop
  endfacet
  facet normal 0.708624 0.0464117 -0.704058
    outer loop
      vertex 1.81454 -124.722 1.55
      vertex 0.28756 -124.921 0
      vertex 1.8 -124.5 1.55
    endloop
  endfacet
  facet normal 0.709836 0.0333623 -0.703577
    outer loop
      vertex 0.28756 -124.921 0
      vertex 1.81454 -124.722 1.55
      vertex 0.287654 -124.923 0
    endloop
  endfacet
  facet normal -0.708611 0.0464889 -0.704066
    outer loop
      vertex 6.74006 -124.5 0
      vertex 6.71244 -124.921 0
      vertex 5.2 -124.5 1.55
    endloop
  endfacet
  facet normal -0.708624 0.0464117 -0.704058
    outer loop
      vertex 6.71244 -124.921 0
      vertex 5.18546 -124.722 1.55
      vertex 5.2 -124.5 1.55
    endloop
  endfacet
  facet normal -0.70996 0.0319482 -0.703517
    outer loop
      vertex 5.18546 -124.722 1.55
      vertex 6.71244 -124.921 0
      vertex 6.71235 -124.923 0
    endloop
  endfacet
  facet normal 0.590395 -0.394724 -0.704007
    outer loop
      vertex 0.929483 -122.528 0
      vertex 2.1513 -123.465 1.55
      vertex 0.694813 -122.879 0
    endloop
  endfacet
  facet normal 0.228579 -0.672256 -0.704147
    outer loop
      vertex 2.66141 -121.37 0
      vertex 3.06001 -122.858 1.55
      vertex 2.26143 -121.506 0
    endloop
  endfacet
  facet normal 0.63669 -0.314698 -0.703982
    outer loop
      vertex 1.9294 -123.849 1.55
      vertex 0.5072 -123.259 0
      vertex 2.02776 -123.65 1.55
    endloop
  endfacet
  facet normal 0.604523 -0.380849 -0.699647
    outer loop
      vertex 0.5072 -123.259 0
      vertex 1.9294 -123.849 1.55
      vertex 0.50657 -123.26 0
    endloop
  endfacet
  facet normal 0 0.712372 -0.701802
    outer loop
      vertex 3.72189 -126.185 1.55
      vertex 3.92431 -127.712 0
      vertex 3.92291 -127.712 0
    endloop
  endfacet
  facet normal -0.137339 0.696596 -0.704195
    outer loop
      vertex 3.92431 -127.712 0
      vertex 3.72189 -126.185 1.55
      vertex 3.93999 -126.142 1.55
    endloop
  endfacet
  facet normal -0.468687 0.53348 -0.704081
    outer loop
      vertex 5.79 -126.792 0
      vertex 5.47243 -127.071 0
      vertex 4.53489 -125.849 1.55
    endloop
  endfacet
  facet normal 0.226927 0.673014 -0.703958
    outer loop
      vertex 2.26143 -127.494 0
      vertex 2.84944 -126.071 1.55
      vertex 3.06001 -126.142 1.55
    endloop
  endfacet
  facet normal 0.428634 0.578656 -0.693851
    outer loop
      vertex 2.84944 -126.071 1.55
      vertex 2.26143 -127.494 0
      vertex 2.26008 -127.493 0
    endloop
  endfacet
  facet normal 0 0.712372 -0.701802
    outer loop
      vertex 3.07569 -127.712 0
      vertex 3.2781 -126.185 1.55
      vertex 3.07709 -127.712 0
    endloop
  endfacet
  facet normal 0.137345 0.696596 -0.704195
    outer loop
      vertex 3.2781 -126.185 1.55
      vertex 3.07569 -127.712 0
      vertex 3.06001 -126.142 1.55
    endloop
  endfacet
  facet normal -0.590395 -0.394724 -0.704008
    outer loop
      vertex 6.07052 -122.528 0
      vertex 6.30519 -122.879 0
      vertex 4.8487 -123.465 1.55
    endloop
  endfacet
  facet normal -0.459829 0.547196 -0.699381
    outer loop
      vertex 4.35 -125.972 1.55
      vertex 5.12122 -127.305 0
      vertex 5.12003 -127.306 0
    endloop
  endfacet
  facet normal -0.393303 0.591202 -0.704126
    outer loop
      vertex 5.12122 -127.305 0
      vertex 4.35 -125.972 1.55
      vertex 4.53489 -125.849 1.55
    endloop
  endfacet
  facet normal 0.468687 -0.53348 -0.704081
    outer loop
      vertex 1.52757 -121.929 0
      vertex 2.46511 -123.151 1.55
      vertex 1.21 -122.208 0
    endloop
  endfacet
  facet normal -0.43881 0.561677 -0.701402
    outer loop
      vertex 5.11875 -127.307 0
      vertex 4.35 -125.972 1.55
      vertex 5.12003 -127.306 0
    endloop
  endfacet
  facet normal -0.315659 0.635909 -0.704258
    outer loop
      vertex 4.35 -125.972 1.55
      vertex 5.11875 -127.307 0
      vertex 4.15056 -126.071 1.55
    endloop
  endfacet
  facet normal -0.313033 -0.637561 -0.703936
    outer loop
      vertex 4.73992 -121.507 0
      vertex 5.11875 -121.693 0
      vertex 4.15056 -122.929 1.55
    endloop
  endfacet
  facet normal -0.672598 -0.227854 -0.704056
    outer loop
      vertex 5.07059 -123.849 1.55
      vertex 6.49389 -123.261 0
      vertex 5.14207 -124.06 1.55
    endloop
  endfacet
  facet normal -0.644728 -0.296575 -0.704534
    outer loop
      vertex 6.49389 -123.261 0
      vertex 5.07059 -123.849 1.55
      vertex 6.49343 -123.26 0
    endloop
  endfacet
  facet normal -0.63698 0.313986 -0.704038
    outer loop
      vertex 6.49343 -125.74 0
      vertex 6.30661 -126.119 0
      vertex 5.07059 -125.151 1.55
    endloop
  endfacet
  facet normal -0.313033 0.637561 -0.703936
    outer loop
      vertex 5.11875 -127.307 0
      vertex 4.73992 -127.493 0
      vertex 4.15056 -126.071 1.55
    endloop
  endfacet
  facet normal -0.228579 0.672256 -0.704147
    outer loop
      vertex 4.73857 -127.494 0
      vertex 4.33859 -127.63 0
      vertex 3.93999 -126.142 1.55
    endloop
  endfacet
  facet normal -0.393744 0.590969 -0.704074
    outer loop
      vertex 5.47243 -127.071 0
      vertex 5.12122 -127.305 0
      vertex 4.53489 -125.849 1.55
    endloop
  endfacet
  facet normal -0.708611 -0.0464889 -0.704066
    outer loop
      vertex 6.71244 -124.079 0
      vertex 6.74006 -124.5 0
      vertex 5.2 -124.5 1.55
    endloop
  endfacet
  facet normal -0.047893 -0.708465 -0.704119
    outer loop
      vertex 3.92149 -121.288 0
      vertex 3.72189 -122.815 1.55
      vertex 3.5 -122.8 1.55
    endloop
  endfacet
  facet normal 0 -0.712372 -0.701802
    outer loop
      vertex 3.72189 -122.815 1.55
      vertex 3.92149 -121.288 0
      vertex 3.92291 -121.288 0
    endloop
  endfacet
  facet normal -0.70996 -0.0319482 -0.703517
    outer loop
      vertex 6.71244 -124.079 0
      vertex 5.18546 -124.278 1.55
      vertex 6.71235 -124.077 0
    endloop
  endfacet
  facet normal -0.708624 -0.0464117 -0.704058
    outer loop
      vertex 5.18546 -124.278 1.55
      vertex 6.71244 -124.079 0
      vertex 5.2 -124.5 1.55
    endloop
  endfacet
  facet normal -0.672422 -0.228237 -0.7041
    outer loop
      vertex 6.49389 -123.261 0
      vertex 6.62966 -123.661 0
      vertex 5.14207 -124.06 1.55
    endloop
  endfacet
  facet normal -0.604521 -0.380848 -0.699649
    outer loop
      vertex 5.07059 -123.849 1.55
      vertex 6.4928 -123.259 0
      vertex 6.49343 -123.26 0
    endloop
  endfacet
  facet normal -0.6367 -0.314671 -0.703985
    outer loop
      vertex 6.4928 -123.259 0
      vertex 5.07059 -123.849 1.55
      vertex 4.97224 -123.65 1.55
    endloop
  endfacet
  facet normal 0.13787 -0.696547 -0.70414
    outer loop
      vertex 3.07569 -121.288 0
      vertex 3.06001 -122.858 1.55
      vertex 2.66141 -121.37 0
    endloop
  endfacet
  facet normal -0.53426 -0.467915 -0.704004
    outer loop
      vertex 5.79201 -122.21 0
      vertex 6.07052 -122.528 0
      vertex 4.8487 -123.465 1.55
    endloop
  endfacet
  facet normal 0.709836 -0.0333623 -0.703577
    outer loop
      vertex 1.81454 -124.278 1.55
      vertex 0.28756 -124.079 0
      vertex 0.287654 -124.077 0
    endloop
  endfacet
  facet normal 0.708624 -0.0464117 -0.704058
    outer loop
      vertex 0.28756 -124.079 0
      vertex 1.81454 -124.278 1.55
      vertex 1.8 -124.5 1.55
    endloop
  endfacet
  facet normal 0.672419 -0.228244 -0.7041
    outer loop
      vertex 0.506112 -123.261 0
      vertex 1.85793 -124.06 1.55
      vertex 0.370337 -123.661 0
    endloop
  endfacet
  facet normal 0.645199 0.295501 -0.704554
    outer loop
      vertex 0.506112 -125.739 0
      vertex 1.9294 -125.151 1.55
      vertex 0.50657 -125.74 0
    endloop
  endfacet
  facet normal 0.672611 0.227827 -0.704052
    outer loop
      vertex 1.9294 -125.151 1.55
      vertex 0.506112 -125.739 0
      vertex 1.85793 -124.94 1.55
    endloop
  endfacet
  facet normal 0 0.736878 -0.676026
    outer loop
      vertex 2.2588 -127.493 0
      vertex 2.84944 -126.071 1.55
      vertex 2.26008 -127.493 0
    endloop
  endfacet
  facet normal 0.315787 0.636168 -0.703966
    outer loop
      vertex 2.84944 -126.071 1.55
      vertex 2.2588 -127.493 0
      vertex 2.65 -125.972 1.55
    endloop
  endfacet
  facet normal 0.459829 0.547196 -0.699381
    outer loop
      vertex 1.87878 -127.305 0
      vertex 2.65 -125.972 1.55
      vertex 1.87997 -127.306 0
    endloop
  endfacet
  facet normal 0.393303 0.591202 -0.704126
    outer loop
      vertex 2.65 -125.972 1.55
      vertex 1.87878 -127.305 0
      vertex 2.46511 -125.849 1.55
    endloop
  endfacet
  facet normal -0.13787 0.696547 -0.70414
    outer loop
      vertex 3.93999 -126.142 1.55
      vertex 4.33859 -127.63 0
      vertex 3.92431 -127.712 0
    endloop
  endfacet
  facet normal -0.393303 -0.591202 -0.704126
    outer loop
      vertex 4.35 -123.028 1.55
      vertex 5.12122 -121.695 0
      vertex 4.53489 -123.151 1.55
    endloop
  endfacet
  facet normal -0.459829 -0.547196 -0.699381
    outer loop
      vertex 5.12122 -121.695 0
      vertex 4.35 -123.028 1.55
      vertex 5.12003 -121.694 0
    endloop
  endfacet
  facet normal -0.43881 -0.561677 -0.701402
    outer loop
      vertex 4.35 -123.028 1.55
      vertex 5.11875 -121.693 0
      vertex 5.12003 -121.694 0
    endloop
  endfacet
  facet normal -0.315659 -0.635909 -0.704258
    outer loop
      vertex 5.11875 -121.693 0
      vertex 4.35 -123.028 1.55
      vertex 4.15056 -122.929 1.55
    endloop
  endfacet
  facet normal 0.533625 -0.468504 -0.704094
    outer loop
      vertex 1.20799 -122.21 0
      vertex 2.29792 -123.298 1.55
      vertex 2.1513 -123.465 1.55
    endloop
  endfacet
  facet normal 0.516993 -0.485973 -0.704662
    outer loop
      vertex 2.29792 -123.298 1.55
      vertex 1.20799 -122.21 0
      vertex 1.20893 -122.209 0
    endloop
  endfacet
  facet normal 0.0470733 0.708605 -0.704033
    outer loop
      vertex 3.5 -126.2 1.55
      vertex 3.5 -127.74 0
      vertex 3.07851 -127.712 0
    endloop
  endfacet
  facet normal 0.0470733 -0.708605 -0.704033
    outer loop
      vertex 3.5 -121.26 0
      vertex 3.5 -122.8 1.55
      vertex 3.07851 -121.288 0
    endloop
  endfacet
  facet normal -0.686534 -0.19223 -0.701226
    outer loop
      vertex 5.18546 -124.278 1.55
      vertex 6.71207 -124.076 0
      vertex 6.71235 -124.077 0
    endloop
  endfacet
  facet normal -0.696491 -0.138627 -0.704047
    outer loop
      vertex 6.71207 -124.076 0
      vertex 5.18546 -124.278 1.55
      vertex 5.14207 -124.06 1.55
    endloop
  endfacet
  facet normal 0.13787 0.696547 -0.70414
    outer loop
      vertex 3.06001 -126.142 1.55
      vertex 3.07569 -127.712 0
      vertex 2.66141 -127.63 0
    endloop
  endfacet
  facet normal 0.393303 -0.591202 -0.704126
    outer loop
      vertex 1.87878 -121.695 0
      vertex 2.65 -123.028 1.55
      vertex 2.46511 -123.151 1.55
    endloop
  endfacet
  facet normal 0.459829 -0.547196 -0.699381
    outer loop
      vertex 2.65 -123.028 1.55
      vertex 1.87878 -121.695 0
      vertex 1.87997 -121.694 0
    endloop
  endfacet
  facet normal -0.590395 0.394724 -0.704008
    outer loop
      vertex 6.30519 -126.121 0
      vertex 6.07052 -126.472 0
      vertex 4.8487 -125.535 1.55
    endloop
  endfacet
  facet normal -0.533625 -0.468504 -0.704094
    outer loop
      vertex 4.70208 -123.298 1.55
      vertex 5.79201 -122.21 0
      vertex 4.8487 -123.465 1.55
    endloop
  endfacet
  facet normal -0.516993 -0.485973 -0.704662
    outer loop
      vertex 5.79201 -122.21 0
      vertex 4.70208 -123.298 1.55
      vertex 5.79107 -122.209 0
    endloop
  endfacet
  facet normal 0.590578 0.394378 -0.704048
    outer loop
      vertex 0.694813 -126.121 0
      vertex 2.02776 -125.35 1.55
      vertex 2.1513 -125.535 1.55
    endloop
  endfacet
  facet normal 0.559053 0.44277 -0.701009
    outer loop
      vertex 2.02776 -125.35 1.55
      vertex 0.694813 -126.121 0
      vertex 0.694021 -126.12 0
    endloop
  endfacet
  facet normal -0.484502 -0.518417 -0.704629
    outer loop
      vertex 4.70208 -123.298 1.55
      vertex 5.79 -122.208 0
      vertex 5.79107 -122.209 0
    endloop
  endfacet
  facet normal -0.468877 -0.533276 -0.70411
    outer loop
      vertex 5.79 -122.208 0
      vertex 4.70208 -123.298 1.55
      vertex 4.53489 -123.151 1.55
    endloop
  endfacet
  facet normal 0.534263 -0.467912 -0.704004
    outer loop
      vertex 1.20799 -122.21 0
      vertex 2.1513 -123.465 1.55
      vertex 0.929483 -122.528 0
    endloop
  endfacet
  facet normal 0.590578 -0.394378 -0.704048
    outer loop
      vertex 2.02776 -123.65 1.55
      vertex 0.694813 -122.879 0
      vertex 2.1513 -123.465 1.55
    endloop
  endfacet
  facet normal 0.559053 -0.44277 -0.701009
    outer loop
      vertex 0.694813 -122.879 0
      vertex 2.02776 -123.65 1.55
      vertex 0.694021 -122.88 0
    endloop
  endfacet
  facet normal -0.69652 -0.138314 -0.70408
    outer loop
      vertex 6.62966 -123.661 0
      vertex 6.71207 -124.076 0
      vertex 5.14207 -124.06 1.55
    endloop
  endfacet
  facet normal 0.636958 -0.313976 -0.704062
    outer loop
      vertex 0.694021 -122.88 0
      vertex 2.02776 -123.65 1.55
      vertex 0.5072 -123.259 0
    endloop
  endfacet
  facet normal 0.468687 0.53348 -0.704081
    outer loop
      vertex 2.46511 -125.849 1.55
      vertex 1.52757 -127.071 0
      vertex 1.21 -126.792 0
    endloop
  endfacet
  facet normal 0.468877 -0.533276 -0.70411
    outer loop
      vertex 2.29792 -123.298 1.55
      vertex 1.21 -122.208 0
      vertex 2.46511 -123.151 1.55
    endloop
  endfacet
  facet normal 0.484502 -0.518417 -0.704629
    outer loop
      vertex 1.21 -122.208 0
      vertex 2.29792 -123.298 1.55
      vertex 1.20893 -122.209 0
    endloop
  endfacet
  facet normal -0.0470733 0.708605 -0.704033
    outer loop
      vertex 3.92149 -127.712 0
      vertex 3.5 -127.74 0
      vertex 3.5 -126.2 1.55
    endloop
  endfacet
  facet normal -0.13787 -0.696547 -0.70414
    outer loop
      vertex 4.33859 -121.37 0
      vertex 3.93999 -122.858 1.55
      vertex 3.92431 -121.288 0
    endloop
  endfacet
  facet normal -0.672422 0.228237 -0.7041
    outer loop
      vertex 6.62966 -125.339 0
      vertex 6.49389 -125.739 0
      vertex 5.14207 -124.94 1.55
    endloop
  endfacet
  facet normal 0.393744 -0.590969 -0.704074
    outer loop
      vertex 1.87878 -121.695 0
      vertex 2.46511 -123.151 1.55
      vertex 1.52757 -121.929 0
    endloop
  endfacet
  facet normal 0.672419 0.228244 -0.7041
    outer loop
      vertex 1.85793 -124.94 1.55
      vertex 0.506112 -125.739 0
      vertex 0.370337 -125.339 0
    endloop
  endfacet
  facet normal 0.696522 0.138306 -0.70408
    outer loop
      vertex 1.85793 -124.94 1.55
      vertex 0.370337 -125.339 0
      vertex 0.287932 -124.924 0
    endloop
  endfacet
  facet normal -0.228579 -0.672256 -0.704147
    outer loop
      vertex 4.33859 -121.37 0
      vertex 4.73857 -121.506 0
      vertex 3.93999 -122.858 1.55
    endloop
  endfacet
  facet normal -0.137339 -0.696596 -0.704195
    outer loop
      vertex 3.72189 -122.815 1.55
      vertex 3.92431 -121.288 0
      vertex 3.93999 -122.858 1.55
    endloop
  endfacet
  facet normal -0 -0.712372 -0.701802
    outer loop
      vertex 3.92431 -121.288 0
      vertex 3.72189 -122.815 1.55
      vertex 3.92291 -121.288 0
    endloop
  endfacet
  facet normal -0.393744 -0.590969 -0.704074
    outer loop
      vertex 5.12122 -121.695 0
      vertex 5.47243 -121.929 0
      vertex 4.53489 -123.151 1.55
    endloop
  endfacet
  facet normal -0.468687 -0.53348 -0.704081
    outer loop
      vertex 5.47243 -121.929 0
      vertex 5.79 -122.208 0
      vertex 4.53489 -123.151 1.55
    endloop
  endfacet
  facet normal -0 -0.712372 -0.701802
    outer loop
      vertex 3.07851 -121.288 0
      vertex 3.2781 -122.815 1.55
      vertex 3.07709 -121.288 0
    endloop
  endfacet
  facet normal 0.0478908 -0.708465 -0.704119
    outer loop
      vertex 3.2781 -122.815 1.55
      vertex 3.07851 -121.288 0
      vertex 3.5 -122.8 1.55
    endloop
  endfacet
  facet normal 0.636981 0.313988 -0.704036
    outer loop
      vertex 1.9294 -125.151 1.55
      vertex 0.693391 -126.119 0
      vertex 0.50657 -125.74 0
    endloop
  endfacet
  facet normal -0.636958 -0.313975 -0.704063
    outer loop
      vertex 6.30598 -122.88 0
      vertex 6.4928 -123.259 0
      vertex 4.97224 -123.65 1.55
    endloop
  endfacet
  facet normal -0.428634 -0.578656 -0.693851
    outer loop
      vertex 4.15056 -122.929 1.55
      vertex 4.73857 -121.506 0
      vertex 4.73992 -121.507 0
    endloop
  endfacet
  facet normal -0.226927 -0.673014 -0.703958
    outer loop
      vertex 4.73857 -121.506 0
      vertex 4.15056 -122.929 1.55
      vertex 3.93999 -122.858 1.55
    endloop
  endfacet
  facet normal 0.226927 -0.673014 -0.703958
    outer loop
      vertex 2.84944 -122.929 1.55
      vertex 2.26143 -121.506 0
      vertex 3.06001 -122.858 1.55
    endloop
  endfacet
  facet normal 0.428634 -0.578656 -0.693851
    outer loop
      vertex 2.26143 -121.506 0
      vertex 2.84944 -122.929 1.55
      vertex 2.26008 -121.507 0
    endloop
  endfacet
  facet normal -0.559548 -0.442043 -0.701074
    outer loop
      vertex 4.97224 -123.65 1.55
      vertex 6.30519 -122.879 0
      vertex 6.30598 -122.88 0
    endloop
  endfacet
  facet normal -0.590577 -0.394378 -0.704049
    outer loop
      vertex 6.30519 -122.879 0
      vertex 4.97224 -123.65 1.55
      vertex 4.8487 -123.465 1.55
    endloop
  endfacet
  facet normal 0.516993 0.485973 -0.704662
    outer loop
      vertex 1.20799 -126.79 0
      vertex 2.29792 -125.702 1.55
      vertex 1.20893 -126.791 0
    endloop
  endfacet
  facet normal 0.533625 0.468504 -0.704094
    outer loop
      vertex 2.29792 -125.702 1.55
      vertex 1.20799 -126.79 0
      vertex 2.1513 -125.535 1.55
    endloop
  endfacet
  facet normal 0.228579 0.672256 -0.704147
    outer loop
      vertex 3.06001 -126.142 1.55
      vertex 2.66141 -127.63 0
      vertex 2.26143 -127.494 0
    endloop
  endfacet
  facet normal 0.672611 -0.227827 -0.704052
    outer loop
      vertex 0.506112 -123.261 0
      vertex 1.9294 -123.849 1.55
      vertex 1.85793 -124.06 1.55
    endloop
  endfacet
  facet normal 0.645199 -0.295501 -0.704554
    outer loop
      vertex 1.9294 -123.849 1.55
      vertex 0.506112 -123.261 0
      vertex 0.50657 -123.26 0
    endloop
  endfacet
  facet normal 0 0.712372 -0.701802
    outer loop
      vertex 3.92149 -127.712 0
      vertex 3.72189 -126.185 1.55
      vertex 3.92291 -127.712 0
    endloop
  endfacet
  facet normal -0.047893 0.708465 -0.704119
    outer loop
      vertex 3.72189 -126.185 1.55
      vertex 3.92149 -127.712 0
      vertex 3.5 -126.2 1.55
    endloop
  endfacet
  facet normal 0.0478908 0.708465 -0.704119
    outer loop
      vertex 3.07851 -127.712 0
      vertex 3.2781 -126.185 1.55
      vertex 3.5 -126.2 1.55
    endloop
  endfacet
  facet normal 0 0.712372 -0.701802
    outer loop
      vertex 3.2781 -126.185 1.55
      vertex 3.07851 -127.712 0
      vertex 3.07709 -127.712 0
    endloop
  endfacet
  facet normal 0 -0.712372 -0.701802
    outer loop
      vertex 3.2781 -122.815 1.55
      vertex 3.07569 -121.288 0
      vertex 3.07709 -121.288 0
    endloop
  endfacet
  facet normal 0.137345 -0.696596 -0.704195
    outer loop
      vertex 3.07569 -121.288 0
      vertex 3.2781 -122.815 1.55
      vertex 3.06001 -122.858 1.55
    endloop
  endfacet
  facet normal -0.644728 0.296575 -0.704534
    outer loop
      vertex 5.07059 -125.151 1.55
      vertex 6.49389 -125.739 0
      vertex 6.49343 -125.74 0
    endloop
  endfacet
  facet normal -0.672598 0.227854 -0.704056
    outer loop
      vertex 6.49389 -125.739 0
      vertex 5.07059 -125.151 1.55
      vertex 5.14207 -124.94 1.55
    endloop
  endfacet
  facet normal -0.559548 0.442043 -0.701074
    outer loop
      vertex 6.30519 -126.121 0
      vertex 4.97224 -125.35 1.55
      vertex 6.30598 -126.12 0
    endloop
  endfacet
  facet normal -0.590577 0.394378 -0.704049
    outer loop
      vertex 4.97224 -125.35 1.55
      vertex 6.30519 -126.121 0
      vertex 4.8487 -125.535 1.55
    endloop
  endfacet
  facet normal 0.393744 0.590969 -0.704074
    outer loop
      vertex 2.46511 -125.849 1.55
      vertex 1.87878 -127.305 0
      vertex 1.52757 -127.071 0
    endloop
  endfacet
  facet normal 0.708609 -0.0464972 -0.704067
    outer loop
      vertex 0.28756 -124.079 0
      vertex 1.8 -124.5 1.55
      vertex 0.259935 -124.5 0
    endloop
  endfacet
  facet normal -0.0470733 -0.708605 -0.704033
    outer loop
      vertex 3.92149 -121.288 0
      vertex 3.5 -122.8 1.55
      vertex 3.5 -121.26 0
    endloop
  endfacet
  facet normal -0.428634 0.578656 -0.693851
    outer loop
      vertex 4.73857 -127.494 0
      vertex 4.15056 -126.071 1.55
      vertex 4.73992 -127.493 0
    endloop
  endfacet
  facet normal -0.226927 0.673014 -0.703958
    outer loop
      vertex 4.15056 -126.071 1.55
      vertex 4.73857 -127.494 0
      vertex 3.93999 -126.142 1.55
    endloop
  endfacet
  facet normal 0.708609 0.0464972 -0.704067
    outer loop
      vertex 1.8 -124.5 1.55
      vertex 0.28756 -124.921 0
      vertex 0.259935 -124.5 0
    endloop
  endfacet
  facet normal 0.315787 -0.636168 -0.703966
    outer loop
      vertex 2.2588 -121.507 0
      vertex 2.84944 -122.929 1.55
      vertex 2.65 -123.028 1.55
    endloop
  endfacet
  facet normal 0 -0.736878 -0.676026
    outer loop
      vertex 2.84944 -122.929 1.55
      vertex 2.2588 -121.507 0
      vertex 2.26008 -121.507 0
    endloop
  endfacet
  facet normal 0.314301 -0.63672 -0.704133
    outer loop
      vertex 2.2588 -121.507 0
      vertex 2.65 -123.028 1.55
      vertex 1.87997 -121.694 0
    endloop
  endfacet
  facet normal 0.600422 0.378266 -0.704562
    outer loop
      vertex 0.693391 -126.119 0
      vertex 2.02776 -125.35 1.55
      vertex 0.694021 -126.12 0
    endloop
  endfacet
  facet normal 0.636572 0.314639 -0.704116
    outer loop
      vertex 2.02776 -125.35 1.55
      vertex 0.693391 -126.119 0
      vertex 1.9294 -125.151 1.55
    endloop
  endfacet
  facet normal -0.600422 0.378266 -0.704562
    outer loop
      vertex 4.97224 -125.35 1.55
      vertex 6.30661 -126.119 0
      vertex 6.30598 -126.12 0
    endloop
  endfacet
  facet normal -0.636585 0.314614 -0.704115
    outer loop
      vertex 6.30661 -126.119 0
      vertex 4.97224 -125.35 1.55
      vertex 5.07059 -125.151 1.55
    endloop
  endfacet
  facet normal 0.314301 0.63672 -0.704133
    outer loop
      vertex 2.65 -125.972 1.55
      vertex 2.2588 -127.493 0
      vertex 1.87997 -127.306 0
    endloop
  endfacet
  facet normal -0.69652 0.138314 -0.70408
    outer loop
      vertex 6.71207 -124.924 0
      vertex 6.62966 -125.339 0
      vertex 5.14207 -124.94 1.55
    endloop
  endfacet
  facet normal -0.686534 0.19223 -0.701226
    outer loop
      vertex 6.71207 -124.924 0
      vertex 5.18546 -124.722 1.55
      vertex 6.71235 -124.923 0
    endloop
  endfacet
  facet normal -0.696491 0.138627 -0.704047
    outer loop
      vertex 5.18546 -124.722 1.55
      vertex 6.71207 -124.924 0
      vertex 5.14207 -124.94 1.55
    endloop
  endfacet
  facet normal -0.53426 0.467915 -0.704004
    outer loop
      vertex 6.07052 -126.472 0
      vertex 5.79201 -126.79 0
      vertex 4.8487 -125.535 1.55
    endloop
  endfacet
  facet normal 0.696492 0.138627 -0.704047
    outer loop
      vertex 0.287932 -124.924 0
      vertex 1.81454 -124.722 1.55
      vertex 1.85793 -124.94 1.55
    endloop
  endfacet
  facet normal 0.686802 0.190931 -0.701319
    outer loop
      vertex 1.81454 -124.722 1.55
      vertex 0.287932 -124.924 0
      vertex 0.287654 -124.923 0
    endloop
  endfacet
  facet normal 0.696522 -0.138306 -0.70408
    outer loop
      vertex 0.370337 -123.661 0
      vertex 1.85793 -124.06 1.55
      vertex 0.287932 -124.076 0
    endloop
  endfacet
  facet normal 0.696492 -0.138627 -0.704047
    outer loop
      vertex 1.81454 -124.278 1.55
      vertex 0.287932 -124.076 0
      vertex 1.85793 -124.06 1.55
    endloop
  endfacet
  facet normal 0.686802 -0.190931 -0.701319
    outer loop
      vertex 0.287932 -124.076 0
      vertex 1.81454 -124.278 1.55
      vertex 0.287654 -124.077 0
    endloop
  endfacet
  facet normal 0.468877 0.533276 -0.70411
    outer loop
      vertex 1.21 -126.792 0
      vertex 2.29792 -125.702 1.55
      vertex 2.46511 -125.849 1.55
    endloop
  endfacet
  facet normal 0.484502 0.518417 -0.704629
    outer loop
      vertex 2.29792 -125.702 1.55
      vertex 1.21 -126.792 0
      vertex 1.20893 -126.791 0
    endloop
  endfacet
  facet normal 0.534263 0.467912 -0.704004
    outer loop
      vertex 2.1513 -125.535 1.55
      vertex 1.20799 -126.79 0
      vertex 0.929483 -126.472 0
    endloop
  endfacet
  facet normal -0.484502 0.518417 -0.704629
    outer loop
      vertex 5.79 -126.792 0
      vertex 4.70208 -125.702 1.55
      vertex 5.79107 -126.791 0
    endloop
  endfacet
  facet normal -0.468877 0.533276 -0.70411
    outer loop
      vertex 4.70208 -125.702 1.55
      vertex 5.79 -126.792 0
      vertex 4.53489 -125.849 1.55
    endloop
  endfacet
  facet normal -0.516993 0.485973 -0.704662
    outer loop
      vertex 4.70208 -125.702 1.55
      vertex 5.79201 -126.79 0
      vertex 5.79107 -126.791 0
    endloop
  endfacet
  facet normal -0.533625 0.468504 -0.704094
    outer loop
      vertex 5.79201 -126.79 0
      vertex 4.70208 -125.702 1.55
      vertex 4.8487 -125.535 1.55
    endloop
  endfacet
  facet normal -0.980753 0.195251 0
    outer loop
      vertex 94.1421 -124.94 1.55
      vertex 94.1855 -124.722 2.5
      vertex 94.1855 -124.722 1.55
    endloop
  endfacet
  facet normal -0.980753 0.195251 0
    outer loop
      vertex 94.1855 -124.722 2.5
      vertex 94.1421 -124.94 1.55
      vertex 94.1421 -124.94 2.5
    endloop
  endfacet
  facet normal -0.997874 0.0651764 0
    outer loop
      vertex 94.1855 -124.722 1.55
      vertex 94.2 -124.5 2.5
      vertex 94.2 -124.5 1.55
    endloop
  endfacet
  facet normal -0.997874 0.0651764 0
    outer loop
      vertex 94.2 -124.5 2.5
      vertex 94.1855 -124.722 1.55
      vertex 94.1855 -124.722 2.5
    endloop
  endfacet
  facet normal 0.444696 0.895681 -0
    outer loop
      vertex 91.8494 -126.071 1.55
      vertex 91.65 -125.972 2.5
      vertex 91.8494 -126.071 2.5
    endloop
  endfacet
  facet normal 0.444696 0.895681 0
    outer loop
      vertex 91.65 -125.972 2.5
      vertex 91.8494 -126.071 1.55
      vertex 91.65 -125.972 1.55
    endloop
  endfacet
  facet normal -0.553869 0.832604 0
    outer loop
      vertex 93.5349 -125.849 1.55
      vertex 93.35 -125.972 2.5
      vertex 93.5349 -125.849 2.5
    endloop
  endfacet
  facet normal -0.553869 0.832604 0
    outer loop
      vertex 93.35 -125.972 2.5
      vertex 93.5349 -125.849 1.55
      vertex 93.35 -125.972 1.55
    endloop
  endfacet
  facet normal 0.660284 0.751016 -0
    outer loop
      vertex 91.4651 -125.849 1.55
      vertex 91.2979 -125.702 2.5
      vertex 91.4651 -125.849 2.5
    endloop
  endfacet
  facet normal 0.660284 0.751016 0
    outer loop
      vertex 91.2979 -125.702 2.5
      vertex 91.4651 -125.849 1.55
      vertex 91.2979 -125.702 1.55
    endloop
  endfacet
  facet normal -0.319466 -0.947598 0
    outer loop
      vertex 92.94 -122.858 1.55
      vertex 93.1506 -122.929 2.5
      vertex 92.94 -122.858 2.5
    endloop
  endfacet
  facet normal -0.319466 -0.947598 -0
    outer loop
      vertex 93.1506 -122.929 2.5
      vertex 92.94 -122.858 1.55
      vertex 93.1506 -122.929 1.55
    endloop
  endfacet
  facet normal -0.831704 -0.555219 0
    outer loop
      vertex 93.9722 -123.65 1.55
      vertex 93.8487 -123.465 2.5
      vertex 93.8487 -123.465 1.55
    endloop
  endfacet
  facet normal -0.831704 -0.555219 0
    outer loop
      vertex 93.8487 -123.465 2.5
      vertex 93.9722 -123.65 1.55
      vertex 93.9722 -123.65 2.5
    endloop
  endfacet
  facet normal -0.947101 -0.320937 0
    outer loop
      vertex 94.1421 -124.06 1.55
      vertex 94.0706 -123.849 2.5
      vertex 94.0706 -123.849 1.55
    endloop
  endfacet
  facet normal -0.947101 -0.320937 0
    outer loop
      vertex 94.0706 -123.849 2.5
      vertex 94.1421 -124.06 1.55
      vertex 94.1421 -124.06 2.5
    endloop
  endfacet
  facet normal -0.319466 0.947598 0
    outer loop
      vertex 93.1506 -126.071 1.55
      vertex 92.94 -126.142 2.5
      vertex 93.1506 -126.071 2.5
    endloop
  endfacet
  facet normal -0.319466 0.947598 0
    outer loop
      vertex 92.94 -126.142 2.5
      vertex 93.1506 -126.071 1.55
      vertex 92.94 -126.142 1.55
    endloop
  endfacet
  facet normal -0.193434 0.981113 0
    outer loop
      vertex 92.94 -126.142 1.55
      vertex 92.7219 -126.185 2.5
      vertex 92.94 -126.142 2.5
    endloop
  endfacet
  facet normal -0.193434 0.981113 0
    outer loop
      vertex 92.7219 -126.185 2.5
      vertex 92.94 -126.142 1.55
      vertex 92.7219 -126.185 1.55
    endloop
  endfacet
  facet normal 0.553869 0.832604 -0
    outer loop
      vertex 91.65 -125.972 1.55
      vertex 91.4651 -125.849 2.5
      vertex 91.65 -125.972 2.5
    endloop
  endfacet
  facet normal 0.553869 0.832604 0
    outer loop
      vertex 91.4651 -125.849 2.5
      vertex 91.65 -125.972 1.55
      vertex 91.4651 -125.849 1.55
    endloop
  endfacet
  facet normal -0.8964 -0.443245 0
    outer loop
      vertex 94.0706 -123.849 1.55
      vertex 93.9722 -123.65 2.5
      vertex 93.9722 -123.65 1.55
    endloop
  endfacet
  facet normal -0.8964 -0.443245 0
    outer loop
      vertex 93.9722 -123.65 2.5
      vertex 94.0706 -123.849 1.55
      vertex 94.0706 -123.849 2.5
    endloop
  endfacet
  facet normal -0.660284 0.751016 0
    outer loop
      vertex 93.7021 -125.702 1.55
      vertex 93.5349 -125.849 2.5
      vertex 93.7021 -125.702 2.5
    endloop
  endfacet
  facet normal -0.660284 0.751016 0
    outer loop
      vertex 93.5349 -125.849 2.5
      vertex 93.7021 -125.702 1.55
      vertex 93.5349 -125.849 1.55
    endloop
  endfacet
  facet normal -0.553869 -0.832604 0
    outer loop
      vertex 93.35 -123.028 1.55
      vertex 93.5349 -123.151 2.5
      vertex 93.35 -123.028 2.5
    endloop
  endfacet
  facet normal -0.553869 -0.832604 -0
    outer loop
      vertex 93.5349 -123.151 2.5
      vertex 93.35 -123.028 1.55
      vertex 93.5349 -123.151 1.55
    endloop
  endfacet
  facet normal -0.444696 0.895681 0
    outer loop
      vertex 93.35 -125.972 1.55
      vertex 93.1506 -126.071 2.5
      vertex 93.35 -125.972 2.5
    endloop
  endfacet
  facet normal -0.444696 0.895681 0
    outer loop
      vertex 93.1506 -126.071 2.5
      vertex 93.35 -125.972 1.55
      vertex 93.1506 -126.071 1.55
    endloop
  endfacet
  facet normal 0.660284 -0.751016 0
    outer loop
      vertex 91.2979 -123.298 1.55
      vertex 91.4651 -123.151 2.5
      vertex 91.2979 -123.298 2.5
    endloop
  endfacet
  facet normal 0.660284 -0.751016 0
    outer loop
      vertex 91.4651 -123.151 2.5
      vertex 91.2979 -123.298 1.55
      vertex 91.4651 -123.151 1.55
    endloop
  endfacet
  facet normal 0.751516 -0.659714 0
    outer loop
      vertex 91.1513 -123.465 2.5
      vertex 91.2979 -123.298 1.55
      vertex 91.2979 -123.298 2.5
    endloop
  endfacet
  facet normal 0.751516 -0.659714 0
    outer loop
      vertex 91.2979 -123.298 1.55
      vertex 91.1513 -123.465 2.5
      vertex 91.1513 -123.465 1.55
    endloop
  endfacet
  facet normal 0.831704 -0.555219 0
    outer loop
      vertex 91.0278 -123.65 2.5
      vertex 91.1513 -123.465 1.55
      vertex 91.1513 -123.465 2.5
    endloop
  endfacet
  facet normal 0.831704 -0.555219 0
    outer loop
      vertex 91.1513 -123.465 1.55
      vertex 91.0278 -123.65 2.5
      vertex 91.0278 -123.65 1.55
    endloop
  endfacet
  facet normal -0.831704 0.555219 0
    outer loop
      vertex 93.8487 -125.535 1.55
      vertex 93.9722 -125.35 2.5
      vertex 93.9722 -125.35 1.55
    endloop
  endfacet
  facet normal -0.831704 0.555219 0
    outer loop
      vertex 93.9722 -125.35 2.5
      vertex 93.8487 -125.535 1.55
      vertex 93.8487 -125.535 2.5
    endloop
  endfacet
  facet normal -0.193434 -0.981113 0
    outer loop
      vertex 92.7219 -122.815 1.55
      vertex 92.94 -122.858 2.5
      vertex 92.7219 -122.815 2.5
    endloop
  endfacet
  facet normal -0.193434 -0.981113 -0
    outer loop
      vertex 92.94 -122.858 2.5
      vertex 92.7219 -122.815 1.55
      vertex 92.94 -122.858 1.55
    endloop
  endfacet
  facet normal -0.980753 -0.195251 0
    outer loop
      vertex 94.1855 -124.278 1.55
      vertex 94.1421 -124.06 2.5
      vertex 94.1421 -124.06 1.55
    endloop
  endfacet
  facet normal -0.980753 -0.195251 0
    outer loop
      vertex 94.1421 -124.06 2.5
      vertex 94.1855 -124.278 1.55
      vertex 94.1855 -124.278 2.5
    endloop
  endfacet
  facet normal 0.947101 -0.320937 0
    outer loop
      vertex 90.8579 -124.06 2.5
      vertex 90.9294 -123.849 1.55
      vertex 90.9294 -123.849 2.5
    endloop
  endfacet
  facet normal 0.947101 -0.320937 0
    outer loop
      vertex 90.9294 -123.849 1.55
      vertex 90.8579 -124.06 2.5
      vertex 90.8579 -124.06 1.55
    endloop
  endfacet
  facet normal -0.444696 -0.895681 0
    outer loop
      vertex 93.1506 -122.929 1.55
      vertex 93.35 -123.028 2.5
      vertex 93.1506 -122.929 2.5
    endloop
  endfacet
  facet normal -0.444696 -0.895681 -0
    outer loop
      vertex 93.35 -123.028 2.5
      vertex 93.1506 -122.929 1.55
      vertex 93.35 -123.028 1.55
    endloop
  endfacet
  facet normal -0.0674441 0.997723 0
    outer loop
      vertex 92.7219 -126.185 1.55
      vertex 92.5 -126.2 2.5
      vertex 92.7219 -126.185 2.5
    endloop
  endfacet
  facet normal -0.0674441 0.997723 0
    outer loop
      vertex 92.5 -126.2 2.5
      vertex 92.7219 -126.185 1.55
      vertex 92.5 -126.2 1.55
    endloop
  endfacet
  facet normal 0.319466 0.947598 -0
    outer loop
      vertex 92.06 -126.142 1.55
      vertex 91.8494 -126.071 2.5
      vertex 92.06 -126.142 2.5
    endloop
  endfacet
  facet normal 0.319466 0.947598 0
    outer loop
      vertex 91.8494 -126.071 2.5
      vertex 92.06 -126.142 1.55
      vertex 91.8494 -126.071 1.55
    endloop
  endfacet
  facet normal 0.193434 0.981113 -0
    outer loop
      vertex 92.2781 -126.185 1.55
      vertex 92.06 -126.142 2.5
      vertex 92.2781 -126.185 2.5
    endloop
  endfacet
  facet normal 0.193434 0.981113 0
    outer loop
      vertex 92.06 -126.142 2.5
      vertex 92.2781 -126.185 1.55
      vertex 92.06 -126.142 1.55
    endloop
  endfacet
  facet normal -0.8964 0.443245 0
    outer loop
      vertex 93.9722 -125.35 1.55
      vertex 94.0706 -125.151 2.5
      vertex 94.0706 -125.151 1.55
    endloop
  endfacet
  facet normal -0.8964 0.443245 0
    outer loop
      vertex 94.0706 -125.151 2.5
      vertex 93.9722 -125.35 1.55
      vertex 93.9722 -125.35 2.5
    endloop
  endfacet
  facet normal -0.997874 -0.0651764 0
    outer loop
      vertex 94.2 -124.5 1.55
      vertex 94.1855 -124.278 2.5
      vertex 94.1855 -124.278 1.55
    endloop
  endfacet
  facet normal -0.997874 -0.0651764 0
    outer loop
      vertex 94.1855 -124.278 2.5
      vertex 94.2 -124.5 1.55
      vertex 94.2 -124.5 2.5
    endloop
  endfacet
  facet normal -0.0674441 -0.997723 0
    outer loop
      vertex 92.5 -122.8 1.55
      vertex 92.7219 -122.815 2.5
      vertex 92.5 -122.8 2.5
    endloop
  endfacet
  facet normal -0.0674441 -0.997723 -0
    outer loop
      vertex 92.7219 -122.815 2.5
      vertex 92.5 -122.8 1.55
      vertex 92.7219 -122.815 1.55
    endloop
  endfacet
  facet normal -0.751516 0.659714 0
    outer loop
      vertex 93.7021 -125.702 1.55
      vertex 93.8487 -125.535 2.5
      vertex 93.8487 -125.535 1.55
    endloop
  endfacet
  facet normal -0.751516 0.659714 0
    outer loop
      vertex 93.8487 -125.535 2.5
      vertex 93.7021 -125.702 1.55
      vertex 93.7021 -125.702 2.5
    endloop
  endfacet
  facet normal 0.997874 -0.0651764 0
    outer loop
      vertex 90.8 -124.5 2.5
      vertex 90.8145 -124.278 1.55
      vertex 90.8145 -124.278 2.5
    endloop
  endfacet
  facet normal 0.997874 -0.0651764 0
    outer loop
      vertex 90.8145 -124.278 1.55
      vertex 90.8 -124.5 2.5
      vertex 90.8 -124.5 1.55
    endloop
  endfacet
  facet normal -0.751516 -0.659714 0
    outer loop
      vertex 93.8487 -123.465 1.55
      vertex 93.7021 -123.298 2.5
      vertex 93.7021 -123.298 1.55
    endloop
  endfacet
  facet normal -0.751516 -0.659714 0
    outer loop
      vertex 93.7021 -123.298 2.5
      vertex 93.8487 -123.465 1.55
      vertex 93.8487 -123.465 2.5
    endloop
  endfacet
  facet normal 0.751516 0.659714 0
    outer loop
      vertex 91.2979 -125.702 2.5
      vertex 91.1513 -125.535 1.55
      vertex 91.1513 -125.535 2.5
    endloop
  endfacet
  facet normal 0.751516 0.659714 0
    outer loop
      vertex 91.1513 -125.535 1.55
      vertex 91.2979 -125.702 2.5
      vertex 91.2979 -125.702 1.55
    endloop
  endfacet
  facet normal 0.831704 0.555219 0
    outer loop
      vertex 91.1513 -125.535 2.5
      vertex 91.0278 -125.35 1.55
      vertex 91.0278 -125.35 2.5
    endloop
  endfacet
  facet normal 0.831704 0.555219 0
    outer loop
      vertex 91.0278 -125.35 1.55
      vertex 91.1513 -125.535 2.5
      vertex 91.1513 -125.535 1.55
    endloop
  endfacet
  facet normal 0.0674441 0.997723 -0
    outer loop
      vertex 92.5 -126.2 1.55
      vertex 92.2781 -126.185 2.5
      vertex 92.5 -126.2 2.5
    endloop
  endfacet
  facet normal 0.0674441 0.997723 0
    outer loop
      vertex 92.2781 -126.185 2.5
      vertex 92.5 -126.2 1.55
      vertex 92.2781 -126.185 1.55
    endloop
  endfacet
  facet normal 0.980753 -0.195251 0
    outer loop
      vertex 90.8145 -124.278 2.5
      vertex 90.8579 -124.06 1.55
      vertex 90.8579 -124.06 2.5
    endloop
  endfacet
  facet normal 0.980753 -0.195251 0
    outer loop
      vertex 90.8579 -124.06 1.55
      vertex 90.8145 -124.278 2.5
      vertex 90.8145 -124.278 1.55
    endloop
  endfacet
  facet normal 0.319466 -0.947598 0
    outer loop
      vertex 91.8494 -122.929 1.55
      vertex 92.06 -122.858 2.5
      vertex 91.8494 -122.929 2.5
    endloop
  endfacet
  facet normal 0.319466 -0.947598 0
    outer loop
      vertex 92.06 -122.858 2.5
      vertex 91.8494 -122.929 1.55
      vertex 92.06 -122.858 1.55
    endloop
  endfacet
  facet normal -0.947101 0.320937 0
    outer loop
      vertex 94.0706 -125.151 1.55
      vertex 94.1421 -124.94 2.5
      vertex 94.1421 -124.94 1.55
    endloop
  endfacet
  facet normal -0.947101 0.320937 0
    outer loop
      vertex 94.1421 -124.94 2.5
      vertex 94.0706 -125.151 1.55
      vertex 94.0706 -125.151 2.5
    endloop
  endfacet
  facet normal 0.444696 -0.895681 0
    outer loop
      vertex 91.65 -123.028 1.55
      vertex 91.8494 -122.929 2.5
      vertex 91.65 -123.028 2.5
    endloop
  endfacet
  facet normal 0.444696 -0.895681 0
    outer loop
      vertex 91.8494 -122.929 2.5
      vertex 91.65 -123.028 1.55
      vertex 91.8494 -122.929 1.55
    endloop
  endfacet
  facet normal 0.553869 -0.832604 0
    outer loop
      vertex 91.4651 -123.151 1.55
      vertex 91.65 -123.028 2.5
      vertex 91.4651 -123.151 2.5
    endloop
  endfacet
  facet normal 0.553869 -0.832604 0
    outer loop
      vertex 91.65 -123.028 2.5
      vertex 91.4651 -123.151 1.55
      vertex 91.65 -123.028 1.55
    endloop
  endfacet
  facet normal 0.193434 -0.981113 0
    outer loop
      vertex 92.06 -122.858 1.55
      vertex 92.2781 -122.815 2.5
      vertex 92.06 -122.858 2.5
    endloop
  endfacet
  facet normal 0.193434 -0.981113 0
    outer loop
      vertex 92.2781 -122.815 2.5
      vertex 92.06 -122.858 1.55
      vertex 92.2781 -122.815 1.55
    endloop
  endfacet
  facet normal 0.8964 0.443245 0
    outer loop
      vertex 91.0278 -125.35 2.5
      vertex 90.9294 -125.151 1.55
      vertex 90.9294 -125.151 2.5
    endloop
  endfacet
  facet normal 0.8964 0.443245 0
    outer loop
      vertex 90.9294 -125.151 1.55
      vertex 91.0278 -125.35 2.5
      vertex 91.0278 -125.35 1.55
    endloop
  endfacet
  facet normal 0.0674441 -0.997723 0
    outer loop
      vertex 92.2781 -122.815 1.55
      vertex 92.5 -122.8 2.5
      vertex 92.2781 -122.815 2.5
    endloop
  endfacet
  facet normal 0.0674441 -0.997723 0
    outer loop
      vertex 92.5 -122.8 2.5
      vertex 92.2781 -122.815 1.55
      vertex 92.5 -122.8 1.55
    endloop
  endfacet
  facet normal 0.8964 -0.443245 0
    outer loop
      vertex 90.9294 -123.849 2.5
      vertex 91.0278 -123.65 1.55
      vertex 91.0278 -123.65 2.5
    endloop
  endfacet
  facet normal 0.8964 -0.443245 0
    outer loop
      vertex 91.0278 -123.65 1.55
      vertex 90.9294 -123.849 2.5
      vertex 90.9294 -123.849 1.55
    endloop
  endfacet
  facet normal 0.997874 0.0651764 0
    outer loop
      vertex 90.8145 -124.722 2.5
      vertex 90.8 -124.5 1.55
      vertex 90.8 -124.5 2.5
    endloop
  endfacet
  facet normal 0.997874 0.0651764 0
    outer loop
      vertex 90.8 -124.5 1.55
      vertex 90.8145 -124.722 2.5
      vertex 90.8145 -124.722 1.55
    endloop
  endfacet
  facet normal 0.980753 0.195251 0
    outer loop
      vertex 90.8579 -124.94 2.5
      vertex 90.8145 -124.722 1.55
      vertex 90.8145 -124.722 2.5
    endloop
  endfacet
  facet normal 0.980753 0.195251 0
    outer loop
      vertex 90.8145 -124.722 1.55
      vertex 90.8579 -124.94 2.5
      vertex 90.8579 -124.94 1.55
    endloop
  endfacet
  facet normal 0.947101 0.320937 0
    outer loop
      vertex 90.9294 -125.151 2.5
      vertex 90.8579 -124.94 1.55
      vertex 90.8579 -124.94 2.5
    endloop
  endfacet
  facet normal 0.947101 0.320937 0
    outer loop
      vertex 90.8579 -124.94 1.55
      vertex 90.9294 -125.151 2.5
      vertex 90.9294 -125.151 1.55
    endloop
  endfacet
  facet normal -0.660284 -0.751016 0
    outer loop
      vertex 93.5349 -123.151 1.55
      vertex 93.7021 -123.298 2.5
      vertex 93.5349 -123.151 2.5
    endloop
  endfacet
  facet normal -0.660284 -0.751016 -0
    outer loop
      vertex 93.7021 -123.298 2.5
      vertex 93.5349 -123.151 1.55
      vertex 93.7021 -123.298 1.55
    endloop
  endfacet
  facet normal 0.590374 0.39476 -0.704005
    outer loop
      vertex 91.1513 -125.535 1.55
      vertex 89.9295 -126.472 0
      vertex 89.6948 -126.121 0
    endloop
  endfacet
  facet normal 0.708655 0.046286 -0.704036
    outer loop
      vertex 90.8145 -124.722 1.55
      vertex 89.2876 -124.921 0
      vertex 90.8 -124.5 1.55
    endloop
  endfacet
  facet normal 0.709665 0.0354833 -0.703645
    outer loop
      vertex 89.2876 -124.921 0
      vertex 90.8145 -124.722 1.55
      vertex 89.2877 -124.923 0
    endloop
  endfacet
  facet normal -0.708597 0.0466227 -0.704071
    outer loop
      vertex 95.7401 -124.5 0
      vertex 95.7124 -124.921 0
      vertex 94.2 -124.5 1.55
    endloop
  endfacet
  facet normal -0.708655 0.046286 -0.704036
    outer loop
      vertex 95.7124 -124.921 0
      vertex 94.1855 -124.722 1.55
      vertex 94.2 -124.5 1.55
    endloop
  endfacet
  facet normal -0.709665 0.0354833 -0.703645
    outer loop
      vertex 94.1855 -124.722 1.55
      vertex 95.7124 -124.921 0
      vertex 95.7123 -124.923 0
    endloop
  endfacet
  facet normal 0.590374 -0.39476 -0.704005
    outer loop
      vertex 89.9295 -122.528 0
      vertex 91.1513 -123.465 1.55
      vertex 89.6948 -122.879 0
    endloop
  endfacet
  facet normal 0.228568 -0.672259 -0.704148
    outer loop
      vertex 91.6614 -121.37 0
      vertex 92.06 -122.858 1.55
      vertex 91.2614 -121.506 0
    endloop
  endfacet
  facet normal 0.636643 -0.314802 -0.703978
    outer loop
      vertex 90.9294 -123.849 1.55
      vertex 89.5072 -123.259 0
      vertex 91.0278 -123.65 1.55
    endloop
  endfacet
  facet normal 0.611627 -0.366976 -0.700885
    outer loop
      vertex 89.5072 -123.259 0
      vertex 90.9294 -123.849 1.55
      vertex 89.5066 -123.26 0
    endloop
  endfacet
  facet normal 0 0.712372 -0.701802
    outer loop
      vertex 92.7219 -126.185 1.55
      vertex 92.9243 -127.712 0
      vertex 92.9229 -127.712 0
    endloop
  endfacet
  facet normal -0.137339 0.696597 -0.704195
    outer loop
      vertex 92.9243 -127.712 0
      vertex 92.7219 -126.185 1.55
      vertex 92.94 -126.142 1.55
    endloop
  endfacet
  facet normal -0.468666 0.533506 -0.704076
    outer loop
      vertex 94.79 -126.792 0
      vertex 94.4724 -127.071 0
      vertex 93.5349 -125.849 1.55
    endloop
  endfacet
  facet normal 0.226898 0.673025 -0.703956
    outer loop
      vertex 91.2614 -127.494 0
      vertex 91.8494 -126.071 1.55
      vertex 92.06 -126.142 1.55
    endloop
  endfacet
  facet normal 0.440063 0.572081 -0.692147
    outer loop
      vertex 91.8494 -126.071 1.55
      vertex 91.2614 -127.494 0
      vertex 91.2601 -127.493 0
    endloop
  endfacet
  facet normal 0 0.712372 -0.701802
    outer loop
      vertex 92.0757 -127.712 0
      vertex 92.2781 -126.185 1.55
      vertex 92.0771 -127.712 0
    endloop
  endfacet
  facet normal 0.137339 0.696597 -0.704195
    outer loop
      vertex 92.2781 -126.185 1.55
      vertex 92.0757 -127.712 0
      vertex 92.06 -126.142 1.55
    endloop
  endfacet
  facet normal -0.590374 -0.39476 -0.704005
    outer loop
      vertex 95.0705 -122.528 0
      vertex 95.3052 -122.879 0
      vertex 93.8487 -123.465 1.55
    endloop
  endfacet
  facet normal -0.457412 0.548895 -0.699634
    outer loop
      vertex 93.35 -125.972 1.55
      vertex 94.1212 -127.305 0
      vertex 94.12 -127.306 0
    endloop
  endfacet
  facet normal -0.393289 0.591213 -0.704124
    outer loop
      vertex 94.1212 -127.305 0
      vertex 93.35 -125.972 1.55
      vertex 93.5349 -125.849 1.55
    endloop
  endfacet
  facet normal 0.468666 -0.533506 -0.704076
    outer loop
      vertex 90.5276 -121.929 0
      vertex 91.4651 -123.151 1.55
      vertex 90.21 -122.208 0
    endloop
  endfacet
  facet normal -0.457412 0.548895 -0.699634
    outer loop
      vertex 94.1188 -127.307 0
      vertex 93.35 -125.972 1.55
      vertex 94.12 -127.306 0
    endloop
  endfacet
  facet normal -0.315706 0.635877 -0.704265
    outer loop
      vertex 93.35 -125.972 1.55
      vertex 94.1188 -127.307 0
      vertex 93.1506 -126.071 1.55
    endloop
  endfacet
  facet normal -0.312989 -0.637588 -0.703932
    outer loop
      vertex 93.7399 -121.507 0
      vertex 94.1188 -121.693 0
      vertex 93.1506 -122.929 1.55
    endloop
  endfacet
  facet normal -0.672576 -0.227911 -0.704058
    outer loop
      vertex 94.0706 -123.849 1.55
      vertex 95.4939 -123.261 0
      vertex 94.1421 -124.06 1.55
    endloop
  endfacet
  facet normal -0.635318 -0.317659 -0.703892
    outer loop
      vertex 95.4939 -123.261 0
      vertex 94.0706 -123.849 1.55
      vertex 95.4934 -123.26 0
    endloop
  endfacet
  facet normal -0.637 0.313962 -0.70403
    outer loop
      vertex 95.4934 -125.74 0
      vertex 95.3066 -126.119 0
      vertex 94.0706 -125.151 1.55
    endloop
  endfacet
  facet normal -0.312989 0.637588 -0.703932
    outer loop
      vertex 94.1188 -127.307 0
      vertex 93.7399 -127.493 0
      vertex 93.1506 -126.071 1.55
    endloop
  endfacet
  facet normal -0.228568 0.672259 -0.704148
    outer loop
      vertex 93.7386 -127.494 0
      vertex 93.3386 -127.63 0
      vertex 92.94 -126.142 1.55
    endloop
  endfacet
  facet normal -0.393754 0.590968 -0.70407
    outer loop
      vertex 94.4724 -127.071 0
      vertex 94.1212 -127.305 0
      vertex 93.5349 -125.849 1.55
    endloop
  endfacet
  facet normal -0.708597 -0.0466227 -0.704071
    outer loop
      vertex 95.7124 -124.079 0
      vertex 95.7401 -124.5 0
      vertex 94.2 -124.5 1.55
    endloop
  endfacet
  facet normal -0.0478908 -0.708465 -0.704119
    outer loop
      vertex 92.9215 -121.288 0
      vertex 92.7219 -122.815 1.55
      vertex 92.5 -122.8 1.55
    endloop
  endfacet
  facet normal 0 -0.712372 -0.701802
    outer loop
      vertex 92.7219 -122.815 1.55
      vertex 92.9215 -121.288 0
      vertex 92.9229 -121.288 0
    endloop
  endfacet
  facet normal -0.709665 -0.0354833 -0.703645
    outer loop
      vertex 95.7124 -124.079 0
      vertex 94.1855 -124.278 1.55
      vertex 95.7123 -124.077 0
    endloop
  endfacet
  facet normal -0.708655 -0.046286 -0.704036
    outer loop
      vertex 94.1855 -124.278 1.55
      vertex 95.7124 -124.079 0
      vertex 94.2 -124.5 1.55
    endloop
  endfacet
  facet normal -0.672406 -0.228282 -0.7041
    outer loop
      vertex 95.4939 -123.261 0
      vertex 95.6297 -123.661 0
      vertex 94.1421 -124.06 1.55
    endloop
  endfacet
  facet normal -0.611627 -0.366976 -0.700885
    outer loop
      vertex 94.0706 -123.849 1.55
      vertex 95.4928 -123.259 0
      vertex 95.4934 -123.26 0
    endloop
  endfacet
  facet normal -0.636643 -0.314802 -0.703978
    outer loop
      vertex 95.4928 -123.259 0
      vertex 94.0706 -123.849 1.55
      vertex 93.9722 -123.65 1.55
    endloop
  endfacet
  facet normal 0.137864 -0.696549 -0.70414
    outer loop
      vertex 92.0757 -121.288 0
      vertex 92.06 -122.858 1.55
      vertex 91.6614 -121.37 0
    endloop
  endfacet
  facet normal -0.534271 -0.467907 -0.704001
    outer loop
      vertex 94.792 -122.21 0
      vertex 95.0705 -122.528 0
      vertex 93.8487 -123.465 1.55
    endloop
  endfacet
  facet normal 0.709665 -0.0354833 -0.703645
    outer loop
      vertex 90.8145 -124.278 1.55
      vertex 89.2876 -124.079 0
      vertex 89.2877 -124.077 0
    endloop
  endfacet
  facet normal 0.708655 -0.046286 -0.704036
    outer loop
      vertex 89.2876 -124.079 0
      vertex 90.8145 -124.278 1.55
      vertex 90.8 -124.5 1.55
    endloop
  endfacet
  facet normal 0.672406 -0.228282 -0.7041
    outer loop
      vertex 89.5061 -123.261 0
      vertex 90.8579 -124.06 1.55
      vertex 89.3703 -123.661 0
    endloop
  endfacet
  facet normal 0.635318 0.317659 -0.703892
    outer loop
      vertex 89.5061 -125.739 0
      vertex 90.9294 -125.151 1.55
      vertex 89.5066 -125.74 0
    endloop
  endfacet
  facet normal 0.672576 0.227911 -0.704058
    outer loop
      vertex 90.9294 -125.151 1.55
      vertex 89.5061 -125.739 0
      vertex 90.8579 -124.94 1.55
    endloop
  endfacet
  facet normal 0 0.736878 -0.676026
    outer loop
      vertex 91.2588 -127.493 0
      vertex 91.8494 -126.071 1.55
      vertex 91.2601 -127.493 0
    endloop
  endfacet
  facet normal 0.315841 0.636148 -0.70396
    outer loop
      vertex 91.8494 -126.071 1.55
      vertex 91.2588 -127.493 0
      vertex 91.65 -125.972 1.55
    endloop
  endfacet
  facet normal 0.457412 0.548895 -0.699634
    outer loop
      vertex 90.8788 -127.305 0
      vertex 91.65 -125.972 1.55
      vertex 90.88 -127.306 0
    endloop
  endfacet
  facet normal 0.393289 0.591213 -0.704124
    outer loop
      vertex 91.65 -125.972 1.55
      vertex 90.8788 -127.305 0
      vertex 91.4651 -125.849 1.55
    endloop
  endfacet
  facet normal -0.137864 0.696549 -0.70414
    outer loop
      vertex 92.94 -126.142 1.55
      vertex 93.3386 -127.63 0
      vertex 92.9243 -127.712 0
    endloop
  endfacet
  facet normal -0.393289 -0.591213 -0.704124
    outer loop
      vertex 93.35 -123.028 1.55
      vertex 94.1212 -121.695 0
      vertex 93.5349 -123.151 1.55
    endloop
  endfacet
  facet normal -0.457412 -0.548895 -0.699634
    outer loop
      vertex 94.1212 -121.695 0
      vertex 93.35 -123.028 1.55
      vertex 94.12 -121.694 0
    endloop
  endfacet
  facet normal -0.457412 -0.548895 -0.699634
    outer loop
      vertex 93.35 -123.028 1.55
      vertex 94.1188 -121.693 0
      vertex 94.12 -121.694 0
    endloop
  endfacet
  facet normal -0.315706 -0.635877 -0.704265
    outer loop
      vertex 94.1188 -121.693 0
      vertex 93.35 -123.028 1.55
      vertex 93.1506 -122.929 1.55
    endloop
  endfacet
  facet normal 0.533662 -0.468472 -0.704087
    outer loop
      vertex 90.208 -122.21 0
      vertex 91.2979 -123.298 1.55
      vertex 91.1513 -123.465 1.55
    endloop
  endfacet
  facet normal 0.527635 -0.474872 -0.704342
    outer loop
      vertex 91.2979 -123.298 1.55
      vertex 90.208 -122.21 0
      vertex 90.2089 -122.209 0
    endloop
  endfacet
  facet normal 0.0470722 0.708605 -0.704033
    outer loop
      vertex 92.5 -126.2 1.55
      vertex 92.5 -127.74 0
      vertex 92.0785 -127.712 0
    endloop
  endfacet
  facet normal 0.0470722 -0.708605 -0.704033
    outer loop
      vertex 92.5 -121.26 0
      vertex 92.5 -122.8 1.55
      vertex 92.0785 -121.288 0
    endloop
  endfacet
  facet normal -0.696386 -0.139277 -0.704023
    outer loop
      vertex 94.1855 -124.278 1.55
      vertex 95.7121 -124.076 0
      vertex 95.7123 -124.077 0
    endloop
  endfacet
  facet normal -0.696488 -0.138659 -0.704044
    outer loop
      vertex 95.7121 -124.076 0
      vertex 94.1855 -124.278 1.55
      vertex 94.1421 -124.06 1.55
    endloop
  endfacet
  facet normal 0.137864 0.696549 -0.70414
    outer loop
      vertex 92.06 -126.142 1.55
      vertex 92.0757 -127.712 0
      vertex 91.6614 -127.63 0
    endloop
  endfacet
  facet normal 0.393289 -0.591213 -0.704124
    outer loop
      vertex 90.8788 -121.695 0
      vertex 91.65 -123.028 1.55
      vertex 91.4651 -123.151 1.55
    endloop
  endfacet
  facet normal 0.457412 -0.548895 -0.699634
    outer loop
      vertex 91.65 -123.028 1.55
      vertex 90.8788 -121.695 0
      vertex 90.88 -121.694 0
    endloop
  endfacet
  facet normal -0.590374 0.39476 -0.704005
    outer loop
      vertex 95.3052 -126.121 0
      vertex 95.0705 -126.472 0
      vertex 93.8487 -125.535 1.55
    endloop
  endfacet
  facet normal -0.533662 -0.468472 -0.704087
    outer loop
      vertex 93.7021 -123.298 1.55
      vertex 94.792 -122.21 0
      vertex 93.8487 -123.465 1.55
    endloop
  endfacet
  facet normal -0.527635 -0.474872 -0.704342
    outer loop
      vertex 94.792 -122.21 0
      vertex 93.7021 -123.298 1.55
      vertex 94.7911 -122.209 0
    endloop
  endfacet
  facet normal 0.590626 0.394282 -0.704062
    outer loop
      vertex 89.6948 -126.121 0
      vertex 91.0278 -125.35 1.55
      vertex 91.1513 -125.535 1.55
    endloop
  endfacet
  facet normal 0.557071 0.445656 -0.700759
    outer loop
      vertex 91.0278 -125.35 1.55
      vertex 89.6948 -126.121 0
      vertex 89.694 -126.12 0
    endloop
  endfacet
  facet normal -0.477445 -0.525189 -0.704431
    outer loop
      vertex 93.7021 -123.298 1.55
      vertex 94.79 -122.208 0
      vertex 94.7911 -122.209 0
    endloop
  endfacet
  facet normal -0.468864 -0.533292 -0.704107
    outer loop
      vertex 94.79 -122.208 0
      vertex 93.7021 -123.298 1.55
      vertex 93.5349 -123.151 1.55
    endloop
  endfacet
  facet normal 0.534271 -0.467907 -0.704001
    outer loop
      vertex 90.208 -122.21 0
      vertex 91.1513 -123.465 1.55
      vertex 89.9295 -122.528 0
    endloop
  endfacet
  facet normal 0.590626 -0.394282 -0.704062
    outer loop
      vertex 91.0278 -123.65 1.55
      vertex 89.6948 -122.879 0
      vertex 91.1513 -123.465 1.55
    endloop
  endfacet
  facet normal 0.557071 -0.445656 -0.700759
    outer loop
      vertex 89.6948 -122.879 0
      vertex 91.0278 -123.65 1.55
      vertex 89.694 -122.88 0
    endloop
  endfacet
  facet normal -0.696522 -0.138297 -0.704082
    outer loop
      vertex 95.6297 -123.661 0
      vertex 95.7121 -124.076 0
      vertex 94.1421 -124.06 1.55
    endloop
  endfacet
  facet normal 0.636961 -0.313943 -0.704074
    outer loop
      vertex 89.694 -122.88 0
      vertex 91.0278 -123.65 1.55
      vertex 89.5072 -123.259 0
    endloop
  endfacet
  facet normal 0.468666 0.533506 -0.704076
    outer loop
      vertex 91.4651 -125.849 1.55
      vertex 90.5276 -127.071 0
      vertex 90.21 -126.792 0
    endloop
  endfacet
  facet normal 0.468864 -0.533292 -0.704107
    outer loop
      vertex 91.2979 -123.298 1.55
      vertex 90.21 -122.208 0
      vertex 91.4651 -123.151 1.55
    endloop
  endfacet
  facet normal 0.477445 -0.525189 -0.704431
    outer loop
      vertex 90.21 -122.208 0
      vertex 91.2979 -123.298 1.55
      vertex 90.2089 -122.209 0
    endloop
  endfacet
  facet normal -0.0470722 0.708605 -0.704033
    outer loop
      vertex 92.9215 -127.712 0
      vertex 92.5 -127.74 0
      vertex 92.5 -126.2 1.55
    endloop
  endfacet
  facet normal -0.137864 -0.696549 -0.70414
    outer loop
      vertex 93.3386 -121.37 0
      vertex 92.94 -122.858 1.55
      vertex 92.9243 -121.288 0
    endloop
  endfacet
  facet normal -0.672406 0.228282 -0.7041
    outer loop
      vertex 95.6297 -125.339 0
      vertex 95.4939 -125.739 0
      vertex 94.1421 -124.94 1.55
    endloop
  endfacet
  facet normal 0.393754 -0.590968 -0.70407
    outer loop
      vertex 90.8788 -121.695 0
      vertex 91.4651 -123.151 1.55
      vertex 90.5276 -121.929 0
    endloop
  endfacet
  facet normal 0.672406 0.228282 -0.7041
    outer loop
      vertex 90.8579 -124.94 1.55
      vertex 89.5061 -125.739 0
      vertex 89.3703 -125.339 0
    endloop
  endfacet
  facet normal 0.696522 0.138297 -0.704082
    outer loop
      vertex 90.8579 -124.94 1.55
      vertex 89.3703 -125.339 0
      vertex 89.2879 -124.924 0
    endloop
  endfacet
  facet normal -0.228568 -0.672259 -0.704148
    outer loop
      vertex 93.3386 -121.37 0
      vertex 93.7386 -121.506 0
      vertex 92.94 -122.858 1.55
    endloop
  endfacet
  facet normal -0.137339 -0.696597 -0.704195
    outer loop
      vertex 92.7219 -122.815 1.55
      vertex 92.9243 -121.288 0
      vertex 92.94 -122.858 1.55
    endloop
  endfacet
  facet normal -0 -0.712372 -0.701802
    outer loop
      vertex 92.9243 -121.288 0
      vertex 92.7219 -122.815 1.55
      vertex 92.9229 -121.288 0
    endloop
  endfacet
  facet normal -0.393754 -0.590968 -0.70407
    outer loop
      vertex 94.1212 -121.695 0
      vertex 94.4724 -121.929 0
      vertex 93.5349 -123.151 1.55
    endloop
  endfacet
  facet normal -0.468666 -0.533506 -0.704076
    outer loop
      vertex 94.4724 -121.929 0
      vertex 94.79 -122.208 0
      vertex 93.5349 -123.151 1.55
    endloop
  endfacet
  facet normal -0 -0.712372 -0.701802
    outer loop
      vertex 92.0785 -121.288 0
      vertex 92.2781 -122.815 1.55
      vertex 92.0771 -121.288 0
    endloop
  endfacet
  facet normal 0.0478908 -0.708465 -0.704119
    outer loop
      vertex 92.2781 -122.815 1.55
      vertex 92.0785 -121.288 0
      vertex 92.5 -122.8 1.55
    endloop
  endfacet
  facet normal 0.637 0.313962 -0.70403
    outer loop
      vertex 90.9294 -125.151 1.55
      vertex 89.6934 -126.119 0
      vertex 89.5066 -125.74 0
    endloop
  endfacet
  facet normal -0.636961 -0.313943 -0.704074
    outer loop
      vertex 95.306 -122.88 0
      vertex 95.4928 -123.259 0
      vertex 93.9722 -123.65 1.55
    endloop
  endfacet
  facet normal -0.440063 -0.572081 -0.692147
    outer loop
      vertex 93.1506 -122.929 1.55
      vertex 93.7386 -121.506 0
      vertex 93.7399 -121.507 0
    endloop
  endfacet
  facet normal -0.226898 -0.673025 -0.703956
    outer loop
      vertex 93.7386 -121.506 0
      vertex 93.1506 -122.929 1.55
      vertex 92.94 -122.858 1.55
    endloop
  endfacet
  facet normal 0.226898 -0.673025 -0.703956
    outer loop
      vertex 91.8494 -122.929 1.55
      vertex 91.2614 -121.506 0
      vertex 92.06 -122.858 1.55
    endloop
  endfacet
  facet normal 0.440063 -0.572081 -0.692147
    outer loop
      vertex 91.2614 -121.506 0
      vertex 91.8494 -122.929 1.55
      vertex 91.2601 -121.507 0
    endloop
  endfacet
  facet normal -0.557071 -0.445656 -0.700759
    outer loop
      vertex 93.9722 -123.65 1.55
      vertex 95.3052 -122.879 0
      vertex 95.306 -122.88 0
    endloop
  endfacet
  facet normal -0.590626 -0.394282 -0.704062
    outer loop
      vertex 95.3052 -122.879 0
      vertex 93.9722 -123.65 1.55
      vertex 93.8487 -123.465 1.55
    endloop
  endfacet
  facet normal 0.527635 0.474872 -0.704342
    outer loop
      vertex 90.208 -126.79 0
      vertex 91.2979 -125.702 1.55
      vertex 90.2089 -126.791 0
    endloop
  endfacet
  facet normal 0.533662 0.468472 -0.704087
    outer loop
      vertex 91.2979 -125.702 1.55
      vertex 90.208 -126.79 0
      vertex 91.1513 -125.535 1.55
    endloop
  endfacet
  facet normal 0.228568 0.672259 -0.704148
    outer loop
      vertex 92.06 -126.142 1.55
      vertex 91.6614 -127.63 0
      vertex 91.2614 -127.494 0
    endloop
  endfacet
  facet normal 0.672576 -0.227911 -0.704058
    outer loop
      vertex 89.5061 -123.261 0
      vertex 90.9294 -123.849 1.55
      vertex 90.8579 -124.06 1.55
    endloop
  endfacet
  facet normal 0.635318 -0.317659 -0.703892
    outer loop
      vertex 90.9294 -123.849 1.55
      vertex 89.5061 -123.261 0
      vertex 89.5066 -123.26 0
    endloop
  endfacet
  facet normal 0 0.712372 -0.701802
    outer loop
      vertex 92.9215 -127.712 0
      vertex 92.7219 -126.185 1.55
      vertex 92.9229 -127.712 0
    endloop
  endfacet
  facet normal -0.0478908 0.708465 -0.704119
    outer loop
      vertex 92.7219 -126.185 1.55
      vertex 92.9215 -127.712 0
      vertex 92.5 -126.2 1.55
    endloop
  endfacet
  facet normal 0.0478908 0.708465 -0.704119
    outer loop
      vertex 92.0785 -127.712 0
      vertex 92.2781 -126.185 1.55
      vertex 92.5 -126.2 1.55
    endloop
  endfacet
  facet normal 0 0.712372 -0.701802
    outer loop
      vertex 92.2781 -126.185 1.55
      vertex 92.0785 -127.712 0
      vertex 92.0771 -127.712 0
    endloop
  endfacet
  facet normal 0 -0.712372 -0.701802
    outer loop
      vertex 92.2781 -122.815 1.55
      vertex 92.0757 -121.288 0
      vertex 92.0771 -121.288 0
    endloop
  endfacet
  facet normal 0.137339 -0.696597 -0.704195
    outer loop
      vertex 92.0757 -121.288 0
      vertex 92.2781 -122.815 1.55
      vertex 92.06 -122.858 1.55
    endloop
  endfacet
  facet normal -0.635318 0.317659 -0.703892
    outer loop
      vertex 94.0706 -125.151 1.55
      vertex 95.4939 -125.739 0
      vertex 95.4934 -125.74 0
    endloop
  endfacet
  facet normal -0.672576 0.227911 -0.704058
    outer loop
      vertex 95.4939 -125.739 0
      vertex 94.0706 -125.151 1.55
      vertex 94.1421 -124.94 1.55
    endloop
  endfacet
  facet normal -0.557071 0.445656 -0.700759
    outer loop
      vertex 95.3052 -126.121 0
      vertex 93.9722 -125.35 1.55
      vertex 95.306 -126.12 0
    endloop
  endfacet
  facet normal -0.590626 0.394282 -0.704062
    outer loop
      vertex 93.9722 -125.35 1.55
      vertex 95.3052 -126.121 0
      vertex 93.8487 -125.535 1.55
    endloop
  endfacet
  facet normal 0.393754 0.590968 -0.70407
    outer loop
      vertex 91.4651 -125.849 1.55
      vertex 90.8788 -127.305 0
      vertex 90.5276 -127.071 0
    endloop
  endfacet
  facet normal 0.708597 -0.0466227 -0.704071
    outer loop
      vertex 89.2876 -124.079 0
      vertex 90.8 -124.5 1.55
      vertex 89.2599 -124.5 0
    endloop
  endfacet
  facet normal -0.0470722 -0.708605 -0.704033
    outer loop
      vertex 92.9215 -121.288 0
      vertex 92.5 -122.8 1.55
      vertex 92.5 -121.26 0
    endloop
  endfacet
  facet normal -0.440063 0.572081 -0.692147
    outer loop
      vertex 93.7386 -127.494 0
      vertex 93.1506 -126.071 1.55
      vertex 93.7399 -127.493 0
    endloop
  endfacet
  facet normal -0.226898 0.673025 -0.703956
    outer loop
      vertex 93.1506 -126.071 1.55
      vertex 93.7386 -127.494 0
      vertex 92.94 -126.142 1.55
    endloop
  endfacet
  facet normal 0.708597 0.0466227 -0.704071
    outer loop
      vertex 90.8 -124.5 1.55
      vertex 89.2876 -124.921 0
      vertex 89.2599 -124.5 0
    endloop
  endfacet
  facet normal 0.315841 -0.636148 -0.70396
    outer loop
      vertex 91.2588 -121.507 0
      vertex 91.8494 -122.929 1.55
      vertex 91.65 -123.028 1.55
    endloop
  endfacet
  facet normal 0 -0.736878 -0.676026
    outer loop
      vertex 91.8494 -122.929 1.55
      vertex 91.2588 -121.507 0
      vertex 91.2601 -121.507 0
    endloop
  endfacet
  facet normal 0.314322 -0.636712 -0.70413
    outer loop
      vertex 91.2588 -121.507 0
      vertex 91.65 -123.028 1.55
      vertex 90.88 -121.694 0
    endloop
  endfacet
  facet normal 0.608321 0.364992 -0.704788
    outer loop
      vertex 89.6934 -126.119 0
      vertex 91.0278 -125.35 1.55
      vertex 89.694 -126.12 0
    endloop
  endfacet
  facet normal 0.636512 0.314738 -0.704126
    outer loop
      vertex 91.0278 -125.35 1.55
      vertex 89.6934 -126.119 0
      vertex 90.9294 -125.151 1.55
    endloop
  endfacet
  facet normal -0.608321 0.364992 -0.704788
    outer loop
      vertex 93.9722 -125.35 1.55
      vertex 95.3066 -126.119 0
      vertex 95.306 -126.12 0
    endloop
  endfacet
  facet normal -0.636512 0.314738 -0.704126
    outer loop
      vertex 95.3066 -126.119 0
      vertex 93.9722 -125.35 1.55
      vertex 94.0706 -125.151 1.55
    endloop
  endfacet
  facet normal 0.314322 0.636712 -0.70413
    outer loop
      vertex 91.65 -125.972 1.55
      vertex 91.2588 -127.493 0
      vertex 90.88 -127.306 0
    endloop
  endfacet
  facet normal -0.696522 0.138297 -0.704082
    outer loop
      vertex 95.7121 -124.924 0
      vertex 95.6297 -125.339 0
      vertex 94.1421 -124.94 1.55
    endloop
  endfacet
  facet normal -0.696386 0.139277 -0.704023
    outer loop
      vertex 95.7121 -124.924 0
      vertex 94.1855 -124.722 1.55
      vertex 95.7123 -124.923 0
    endloop
  endfacet
  facet normal -0.696488 0.138659 -0.704044
    outer loop
      vertex 94.1855 -124.722 1.55
      vertex 95.7121 -124.924 0
      vertex 94.1421 -124.94 1.55
    endloop
  endfacet
  facet normal -0.534271 0.467907 -0.704001
    outer loop
      vertex 95.0705 -126.472 0
      vertex 94.792 -126.79 0
      vertex 93.8487 -125.535 1.55
    endloop
  endfacet
  facet normal 0.696488 0.138659 -0.704044
    outer loop
      vertex 89.2879 -124.924 0
      vertex 90.8145 -124.722 1.55
      vertex 90.8579 -124.94 1.55
    endloop
  endfacet
  facet normal 0.696386 0.139277 -0.704023
    outer loop
      vertex 90.8145 -124.722 1.55
      vertex 89.2879 -124.924 0
      vertex 89.2877 -124.923 0
    endloop
  endfacet
  facet normal 0.696522 -0.138297 -0.704082
    outer loop
      vertex 89.3703 -123.661 0
      vertex 90.8579 -124.06 1.55
      vertex 89.2879 -124.076 0
    endloop
  endfacet
  facet normal 0.696488 -0.138659 -0.704044
    outer loop
      vertex 90.8145 -124.278 1.55
      vertex 89.2879 -124.076 0
      vertex 90.8579 -124.06 1.55
    endloop
  endfacet
  facet normal 0.696386 -0.139277 -0.704023
    outer loop
      vertex 89.2879 -124.076 0
      vertex 90.8145 -124.278 1.55
      vertex 89.2877 -124.077 0
    endloop
  endfacet
  facet normal 0.468864 0.533292 -0.704107
    outer loop
      vertex 90.21 -126.792 0
      vertex 91.2979 -125.702 1.55
      vertex 91.4651 -125.849 1.55
    endloop
  endfacet
  facet normal 0.477445 0.525189 -0.704431
    outer loop
      vertex 91.2979 -125.702 1.55
      vertex 90.21 -126.792 0
      vertex 90.2089 -126.791 0
    endloop
  endfacet
  facet normal 0.534271 0.467907 -0.704001
    outer loop
      vertex 91.1513 -125.535 1.55
      vertex 90.208 -126.79 0
      vertex 89.9295 -126.472 0
    endloop
  endfacet
  facet normal -0.477445 0.525189 -0.704431
    outer loop
      vertex 94.79 -126.792 0
      vertex 93.7021 -125.702 1.55
      vertex 94.7911 -126.791 0
    endloop
  endfacet
  facet normal -0.468864 0.533292 -0.704107
    outer loop
      vertex 93.7021 -125.702 1.55
      vertex 94.79 -126.792 0
      vertex 93.5349 -125.849 1.55
    endloop
  endfacet
  facet normal -0.527635 0.474872 -0.704342
    outer loop
      vertex 93.7021 -125.702 1.55
      vertex 94.792 -126.79 0
      vertex 94.7911 -126.791 0
    endloop
  endfacet
  facet normal -0.533662 0.468472 -0.704087
    outer loop
      vertex 94.792 -126.79 0
      vertex 93.7021 -125.702 1.55
      vertex 93.8487 -125.535 1.55
    endloop
  endfacet
  facet normal 0.997857 0.0654392 0
    outer loop
      vertex 77.8035 -42.8158 2.5
      vertex 77.75 -42 0
      vertex 77.75 -42 2.5
    endloop
  endfacet
  facet normal 0.997857 0.0654392 0
    outer loop
      vertex 77.75 -42 0
      vertex 77.8035 -42.8158 2.5
      vertex 77.8035 -42.8158 0
    endloop
  endfacet
  facet normal -0.195105 -0.980782 0
    outer loop
      vertex 84.8158 -35.8035 0
      vertex 85.6176 -35.963 2.5
      vertex 84.8158 -35.8035 2.5
    endloop
  endfacet
  facet normal -0.195105 -0.980782 -0
    outer loop
      vertex 85.6176 -35.963 2.5
      vertex 84.8158 -35.8035 0
      vertex 85.6176 -35.963 0
    endloop
  endfacet
  facet normal -0.980782 0.195105 0
    outer loop
      vertex 90.037 -43.6176 0
      vertex 90.1965 -42.8158 2.5
      vertex 90.1965 -42.8158 0
    endloop
  endfacet
  facet normal -0.980782 0.195105 0
    outer loop
      vertex 90.1965 -42.8158 2.5
      vertex 90.037 -43.6176 0
      vertex 90.037 -43.6176 2.5
    endloop
  endfacet
  facet normal -0.997857 0.0654392 0
    outer loop
      vertex 90.1965 -42.8158 0
      vertex 90.25 -42 2.5
      vertex 90.25 -42 0
    endloop
  endfacet
  facet normal -0.997857 0.0654392 0
    outer loop
      vertex 90.25 -42 2.5
      vertex 90.1965 -42.8158 0
      vertex 90.1965 -42.8158 2.5
    endloop
  endfacet
  facet normal 0.195105 -0.980782 0
    outer loop
      vertex 82.3824 -35.963 0
      vertex 83.1842 -35.8035 2.5
      vertex 82.3824 -35.963 2.5
    endloop
  endfacet
  facet normal 0.195105 -0.980782 0
    outer loop
      vertex 83.1842 -35.8035 2.5
      vertex 82.3824 -35.963 0
      vertex 83.1842 -35.8035 0
    endloop
  endfacet
  facet normal -0.980782 -0.195105 0
    outer loop
      vertex 90.1965 -41.1842 0
      vertex 90.037 -40.3824 2.5
      vertex 90.037 -40.3824 0
    endloop
  endfacet
  facet normal -0.980782 -0.195105 0
    outer loop
      vertex 90.037 -40.3824 2.5
      vertex 90.1965 -41.1842 0
      vertex 90.1965 -41.1842 2.5
    endloop
  endfacet
  facet normal 0.751773 0.659422 0
    outer loop
      vertex 79.5806 -46.4194 2.5
      vertex 79.0415 -45.8048 0
      vertex 79.0415 -45.8048 2.5
    endloop
  endfacet
  facet normal 0.751773 0.659422 0
    outer loop
      vertex 79.0415 -45.8048 0
      vertex 79.5806 -46.4194 2.5
      vertex 79.5806 -46.4194 0
    endloop
  endfacet
  facet normal -0.321433 0.946932 0
    outer loop
      vertex 86.3918 -47.7742 0
      vertex 85.6176 -48.037 2.5
      vertex 86.3918 -47.7742 2.5
    endloop
  endfacet
  facet normal -0.321433 0.946932 0
    outer loop
      vertex 85.6176 -48.037 2.5
      vertex 86.3918 -47.7742 0
      vertex 85.6176 -48.037 0
    endloop
  endfacet
  facet normal 0.321433 0.946932 -0
    outer loop
      vertex 82.3824 -48.037 0
      vertex 81.6082 -47.7742 2.5
      vertex 82.3824 -48.037 2.5
    endloop
  endfacet
  facet normal 0.321433 0.946932 0
    outer loop
      vertex 81.6082 -47.7742 2.5
      vertex 82.3824 -48.037 0
      vertex 81.6082 -47.7742 0
    endloop
  endfacet
  facet normal -0.0654392 -0.997857 0
    outer loop
      vertex 84 -35.75 0
      vertex 84.8158 -35.8035 2.5
      vertex 84 -35.75 2.5
    endloop
  endfacet
  facet normal -0.0654392 -0.997857 -0
    outer loop
      vertex 84.8158 -35.8035 2.5
      vertex 84 -35.75 0
      vertex 84.8158 -35.8035 0
    endloop
  endfacet
  facet normal -0.659422 0.751773 0
    outer loop
      vertex 88.4194 -46.4194 0
      vertex 87.8048 -46.9585 2.5
      vertex 88.4194 -46.4194 2.5
    endloop
  endfacet
  facet normal -0.659422 0.751773 0
    outer loop
      vertex 87.8048 -46.9585 2.5
      vertex 88.4194 -46.4194 0
      vertex 87.8048 -46.9585 0
    endloop
  endfacet
  facet normal 0.896909 0.442216 0
    outer loop
      vertex 78.5873 -45.125 2.5
      vertex 78.2258 -44.3918 0
      vertex 78.2258 -44.3918 2.5
    endloop
  endfacet
  facet normal 0.896909 0.442216 0
    outer loop
      vertex 78.2258 -44.3918 0
      vertex 78.5873 -45.125 2.5
      vertex 78.5873 -45.125 0
    endloop
  endfacet
  facet normal -0.946932 -0.321433 0
    outer loop
      vertex 90.037 -40.3824 0
      vertex 89.7742 -39.6082 2.5
      vertex 89.7742 -39.6082 0
    endloop
  endfacet
  facet normal -0.946932 -0.321433 0
    outer loop
      vertex 89.7742 -39.6082 2.5
      vertex 90.037 -40.3824 0
      vertex 90.037 -40.3824 2.5
    endloop
  endfacet
  facet normal 0.980782 -0.195105 0
    outer loop
      vertex 77.8035 -41.1842 2.5
      vertex 77.963 -40.3824 0
      vertex 77.963 -40.3824 2.5
    endloop
  endfacet
  facet normal 0.980782 -0.195105 0
    outer loop
      vertex 77.963 -40.3824 0
      vertex 77.8035 -41.1842 2.5
      vertex 77.8035 -41.1842 0
    endloop
  endfacet
  facet normal -0.831485 -0.555547 0
    outer loop
      vertex 89.4127 -38.875 0
      vertex 88.9585 -38.1952 2.5
      vertex 88.9585 -38.1952 0
    endloop
  endfacet
  facet normal -0.831485 -0.555547 0
    outer loop
      vertex 88.9585 -38.1952 2.5
      vertex 89.4127 -38.875 0
      vertex 89.4127 -38.875 2.5
    endloop
  endfacet
  facet normal 0.555547 0.831485 -0
    outer loop
      vertex 80.875 -47.4127 0
      vertex 80.1952 -46.9585 2.5
      vertex 80.875 -47.4127 2.5
    endloop
  endfacet
  facet normal 0.555547 0.831485 0
    outer loop
      vertex 80.1952 -46.9585 2.5
      vertex 80.875 -47.4127 0
      vertex 80.1952 -46.9585 0
    endloop
  endfacet
  facet normal 0.946932 -0.321433 0
    outer loop
      vertex 77.963 -40.3824 2.5
      vertex 78.2258 -39.6082 0
      vertex 78.2258 -39.6082 2.5
    endloop
  endfacet
  facet normal 0.946932 -0.321433 0
    outer loop
      vertex 78.2258 -39.6082 0
      vertex 77.963 -40.3824 2.5
      vertex 77.963 -40.3824 0
    endloop
  endfacet
  facet normal 0.0654392 -0.997857 0
    outer loop
      vertex 83.1842 -35.8035 0
      vertex 84 -35.75 2.5
      vertex 83.1842 -35.8035 2.5
    endloop
  endfacet
  facet normal 0.0654392 -0.997857 0
    outer loop
      vertex 84 -35.75 2.5
      vertex 83.1842 -35.8035 0
      vertex 84 -35.75 0
    endloop
  endfacet
  facet normal 0.659422 0.751773 -0
    outer loop
      vertex 80.1952 -46.9585 0
      vertex 79.5806 -46.4194 2.5
      vertex 80.1952 -46.9585 2.5
    endloop
  endfacet
  facet normal 0.659422 0.751773 0
    outer loop
      vertex 79.5806 -46.4194 2.5
      vertex 80.1952 -46.9585 0
      vertex 79.5806 -46.4194 0
    endloop
  endfacet
  facet normal -0.442216 0.896909 0
    outer loop
      vertex 87.125 -47.4127 0
      vertex 86.3918 -47.7742 2.5
      vertex 87.125 -47.4127 2.5
    endloop
  endfacet
  facet normal -0.442216 0.896909 0
    outer loop
      vertex 86.3918 -47.7742 2.5
      vertex 87.125 -47.4127 0
      vertex 86.3918 -47.7742 0
    endloop
  endfacet
  facet normal -0.195105 0.980782 0
    outer loop
      vertex 85.6176 -48.037 0
      vertex 84.8158 -48.1965 2.5
      vertex 85.6176 -48.037 2.5
    endloop
  endfacet
  facet normal -0.195105 0.980782 0
    outer loop
      vertex 84.8158 -48.1965 2.5
      vertex 85.6176 -48.037 0
      vertex 84.8158 -48.1965 0
    endloop
  endfacet
  facet normal -0.997857 -0.0654392 0
    outer loop
      vertex 90.25 -42 0
      vertex 90.1965 -41.1842 2.5
      vertex 90.1965 -41.1842 0
    endloop
  endfacet
  facet normal -0.997857 -0.0654392 0
    outer loop
      vertex 90.1965 -41.1842 2.5
      vertex 90.25 -42 0
      vertex 90.25 -42 2.5
    endloop
  endfacet
  facet normal 0.896909 -0.442216 0
    outer loop
      vertex 78.2258 -39.6082 2.5
      vertex 78.5873 -38.875 0
      vertex 78.5873 -38.875 2.5
    endloop
  endfacet
  facet normal 0.896909 -0.442216 0
    outer loop
      vertex 78.5873 -38.875 0
      vertex 78.2258 -39.6082 2.5
      vertex 78.2258 -39.6082 0
    endloop
  endfacet
  facet normal -0.555547 0.831485 0
    outer loop
      vertex 87.8048 -46.9585 0
      vertex 87.125 -47.4127 2.5
      vertex 87.8048 -46.9585 2.5
    endloop
  endfacet
  facet normal -0.555547 0.831485 0
    outer loop
      vertex 87.125 -47.4127 2.5
      vertex 87.8048 -46.9585 0
      vertex 87.125 -47.4127 0
    endloop
  endfacet
  facet normal 0.321433 -0.946932 0
    outer loop
      vertex 81.6082 -36.2258 0
      vertex 82.3824 -35.963 2.5
      vertex 81.6082 -36.2258 2.5
    endloop
  endfacet
  facet normal 0.321433 -0.946932 0
    outer loop
      vertex 82.3824 -35.963 2.5
      vertex 81.6082 -36.2258 0
      vertex 82.3824 -35.963 0
    endloop
  endfacet
  facet normal -0.659422 -0.751773 0
    outer loop
      vertex 87.8048 -37.0415 0
      vertex 88.4194 -37.5806 2.5
      vertex 87.8048 -37.0415 2.5
    endloop
  endfacet
  facet normal -0.659422 -0.751773 -0
    outer loop
      vertex 88.4194 -37.5806 2.5
      vertex 87.8048 -37.0415 0
      vertex 88.4194 -37.5806 0
    endloop
  endfacet
  facet normal -0.831485 0.555547 0
    outer loop
      vertex 88.9585 -45.8048 0
      vertex 89.4127 -45.125 2.5
      vertex 89.4127 -45.125 0
    endloop
  endfacet
  facet normal -0.831485 0.555547 0
    outer loop
      vertex 89.4127 -45.125 2.5
      vertex 88.9585 -45.8048 0
      vertex 88.9585 -45.8048 2.5
    endloop
  endfacet
  facet normal 0.831485 -0.555547 0
    outer loop
      vertex 78.5873 -38.875 2.5
      vertex 79.0415 -38.1952 0
      vertex 79.0415 -38.1952 2.5
    endloop
  endfacet
  facet normal 0.831485 -0.555547 0
    outer loop
      vertex 79.0415 -38.1952 0
      vertex 78.5873 -38.875 2.5
      vertex 78.5873 -38.875 0
    endloop
  endfacet
  facet normal -0.555547 -0.831485 0
    outer loop
      vertex 87.125 -36.5873 0
      vertex 87.8048 -37.0415 2.5
      vertex 87.125 -36.5873 2.5
    endloop
  endfacet
  facet normal -0.555547 -0.831485 -0
    outer loop
      vertex 87.8048 -37.0415 2.5
      vertex 87.125 -36.5873 0
      vertex 87.8048 -37.0415 0
    endloop
  endfacet
  facet normal 0.195105 0.980782 -0
    outer loop
      vertex 83.1842 -48.1965 0
      vertex 82.3824 -48.037 2.5
      vertex 83.1842 -48.1965 2.5
    endloop
  endfacet
  facet normal 0.195105 0.980782 0
    outer loop
      vertex 82.3824 -48.037 2.5
      vertex 83.1842 -48.1965 0
      vertex 82.3824 -48.037 0
    endloop
  endfacet
  facet normal -0.896909 0.442216 0
    outer loop
      vertex 89.4127 -45.125 0
      vertex 89.7742 -44.3918 2.5
      vertex 89.7742 -44.3918 0
    endloop
  endfacet
  facet normal -0.896909 0.442216 0
    outer loop
      vertex 89.7742 -44.3918 2.5
      vertex 89.4127 -45.125 0
      vertex 89.4127 -45.125 2.5
    endloop
  endfacet
  facet normal 0.555547 -0.831485 0
    outer loop
      vertex 80.1952 -37.0415 0
      vertex 80.875 -36.5873 2.5
      vertex 80.1952 -37.0415 2.5
    endloop
  endfacet
  facet normal 0.555547 -0.831485 0
    outer loop
      vertex 80.875 -36.5873 2.5
      vertex 80.1952 -37.0415 0
      vertex 80.875 -36.5873 0
    endloop
  endfacet
  facet normal 0.659422 -0.751773 0
    outer loop
      vertex 79.5806 -37.5806 0
      vertex 80.1952 -37.0415 2.5
      vertex 79.5806 -37.5806 2.5
    endloop
  endfacet
  facet normal 0.659422 -0.751773 0
    outer loop
      vertex 80.1952 -37.0415 2.5
      vertex 79.5806 -37.5806 0
      vertex 80.1952 -37.0415 0
    endloop
  endfacet
  facet normal -0.751773 -0.659422 0
    outer loop
      vertex 88.9585 -38.1952 0
      vertex 88.4194 -37.5806 2.5
      vertex 88.4194 -37.5806 0
    endloop
  endfacet
  facet normal -0.751773 -0.659422 0
    outer loop
      vertex 88.4194 -37.5806 2.5
      vertex 88.9585 -38.1952 0
      vertex 88.9585 -38.1952 2.5
    endloop
  endfacet
  facet normal 0.997857 -0.0654392 0
    outer loop
      vertex 77.75 -42 2.5
      vertex 77.8035 -41.1842 0
      vertex 77.8035 -41.1842 2.5
    endloop
  endfacet
  facet normal 0.997857 -0.0654392 0
    outer loop
      vertex 77.8035 -41.1842 0
      vertex 77.75 -42 2.5
      vertex 77.75 -42 0
    endloop
  endfacet
  facet normal -0.896909 -0.442216 0
    outer loop
      vertex 89.7742 -39.6082 0
      vertex 89.4127 -38.875 2.5
      vertex 89.4127 -38.875 0
    endloop
  endfacet
  facet normal -0.896909 -0.442216 0
    outer loop
      vertex 89.4127 -38.875 2.5
      vertex 89.7742 -39.6082 0
      vertex 89.7742 -39.6082 2.5
    endloop
  endfacet
  facet normal -0.442216 -0.896909 0
    outer loop
      vertex 86.3918 -36.2258 0
      vertex 87.125 -36.5873 2.5
      vertex 86.3918 -36.2258 2.5
    endloop
  endfacet
  facet normal -0.442216 -0.896909 -0
    outer loop
      vertex 87.125 -36.5873 2.5
      vertex 86.3918 -36.2258 0
      vertex 87.125 -36.5873 0
    endloop
  endfacet
  facet normal 0.751773 -0.659422 0
    outer loop
      vertex 79.0415 -38.1952 2.5
      vertex 79.5806 -37.5806 0
      vertex 79.5806 -37.5806 2.5
    endloop
  endfacet
  facet normal 0.751773 -0.659422 0
    outer loop
      vertex 79.5806 -37.5806 0
      vertex 79.0415 -38.1952 2.5
      vertex 79.0415 -38.1952 0
    endloop
  endfacet
  facet normal 0.980782 0.195105 0
    outer loop
      vertex 77.963 -43.6176 2.5
      vertex 77.8035 -42.8158 0
      vertex 77.8035 -42.8158 2.5
    endloop
  endfacet
  facet normal 0.980782 0.195105 0
    outer loop
      vertex 77.8035 -42.8158 0
      vertex 77.963 -43.6176 2.5
      vertex 77.963 -43.6176 0
    endloop
  endfacet
  facet normal -0.751773 0.659422 0
    outer loop
      vertex 88.4194 -46.4194 0
      vertex 88.9585 -45.8048 2.5
      vertex 88.9585 -45.8048 0
    endloop
  endfacet
  facet normal -0.751773 0.659422 0
    outer loop
      vertex 88.9585 -45.8048 2.5
      vertex 88.4194 -46.4194 0
      vertex 88.4194 -46.4194 2.5
    endloop
  endfacet
  facet normal 0.831485 0.555547 0
    outer loop
      vertex 79.0415 -45.8048 2.5
      vertex 78.5873 -45.125 0
      vertex 78.5873 -45.125 2.5
    endloop
  endfacet
  facet normal 0.831485 0.555547 0
    outer loop
      vertex 78.5873 -45.125 0
      vertex 79.0415 -45.8048 2.5
      vertex 79.0415 -45.8048 0
    endloop
  endfacet
  facet normal 0.442216 -0.896909 0
    outer loop
      vertex 80.875 -36.5873 0
      vertex 81.6082 -36.2258 2.5
      vertex 80.875 -36.5873 2.5
    endloop
  endfacet
  facet normal 0.442216 -0.896909 0
    outer loop
      vertex 81.6082 -36.2258 2.5
      vertex 80.875 -36.5873 0
      vertex 81.6082 -36.2258 0
    endloop
  endfacet
  facet normal -0.946932 0.321433 0
    outer loop
      vertex 89.7742 -44.3918 0
      vertex 90.037 -43.6176 2.5
      vertex 90.037 -43.6176 0
    endloop
  endfacet
  facet normal -0.946932 0.321433 0
    outer loop
      vertex 90.037 -43.6176 2.5
      vertex 89.7742 -44.3918 0
      vertex 89.7742 -44.3918 2.5
    endloop
  endfacet
  facet normal 0.442216 0.896909 -0
    outer loop
      vertex 81.6082 -47.7742 0
      vertex 80.875 -47.4127 2.5
      vertex 81.6082 -47.7742 2.5
    endloop
  endfacet
  facet normal 0.442216 0.896909 0
    outer loop
      vertex 80.875 -47.4127 2.5
      vertex 81.6082 -47.7742 0
      vertex 80.875 -47.4127 0
    endloop
  endfacet
  facet normal -0.0654392 0.997857 0
    outer loop
      vertex 84.8158 -48.1965 0
      vertex 84 -48.25 2.5
      vertex 84.8158 -48.1965 2.5
    endloop
  endfacet
  facet normal -0.0654392 0.997857 0
    outer loop
      vertex 84 -48.25 2.5
      vertex 84.8158 -48.1965 0
      vertex 84 -48.25 0
    endloop
  endfacet
  facet normal -0.321433 -0.946932 0
    outer loop
      vertex 85.6176 -35.963 0
      vertex 86.3918 -36.2258 2.5
      vertex 85.6176 -35.963 2.5
    endloop
  endfacet
  facet normal -0.321433 -0.946932 -0
    outer loop
      vertex 86.3918 -36.2258 2.5
      vertex 85.6176 -35.963 0
      vertex 86.3918 -36.2258 0
    endloop
  endfacet
  facet normal 0.0654392 0.997857 -0
    outer loop
      vertex 84 -48.25 0
      vertex 83.1842 -48.1965 2.5
      vertex 84 -48.25 2.5
    endloop
  endfacet
  facet normal 0.0654392 0.997857 0
    outer loop
      vertex 83.1842 -48.1965 2.5
      vertex 84 -48.25 0
      vertex 83.1842 -48.1965 0
    endloop
  endfacet
  facet normal 0.946932 0.321433 0
    outer loop
      vertex 78.2258 -44.3918 2.5
      vertex 77.963 -43.6176 0
      vertex 77.963 -43.6176 2.5
    endloop
  endfacet
  facet normal 0.946932 0.321433 0
    outer loop
      vertex 77.963 -43.6176 0
      vertex 78.2258 -44.3918 2.5
      vertex 78.2258 -44.3918 0
    endloop
  endfacet
  facet normal 0 0 -1
    outer loop
      vertex 27.4273 -42.4066 0.8
      vertex 28.8665 -42.1069 0.8
      vertex 28.8483 -42.5474 0.8
    endloop
  endfacet
  facet normal 0 0 -1
    outer loop
      vertex 28.8665 -42.1069 0.8
      vertex 27.4378 -42.1069 0.8
      vertex 28.8581 -41.8137 0.8
    endloop
  endfacet
  facet normal 0 0 -1
    outer loop
      vertex 27.3959 -42.6872 0.8
      vertex 28.8483 -42.5474 0.8
      vertex 28.7935 -42.9602 0.8
    endloop
  endfacet
  facet normal 0 0 -1
    outer loop
      vertex 27.4274 -41.7934 0.8
      vertex 28.8581 -41.8137 0.8
      vertex 27.4378 -42.1069 0.8
    endloop
  endfacet
  facet normal 0 0 -1
    outer loop
      vertex 28.8581 -41.8137 0.8
      vertex 27.4274 -41.7934 0.8
      vertex 28.8328 -41.5307 0.8
    endloop
  endfacet
  facet normal 0 0 -1
    outer loop
      vertex 27.3436 -42.9487 0.8
      vertex 28.7935 -42.9602 0.8
      vertex 28.7022 -43.3453 0.8
    endloop
  endfacet
  facet normal 0 0 -1
    outer loop
      vertex 27.3961 -41.5009 0.8
      vertex 28.8328 -41.5307 0.8
      vertex 27.4274 -41.7934 0.8
    endloop
  endfacet
  facet normal 0 0 -1
    outer loop
      vertex 27.2704 -43.1911 0.8
      vertex 28.7022 -43.3453 0.8
      vertex 28.5743 -43.7026 0.8
    endloop
  endfacet
  facet normal 0 0 -1
    outer loop
      vertex 28.8328 -41.5307 0.8
      vertex 27.3961 -41.5009 0.8
      vertex 28.7907 -41.258 0.8
    endloop
  endfacet
  facet normal -0 0 -1
    outer loop
      vertex 28.7907 -41.258 0.8
      vertex 27.3961 -41.5009 0.8
      vertex 28.7317 -40.9956 0.8
    endloop
  endfacet
  facet normal 0 0 -1
    outer loop
      vertex 27.2704 -43.1911 0.8
      vertex 28.5743 -43.7026 0.8
      vertex 28.41 -44.0323 0.8
    endloop
  endfacet
  facet normal 0 0 -1
    outer loop
      vertex 27.344 -41.2295 0.8
      vertex 28.7317 -40.9956 0.8
      vertex 27.3961 -41.5009 0.8
    endloop
  endfacet
  facet normal 0 0 -1
    outer loop
      vertex 27.1762 -43.4144 0.8
      vertex 28.41 -44.0323 0.8
      vertex 28.2091 -44.3343 0.8
    endloop
  endfacet
  facet normal -0 0 -1
    outer loop
      vertex 28.7317 -40.9956 0.8
      vertex 27.344 -41.2295 0.8
      vertex 28.6558 -40.7434 0.8
    endloop
  endfacet
  facet normal 0 0 -1
    outer loop
      vertex 27.2711 -40.9793 0.8
      vertex 28.6558 -40.7434 0.8
      vertex 27.344 -41.2295 0.8
    endloop
  endfacet
  facet normal 0 0 -1
    outer loop
      vertex 27.0611 -43.6187 0.8
      vertex 28.2091 -44.3343 0.8
      vertex 27.9717 -44.6085 0.8
    endloop
  endfacet
  facet normal -0 0 -1
    outer loop
      vertex 28.6558 -40.7434 0.8
      vertex 27.2711 -40.9793 0.8
      vertex 28.5631 -40.5015 0.8
    endloop
  endfacet
  facet normal 0 0 -1
    outer loop
      vertex 26.9251 -43.8039 0.8
      vertex 27.9717 -44.6085 0.8
      vertex 27.7019 -44.8503 0.8
    endloop
  endfacet
  facet normal -0 0 -1
    outer loop
      vertex 28.5631 -40.5015 0.8
      vertex 27.2711 -40.9793 0.8
      vertex 28.4535 -40.2699 0.8
    endloop
  endfacet
  facet normal 0 0 -1
    outer loop
      vertex 27.1774 -40.7502 0.8
      vertex 28.4535 -40.2699 0.8
      vertex 27.2711 -40.9793 0.8
    endloop
  endfacet
  facet normal -0 0 -1
    outer loop
      vertex 28.4535 -40.2699 0.8
      vertex 27.1774 -40.7502 0.8
      vertex 28.3283 -40.051 0.8
    endloop
  endfacet
  facet normal -0 0 -1
    outer loop
      vertex 28.8665 -42.1069 0.8
      vertex 27.4273 -42.4066 0.8
      vertex 27.4378 -42.1069 0.8
    endloop
  endfacet
  facet normal 0 0 -1
    outer loop
      vertex 26.7702 -43.9669 0.8
      vertex 27.7019 -44.8503 0.8
      vertex 27.4037 -45.0549 0.8
    endloop
  endfacet
  facet normal -0 0 -1
    outer loop
      vertex 28.8483 -42.5474 0.8
      vertex 27.3959 -42.6872 0.8
      vertex 27.4273 -42.4066 0.8
    endloop
  endfacet
  facet normal 0 0 -1
    outer loop
      vertex 28.7935 -42.9602 0.8
      vertex 27.3436 -42.9487 0.8
      vertex 27.3959 -42.6872 0.8
    endloop
  endfacet
  facet normal 0 0 -1
    outer loop
      vertex 28.7022 -43.3453 0.8
      vertex 27.2704 -43.1911 0.8
      vertex 27.3436 -42.9487 0.8
    endloop
  endfacet
  facet normal 0 0 -1
    outer loop
      vertex 28.41 -44.0323 0.8
      vertex 27.1762 -43.4144 0.8
      vertex 27.2704 -43.1911 0.8
    endloop
  endfacet
  facet normal 0 0 -1
    outer loop
      vertex 26.5984 -44.1049 0.8
      vertex 27.4037 -45.0549 0.8
      vertex 27.0771 -45.2223 0.8
    endloop
  endfacet
  facet normal 0 0 -1
    outer loop
      vertex 28.2091 -44.3343 0.8
      vertex 27.0611 -43.6187 0.8
      vertex 27.1762 -43.4144 0.8
    endloop
  endfacet
  facet normal 0 0 -1
    outer loop
      vertex 27.9717 -44.6085 0.8
      vertex 26.9251 -43.8039 0.8
      vertex 27.0611 -43.6187 0.8
    endloop
  endfacet
  facet normal 0 0 -1
    outer loop
      vertex 27.7019 -44.8503 0.8
      vertex 26.7702 -43.9669 0.8
      vertex 26.9251 -43.8039 0.8
    endloop
  endfacet
  facet normal 0 0 -1
    outer loop
      vertex 26.4098 -44.2179 0.8
      vertex 27.0771 -45.2223 0.8
      vertex 26.7221 -45.3525 0.8
    endloop
  endfacet
  facet normal 0 0 -1
    outer loop
      vertex 27.4037 -45.0549 0.8
      vertex 26.5984 -44.1049 0.8
      vertex 26.7702 -43.9669 0.8
    endloop
  endfacet
  facet normal 0 0 -1
    outer loop
      vertex 27.0771 -45.2223 0.8
      vertex 26.4098 -44.2179 0.8
      vertex 26.5984 -44.1049 0.8
    endloop
  endfacet
  facet normal 0 0 -1
    outer loop
      vertex 26.2043 -44.3057 0.8
      vertex 26.7221 -45.3525 0.8
      vertex 26.3387 -45.4455 0.8
    endloop
  endfacet
  facet normal 0 0 -1
    outer loop
      vertex 26.7221 -45.3525 0.8
      vertex 26.2043 -44.3057 0.8
      vertex 26.4098 -44.2179 0.8
    endloop
  endfacet
  facet normal 0 0 -1
    outer loop
      vertex 26.3387 -45.4455 0.8
      vertex 25.982 -44.3684 0.8
      vertex 26.2043 -44.3057 0.8
    endloop
  endfacet
  facet normal 0 0 -1
    outer loop
      vertex 25.9269 -45.5013 0.8
      vertex 25.982 -44.3684 0.8
      vertex 26.3387 -45.4455 0.8
    endloop
  endfacet
  facet normal 0 0 -1
    outer loop
      vertex 25.9269 -45.5013 0.8
      vertex 25.7428 -44.4061 0.8
      vertex 25.982 -44.3684 0.8
    endloop
  endfacet
  facet normal 0 0 -1
    outer loop
      vertex 25.4868 -45.5199 0.8
      vertex 25.7428 -44.4061 0.8
      vertex 25.9269 -45.5013 0.8
    endloop
  endfacet
  facet normal 0 0 -1
    outer loop
      vertex 25.4868 -45.5199 0.8
      vertex 25.4868 -44.4186 0.8
      vertex 25.7428 -44.4061 0.8
    endloop
  endfacet
  facet normal 0 0 -1
    outer loop
      vertex 25.4868 -45.5199 0.8
      vertex 25.227 -44.4061 0.8
      vertex 25.4868 -44.4186 0.8
    endloop
  endfacet
  facet normal 0 0 -1
    outer loop
      vertex 25.0467 -45.5015 0.8
      vertex 25.227 -44.4061 0.8
      vertex 25.4868 -45.5199 0.8
    endloop
  endfacet
  facet normal 0 0 -1
    outer loop
      vertex 25.0467 -45.5015 0.8
      vertex 24.9846 -44.3688 0.8
      vertex 25.227 -44.4061 0.8
    endloop
  endfacet
  facet normal 0 0 -1
    outer loop
      vertex 24.6351 -45.4463 0.8
      vertex 24.9846 -44.3688 0.8
      vertex 25.0467 -45.5015 0.8
    endloop
  endfacet
  facet normal -0 0 -1
    outer loop
      vertex 24.9846 -44.3688 0.8
      vertex 24.6351 -45.4463 0.8
      vertex 24.7596 -44.3066 0.8
    endloop
  endfacet
  facet normal 0 0 -1
    outer loop
      vertex 24.2519 -45.3542 0.8
      vertex 24.7596 -44.3066 0.8
      vertex 24.6351 -45.4463 0.8
    endloop
  endfacet
  facet normal -0 0 -1
    outer loop
      vertex 24.7596 -44.3066 0.8
      vertex 24.2519 -45.3542 0.8
      vertex 24.5521 -44.2194 0.8
    endloop
  endfacet
  facet normal 0 0 -1
    outer loop
      vertex 23.8973 -45.2254 0.8
      vertex 24.5521 -44.2194 0.8
      vertex 24.2519 -45.3542 0.8
    endloop
  endfacet
  facet normal -0 0 -1
    outer loop
      vertex 24.5521 -44.2194 0.8
      vertex 23.8973 -45.2254 0.8
      vertex 24.3621 -44.1074 0.8
    endloop
  endfacet
  facet normal 0 0 -1
    outer loop
      vertex 23.5711 -45.0597 0.8
      vertex 24.3621 -44.1074 0.8
      vertex 23.8973 -45.2254 0.8
    endloop
  endfacet
  facet normal -0 0 -1
    outer loop
      vertex 24.3621 -44.1074 0.8
      vertex 23.5711 -45.0597 0.8
      vertex 24.1894 -43.9704 0.8
    endloop
  endfacet
  facet normal 0 0 -1
    outer loop
      vertex 23.2734 -44.8573 0.8
      vertex 24.1894 -43.9704 0.8
      vertex 23.5711 -45.0597 0.8
    endloop
  endfacet
  facet normal -0 0 -1
    outer loop
      vertex 24.1894 -43.9704 0.8
      vertex 23.2734 -44.8573 0.8
      vertex 24.0342 -43.8086 0.8
    endloop
  endfacet
  facet normal 0 0 -1
    outer loop
      vertex 23.0042 -44.618 0.8
      vertex 24.0342 -43.8086 0.8
      vertex 23.2734 -44.8573 0.8
    endloop
  endfacet
  facet normal -0 0 -1
    outer loop
      vertex 24.0342 -43.8086 0.8
      vertex 23.0042 -44.618 0.8
      vertex 23.8982 -43.6245 0.8
    endloop
  endfacet
  facet normal 0 0 -1
    outer loop
      vertex 22.7674 -44.3458 0.8
      vertex 23.8982 -43.6245 0.8
      vertex 23.0042 -44.618 0.8
    endloop
  endfacet
  facet normal -0 0 -1
    outer loop
      vertex 23.8982 -43.6245 0.8
      vertex 22.7674 -44.3458 0.8
      vertex 23.7831 -43.4208 0.8
    endloop
  endfacet
  facet normal 0 0 -1
    outer loop
      vertex 22.5671 -44.0449 0.8
      vertex 23.7831 -43.4208 0.8
      vertex 22.7674 -44.3458 0.8
    endloop
  endfacet
  facet normal -0 0 -1
    outer loop
      vertex 23.7831 -43.4208 0.8
      vertex 22.5671 -44.0449 0.8
      vertex 23.689 -43.1973 0.8
    endloop
  endfacet
  facet normal 0 0 -1
    outer loop
      vertex 22.4032 -43.715 0.8
      vertex 23.689 -43.1973 0.8
      vertex 22.5671 -44.0449 0.8
    endloop
  endfacet
  facet normal 0 0 -1
    outer loop
      vertex 22.2757 -43.3563 0.8
      vertex 23.689 -43.1973 0.8
      vertex 22.4032 -43.715 0.8
    endloop
  endfacet
  facet normal 0 -0 -1
    outer loop
      vertex 22.13 -41.6598 0.8
      vertex 23.5216 -42.1069 0.8
      vertex 22.1117 -42.1069 0.8
    endloop
  endfacet
  facet normal -0 0 -1
    outer loop
      vertex 23.689 -43.1973 0.8
      vertex 22.2757 -43.3563 0.8
      vertex 23.6158 -42.9542 0.8
    endloop
  endfacet
  facet normal 0 -0 -1
    outer loop
      vertex 22.1848 -41.2406 0.8
      vertex 23.5216 -42.1069 0.8
      vertex 22.13 -41.6598 0.8
    endloop
  endfacet
  facet normal 0 0 -1
    outer loop
      vertex 22.1846 -42.9687 0.8
      vertex 23.6158 -42.9542 0.8
      vertex 22.2757 -43.3563 0.8
    endloop
  endfacet
  facet normal 0 -0 -1
    outer loop
      vertex 22.2761 -40.8495 0.8
      vertex 23.5216 -42.1069 0.8
      vertex 22.1848 -41.2406 0.8
    endloop
  endfacet
  facet normal -0 0 -1
    outer loop
      vertex 23.6158 -42.9542 0.8
      vertex 22.1846 -42.9687 0.8
      vertex 23.5635 -42.6915 0.8
    endloop
  endfacet
  facet normal 0 -0 -1
    outer loop
      vertex 22.4039 -40.4864 0.8
      vertex 23.5216 -42.1069 0.8
      vertex 22.2761 -40.8495 0.8
    endloop
  endfacet
  facet normal 0 0 -1
    outer loop
      vertex 22.13 -42.5522 0.8
      vertex 23.5635 -42.6915 0.8
      vertex 22.1846 -42.9687 0.8
    endloop
  endfacet
  facet normal 0 0 -1
    outer loop
      vertex 23.5216 -42.1069 0.8
      vertex 22.7691 -39.8441 0.8
      vertex 23.0065 -39.565 0.8
    endloop
  endfacet
  facet normal 0 0 -1
    outer loop
      vertex 23.5635 -42.6915 0.8
      vertex 22.13 -42.5522 0.8
      vertex 23.5321 -42.409 0.8
    endloop
  endfacet
  facet normal 0 0 -1
    outer loop
      vertex 23.5216 -42.1069 0.8
      vertex 22.4039 -40.4864 0.8
      vertex 22.5683 -40.1512 0.8
    endloop
  endfacet
  facet normal 0 0 -1
    outer loop
      vertex 22.1117 -42.1069 0.8
      vertex 23.5321 -42.409 0.8
      vertex 22.13 -42.5522 0.8
    endloop
  endfacet
  facet normal 0 0 -1
    outer loop
      vertex 23.5216 -42.1069 0.8
      vertex 22.5683 -40.1512 0.8
      vertex 22.7691 -39.8441 0.8
    endloop
  endfacet
  facet normal 0 0 -1
    outer loop
      vertex 23.5321 -42.409 0.8
      vertex 22.1117 -42.1069 0.8
      vertex 23.5216 -42.1069 0.8
    endloop
  endfacet
  facet normal 0 0 -1
    outer loop
      vertex 23.5216 -42.1069 0.8
      vertex 23.0065 -39.565 0.8
      vertex 23.2761 -39.3188 0.8
    endloop
  endfacet
  facet normal -0 0 -1
    outer loop
      vertex 28.3283 -40.051 0.8
      vertex 27.1774 -40.7502 0.8
      vertex 28.1885 -39.8473 0.8
    endloop
  endfacet
  facet normal 0 0 -1
    outer loop
      vertex 27.0629 -40.5422 0.8
      vertex 28.1885 -39.8473 0.8
      vertex 27.1774 -40.7502 0.8
    endloop
  endfacet
  facet normal -0 0 -1
    outer loop
      vertex 28.1885 -39.8473 0.8
      vertex 27.0629 -40.5422 0.8
      vertex 28.0342 -39.6588 0.8
    endloop
  endfacet
  facet normal 0 0 -1
    outer loop
      vertex 26.9275 -40.3553 0.8
      vertex 28.0342 -39.6588 0.8
      vertex 27.0629 -40.5422 0.8
    endloop
  endfacet
  facet normal -0 0 -1
    outer loop
      vertex 28.0342 -39.6588 0.8
      vertex 26.9275 -40.3553 0.8
      vertex 27.8653 -39.4856 0.8
    endloop
  endfacet
  facet normal -0 0 -1
    outer loop
      vertex 27.8653 -39.4856 0.8
      vertex 26.9275 -40.3553 0.8
      vertex 27.6819 -39.3275 0.8
    endloop
  endfacet
  facet normal 0 0 -1
    outer loop
      vertex 26.7729 -40.1916 0.8
      vertex 27.6819 -39.3275 0.8
      vertex 26.9275 -40.3553 0.8
    endloop
  endfacet
  facet normal -0 0 -1
    outer loop
      vertex 27.6819 -39.3275 0.8
      vertex 26.7729 -40.1916 0.8
      vertex 27.484 -39.1847 0.8
    endloop
  endfacet
  facet normal 0 0 -1
    outer loop
      vertex 26.6008 -40.0531 0.8
      vertex 27.484 -39.1847 0.8
      vertex 26.7729 -40.1916 0.8
    endloop
  endfacet
  facet normal -0 0 -1
    outer loop
      vertex 27.484 -39.1847 0.8
      vertex 26.6008 -40.0531 0.8
      vertex 27.2716 -39.057 0.8
    endloop
  endfacet
  facet normal -0 0 -1
    outer loop
      vertex 27.2716 -39.057 0.8
      vertex 26.6008 -40.0531 0.8
      vertex 27.0466 -38.9456 0.8
    endloop
  endfacet
  facet normal 0 0 -1
    outer loop
      vertex 26.4111 -39.9397 0.8
      vertex 27.0466 -38.9456 0.8
      vertex 26.6008 -40.0531 0.8
    endloop
  endfacet
  facet normal -0 0 -1
    outer loop
      vertex 27.0466 -38.9456 0.8
      vertex 26.4111 -39.9397 0.8
      vertex 26.8112 -38.8513 0.8
    endloop
  endfacet
  facet normal 0 0 -1
    outer loop
      vertex 26.204 -39.8515 0.8
      vertex 26.8112 -38.8513 0.8
      vertex 26.4111 -39.9397 0.8
    endloop
  endfacet
  facet normal -0 0 -1
    outer loop
      vertex 26.8112 -38.8513 0.8
      vertex 26.204 -39.8515 0.8
      vertex 26.5654 -38.7741 0.8
    endloop
  endfacet
  facet normal -0 0 -1
    outer loop
      vertex 26.5654 -38.7741 0.8
      vertex 26.204 -39.8515 0.8
      vertex 26.3091 -38.7141 0.8
    endloop
  endfacet
  facet normal 0 0 -1
    outer loop
      vertex 25.9793 -39.7886 0.8
      vertex 26.3091 -38.7141 0.8
      vertex 26.204 -39.8515 0.8
    endloop
  endfacet
  facet normal -0 0 -1
    outer loop
      vertex 26.3091 -38.7141 0.8
      vertex 25.9793 -39.7886 0.8
      vertex 26.0423 -38.6712 0.8
    endloop
  endfacet
  facet normal 0 0 -1
    outer loop
      vertex 25.737 -39.7508 0.8
      vertex 26.0423 -38.6712 0.8
      vertex 25.9793 -39.7886 0.8
    endloop
  endfacet
  facet normal -0 0 -1
    outer loop
      vertex 26.0423 -38.6712 0.8
      vertex 25.737 -39.7508 0.8
      vertex 25.765 -38.6455 0.8
    endloop
  endfacet
  facet normal 0 0 -1
    outer loop
      vertex 25.4773 -39.7382 0.8
      vertex 25.765 -38.6455 0.8
      vertex 25.737 -39.7508 0.8
    endloop
  endfacet
  facet normal 0 0 -1
    outer loop
      vertex 25.4773 -39.7382 0.8
      vertex 25.4773 -38.637 0.8
      vertex 25.765 -38.6455 0.8
    endloop
  endfacet
  facet normal 0 0 -1
    outer loop
      vertex 25.226 -39.7511 0.8
      vertex 25.4773 -38.637 0.8
      vertex 25.4773 -39.7382 0.8
    endloop
  endfacet
  facet normal 0 0 -1
    outer loop
      vertex 25.226 -39.7511 0.8
      vertex 25.0409 -38.6559 0.8
      vertex 25.4773 -38.637 0.8
    endloop
  endfacet
  facet normal 0 0 -1
    outer loop
      vertex 24.9904 -39.7899 0.8
      vertex 25.0409 -38.6559 0.8
      vertex 25.226 -39.7511 0.8
    endloop
  endfacet
  facet normal 0 0 -1
    outer loop
      vertex 24.6324 -38.7127 0.8
      vertex 24.9904 -39.7899 0.8
      vertex 24.7703 -39.8546 0.8
    endloop
  endfacet
  facet normal 0 0 -1
    outer loop
      vertex 24.9904 -39.7899 0.8
      vertex 24.6324 -38.7127 0.8
      vertex 25.0409 -38.6559 0.8
    endloop
  endfacet
  facet normal 0 0 -1
    outer loop
      vertex 24.2516 -38.8074 0.8
      vertex 24.7703 -39.8546 0.8
      vertex 24.5659 -39.9451 0.8
    endloop
  endfacet
  facet normal 0 0 -1
    outer loop
      vertex 23.8986 -38.94 0.8
      vertex 24.5659 -39.9451 0.8
      vertex 24.377 -40.0615 0.8
    endloop
  endfacet
  facet normal 0 0 -1
    outer loop
      vertex 24.7703 -39.8546 0.8
      vertex 24.2516 -38.8074 0.8
      vertex 24.6324 -38.7127 0.8
    endloop
  endfacet
  facet normal 0 0 -1
    outer loop
      vertex 23.5735 -39.1104 0.8
      vertex 24.377 -40.0615 0.8
      vertex 24.2038 -40.2038 0.8
    endloop
  endfacet
  facet normal 0 0 -1
    outer loop
      vertex 23.2761 -39.3188 0.8
      vertex 24.2038 -40.2038 0.8
      vertex 24.0461 -40.3719 0.8
    endloop
  endfacet
  facet normal 0 0 -1
    outer loop
      vertex 23.2761 -39.3188 0.8
      vertex 24.0461 -40.3719 0.8
      vertex 23.907 -40.5625 0.8
    endloop
  endfacet
  facet normal 0 0 -1
    outer loop
      vertex 24.5659 -39.9451 0.8
      vertex 23.8986 -38.94 0.8
      vertex 24.2516 -38.8074 0.8
    endloop
  endfacet
  facet normal 0 0 -1
    outer loop
      vertex 23.2761 -39.3188 0.8
      vertex 23.907 -40.5625 0.8
      vertex 23.7892 -40.7722 0.8
    endloop
  endfacet
  facet normal 0 0 -1
    outer loop
      vertex 23.2761 -39.3188 0.8
      vertex 23.7892 -40.7722 0.8
      vertex 23.6929 -41.001 0.8
    endloop
  endfacet
  facet normal 0 0 -1
    outer loop
      vertex 23.2761 -39.3188 0.8
      vertex 23.6929 -41.001 0.8
      vertex 23.618 -41.2488 0.8
    endloop
  endfacet
  facet normal 0 0 -1
    outer loop
      vertex 24.377 -40.0615 0.8
      vertex 23.5735 -39.1104 0.8
      vertex 23.8986 -38.94 0.8
    endloop
  endfacet
  facet normal 0 0 -1
    outer loop
      vertex 23.2761 -39.3188 0.8
      vertex 23.618 -41.2488 0.8
      vertex 23.5644 -41.5158 0.8
    endloop
  endfacet
  facet normal 0 0 -1
    outer loop
      vertex 23.2761 -39.3188 0.8
      vertex 23.5644 -41.5158 0.8
      vertex 23.5323 -41.8018 0.8
    endloop
  endfacet
  facet normal 0 0 -1
    outer loop
      vertex 23.2761 -39.3188 0.8
      vertex 23.5323 -41.8018 0.8
      vertex 23.5216 -42.1069 0.8
    endloop
  endfacet
  facet normal 0 0 -1
    outer loop
      vertex 24.2038 -40.2038 0.8
      vertex 23.2761 -39.3188 0.8
      vertex 23.5735 -39.1104 0.8
    endloop
  endfacet
  facet normal 0 0 -1
    outer loop
      vertex 8.6503 -45.4202 0.8
      vertex 10.0506 -42.387 0.8
      vertex 10.0506 -45.4202 0.8
    endloop
  endfacet
  facet normal 0 0 -1
    outer loop
      vertex 8.6503 -38.7319 0.8
      vertex 10.0506 -42.387 0.8
      vertex 8.6503 -45.4202 0.8
    endloop
  endfacet
  facet normal 0 0 -1
    outer loop
      vertex 10.0506 -42.387 0.8
      vertex 8.6503 -38.7319 0.8
      vertex 10.0506 -41.1718 0.8
    endloop
  endfacet
  facet normal 0 0 -1
    outer loop
      vertex 10.0506 -41.1718 0.8
      vertex 8.6503 -38.7319 0.8
      vertex 10.0506 -38.7319 0.8
    endloop
  endfacet
  facet normal 0 0 -1
    outer loop
      vertex 13.0649 -45.4202 0.8
      vertex 11.8402 -42.5911 0.8
      vertex 14.6978 -45.4202 0.8
    endloop
  endfacet
  facet normal 0 0 -1
    outer loop
      vertex 10.0506 -42.387 0.8
      vertex 11.8402 -42.5911 0.8
      vertex 13.0649 -45.4202 0.8
    endloop
  endfacet
  facet normal 0 0 -1
    outer loop
      vertex 11.8402 -42.5911 0.8
      vertex 10.0506 -42.387 0.8
      vertex 10.8766 -41.8031 0.8
    endloop
  endfacet
  facet normal -0 0 -1
    outer loop
      vertex 10.8766 -41.8031 0.8
      vertex 10.0506 -42.387 0.8
      vertex 10.0506 -41.1718 0.8
    endloop
  endfacet
  facet normal 0 0 -1
    outer loop
      vertex 11.8402 -42.5911 0.8
      vertex 13.2785 -38.7319 0.8
      vertex 14.9304 -38.7319 0.8
    endloop
  endfacet
  facet normal 0 0 -1
    outer loop
      vertex 13.2785 -38.7319 0.8
      vertex 11.8402 -42.5911 0.8
      vertex 10.8766 -41.8031 0.8
    endloop
  endfacet
  facet normal 0 0 -1
    outer loop
      vertex 21.3322 -43.6927 0.8
      vertex 19.9104 -43.6252 0.8
      vertex 19.9356 -43.3696 0.8
    endloop
  endfacet
  facet normal 0 0 -1
    outer loop
      vertex 20.279 -45.1574 0.8
      vertex 19.8349 -43.8416 0.8
      vertex 19.9104 -43.6252 0.8
    endloop
  endfacet
  facet normal 0 0 -1
    outer loop
      vertex 19.5326 -44.1562 0.8
      vertex 20.0375 -45.252 0.8
      vertex 19.7737 -45.3256 0.8
    endloop
  endfacet
  facet normal 0 0 -1
    outer loop
      vertex 20.279 -45.1574 0.8
      vertex 19.709 -44.0185 0.8
      vertex 19.8349 -43.8416 0.8
    endloop
  endfacet
  facet normal 0 0 -1
    outer loop
      vertex 20.279 -45.1574 0.8
      vertex 19.5326 -44.1562 0.8
      vertex 19.709 -44.0185 0.8
    endloop
  endfacet
  facet normal 0 0 -1
    outer loop
      vertex 19.306 -44.2545 0.8
      vertex 19.7737 -45.3256 0.8
      vertex 19.4876 -45.3782 0.8
    endloop
  endfacet
  facet normal 0 0 -1
    outer loop
      vertex 19.7737 -45.3256 0.8
      vertex 19.306 -44.2545 0.8
      vertex 19.5326 -44.1562 0.8
    endloop
  endfacet
  facet normal 0 0 -1
    outer loop
      vertex 19.0289 -44.3135 0.8
      vertex 19.4876 -45.3782 0.8
      vertex 19.1792 -45.4097 0.8
    endloop
  endfacet
  facet normal 0 0 -1
    outer loop
      vertex 19.4876 -45.3782 0.8
      vertex 19.0289 -44.3135 0.8
      vertex 19.306 -44.2545 0.8
    endloop
  endfacet
  facet normal 0 0 -1
    outer loop
      vertex 18.8486 -45.4202 0.8
      vertex 19.0289 -44.3135 0.8
      vertex 19.1792 -45.4097 0.8
    endloop
  endfacet
  facet normal 0 0 -1
    outer loop
      vertex 18.8486 -45.4202 0.8
      vertex 18.7015 -44.3332 0.8
      vertex 19.0289 -44.3135 0.8
    endloop
  endfacet
  facet normal 0 0 -1
    outer loop
      vertex 18.8486 -45.4202 0.8
      vertex 16.9072 -44.3332 0.8
      vertex 18.7015 -44.3332 0.8
    endloop
  endfacet
  facet normal 0 0 -1
    outer loop
      vertex 15.5068 -45.4202 0.8
      vertex 16.9072 -42.3585 0.8
      vertex 16.9072 -44.3332 0.8
    endloop
  endfacet
  facet normal 0 0 -1
    outer loop
      vertex 15.5068 -38.7319 0.8
      vertex 16.9072 -42.3585 0.8
      vertex 15.5068 -45.4202 0.8
    endloop
  endfacet
  facet normal 0 0 -1
    outer loop
      vertex 15.5068 -45.4202 0.8
      vertex 16.9072 -44.3332 0.8
      vertex 18.8486 -45.4202 0.8
    endloop
  endfacet
  facet normal 0 0 -1
    outer loop
      vertex 16.9072 -42.3585 0.8
      vertex 15.5068 -38.7319 0.8
      vertex 16.9072 -41.2715 0.8
    endloop
  endfacet
  facet normal 0 0 -1
    outer loop
      vertex 16.9072 -41.2715 0.8
      vertex 15.5068 -38.7319 0.8
      vertex 16.9072 -38.7319 0.8
    endloop
  endfacet
  facet normal 0 0 -1
    outer loop
      vertex 19.9356 -43.3696 0.8
      vertex 21.3455 -43.4266 0.8
      vertex 21.3322 -43.6927 0.8
    endloop
  endfacet
  facet normal 0 0 -1
    outer loop
      vertex 21.3455 -43.4266 0.8
      vertex 19.9356 -43.3696 0.8
      vertex 21.3374 -43.2297 0.8
    endloop
  endfacet
  facet normal 0 0 -1
    outer loop
      vertex 19.9104 -43.6252 0.8
      vertex 21.3322 -43.6927 0.8
      vertex 21.2924 -43.9406 0.8
    endloop
  endfacet
  facet normal 0 0 -1
    outer loop
      vertex 19.9294 -43.237 0.8
      vertex 21.3374 -43.2297 0.8
      vertex 19.9356 -43.3696 0.8
    endloop
  endfacet
  facet normal 0 0 -1
    outer loop
      vertex 19.9104 -43.6252 0.8
      vertex 21.2924 -43.9406 0.8
      vertex 21.226 -44.1701 0.8
    endloop
  endfacet
  facet normal -0 0 -1
    outer loop
      vertex 21.3374 -43.2297 0.8
      vertex 19.9294 -43.237 0.8
      vertex 21.313 -43.0408 0.8
    endloop
  endfacet
  facet normal -0 0 -1
    outer loop
      vertex 21.313 -43.0408 0.8
      vertex 19.9294 -43.237 0.8
      vertex 21.2723 -42.8596 0.8
    endloop
  endfacet
  facet normal 0 0 -1
    outer loop
      vertex 19.9104 -43.6252 0.8
      vertex 21.226 -44.1701 0.8
      vertex 21.1331 -44.3813 0.8
    endloop
  endfacet
  facet normal 0 0 -1
    outer loop
      vertex 19.9108 -43.1131 0.8
      vertex 21.2723 -42.8596 0.8
      vertex 19.9294 -43.237 0.8
    endloop
  endfacet
  facet normal 0 0 -1
    outer loop
      vertex 19.9104 -43.6252 0.8
      vertex 21.1331 -44.3813 0.8
      vertex 21.0137 -44.5743 0.8
    endloop
  endfacet
  facet normal -0 0 -1
    outer loop
      vertex 21.2723 -42.8596 0.8
      vertex 19.9108 -43.1131 0.8
      vertex 21.2153 -42.6864 0.8
    endloop
  endfacet
  facet normal 0 0 -1
    outer loop
      vertex 19.9104 -43.6252 0.8
      vertex 21.0137 -44.5743 0.8
      vertex 20.8677 -44.7489 0.8
    endloop
  endfacet
  facet normal -0 0 -1
    outer loop
      vertex 21.2153 -42.6864 0.8
      vertex 19.9108 -43.1131 0.8
      vertex 21.142 -42.521 0.8
    endloop
  endfacet
  facet normal 0 0 -1
    outer loop
      vertex 19.8798 -42.9979 0.8
      vertex 21.142 -42.521 0.8
      vertex 19.9108 -43.1131 0.8
    endloop
  endfacet
  facet normal 0 0 -1
    outer loop
      vertex 19.9104 -43.6252 0.8
      vertex 20.8677 -44.7489 0.8
      vertex 20.6951 -44.9052 0.8
    endloop
  endfacet
  facet normal -0 0 -1
    outer loop
      vertex 21.142 -42.521 0.8
      vertex 19.8798 -42.9979 0.8
      vertex 21.0525 -42.3634 0.8
    endloop
  endfacet
  facet normal 0 0 -1
    outer loop
      vertex 19.9104 -43.6252 0.8
      vertex 20.6951 -44.9052 0.8
      vertex 20.4982 -45.0418 0.8
    endloop
  endfacet
  facet normal 0 0 -1
    outer loop
      vertex 19.8364 -42.8914 0.8
      vertex 21.0525 -42.3634 0.8
      vertex 19.8798 -42.9979 0.8
    endloop
  endfacet
  facet normal 0 0 -1
    outer loop
      vertex 19.9104 -43.6252 0.8
      vertex 20.4982 -45.0418 0.8
      vertex 20.279 -45.1574 0.8
    endloop
  endfacet
  facet normal -0 0 -1
    outer loop
      vertex 21.0525 -42.3634 0.8
      vertex 19.8364 -42.8914 0.8
      vertex 20.9467 -42.2137 0.8
    endloop
  endfacet
  facet normal -0 0 -1
    outer loop
      vertex 20.9467 -42.2137 0.8
      vertex 19.8364 -42.8914 0.8
      vertex 20.8271 -42.075 0.8
    endloop
  endfacet
  facet normal 0 0 -1
    outer loop
      vertex 19.5326 -44.1562 0.8
      vertex 20.279 -45.1574 0.8
      vertex 20.0375 -45.252 0.8
    endloop
  endfacet
  facet normal 0 0 -1
    outer loop
      vertex 19.7806 -42.7936 0.8
      vertex 20.8271 -42.075 0.8
      vertex 19.8364 -42.8914 0.8
    endloop
  endfacet
  facet normal -0 0 -1
    outer loop
      vertex 20.8271 -42.075 0.8
      vertex 19.7806 -42.7936 0.8
      vertex 20.696 -41.9506 0.8
    endloop
  endfacet
  facet normal -0 0 -1
    outer loop
      vertex 20.696 -41.9506 0.8
      vertex 19.7806 -42.7936 0.8
      vertex 20.5535 -41.8404 0.8
    endloop
  endfacet
  facet normal 0 0 -1
    outer loop
      vertex 19.7124 -42.7046 0.8
      vertex 20.5535 -41.8404 0.8
      vertex 19.7806 -42.7936 0.8
    endloop
  endfacet
  facet normal -0 0 -1
    outer loop
      vertex 20.5535 -41.8404 0.8
      vertex 19.7124 -42.7046 0.8
      vertex 20.3996 -41.7445 0.8
    endloop
  endfacet
  facet normal 0 0 -1
    outer loop
      vertex 19.6318 -42.6243 0.8
      vertex 20.3996 -41.7445 0.8
      vertex 19.7124 -42.7046 0.8
    endloop
  endfacet
  facet normal 0 0 -1
    outer loop
      vertex 19.8692 -41.542 0.8
      vertex 20.1018 -38.7319 0.8
      vertex 21.6778 -38.7319 0.8
    endloop
  endfacet
  facet normal -0 0 -1
    outer loop
      vertex 20.3996 -41.7445 0.8
      vertex 19.6318 -42.6243 0.8
      vertex 20.2342 -41.6628 0.8
    endloop
  endfacet
  facet normal -0 0 -1
    outer loop
      vertex 20.2342 -41.6628 0.8
      vertex 19.6318 -42.6243 0.8
      vertex 20.0574 -41.5953 0.8
    endloop
  endfacet
  facet normal 0 0 -1
    outer loop
      vertex 19.5392 -42.5538 0.8
      vertex 20.0574 -41.5953 0.8
      vertex 19.6318 -42.6243 0.8
    endloop
  endfacet
  facet normal -0 0 -1
    outer loop
      vertex 20.0574 -41.5953 0.8
      vertex 19.5392 -42.5538 0.8
      vertex 19.8692 -41.542 0.8
    endloop
  endfacet
  facet normal 0 0 -1
    outer loop
      vertex 19.435 -42.4941 0.8
      vertex 19.8692 -41.542 0.8
      vertex 19.5392 -42.5538 0.8
    endloop
  endfacet
  facet normal 0 0 -1
    outer loop
      vertex 19.3191 -42.4453 0.8
      vertex 19.8692 -41.542 0.8
      vertex 19.435 -42.4941 0.8
    endloop
  endfacet
  facet normal 0 0 -1
    outer loop
      vertex 19.1917 -42.4073 0.8
      vertex 19.8692 -41.542 0.8
      vertex 19.3191 -42.4453 0.8
    endloop
  endfacet
  facet normal 0 0 -1
    outer loop
      vertex 19.0526 -42.3802 0.8
      vertex 19.8692 -41.542 0.8
      vertex 19.1917 -42.4073 0.8
    endloop
  endfacet
  facet normal -0 0 -1
    outer loop
      vertex 19.8692 -41.542 0.8
      vertex 19.0526 -42.3802 0.8
      vertex 18.5496 -41.2715 0.8
    endloop
  endfacet
  facet normal 0 0 -1
    outer loop
      vertex 18.5496 -41.2715 0.8
      vertex 19.0526 -42.3802 0.8
      vertex 18.9018 -42.3639 0.8
    endloop
  endfacet
  facet normal 0 0 -1
    outer loop
      vertex 18.5496 -41.2715 0.8
      vertex 18.9018 -42.3639 0.8
      vertex 18.7395 -42.3585 0.8
    endloop
  endfacet
  facet normal 0 0 -1
    outer loop
      vertex 19.8692 -41.542 0.8
      vertex 18.5496 -41.2715 0.8
      vertex 20.1018 -38.7319 0.8
    endloop
  endfacet
  facet normal 0 0 -1
    outer loop
      vertex 16.9072 -42.3585 0.8
      vertex 18.5496 -41.2715 0.8
      vertex 18.7395 -42.3585 0.8
    endloop
  endfacet
  facet normal -0 0 -1
    outer loop
      vertex 18.5496 -41.2715 0.8
      vertex 16.9072 -42.3585 0.8
      vertex 16.9072 -41.2715 0.8
    endloop
  endfacet
  facet normal 0 0 -1
    outer loop
      vertex 34.2199 -41.5325 0.8
      vertex 35.4636 -38.7319 0.8
      vertex 35.4636 -45.4202 0.8
    endloop
  endfacet
  facet normal 0 0 -1
    outer loop
      vertex 35.4636 -38.7319 0.8
      vertex 34.2827 -40.4293 0.8
      vertex 34.3053 -40.2272 0.8
    endloop
  endfacet
  facet normal 0 0 -1
    outer loop
      vertex 35.4636 -38.7319 0.8
      vertex 34.2635 -40.6263 0.8
      vertex 34.2827 -40.4293 0.8
    endloop
  endfacet
  facet normal 0 0 -1
    outer loop
      vertex 35.4636 -38.7319 0.8
      vertex 34.2478 -40.818 0.8
      vertex 34.2635 -40.6263 0.8
    endloop
  endfacet
  facet normal 0 0 -1
    outer loop
      vertex 35.4636 -38.7319 0.8
      vertex 34.2356 -41.0045 0.8
      vertex 34.2478 -40.818 0.8
    endloop
  endfacet
  facet normal 0 0 -1
    outer loop
      vertex 35.4636 -38.7319 0.8
      vertex 34.2269 -41.1857 0.8
      vertex 34.2356 -41.0045 0.8
    endloop
  endfacet
  facet normal 0 0 -1
    outer loop
      vertex 35.4636 -38.7319 0.8
      vertex 34.2217 -41.3617 0.8
      vertex 34.2269 -41.1857 0.8
    endloop
  endfacet
  facet normal 0 0 -1
    outer loop
      vertex 34.2199 -41.5325 0.8
      vertex 35.4636 -45.4202 0.8
      vertex 34.2199 -45.4202 0.8
    endloop
  endfacet
  facet normal 0 0 -1
    outer loop
      vertex 35.4636 -38.7319 0.8
      vertex 34.2199 -41.5325 0.8
      vertex 34.2217 -41.3617 0.8
    endloop
  endfacet
  facet normal 0 0 -1
    outer loop
      vertex 34.3053 -40.2272 0.8
      vertex 33.8211 -38.7319 0.8
      vertex 35.4636 -38.7319 0.8
    endloop
  endfacet
  facet normal 0 0 -1
    outer loop
      vertex 30.9066 -43.8823 0.8
      vertex 34.3053 -40.2272 0.8
      vertex 31.348 -45.4202 0.8
    endloop
  endfacet
  facet normal -0 0 -1
    outer loop
      vertex 34.3053 -40.2272 0.8
      vertex 30.9066 -43.8823 0.8
      vertex 33.8211 -38.7319 0.8
    endloop
  endfacet
  facet normal 0 -0 -1
    outer loop
      vertex 30.9066 -43.8823 0.8
      vertex 31.348 -45.4202 0.8
      vertex 29.7483 -45.4202 0.8
    endloop
  endfacet
  facet normal 0 0 -1
    outer loop
      vertex 29.7483 -45.4202 0.8
      vertex 30.992 -42.6765 0.8
      vertex 30.9903 -42.8127 0.8
    endloop
  endfacet
  facet normal 0 0 -1
    outer loop
      vertex 29.7483 -45.4202 0.8
      vertex 30.9903 -42.8127 0.8
      vertex 30.985 -42.9609 0.8
    endloop
  endfacet
  facet normal 0 0 -1
    outer loop
      vertex 29.7483 -45.4202 0.8
      vertex 30.985 -42.9609 0.8
      vertex 30.9763 -43.1212 0.8
    endloop
  endfacet
  facet normal 0 0 -1
    outer loop
      vertex 29.7483 -45.4202 0.8
      vertex 30.9763 -43.1212 0.8
      vertex 30.9641 -43.2934 0.8
    endloop
  endfacet
  facet normal 0 0 -1
    outer loop
      vertex 29.7483 -45.4202 0.8
      vertex 30.9641 -43.2934 0.8
      vertex 30.9484 -43.4777 0.8
    endloop
  endfacet
  facet normal 0 0 -1
    outer loop
      vertex 29.7483 -45.4202 0.8
      vertex 30.9484 -43.4777 0.8
      vertex 30.9293 -43.674 0.8
    endloop
  endfacet
  facet normal 0 0 -1
    outer loop
      vertex 29.7483 -45.4202 0.8
      vertex 30.9293 -43.674 0.8
      vertex 30.9066 -43.8823 0.8
    endloop
  endfacet
  facet normal -0 0 -1
    outer loop
      vertex 30.992 -42.6765 0.8
      vertex 29.7483 -45.4202 0.8
      vertex 29.7483 -38.7319 0.8
    endloop
  endfacet
  facet normal 0 0 -1
    outer loop
      vertex 30.992 -42.6765 0.8
      vertex 29.7483 -38.7319 0.8
      vertex 30.992 -38.7319 0.8
    endloop
  endfacet
  facet normal 0 0 -1
    outer loop
      vertex 36.6048 -45.4202 0.8
      vertex 38.0052 -42.387 0.8
      vertex 38.0052 -45.4202 0.8
    endloop
  endfacet
  facet normal 0 0 -1
    outer loop
      vertex 36.6048 -38.7319 0.8
      vertex 38.0052 -42.387 0.8
      vertex 36.6048 -45.4202 0.8
    endloop
  endfacet
  facet normal 0 0 -1
    outer loop
      vertex 38.0052 -42.387 0.8
      vertex 36.6048 -38.7319 0.8
      vertex 38.0052 -41.1718 0.8
    endloop
  endfacet
  facet normal 0 0 -1
    outer loop
      vertex 38.0052 -41.1718 0.8
      vertex 36.6048 -38.7319 0.8
      vertex 38.0052 -38.7319 0.8
    endloop
  endfacet
  facet normal 0 0 -1
    outer loop
      vertex 41.0195 -45.4202 0.8
      vertex 39.7947 -42.5911 0.8
      vertex 42.6523 -45.4202 0.8
    endloop
  endfacet
  facet normal 0 0 -1
    outer loop
      vertex 38.0052 -42.387 0.8
      vertex 39.7947 -42.5911 0.8
      vertex 41.0195 -45.4202 0.8
    endloop
  endfacet
  facet normal 0 0 -1
    outer loop
      vertex 39.7947 -42.5911 0.8
      vertex 38.0052 -42.387 0.8
      vertex 38.8311 -41.8031 0.8
    endloop
  endfacet
  facet normal -0 0 -1
    outer loop
      vertex 38.8311 -41.8031 0.8
      vertex 38.0052 -42.387 0.8
      vertex 38.0052 -41.1718 0.8
    endloop
  endfacet
  facet normal 0 0 -1
    outer loop
      vertex 39.7947 -42.5911 0.8
      vertex 41.2331 -38.7319 0.8
      vertex 42.8849 -38.7319 0.8
    endloop
  endfacet
  facet normal 0 0 -1
    outer loop
      vertex 41.2331 -38.7319 0.8
      vertex 39.7947 -42.5911 0.8
      vertex 38.8311 -41.8031 0.8
    endloop
  endfacet
  facet normal -0.0922839 -0.995733 0
    outer loop
      vertex 25.765 -38.6455 0
      vertex 26.0423 -38.6712 0.8
      vertex 25.765 -38.6455 0.8
    endloop
  endfacet
  facet normal -0.0922839 -0.995733 -0
    outer loop
      vertex 26.0423 -38.6712 0.8
      vertex 25.765 -38.6455 0
      vertex 26.0423 -38.6712 0
    endloop
  endfacet
  facet normal -0.158755 -0.987318 0
    outer loop
      vertex 26.0423 -38.6712 0
      vertex 26.3091 -38.7141 0.8
      vertex 26.0423 -38.6712 0.8
    endloop
  endfacet
  facet normal -0.158755 -0.987318 -0
    outer loop
      vertex 26.3091 -38.7141 0.8
      vertex 26.0423 -38.6712 0
      vertex 26.3091 -38.7141 0
    endloop
  endfacet
  facet normal -0.227938 -0.973676 0
    outer loop
      vertex 26.3091 -38.7141 0
      vertex 26.5654 -38.7741 0.8
      vertex 26.3091 -38.7141 0.8
    endloop
  endfacet
  facet normal -0.227938 -0.973676 -0
    outer loop
      vertex 26.5654 -38.7741 0.8
      vertex 26.3091 -38.7141 0
      vertex 26.5654 -38.7741 0
    endloop
  endfacet
  facet normal -0.299645 -0.954051 0
    outer loop
      vertex 26.5654 -38.7741 0
      vertex 26.8112 -38.8513 0.8
      vertex 26.5654 -38.7741 0.8
    endloop
  endfacet
  facet normal -0.299645 -0.954051 -0
    outer loop
      vertex 26.8112 -38.8513 0.8
      vertex 26.5654 -38.7741 0
      vertex 26.8112 -38.8513 0
    endloop
  endfacet
  facet normal -0.371867 -0.928286 0
    outer loop
      vertex 26.8112 -38.8513 0
      vertex 27.0466 -38.9456 0.8
      vertex 26.8112 -38.8513 0.8
    endloop
  endfacet
  facet normal -0.371867 -0.928286 -0
    outer loop
      vertex 27.0466 -38.9456 0.8
      vertex 26.8112 -38.8513 0
      vertex 27.0466 -38.9456 0
    endloop
  endfacet
  facet normal -0.443705 -0.896173 0
    outer loop
      vertex 27.0466 -38.9456 0
      vertex 27.2716 -39.057 0.8
      vertex 27.0466 -38.9456 0.8
    endloop
  endfacet
  facet normal -0.443705 -0.896173 -0
    outer loop
      vertex 27.2716 -39.057 0.8
      vertex 27.0466 -38.9456 0
      vertex 27.2716 -39.057 0
    endloop
  endfacet
  facet normal -0.515267 -0.85703 0
    outer loop
      vertex 27.2716 -39.057 0
      vertex 27.484 -39.1847 0.8
      vertex 27.2716 -39.057 0.8
    endloop
  endfacet
  facet normal -0.515267 -0.85703 -0
    outer loop
      vertex 27.484 -39.1847 0.8
      vertex 27.2716 -39.057 0
      vertex 27.484 -39.1847 0
    endloop
  endfacet
  facet normal -0.585146 -0.810928 0
    outer loop
      vertex 27.484 -39.1847 0
      vertex 27.6819 -39.3275 0.8
      vertex 27.484 -39.1847 0.8
    endloop
  endfacet
  facet normal -0.585146 -0.810928 -0
    outer loop
      vertex 27.6819 -39.3275 0.8
      vertex 27.484 -39.1847 0
      vertex 27.6819 -39.3275 0
    endloop
  endfacet
  facet normal -0.652931 -0.757417 0
    outer loop
      vertex 27.6819 -39.3275 0
      vertex 27.8653 -39.4856 0.8
      vertex 27.6819 -39.3275 0.8
    endloop
  endfacet
  facet normal -0.652931 -0.757417 -0
    outer loop
      vertex 27.8653 -39.4856 0.8
      vertex 27.6819 -39.3275 0
      vertex 27.8653 -39.4856 0
    endloop
  endfacet
  facet normal -0.715938 -0.698164 0
    outer loop
      vertex 28.0342 -39.6588 0
      vertex 27.8653 -39.4856 0.8
      vertex 27.8653 -39.4856 0
    endloop
  endfacet
  facet normal -0.715938 -0.698164 0
    outer loop
      vertex 27.8653 -39.4856 0.8
      vertex 28.0342 -39.6588 0
      vertex 28.0342 -39.6588 0.8
    endloop
  endfacet
  facet normal -0.773811 -0.633417 0
    outer loop
      vertex 28.1885 -39.8473 0
      vertex 28.0342 -39.6588 0.8
      vertex 28.0342 -39.6588 0
    endloop
  endfacet
  facet normal -0.773811 -0.633417 0
    outer loop
      vertex 28.0342 -39.6588 0.8
      vertex 28.1885 -39.8473 0
      vertex 28.1885 -39.8473 0.8
    endloop
  endfacet
  facet normal -0.824502 -0.565859 0
    outer loop
      vertex 28.3283 -40.051 0
      vertex 28.1885 -39.8473 0.8
      vertex 28.1885 -39.8473 0
    endloop
  endfacet
  facet normal -0.824502 -0.565859 0
    outer loop
      vertex 28.1885 -39.8473 0.8
      vertex 28.3283 -40.051 0
      vertex 28.3283 -40.051 0.8
    endloop
  endfacet
  facet normal -0.868048 -0.496481 0
    outer loop
      vertex 28.4535 -40.2699 0
      vertex 28.3283 -40.051 0.8
      vertex 28.3283 -40.051 0
    endloop
  endfacet
  facet normal -0.868048 -0.496481 0
    outer loop
      vertex 28.3283 -40.051 0.8
      vertex 28.4535 -40.2699 0
      vertex 28.4535 -40.2699 0.8
    endloop
  endfacet
  facet normal -0.903897 -0.427751 0
    outer loop
      vertex 28.5631 -40.5015 0
      vertex 28.4535 -40.2699 0.8
      vertex 28.4535 -40.2699 0
    endloop
  endfacet
  facet normal -0.903897 -0.427751 0
    outer loop
      vertex 28.4535 -40.2699 0.8
      vertex 28.5631 -40.5015 0
      vertex 28.5631 -40.5015 0.8
    endloop
  endfacet
  facet normal -0.933783 -0.357841 0
    outer loop
      vertex 28.6558 -40.7434 0
      vertex 28.5631 -40.5015 0.8
      vertex 28.5631 -40.5015 0
    endloop
  endfacet
  facet normal -0.933783 -0.357841 0
    outer loop
      vertex 28.5631 -40.5015 0.8
      vertex 28.6558 -40.7434 0
      vertex 28.6558 -40.7434 0.8
    endloop
  endfacet
  facet normal -0.957575 -0.288184 0
    outer loop
      vertex 28.7317 -40.9956 0
      vertex 28.6558 -40.7434 0.8
      vertex 28.6558 -40.7434 0
    endloop
  endfacet
  facet normal -0.957575 -0.288184 0
    outer loop
      vertex 28.6558 -40.7434 0.8
      vertex 28.7317 -40.9956 0
      vertex 28.7317 -40.9956 0.8
    endloop
  endfacet
  facet normal -0.975642 -0.219371 0
    outer loop
      vertex 28.7907 -41.258 0
      vertex 28.7317 -40.9956 0.8
      vertex 28.7317 -40.9956 0
    endloop
  endfacet
  facet normal -0.975642 -0.219371 0
    outer loop
      vertex 28.7317 -40.9956 0.8
      vertex 28.7907 -41.258 0
      vertex 28.7907 -41.258 0.8
    endloop
  endfacet
  facet normal -0.988292 -0.152575 0
    outer loop
      vertex 28.8328 -41.5307 0
      vertex 28.7907 -41.258 0.8
      vertex 28.7907 -41.258 0
    endloop
  endfacet
  facet normal -0.988292 -0.152575 0
    outer loop
      vertex 28.7907 -41.258 0.8
      vertex 28.8328 -41.5307 0
      vertex 28.8328 -41.5307 0.8
    endloop
  endfacet
  facet normal -0.996028 -0.0890442 0
    outer loop
      vertex 28.8581 -41.8137 0
      vertex 28.8328 -41.5307 0.8
      vertex 28.8328 -41.5307 0
    endloop
  endfacet
  facet normal -0.996028 -0.0890442 0
    outer loop
      vertex 28.8328 -41.5307 0.8
      vertex 28.8581 -41.8137 0
      vertex 28.8581 -41.8137 0.8
    endloop
  endfacet
  facet normal -0.99959 -0.0286376 0
    outer loop
      vertex 28.8665 -42.1069 0
      vertex 28.8581 -41.8137 0.8
      vertex 28.8581 -41.8137 0
    endloop
  endfacet
  facet normal -0.99959 -0.0286376 0
    outer loop
      vertex 28.8581 -41.8137 0.8
      vertex 28.8665 -42.1069 0
      vertex 28.8665 -42.1069 0.8
    endloop
  endfacet
  facet normal -0.999148 0.0412815 0
    outer loop
      vertex 28.8483 -42.5474 0
      vertex 28.8665 -42.1069 0.8
      vertex 28.8665 -42.1069 0
    endloop
  endfacet
  facet normal -0.999148 0.0412815 0
    outer loop
      vertex 28.8665 -42.1069 0.8
      vertex 28.8483 -42.5474 0
      vertex 28.8483 -42.5474 0.8
    endloop
  endfacet
  facet normal -0.991303 0.131597 0
    outer loop
      vertex 28.7935 -42.9602 0
      vertex 28.8483 -42.5474 0.8
      vertex 28.8483 -42.5474 0
    endloop
  endfacet
  facet normal -0.991303 0.131597 0
    outer loop
      vertex 28.8483 -42.5474 0.8
      vertex 28.7935 -42.9602 0
      vertex 28.7935 -42.9602 0.8
    endloop
  endfacet
  facet normal -0.973028 0.230687 0
    outer loop
      vertex 28.7022 -43.3453 0
      vertex 28.7935 -42.9602 0.8
      vertex 28.7935 -42.9602 0
    endloop
  endfacet
  facet normal -0.973028 0.230687 0
    outer loop
      vertex 28.7935 -42.9602 0.8
      vertex 28.7022 -43.3453 0
      vertex 28.7022 -43.3453 0.8
    endloop
  endfacet
  facet normal -0.941497 0.337021 0
    outer loop
      vertex 28.5743 -43.7026 0
      vertex 28.7022 -43.3453 0.8
      vertex 28.7022 -43.3453 0
    endloop
  endfacet
  facet normal -0.941497 0.337021 0
    outer loop
      vertex 28.7022 -43.3453 0.8
      vertex 28.5743 -43.7026 0
      vertex 28.5743 -43.7026 0.8
    endloop
  endfacet
  facet normal -0.895024 0.446019 0
    outer loop
      vertex 28.41 -44.0323 0
      vertex 28.5743 -43.7026 0.8
      vertex 28.5743 -43.7026 0
    endloop
  endfacet
  facet normal -0.895024 0.446019 0
    outer loop
      vertex 28.5743 -43.7026 0.8
      vertex 28.41 -44.0323 0
      vertex 28.41 -44.0323 0.8
    endloop
  endfacet
  facet normal -0.832601 0.553873 0
    outer loop
      vertex 28.2091 -44.3343 0
      vertex 28.41 -44.0323 0.8
      vertex 28.41 -44.0323 0
    endloop
  endfacet
  facet normal -0.832601 0.553873 0
    outer loop
      vertex 28.41 -44.0323 0.8
      vertex 28.2091 -44.3343 0
      vertex 28.2091 -44.3343 0.8
    endloop
  endfacet
  facet normal -0.756016 0.654553 0
    outer loop
      vertex 27.9717 -44.6085 0
      vertex 28.2091 -44.3343 0.8
      vertex 28.2091 -44.3343 0
    endloop
  endfacet
  facet normal -0.756016 0.654553 0
    outer loop
      vertex 28.2091 -44.3343 0.8
      vertex 27.9717 -44.6085 0
      vertex 27.9717 -44.6085 0.8
    endloop
  endfacet
  facet normal -0.667408 0.744692 0
    outer loop
      vertex 27.9717 -44.6085 0
      vertex 27.7019 -44.8503 0.8
      vertex 27.9717 -44.6085 0.8
    endloop
  endfacet
  facet normal -0.667408 0.744692 0
    outer loop
      vertex 27.7019 -44.8503 0.8
      vertex 27.9717 -44.6085 0
      vertex 27.7019 -44.8503 0
    endloop
  endfacet
  facet normal -0.565754 0.824574 0
    outer loop
      vertex 27.7019 -44.8503 0
      vertex 27.4037 -45.0549 0.8
      vertex 27.7019 -44.8503 0.8
    endloop
  endfacet
  facet normal -0.565754 0.824574 0
    outer loop
      vertex 27.4037 -45.0549 0.8
      vertex 27.7019 -44.8503 0
      vertex 27.4037 -45.0549 0
    endloop
  endfacet
  facet normal -0.456129 0.889914 0
    outer loop
      vertex 27.4037 -45.0549 0
      vertex 27.0771 -45.2223 0.8
      vertex 27.4037 -45.0549 0.8
    endloop
  endfacet
  facet normal -0.456129 0.889914 0
    outer loop
      vertex 27.0771 -45.2223 0.8
      vertex 27.4037 -45.0549 0
      vertex 27.0771 -45.2223 0
    endloop
  endfacet
  facet normal -0.344332 0.938848 0
    outer loop
      vertex 27.0771 -45.2223 0
      vertex 26.7221 -45.3525 0.8
      vertex 27.0771 -45.2223 0.8
    endloop
  endfacet
  facet normal -0.344332 0.938848 0
    outer loop
      vertex 26.7221 -45.3525 0.8
      vertex 27.0771 -45.2223 0
      vertex 26.7221 -45.3525 0
    endloop
  endfacet
  facet normal -0.235731 0.971818 0
    outer loop
      vertex 26.7221 -45.3525 0
      vertex 26.3387 -45.4455 0.8
      vertex 26.7221 -45.3525 0.8
    endloop
  endfacet
  facet normal -0.235731 0.971818 0
    outer loop
      vertex 26.3387 -45.4455 0.8
      vertex 26.7221 -45.3525 0
      vertex 26.3387 -45.4455 0
    endloop
  endfacet
  facet normal -0.134276 0.990944 0
    outer loop
      vertex 26.3387 -45.4455 0
      vertex 25.9269 -45.5013 0.8
      vertex 26.3387 -45.4455 0.8
    endloop
  endfacet
  facet normal -0.134276 0.990944 0
    outer loop
      vertex 25.9269 -45.5013 0.8
      vertex 26.3387 -45.4455 0
      vertex 25.9269 -45.5013 0
    endloop
  endfacet
  facet normal -0.0422254 0.999108 0
    outer loop
      vertex 25.9269 -45.5013 0
      vertex 25.4868 -45.5199 0.8
      vertex 25.9269 -45.5013 0.8
    endloop
  endfacet
  facet normal -0.0422254 0.999108 0
    outer loop
      vertex 25.4868 -45.5199 0.8
      vertex 25.9269 -45.5013 0
      vertex 25.4868 -45.5199 0
    endloop
  endfacet
  facet normal 0.0417722 0.999127 -0
    outer loop
      vertex 25.4868 -45.5199 0
      vertex 25.0467 -45.5015 0.8
      vertex 25.4868 -45.5199 0.8
    endloop
  endfacet
  facet normal 0.0417722 0.999127 0
    outer loop
      vertex 25.0467 -45.5015 0.8
      vertex 25.4868 -45.5199 0
      vertex 25.0467 -45.5015 0
    endloop
  endfacet
  facet normal 0.132921 0.991127 -0
    outer loop
      vertex 25.0467 -45.5015 0
      vertex 24.6351 -45.4463 0.8
      vertex 25.0467 -45.5015 0.8
    endloop
  endfacet
  facet normal 0.132921 0.991127 0
    outer loop
      vertex 24.6351 -45.4463 0.8
      vertex 25.0467 -45.5015 0
      vertex 24.6351 -45.4463 0
    endloop
  endfacet
  facet normal 0.23369 0.972311 -0
    outer loop
      vertex 24.6351 -45.4463 0
      vertex 24.2519 -45.3542 0.8
      vertex 24.6351 -45.4463 0.8
    endloop
  endfacet
  facet normal 0.23369 0.972311 0
    outer loop
      vertex 24.2519 -45.3542 0.8
      vertex 24.6351 -45.4463 0
      vertex 24.2519 -45.3542 0
    endloop
  endfacet
  facet normal 0.341403 0.939917 -0
    outer loop
      vertex 24.2519 -45.3542 0
      vertex 23.8973 -45.2254 0.8
      vertex 24.2519 -45.3542 0.8
    endloop
  endfacet
  facet normal 0.341403 0.939917 0
    outer loop
      vertex 23.8973 -45.2254 0.8
      vertex 24.2519 -45.3542 0
      vertex 23.8973 -45.2254 0
    endloop
  endfacet
  facet normal 0.45289 0.891567 -0
    outer loop
      vertex 23.8973 -45.2254 0
      vertex 23.5711 -45.0597 0.8
      vertex 23.8973 -45.2254 0.8
    endloop
  endfacet
  facet normal 0.45289 0.891567 0
    outer loop
      vertex 23.5711 -45.0597 0.8
      vertex 23.8973 -45.2254 0
      vertex 23.5711 -45.0597 0
    endloop
  endfacet
  facet normal 0.562242 0.826973 -0
    outer loop
      vertex 23.5711 -45.0597 0
      vertex 23.2734 -44.8573 0.8
      vertex 23.5711 -45.0597 0.8
    endloop
  endfacet
  facet normal 0.562242 0.826973 0
    outer loop
      vertex 23.2734 -44.8573 0.8
      vertex 23.5711 -45.0597 0
      vertex 23.2734 -44.8573 0
    endloop
  endfacet
  facet normal 0.664381 0.747394 -0
    outer loop
      vertex 23.2734 -44.8573 0
      vertex 23.0042 -44.618 0.8
      vertex 23.2734 -44.8573 0.8
    endloop
  endfacet
  facet normal 0.664381 0.747394 0
    outer loop
      vertex 23.0042 -44.618 0.8
      vertex 23.2734 -44.8573 0
      vertex 23.0042 -44.618 0
    endloop
  endfacet
  facet normal 0.754462 0.656343 0
    outer loop
      vertex 23.0042 -44.618 0.8
      vertex 22.7674 -44.3458 0
      vertex 22.7674 -44.3458 0.8
    endloop
  endfacet
  facet normal 0.754462 0.656343 0
    outer loop
      vertex 22.7674 -44.3458 0
      vertex 23.0042 -44.618 0.8
      vertex 23.0042 -44.618 0
    endloop
  endfacet
  facet normal 0.832433 0.554125 0
    outer loop
      vertex 22.7674 -44.3458 0.8
      vertex 22.5671 -44.0449 0
      vertex 22.5671 -44.0449 0.8
    endloop
  endfacet
  facet normal 0.832433 0.554125 0
    outer loop
      vertex 22.5671 -44.0449 0
      vertex 22.7674 -44.3458 0.8
      vertex 22.7674 -44.3458 0
    endloop
  endfacet
  facet normal 0.895564 0.444932 0
    outer loop
      vertex 22.5671 -44.0449 0.8
      vertex 22.4032 -43.715 0
      vertex 22.4032 -43.715 0.8
    endloop
  endfacet
  facet normal 0.895564 0.444932 0
    outer loop
      vertex 22.4032 -43.715 0
      vertex 22.5671 -44.0449 0.8
      vertex 22.5671 -44.0449 0
    endloop
  endfacet
  facet normal 0.942246 0.334922 0
    outer loop
      vertex 22.4032 -43.715 0.8
      vertex 22.2757 -43.3563 0
      vertex 22.2757 -43.3563 0.8
    endloop
  endfacet
  facet normal 0.942246 0.334922 0
    outer loop
      vertex 22.2757 -43.3563 0
      vertex 22.4032 -43.715 0.8
      vertex 22.4032 -43.715 0
    endloop
  endfacet
  facet normal 0.973473 0.228801 0
    outer loop
      vertex 22.2757 -43.3563 0.8
      vertex 22.1846 -42.9687 0
      vertex 22.1846 -42.9687 0.8
    endloop
  endfacet
  facet normal 0.973473 0.228801 0
    outer loop
      vertex 22.1846 -42.9687 0
      vertex 22.2757 -43.3563 0.8
      vertex 22.2757 -43.3563 0
    endloop
  endfacet
  facet normal 0.991517 0.12998 0
    outer loop
      vertex 22.1846 -42.9687 0.8
      vertex 22.13 -42.5522 0
      vertex 22.13 -42.5522 0.8
    endloop
  endfacet
  facet normal 0.991517 0.12998 0
    outer loop
      vertex 22.13 -42.5522 0
      vertex 22.1846 -42.9687 0.8
      vertex 22.1846 -42.9687 0
    endloop
  endfacet
  facet normal 0.999157 0.0410612 0
    outer loop
      vertex 22.13 -42.5522 0.8
      vertex 22.1117 -42.1069 0
      vertex 22.1117 -42.1069 0.8
    endloop
  endfacet
  facet normal 0.999157 0.0410612 0
    outer loop
      vertex 22.1117 -42.1069 0
      vertex 22.13 -42.5522 0.8
      vertex 22.13 -42.5522 0
    endloop
  endfacet
  facet normal 0.999163 -0.0408962 0
    outer loop
      vertex 22.1117 -42.1069 0.8
      vertex 22.13 -41.6598 0
      vertex 22.13 -41.6598 0.8
    endloop
  endfacet
  facet normal 0.999163 -0.0408962 0
    outer loop
      vertex 22.13 -41.6598 0
      vertex 22.1117 -42.1069 0.8
      vertex 22.1117 -42.1069 0
    endloop
  endfacet
  facet normal 0.991563 -0.129622 0
    outer loop
      vertex 22.13 -41.6598 0.8
      vertex 22.1848 -41.2406 0
      vertex 22.1848 -41.2406 0.8
    endloop
  endfacet
  facet normal 0.991563 -0.129622 0
    outer loop
      vertex 22.1848 -41.2406 0
      vertex 22.13 -41.6598 0.8
      vertex 22.13 -41.6598 0
    endloop
  endfacet
  facet normal 0.973817 -0.227332 0
    outer loop
      vertex 22.1848 -41.2406 0.8
      vertex 22.2761 -40.8495 0
      vertex 22.2761 -40.8495 0.8
    endloop
  endfacet
  facet normal 0.973817 -0.227332 0
    outer loop
      vertex 22.2761 -40.8495 0
      vertex 22.1848 -41.2406 0.8
      vertex 22.1848 -41.2406 0
    endloop
  endfacet
  facet normal 0.943278 -0.332005 0
    outer loop
      vertex 22.2761 -40.8495 0.8
      vertex 22.4039 -40.4864 0
      vertex 22.4039 -40.4864 0.8
    endloop
  endfacet
  facet normal 0.943278 -0.332005 0
    outer loop
      vertex 22.4039 -40.4864 0
      vertex 22.2761 -40.8495 0.8
      vertex 22.2761 -40.8495 0
    endloop
  endfacet
  facet normal 0.897829 -0.440344 0
    outer loop
      vertex 22.4039 -40.4864 0.8
      vertex 22.5683 -40.1512 0
      vertex 22.5683 -40.1512 0.8
    endloop
  endfacet
  facet normal 0.897829 -0.440344 0
    outer loop
      vertex 22.5683 -40.1512 0
      vertex 22.4039 -40.4864 0.8
      vertex 22.4039 -40.4864 0
    endloop
  endfacet
  facet normal 0.836965 -0.547257 0
    outer loop
      vertex 22.5683 -40.1512 0.8
      vertex 22.7691 -39.8441 0
      vertex 22.7691 -39.8441 0.8
    endloop
  endfacet
  facet normal 0.836965 -0.547257 0
    outer loop
      vertex 22.7691 -39.8441 0
      vertex 22.5683 -40.1512 0.8
      vertex 22.5683 -40.1512 0
    endloop
  endfacet
  facet normal 0.761717 -0.64791 0
    outer loop
      vertex 22.7691 -39.8441 0.8
      vertex 23.0065 -39.565 0
      vertex 23.0065 -39.565 0.8
    endloop
  endfacet
  facet normal 0.761717 -0.64791 0
    outer loop
      vertex 23.0065 -39.565 0
      vertex 22.7691 -39.8441 0.8
      vertex 22.7691 -39.8441 0
    endloop
  endfacet
  facet normal 0.674334 -0.738426 0
    outer loop
      vertex 23.0065 -39.565 0
      vertex 23.2761 -39.3188 0.8
      vertex 23.0065 -39.565 0.8
    endloop
  endfacet
  facet normal 0.674334 -0.738426 0
    outer loop
      vertex 23.2761 -39.3188 0.8
      vertex 23.0065 -39.565 0
      vertex 23.2761 -39.3188 0
    endloop
  endfacet
  facet normal 0.573869 -0.818947 0
    outer loop
      vertex 23.2761 -39.3188 0
      vertex 23.5735 -39.1104 0.8
      vertex 23.2761 -39.3188 0.8
    endloop
  endfacet
  facet normal 0.573869 -0.818947 0
    outer loop
      vertex 23.5735 -39.1104 0.8
      vertex 23.2761 -39.3188 0
      vertex 23.5735 -39.1104 0
    endloop
  endfacet
  facet normal 0.464241 -0.885709 0
    outer loop
      vertex 23.5735 -39.1104 0
      vertex 23.8986 -38.94 0.8
      vertex 23.5735 -39.1104 0.8
    endloop
  endfacet
  facet normal 0.464241 -0.885709 0
    outer loop
      vertex 23.8986 -38.94 0.8
      vertex 23.5735 -39.1104 0
      vertex 23.8986 -38.94 0
    endloop
  endfacet
  facet normal 0.351647 -0.936133 0
    outer loop
      vertex 23.8986 -38.94 0
      vertex 24.2516 -38.8074 0.8
      vertex 23.8986 -38.94 0.8
    endloop
  endfacet
  facet normal 0.351647 -0.936133 0
    outer loop
      vertex 24.2516 -38.8074 0.8
      vertex 23.8986 -38.94 0
      vertex 24.2516 -38.8074 0
    endloop
  endfacet
  facet normal 0.241336 -0.970442 0
    outer loop
      vertex 24.2516 -38.8074 0
      vertex 24.6324 -38.7127 0.8
      vertex 24.2516 -38.8074 0.8
    endloop
  endfacet
  facet normal 0.241336 -0.970442 0
    outer loop
      vertex 24.6324 -38.7127 0.8
      vertex 24.2516 -38.8074 0
      vertex 24.6324 -38.7127 0
    endloop
  endfacet
  facet normal 0.13772 -0.990471 0
    outer loop
      vertex 24.6324 -38.7127 0
      vertex 25.0409 -38.6559 0.8
      vertex 24.6324 -38.7127 0.8
    endloop
  endfacet
  facet normal 0.13772 -0.990471 0
    outer loop
      vertex 25.0409 -38.6559 0.8
      vertex 24.6324 -38.7127 0
      vertex 25.0409 -38.6559 0
    endloop
  endfacet
  facet normal 0.0432683 -0.999063 0
    outer loop
      vertex 25.0409 -38.6559 0
      vertex 25.4773 -38.637 0.8
      vertex 25.0409 -38.6559 0.8
    endloop
  endfacet
  facet normal 0.0432683 -0.999063 0
    outer loop
      vertex 25.4773 -38.637 0.8
      vertex 25.0409 -38.6559 0
      vertex 25.4773 -38.637 0
    endloop
  endfacet
  facet normal -0.0295318 -0.999564 0
    outer loop
      vertex 25.4773 -38.637 0
      vertex 25.765 -38.6455 0.8
      vertex 25.4773 -38.637 0.8
    endloop
  endfacet
  facet normal -0.0295318 -0.999564 -0
    outer loop
      vertex 25.765 -38.6455 0.8
      vertex 25.4773 -38.637 0
      vertex 25.765 -38.6455 0
    endloop
  endfacet
  facet normal -0.162497 0.986709 0
    outer loop
      vertex 25.226 -39.7511 0
      vertex 24.9904 -39.7899 0.8
      vertex 25.226 -39.7511 0.8
    endloop
  endfacet
  facet normal -0.162497 0.986709 0
    outer loop
      vertex 24.9904 -39.7899 0.8
      vertex 25.226 -39.7511 0
      vertex 24.9904 -39.7899 0
    endloop
  endfacet
  facet normal -0.282025 0.959407 0
    outer loop
      vertex 24.9904 -39.7899 0
      vertex 24.7703 -39.8546 0.8
      vertex 24.9904 -39.7899 0.8
    endloop
  endfacet
  facet normal -0.282025 0.959407 0
    outer loop
      vertex 24.7703 -39.8546 0.8
      vertex 24.9904 -39.7899 0
      vertex 24.7703 -39.8546 0
    endloop
  endfacet
  facet normal -0.404851 0.914383 0
    outer loop
      vertex 24.7703 -39.8546 0
      vertex 24.5659 -39.9451 0.8
      vertex 24.7703 -39.8546 0.8
    endloop
  endfacet
  facet normal -0.404851 0.914383 0
    outer loop
      vertex 24.5659 -39.9451 0.8
      vertex 24.7703 -39.8546 0
      vertex 24.5659 -39.9451 0
    endloop
  endfacet
  facet normal -0.5246 0.851349 0
    outer loop
      vertex 24.5659 -39.9451 0
      vertex 24.377 -40.0615 0.8
      vertex 24.5659 -39.9451 0.8
    endloop
  endfacet
  facet normal -0.5246 0.851349 0
    outer loop
      vertex 24.377 -40.0615 0.8
      vertex 24.5659 -39.9451 0
      vertex 24.377 -40.0615 0
    endloop
  endfacet
  facet normal -0.634816 0.772664 0
    outer loop
      vertex 24.377 -40.0615 0
      vertex 24.2038 -40.2038 0.8
      vertex 24.377 -40.0615 0.8
    endloop
  endfacet
  facet normal -0.634816 0.772664 0
    outer loop
      vertex 24.2038 -40.2038 0.8
      vertex 24.377 -40.0615 0
      vertex 24.2038 -40.2038 0
    endloop
  endfacet
  facet normal -0.729307 0.684186 0
    outer loop
      vertex 24.0461 -40.3719 0
      vertex 24.2038 -40.2038 0.8
      vertex 24.2038 -40.2038 0
    endloop
  endfacet
  facet normal -0.729307 0.684186 0
    outer loop
      vertex 24.2038 -40.2038 0.8
      vertex 24.0461 -40.3719 0
      vertex 24.0461 -40.3719 0.8
    endloop
  endfacet
  facet normal -0.807764 0.589506 0
    outer loop
      vertex 23.907 -40.5625 0
      vertex 24.0461 -40.3719 0.8
      vertex 24.0461 -40.3719 0
    endloop
  endfacet
  facet normal -0.807764 0.589506 0
    outer loop
      vertex 24.0461 -40.3719 0.8
      vertex 23.907 -40.5625 0
      vertex 23.907 -40.5625 0.8
    endloop
  endfacet
  facet normal -0.871853 0.489768 0
    outer loop
      vertex 23.7892 -40.7722 0
      vertex 23.907 -40.5625 0.8
      vertex 23.907 -40.5625 0
    endloop
  endfacet
  facet normal -0.871853 0.489768 0
    outer loop
      vertex 23.907 -40.5625 0.8
      vertex 23.7892 -40.7722 0
      vertex 23.7892 -40.7722 0.8
    endloop
  endfacet
  facet normal -0.921688 0.387931 0
    outer loop
      vertex 23.6929 -41.001 0
      vertex 23.7892 -40.7722 0.8
      vertex 23.7892 -40.7722 0
    endloop
  endfacet
  facet normal -0.921688 0.387931 0
    outer loop
      vertex 23.7892 -40.7722 0.8
      vertex 23.6929 -41.001 0
      vertex 23.6929 -41.001 0.8
    endloop
  endfacet
  facet normal -0.957229 0.289332 0
    outer loop
      vertex 23.618 -41.2488 0
      vertex 23.6929 -41.001 0.8
      vertex 23.6929 -41.001 0
    endloop
  endfacet
  facet normal -0.957229 0.289332 0
    outer loop
      vertex 23.6929 -41.001 0.8
      vertex 23.618 -41.2488 0
      vertex 23.618 -41.2488 0.8
    endloop
  endfacet
  facet normal -0.980439 0.196822 0
    outer loop
      vertex 23.5644 -41.5158 0
      vertex 23.618 -41.2488 0.8
      vertex 23.618 -41.2488 0
    endloop
  endfacet
  facet normal -0.980439 0.196822 0
    outer loop
      vertex 23.618 -41.2488 0.8
      vertex 23.5644 -41.5158 0
      vertex 23.5644 -41.5158 0.8
    endloop
  endfacet
  facet normal -0.99376 0.111537 0
    outer loop
      vertex 23.5323 -41.8018 0
      vertex 23.5644 -41.5158 0.8
      vertex 23.5644 -41.5158 0
    endloop
  endfacet
  facet normal -0.99376 0.111537 0
    outer loop
      vertex 23.5644 -41.5158 0.8
      vertex 23.5323 -41.8018 0
      vertex 23.5323 -41.8018 0.8
    endloop
  endfacet
  facet normal -0.999386 0.0350489 0
    outer loop
      vertex 23.5216 -42.1069 0
      vertex 23.5323 -41.8018 0.8
      vertex 23.5323 -41.8018 0
    endloop
  endfacet
  facet normal -0.999386 0.0350489 0
    outer loop
      vertex 23.5323 -41.8018 0.8
      vertex 23.5216 -42.1069 0
      vertex 23.5216 -42.1069 0.8
    endloop
  endfacet
  facet normal -0.999397 -0.0347357 0
    outer loop
      vertex 23.5321 -42.409 0
      vertex 23.5216 -42.1069 0.8
      vertex 23.5216 -42.1069 0
    endloop
  endfacet
  facet normal -0.999397 -0.0347357 0
    outer loop
      vertex 23.5216 -42.1069 0.8
      vertex 23.5321 -42.409 0
      vertex 23.5321 -42.409 0.8
    endloop
  endfacet
  facet normal -0.993879 -0.11047 0
    outer loop
      vertex 23.5635 -42.6915 0
      vertex 23.5321 -42.409 0.8
      vertex 23.5321 -42.409 0
    endloop
  endfacet
  facet normal -0.993879 -0.11047 0
    outer loop
      vertex 23.5321 -42.409 0.8
      vertex 23.5635 -42.6915 0
      vertex 23.5635 -42.6915 0.8
    endloop
  endfacet
  facet normal -0.980753 -0.195255 0
    outer loop
      vertex 23.6158 -42.9542 0
      vertex 23.5635 -42.6915 0.8
      vertex 23.5635 -42.6915 0
    endloop
  endfacet
  facet normal -0.980753 -0.195255 0
    outer loop
      vertex 23.5635 -42.6915 0.8
      vertex 23.6158 -42.9542 0
      vertex 23.6158 -42.9542 0.8
    endloop
  endfacet
  facet normal -0.957533 -0.288323 0
    outer loop
      vertex 23.689 -43.1973 0
      vertex 23.6158 -42.9542 0.8
      vertex 23.6158 -42.9542 0
    endloop
  endfacet
  facet normal -0.957533 -0.288323 0
    outer loop
      vertex 23.6158 -42.9542 0.8
      vertex 23.689 -43.1973 0
      vertex 23.689 -43.1973 0.8
    endloop
  endfacet
  facet normal -0.921643 -0.388039 0
    outer loop
      vertex 23.7831 -43.4208 0
      vertex 23.689 -43.1973 0.8
      vertex 23.689 -43.1973 0
    endloop
  endfacet
  facet normal -0.921643 -0.388039 0
    outer loop
      vertex 23.689 -43.1973 0.8
      vertex 23.7831 -43.4208 0
      vertex 23.7831 -43.4208 0.8
    endloop
  endfacet
  facet normal -0.870627 -0.491945 0
    outer loop
      vertex 23.8982 -43.6245 0
      vertex 23.7831 -43.4208 0.8
      vertex 23.7831 -43.4208 0
    endloop
  endfacet
  facet normal -0.870627 -0.491945 0
    outer loop
      vertex 23.7831 -43.4208 0.8
      vertex 23.8982 -43.6245 0
      vertex 23.8982 -43.6245 0.8
    endloop
  endfacet
  facet normal -0.80433 -0.594182 0
    outer loop
      vertex 24.0342 -43.8086 0
      vertex 23.8982 -43.6245 0.8
      vertex 23.8982 -43.6245 0
    endloop
  endfacet
  facet normal -0.80433 -0.594182 0
    outer loop
      vertex 23.8982 -43.6245 0.8
      vertex 24.0342 -43.8086 0
      vertex 24.0342 -43.8086 0.8
    endloop
  endfacet
  facet normal -0.721672 -0.692235 0
    outer loop
      vertex 24.1894 -43.9704 0
      vertex 24.0342 -43.8086 0.8
      vertex 24.0342 -43.8086 0
    endloop
  endfacet
  facet normal -0.721672 -0.692235 0
    outer loop
      vertex 24.0342 -43.8086 0.8
      vertex 24.1894 -43.9704 0
      vertex 24.1894 -43.9704 0.8
    endloop
  endfacet
  facet normal -0.621481 -0.783429 0
    outer loop
      vertex 24.1894 -43.9704 0
      vertex 24.3621 -44.1074 0.8
      vertex 24.1894 -43.9704 0.8
    endloop
  endfacet
  facet normal -0.621481 -0.783429 -0
    outer loop
      vertex 24.3621 -44.1074 0.8
      vertex 24.1894 -43.9704 0
      vertex 24.3621 -44.1074 0
    endloop
  endfacet
  facet normal -0.507812 -0.861468 0
    outer loop
      vertex 24.3621 -44.1074 0
      vertex 24.5521 -44.2194 0.8
      vertex 24.3621 -44.1074 0.8
    endloop
  endfacet
  facet normal -0.507812 -0.861468 -0
    outer loop
      vertex 24.5521 -44.2194 0.8
      vertex 24.3621 -44.1074 0
      vertex 24.5521 -44.2194 0
    endloop
  endfacet
  facet normal -0.387421 -0.921903 0
    outer loop
      vertex 24.5521 -44.2194 0
      vertex 24.7596 -44.3066 0.8
      vertex 24.5521 -44.2194 0.8
    endloop
  endfacet
  facet normal -0.387421 -0.921903 -0
    outer loop
      vertex 24.7596 -44.3066 0.8
      vertex 24.5521 -44.2194 0
      vertex 24.7596 -44.3066 0
    endloop
  endfacet
  facet normal -0.266451 -0.963849 0
    outer loop
      vertex 24.7596 -44.3066 0
      vertex 24.9846 -44.3688 0.8
      vertex 24.7596 -44.3066 0.8
    endloop
  endfacet
  facet normal -0.266451 -0.963849 -0
    outer loop
      vertex 24.9846 -44.3688 0.8
      vertex 24.7596 -44.3066 0
      vertex 24.9846 -44.3688 0
    endloop
  endfacet
  facet normal -0.152088 -0.988367 0
    outer loop
      vertex 24.9846 -44.3688 0
      vertex 25.227 -44.4061 0.8
      vertex 24.9846 -44.3688 0.8
    endloop
  endfacet
  facet normal -0.152088 -0.988367 -0
    outer loop
      vertex 25.227 -44.4061 0.8
      vertex 24.9846 -44.3688 0
      vertex 25.227 -44.4061 0
    endloop
  endfacet
  facet normal -0.0480583 -0.998845 0
    outer loop
      vertex 25.227 -44.4061 0
      vertex 25.4868 -44.4186 0.8
      vertex 25.227 -44.4061 0.8
    endloop
  endfacet
  facet normal -0.0480583 -0.998845 -0
    outer loop
      vertex 25.4868 -44.4186 0.8
      vertex 25.227 -44.4061 0
      vertex 25.4868 -44.4186 0
    endloop
  endfacet
  facet normal 0.04877 -0.99881 0
    outer loop
      vertex 25.4868 -44.4186 0
      vertex 25.7428 -44.4061 0.8
      vertex 25.4868 -44.4186 0.8
    endloop
  endfacet
  facet normal 0.04877 -0.99881 0
    outer loop
      vertex 25.7428 -44.4061 0.8
      vertex 25.4868 -44.4186 0
      vertex 25.7428 -44.4061 0
    endloop
  endfacet
  facet normal 0.155687 -0.987806 0
    outer loop
      vertex 25.7428 -44.4061 0
      vertex 25.982 -44.3684 0.8
      vertex 25.7428 -44.4061 0.8
    endloop
  endfacet
  facet normal 0.155687 -0.987806 0
    outer loop
      vertex 25.982 -44.3684 0.8
      vertex 25.7428 -44.4061 0
      vertex 25.982 -44.3684 0
    endloop
  endfacet
  facet normal 0.27146 -0.96245 0
    outer loop
      vertex 25.982 -44.3684 0
      vertex 26.2043 -44.3057 0.8
      vertex 25.982 -44.3684 0.8
    endloop
  endfacet
  facet normal 0.27146 -0.96245 0
    outer loop
      vertex 26.2043 -44.3057 0.8
      vertex 25.982 -44.3684 0
      vertex 26.2043 -44.3057 0
    endloop
  endfacet
  facet normal 0.392893 -0.919584 0
    outer loop
      vertex 26.2043 -44.3057 0
      vertex 26.4098 -44.2179 0.8
      vertex 26.2043 -44.3057 0.8
    endloop
  endfacet
  facet normal 0.392893 -0.919584 0
    outer loop
      vertex 26.4098 -44.2179 0.8
      vertex 26.2043 -44.3057 0
      vertex 26.4098 -44.2179 0
    endloop
  endfacet
  facet normal 0.513961 -0.857814 0
    outer loop
      vertex 26.4098 -44.2179 0
      vertex 26.5984 -44.1049 0.8
      vertex 26.4098 -44.2179 0.8
    endloop
  endfacet
  facet normal 0.513961 -0.857814 0
    outer loop
      vertex 26.5984 -44.1049 0.8
      vertex 26.4098 -44.2179 0
      vertex 26.5984 -44.1049 0
    endloop
  endfacet
  facet normal 0.626243 -0.779628 0
    outer loop
      vertex 26.5984 -44.1049 0
      vertex 26.7702 -43.9669 0.8
      vertex 26.5984 -44.1049 0.8
    endloop
  endfacet
  facet normal 0.626243 -0.779628 0
    outer loop
      vertex 26.7702 -43.9669 0.8
      vertex 26.5984 -44.1049 0
      vertex 26.7702 -43.9669 0
    endloop
  endfacet
  facet normal 0.724888 -0.688866 0
    outer loop
      vertex 26.7702 -43.9669 0.8
      vertex 26.9251 -43.8039 0
      vertex 26.9251 -43.8039 0.8
    endloop
  endfacet
  facet normal 0.724888 -0.688866 0
    outer loop
      vertex 26.9251 -43.8039 0
      vertex 26.7702 -43.9669 0.8
      vertex 26.7702 -43.9669 0
    endloop
  endfacet
  facet normal 0.806017 -0.591892 0
    outer loop
      vertex 26.9251 -43.8039 0.8
      vertex 27.0611 -43.6187 0
      vertex 27.0611 -43.6187 0.8
    endloop
  endfacet
  facet normal 0.806017 -0.591892 0
    outer loop
      vertex 27.0611 -43.6187 0
      vertex 26.9251 -43.8039 0.8
      vertex 26.9251 -43.8039 0
    endloop
  endfacet
  facet normal 0.871245 -0.490848 0
    outer loop
      vertex 27.0611 -43.6187 0.8
      vertex 27.1762 -43.4144 0
      vertex 27.1762 -43.4144 0.8
    endloop
  endfacet
  facet normal 0.871245 -0.490848 0
    outer loop
      vertex 27.1762 -43.4144 0
      vertex 27.0611 -43.6187 0.8
      vertex 27.0611 -43.6187 0
    endloop
  endfacet
  facet normal 0.921371 -0.388684 0
    outer loop
      vertex 27.1762 -43.4144 0.8
      vertex 27.2704 -43.1911 0
      vertex 27.2704 -43.1911 0.8
    endloop
  endfacet
  facet normal 0.921371 -0.388684 0
    outer loop
      vertex 27.2704 -43.1911 0
      vertex 27.1762 -43.4144 0.8
      vertex 27.1762 -43.4144 0
    endloop
  endfacet
  facet normal 0.957303 -0.289087 0
    outer loop
      vertex 27.2704 -43.1911 0.8
      vertex 27.3436 -42.9487 0
      vertex 27.3436 -42.9487 0.8
    endloop
  endfacet
  facet normal 0.957303 -0.289087 0
    outer loop
      vertex 27.3436 -42.9487 0
      vertex 27.2704 -43.1911 0.8
      vertex 27.2704 -43.1911 0
    endloop
  endfacet
  facet normal 0.980581 -0.196116 0
    outer loop
      vertex 27.3436 -42.9487 0.8
      vertex 27.3959 -42.6872 0
      vertex 27.3959 -42.6872 0.8
    endloop
  endfacet
  facet normal 0.980581 -0.196116 0
    outer loop
      vertex 27.3959 -42.6872 0
      vertex 27.3436 -42.9487 0.8
      vertex 27.3436 -42.9487 0
    endloop
  endfacet
  facet normal 0.993797 -0.111209 0
    outer loop
      vertex 27.3959 -42.6872 0.8
      vertex 27.4273 -42.4066 0
      vertex 27.4273 -42.4066 0.8
    endloop
  endfacet
  facet normal 0.993797 -0.111209 0
    outer loop
      vertex 27.4273 -42.4066 0
      vertex 27.3959 -42.6872 0.8
      vertex 27.3959 -42.6872 0
    endloop
  endfacet
  facet normal 0.999387 -0.0350136 0
    outer loop
      vertex 27.4273 -42.4066 0.8
      vertex 27.4378 -42.1069 0
      vertex 27.4378 -42.1069 0.8
    endloop
  endfacet
  facet normal 0.999387 -0.0350136 0
    outer loop
      vertex 27.4378 -42.1069 0
      vertex 27.4273 -42.4066 0.8
      vertex 27.4273 -42.4066 0
    endloop
  endfacet
  facet normal 0.99945 0.0331556 0
    outer loop
      vertex 27.4378 -42.1069 0.8
      vertex 27.4274 -41.7934 0
      vertex 27.4274 -41.7934 0.8
    endloop
  endfacet
  facet normal 0.99945 0.0331556 0
    outer loop
      vertex 27.4274 -41.7934 0
      vertex 27.4378 -42.1069 0.8
      vertex 27.4378 -42.1069 0
    endloop
  endfacet
  facet normal 0.994323 0.106401 0
    outer loop
      vertex 27.4274 -41.7934 0.8
      vertex 27.3961 -41.5009 0
      vertex 27.3961 -41.5009 0.8
    endloop
  endfacet
  facet normal 0.994323 0.106401 0
    outer loop
      vertex 27.3961 -41.5009 0
      vertex 27.4274 -41.7934 0.8
      vertex 27.4274 -41.7934 0
    endloop
  endfacet
  facet normal 0.982068 0.188525 0
    outer loop
      vertex 27.3961 -41.5009 0.8
      vertex 27.344 -41.2295 0
      vertex 27.344 -41.2295 0.8
    endloop
  endfacet
  facet normal 0.982068 0.188525 0
    outer loop
      vertex 27.344 -41.2295 0
      vertex 27.3961 -41.5009 0.8
      vertex 27.3961 -41.5009 0
    endloop
  endfacet
  facet normal 0.960077 0.279735 0
    outer loop
      vertex 27.344 -41.2295 0.8
      vertex 27.2711 -40.9793 0
      vertex 27.2711 -40.9793 0.8
    endloop
  endfacet
  facet normal 0.960077 0.279735 0
    outer loop
      vertex 27.2711 -40.9793 0
      vertex 27.344 -41.2295 0.8
      vertex 27.344 -41.2295 0
    endloop
  endfacet
  facet normal 0.925579 0.378554 0
    outer loop
      vertex 27.2711 -40.9793 0.8
      vertex 27.1774 -40.7502 0
      vertex 27.1774 -40.7502 0.8
    endloop
  endfacet
  facet normal 0.925579 0.378554 0
    outer loop
      vertex 27.1774 -40.7502 0
      vertex 27.2711 -40.9793 0.8
      vertex 27.2711 -40.9793 0
    endloop
  endfacet
  facet normal 0.876038 0.482242 0
    outer loop
      vertex 27.1774 -40.7502 0.8
      vertex 27.0629 -40.5422 0
      vertex 27.0629 -40.5422 0.8
    endloop
  endfacet
  facet normal 0.876038 0.482242 0
    outer loop
      vertex 27.0629 -40.5422 0
      vertex 27.1774 -40.7502 0.8
      vertex 27.1774 -40.7502 0
    endloop
  endfacet
  facet normal 0.809821 0.586676 0
    outer loop
      vertex 27.0629 -40.5422 0.8
      vertex 26.9275 -40.3553 0
      vertex 26.9275 -40.3553 0.8
    endloop
  endfacet
  facet normal 0.809821 0.586676 0
    outer loop
      vertex 26.9275 -40.3553 0
      vertex 27.0629 -40.5422 0.8
      vertex 27.0629 -40.5422 0
    endloop
  endfacet
  facet normal 0.727025 0.68661 0
    outer loop
      vertex 26.9275 -40.3553 0.8
      vertex 26.7729 -40.1916 0
      vertex 26.7729 -40.1916 0.8
    endloop
  endfacet
  facet normal 0.727025 0.68661 0
    outer loop
      vertex 26.7729 -40.1916 0
      vertex 26.9275 -40.3553 0.8
      vertex 26.9275 -40.3553 0
    endloop
  endfacet
  facet normal 0.626956 0.779055 -0
    outer loop
      vertex 26.7729 -40.1916 0
      vertex 26.6008 -40.0531 0.8
      vertex 26.7729 -40.1916 0.8
    endloop
  endfacet
  facet normal 0.626956 0.779055 0
    outer loop
      vertex 26.6008 -40.0531 0.8
      vertex 26.7729 -40.1916 0
      vertex 26.6008 -40.0531 0
    endloop
  endfacet
  facet normal 0.513098 0.85833 -0
    outer loop
      vertex 26.6008 -40.0531 0
      vertex 26.4111 -39.9397 0.8
      vertex 26.6008 -40.0531 0.8
    endloop
  endfacet
  facet normal 0.513098 0.85833 0
    outer loop
      vertex 26.4111 -39.9397 0.8
      vertex 26.6008 -40.0531 0
      vertex 26.4111 -39.9397 0
    endloop
  endfacet
  facet normal 0.391827 0.920039 -0
    outer loop
      vertex 26.4111 -39.9397 0
      vertex 26.204 -39.8515 0.8
      vertex 26.4111 -39.9397 0.8
    endloop
  endfacet
  facet normal 0.391827 0.920039 0
    outer loop
      vertex 26.204 -39.8515 0.8
      vertex 26.4111 -39.9397 0
      vertex 26.204 -39.8515 0
    endloop
  endfacet
  facet normal 0.269566 0.962982 -0
    outer loop
      vertex 26.204 -39.8515 0
      vertex 25.9793 -39.7886 0.8
      vertex 26.204 -39.8515 0.8
    endloop
  endfacet
  facet normal 0.269566 0.962982 0
    outer loop
      vertex 25.9793 -39.7886 0.8
      vertex 26.204 -39.8515 0
      vertex 25.9793 -39.7886 0
    endloop
  endfacet
  facet normal 0.154141 0.988049 -0
    outer loop
      vertex 25.9793 -39.7886 0
      vertex 25.737 -39.7508 0.8
      vertex 25.9793 -39.7886 0.8
    endloop
  endfacet
  facet normal 0.154141 0.988049 0
    outer loop
      vertex 25.737 -39.7508 0.8
      vertex 25.9793 -39.7886 0
      vertex 25.737 -39.7508 0
    endloop
  endfacet
  facet normal 0.0484605 0.998825 -0
    outer loop
      vertex 25.737 -39.7508 0
      vertex 25.4773 -39.7382 0.8
      vertex 25.737 -39.7508 0.8
    endloop
  endfacet
  facet normal 0.0484605 0.998825 0
    outer loop
      vertex 25.4773 -39.7382 0.8
      vertex 25.737 -39.7508 0
      vertex 25.4773 -39.7382 0
    endloop
  endfacet
  facet normal -0.0512656 0.998685 0
    outer loop
      vertex 25.4773 -39.7382 0
      vertex 25.226 -39.7511 0.8
      vertex 25.4773 -39.7382 0.8
    endloop
  endfacet
  facet normal -0.0512656 0.998685 0
    outer loop
      vertex 25.226 -39.7511 0.8
      vertex 25.4773 -39.7382 0
      vertex 25.226 -39.7511 0
    endloop
  endfacet
  facet normal -0.607239 -0.794519 0
    outer loop
      vertex 10.0506 -41.1718 0
      vertex 10.8766 -41.8031 0.8
      vertex 10.0506 -41.1718 0.8
    endloop
  endfacet
  facet normal -0.607239 -0.794519 -0
    outer loop
      vertex 10.8766 -41.8031 0.8
      vertex 10.0506 -41.1718 0
      vertex 10.8766 -41.8031 0
    endloop
  endfacet
  facet normal 0.78771 -0.616046 0
    outer loop
      vertex 10.8766 -41.8031 0.8
      vertex 13.2785 -38.7319 0
      vertex 13.2785 -38.7319 0.8
    endloop
  endfacet
  facet normal 0.78771 -0.616046 0
    outer loop
      vertex 13.2785 -38.7319 0
      vertex 10.8766 -41.8031 0.8
      vertex 10.8766 -41.8031 0
    endloop
  endfacet
  facet normal 0 -1 0
    outer loop
      vertex 13.2785 -38.7319 0
      vertex 14.9304 -38.7319 0.8
      vertex 13.2785 -38.7319 0.8
    endloop
  endfacet
  facet normal 0 -1 -0
    outer loop
      vertex 14.9304 -38.7319 0.8
      vertex 13.2785 -38.7319 0
      vertex 14.9304 -38.7319 0
    endloop
  endfacet
  facet normal -0.780589 0.625045 0
    outer loop
      vertex 11.8402 -42.5911 0
      vertex 14.9304 -38.7319 0.8
      vertex 14.9304 -38.7319 0
    endloop
  endfacet
  facet normal -0.780589 0.625045 0
    outer loop
      vertex 14.9304 -38.7319 0.8
      vertex 11.8402 -42.5911 0
      vertex 11.8402 -42.5911 0.8
    endloop
  endfacet
  facet normal -0.703554 -0.710642 0
    outer loop
      vertex 11.8402 -42.5911 0
      vertex 14.6978 -45.4202 0.8
      vertex 11.8402 -42.5911 0.8
    endloop
  endfacet
  facet normal -0.703554 -0.710642 -0
    outer loop
      vertex 14.6978 -45.4202 0.8
      vertex 11.8402 -42.5911 0
      vertex 14.6978 -45.4202 0
    endloop
  endfacet
  facet normal 0 1 -0
    outer loop
      vertex 14.6978 -45.4202 0
      vertex 13.0649 -45.4202 0.8
      vertex 14.6978 -45.4202 0.8
    endloop
  endfacet
  facet normal 0 1 0
    outer loop
      vertex 13.0649 -45.4202 0.8
      vertex 14.6978 -45.4202 0
      vertex 13.0649 -45.4202 0
    endloop
  endfacet
  facet normal 0.709313 0.704893 0
    outer loop
      vertex 13.0649 -45.4202 0.8
      vertex 10.0506 -42.387 0
      vertex 10.0506 -42.387 0.8
    endloop
  endfacet
  facet normal 0.709313 0.704893 0
    outer loop
      vertex 10.0506 -42.387 0
      vertex 13.0649 -45.4202 0.8
      vertex 13.0649 -45.4202 0
    endloop
  endfacet
  facet normal -1 0 0
    outer loop
      vertex 10.0506 -45.4202 0
      vertex 10.0506 -42.387 0.8
      vertex 10.0506 -42.387 0
    endloop
  endfacet
  facet normal -1 -0 0
    outer loop
      vertex 10.0506 -42.387 0.8
      vertex 10.0506 -45.4202 0
      vertex 10.0506 -45.4202 0.8
    endloop
  endfacet
  facet normal 0 1 -0
    outer loop
      vertex 10.0506 -45.4202 0
      vertex 8.6503 -45.4202 0.8
      vertex 10.0506 -45.4202 0.8
    endloop
  endfacet
  facet normal 0 1 0
    outer loop
      vertex 8.6503 -45.4202 0.8
      vertex 10.0506 -45.4202 0
      vertex 8.6503 -45.4202 0
    endloop
  endfacet
  facet normal 1 -0 0
    outer loop
      vertex 8.6503 -45.4202 0.8
      vertex 8.6503 -38.7319 0
      vertex 8.6503 -38.7319 0.8
    endloop
  endfacet
  facet normal 1 0 0
    outer loop
      vertex 8.6503 -38.7319 0
      vertex 8.6503 -45.4202 0.8
      vertex 8.6503 -45.4202 0
    endloop
  endfacet
  facet normal 0 -1 0
    outer loop
      vertex 8.6503 -38.7319 0
      vertex 10.0506 -38.7319 0.8
      vertex 8.6503 -38.7319 0.8
    endloop
  endfacet
  facet normal 0 -1 -0
    outer loop
      vertex 10.0506 -38.7319 0.8
      vertex 8.6503 -38.7319 0
      vertex 10.0506 -38.7319 0
    endloop
  endfacet
  facet normal -1 0 0
    outer loop
      vertex 10.0506 -41.1718 0
      vertex 10.0506 -38.7319 0.8
      vertex 10.0506 -38.7319 0
    endloop
  endfacet
  facet normal -1 -0 0
    outer loop
      vertex 10.0506 -38.7319 0.8
      vertex 10.0506 -41.1718 0
      vertex 10.0506 -41.1718 0.8
    endloop
  endfacet
  facet normal 0 -1 0
    outer loop
      vertex 16.9072 -41.2715 0
      vertex 18.5496 -41.2715 0.8
      vertex 16.9072 -41.2715 0.8
    endloop
  endfacet
  facet normal 0 -1 -0
    outer loop
      vertex 18.5496 -41.2715 0.8
      vertex 16.9072 -41.2715 0
      vertex 18.5496 -41.2715 0
    endloop
  endfacet
  facet normal 0.853249 -0.521504 0
    outer loop
      vertex 18.5496 -41.2715 0.8
      vertex 20.1018 -38.7319 0
      vertex 20.1018 -38.7319 0.8
    endloop
  endfacet
  facet normal 0.853249 -0.521504 0
    outer loop
      vertex 20.1018 -38.7319 0
      vertex 18.5496 -41.2715 0.8
      vertex 18.5496 -41.2715 0
    endloop
  endfacet
  facet normal 0 -1 0
    outer loop
      vertex 20.1018 -38.7319 0
      vertex 21.6778 -38.7319 0.8
      vertex 20.1018 -38.7319 0.8
    endloop
  endfacet
  facet normal 0 -1 -0
    outer loop
      vertex 21.6778 -38.7319 0.8
      vertex 20.1018 -38.7319 0
      vertex 21.6778 -38.7319 0
    endloop
  endfacet
  facet normal -0.840892 0.541204 0
    outer loop
      vertex 19.8692 -41.542 0
      vertex 21.6778 -38.7319 0.8
      vertex 21.6778 -38.7319 0
    endloop
  endfacet
  facet normal -0.840892 0.541204 0
    outer loop
      vertex 21.6778 -38.7319 0.8
      vertex 19.8692 -41.542 0
      vertex 19.8692 -41.542 0.8
    endloop
  endfacet
  facet normal -0.272492 -0.962158 0
    outer loop
      vertex 19.8692 -41.542 0
      vertex 20.0574 -41.5953 0.8
      vertex 19.8692 -41.542 0.8
    endloop
  endfacet
  facet normal -0.272492 -0.962158 -0
    outer loop
      vertex 20.0574 -41.5953 0.8
      vertex 19.8692 -41.542 0
      vertex 20.0574 -41.5953 0
    endloop
  endfacet
  facet normal -0.356676 -0.934228 0
    outer loop
      vertex 20.0574 -41.5953 0
      vertex 20.2342 -41.6628 0.8
      vertex 20.0574 -41.5953 0.8
    endloop
  endfacet
  facet normal -0.356676 -0.934228 -0
    outer loop
      vertex 20.2342 -41.6628 0.8
      vertex 20.0574 -41.5953 0
      vertex 20.2342 -41.6628 0
    endloop
  endfacet
  facet normal -0.442872 -0.896585 0
    outer loop
      vertex 20.2342 -41.6628 0
      vertex 20.3996 -41.7445 0.8
      vertex 20.2342 -41.6628 0.8
    endloop
  endfacet
  facet normal -0.442872 -0.896585 -0
    outer loop
      vertex 20.3996 -41.7445 0.8
      vertex 20.2342 -41.6628 0
      vertex 20.3996 -41.7445 0
    endloop
  endfacet
  facet normal -0.528858 -0.84871 0
    outer loop
      vertex 20.3996 -41.7445 0
      vertex 20.5535 -41.8404 0.8
      vertex 20.3996 -41.7445 0.8
    endloop
  endfacet
  facet normal -0.528858 -0.84871 -0
    outer loop
      vertex 20.5535 -41.8404 0.8
      vertex 20.3996 -41.7445 0
      vertex 20.5535 -41.8404 0
    endloop
  endfacet
  facet normal -0.611748 -0.791053 0
    outer loop
      vertex 20.5535 -41.8404 0
      vertex 20.696 -41.9506 0.8
      vertex 20.5535 -41.8404 0.8
    endloop
  endfacet
  facet normal -0.611748 -0.791053 -0
    outer loop
      vertex 20.696 -41.9506 0.8
      vertex 20.5535 -41.8404 0
      vertex 20.696 -41.9506 0
    endloop
  endfacet
  facet normal -0.688328 -0.7254 0
    outer loop
      vertex 20.696 -41.9506 0
      vertex 20.8271 -42.075 0.8
      vertex 20.696 -41.9506 0.8
    endloop
  endfacet
  facet normal -0.688328 -0.7254 -0
    outer loop
      vertex 20.8271 -42.075 0.8
      vertex 20.696 -41.9506 0
      vertex 20.8271 -42.075 0
    endloop
  endfacet
  facet normal -0.757326 -0.653037 0
    outer loop
      vertex 20.9467 -42.2137 0
      vertex 20.8271 -42.075 0.8
      vertex 20.8271 -42.075 0
    endloop
  endfacet
  facet normal -0.757326 -0.653037 0
    outer loop
      vertex 20.8271 -42.075 0.8
      vertex 20.9467 -42.2137 0
      vertex 20.9467 -42.2137 0.8
    endloop
  endfacet
  facet normal -0.816635 -0.577154 0
    outer loop
      vertex 21.0525 -42.3634 0
      vertex 20.9467 -42.2137 0.8
      vertex 20.9467 -42.2137 0
    endloop
  endfacet
  facet normal -0.816635 -0.577154 0
    outer loop
      vertex 20.9467 -42.2137 0.8
      vertex 21.0525 -42.3634 0
      vertex 21.0525 -42.3634 0.8
    endloop
  endfacet
  facet normal -0.869564 -0.49382 0
    outer loop
      vertex 21.142 -42.521 0
      vertex 21.0525 -42.3634 0.8
      vertex 21.0525 -42.3634 0
    endloop
  endfacet
  facet normal -0.869564 -0.49382 0
    outer loop
      vertex 21.0525 -42.3634 0.8
      vertex 21.142 -42.521 0
      vertex 21.142 -42.521 0.8
    endloop
  endfacet
  facet normal -0.914244 -0.405164 0
    outer loop
      vertex 21.2153 -42.6864 0
      vertex 21.142 -42.521 0.8
      vertex 21.142 -42.521 0
    endloop
  endfacet
  facet normal -0.914244 -0.405164 0
    outer loop
      vertex 21.142 -42.521 0.8
      vertex 21.2153 -42.6864 0
      vertex 21.2153 -42.6864 0.8
    endloop
  endfacet
  facet normal -0.949883 -0.312606 0
    outer loop
      vertex 21.2723 -42.8596 0
      vertex 21.2153 -42.6864 0.8
      vertex 21.2153 -42.6864 0
    endloop
  endfacet
  facet normal -0.949883 -0.312606 0
    outer loop
      vertex 21.2153 -42.6864 0.8
      vertex 21.2723 -42.8596 0
      vertex 21.2723 -42.8596 0.8
    endloop
  endfacet
  facet normal -0.97569 -0.219153 0
    outer loop
      vertex 21.313 -43.0408 0
      vertex 21.2723 -42.8596 0.8
      vertex 21.2723 -42.8596 0
    endloop
  endfacet
  facet normal -0.97569 -0.219153 0
    outer loop
      vertex 21.2723 -42.8596 0.8
      vertex 21.313 -43.0408 0
      vertex 21.313 -43.0408 0.8
    endloop
  endfacet
  facet normal -0.991761 -0.128105 0
    outer loop
      vertex 21.3374 -43.2297 0
      vertex 21.313 -43.0408 0.8
      vertex 21.313 -43.0408 0
    endloop
  endfacet
  facet normal -0.991761 -0.128105 0
    outer loop
      vertex 21.313 -43.0408 0.8
      vertex 21.3374 -43.2297 0
      vertex 21.3374 -43.2297 0.8
    endloop
  endfacet
  facet normal -0.999155 -0.0411029 0
    outer loop
      vertex 21.3455 -43.4266 0
      vertex 21.3374 -43.2297 0.8
      vertex 21.3374 -43.2297 0
    endloop
  endfacet
  facet normal -0.999155 -0.0411029 0
    outer loop
      vertex 21.3374 -43.2297 0.8
      vertex 21.3455 -43.4266 0
      vertex 21.3455 -43.4266 0.8
    endloop
  endfacet
  facet normal -0.998753 0.0499189 0
    outer loop
      vertex 21.3322 -43.6927 0
      vertex 21.3455 -43.4266 0.8
      vertex 21.3455 -43.4266 0
    endloop
  endfacet
  facet normal -0.998753 0.0499189 0
    outer loop
      vertex 21.3455 -43.4266 0.8
      vertex 21.3322 -43.6927 0
      vertex 21.3322 -43.6927 0.8
    endloop
  endfacet
  facet normal -0.987356 0.158519 0
    outer loop
      vertex 21.2924 -43.9406 0
      vertex 21.3322 -43.6927 0.8
      vertex 21.3322 -43.6927 0
    endloop
  endfacet
  facet normal -0.987356 0.158519 0
    outer loop
      vertex 21.3322 -43.6927 0.8
      vertex 21.2924 -43.9406 0
      vertex 21.2924 -43.9406 0.8
    endloop
  endfacet
  facet normal -0.960603 0.277926 0
    outer loop
      vertex 21.226 -44.1701 0
      vertex 21.2924 -43.9406 0.8
      vertex 21.2924 -43.9406 0
    endloop
  endfacet
  facet normal -0.960603 0.277926 0
    outer loop
      vertex 21.2924 -43.9406 0.8
      vertex 21.226 -44.1701 0
      vertex 21.226 -44.1701 0.8
    endloop
  endfacet
  facet normal -0.91536 0.402637 0
    outer loop
      vertex 21.1331 -44.3813 0
      vertex 21.226 -44.1701 0.8
      vertex 21.226 -44.1701 0
    endloop
  endfacet
  facet normal -0.91536 0.402637 0
    outer loop
      vertex 21.226 -44.1701 0.8
      vertex 21.1331 -44.3813 0
      vertex 21.1331 -44.3813 0.8
    endloop
  endfacet
  facet normal -0.850415 0.526112 0
    outer loop
      vertex 21.0137 -44.5743 0
      vertex 21.1331 -44.3813 0.8
      vertex 21.1331 -44.3813 0
    endloop
  endfacet
  facet normal -0.850415 0.526112 0
    outer loop
      vertex 21.1331 -44.3813 0.8
      vertex 21.0137 -44.5743 0
      vertex 21.0137 -44.5743 0.8
    endloop
  endfacet
  facet normal -0.76714 0.64148 0
    outer loop
      vertex 20.8677 -44.7489 0
      vertex 21.0137 -44.5743 0.8
      vertex 21.0137 -44.5743 0
    endloop
  endfacet
  facet normal -0.76714 0.64148 0
    outer loop
      vertex 21.0137 -44.5743 0.8
      vertex 20.8677 -44.7489 0
      vertex 20.8677 -44.7489 0.8
    endloop
  endfacet
  facet normal -0.671239 0.741241 0
    outer loop
      vertex 20.8677 -44.7489 0
      vertex 20.6951 -44.9052 0.8
      vertex 20.8677 -44.7489 0.8
    endloop
  endfacet
  facet normal -0.671239 0.741241 0
    outer loop
      vertex 20.6951 -44.9052 0.8
      vertex 20.8677 -44.7489 0
      vertex 20.6951 -44.9052 0
    endloop
  endfacet
  facet normal -0.570013 0.821636 0
    outer loop
      vertex 20.6951 -44.9052 0
      vertex 20.4982 -45.0418 0.8
      vertex 20.6951 -44.9052 0.8
    endloop
  endfacet
  facet normal -0.570013 0.821636 0
    outer loop
      vertex 20.4982 -45.0418 0.8
      vertex 20.6951 -44.9052 0
      vertex 20.4982 -45.0418 0
    endloop
  endfacet
  facet normal -0.466478 0.884533 0
    outer loop
      vertex 20.4982 -45.0418 0
      vertex 20.279 -45.1574 0.8
      vertex 20.4982 -45.0418 0.8
    endloop
  endfacet
  facet normal -0.466478 0.884533 0
    outer loop
      vertex 20.279 -45.1574 0.8
      vertex 20.4982 -45.0418 0
      vertex 20.279 -45.1574 0
    endloop
  endfacet
  facet normal -0.364734 0.931112 0
    outer loop
      vertex 20.279 -45.1574 0
      vertex 20.0375 -45.252 0.8
      vertex 20.279 -45.1574 0.8
    endloop
  endfacet
  facet normal -0.364734 0.931112 0
    outer loop
      vertex 20.0375 -45.252 0.8
      vertex 20.279 -45.1574 0
      vertex 20.0375 -45.252 0
    endloop
  endfacet
  facet normal -0.268736 0.963214 0
    outer loop
      vertex 20.0375 -45.252 0
      vertex 19.7737 -45.3256 0.8
      vertex 20.0375 -45.252 0.8
    endloop
  endfacet
  facet normal -0.268736 0.963214 0
    outer loop
      vertex 19.7737 -45.3256 0.8
      vertex 20.0375 -45.252 0
      vertex 19.7737 -45.3256 0
    endloop
  endfacet
  facet normal -0.180821 0.983516 0
    outer loop
      vertex 19.7737 -45.3256 0
      vertex 19.4876 -45.3782 0.8
      vertex 19.7737 -45.3256 0.8
    endloop
  endfacet
  facet normal -0.180821 0.983516 0
    outer loop
      vertex 19.4876 -45.3782 0.8
      vertex 19.7737 -45.3256 0
      vertex 19.4876 -45.3782 0
    endloop
  endfacet
  facet normal -0.101611 0.994824 0
    outer loop
      vertex 19.4876 -45.3782 0
      vertex 19.1792 -45.4097 0.8
      vertex 19.4876 -45.3782 0.8
    endloop
  endfacet
  facet normal -0.101611 0.994824 0
    outer loop
      vertex 19.1792 -45.4097 0.8
      vertex 19.4876 -45.3782 0
      vertex 19.1792 -45.4097 0
    endloop
  endfacet
  facet normal -0.0317444 0.999496 0
    outer loop
      vertex 19.1792 -45.4097 0
      vertex 18.8486 -45.4202 0.8
      vertex 19.1792 -45.4097 0.8
    endloop
  endfacet
  facet normal -0.0317444 0.999496 0
    outer loop
      vertex 18.8486 -45.4202 0.8
      vertex 19.1792 -45.4097 0
      vertex 18.8486 -45.4202 0
    endloop
  endfacet
  facet normal 0 1 -0
    outer loop
      vertex 18.8486 -45.4202 0
      vertex 15.5068 -45.4202 0.8
      vertex 18.8486 -45.4202 0.8
    endloop
  endfacet
  facet normal 0 1 0
    outer loop
      vertex 15.5068 -45.4202 0.8
      vertex 18.8486 -45.4202 0
      vertex 15.5068 -45.4202 0
    endloop
  endfacet
  facet normal 1 -0 0
    outer loop
      vertex 15.5068 -45.4202 0.8
      vertex 15.5068 -38.7319 0
      vertex 15.5068 -38.7319 0.8
    endloop
  endfacet
  facet normal 1 0 0
    outer loop
      vertex 15.5068 -38.7319 0
      vertex 15.5068 -45.4202 0.8
      vertex 15.5068 -45.4202 0
    endloop
  endfacet
  facet normal 0 -1 0
    outer loop
      vertex 15.5068 -38.7319 0
      vertex 16.9072 -38.7319 0.8
      vertex 15.5068 -38.7319 0.8
    endloop
  endfacet
  facet normal 0 -1 -0
    outer loop
      vertex 16.9072 -38.7319 0.8
      vertex 15.5068 -38.7319 0
      vertex 16.9072 -38.7319 0
    endloop
  endfacet
  facet normal -1 0 0
    outer loop
      vertex 16.9072 -41.2715 0
      vertex 16.9072 -38.7319 0.8
      vertex 16.9072 -38.7319 0
    endloop
  endfacet
  facet normal -1 -0 0
    outer loop
      vertex 16.9072 -38.7319 0.8
      vertex 16.9072 -41.2715 0
      vertex 16.9072 -41.2715 0.8
    endloop
  endfacet
  facet normal -1 0 0
    outer loop
      vertex 16.9072 -44.3332 0
      vertex 16.9072 -42.3585 0.8
      vertex 16.9072 -42.3585 0
    endloop
  endfacet
  facet normal -1 -0 0
    outer loop
      vertex 16.9072 -42.3585 0.8
      vertex 16.9072 -44.3332 0
      vertex 16.9072 -44.3332 0.8
    endloop
  endfacet
  facet normal 0 -1 0
    outer loop
      vertex 16.9072 -44.3332 0
      vertex 18.7015 -44.3332 0.8
      vertex 16.9072 -44.3332 0.8
    endloop
  endfacet
  facet normal 0 -1 -0
    outer loop
      vertex 18.7015 -44.3332 0.8
      vertex 16.9072 -44.3332 0
      vertex 18.7015 -44.3332 0
    endloop
  endfacet
  facet normal 0.0600624 -0.998195 0
    outer loop
      vertex 18.7015 -44.3332 0
      vertex 19.0289 -44.3135 0.8
      vertex 18.7015 -44.3332 0.8
    endloop
  endfacet
  facet normal 0.0600624 -0.998195 0
    outer loop
      vertex 19.0289 -44.3135 0.8
      vertex 18.7015 -44.3332 0
      vertex 19.0289 -44.3135 0
    endloop
  endfacet
  facet normal 0.208251 -0.978075 0
    outer loop
      vertex 19.0289 -44.3135 0
      vertex 19.306 -44.2545 0.8
      vertex 19.0289 -44.3135 0.8
    endloop
  endfacet
  facet normal 0.208251 -0.978075 0
    outer loop
      vertex 19.306 -44.2545 0.8
      vertex 19.0289 -44.3135 0
      vertex 19.306 -44.2545 0
    endloop
  endfacet
  facet normal 0.397971 -0.917398 0
    outer loop
      vertex 19.306 -44.2545 0
      vertex 19.5326 -44.1562 0.8
      vertex 19.306 -44.2545 0.8
    endloop
  endfacet
  facet normal 0.397971 -0.917398 0
    outer loop
      vertex 19.5326 -44.1562 0.8
      vertex 19.306 -44.2545 0
      vertex 19.5326 -44.1562 0
    endloop
  endfacet
  facet normal 0.615332 -0.788268 0
    outer loop
      vertex 19.5326 -44.1562 0
      vertex 19.709 -44.0185 0.8
      vertex 19.5326 -44.1562 0.8
    endloop
  endfacet
  facet normal 0.615332 -0.788268 0
    outer loop
      vertex 19.709 -44.0185 0.8
      vertex 19.5326 -44.1562 0
      vertex 19.709 -44.0185 0
    endloop
  endfacet
  facet normal 0.814728 -0.579843 0
    outer loop
      vertex 19.709 -44.0185 0.8
      vertex 19.8349 -43.8416 0
      vertex 19.8349 -43.8416 0.8
    endloop
  endfacet
  facet normal 0.814728 -0.579843 0
    outer loop
      vertex 19.8349 -43.8416 0
      vertex 19.709 -44.0185 0.8
      vertex 19.709 -44.0185 0
    endloop
  endfacet
  facet normal 0.944184 -0.329417 0
    outer loop
      vertex 19.8349 -43.8416 0.8
      vertex 19.9104 -43.6252 0
      vertex 19.9104 -43.6252 0.8
    endloop
  endfacet
  facet normal 0.944184 -0.329417 0
    outer loop
      vertex 19.9104 -43.6252 0
      vertex 19.8349 -43.8416 0.8
      vertex 19.8349 -43.8416 0
    endloop
  endfacet
  facet normal 0.995175 -0.0981158 0
    outer loop
      vertex 19.9104 -43.6252 0.8
      vertex 19.9356 -43.3696 0
      vertex 19.9356 -43.3696 0.8
    endloop
  endfacet
  facet normal 0.995175 -0.0981158 0
    outer loop
      vertex 19.9356 -43.3696 0
      vertex 19.9104 -43.6252 0.8
      vertex 19.9104 -43.6252 0
    endloop
  endfacet
  facet normal 0.998909 0.0467061 0
    outer loop
      vertex 19.9356 -43.3696 0.8
      vertex 19.9294 -43.237 0
      vertex 19.9294 -43.237 0.8
    endloop
  endfacet
  facet normal 0.998909 0.0467061 0
    outer loop
      vertex 19.9294 -43.237 0
      vertex 19.9356 -43.3696 0.8
      vertex 19.9356 -43.3696 0
    endloop
  endfacet
  facet normal 0.988919 0.148458 0
    outer loop
      vertex 19.9294 -43.237 0.8
      vertex 19.9108 -43.1131 0
      vertex 19.9108 -43.1131 0.8
    endloop
  endfacet
  facet normal 0.988919 0.148458 0
    outer loop
      vertex 19.9108 -43.1131 0
      vertex 19.9294 -43.237 0.8
      vertex 19.9294 -43.237 0
    endloop
  endfacet
  facet normal 0.965648 0.259853 0
    outer loop
      vertex 19.9108 -43.1131 0.8
      vertex 19.8798 -42.9979 0
      vertex 19.8798 -42.9979 0.8
    endloop
  endfacet
  facet normal 0.965648 0.259853 0
    outer loop
      vertex 19.8798 -42.9979 0
      vertex 19.9108 -43.1131 0.8
      vertex 19.9108 -43.1131 0
    endloop
  endfacet
  facet normal 0.926059 0.37738 0
    outer loop
      vertex 19.8798 -42.9979 0.8
      vertex 19.8364 -42.8914 0
      vertex 19.8364 -42.8914 0.8
    endloop
  endfacet
  facet normal 0.926059 0.37738 0
    outer loop
      vertex 19.8364 -42.8914 0
      vertex 19.8798 -42.9979 0.8
      vertex 19.8798 -42.9979 0
    endloop
  endfacet
  facet normal 0.868571 0.495565 0
    outer loop
      vertex 19.8364 -42.8914 0.8
      vertex 19.7806 -42.7936 0
      vertex 19.7806 -42.7936 0.8
    endloop
  endfacet
  facet normal 0.868571 0.495565 0
    outer loop
      vertex 19.7806 -42.7936 0
      vertex 19.8364 -42.8914 0.8
      vertex 19.8364 -42.8914 0
    endloop
  endfacet
  facet normal 0.79375 0.608244 0
    outer loop
      vertex 19.7806 -42.7936 0.8
      vertex 19.7124 -42.7046 0
      vertex 19.7124 -42.7046 0.8
    endloop
  endfacet
  facet normal 0.79375 0.608244 0
    outer loop
      vertex 19.7124 -42.7046 0
      vertex 19.7806 -42.7936 0.8
      vertex 19.7806 -42.7936 0
    endloop
  endfacet
  facet normal 0.705787 0.708424 -0
    outer loop
      vertex 19.7124 -42.7046 0
      vertex 19.6318 -42.6243 0.8
      vertex 19.7124 -42.7046 0.8
    endloop
  endfacet
  facet normal 0.705787 0.708424 0
    outer loop
      vertex 19.6318 -42.6243 0.8
      vertex 19.7124 -42.7046 0
      vertex 19.6318 -42.6243 0
    endloop
  endfacet
  facet normal 0.605758 0.795649 -0
    outer loop
      vertex 19.6318 -42.6243 0
      vertex 19.5392 -42.5538 0.8
      vertex 19.6318 -42.6243 0.8
    endloop
  endfacet
  facet normal 0.605758 0.795649 0
    outer loop
      vertex 19.5392 -42.5538 0.8
      vertex 19.6318 -42.6243 0
      vertex 19.5392 -42.5538 0
    endloop
  endfacet
  facet normal 0.497125 0.867679 -0
    outer loop
      vertex 19.5392 -42.5538 0
      vertex 19.435 -42.4941 0.8
      vertex 19.5392 -42.5538 0.8
    endloop
  endfacet
  facet normal 0.497125 0.867679 0
    outer loop
      vertex 19.435 -42.4941 0.8
      vertex 19.5392 -42.5538 0
      vertex 19.435 -42.4941 0
    endloop
  endfacet
  facet normal 0.388057 0.921635 -0
    outer loop
      vertex 19.435 -42.4941 0
      vertex 19.3191 -42.4453 0.8
      vertex 19.435 -42.4941 0.8
    endloop
  endfacet
  facet normal 0.388057 0.921635 0
    outer loop
      vertex 19.3191 -42.4453 0.8
      vertex 19.435 -42.4941 0
      vertex 19.3191 -42.4453 0
    endloop
  endfacet
  facet normal 0.285829 0.958281 -0
    outer loop
      vertex 19.3191 -42.4453 0
      vertex 19.1917 -42.4073 0.8
      vertex 19.3191 -42.4453 0.8
    endloop
  endfacet
  facet normal 0.285829 0.958281 0
    outer loop
      vertex 19.1917 -42.4073 0.8
      vertex 19.3191 -42.4453 0
      vertex 19.1917 -42.4073 0
    endloop
  endfacet
  facet normal 0.191228 0.981546 -0
    outer loop
      vertex 19.1917 -42.4073 0
      vertex 19.0526 -42.3802 0.8
      vertex 19.1917 -42.4073 0.8
    endloop
  endfacet
  facet normal 0.191228 0.981546 0
    outer loop
      vertex 19.0526 -42.3802 0.8
      vertex 19.1917 -42.4073 0
      vertex 19.0526 -42.3802 0
    endloop
  endfacet
  facet normal 0.107464 0.994209 -0
    outer loop
      vertex 19.0526 -42.3802 0
      vertex 18.9018 -42.3639 0.8
      vertex 19.0526 -42.3802 0.8
    endloop
  endfacet
  facet normal 0.107464 0.994209 0
    outer loop
      vertex 18.9018 -42.3639 0.8
      vertex 19.0526 -42.3802 0
      vertex 18.9018 -42.3639 0
    endloop
  endfacet
  facet normal 0.0332533 0.999447 -0
    outer loop
      vertex 18.9018 -42.3639 0
      vertex 18.7395 -42.3585 0.8
      vertex 18.9018 -42.3639 0.8
    endloop
  endfacet
  facet normal 0.0332533 0.999447 0
    outer loop
      vertex 18.7395 -42.3585 0.8
      vertex 18.9018 -42.3639 0
      vertex 18.7395 -42.3585 0
    endloop
  endfacet
  facet normal 0 1 -0
    outer loop
      vertex 18.7395 -42.3585 0
      vertex 16.9072 -42.3585 0.8
      vertex 18.7395 -42.3585 0.8
    endloop
  endfacet
  facet normal 0 1 0
    outer loop
      vertex 16.9072 -42.3585 0.8
      vertex 18.7395 -42.3585 0
      vertex 16.9072 -42.3585 0
    endloop
  endfacet
  facet normal -0.999922 0.0124807 0
    outer loop
      vertex 30.9903 -42.8127 0
      vertex 30.992 -42.6765 0.8
      vertex 30.992 -42.6765 0
    endloop
  endfacet
  facet normal -0.999922 0.0124807 0
    outer loop
      vertex 30.992 -42.6765 0.8
      vertex 30.9903 -42.8127 0
      vertex 30.9903 -42.8127 0.8
    endloop
  endfacet
  facet normal -0.999361 0.0357396 0
    outer loop
      vertex 30.985 -42.9609 0
      vertex 30.9903 -42.8127 0.8
      vertex 30.9903 -42.8127 0
    endloop
  endfacet
  facet normal -0.999361 0.0357396 0
    outer loop
      vertex 30.9903 -42.8127 0.8
      vertex 30.985 -42.9609 0
      vertex 30.985 -42.9609 0.8
    endloop
  endfacet
  facet normal -0.99853 0.0541935 0
    outer loop
      vertex 30.9763 -43.1212 0
      vertex 30.985 -42.9609 0.8
      vertex 30.985 -42.9609 0
    endloop
  endfacet
  facet normal -0.99853 0.0541935 0
    outer loop
      vertex 30.985 -42.9609 0.8
      vertex 30.9763 -43.1212 0
      vertex 30.9763 -43.1212 0.8
    endloop
  endfacet
  facet normal -0.9975 0.0706707 0
    outer loop
      vertex 30.9641 -43.2934 0
      vertex 30.9763 -43.1212 0.8
      vertex 30.9763 -43.1212 0
    endloop
  endfacet
  facet normal -0.9975 0.0706707 0
    outer loop
      vertex 30.9763 -43.1212 0.8
      vertex 30.9641 -43.2934 0
      vertex 30.9641 -43.2934 0.8
    endloop
  endfacet
  facet normal -0.996391 0.0848798 0
    outer loop
      vertex 30.9484 -43.4777 0
      vertex 30.9641 -43.2934 0.8
      vertex 30.9641 -43.2934 0
    endloop
  endfacet
  facet normal -0.996391 0.0848798 0
    outer loop
      vertex 30.9641 -43.2934 0.8
      vertex 30.9484 -43.4777 0
      vertex 30.9484 -43.4777 0.8
    endloop
  endfacet
  facet normal -0.9953 0.0968427 0
    outer loop
      vertex 30.9293 -43.674 0
      vertex 30.9484 -43.4777 0.8
      vertex 30.9484 -43.4777 0
    endloop
  endfacet
  facet normal -0.9953 0.0968427 0
    outer loop
      vertex 30.9484 -43.4777 0.8
      vertex 30.9293 -43.674 0
      vertex 30.9293 -43.674 0.8
    endloop
  endfacet
  facet normal -0.994114 0.108336 0
    outer loop
      vertex 30.9066 -43.8823 0
      vertex 30.9293 -43.674 0.8
      vertex 30.9293 -43.674 0
    endloop
  endfacet
  facet normal -0.994114 0.108336 0
    outer loop
      vertex 30.9293 -43.674 0.8
      vertex 30.9066 -43.8823 0
      vertex 30.9066 -43.8823 0.8
    endloop
  endfacet
  facet normal 0.870316 -0.492493 0
    outer loop
      vertex 30.9066 -43.8823 0.8
      vertex 33.8211 -38.7319 0
      vertex 33.8211 -38.7319 0.8
    endloop
  endfacet
  facet normal 0.870316 -0.492493 0
    outer loop
      vertex 33.8211 -38.7319 0
      vertex 30.9066 -43.8823 0.8
      vertex 30.9066 -43.8823 0
    endloop
  endfacet
  facet normal 0 -1 0
    outer loop
      vertex 33.8211 -38.7319 0
      vertex 35.4636 -38.7319 0.8
      vertex 33.8211 -38.7319 0.8
    endloop
  endfacet
  facet normal 0 -1 -0
    outer loop
      vertex 35.4636 -38.7319 0.8
      vertex 33.8211 -38.7319 0
      vertex 35.4636 -38.7319 0
    endloop
  endfacet
  facet normal -1 0 0
    outer loop
      vertex 35.4636 -45.4202 0
      vertex 35.4636 -38.7319 0.8
      vertex 35.4636 -38.7319 0
    endloop
  endfacet
  facet normal -1 -0 0
    outer loop
      vertex 35.4636 -38.7319 0.8
      vertex 35.4636 -45.4202 0
      vertex 35.4636 -45.4202 0.8
    endloop
  endfacet
  facet normal 0 1 -0
    outer loop
      vertex 35.4636 -45.4202 0
      vertex 34.2199 -45.4202 0.8
      vertex 35.4636 -45.4202 0.8
    endloop
  endfacet
  facet normal 0 1 0
    outer loop
      vertex 34.2199 -45.4202 0.8
      vertex 35.4636 -45.4202 0
      vertex 34.2199 -45.4202 0
    endloop
  endfacet
  facet normal 1 -0 0
    outer loop
      vertex 34.2199 -45.4202 0.8
      vertex 34.2199 -41.5325 0
      vertex 34.2199 -41.5325 0.8
    endloop
  endfacet
  facet normal 1 0 0
    outer loop
      vertex 34.2199 -41.5325 0
      vertex 34.2199 -45.4202 0.8
      vertex 34.2199 -45.4202 0
    endloop
  endfacet
  facet normal 0.999944 -0.0105381 0
    outer loop
      vertex 34.2199 -41.5325 0.8
      vertex 34.2217 -41.3617 0
      vertex 34.2217 -41.3617 0.8
    endloop
  endfacet
  facet normal 0.999944 -0.0105381 0
    outer loop
      vertex 34.2217 -41.3617 0
      vertex 34.2199 -41.5325 0.8
      vertex 34.2199 -41.5325 0
    endloop
  endfacet
  facet normal 0.999564 -0.0295326 0
    outer loop
      vertex 34.2217 -41.3617 0.8
      vertex 34.2269 -41.1857 0
      vertex 34.2269 -41.1857 0.8
    endloop
  endfacet
  facet normal 0.999564 -0.0295326 0
    outer loop
      vertex 34.2269 -41.1857 0
      vertex 34.2217 -41.3617 0.8
      vertex 34.2217 -41.3617 0
    endloop
  endfacet
  facet normal 0.998849 -0.047958 0
    outer loop
      vertex 34.2269 -41.1857 0.8
      vertex 34.2356 -41.0045 0
      vertex 34.2356 -41.0045 0.8
    endloop
  endfacet
  facet normal 0.998849 -0.047958 0
    outer loop
      vertex 34.2356 -41.0045 0
      vertex 34.2269 -41.1857 0.8
      vertex 34.2269 -41.1857 0
    endloop
  endfacet
  facet normal 0.997867 -0.065276 0
    outer loop
      vertex 34.2356 -41.0045 0.8
      vertex 34.2478 -40.818 0
      vertex 34.2478 -40.818 0.8
    endloop
  endfacet
  facet normal 0.997867 -0.065276 0
    outer loop
      vertex 34.2478 -40.818 0
      vertex 34.2356 -41.0045 0.8
      vertex 34.2356 -41.0045 0
    endloop
  endfacet
  facet normal 0.996663 -0.0816255 0
    outer loop
      vertex 34.2478 -40.818 0.8
      vertex 34.2635 -40.6263 0
      vertex 34.2635 -40.6263 0.8
    endloop
  endfacet
  facet normal 0.996663 -0.0816255 0
    outer loop
      vertex 34.2635 -40.6263 0
      vertex 34.2478 -40.818 0.8
      vertex 34.2478 -40.818 0
    endloop
  endfacet
  facet normal 0.995284 -0.0970023 0
    outer loop
      vertex 34.2635 -40.6263 0.8
      vertex 34.2827 -40.4293 0
      vertex 34.2827 -40.4293 0.8
    endloop
  endfacet
  facet normal 0.995284 -0.0970023 0
    outer loop
      vertex 34.2827 -40.4293 0
      vertex 34.2635 -40.6263 0.8
      vertex 34.2635 -40.6263 0
    endloop
  endfacet
  facet normal 0.993806 -0.111133 0
    outer loop
      vertex 34.2827 -40.4293 0.8
      vertex 34.3053 -40.2272 0
      vertex 34.3053 -40.2272 0.8
    endloop
  endfacet
  facet normal 0.993806 -0.111133 0
    outer loop
      vertex 34.3053 -40.2272 0
      vertex 34.2827 -40.4293 0.8
      vertex 34.2827 -40.4293 0
    endloop
  endfacet
  facet normal -0.868972 0.494861 0
    outer loop
      vertex 31.348 -45.4202 0
      vertex 34.3053 -40.2272 0.8
      vertex 34.3053 -40.2272 0
    endloop
  endfacet
  facet normal -0.868972 0.494861 0
    outer loop
      vertex 34.3053 -40.2272 0.8
      vertex 31.348 -45.4202 0
      vertex 31.348 -45.4202 0.8
    endloop
  endfacet
  facet normal 0 1 -0
    outer loop
      vertex 31.348 -45.4202 0
      vertex 29.7483 -45.4202 0.8
      vertex 31.348 -45.4202 0.8
    endloop
  endfacet
  facet normal 0 1 0
    outer loop
      vertex 29.7483 -45.4202 0.8
      vertex 31.348 -45.4202 0
      vertex 29.7483 -45.4202 0
    endloop
  endfacet
  facet normal 1 -0 0
    outer loop
      vertex 29.7483 -45.4202 0.8
      vertex 29.7483 -38.7319 0
      vertex 29.7483 -38.7319 0.8
    endloop
  endfacet
  facet normal 1 0 0
    outer loop
      vertex 29.7483 -38.7319 0
      vertex 29.7483 -45.4202 0.8
      vertex 29.7483 -45.4202 0
    endloop
  endfacet
  facet normal 0 -1 0
    outer loop
      vertex 29.7483 -38.7319 0
      vertex 30.992 -38.7319 0.8
      vertex 29.7483 -38.7319 0.8
    endloop
  endfacet
  facet normal 0 -1 -0
    outer loop
      vertex 30.992 -38.7319 0.8
      vertex 29.7483 -38.7319 0
      vertex 30.992 -38.7319 0
    endloop
  endfacet
  facet normal -1 0 0
    outer loop
      vertex 30.992 -42.6765 0
      vertex 30.992 -38.7319 0.8
      vertex 30.992 -38.7319 0
    endloop
  endfacet
  facet normal -1 -0 0
    outer loop
      vertex 30.992 -38.7319 0.8
      vertex 30.992 -42.6765 0
      vertex 30.992 -42.6765 0.8
    endloop
  endfacet
  facet normal -0.607286 -0.794483 0
    outer loop
      vertex 38.0052 -41.1718 0
      vertex 38.8311 -41.8031 0.8
      vertex 38.0052 -41.1718 0.8
    endloop
  endfacet
  facet normal -0.607286 -0.794483 -0
    outer loop
      vertex 38.8311 -41.8031 0.8
      vertex 38.0052 -41.1718 0
      vertex 38.8311 -41.8031 0
    endloop
  endfacet
  facet normal 0.787698 -0.616062 0
    outer loop
      vertex 38.8311 -41.8031 0.8
      vertex 41.2331 -38.7319 0
      vertex 41.2331 -38.7319 0.8
    endloop
  endfacet
  facet normal 0.787698 -0.616062 0
    outer loop
      vertex 41.2331 -38.7319 0
      vertex 38.8311 -41.8031 0.8
      vertex 38.8311 -41.8031 0
    endloop
  endfacet
  facet normal 0 -1 0
    outer loop
      vertex 41.2331 -38.7319 0
      vertex 42.8849 -38.7319 0.8
      vertex 41.2331 -38.7319 0.8
    endloop
  endfacet
  facet normal 0 -1 -0
    outer loop
      vertex 42.8849 -38.7319 0.8
      vertex 41.2331 -38.7319 0
      vertex 42.8849 -38.7319 0
    endloop
  endfacet
  facet normal -0.780589 0.625045 0
    outer loop
      vertex 39.7947 -42.5911 0
      vertex 42.8849 -38.7319 0.8
      vertex 42.8849 -38.7319 0
    endloop
  endfacet
  facet normal -0.780589 0.625045 0
    outer loop
      vertex 42.8849 -38.7319 0.8
      vertex 39.7947 -42.5911 0
      vertex 39.7947 -42.5911 0.8
    endloop
  endfacet
  facet normal -0.703554 -0.710642 0
    outer loop
      vertex 39.7947 -42.5911 0
      vertex 42.6523 -45.4202 0.8
      vertex 39.7947 -42.5911 0.8
    endloop
  endfacet
  facet normal -0.703554 -0.710642 -0
    outer loop
      vertex 42.6523 -45.4202 0.8
      vertex 39.7947 -42.5911 0
      vertex 42.6523 -45.4202 0
    endloop
  endfacet
  facet normal 0 1 -0
    outer loop
      vertex 42.6523 -45.4202 0
      vertex 41.0195 -45.4202 0.8
      vertex 42.6523 -45.4202 0.8
    endloop
  endfacet
  facet normal 0 1 0
    outer loop
      vertex 41.0195 -45.4202 0.8
      vertex 42.6523 -45.4202 0
      vertex 41.0195 -45.4202 0
    endloop
  endfacet
  facet normal 0.709313 0.704893 0
    outer loop
      vertex 41.0195 -45.4202 0.8
      vertex 38.0052 -42.387 0
      vertex 38.0052 -42.387 0.8
    endloop
  endfacet
  facet normal 0.709313 0.704893 0
    outer loop
      vertex 38.0052 -42.387 0
      vertex 41.0195 -45.4202 0.8
      vertex 41.0195 -45.4202 0
    endloop
  endfacet
  facet normal -1 0 0
    outer loop
      vertex 38.0052 -45.4202 0
      vertex 38.0052 -42.387 0.8
      vertex 38.0052 -42.387 0
    endloop
  endfacet
  facet normal -1 -0 0
    outer loop
      vertex 38.0052 -42.387 0.8
      vertex 38.0052 -45.4202 0
      vertex 38.0052 -45.4202 0.8
    endloop
  endfacet
  facet normal 0 1 -0
    outer loop
      vertex 38.0052 -45.4202 0
      vertex 36.6048 -45.4202 0.8
      vertex 38.0052 -45.4202 0.8
    endloop
  endfacet
  facet normal 0 1 0
    outer loop
      vertex 36.6048 -45.4202 0.8
      vertex 38.0052 -45.4202 0
      vertex 36.6048 -45.4202 0
    endloop
  endfacet
  facet normal 1 -0 0
    outer loop
      vertex 36.6048 -45.4202 0.8
      vertex 36.6048 -38.7319 0
      vertex 36.6048 -38.7319 0.8
    endloop
  endfacet
  facet normal 1 0 0
    outer loop
      vertex 36.6048 -38.7319 0
      vertex 36.6048 -45.4202 0.8
      vertex 36.6048 -45.4202 0
    endloop
  endfacet
  facet normal 0 -1 0
    outer loop
      vertex 36.6048 -38.7319 0
      vertex 38.0052 -38.7319 0.8
      vertex 36.6048 -38.7319 0.8
    endloop
  endfacet
  facet normal 0 -1 -0
    outer loop
      vertex 38.0052 -38.7319 0.8
      vertex 36.6048 -38.7319 0
      vertex 38.0052 -38.7319 0
    endloop
  endfacet
  facet normal -1 0 0
    outer loop
      vertex 38.0052 -41.1718 0
      vertex 38.0052 -38.7319 0.8
      vertex 38.0052 -38.7319 0
    endloop
  endfacet
  facet normal -1 -0 0
    outer loop
      vertex 38.0052 -38.7319 0.8
      vertex 38.0052 -41.1718 0
      vertex 38.0052 -41.1718 0.8
    endloop
  endfacet
  facet normal 1 -0 0
    outer loop
      vertex 100.8 -132.8 8.5
      vertex 100.8 4.8 0
      vertex 100.8 4.8 8.5
    endloop
  endfacet
  facet normal 1 0 0
    outer loop
      vertex 100.8 4.8 0
      vertex 100.8 -132.8 8.5
      vertex 100.8 -132.8 0
    endloop
  endfacet
  facet normal 0 0 -1
    outer loop
      vertex 5.79107 -122.209 0
      vertex 41.268 -110.114 0
      vertex 5.79201 -122.21 0
    endloop
  endfacet
  facet normal 0 0 -1
    outer loop
      vertex 8.6503 -45.4202 0
      vertex 6.71244 -3.92149 0
      vertex 6.74006 -3.5 0
    endloop
  endfacet
  facet normal 0 0 -1
    outer loop
      vertex 5.79 -122.208 0
      vertex 41.268 -110.114 0
      vertex 5.79107 -122.209 0
    endloop
  endfacet
  facet normal 0 0 -1
    outer loop
      vertex 8.6503 -45.4202 0
      vertex 6.71235 -3.92291 0
      vertex 6.71244 -3.92149 0
    endloop
  endfacet
  facet normal 0 0 -1
    outer loop
      vertex 5.47243 -121.929 0
      vertex 41.268 -110.114 0
      vertex 5.79 -122.208 0
    endloop
  endfacet
  facet normal 0 0 -1
    outer loop
      vertex 8.6503 -45.4202 0
      vertex 6.71207 -3.92431 0
      vertex 6.71235 -3.92291 0
    endloop
  endfacet
  facet normal -0 0 -1
    outer loop
      vertex 41.268 -110.114 0
      vertex 5.47243 -121.929 0
      vertex 41.4394 -109.252 0
    endloop
  endfacet
  facet normal 0 0 -1
    outer loop
      vertex 8.6503 -45.4202 0
      vertex 6.62966 -4.33859 0
      vertex 6.71207 -3.92431 0
    endloop
  endfacet
  facet normal -0 0 -1
    outer loop
      vertex 41.4394 -109.252 0
      vertex 5.47243 -121.929 0
      vertex 41.4412 -109.243 0
    endloop
  endfacet
  facet normal 0 0 -1
    outer loop
      vertex 8.6503 -45.4202 0
      vertex 6.49389 -4.73857 0
      vertex 6.62966 -4.33859 0
    endloop
  endfacet
  facet normal 0 0 -1
    outer loop
      vertex 5.12122 -121.695 0
      vertex 41.4412 -109.243 0
      vertex 5.47243 -121.929 0
    endloop
  endfacet
  facet normal 0 0 -1
    outer loop
      vertex 8.6503 -45.4202 0
      vertex 6.49343 -4.73992 0
      vertex 6.49389 -4.73857 0
    endloop
  endfacet
  facet normal -0 0 -1
    outer loop
      vertex 41.4412 -109.243 0
      vertex 5.12122 -121.695 0
      vertex 41.4444 -109.233 0
    endloop
  endfacet
  facet normal 0 0 -1
    outer loop
      vertex 8.6503 -45.4202 0
      vertex 6.30661 -5.11875 0
      vertex 6.49343 -4.73992 0
    endloop
  endfacet
  facet normal 0 0 -1
    outer loop
      vertex 5.12003 -121.694 0
      vertex 41.4444 -109.233 0
      vertex 5.12122 -121.695 0
    endloop
  endfacet
  facet normal 0 0 -1
    outer loop
      vertex 8.6503 -45.4202 0
      vertex 6.30598 -5.12003 0
      vertex 6.30661 -5.11875 0
    endloop
  endfacet
  facet normal -0 0 -1
    outer loop
      vertex 41.4444 -109.233 0
      vertex 5.12003 -121.694 0
      vertex 41.7267 -108.402 0
    endloop
  endfacet
  facet normal 0 0 -1
    outer loop
      vertex 8.6503 -45.4202 0
      vertex 6.30519 -5.12122 0
      vertex 6.30598 -5.12003 0
    endloop
  endfacet
  facet normal 0 0 -1
    outer loop
      vertex 5.11875 -121.693 0
      vertex 41.7267 -108.402 0
      vertex 5.12003 -121.694 0
    endloop
  endfacet
  facet normal 0 0 -1
    outer loop
      vertex 8.6503 -45.4202 0
      vertex 6.07052 -5.47243 0
      vertex 6.30519 -5.12122 0
    endloop
  endfacet
  facet normal 0 0 -1
    outer loop
      vertex 4.73992 -121.507 0
      vertex 41.7267 -108.402 0
      vertex 5.11875 -121.693 0
    endloop
  endfacet
  facet normal 0 0 -1
    outer loop
      vertex 8.6503 -45.4202 0
      vertex 5.79201 -5.79 0
      vertex 6.07052 -5.47243 0
    endloop
  endfacet
  facet normal -0 0 -1
    outer loop
      vertex 41.7267 -108.402 0
      vertex 4.73992 -121.507 0
      vertex 42.1153 -107.614 0
    endloop
  endfacet
  facet normal 0 0 -1
    outer loop
      vertex 8.6503 -45.4202 0
      vertex 5.79107 -5.79107 0
      vertex 5.79201 -5.79 0
    endloop
  endfacet
  facet normal -0 0 -1
    outer loop
      vertex 42.1153 -107.614 0
      vertex 4.73992 -121.507 0
      vertex 42.1196 -107.605 0
    endloop
  endfacet
  facet normal 0 0 -1
    outer loop
      vertex 8.6503 -45.4202 0
      vertex 5.79 -5.79201 0
      vertex 5.79107 -5.79107 0
    endloop
  endfacet
  facet normal 0 0 -1
    outer loop
      vertex 4.73857 -121.506 0
      vertex 42.1196 -107.605 0
      vertex 4.73992 -121.507 0
    endloop
  endfacet
  facet normal 0 0 -1
    outer loop
      vertex 8.6503 -45.4202 0
      vertex 5.47243 -6.07052 0
      vertex 5.79 -5.79201 0
    endloop
  endfacet
  facet normal 0 0 -1
    outer loop
      vertex 4.33859 -121.37 0
      vertex 42.1196 -107.605 0
      vertex 4.73857 -121.506 0
    endloop
  endfacet
  facet normal 0 0 -1
    outer loop
      vertex 8.6503 -45.4202 0
      vertex 5.12122 -6.30519 0
      vertex 5.47243 -6.07052 0
    endloop
  endfacet
  facet normal -0 0 -1
    outer loop
      vertex 42.1196 -107.605 0
      vertex 4.33859 -121.37 0
      vertex 42.125 -107.597 0
    endloop
  endfacet
  facet normal 0 0 -1
    outer loop
      vertex 8.6503 -45.4202 0
      vertex 5.12003 -6.30598 0
      vertex 5.12122 -6.30519 0
    endloop
  endfacet
  facet normal -0 0 -1
    outer loop
      vertex 42.125 -107.597 0
      vertex 4.33859 -121.37 0
      vertex 42.613 -106.866 0
    endloop
  endfacet
  facet normal 0 0 -1
    outer loop
      vertex 8.6503 -45.4202 0
      vertex 5.11875 -6.30661 0
      vertex 5.12003 -6.30598 0
    endloop
  endfacet
  facet normal -0 0 -1
    outer loop
      vertex 42.613 -106.866 0
      vertex 4.33859 -121.37 0
      vertex 10.0506 -45.4202 0
    endloop
  endfacet
  facet normal 0 0 -1
    outer loop
      vertex 8.6503 -45.4202 0
      vertex 4.73992 -6.49343 0
      vertex 5.11875 -6.30661 0
    endloop
  endfacet
  facet normal 0 0 -1
    outer loop
      vertex 3.92431 -121.288 0
      vertex 10.0506 -45.4202 0
      vertex 4.33859 -121.37 0
    endloop
  endfacet
  facet normal 0 0 -1
    outer loop
      vertex 8.6503 -45.4202 0
      vertex 4.73857 -6.49389 0
      vertex 4.73992 -6.49343 0
    endloop
  endfacet
  facet normal 0 0 -1
    outer loop
      vertex 3.92291 -121.288 0
      vertex 10.0506 -45.4202 0
      vertex 3.92431 -121.288 0
    endloop
  endfacet
  facet normal 0 0 -1
    outer loop
      vertex 8.6503 -45.4202 0
      vertex 4.33859 -6.62966 0
      vertex 4.73857 -6.49389 0
    endloop
  endfacet
  facet normal -0 0 -1
    outer loop
      vertex 10.0506 -45.4202 0
      vertex 3.92291 -121.288 0
      vertex 8.6503 -45.4202 0
    endloop
  endfacet
  facet normal 0 0 -1
    outer loop
      vertex 8.6503 -45.4202 0
      vertex 3.92431 -6.71207 0
      vertex 4.33859 -6.62966 0
    endloop
  endfacet
  facet normal 0 0 -1
    outer loop
      vertex 3.92149 -121.288 0
      vertex 8.6503 -45.4202 0
      vertex 3.92291 -121.288 0
    endloop
  endfacet
  facet normal 0 0 -1
    outer loop
      vertex 8.6503 -45.4202 0
      vertex 3.92291 -6.71235 0
      vertex 3.92431 -6.71207 0
    endloop
  endfacet
  facet normal 0 0 -1
    outer loop
      vertex 3.5 -121.26 0
      vertex 8.6503 -45.4202 0
      vertex 3.92149 -121.288 0
    endloop
  endfacet
  facet normal 0 0 -1
    outer loop
      vertex 8.6503 -45.4202 0
      vertex 3.92149 -6.71244 0
      vertex 3.92291 -6.71235 0
    endloop
  endfacet
  facet normal 0 0 -1
    outer loop
      vertex 3.07851 -121.288 0
      vertex 8.6503 -45.4202 0
      vertex 3.5 -121.26 0
    endloop
  endfacet
  facet normal 0 0 -1
    outer loop
      vertex 8.6503 -45.4202 0
      vertex 3.5 -6.74006 0
      vertex 3.92149 -6.71244 0
    endloop
  endfacet
  facet normal 0 0 -1
    outer loop
      vertex 3.07709 -121.288 0
      vertex 8.6503 -45.4202 0
      vertex 3.07851 -121.288 0
    endloop
  endfacet
  facet normal 0 0 -1
    outer loop
      vertex 8.6503 -45.4202 0
      vertex 3.07851 -6.71244 0
      vertex 3.5 -6.74006 0
    endloop
  endfacet
  facet normal 0 0 -1
    outer loop
      vertex 3.07569 -121.288 0
      vertex 8.6503 -45.4202 0
      vertex 3.07709 -121.288 0
    endloop
  endfacet
  facet normal 0 0 -1
    outer loop
      vertex 8.6503 -45.4202 0
      vertex 3.07709 -6.71235 0
      vertex 3.07851 -6.71244 0
    endloop
  endfacet
  facet normal 0 0 -1
    outer loop
      vertex 2.66141 -121.37 0
      vertex 8.6503 -45.4202 0
      vertex 3.07569 -121.288 0
    endloop
  endfacet
  facet normal 0 0 -1
    outer loop
      vertex 8.6503 -45.4202 0
      vertex 3.07569 -6.71207 0
      vertex 3.07709 -6.71235 0
    endloop
  endfacet
  facet normal 0 0 -1
    outer loop
      vertex 2.26143 -121.506 0
      vertex 8.6503 -45.4202 0
      vertex 2.66141 -121.37 0
    endloop
  endfacet
  facet normal 0 0 -1
    outer loop
      vertex 8.6503 -45.4202 0
      vertex 2.66141 -6.62966 0
      vertex 3.07569 -6.71207 0
    endloop
  endfacet
  facet normal 0 0 -1
    outer loop
      vertex 2.26008 -121.507 0
      vertex 8.6503 -45.4202 0
      vertex 2.26143 -121.506 0
    endloop
  endfacet
  facet normal 0 0 -1
    outer loop
      vertex 8.6503 -45.4202 0
      vertex 2.26143 -6.49389 0
      vertex 2.66141 -6.62966 0
    endloop
  endfacet
  facet normal 0 0 -1
    outer loop
      vertex 2.2588 -121.507 0
      vertex 8.6503 -45.4202 0
      vertex 2.26008 -121.507 0
    endloop
  endfacet
  facet normal 0 0 -1
    outer loop
      vertex 8.6503 -45.4202 0
      vertex 2.26008 -6.49343 0
      vertex 2.26143 -6.49389 0
    endloop
  endfacet
  facet normal 0 0 -1
    outer loop
      vertex 1.87997 -121.694 0
      vertex 8.6503 -45.4202 0
      vertex 2.2588 -121.507 0
    endloop
  endfacet
  facet normal 0 0 -1
    outer loop
      vertex 8.6503 -45.4202 0
      vertex 2.2588 -6.4928 0
      vertex 2.26008 -6.49343 0
    endloop
  endfacet
  facet normal 0 0 -1
    outer loop
      vertex 1.87878 -121.695 0
      vertex 8.6503 -45.4202 0
      vertex 1.87997 -121.694 0
    endloop
  endfacet
  facet normal 0 0 -1
    outer loop
      vertex 8.6503 -45.4202 0
      vertex 1.87997 -6.30598 0
      vertex 2.2588 -6.4928 0
    endloop
  endfacet
  facet normal 0 0 -1
    outer loop
      vertex 1.52757 -121.929 0
      vertex 8.6503 -45.4202 0
      vertex 1.87878 -121.695 0
    endloop
  endfacet
  facet normal 0 0 -1
    outer loop
      vertex 8.6503 -45.4202 0
      vertex 1.87878 -6.30519 0
      vertex 1.87997 -6.30598 0
    endloop
  endfacet
  facet normal 0 0 -1
    outer loop
      vertex 1.21 -122.208 0
      vertex 8.6503 -45.4202 0
      vertex 1.52757 -121.929 0
    endloop
  endfacet
  facet normal 0 0 -1
    outer loop
      vertex 8.6503 -45.4202 0
      vertex 1.52757 -6.07052 0
      vertex 1.87878 -6.30519 0
    endloop
  endfacet
  facet normal 0 0 -1
    outer loop
      vertex 1.20893 -122.209 0
      vertex 8.6503 -45.4202 0
      vertex 1.21 -122.208 0
    endloop
  endfacet
  facet normal 0 0 -1
    outer loop
      vertex 8.6503 -45.4202 0
      vertex 1.21 -5.79201 0
      vertex 1.52757 -6.07052 0
    endloop
  endfacet
  facet normal 0 0 -1
    outer loop
      vertex 1.20799 -122.21 0
      vertex 8.6503 -45.4202 0
      vertex 1.20893 -122.209 0
    endloop
  endfacet
  facet normal 0 0 -1
    outer loop
      vertex 8.6503 -45.4202 0
      vertex 1.20893 -5.79107 0
      vertex 1.21 -5.79201 0
    endloop
  endfacet
  facet normal 0 0 -1
    outer loop
      vertex 0.929483 -122.528 0
      vertex 8.6503 -45.4202 0
      vertex 1.20799 -122.21 0
    endloop
  endfacet
  facet normal 0 0 -1
    outer loop
      vertex 8.6503 -45.4202 0
      vertex 1.20799 -5.79 0
      vertex 1.20893 -5.79107 0
    endloop
  endfacet
  facet normal 0 0 -1
    outer loop
      vertex 0.694813 -122.879 0
      vertex 8.6503 -45.4202 0
      vertex 0.929483 -122.528 0
    endloop
  endfacet
  facet normal 0 0 -1
    outer loop
      vertex 8.6503 -45.4202 0
      vertex 0.929483 -5.47243 0
      vertex 1.20799 -5.79 0
    endloop
  endfacet
  facet normal 0 0 -1
    outer loop
      vertex 0.694021 -122.88 0
      vertex 8.6503 -45.4202 0
      vertex 0.694813 -122.879 0
    endloop
  endfacet
  facet normal 0 0 -1
    outer loop
      vertex 8.6503 -45.4202 0
      vertex 0.694813 -5.12122 0
      vertex 0.929483 -5.47243 0
    endloop
  endfacet
  facet normal 0 0 -1
    outer loop
      vertex 0.5072 -123.259 0
      vertex 8.6503 -45.4202 0
      vertex 0.694021 -122.88 0
    endloop
  endfacet
  facet normal 0 0 -1
    outer loop
      vertex 8.6503 -45.4202 0
      vertex 0.694021 -5.12003 0
      vertex 0.694813 -5.12122 0
    endloop
  endfacet
  facet normal 0 0 -1
    outer loop
      vertex 8.6503 -45.4202 0
      vertex 0.693391 -5.11875 0
      vertex 0.694021 -5.12003 0
    endloop
  endfacet
  facet normal 0 0 -1
    outer loop
      vertex 0.50657 -123.26 0
      vertex 8.6503 -45.4202 0
      vertex 0.5072 -123.259 0
    endloop
  endfacet
  facet normal 0 0 -1
    outer loop
      vertex -4.8 -132.8 0
      vertex 8.6503 -45.4202 0
      vertex 0.50657 -123.26 0
    endloop
  endfacet
  facet normal 0 0 -1
    outer loop
      vertex 8.6503 -45.4202 0
      vertex 0.50657 -4.73992 0
      vertex 0.693391 -5.11875 0
    endloop
  endfacet
  facet normal 0 0 -1
    outer loop
      vertex -4.8 -132.8 0
      vertex 0.50657 -123.26 0
      vertex 0.506112 -123.261 0
    endloop
  endfacet
  facet normal 0 0 -1
    outer loop
      vertex -4.8 4.8 0
      vertex 8.6503 -45.4202 0
      vertex -4.8 -132.8 0
    endloop
  endfacet
  facet normal 0 0 -1
    outer loop
      vertex -4.8 -132.8 0
      vertex 0.506112 -123.261 0
      vertex 0.370337 -123.661 0
    endloop
  endfacet
  facet normal 0 0 -1
    outer loop
      vertex 8.6503 -45.4202 0
      vertex -4.8 4.8 0
      vertex 0.50657 -4.73992 0
    endloop
  endfacet
  facet normal 0 0 -1
    outer loop
      vertex -4.8 -132.8 0
      vertex 0.370337 -123.661 0
      vertex 0.287932 -124.076 0
    endloop
  endfacet
  facet normal 0 0 -1
    outer loop
      vertex 0.50657 -4.73992 0
      vertex -4.8 4.8 0
      vertex 0.506112 -4.73857 0
    endloop
  endfacet
  facet normal 0 0 -1
    outer loop
      vertex -4.8 -132.8 0
      vertex 0.287932 -124.076 0
      vertex 0.287654 -124.077 0
    endloop
  endfacet
  facet normal 0 0 -1
    outer loop
      vertex 0.506112 -4.73857 0
      vertex -4.8 4.8 0
      vertex 0.370337 -4.33859 0
    endloop
  endfacet
  facet normal 0 0 -1
    outer loop
      vertex -4.8 -132.8 0
      vertex 0.287654 -124.077 0
      vertex 0.28756 -124.079 0
    endloop
  endfacet
  facet normal 0 0 -1
    outer loop
      vertex 0.370337 -4.33859 0
      vertex -4.8 4.8 0
      vertex 0.287932 -3.92431 0
    endloop
  endfacet
  facet normal 0 0 -1
    outer loop
      vertex -4.8 -132.8 0
      vertex 0.28756 -124.079 0
      vertex 0.259935 -124.5 0
    endloop
  endfacet
  facet normal 0 0 -1
    outer loop
      vertex 0.287932 -3.92431 0
      vertex -4.8 4.8 0
      vertex 0.287654 -3.92291 0
    endloop
  endfacet
  facet normal 0 0 -1
    outer loop
      vertex 33.8211 -38.7319 0
      vertex 30.9903 -42.8127 0
      vertex 30.992 -42.6765 0
    endloop
  endfacet
  facet normal 0 0 -1
    outer loop
      vertex 33.8211 -38.7319 0
      vertex 30.985 -42.9609 0
      vertex 30.9903 -42.8127 0
    endloop
  endfacet
  facet normal 0 0 -1
    outer loop
      vertex 33.8211 -38.7319 0
      vertex 30.9763 -43.1212 0
      vertex 30.985 -42.9609 0
    endloop
  endfacet
  facet normal 0 0 -1
    outer loop
      vertex 33.8211 -38.7319 0
      vertex 30.9641 -43.2934 0
      vertex 30.9763 -43.1212 0
    endloop
  endfacet
  facet normal 0 0 -1
    outer loop
      vertex 33.8211 -38.7319 0
      vertex 30.9484 -43.4777 0
      vertex 30.9641 -43.2934 0
    endloop
  endfacet
  facet normal 0 0 -1
    outer loop
      vertex 33.8211 -38.7319 0
      vertex 30.9293 -43.674 0
      vertex 30.9484 -43.4777 0
    endloop
  endfacet
  facet normal 0 -0 -1
    outer loop
      vertex 30.9293 -43.674 0
      vertex 33.8211 -38.7319 0
      vertex 30.9066 -43.8823 0
    endloop
  endfacet
  facet normal -0 0 -1
    outer loop
      vertex 77.75 -42 0
      vertex 42.6523 -45.4202 0
      vertex 42.8849 -38.7319 0
    endloop
  endfacet
  facet normal 0 0 -1
    outer loop
      vertex 15.5068 -45.4202 0
      vertex 43.1987 -106.199 0
      vertex 42.6194 -106.859 0
    endloop
  endfacet
  facet normal 0 0 -1
    outer loop
      vertex 15.5068 -45.4202 0
      vertex 42.6194 -106.859 0
      vertex 42.613 -106.866 0
    endloop
  endfacet
  facet normal -0 0 -1
    outer loop
      vertex 41.2099 -111 0
      vertex 6.07052 -122.528 0
      vertex 41.2105 -110.99 0
    endloop
  endfacet
  facet normal 0 0 -1
    outer loop
      vertex 6.30519 -122.879 0
      vertex 41.2099 -111 0
      vertex 6.30598 -122.88 0
    endloop
  endfacet
  facet normal -0 0 -1
    outer loop
      vertex 41.2105 -111.01 0
      vertex 6.30598 -122.88 0
      vertex 41.2099 -111 0
    endloop
  endfacet
  facet normal -0 0 -1
    outer loop
      vertex 41.268 -111.886 0
      vertex 6.30598 -122.88 0
      vertex 41.2105 -111.01 0
    endloop
  endfacet
  facet normal 0 0 -1
    outer loop
      vertex 6.30598 -122.88 0
      vertex 41.268 -111.886 0
      vertex 6.4928 -123.259 0
    endloop
  endfacet
  facet normal 0 0 -1
    outer loop
      vertex 6.4928 -123.259 0
      vertex 41.268 -111.886 0
      vertex 6.49343 -123.26 0
    endloop
  endfacet
  facet normal -0 0 -1
    outer loop
      vertex 41.4394 -112.748 0
      vertex 6.49343 -123.26 0
      vertex 41.268 -111.886 0
    endloop
  endfacet
  facet normal -0 0 -1
    outer loop
      vertex 41.4412 -112.757 0
      vertex 6.49343 -123.26 0
      vertex 41.4394 -112.748 0
    endloop
  endfacet
  facet normal 0 0 -1
    outer loop
      vertex 6.49343 -123.26 0
      vertex 41.4412 -112.757 0
      vertex 6.49389 -123.261 0
    endloop
  endfacet
  facet normal 0 0 -1
    outer loop
      vertex 6.49389 -123.261 0
      vertex 41.4412 -112.757 0
      vertex 6.62966 -123.661 0
    endloop
  endfacet
  facet normal 0 0 -1
    outer loop
      vertex 43.8591 -105.619 0
      vertex 41.0195 -45.4202 0
      vertex 42.6523 -45.4202 0
    endloop
  endfacet
  facet normal 0 0 -1
    outer loop
      vertex 42.8849 -38.7319 0
      vertex 42.6523 -45.4202 0
      vertex 39.7947 -42.5911 0
    endloop
  endfacet
  facet normal 0 0 -1
    outer loop
      vertex 41.0195 -45.4202 0
      vertex 38.0052 -45.4202 0
      vertex 38.0052 -42.387 0
    endloop
  endfacet
  facet normal -0 0 -1
    outer loop
      vertex 34.2827 -40.4293 0
      vertex 31.348 -45.4202 0
      vertex 34.3053 -40.2272 0
    endloop
  endfacet
  facet normal -0 0 -1
    outer loop
      vertex 34.2635 -40.6263 0
      vertex 31.348 -45.4202 0
      vertex 34.2827 -40.4293 0
    endloop
  endfacet
  facet normal -0 0 -1
    outer loop
      vertex 34.2478 -40.818 0
      vertex 31.348 -45.4202 0
      vertex 34.2635 -40.6263 0
    endloop
  endfacet
  facet normal -0 0 -1
    outer loop
      vertex 34.2356 -41.0045 0
      vertex 31.348 -45.4202 0
      vertex 34.2478 -40.818 0
    endloop
  endfacet
  facet normal -0 0 -1
    outer loop
      vertex 34.2269 -41.1857 0
      vertex 31.348 -45.4202 0
      vertex 34.2356 -41.0045 0
    endloop
  endfacet
  facet normal -0 0 -1
    outer loop
      vertex 34.2217 -41.3617 0
      vertex 31.348 -45.4202 0
      vertex 34.2269 -41.1857 0
    endloop
  endfacet
  facet normal 0 0 -1
    outer loop
      vertex 31.348 -45.4202 0
      vertex 34.2217 -41.3617 0
      vertex 34.2199 -41.5325 0
    endloop
  endfacet
  facet normal 0 0 -1
    outer loop
      vertex 21.142 -42.521 0
      vertex 22.13 -42.5522 0
      vertex 21.2153 -42.6864 0
    endloop
  endfacet
  facet normal 0 0 -1
    outer loop
      vertex 22.13 -42.5522 0
      vertex 21.142 -42.521 0
      vertex 22.1117 -42.1069 0
    endloop
  endfacet
  facet normal 0 0 -1
    outer loop
      vertex 21.0525 -42.3634 0
      vertex 22.1117 -42.1069 0
      vertex 21.142 -42.521 0
    endloop
  endfacet
  facet normal 0 0 -1
    outer loop
      vertex 20.9467 -42.2137 0
      vertex 22.1117 -42.1069 0
      vertex 21.0525 -42.3634 0
    endloop
  endfacet
  facet normal -0 0 -1
    outer loop
      vertex 22.1117 -42.1069 0
      vertex 20.9467 -42.2137 0
      vertex 22.13 -41.6598 0
    endloop
  endfacet
  facet normal 0 0 -1
    outer loop
      vertex 20.8271 -42.075 0
      vertex 22.13 -41.6598 0
      vertex 20.9467 -42.2137 0
    endloop
  endfacet
  facet normal 0 0 -1
    outer loop
      vertex 20.696 -41.9506 0
      vertex 22.13 -41.6598 0
      vertex 20.8271 -42.075 0
    endloop
  endfacet
  facet normal -0 0 -1
    outer loop
      vertex 22.13 -41.6598 0
      vertex 20.696 -41.9506 0
      vertex 22.1848 -41.2406 0
    endloop
  endfacet
  facet normal 0 0 -1
    outer loop
      vertex 20.5535 -41.8404 0
      vertex 22.1848 -41.2406 0
      vertex 20.696 -41.9506 0
    endloop
  endfacet
  facet normal 0 0 -1
    outer loop
      vertex 20.3996 -41.7445 0
      vertex 22.1848 -41.2406 0
      vertex 20.5535 -41.8404 0
    endloop
  endfacet
  facet normal 0 0 -1
    outer loop
      vertex 20.2342 -41.6628 0
      vertex 22.1848 -41.2406 0
      vertex 20.3996 -41.7445 0
    endloop
  endfacet
  facet normal -0 0 -1
    outer loop
      vertex 22.1848 -41.2406 0
      vertex 20.2342 -41.6628 0
      vertex 21.6778 -38.7319 0
    endloop
  endfacet
  facet normal 0 0 -1
    outer loop
      vertex 20.0574 -41.5953 0
      vertex 21.6778 -38.7319 0
      vertex 20.2342 -41.6628 0
    endloop
  endfacet
  facet normal 0 0 -1
    outer loop
      vertex 21.6778 -38.7319 0
      vertex 20.0574 -41.5953 0
      vertex 19.8692 -41.542 0
    endloop
  endfacet
  facet normal 0 0 -1
    outer loop
      vertex 15.5068 -45.4202 0
      vertex 11.8402 -42.5911 0
      vertex 14.9304 -38.7319 0
    endloop
  endfacet
  facet normal 0 0 -1
    outer loop
      vertex 13.0649 -45.4202 0
      vertex 10.0506 -45.4202 0
      vertex 10.0506 -42.387 0
    endloop
  endfacet
  facet normal 0 0 -1
    outer loop
      vertex 95.7121 -124.076 0
      vertex 100.8 -132.8 0
      vertex 95.7123 -124.077 0
    endloop
  endfacet
  facet normal 0 0 -1
    outer loop
      vertex 100.8 4.8 0
      vertex 95.7124 -3.92149 0
      vertex 95.7401 -3.5 0
    endloop
  endfacet
  facet normal 0 0 -1
    outer loop
      vertex 95.6297 -123.661 0
      vertex 100.8 -132.8 0
      vertex 95.7121 -124.076 0
    endloop
  endfacet
  facet normal 0 0 -1
    outer loop
      vertex 100.8 4.8 0
      vertex 95.7123 -3.92291 0
      vertex 95.7124 -3.92149 0
    endloop
  endfacet
  facet normal 0 0 -1
    outer loop
      vertex 95.4939 -123.261 0
      vertex 100.8 -132.8 0
      vertex 95.6297 -123.661 0
    endloop
  endfacet
  facet normal 0 0 -1
    outer loop
      vertex 100.8 4.8 0
      vertex 95.7121 -3.92431 0
      vertex 95.7123 -3.92291 0
    endloop
  endfacet
  facet normal 0 0 -1
    outer loop
      vertex 100.8 -132.8 0
      vertex 90.1965 -42.8158 0
      vertex 100.8 4.8 0
    endloop
  endfacet
  facet normal 0 0 -1
    outer loop
      vertex 100.8 4.8 0
      vertex 95.6297 -4.33859 0
      vertex 95.7121 -3.92431 0
    endloop
  endfacet
  facet normal 0 0 -1
    outer loop
      vertex 95.4934 -123.26 0
      vertex 100.8 -132.8 0
      vertex 95.4939 -123.261 0
    endloop
  endfacet
  facet normal 0 0 -1
    outer loop
      vertex 90.1965 -41.1842 0
      vertex 100.8 4.8 0
      vertex 90.25 -42 0
    endloop
  endfacet
  facet normal 0 0 -1
    outer loop
      vertex 90.037 -43.6176 0
      vertex 100.8 -132.8 0
      vertex 95.4934 -123.26 0
    endloop
  endfacet
  facet normal 0 0 -1
    outer loop
      vertex 100.8 4.8 0
      vertex 95.4939 -4.73857 0
      vertex 95.6297 -4.33859 0
    endloop
  endfacet
  facet normal 0 0 -1
    outer loop
      vertex 90.037 -43.6176 0
      vertex 95.4934 -123.26 0
      vertex 95.4928 -123.259 0
    endloop
  endfacet
  facet normal 0 0 -1
    outer loop
      vertex 100.8 4.8 0
      vertex 95.4934 -4.73992 0
      vertex 95.4939 -4.73857 0
    endloop
  endfacet
  facet normal 0 0 -1
    outer loop
      vertex 90.037 -43.6176 0
      vertex 95.4928 -123.259 0
      vertex 95.306 -122.88 0
    endloop
  endfacet
  facet normal 0 0 -1
    outer loop
      vertex 100.8 4.8 0
      vertex 90.1965 -41.1842 0
      vertex 95.4934 -4.73992 0
    endloop
  endfacet
  facet normal 0 0 -1
    outer loop
      vertex 89.7742 -44.3918 0
      vertex 95.306 -122.88 0
      vertex 95.3052 -122.879 0
    endloop
  endfacet
  facet normal 0 0 -1
    outer loop
      vertex 95.4934 -4.73992 0
      vertex 90.1965 -41.1842 0
      vertex 95.3066 -5.11875 0
    endloop
  endfacet
  facet normal 0 0 -1
    outer loop
      vertex 89.7742 -44.3918 0
      vertex 95.3052 -122.879 0
      vertex 95.0705 -122.528 0
    endloop
  endfacet
  facet normal 0 0 -1
    outer loop
      vertex 95.3066 -5.11875 0
      vertex 90.1965 -41.1842 0
      vertex 95.306 -5.12003 0
    endloop
  endfacet
  facet normal 0 0 -1
    outer loop
      vertex 89.4127 -45.125 0
      vertex 95.0705 -122.528 0
      vertex 94.792 -122.21 0
    endloop
  endfacet
  facet normal 0 0 -1
    outer loop
      vertex 90.037 -40.3824 0
      vertex 95.306 -5.12003 0
      vertex 90.1965 -41.1842 0
    endloop
  endfacet
  facet normal 0 0 -1
    outer loop
      vertex 89.4127 -45.125 0
      vertex 94.792 -122.21 0
      vertex 94.7911 -122.209 0
    endloop
  endfacet
  facet normal 0 0 -1
    outer loop
      vertex 95.306 -5.12003 0
      vertex 90.037 -40.3824 0
      vertex 95.3052 -5.12122 0
    endloop
  endfacet
  facet normal 0 0 -1
    outer loop
      vertex 88.9585 -45.8048 0
      vertex 94.7911 -122.209 0
      vertex 94.79 -122.208 0
    endloop
  endfacet
  facet normal 0 0 -1
    outer loop
      vertex 95.3052 -5.12122 0
      vertex 90.037 -40.3824 0
      vertex 95.0705 -5.47243 0
    endloop
  endfacet
  facet normal 0 0 -1
    outer loop
      vertex 88.9585 -45.8048 0
      vertex 94.79 -122.208 0
      vertex 94.4724 -121.929 0
    endloop
  endfacet
  facet normal 0 0 -1
    outer loop
      vertex 89.7742 -39.6082 0
      vertex 95.0705 -5.47243 0
      vertex 90.037 -40.3824 0
    endloop
  endfacet
  facet normal 0 0 -1
    outer loop
      vertex 88.4194 -46.4194 0
      vertex 94.4724 -121.929 0
      vertex 94.1212 -121.695 0
    endloop
  endfacet
  facet normal 0 0 -1
    outer loop
      vertex 95.0705 -5.47243 0
      vertex 89.7742 -39.6082 0
      vertex 94.792 -5.79 0
    endloop
  endfacet
  facet normal 0 0 -1
    outer loop
      vertex 88.4194 -46.4194 0
      vertex 94.1212 -121.695 0
      vertex 94.12 -121.694 0
    endloop
  endfacet
  facet normal 0 0 -1
    outer loop
      vertex 94.792 -5.79 0
      vertex 89.7742 -39.6082 0
      vertex 94.7911 -5.79107 0
    endloop
  endfacet
  facet normal 0 0 -1
    outer loop
      vertex 87.8048 -46.9585 0
      vertex 94.12 -121.694 0
      vertex 94.1188 -121.693 0
    endloop
  endfacet
  facet normal 0 0 -1
    outer loop
      vertex 89.4127 -38.875 0
      vertex 94.7911 -5.79107 0
      vertex 89.7742 -39.6082 0
    endloop
  endfacet
  facet normal 0 0 -1
    outer loop
      vertex 87.8048 -46.9585 0
      vertex 94.1188 -121.693 0
      vertex 93.7399 -121.507 0
    endloop
  endfacet
  facet normal 0 0 -1
    outer loop
      vertex 94.7911 -5.79107 0
      vertex 89.4127 -38.875 0
      vertex 94.79 -5.79201 0
    endloop
  endfacet
  facet normal 0 0 -1
    outer loop
      vertex 87.125 -47.4127 0
      vertex 93.7399 -121.507 0
      vertex 93.7386 -121.506 0
    endloop
  endfacet
  facet normal 0 0 -1
    outer loop
      vertex 94.79 -5.79201 0
      vertex 89.4127 -38.875 0
      vertex 94.4724 -6.07052 0
    endloop
  endfacet
  facet normal 0 0 -1
    outer loop
      vertex 87.125 -47.4127 0
      vertex 93.7386 -121.506 0
      vertex 93.3386 -121.37 0
    endloop
  endfacet
  facet normal 0 0 -1
    outer loop
      vertex 88.9585 -38.1952 0
      vertex 94.4724 -6.07052 0
      vertex 89.4127 -38.875 0
    endloop
  endfacet
  facet normal 0 0 -1
    outer loop
      vertex 86.3918 -47.7742 0
      vertex 93.3386 -121.37 0
      vertex 92.9243 -121.288 0
    endloop
  endfacet
  facet normal 0 0 -1
    outer loop
      vertex 94.4724 -6.07052 0
      vertex 88.9585 -38.1952 0
      vertex 94.1212 -6.30519 0
    endloop
  endfacet
  facet normal 0 0 -1
    outer loop
      vertex 86.3918 -47.7742 0
      vertex 92.9243 -121.288 0
      vertex 92.9229 -121.288 0
    endloop
  endfacet
  facet normal 0 0 -1
    outer loop
      vertex 94.1212 -6.30519 0
      vertex 88.9585 -38.1952 0
      vertex 94.12 -6.30598 0
    endloop
  endfacet
  facet normal 0 0 -1
    outer loop
      vertex 85.6176 -48.037 0
      vertex 92.9229 -121.288 0
      vertex 92.9215 -121.288 0
    endloop
  endfacet
  facet normal 0 0 -1
    outer loop
      vertex 88.4194 -37.5806 0
      vertex 94.12 -6.30598 0
      vertex 88.9585 -38.1952 0
    endloop
  endfacet
  facet normal 0 0 -1
    outer loop
      vertex 85.6176 -48.037 0
      vertex 92.9215 -121.288 0
      vertex 92.5 -121.26 0
    endloop
  endfacet
  facet normal 0 0 -1
    outer loop
      vertex 94.12 -6.30598 0
      vertex 88.4194 -37.5806 0
      vertex 94.1188 -6.30661 0
    endloop
  endfacet
  facet normal 0 0 -1
    outer loop
      vertex 84.8158 -48.1965 0
      vertex 92.5 -121.26 0
      vertex 92.0785 -121.288 0
    endloop
  endfacet
  facet normal 0 0 -1
    outer loop
      vertex 94.1188 -6.30661 0
      vertex 88.4194 -37.5806 0
      vertex 93.7399 -6.49343 0
    endloop
  endfacet
  facet normal 0 0 -1
    outer loop
      vertex 84.8158 -48.1965 0
      vertex 92.0785 -121.288 0
      vertex 92.0771 -121.288 0
    endloop
  endfacet
  facet normal 0 0 -1
    outer loop
      vertex 87.8048 -37.0415 0
      vertex 93.7399 -6.49343 0
      vertex 88.4194 -37.5806 0
    endloop
  endfacet
  facet normal 0 0 -1
    outer loop
      vertex 84 -48.25 0
      vertex 92.0771 -121.288 0
      vertex 92.0757 -121.288 0
    endloop
  endfacet
  facet normal 0 0 -1
    outer loop
      vertex 93.7399 -6.49343 0
      vertex 87.8048 -37.0415 0
      vertex 93.7386 -6.49389 0
    endloop
  endfacet
  facet normal 0 0 -1
    outer loop
      vertex 84 -48.25 0
      vertex 92.0757 -121.288 0
      vertex 91.6614 -121.37 0
    endloop
  endfacet
  facet normal 0 0 -1
    outer loop
      vertex 93.7386 -6.49389 0
      vertex 87.8048 -37.0415 0
      vertex 93.3386 -6.62966 0
    endloop
  endfacet
  facet normal 0 0 -1
    outer loop
      vertex 53.8804 -107.605 0
      vertex 91.6614 -121.37 0
      vertex 91.2614 -121.506 0
    endloop
  endfacet
  facet normal 0 0 -1
    outer loop
      vertex 87.125 -36.5873 0
      vertex 93.3386 -6.62966 0
      vertex 87.8048 -37.0415 0
    endloop
  endfacet
  facet normal 0 0 -1
    outer loop
      vertex 53.8804 -107.605 0
      vertex 91.2614 -121.506 0
      vertex 91.2601 -121.507 0
    endloop
  endfacet
  facet normal 0 0 -1
    outer loop
      vertex 93.3386 -6.62966 0
      vertex 87.125 -36.5873 0
      vertex 92.9243 -6.71207 0
    endloop
  endfacet
  facet normal 0 0 -1
    outer loop
      vertex 54.2733 -108.402 0
      vertex 91.2601 -121.507 0
      vertex 91.2588 -121.507 0
    endloop
  endfacet
  facet normal 0 0 -1
    outer loop
      vertex 92.9243 -6.71207 0
      vertex 87.125 -36.5873 0
      vertex 92.9229 -6.71235 0
    endloop
  endfacet
  facet normal 0 0 -1
    outer loop
      vertex 54.2733 -108.402 0
      vertex 91.2588 -121.507 0
      vertex 90.88 -121.694 0
    endloop
  endfacet
  facet normal 0 0 -1
    outer loop
      vertex 92.9229 -6.71235 0
      vertex 87.125 -36.5873 0
      vertex 92.9215 -6.71244 0
    endloop
  endfacet
  facet normal 0 0 -1
    outer loop
      vertex 54.5556 -109.233 0
      vertex 90.88 -121.694 0
      vertex 90.8788 -121.695 0
    endloop
  endfacet
  facet normal 0 0 -1
    outer loop
      vertex 92.9215 -6.71244 0
      vertex 87.125 -36.5873 0
      vertex 92.5 -6.74006 0
    endloop
  endfacet
  facet normal 0 0 -1
    outer loop
      vertex 54.5588 -109.243 0
      vertex 90.8788 -121.695 0
      vertex 90.5276 -121.929 0
    endloop
  endfacet
  facet normal 0 0 -1
    outer loop
      vertex 86.3918 -36.2258 0
      vertex 92.5 -6.74006 0
      vertex 87.125 -36.5873 0
    endloop
  endfacet
  facet normal -0 0 -1
    outer loop
      vertex 92.5 -6.74006 0
      vertex 86.3918 -36.2258 0
      vertex 92.0785 -6.71244 0
    endloop
  endfacet
  facet normal 0 0 -1
    outer loop
      vertex 54.732 -110.114 0
      vertex 90.5276 -121.929 0
      vertex 90.21 -122.208 0
    endloop
  endfacet
  facet normal 0 0 -1
    outer loop
      vertex 54.732 -110.114 0
      vertex 90.21 -122.208 0
      vertex 90.2089 -122.209 0
    endloop
  endfacet
  facet normal 0 0 -1
    outer loop
      vertex 54.732 -110.114 0
      vertex 90.2089 -122.209 0
      vertex 90.208 -122.21 0
    endloop
  endfacet
  facet normal 0 0 -1
    outer loop
      vertex 100.8 4.8 0
      vertex 90.1965 -42.8158 0
      vertex 90.25 -42 0
    endloop
  endfacet
  facet normal 0 0 -1
    outer loop
      vertex 100.8 -132.8 0
      vertex 90.037 -43.6176 0
      vertex 90.1965 -42.8158 0
    endloop
  endfacet
  facet normal 0 0 -1
    outer loop
      vertex 54.7327 -110.123 0
      vertex 90.208 -122.21 0
      vertex 89.9295 -122.528 0
    endloop
  endfacet
  facet normal 0 0 -1
    outer loop
      vertex 95.306 -122.88 0
      vertex 89.7742 -44.3918 0
      vertex 90.037 -43.6176 0
    endloop
  endfacet
  facet normal 0 0 -1
    outer loop
      vertex 54.7901 -111 0
      vertex 89.9295 -122.528 0
      vertex 89.6948 -122.879 0
    endloop
  endfacet
  facet normal 0 0 -1
    outer loop
      vertex 54.7901 -111 0
      vertex 89.6948 -122.879 0
      vertex 89.694 -122.88 0
    endloop
  endfacet
  facet normal 0 0 -1
    outer loop
      vertex 54.732 -111.886 0
      vertex 89.694 -122.88 0
      vertex 89.5072 -123.259 0
    endloop
  endfacet
  facet normal 0 0 -1
    outer loop
      vertex 54.732 -111.886 0
      vertex 89.5072 -123.259 0
      vertex 89.5066 -123.26 0
    endloop
  endfacet
  facet normal 0 0 -1
    outer loop
      vertex 54.5588 -112.757 0
      vertex 89.5066 -123.26 0
      vertex 89.5061 -123.261 0
    endloop
  endfacet
  facet normal 0 0 -1
    outer loop
      vertex 95.0705 -122.528 0
      vertex 89.4127 -45.125 0
      vertex 89.7742 -44.3918 0
    endloop
  endfacet
  facet normal 0 0 -1
    outer loop
      vertex 54.5588 -112.757 0
      vertex 89.5061 -123.261 0
      vertex 89.3703 -123.661 0
    endloop
  endfacet
  facet normal 0 0 -1
    outer loop
      vertex 54.2733 -113.598 0
      vertex 89.3703 -123.661 0
      vertex 89.2879 -124.076 0
    endloop
  endfacet
  facet normal 0 0 -1
    outer loop
      vertex 54.2733 -113.598 0
      vertex 89.2879 -124.076 0
      vertex 89.2877 -124.077 0
    endloop
  endfacet
  facet normal 0 0 -1
    outer loop
      vertex 53.8804 -114.395 0
      vertex 89.2877 -124.077 0
      vertex 89.2876 -124.079 0
    endloop
  endfacet
  facet normal 0 0 -1
    outer loop
      vertex 53.8804 -114.395 0
      vertex 89.2876 -124.079 0
      vertex 89.2599 -124.5 0
    endloop
  endfacet
  facet normal 0 0 -1
    outer loop
      vertex 94.7911 -122.209 0
      vertex 88.9585 -45.8048 0
      vertex 89.4127 -45.125 0
    endloop
  endfacet
  facet normal 0 0 -1
    outer loop
      vertex 95.7124 -124.079 0
      vertex 100.8 -132.8 0
      vertex 95.7401 -124.5 0
    endloop
  endfacet
  facet normal 0 0 -1
    outer loop
      vertex 100.8 -132.8 0
      vertex 95.7124 -124.921 0
      vertex 95.7401 -124.5 0
    endloop
  endfacet
  facet normal 0 0 -1
    outer loop
      vertex 100.8 -132.8 0
      vertex 95.7123 -124.923 0
      vertex 95.7124 -124.921 0
    endloop
  endfacet
  facet normal 0 0 -1
    outer loop
      vertex 100.8 -132.8 0
      vertex 95.7121 -124.924 0
      vertex 95.7123 -124.923 0
    endloop
  endfacet
  facet normal 0 0 -1
    outer loop
      vertex 100.8 -132.8 0
      vertex 95.6297 -125.339 0
      vertex 95.7121 -124.924 0
    endloop
  endfacet
  facet normal 0 0 -1
    outer loop
      vertex 100.8 -132.8 0
      vertex 95.4939 -125.739 0
      vertex 95.6297 -125.339 0
    endloop
  endfacet
  facet normal 0 0 -1
    outer loop
      vertex 100.8 -132.8 0
      vertex 95.4934 -125.74 0
      vertex 95.4939 -125.739 0
    endloop
  endfacet
  facet normal 0 0 -1
    outer loop
      vertex 100.8 -132.8 0
      vertex 95.3066 -126.119 0
      vertex 95.4934 -125.74 0
    endloop
  endfacet
  facet normal 0 0 -1
    outer loop
      vertex 100.8 -132.8 0
      vertex 95.306 -126.12 0
      vertex 95.3066 -126.119 0
    endloop
  endfacet
  facet normal 0 0 -1
    outer loop
      vertex 100.8 -132.8 0
      vertex 95.3052 -126.121 0
      vertex 95.306 -126.12 0
    endloop
  endfacet
  facet normal 0 0 -1
    outer loop
      vertex 100.8 -132.8 0
      vertex 95.0705 -126.472 0
      vertex 95.3052 -126.121 0
    endloop
  endfacet
  facet normal 0 0 -1
    outer loop
      vertex 100.8 -132.8 0
      vertex 94.792 -126.79 0
      vertex 95.0705 -126.472 0
    endloop
  endfacet
  facet normal 0 0 -1
    outer loop
      vertex 100.8 -132.8 0
      vertex 94.7911 -126.791 0
      vertex 94.792 -126.79 0
    endloop
  endfacet
  facet normal 0 0 -1
    outer loop
      vertex 100.8 -132.8 0
      vertex 94.79 -126.792 0
      vertex 94.7911 -126.791 0
    endloop
  endfacet
  facet normal 0 0 -1
    outer loop
      vertex 100.8 -132.8 0
      vertex 94.4724 -127.071 0
      vertex 94.79 -126.792 0
    endloop
  endfacet
  facet normal 0 0 -1
    outer loop
      vertex 100.8 -132.8 0
      vertex 94.1212 -127.305 0
      vertex 94.4724 -127.071 0
    endloop
  endfacet
  facet normal 0 0 -1
    outer loop
      vertex 100.8 -132.8 0
      vertex 94.12 -127.306 0
      vertex 94.1212 -127.305 0
    endloop
  endfacet
  facet normal 0 0 -1
    outer loop
      vertex 100.8 -132.8 0
      vertex 94.1188 -127.307 0
      vertex 94.12 -127.306 0
    endloop
  endfacet
  facet normal 0 0 -1
    outer loop
      vertex 100.8 -132.8 0
      vertex 93.7399 -127.493 0
      vertex 94.1188 -127.307 0
    endloop
  endfacet
  facet normal 0 0 -1
    outer loop
      vertex 100.8 -132.8 0
      vertex 93.7386 -127.494 0
      vertex 93.7399 -127.493 0
    endloop
  endfacet
  facet normal 0 0 -1
    outer loop
      vertex 100.8 -132.8 0
      vertex 93.3386 -127.63 0
      vertex 93.7386 -127.494 0
    endloop
  endfacet
  facet normal 0 0 -1
    outer loop
      vertex 100.8 -132.8 0
      vertex 92.9243 -127.712 0
      vertex 93.3386 -127.63 0
    endloop
  endfacet
  facet normal 0 0 -1
    outer loop
      vertex 100.8 -132.8 0
      vertex 92.9229 -127.712 0
      vertex 92.9243 -127.712 0
    endloop
  endfacet
  facet normal 0 0 -1
    outer loop
      vertex 100.8 -132.8 0
      vertex 92.9215 -127.712 0
      vertex 92.9229 -127.712 0
    endloop
  endfacet
  facet normal 0 0 -1
    outer loop
      vertex 100.8 -132.8 0
      vertex 92.5 -127.74 0
      vertex 92.9215 -127.712 0
    endloop
  endfacet
  facet normal 0 0 -1
    outer loop
      vertex 100.8 -132.8 0
      vertex 92.0785 -127.712 0
      vertex 92.5 -127.74 0
    endloop
  endfacet
  facet normal 0 0 -1
    outer loop
      vertex 100.8 -132.8 0
      vertex 92.0771 -127.712 0
      vertex 92.0785 -127.712 0
    endloop
  endfacet
  facet normal 0 0 -1
    outer loop
      vertex 100.8 -132.8 0
      vertex 92.0757 -127.712 0
      vertex 92.0771 -127.712 0
    endloop
  endfacet
  facet normal 0 0 -1
    outer loop
      vertex 100.8 -132.8 0
      vertex 91.6614 -127.63 0
      vertex 92.0757 -127.712 0
    endloop
  endfacet
  facet normal 0 0 -1
    outer loop
      vertex 100.8 -132.8 0
      vertex 91.2614 -127.494 0
      vertex 91.6614 -127.63 0
    endloop
  endfacet
  facet normal 0 0 1
    outer loop
      vertex 100.8 -132.8 0
      vertex 91.2601 -127.493 0
      vertex 91.2614 -127.494 0
    endloop
  endfacet
  facet normal 0 0 -1
    outer loop
      vertex 100.8 -132.8 0
      vertex 91.2588 -127.493 0
      vertex 91.2601 -127.493 0
    endloop
  endfacet
  facet normal 0 0 -1
    outer loop
      vertex 100.8 -132.8 0
      vertex 90.88 -127.306 0
      vertex 91.2588 -127.493 0
    endloop
  endfacet
  facet normal 0 0 -1
    outer loop
      vertex 90.88 -127.306 0
      vertex 90.5276 -127.071 0
      vertex 90.8788 -127.305 0
    endloop
  endfacet
  facet normal 0 0 -1
    outer loop
      vertex 89.9295 -126.472 0
      vertex 89.694 -126.12 0
      vertex 89.6948 -126.121 0
    endloop
  endfacet
  facet normal 0 0 1
    outer loop
      vertex 89.5066 -125.74 0
      vertex 89.3703 -125.339 0
      vertex 89.5061 -125.739 0
    endloop
  endfacet
  facet normal 0 0 -1
    outer loop
      vertex 89.3703 -125.339 0
      vertex 89.2877 -124.923 0
      vertex 89.2879 -124.924 0
    endloop
  endfacet
  facet normal 0 0 -1
    outer loop
      vertex 89.2877 -124.923 0
      vertex 89.2599 -124.5 0
      vertex 89.2876 -124.921 0
    endloop
  endfacet
  facet normal 0 0 -1
    outer loop
      vertex 94.4724 -121.929 0
      vertex 88.4194 -46.4194 0
      vertex 88.9585 -45.8048 0
    endloop
  endfacet
  facet normal 0 0 -1
    outer loop
      vertex 94.12 -121.694 0
      vertex 87.8048 -46.9585 0
      vertex 88.4194 -46.4194 0
    endloop
  endfacet
  facet normal 0 0 -1
    outer loop
      vertex 93.7399 -121.507 0
      vertex 87.125 -47.4127 0
      vertex 87.8048 -46.9585 0
    endloop
  endfacet
  facet normal 0 0 -1
    outer loop
      vertex 93.3386 -121.37 0
      vertex 86.3918 -47.7742 0
      vertex 87.125 -47.4127 0
    endloop
  endfacet
  facet normal 0 0 -1
    outer loop
      vertex 92.9229 -121.288 0
      vertex 85.6176 -48.037 0
      vertex 86.3918 -47.7742 0
    endloop
  endfacet
  facet normal 0 0 -1
    outer loop
      vertex 92.5 -121.26 0
      vertex 84.8158 -48.1965 0
      vertex 85.6176 -48.037 0
    endloop
  endfacet
  facet normal 0 0 -1
    outer loop
      vertex 92.0771 -121.288 0
      vertex 84 -48.25 0
      vertex 84.8158 -48.1965 0
    endloop
  endfacet
  facet normal 0 0 -1
    outer loop
      vertex 53.3923 -115.126 0
      vertex 89.2599 -124.5 0
      vertex 89.2877 -124.923 0
    endloop
  endfacet
  facet normal 0 0 -1
    outer loop
      vertex 91.6614 -121.37 0
      vertex 53.8804 -107.605 0
      vertex 53.875 -107.597 0
    endloop
  endfacet
  facet normal 0 0 -1
    outer loop
      vertex 91.6614 -121.37 0
      vertex 53.875 -107.597 0
      vertex 53.387 -106.866 0
    endloop
  endfacet
  facet normal -0 0 -1
    outer loop
      vertex 84 -48.25 0
      vertex 53.387 -106.866 0
      vertex 83.1842 -48.1965 0
    endloop
  endfacet
  facet normal 0 0 -1
    outer loop
      vertex 53.3806 -106.859 0
      vertex 83.1842 -48.1965 0
      vertex 53.387 -106.866 0
    endloop
  endfacet
  facet normal 0 0 -1
    outer loop
      vertex 52.8013 -106.199 0
      vertex 83.1842 -48.1965 0
      vertex 53.3806 -106.859 0
    endloop
  endfacet
  facet normal -0 0 -1
    outer loop
      vertex 83.1842 -48.1965 0
      vertex 52.8013 -106.199 0
      vertex 82.3824 -48.037 0
    endloop
  endfacet
  facet normal 0 0 -1
    outer loop
      vertex 52.1336 -105.613 0
      vertex 82.3824 -48.037 0
      vertex 52.1409 -105.619 0
    endloop
  endfacet
  facet normal -0 0 -1
    outer loop
      vertex 82.3824 -48.037 0
      vertex 52.1336 -105.613 0
      vertex 81.6082 -47.7742 0
    endloop
  endfacet
  facet normal 0 0 -1
    outer loop
      vertex 52.1255 -105.608 0
      vertex 81.6082 -47.7742 0
      vertex 52.1336 -105.613 0
    endloop
  endfacet
  facet normal 0 0 -1
    outer loop
      vertex 51.3951 -105.12 0
      vertex 81.6082 -47.7742 0
      vertex 52.1255 -105.608 0
    endloop
  endfacet
  facet normal -0 0 -1
    outer loop
      vertex 81.6082 -47.7742 0
      vertex 51.3951 -105.12 0
      vertex 80.875 -47.4127 0
    endloop
  endfacet
  facet normal 0 0 -1
    outer loop
      vertex 90.208 -122.21 0
      vertex 54.7327 -110.123 0
      vertex 54.732 -110.114 0
    endloop
  endfacet
  facet normal 0 0 -1
    outer loop
      vertex 89.9295 -122.528 0
      vertex 54.7901 -111 0
      vertex 54.7327 -110.123 0
    endloop
  endfacet
  facet normal 0 0 -1
    outer loop
      vertex 53.3806 -115.141 0
      vertex 89.2877 -124.923 0
      vertex 89.3703 -125.339 0
    endloop
  endfacet
  facet normal 0 0 -1
    outer loop
      vertex 52.8013 -115.801 0
      vertex 89.3703 -125.339 0
      vertex 89.5066 -125.74 0
    endloop
  endfacet
  facet normal 0 0 -1
    outer loop
      vertex 52.1336 -116.387 0
      vertex 89.5066 -125.74 0
      vertex 89.6934 -126.119 0
    endloop
  endfacet
  facet normal 0 0 -1
    outer loop
      vertex 52.1336 -116.387 0
      vertex 89.6934 -126.119 0
      vertex 89.694 -126.12 0
    endloop
  endfacet
  facet normal 0 0 -1
    outer loop
      vertex 51.3951 -116.88 0
      vertex 89.694 -126.12 0
      vertex 89.9295 -126.472 0
    endloop
  endfacet
  facet normal 0 0 -1
    outer loop
      vertex 50.5985 -117.273 0
      vertex 89.9295 -126.472 0
      vertex 90.208 -126.79 0
    endloop
  endfacet
  facet normal 0 0 -1
    outer loop
      vertex 50.5985 -117.273 0
      vertex 90.208 -126.79 0
      vertex 90.2089 -126.791 0
    endloop
  endfacet
  facet normal 0 0 -1
    outer loop
      vertex 49.7574 -117.559 0
      vertex 90.2089 -126.791 0
      vertex 90.21 -126.792 0
    endloop
  endfacet
  facet normal 0 0 -1
    outer loop
      vertex 49.7574 -117.559 0
      vertex 90.21 -126.792 0
      vertex 90.5276 -127.071 0
    endloop
  endfacet
  facet normal 0 0 -1
    outer loop
      vertex 48.8863 -117.732 0
      vertex 90.5276 -127.071 0
      vertex 90.88 -127.306 0
    endloop
  endfacet
  facet normal 0 0 -1
    outer loop
      vertex 48 -117.79 0
      vertex 90.88 -127.306 0
      vertex 100.8 -132.8 0
    endloop
  endfacet
  facet normal 0 0 -1
    outer loop
      vertex 89.694 -122.88 0
      vertex 54.7327 -111.877 0
      vertex 54.7901 -111 0
    endloop
  endfacet
  facet normal 0 0 -1
    outer loop
      vertex 89.694 -122.88 0
      vertex 54.732 -111.886 0
      vertex 54.7327 -111.877 0
    endloop
  endfacet
  facet normal 0 0 -1
    outer loop
      vertex 89.5066 -123.26 0
      vertex 54.5606 -112.748 0
      vertex 54.732 -111.886 0
    endloop
  endfacet
  facet normal 0 0 -1
    outer loop
      vertex 89.5066 -123.26 0
      vertex 54.5588 -112.757 0
      vertex 54.5606 -112.748 0
    endloop
  endfacet
  facet normal 0 0 -1
    outer loop
      vertex 89.3703 -123.661 0
      vertex 54.5556 -112.767 0
      vertex 54.5588 -112.757 0
    endloop
  endfacet
  facet normal 0 0 -1
    outer loop
      vertex 89.3703 -123.661 0
      vertex 54.2733 -113.598 0
      vertex 54.5556 -112.767 0
    endloop
  endfacet
  facet normal 0 0 -1
    outer loop
      vertex 89.2877 -124.077 0
      vertex 54.269 -113.607 0
      vertex 54.2733 -113.598 0
    endloop
  endfacet
  facet normal 0 0 -1
    outer loop
      vertex 89.2877 -124.077 0
      vertex 53.8804 -114.395 0
      vertex 54.269 -113.607 0
    endloop
  endfacet
  facet normal 0 0 -1
    outer loop
      vertex 89.2599 -124.5 0
      vertex 53.3923 -115.126 0
      vertex 53.8804 -114.395 0
    endloop
  endfacet
  facet normal 0 0 -1
    outer loop
      vertex 89.2877 -124.923 0
      vertex 53.387 -115.134 0
      vertex 53.3923 -115.126 0
    endloop
  endfacet
  facet normal 0 0 -1
    outer loop
      vertex 89.2877 -124.923 0
      vertex 53.3806 -115.141 0
      vertex 53.387 -115.134 0
    endloop
  endfacet
  facet normal 0 0 -1
    outer loop
      vertex 89.3703 -125.339 0
      vertex 52.8013 -115.801 0
      vertex 53.3806 -115.141 0
    endloop
  endfacet
  facet normal 0 0 -1
    outer loop
      vertex 89.5066 -125.74 0
      vertex 52.1409 -116.381 0
      vertex 52.8013 -115.801 0
    endloop
  endfacet
  facet normal 0 0 -1
    outer loop
      vertex 89.5066 -125.74 0
      vertex 52.1336 -116.387 0
      vertex 52.1409 -116.381 0
    endloop
  endfacet
  facet normal 0 0 -1
    outer loop
      vertex 89.694 -126.12 0
      vertex 52.1255 -116.392 0
      vertex 52.1336 -116.387 0
    endloop
  endfacet
  facet normal 0 0 -1
    outer loop
      vertex 89.694 -126.12 0
      vertex 51.3951 -116.88 0
      vertex 52.1255 -116.392 0
    endloop
  endfacet
  facet normal 0 0 -1
    outer loop
      vertex 89.9295 -126.472 0
      vertex 50.6072 -117.269 0
      vertex 51.3951 -116.88 0
    endloop
  endfacet
  facet normal 0 0 -1
    outer loop
      vertex 89.9295 -126.472 0
      vertex 50.5985 -117.273 0
      vertex 50.6072 -117.269 0
    endloop
  endfacet
  facet normal 0 0 -1
    outer loop
      vertex 90.2089 -126.791 0
      vertex 49.7666 -117.556 0
      vertex 50.5985 -117.273 0
    endloop
  endfacet
  facet normal 0 0 -1
    outer loop
      vertex 90.2089 -126.791 0
      vertex 49.7574 -117.559 0
      vertex 49.7666 -117.556 0
    endloop
  endfacet
  facet normal 0 0 -1
    outer loop
      vertex 90.5276 -127.071 0
      vertex 49.7479 -117.561 0
      vertex 49.7574 -117.559 0
    endloop
  endfacet
  facet normal 0 0 -1
    outer loop
      vertex 90.5276 -127.071 0
      vertex 48.8863 -117.732 0
      vertex 49.7479 -117.561 0
    endloop
  endfacet
  facet normal 0 0 -1
    outer loop
      vertex 90.88 -127.306 0
      vertex 48.8766 -117.733 0
      vertex 48.8863 -117.732 0
    endloop
  endfacet
  facet normal 0 0 -1
    outer loop
      vertex 90.88 -127.306 0
      vertex 48 -117.79 0
      vertex 48.8766 -117.733 0
    endloop
  endfacet
  facet normal 0 0 -1
    outer loop
      vertex -4.8 -132.8 0
      vertex 48 -117.79 0
      vertex 100.8 -132.8 0
    endloop
  endfacet
  facet normal 0 -0 -1
    outer loop
      vertex 5.11875 -127.307 0
      vertex 48 -117.79 0
      vertex 4.73992 -127.493 0
    endloop
  endfacet
  facet normal 0 -0 -1
    outer loop
      vertex 5.12003 -127.306 0
      vertex 48 -117.79 0
      vertex 5.11875 -127.307 0
    endloop
  endfacet
  facet normal -0 0 -1
    outer loop
      vertex 47.1234 -117.733 0
      vertex 5.12003 -127.306 0
      vertex 47.1137 -117.732 0
    endloop
  endfacet
  facet normal 0 0 -1
    outer loop
      vertex 6.49343 -125.74 0
      vertex 43.8591 -116.381 0
      vertex 43.8664 -116.387 0
    endloop
  endfacet
  facet normal 0 0 -1
    outer loop
      vertex 6.71207 -124.924 0
      vertex 42.6194 -115.141 0
      vertex 43.1987 -115.801 0
    endloop
  endfacet
  facet normal 0 0 -1
    outer loop
      vertex 6.74006 -124.5 0
      vertex 42.6077 -115.126 0
      vertex 42.613 -115.134 0
    endloop
  endfacet
  facet normal 0 0 -1
    outer loop
      vertex 6.71244 -124.079 0
      vertex 42.1196 -114.395 0
      vertex 6.74006 -124.5 0
    endloop
  endfacet
  facet normal -0 0 -1
    outer loop
      vertex 42.1196 -114.395 0
      vertex 6.71235 -124.077 0
      vertex 41.731 -113.607 0
    endloop
  endfacet
  facet normal 0 0 -1
    outer loop
      vertex 6.71207 -124.076 0
      vertex 41.7267 -113.598 0
      vertex 6.71235 -124.077 0
    endloop
  endfacet
  facet normal 0 0 -1
    outer loop
      vertex 43.8591 -105.619 0
      vertex 38.0052 -45.4202 0
      vertex 41.0195 -45.4202 0
    endloop
  endfacet
  facet normal 0 0 -1
    outer loop
      vertex 43.8591 -105.619 0
      vertex 36.6048 -45.4202 0
      vertex 38.0052 -45.4202 0
    endloop
  endfacet
  facet normal -0 0 -1
    outer loop
      vertex 41.4444 -112.767 0
      vertex 6.62966 -123.661 0
      vertex 41.4412 -112.757 0
    endloop
  endfacet
  facet normal -0 0 -1
    outer loop
      vertex 41.7267 -113.598 0
      vertex 6.62966 -123.661 0
      vertex 41.4444 -112.767 0
    endloop
  endfacet
  facet normal 0 0 -1
    outer loop
      vertex 36.6048 -45.4202 0
      vertex 35.4636 -45.4202 0
      vertex 36.6048 -38.7319 0
    endloop
  endfacet
  facet normal 0 0 -1
    outer loop
      vertex 43.8591 -105.619 0
      vertex 35.4636 -45.4202 0
      vertex 36.6048 -45.4202 0
    endloop
  endfacet
  facet normal 0 0 -1
    outer loop
      vertex 43.8591 -105.619 0
      vertex 34.2199 -45.4202 0
      vertex 35.4636 -45.4202 0
    endloop
  endfacet
  facet normal 0 0 -1
    outer loop
      vertex 34.2199 -45.4202 0
      vertex 31.348 -45.4202 0
      vertex 34.2199 -41.5325 0
    endloop
  endfacet
  facet normal 0 0 -1
    outer loop
      vertex 43.8591 -105.619 0
      vertex 31.348 -45.4202 0
      vertex 34.2199 -45.4202 0
    endloop
  endfacet
  facet normal 0 0 -1
    outer loop
      vertex 43.8591 -105.619 0
      vertex 29.7483 -45.4202 0
      vertex 31.348 -45.4202 0
    endloop
  endfacet
  facet normal 0 0 -1
    outer loop
      vertex 29.7483 -45.4202 0
      vertex 28.8665 -42.1069 0
      vertex 29.7483 -38.7319 0
    endloop
  endfacet
  facet normal 0 0 -1
    outer loop
      vertex 43.8591 -105.619 0
      vertex 25.9269 -45.5013 0
      vertex 29.7483 -45.4202 0
    endloop
  endfacet
  facet normal 0 0 -1
    outer loop
      vertex 29.7483 -45.4202 0
      vertex 28.8483 -42.5474 0
      vertex 28.8665 -42.1069 0
    endloop
  endfacet
  facet normal 0 0 -1
    outer loop
      vertex 29.7483 -45.4202 0
      vertex 28.7935 -42.9602 0
      vertex 28.8483 -42.5474 0
    endloop
  endfacet
  facet normal 0 0 -1
    outer loop
      vertex 29.7483 -45.4202 0
      vertex 28.7022 -43.3453 0
      vertex 28.7935 -42.9602 0
    endloop
  endfacet
  facet normal 0 0 -1
    outer loop
      vertex 29.7483 -45.4202 0
      vertex 28.5743 -43.7026 0
      vertex 28.7022 -43.3453 0
    endloop
  endfacet
  facet normal 0 0 -1
    outer loop
      vertex 29.7483 -45.4202 0
      vertex 28.41 -44.0323 0
      vertex 28.5743 -43.7026 0
    endloop
  endfacet
  facet normal 0 0 -1
    outer loop
      vertex 29.7483 -45.4202 0
      vertex 28.2091 -44.3343 0
      vertex 28.41 -44.0323 0
    endloop
  endfacet
  facet normal 0 0 -1
    outer loop
      vertex 29.7483 -45.4202 0
      vertex 27.9717 -44.6085 0
      vertex 28.2091 -44.3343 0
    endloop
  endfacet
  facet normal 0 0 -1
    outer loop
      vertex 29.7483 -45.4202 0
      vertex 27.7019 -44.8503 0
      vertex 27.9717 -44.6085 0
    endloop
  endfacet
  facet normal 0 0 -1
    outer loop
      vertex 6.62966 -123.661 0
      vertex 41.7267 -113.598 0
      vertex 6.71207 -124.076 0
    endloop
  endfacet
  facet normal 0 0 -1
    outer loop
      vertex 29.7483 -45.4202 0
      vertex 27.4037 -45.0549 0
      vertex 27.7019 -44.8503 0
    endloop
  endfacet
  facet normal 0 0 -1
    outer loop
      vertex 29.7483 -45.4202 0
      vertex 27.0771 -45.2223 0
      vertex 27.4037 -45.0549 0
    endloop
  endfacet
  facet normal 0 0 -1
    outer loop
      vertex 29.7483 -45.4202 0
      vertex 26.7221 -45.3525 0
      vertex 27.0771 -45.2223 0
    endloop
  endfacet
  facet normal -0 0 -1
    outer loop
      vertex 29.7483 -45.4202 0
      vertex 26.3387 -45.4455 0
      vertex 26.7221 -45.3525 0
    endloop
  endfacet
  facet normal 0 0 -1
    outer loop
      vertex 29.7483 -45.4202 0
      vertex 25.9269 -45.5013 0
      vertex 26.3387 -45.4455 0
    endloop
  endfacet
  facet normal 0 0 -1
    outer loop
      vertex 43.8591 -105.619 0
      vertex 25.4868 -45.5199 0
      vertex 25.9269 -45.5013 0
    endloop
  endfacet
  facet normal 0 0 -1
    outer loop
      vertex 43.8591 -105.619 0
      vertex 25.0467 -45.5015 0
      vertex 25.4868 -45.5199 0
    endloop
  endfacet
  facet normal 0 0 -1
    outer loop
      vertex 43.8591 -105.619 0
      vertex 19.1792 -45.4097 0
      vertex 25.0467 -45.5015 0
    endloop
  endfacet
  facet normal 0 0 -1
    outer loop
      vertex 25.0467 -45.5015 0
      vertex 19.1792 -45.4097 0
      vertex 24.6351 -45.4463 0
    endloop
  endfacet
  facet normal 0 -0 -1
    outer loop
      vertex 19.4876 -45.3782 0
      vertex 24.6351 -45.4463 0
      vertex 19.1792 -45.4097 0
    endloop
  endfacet
  facet normal 0 0 -1
    outer loop
      vertex 24.6351 -45.4463 0
      vertex 19.7737 -45.3256 0
      vertex 24.2519 -45.3542 0
    endloop
  endfacet
  facet normal 0 -0 -1
    outer loop
      vertex 20.0375 -45.252 0
      vertex 24.2519 -45.3542 0
      vertex 19.7737 -45.3256 0
    endloop
  endfacet
  facet normal 0 -0 -1
    outer loop
      vertex 20.279 -45.1574 0
      vertex 23.8973 -45.2254 0
      vertex 20.0375 -45.252 0
    endloop
  endfacet
  facet normal 0 0 -1
    outer loop
      vertex 23.8973 -45.2254 0
      vertex 20.279 -45.1574 0
      vertex 23.5711 -45.0597 0
    endloop
  endfacet
  facet normal 0 0 -1
    outer loop
      vertex 23.5711 -45.0597 0
      vertex 20.4982 -45.0418 0
      vertex 23.2734 -44.8573 0
    endloop
  endfacet
  facet normal 0 0 -1
    outer loop
      vertex 23.2734 -44.8573 0
      vertex 20.8677 -44.7489 0
      vertex 23.0042 -44.618 0
    endloop
  endfacet
  facet normal 0 0 -1
    outer loop
      vertex 23.0042 -44.618 0
      vertex 21.0137 -44.5743 0
      vertex 22.7674 -44.3458 0
    endloop
  endfacet
  facet normal 0 0 -1
    outer loop
      vertex 21.313 -43.0408 0
      vertex 22.1846 -42.9687 0
      vertex 21.3374 -43.2297 0
    endloop
  endfacet
  facet normal 0 0 -1
    outer loop
      vertex 21.2723 -42.8596 0
      vertex 22.1846 -42.9687 0
      vertex 21.313 -43.0408 0
    endloop
  endfacet
  facet normal 0 0 -1
    outer loop
      vertex 22.2757 -43.3563 0
      vertex 21.3374 -43.2297 0
      vertex 22.1846 -42.9687 0
    endloop
  endfacet
  facet normal 0 0 -1
    outer loop
      vertex 21.3374 -43.2297 0
      vertex 22.2757 -43.3563 0
      vertex 21.3455 -43.4266 0
    endloop
  endfacet
  facet normal -0 0 -1
    outer loop
      vertex 22.7674 -44.3458 0
      vertex 21.1331 -44.3813 0
      vertex 22.5671 -44.0449 0
    endloop
  endfacet
  facet normal 0 0 -1
    outer loop
      vertex 22.2757 -43.3563 0
      vertex 21.3322 -43.6927 0
      vertex 21.3455 -43.4266 0
    endloop
  endfacet
  facet normal 0 0 -1
    outer loop
      vertex 22.4032 -43.715 0
      vertex 21.3322 -43.6927 0
      vertex 22.2757 -43.3563 0
    endloop
  endfacet
  facet normal 0 -0 -1
    outer loop
      vertex 21.3322 -43.6927 0
      vertex 22.4032 -43.715 0
      vertex 21.2924 -43.9406 0
    endloop
  endfacet
  facet normal 0 0 -1
    outer loop
      vertex 22.5671 -44.0449 0
      vertex 21.2924 -43.9406 0
      vertex 22.4032 -43.715 0
    endloop
  endfacet
  facet normal 0 -0 -1
    outer loop
      vertex 21.2924 -43.9406 0
      vertex 22.5671 -44.0449 0
      vertex 21.226 -44.1701 0
    endloop
  endfacet
  facet normal 0 -0 -1
    outer loop
      vertex 21.226 -44.1701 0
      vertex 22.5671 -44.0449 0
      vertex 21.1331 -44.3813 0
    endloop
  endfacet
  facet normal 0 -0 -1
    outer loop
      vertex 21.1331 -44.3813 0
      vertex 22.7674 -44.3458 0
      vertex 21.0137 -44.5743 0
    endloop
  endfacet
  facet normal 0 -0 -1
    outer loop
      vertex 21.0137 -44.5743 0
      vertex 23.0042 -44.618 0
      vertex 20.8677 -44.7489 0
    endloop
  endfacet
  facet normal 0 -0 -1
    outer loop
      vertex 20.8677 -44.7489 0
      vertex 23.2734 -44.8573 0
      vertex 20.6951 -44.9052 0
    endloop
  endfacet
  facet normal 0 -0 -1
    outer loop
      vertex 20.6951 -44.9052 0
      vertex 23.2734 -44.8573 0
      vertex 20.4982 -45.0418 0
    endloop
  endfacet
  facet normal 0 -0 -1
    outer loop
      vertex 20.4982 -45.0418 0
      vertex 23.5711 -45.0597 0
      vertex 20.279 -45.1574 0
    endloop
  endfacet
  facet normal 0 0 -1
    outer loop
      vertex 24.2519 -45.3542 0
      vertex 20.0375 -45.252 0
      vertex 23.8973 -45.2254 0
    endloop
  endfacet
  facet normal 0 -0 -1
    outer loop
      vertex 19.7737 -45.3256 0
      vertex 24.6351 -45.4463 0
      vertex 19.4876 -45.3782 0
    endloop
  endfacet
  facet normal 0 0 -1
    outer loop
      vertex 43.1987 -106.199 0
      vertex 18.8486 -45.4202 0
      vertex 19.1792 -45.4097 0
    endloop
  endfacet
  facet normal 0 0 -1
    outer loop
      vertex 43.1987 -106.199 0
      vertex 15.5068 -45.4202 0
      vertex 18.8486 -45.4202 0
    endloop
  endfacet
  facet normal -0 0 -1
    outer loop
      vertex 41.731 -113.607 0
      vertex 6.71235 -124.077 0
      vertex 41.7267 -113.598 0
    endloop
  endfacet
  facet normal 0 0 -1
    outer loop
      vertex 15.5068 -45.4202 0
      vertex 14.9304 -38.7319 0
      vertex 15.5068 -38.7319 0
    endloop
  endfacet
  facet normal 0 0 -1
    outer loop
      vertex 11.8402 -42.5911 0
      vertex 15.5068 -45.4202 0
      vertex 14.6978 -45.4202 0
    endloop
  endfacet
  facet normal 0 0 -1
    outer loop
      vertex 42.613 -106.866 0
      vertex 14.6978 -45.4202 0
      vertex 15.5068 -45.4202 0
    endloop
  endfacet
  facet normal 0 0 -1
    outer loop
      vertex 42.613 -106.866 0
      vertex 13.0649 -45.4202 0
      vertex 14.6978 -45.4202 0
    endloop
  endfacet
  facet normal 0 0 -1
    outer loop
      vertex 6.07052 -122.528 0
      vertex 41.2099 -111 0
      vertex 6.30519 -122.879 0
    endloop
  endfacet
  facet normal 0 0 -1
    outer loop
      vertex 42.613 -106.866 0
      vertex 10.0506 -45.4202 0
      vertex 13.0649 -45.4202 0
    endloop
  endfacet
  facet normal 0 0 -1
    outer loop
      vertex 5.79201 -122.21 0
      vertex 41.268 -110.114 0
      vertex 6.07052 -122.528 0
    endloop
  endfacet
  facet normal -0 0 -1
    outer loop
      vertex 41.2105 -110.99 0
      vertex 6.07052 -122.528 0
      vertex 41.268 -110.114 0
    endloop
  endfacet
  facet normal 0 0 -1
    outer loop
      vertex 6.71235 -124.077 0
      vertex 42.1196 -114.395 0
      vertex 6.71244 -124.079 0
    endloop
  endfacet
  facet normal -0 0 -1
    outer loop
      vertex 42.6077 -115.126 0
      vertex 6.74006 -124.5 0
      vertex 42.1196 -114.395 0
    endloop
  endfacet
  facet normal -0 0 -1
    outer loop
      vertex 42.6194 -115.141 0
      vertex 6.71207 -124.924 0
      vertex 42.613 -115.134 0
    endloop
  endfacet
  facet normal -0 0 -1
    outer loop
      vertex 43.8591 -116.381 0
      vertex 6.49343 -125.74 0
      vertex 43.1987 -115.801 0
    endloop
  endfacet
  facet normal 0 0 -1
    outer loop
      vertex 6.30598 -126.12 0
      vertex 43.8664 -116.387 0
      vertex 44.5969 -116.875 0
    endloop
  endfacet
  facet normal 0 0 -1
    outer loop
      vertex 6.30598 -126.12 0
      vertex 44.5969 -116.875 0
      vertex 44.6049 -116.88 0
    endloop
  endfacet
  facet normal 0 0 -1
    outer loop
      vertex 6.07052 -126.472 0
      vertex 44.6049 -116.88 0
      vertex 44.6136 -116.885 0
    endloop
  endfacet
  facet normal 0 0 -1
    outer loop
      vertex 6.07052 -126.472 0
      vertex 44.6136 -116.885 0
      vertex 45.4015 -117.273 0
    endloop
  endfacet
  facet normal 0 0 -1
    outer loop
      vertex 5.79107 -126.791 0
      vertex 45.4015 -117.273 0
      vertex 46.2334 -117.556 0
    endloop
  endfacet
  facet normal 0 0 -1
    outer loop
      vertex 5.79107 -126.791 0
      vertex 46.2334 -117.556 0
      vertex 46.2426 -117.559 0
    endloop
  endfacet
  facet normal 0 -0 -1
    outer loop
      vertex 5.12122 -127.305 0
      vertex 47.1137 -117.732 0
      vertex 5.12003 -127.306 0
    endloop
  endfacet
  facet normal 0 0 -1
    outer loop
      vertex 42.613 -115.134 0
      vertex 6.71244 -124.921 0
      vertex 6.74006 -124.5 0
    endloop
  endfacet
  facet normal 0 0 -1
    outer loop
      vertex 42.613 -115.134 0
      vertex 6.71235 -124.923 0
      vertex 6.71244 -124.921 0
    endloop
  endfacet
  facet normal 0 0 -1
    outer loop
      vertex 42.613 -115.134 0
      vertex 6.71207 -124.924 0
      vertex 6.71235 -124.923 0
    endloop
  endfacet
  facet normal 0 0 -1
    outer loop
      vertex 43.1987 -115.801 0
      vertex 6.62966 -125.339 0
      vertex 6.71207 -124.924 0
    endloop
  endfacet
  facet normal 0 0 -1
    outer loop
      vertex 43.1987 -115.801 0
      vertex 6.49389 -125.739 0
      vertex 6.62966 -125.339 0
    endloop
  endfacet
  facet normal 0 0 -1
    outer loop
      vertex 43.1987 -115.801 0
      vertex 6.49343 -125.74 0
      vertex 6.49389 -125.739 0
    endloop
  endfacet
  facet normal 0 0 -1
    outer loop
      vertex 43.8664 -116.387 0
      vertex 6.30661 -126.119 0
      vertex 6.49343 -125.74 0
    endloop
  endfacet
  facet normal 0 0 -1
    outer loop
      vertex 43.8664 -116.387 0
      vertex 6.30598 -126.12 0
      vertex 6.30661 -126.119 0
    endloop
  endfacet
  facet normal 0 0 -1
    outer loop
      vertex 44.6049 -116.88 0
      vertex 6.30519 -126.121 0
      vertex 6.30598 -126.12 0
    endloop
  endfacet
  facet normal 0 0 -1
    outer loop
      vertex 44.6049 -116.88 0
      vertex 6.07052 -126.472 0
      vertex 6.30519 -126.121 0
    endloop
  endfacet
  facet normal 0 0 -1
    outer loop
      vertex 45.4015 -117.273 0
      vertex 5.79201 -126.79 0
      vertex 6.07052 -126.472 0
    endloop
  endfacet
  facet normal 0 0 -1
    outer loop
      vertex 45.4015 -117.273 0
      vertex 5.79107 -126.791 0
      vertex 5.79201 -126.79 0
    endloop
  endfacet
  facet normal 0 0 -1
    outer loop
      vertex 46.2426 -117.559 0
      vertex 5.79 -126.792 0
      vertex 5.79107 -126.791 0
    endloop
  endfacet
  facet normal 0 0 -1
    outer loop
      vertex 46.2426 -117.559 0
      vertex 5.47243 -127.071 0
      vertex 5.79 -126.792 0
    endloop
  endfacet
  facet normal -0 0 -1
    outer loop
      vertex 46.2521 -117.561 0
      vertex 5.47243 -127.071 0
      vertex 46.2426 -117.559 0
    endloop
  endfacet
  facet normal -0 0 -1
    outer loop
      vertex 47.1137 -117.732 0
      vertex 5.47243 -127.071 0
      vertex 46.2521 -117.561 0
    endloop
  endfacet
  facet normal 0 -0 -1
    outer loop
      vertex 5.47243 -127.071 0
      vertex 47.1137 -117.732 0
      vertex 5.12122 -127.305 0
    endloop
  endfacet
  facet normal -0 0 -1
    outer loop
      vertex 48 -117.79 0
      vertex 5.12003 -127.306 0
      vertex 47.1234 -117.733 0
    endloop
  endfacet
  facet normal 0 0 -1
    outer loop
      vertex 48 -117.79 0
      vertex -4.8 -132.8 0
      vertex 4.73992 -127.493 0
    endloop
  endfacet
  facet normal 0 0 1
    outer loop
      vertex 4.73992 -127.493 0
      vertex -4.8 -132.8 0
      vertex 4.73857 -127.494 0
    endloop
  endfacet
  facet normal 0 0 -1
    outer loop
      vertex 4.73857 -127.494 0
      vertex -4.8 -132.8 0
      vertex 4.33859 -127.63 0
    endloop
  endfacet
  facet normal 0 0 -1
    outer loop
      vertex 4.33859 -127.63 0
      vertex -4.8 -132.8 0
      vertex 3.92431 -127.712 0
    endloop
  endfacet
  facet normal -0 0 -1
    outer loop
      vertex 3.92431 -127.712 0
      vertex -4.8 -132.8 0
      vertex 3.92291 -127.712 0
    endloop
  endfacet
  facet normal -0 0 -1
    outer loop
      vertex 3.92291 -127.712 0
      vertex -4.8 -132.8 0
      vertex 3.92149 -127.712 0
    endloop
  endfacet
  facet normal 0 0 -1
    outer loop
      vertex -4.8 -132.8 0
      vertex 3.07851 -127.712 0
      vertex 3.5 -127.74 0
    endloop
  endfacet
  facet normal 0 0 -1
    outer loop
      vertex -4.8 -132.8 0
      vertex 3.07569 -127.712 0
      vertex 3.07709 -127.712 0
    endloop
  endfacet
  facet normal 0 0 -1
    outer loop
      vertex -4.8 -132.8 0
      vertex 2.26143 -127.494 0
      vertex 2.66141 -127.63 0
    endloop
  endfacet
  facet normal 0 0 -1
    outer loop
      vertex -4.8 -132.8 0
      vertex 2.2588 -127.493 0
      vertex 2.26008 -127.493 0
    endloop
  endfacet
  facet normal 0 0 -1
    outer loop
      vertex -4.8 -132.8 0
      vertex 1.87878 -127.305 0
      vertex 1.87997 -127.306 0
    endloop
  endfacet
  facet normal 0 0 -1
    outer loop
      vertex -4.8 -132.8 0
      vertex 1.21 -126.792 0
      vertex 1.52757 -127.071 0
    endloop
  endfacet
  facet normal 0 0 -1
    outer loop
      vertex -4.8 -132.8 0
      vertex 0.694813 -126.121 0
      vertex 0.929483 -126.472 0
    endloop
  endfacet
  facet normal 0 0 -1
    outer loop
      vertex -4.8 -132.8 0
      vertex 0.693391 -126.119 0
      vertex 0.694021 -126.12 0
    endloop
  endfacet
  facet normal 0 0 -1
    outer loop
      vertex -4.8 -132.8 0
      vertex 0.506112 -125.739 0
      vertex 0.50657 -125.74 0
    endloop
  endfacet
  facet normal 0 0 -1
    outer loop
      vertex -4.8 -132.8 0
      vertex 0.287932 -124.924 0
      vertex 0.370337 -125.339 0
    endloop
  endfacet
  facet normal 0 0 -1
    outer loop
      vertex 0.287654 -3.92291 0
      vertex -4.8 4.8 0
      vertex 0.28756 -3.92149 0
    endloop
  endfacet
  facet normal -0 0 -1
    outer loop
      vertex 0.28756 -124.921 0
      vertex -4.8 -132.8 0
      vertex 0.259935 -124.5 0
    endloop
  endfacet
  facet normal -0 0 -1
    outer loop
      vertex 0.287654 -124.923 0
      vertex -4.8 -132.8 0
      vertex 0.28756 -124.921 0
    endloop
  endfacet
  facet normal -0 0 -1
    outer loop
      vertex 0.287932 -124.924 0
      vertex -4.8 -132.8 0
      vertex 0.287654 -124.923 0
    endloop
  endfacet
  facet normal -0 0 -1
    outer loop
      vertex 0.506112 -125.739 0
      vertex -4.8 -132.8 0
      vertex 0.370337 -125.339 0
    endloop
  endfacet
  facet normal -0 0 -1
    outer loop
      vertex 0.693391 -126.119 0
      vertex -4.8 -132.8 0
      vertex 0.50657 -125.74 0
    endloop
  endfacet
  facet normal -0 0 -1
    outer loop
      vertex 0.694813 -126.121 0
      vertex -4.8 -132.8 0
      vertex 0.694021 -126.12 0
    endloop
  endfacet
  facet normal -0 0 -1
    outer loop
      vertex 1.20799 -126.79 0
      vertex -4.8 -132.8 0
      vertex 0.929483 -126.472 0
    endloop
  endfacet
  facet normal -0 0 -1
    outer loop
      vertex 1.20893 -126.791 0
      vertex -4.8 -132.8 0
      vertex 1.20799 -126.79 0
    endloop
  endfacet
  facet normal -0 0 -1
    outer loop
      vertex 1.21 -126.792 0
      vertex -4.8 -132.8 0
      vertex 1.20893 -126.791 0
    endloop
  endfacet
  facet normal -0 0 -1
    outer loop
      vertex 1.87878 -127.305 0
      vertex -4.8 -132.8 0
      vertex 1.52757 -127.071 0
    endloop
  endfacet
  facet normal -0 0 -1
    outer loop
      vertex 2.2588 -127.493 0
      vertex -4.8 -132.8 0
      vertex 1.87997 -127.306 0
    endloop
  endfacet
  facet normal -0 0 -1
    outer loop
      vertex 2.26143 -127.494 0
      vertex -4.8 -132.8 0
      vertex 2.26008 -127.493 0
    endloop
  endfacet
  facet normal -0 0 -1
    outer loop
      vertex 3.07569 -127.712 0
      vertex -4.8 -132.8 0
      vertex 2.66141 -127.63 0
    endloop
  endfacet
  facet normal -0 0 -1
    outer loop
      vertex 3.07851 -127.712 0
      vertex -4.8 -132.8 0
      vertex 3.07709 -127.712 0
    endloop
  endfacet
  facet normal 0 0 -1
    outer loop
      vertex 3.92149 -127.712 0
      vertex -4.8 -132.8 0
      vertex 3.5 -127.74 0
    endloop
  endfacet
  facet normal 0 0 -1
    outer loop
      vertex 95.7123 -124.077 0
      vertex 100.8 -132.8 0
      vertex 95.7124 -124.079 0
    endloop
  endfacet
  facet normal 0 0 -1
    outer loop
      vertex 95.7124 -3.07851 0
      vertex 100.8 4.8 0
      vertex 95.7401 -3.5 0
    endloop
  endfacet
  facet normal 0 0 -1
    outer loop
      vertex 95.7123 -3.07709 0
      vertex 100.8 4.8 0
      vertex 95.7124 -3.07851 0
    endloop
  endfacet
  facet normal 0 0 -1
    outer loop
      vertex 95.7121 -3.07569 0
      vertex 100.8 4.8 0
      vertex 95.7123 -3.07709 0
    endloop
  endfacet
  facet normal 0 0 -1
    outer loop
      vertex 95.6297 -2.66141 0
      vertex 100.8 4.8 0
      vertex 95.7121 -3.07569 0
    endloop
  endfacet
  facet normal 0 0 -1
    outer loop
      vertex 95.4939 -2.26143 0
      vertex 100.8 4.8 0
      vertex 95.6297 -2.66141 0
    endloop
  endfacet
  facet normal 0 0 -1
    outer loop
      vertex 95.4934 -2.26008 0
      vertex 100.8 4.8 0
      vertex 95.4939 -2.26143 0
    endloop
  endfacet
  facet normal 0 0 -1
    outer loop
      vertex 95.4928 -2.2588 0
      vertex 100.8 4.8 0
      vertex 95.4934 -2.26008 0
    endloop
  endfacet
  facet normal 0 0 -1
    outer loop
      vertex 95.306 -1.87997 0
      vertex 100.8 4.8 0
      vertex 95.4928 -2.2588 0
    endloop
  endfacet
  facet normal 0 0 -1
    outer loop
      vertex 95.3052 -1.87878 0
      vertex 100.8 4.8 0
      vertex 95.306 -1.87997 0
    endloop
  endfacet
  facet normal 0 0 -1
    outer loop
      vertex 95.0705 -1.52757 0
      vertex 100.8 4.8 0
      vertex 95.3052 -1.87878 0
    endloop
  endfacet
  facet normal 0 0 -1
    outer loop
      vertex 94.792 -1.21 0
      vertex 100.8 4.8 0
      vertex 95.0705 -1.52757 0
    endloop
  endfacet
  facet normal 0 0 -1
    outer loop
      vertex 94.7911 -1.20893 0
      vertex 100.8 4.8 0
      vertex 94.792 -1.21 0
    endloop
  endfacet
  facet normal 0 0 -1
    outer loop
      vertex 94.79 -1.20799 0
      vertex 100.8 4.8 0
      vertex 94.7911 -1.20893 0
    endloop
  endfacet
  facet normal 0 0 -1
    outer loop
      vertex 94.4724 -0.929483 0
      vertex 100.8 4.8 0
      vertex 94.79 -1.20799 0
    endloop
  endfacet
  facet normal 0 0 -1
    outer loop
      vertex 94.1212 -0.694813 0
      vertex 100.8 4.8 0
      vertex 94.4724 -0.929483 0
    endloop
  endfacet
  facet normal 0 0 -1
    outer loop
      vertex 94.12 -0.694021 0
      vertex 100.8 4.8 0
      vertex 94.1212 -0.694813 0
    endloop
  endfacet
  facet normal 0 0 -1
    outer loop
      vertex 94.1188 -0.693391 0
      vertex 100.8 4.8 0
      vertex 94.12 -0.694021 0
    endloop
  endfacet
  facet normal 0 0 -1
    outer loop
      vertex 93.7399 -0.50657 0
      vertex 100.8 4.8 0
      vertex 94.1188 -0.693391 0
    endloop
  endfacet
  facet normal 0 0 -1
    outer loop
      vertex 93.7386 -0.506112 0
      vertex 100.8 4.8 0
      vertex 93.7399 -0.50657 0
    endloop
  endfacet
  facet normal 0 0 -1
    outer loop
      vertex 93.3386 -0.370337 0
      vertex 100.8 4.8 0
      vertex 93.7386 -0.506112 0
    endloop
  endfacet
  facet normal 0 0 -1
    outer loop
      vertex 92.9243 -0.287932 0
      vertex 100.8 4.8 0
      vertex 93.3386 -0.370337 0
    endloop
  endfacet
  facet normal 0 0 -1
    outer loop
      vertex 92.9229 -0.287654 0
      vertex 100.8 4.8 0
      vertex 92.9243 -0.287932 0
    endloop
  endfacet
  facet normal 0 0 -1
    outer loop
      vertex 92.9215 -0.28756 0
      vertex 100.8 4.8 0
      vertex 92.9229 -0.287654 0
    endloop
  endfacet
  facet normal 0 0 -1
    outer loop
      vertex 92.5 -0.259935 0
      vertex 100.8 4.8 0
      vertex 92.9215 -0.28756 0
    endloop
  endfacet
  facet normal 0 0 -1
    outer loop
      vertex 92.0785 -0.28756 0
      vertex 100.8 4.8 0
      vertex 92.5 -0.259935 0
    endloop
  endfacet
  facet normal 0 0 -1
    outer loop
      vertex 92.0771 -0.287654 0
      vertex 100.8 4.8 0
      vertex 92.0785 -0.28756 0
    endloop
  endfacet
  facet normal 0 0 -1
    outer loop
      vertex 92.0757 -0.287932 0
      vertex 100.8 4.8 0
      vertex 92.0771 -0.287654 0
    endloop
  endfacet
  facet normal 0 0 -1
    outer loop
      vertex 91.6614 -0.370337 0
      vertex 100.8 4.8 0
      vertex 92.0757 -0.287932 0
    endloop
  endfacet
  facet normal 0 0 -1
    outer loop
      vertex 91.2614 -0.506112 0
      vertex 100.8 4.8 0
      vertex 91.6614 -0.370337 0
    endloop
  endfacet
  facet normal 0 0 -1
    outer loop
      vertex 91.2601 -0.50657 0
      vertex 100.8 4.8 0
      vertex 91.2614 -0.506112 0
    endloop
  endfacet
  facet normal 0 0 -1
    outer loop
      vertex 91.2588 -0.5072 0
      vertex 100.8 4.8 0
      vertex 91.2601 -0.50657 0
    endloop
  endfacet
  facet normal 0 0 -1
    outer loop
      vertex 90.88 -0.694021 0
      vertex 100.8 4.8 0
      vertex 91.2588 -0.5072 0
    endloop
  endfacet
  facet normal 0 0 1
    outer loop
      vertex 90.5276 -0.929483 0
      vertex 90.88 -0.694021 0
      vertex 90.8788 -0.694813 0
    endloop
  endfacet
  facet normal 0 0 -1
    outer loop
      vertex 89.694 -1.87997 0
      vertex 89.9295 -1.52757 0
      vertex 89.6948 -1.87878 0
    endloop
  endfacet
  facet normal 0 0 1
    outer loop
      vertex 89.5066 -2.26008 0
      vertex 89.694 -1.87997 0
      vertex 89.5072 -2.2588 0
    endloop
  endfacet
  facet normal 0 0 1
    outer loop
      vertex 89.3703 -2.66141 0
      vertex 89.5066 -2.26008 0
      vertex 89.5061 -2.26143 0
    endloop
  endfacet
  facet normal 0 0 1
    outer loop
      vertex 89.2877 -3.07709 0
      vertex 89.3703 -2.66141 0
      vertex 89.2879 -3.07569 0
    endloop
  endfacet
  facet normal 0 0 1
    outer loop
      vertex 89.2599 -3.5 0
      vertex 89.2877 -3.07709 0
      vertex 89.2876 -3.07851 0
    endloop
  endfacet
  facet normal -0 0 -1
    outer loop
      vertex 89.9295 -5.47243 0
      vertex 81.6082 -36.2258 0
      vertex 89.6948 -5.12122 0
    endloop
  endfacet
  facet normal -0 0 -1
    outer loop
      vertex 89.6948 -5.12122 0
      vertex 81.6082 -36.2258 0
      vertex 89.694 -5.12003 0
    endloop
  endfacet
  facet normal 0 0 -1
    outer loop
      vertex 80.875 -36.5873 0
      vertex 89.694 -5.12003 0
      vertex 81.6082 -36.2258 0
    endloop
  endfacet
  facet normal -0 0 -1
    outer loop
      vertex 89.694 -5.12003 0
      vertex 80.875 -36.5873 0
      vertex 89.6934 -5.11875 0
    endloop
  endfacet
  facet normal -0 0 -1
    outer loop
      vertex 89.6934 -5.11875 0
      vertex 80.875 -36.5873 0
      vertex 89.5066 -4.73992 0
    endloop
  endfacet
  facet normal 0 0 -1
    outer loop
      vertex 80.1952 -37.0415 0
      vertex 89.5066 -4.73992 0
      vertex 80.875 -36.5873 0
    endloop
  endfacet
  facet normal -0 0 -1
    outer loop
      vertex 89.5066 -4.73992 0
      vertex 80.1952 -37.0415 0
      vertex 89.5061 -4.73857 0
    endloop
  endfacet
  facet normal -0 0 -1
    outer loop
      vertex 89.5061 -4.73857 0
      vertex 80.1952 -37.0415 0
      vertex 89.3703 -4.33859 0
    endloop
  endfacet
  facet normal 0 0 -1
    outer loop
      vertex 42.8849 -38.7319 0
      vertex 89.3703 -4.33859 0
      vertex 80.1952 -37.0415 0
    endloop
  endfacet
  facet normal -0 0 -1
    outer loop
      vertex 89.3703 -4.33859 0
      vertex 42.8849 -38.7319 0
      vertex 89.2879 -3.92431 0
    endloop
  endfacet
  facet normal -0 0 -1
    outer loop
      vertex 89.2879 -3.92431 0
      vertex 42.8849 -38.7319 0
      vertex 89.2877 -3.92291 0
    endloop
  endfacet
  facet normal -0 0 -1
    outer loop
      vertex 89.2877 -3.92291 0
      vertex 42.8849 -38.7319 0
      vertex 89.2876 -3.92149 0
    endloop
  endfacet
  facet normal -0 0 -1
    outer loop
      vertex 89.2876 -3.92149 0
      vertex 42.8849 -38.7319 0
      vertex 89.2599 -3.5 0
    endloop
  endfacet
  facet normal -0 0 -1
    outer loop
      vertex 89.2599 -3.5 0
      vertex 42.8849 -38.7319 0
      vertex 89.2877 -3.07709 0
    endloop
  endfacet
  facet normal 0 0 -1
    outer loop
      vertex 42.8849 -38.7319 0
      vertex 80.1952 -37.0415 0
      vertex 79.5806 -37.5806 0
    endloop
  endfacet
  facet normal 0 0 -1
    outer loop
      vertex 42.8849 -38.7319 0
      vertex 79.5806 -37.5806 0
      vertex 79.0415 -38.1952 0
    endloop
  endfacet
  facet normal 0 0 -1
    outer loop
      vertex 42.8849 -38.7319 0
      vertex 79.0415 -38.1952 0
      vertex 78.5873 -38.875 0
    endloop
  endfacet
  facet normal 0 0 -1
    outer loop
      vertex 42.8849 -38.7319 0
      vertex 78.5873 -38.875 0
      vertex 78.2258 -39.6082 0
    endloop
  endfacet
  facet normal 0 0 -1
    outer loop
      vertex 42.8849 -38.7319 0
      vertex 78.2258 -39.6082 0
      vertex 77.963 -40.3824 0
    endloop
  endfacet
  facet normal 0 0 -1
    outer loop
      vertex 90.5276 -121.929 0
      vertex 54.732 -110.114 0
      vertex 54.5606 -109.252 0
    endloop
  endfacet
  facet normal 0 0 -1
    outer loop
      vertex 90.5276 -121.929 0
      vertex 54.5606 -109.252 0
      vertex 54.5588 -109.243 0
    endloop
  endfacet
  facet normal 0 0 -1
    outer loop
      vertex 90.8788 -121.695 0
      vertex 54.5588 -109.243 0
      vertex 54.5556 -109.233 0
    endloop
  endfacet
  facet normal 0 0 -1
    outer loop
      vertex 90.88 -121.694 0
      vertex 54.5556 -109.233 0
      vertex 54.2733 -108.402 0
    endloop
  endfacet
  facet normal 0 0 -1
    outer loop
      vertex 91.2601 -121.507 0
      vertex 54.2733 -108.402 0
      vertex 53.8847 -107.614 0
    endloop
  endfacet
  facet normal 0 0 -1
    outer loop
      vertex 91.2601 -121.507 0
      vertex 53.8847 -107.614 0
      vertex 53.8804 -107.605 0
    endloop
  endfacet
  facet normal 0 0 -1
    outer loop
      vertex 91.6614 -121.37 0
      vertex 53.387 -106.866 0
      vertex 84 -48.25 0
    endloop
  endfacet
  facet normal 0 0 -1
    outer loop
      vertex 52.1409 -105.619 0
      vertex 82.3824 -48.037 0
      vertex 52.8013 -106.199 0
    endloop
  endfacet
  facet normal 0 0 -1
    outer loop
      vertex 50.6072 -104.731 0
      vertex 80.875 -47.4127 0
      vertex 51.3951 -105.12 0
    endloop
  endfacet
  facet normal 0 0 -1
    outer loop
      vertex 50.5985 -104.727 0
      vertex 80.875 -47.4127 0
      vertex 50.6072 -104.731 0
    endloop
  endfacet
  facet normal -0 0 -1
    outer loop
      vertex 80.875 -47.4127 0
      vertex 50.5985 -104.727 0
      vertex 80.1952 -46.9585 0
    endloop
  endfacet
  facet normal 0 0 -1
    outer loop
      vertex 49.7666 -104.444 0
      vertex 80.1952 -46.9585 0
      vertex 50.5985 -104.727 0
    endloop
  endfacet
  facet normal 0 0 -1
    outer loop
      vertex 49.7574 -104.441 0
      vertex 80.1952 -46.9585 0
      vertex 49.7666 -104.444 0
    endloop
  endfacet
  facet normal 0 0 -1
    outer loop
      vertex 42.6523 -45.4202 0
      vertex 80.1952 -46.9585 0
      vertex 49.7574 -104.441 0
    endloop
  endfacet
  facet normal 0 0 -1
    outer loop
      vertex 42.6523 -45.4202 0
      vertex 49.7574 -104.441 0
      vertex 49.7479 -104.439 0
    endloop
  endfacet
  facet normal 0 0 -1
    outer loop
      vertex 6.71235 -3.07709 0
      vertex 89.2877 -3.07709 0
      vertex 42.8849 -38.7319 0
    endloop
  endfacet
  facet normal 0 0 -1
    outer loop
      vertex 42.6523 -45.4202 0
      vertex 49.7479 -104.439 0
      vertex 48.8863 -104.268 0
    endloop
  endfacet
  facet normal 0 0 -1
    outer loop
      vertex 80.1952 -46.9585 0
      vertex 42.6523 -45.4202 0
      vertex 79.5806 -46.4194 0
    endloop
  endfacet
  facet normal 0 0 -1
    outer loop
      vertex 42.6523 -45.4202 0
      vertex 79.0415 -45.8048 0
      vertex 79.5806 -46.4194 0
    endloop
  endfacet
  facet normal 0 0 -1
    outer loop
      vertex 42.6523 -45.4202 0
      vertex 77.963 -43.6176 0
      vertex 78.2258 -44.3918 0
    endloop
  endfacet
  facet normal 0 0 -1
    outer loop
      vertex 42.6523 -45.4202 0
      vertex 77.8035 -42.8158 0
      vertex 77.963 -43.6176 0
    endloop
  endfacet
  facet normal 0 0 -1
    outer loop
      vertex 42.6523 -45.4202 0
      vertex 77.75 -42 0
      vertex 77.8035 -42.8158 0
    endloop
  endfacet
  facet normal 0 0 -1
    outer loop
      vertex 77.75 -42 0
      vertex 42.8849 -38.7319 0
      vertex 77.8035 -41.1842 0
    endloop
  endfacet
  facet normal 0 0 -1
    outer loop
      vertex 77.8035 -41.1842 0
      vertex 42.8849 -38.7319 0
      vertex 77.963 -40.3824 0
    endloop
  endfacet
  facet normal 0 0 -1
    outer loop
      vertex 42.6523 -45.4202 0
      vertex 78.2258 -44.3918 0
      vertex 78.5873 -45.125 0
    endloop
  endfacet
  facet normal 0 0 -1
    outer loop
      vertex 42.6523 -45.4202 0
      vertex 78.5873 -45.125 0
      vertex 79.0415 -45.8048 0
    endloop
  endfacet
  facet normal 0 0 -1
    outer loop
      vertex 42.6523 -45.4202 0
      vertex 48.8863 -104.268 0
      vertex 48.0097 -104.211 0
    endloop
  endfacet
  facet normal 0 0 -1
    outer loop
      vertex 42.6523 -45.4202 0
      vertex 48.0097 -104.211 0
      vertex 48 -104.21 0
    endloop
  endfacet
  facet normal 0 0 -1
    outer loop
      vertex 42.6523 -45.4202 0
      vertex 48 -104.21 0
      vertex 47.9903 -104.211 0
    endloop
  endfacet
  facet normal 0 0 -1
    outer loop
      vertex 42.6523 -45.4202 0
      vertex 47.9903 -104.211 0
      vertex 47.1137 -104.268 0
    endloop
  endfacet
  facet normal 0 0 -1
    outer loop
      vertex 42.6523 -45.4202 0
      vertex 47.1137 -104.268 0
      vertex 46.2521 -104.439 0
    endloop
  endfacet
  facet normal 0 0 -1
    outer loop
      vertex 42.6523 -45.4202 0
      vertex 46.2521 -104.439 0
      vertex 46.2426 -104.441 0
    endloop
  endfacet
  facet normal 0 0 -1
    outer loop
      vertex 42.6523 -45.4202 0
      vertex 46.2426 -104.441 0
      vertex 46.2334 -104.444 0
    endloop
  endfacet
  facet normal 0 0 -1
    outer loop
      vertex 42.6523 -45.4202 0
      vertex 46.2334 -104.444 0
      vertex 45.4015 -104.727 0
    endloop
  endfacet
  facet normal 0 0 -1
    outer loop
      vertex 42.6523 -45.4202 0
      vertex 45.4015 -104.727 0
      vertex 44.6136 -105.115 0
    endloop
  endfacet
  facet normal 0 0 -1
    outer loop
      vertex 42.6523 -45.4202 0
      vertex 44.6136 -105.115 0
      vertex 44.6049 -105.12 0
    endloop
  endfacet
  facet normal 0 0 -1
    outer loop
      vertex 42.6523 -45.4202 0
      vertex 44.6049 -105.12 0
      vertex 44.5969 -105.125 0
    endloop
  endfacet
  facet normal 0 0 -1
    outer loop
      vertex 42.6523 -45.4202 0
      vertex 44.5969 -105.125 0
      vertex 43.8664 -105.613 0
    endloop
  endfacet
  facet normal 0 0 -1
    outer loop
      vertex 42.6523 -45.4202 0
      vertex 43.8664 -105.613 0
      vertex 43.8591 -105.619 0
    endloop
  endfacet
  facet normal 0 0 -1
    outer loop
      vertex 19.1792 -45.4097 0
      vertex 43.8591 -105.619 0
      vertex 43.1987 -106.199 0
    endloop
  endfacet
  facet normal 0 0 -1
    outer loop
      vertex 89.2877 -3.07709 0
      vertex 6.71235 -3.07709 0
      vertex 89.3703 -2.66141 0
    endloop
  endfacet
  facet normal 0 0 -1
    outer loop
      vertex 6.71207 -3.07569 0
      vertex 89.3703 -2.66141 0
      vertex 6.71235 -3.07709 0
    endloop
  endfacet
  facet normal 0 0 -1
    outer loop
      vertex 6.62966 -2.66141 0
      vertex 89.3703 -2.66141 0
      vertex 6.71207 -3.07569 0
    endloop
  endfacet
  facet normal 0 0 -1
    outer loop
      vertex 89.3703 -2.66141 0
      vertex 6.62966 -2.66141 0
      vertex 89.5066 -2.26008 0
    endloop
  endfacet
  facet normal 0 0 -1
    outer loop
      vertex 6.49389 -2.26143 0
      vertex 89.5066 -2.26008 0
      vertex 6.62966 -2.66141 0
    endloop
  endfacet
  facet normal 0 0 -1
    outer loop
      vertex 6.49343 -2.26008 0
      vertex 89.5066 -2.26008 0
      vertex 6.49389 -2.26143 0
    endloop
  endfacet
  facet normal 0 0 -1
    outer loop
      vertex 89.5066 -2.26008 0
      vertex 6.49343 -2.26008 0
      vertex 89.694 -1.87997 0
    endloop
  endfacet
  facet normal 0 0 -1
    outer loop
      vertex 6.74006 -3.5 0
      vertex 42.8849 -38.7319 0
      vertex 41.2331 -38.7319 0
    endloop
  endfacet
  facet normal 0 0 -1
    outer loop
      vertex 38.0052 -38.7319 0
      vertex 38.8311 -41.8031 0
      vertex 38.0052 -41.1718 0
    endloop
  endfacet
  facet normal 0 0 -1
    outer loop
      vertex 38.8311 -41.8031 0
      vertex 38.0052 -38.7319 0
      vertex 41.2331 -38.7319 0
    endloop
  endfacet
  facet normal 0 0 -1
    outer loop
      vertex 6.74006 -3.5 0
      vertex 41.2331 -38.7319 0
      vertex 38.0052 -38.7319 0
    endloop
  endfacet
  facet normal 0 0 -1
    outer loop
      vertex 6.74006 -3.5 0
      vertex 38.0052 -38.7319 0
      vertex 36.6048 -38.7319 0
    endloop
  endfacet
  facet normal 0 0 -1
    outer loop
      vertex 35.4636 -38.7319 0
      vertex 36.6048 -38.7319 0
      vertex 35.4636 -45.4202 0
    endloop
  endfacet
  facet normal 0 0 -1
    outer loop
      vertex 6.74006 -3.5 0
      vertex 36.6048 -38.7319 0
      vertex 35.4636 -38.7319 0
    endloop
  endfacet
  facet normal 0 0 -1
    outer loop
      vertex 6.74006 -3.5 0
      vertex 35.4636 -38.7319 0
      vertex 33.8211 -38.7319 0
    endloop
  endfacet
  facet normal 0 0 -1
    outer loop
      vertex 6.4928 -2.2588 0
      vertex 89.694 -1.87997 0
      vertex 6.49343 -2.26008 0
    endloop
  endfacet
  facet normal 0 0 -1
    outer loop
      vertex 30.992 -38.7319 0
      vertex 33.8211 -38.7319 0
      vertex 30.992 -42.6765 0
    endloop
  endfacet
  facet normal 0 0 -1
    outer loop
      vertex 6.74006 -3.5 0
      vertex 33.8211 -38.7319 0
      vertex 30.992 -38.7319 0
    endloop
  endfacet
  facet normal 0 0 -1
    outer loop
      vertex 6.74006 -3.5 0
      vertex 30.992 -38.7319 0
      vertex 29.7483 -38.7319 0
    endloop
  endfacet
  facet normal 0 0 -1
    outer loop
      vertex 28.8581 -41.8137 0
      vertex 29.7483 -38.7319 0
      vertex 28.8665 -42.1069 0
    endloop
  endfacet
  facet normal 0 0 -1
    outer loop
      vertex 28.8328 -41.5307 0
      vertex 29.7483 -38.7319 0
      vertex 28.8581 -41.8137 0
    endloop
  endfacet
  facet normal 0 0 -1
    outer loop
      vertex 28.7907 -41.258 0
      vertex 29.7483 -38.7319 0
      vertex 28.8328 -41.5307 0
    endloop
  endfacet
  facet normal 0 0 -1
    outer loop
      vertex 28.7317 -40.9956 0
      vertex 29.7483 -38.7319 0
      vertex 28.7907 -41.258 0
    endloop
  endfacet
  facet normal 0 0 -1
    outer loop
      vertex 28.6558 -40.7434 0
      vertex 29.7483 -38.7319 0
      vertex 28.7317 -40.9956 0
    endloop
  endfacet
  facet normal 0 0 -1
    outer loop
      vertex 28.5631 -40.5015 0
      vertex 29.7483 -38.7319 0
      vertex 28.6558 -40.7434 0
    endloop
  endfacet
  facet normal 0 0 -1
    outer loop
      vertex 28.4535 -40.2699 0
      vertex 29.7483 -38.7319 0
      vertex 28.5631 -40.5015 0
    endloop
  endfacet
  facet normal 0 0 -1
    outer loop
      vertex 28.3283 -40.051 0
      vertex 29.7483 -38.7319 0
      vertex 28.4535 -40.2699 0
    endloop
  endfacet
  facet normal 0 0 -1
    outer loop
      vertex 28.1885 -39.8473 0
      vertex 29.7483 -38.7319 0
      vertex 28.3283 -40.051 0
    endloop
  endfacet
  facet normal 0 0 -1
    outer loop
      vertex 28.0342 -39.6588 0
      vertex 29.7483 -38.7319 0
      vertex 28.1885 -39.8473 0
    endloop
  endfacet
  facet normal 0 0 -1
    outer loop
      vertex 27.8653 -39.4856 0
      vertex 29.7483 -38.7319 0
      vertex 28.0342 -39.6588 0
    endloop
  endfacet
  facet normal 0 0 -1
    outer loop
      vertex 27.6819 -39.3275 0
      vertex 29.7483 -38.7319 0
      vertex 27.8653 -39.4856 0
    endloop
  endfacet
  facet normal 0 0 -1
    outer loop
      vertex 27.484 -39.1847 0
      vertex 29.7483 -38.7319 0
      vertex 27.6819 -39.3275 0
    endloop
  endfacet
  facet normal 0 0 -1
    outer loop
      vertex 27.2716 -39.057 0
      vertex 29.7483 -38.7319 0
      vertex 27.484 -39.1847 0
    endloop
  endfacet
  facet normal 0 0 -1
    outer loop
      vertex 27.0466 -38.9456 0
      vertex 29.7483 -38.7319 0
      vertex 27.2716 -39.057 0
    endloop
  endfacet
  facet normal 0 0 -1
    outer loop
      vertex 26.8112 -38.8513 0
      vertex 29.7483 -38.7319 0
      vertex 27.0466 -38.9456 0
    endloop
  endfacet
  facet normal 0 0 -1
    outer loop
      vertex 26.5654 -38.7741 0
      vertex 29.7483 -38.7319 0
      vertex 26.8112 -38.8513 0
    endloop
  endfacet
  facet normal 0 0 -1
    outer loop
      vertex 26.3091 -38.7141 0
      vertex 29.7483 -38.7319 0
      vertex 26.5654 -38.7741 0
    endloop
  endfacet
  facet normal 0 0 -1
    outer loop
      vertex 26.0423 -38.6712 0
      vertex 29.7483 -38.7319 0
      vertex 26.3091 -38.7141 0
    endloop
  endfacet
  facet normal 0 0 -1
    outer loop
      vertex 29.7483 -38.7319 0
      vertex 26.0423 -38.6712 0
      vertex 6.74006 -3.5 0
    endloop
  endfacet
  facet normal 0 0 -1
    outer loop
      vertex 6.74006 -3.5 0
      vertex 26.0423 -38.6712 0
      vertex 25.765 -38.6455 0
    endloop
  endfacet
  facet normal 0 0 -1
    outer loop
      vertex 6.74006 -3.5 0
      vertex 25.765 -38.6455 0
      vertex 25.4773 -38.637 0
    endloop
  endfacet
  facet normal 0 0 -1
    outer loop
      vertex 6.74006 -3.5 0
      vertex 25.4773 -38.637 0
      vertex 25.0409 -38.6559 0
    endloop
  endfacet
  facet normal 0 0 -1
    outer loop
      vertex 21.6778 -38.7319 0
      vertex 25.0409 -38.6559 0
      vertex 24.6324 -38.7127 0
    endloop
  endfacet
  facet normal 0 0 -1
    outer loop
      vertex 21.6778 -38.7319 0
      vertex 24.6324 -38.7127 0
      vertex 24.2516 -38.8074 0
    endloop
  endfacet
  facet normal 0 0 -1
    outer loop
      vertex 21.6778 -38.7319 0
      vertex 24.2516 -38.8074 0
      vertex 23.8986 -38.94 0
    endloop
  endfacet
  facet normal 0 0 -1
    outer loop
      vertex 21.6778 -38.7319 0
      vertex 23.8986 -38.94 0
      vertex 23.5735 -39.1104 0
    endloop
  endfacet
  facet normal 0 0 -1
    outer loop
      vertex 22.1846 -42.9687 0
      vertex 21.2723 -42.8596 0
      vertex 22.13 -42.5522 0
    endloop
  endfacet
  facet normal 0 0 -1
    outer loop
      vertex 21.2153 -42.6864 0
      vertex 22.13 -42.5522 0
      vertex 21.2723 -42.8596 0
    endloop
  endfacet
  facet normal 0 0 -1
    outer loop
      vertex 21.6778 -38.7319 0
      vertex 22.2761 -40.8495 0
      vertex 22.1848 -41.2406 0
    endloop
  endfacet
  facet normal 0 0 -1
    outer loop
      vertex 21.6778 -38.7319 0
      vertex 22.4039 -40.4864 0
      vertex 22.2761 -40.8495 0
    endloop
  endfacet
  facet normal 0 0 -1
    outer loop
      vertex 21.6778 -38.7319 0
      vertex 22.5683 -40.1512 0
      vertex 22.4039 -40.4864 0
    endloop
  endfacet
  facet normal 0 0 -1
    outer loop
      vertex 21.6778 -38.7319 0
      vertex 22.7691 -39.8441 0
      vertex 22.5683 -40.1512 0
    endloop
  endfacet
  facet normal 0 0 -1
    outer loop
      vertex 21.6778 -38.7319 0
      vertex 23.0065 -39.565 0
      vertex 22.7691 -39.8441 0
    endloop
  endfacet
  facet normal 0 0 -1
    outer loop
      vertex 21.6778 -38.7319 0
      vertex 23.2761 -39.3188 0
      vertex 23.0065 -39.565 0
    endloop
  endfacet
  facet normal 0 0 -1
    outer loop
      vertex 21.6778 -38.7319 0
      vertex 23.5735 -39.1104 0
      vertex 23.2761 -39.3188 0
    endloop
  endfacet
  facet normal -0 0 -1
    outer loop
      vertex 25.0409 -38.6559 0
      vertex 21.6778 -38.7319 0
      vertex 6.74006 -3.5 0
    endloop
  endfacet
  facet normal 0 0 -1
    outer loop
      vertex 42.8849 -38.7319 0
      vertex 6.74006 -3.5 0
      vertex 6.71244 -3.07851 0
    endloop
  endfacet
  facet normal 0 0 -1
    outer loop
      vertex 6.74006 -3.5 0
      vertex 21.6778 -38.7319 0
      vertex 20.1018 -38.7319 0
    endloop
  endfacet
  facet normal 0 0 -1
    outer loop
      vertex 16.9072 -38.7319 0
      vertex 18.5496 -41.2715 0
      vertex 16.9072 -41.2715 0
    endloop
  endfacet
  facet normal 0 0 -1
    outer loop
      vertex 18.5496 -41.2715 0
      vertex 16.9072 -38.7319 0
      vertex 20.1018 -38.7319 0
    endloop
  endfacet
  facet normal 0 0 -1
    outer loop
      vertex 6.74006 -3.5 0
      vertex 20.1018 -38.7319 0
      vertex 16.9072 -38.7319 0
    endloop
  endfacet
  facet normal 0 0 -1
    outer loop
      vertex 6.74006 -3.5 0
      vertex 16.9072 -38.7319 0
      vertex 15.5068 -38.7319 0
    endloop
  endfacet
  facet normal 0 0 -1
    outer loop
      vertex 6.74006 -3.5 0
      vertex 15.5068 -38.7319 0
      vertex 14.9304 -38.7319 0
    endloop
  endfacet
  facet normal 0 0 -1
    outer loop
      vertex 6.74006 -3.5 0
      vertex 14.9304 -38.7319 0
      vertex 13.2785 -38.7319 0
    endloop
  endfacet
  facet normal 0 0 -1
    outer loop
      vertex 10.0506 -38.7319 0
      vertex 10.8766 -41.8031 0
      vertex 10.0506 -41.1718 0
    endloop
  endfacet
  facet normal 0 0 -1
    outer loop
      vertex 10.8766 -41.8031 0
      vertex 10.0506 -38.7319 0
      vertex 13.2785 -38.7319 0
    endloop
  endfacet
  facet normal 0 0 -1
    outer loop
      vertex 6.74006 -3.5 0
      vertex 13.2785 -38.7319 0
      vertex 10.0506 -38.7319 0
    endloop
  endfacet
  facet normal 0 0 -1
    outer loop
      vertex 6.74006 -3.5 0
      vertex 10.0506 -38.7319 0
      vertex 8.6503 -38.7319 0
    endloop
  endfacet
  facet normal 0 0 -1
    outer loop
      vertex 8.6503 -45.4202 0
      vertex 6.74006 -3.5 0
      vertex 8.6503 -38.7319 0
    endloop
  endfacet
  facet normal 0 0 -1
    outer loop
      vertex 42.8849 -38.7319 0
      vertex 6.71244 -3.07851 0
      vertex 6.71235 -3.07709 0
    endloop
  endfacet
  facet normal 0 0 -1
    outer loop
      vertex 6.30598 -1.87997 0
      vertex 89.694 -1.87997 0
      vertex 6.4928 -2.2588 0
    endloop
  endfacet
  facet normal 0 0 -1
    outer loop
      vertex 89.694 -1.87997 0
      vertex 6.30598 -1.87997 0
      vertex 89.9295 -1.52757 0
    endloop
  endfacet
  facet normal 0 0 -1
    outer loop
      vertex 6.30519 -1.87878 0
      vertex 89.9295 -1.52757 0
      vertex 6.30598 -1.87997 0
    endloop
  endfacet
  facet normal 0 0 -1
    outer loop
      vertex 6.07052 -1.52757 0
      vertex 89.9295 -1.52757 0
      vertex 6.30519 -1.87878 0
    endloop
  endfacet
  facet normal 0 0 -1
    outer loop
      vertex 89.9295 -1.52757 0
      vertex 6.07052 -1.52757 0
      vertex 90.208 -1.21 0
    endloop
  endfacet
  facet normal -0 0 -1
    outer loop
      vertex 90.208 -1.21 0
      vertex 6.07052 -1.52757 0
      vertex 90.2089 -1.20893 0
    endloop
  endfacet
  facet normal 0 0 -1
    outer loop
      vertex 5.79201 -1.21 0
      vertex 90.2089 -1.20893 0
      vertex 6.07052 -1.52757 0
    endloop
  endfacet
  facet normal 0 0 -1
    outer loop
      vertex 5.79107 -1.20893 0
      vertex 90.2089 -1.20893 0
      vertex 5.79201 -1.21 0
    endloop
  endfacet
  facet normal 0 0 -1
    outer loop
      vertex 90.2089 -1.20893 0
      vertex 5.79107 -1.20893 0
      vertex 90.21 -1.20799 0
    endloop
  endfacet
  facet normal -0 0 -1
    outer loop
      vertex 90.21 -1.20799 0
      vertex 5.79107 -1.20893 0
      vertex 90.5276 -0.929483 0
    endloop
  endfacet
  facet normal 0 0 -1
    outer loop
      vertex 5.79 -1.20799 0
      vertex 90.5276 -0.929483 0
      vertex 5.79107 -1.20893 0
    endloop
  endfacet
  facet normal 0 0 -1
    outer loop
      vertex 5.47243 -0.929483 0
      vertex 90.5276 -0.929483 0
      vertex 5.79 -1.20799 0
    endloop
  endfacet
  facet normal 0 0 -1
    outer loop
      vertex 90.5276 -0.929483 0
      vertex 5.47243 -0.929483 0
      vertex 90.88 -0.694021 0
    endloop
  endfacet
  facet normal 0 0 -1
    outer loop
      vertex 5.12122 -0.694813 0
      vertex 90.88 -0.694021 0
      vertex 5.47243 -0.929483 0
    endloop
  endfacet
  facet normal 0 0 -1
    outer loop
      vertex 5.12003 -0.694021 0
      vertex 90.88 -0.694021 0
      vertex 5.12122 -0.694813 0
    endloop
  endfacet
  facet normal 0 0 -1
    outer loop
      vertex 90.88 -0.694021 0
      vertex 5.12003 -0.694021 0
      vertex 100.8 4.8 0
    endloop
  endfacet
  facet normal 0 0 -1
    outer loop
      vertex 5.11875 -0.693391 0
      vertex 100.8 4.8 0
      vertex 5.12003 -0.694021 0
    endloop
  endfacet
  facet normal 0 0 -1
    outer loop
      vertex 4.73992 -0.50657 0
      vertex 100.8 4.8 0
      vertex 5.11875 -0.693391 0
    endloop
  endfacet
  facet normal 0 0 -1
    outer loop
      vertex -4.8 4.8 0
      vertex 4.73992 -0.50657 0
      vertex 4.73857 -0.506112 0
    endloop
  endfacet
  facet normal 0 0 -1
    outer loop
      vertex -4.8 4.8 0
      vertex 4.73857 -0.506112 0
      vertex 4.33859 -0.370337 0
    endloop
  endfacet
  facet normal 0 0 -1
    outer loop
      vertex -4.8 4.8 0
      vertex 4.33859 -0.370337 0
      vertex 3.92431 -0.287932 0
    endloop
  endfacet
  facet normal 0 0 -1
    outer loop
      vertex -4.8 4.8 0
      vertex 3.92431 -0.287932 0
      vertex 3.92291 -0.287654 0
    endloop
  endfacet
  facet normal 0 0 -1
    outer loop
      vertex -4.8 4.8 0
      vertex 3.92291 -0.287654 0
      vertex 3.92149 -0.28756 0
    endloop
  endfacet
  facet normal 0 0 -1
    outer loop
      vertex -4.8 4.8 0
      vertex 3.92149 -0.28756 0
      vertex 3.5 -0.259935 0
    endloop
  endfacet
  facet normal 0 0 -1
    outer loop
      vertex -4.8 4.8 0
      vertex 3.07851 -0.28756 0
      vertex 3.07709 -0.287654 0
    endloop
  endfacet
  facet normal 0 0 -1
    outer loop
      vertex -4.8 4.8 0
      vertex 3.07569 -0.287932 0
      vertex 2.66141 -0.370337 0
    endloop
  endfacet
  facet normal 0 0 -1
    outer loop
      vertex -4.8 4.8 0
      vertex 1.87878 -0.694813 0
      vertex 1.52757 -0.929483 0
    endloop
  endfacet
  facet normal 0 0 -1
    outer loop
      vertex -4.8 4.8 0
      vertex 0.694813 -1.87878 0
      vertex 0.694021 -1.87997 0
    endloop
  endfacet
  facet normal 0 0 -1
    outer loop
      vertex -4.8 4.8 0
      vertex 0.287932 -3.07569 0
      vertex 0.287654 -3.07709 0
    endloop
  endfacet
  facet normal 0 0 -1
    outer loop
      vertex -4.8 4.8 0
      vertex 0.28756 -3.07851 0
      vertex 0.259935 -3.5 0
    endloop
  endfacet
  facet normal 0 0 -1
    outer loop
      vertex 4.73992 -0.50657 0
      vertex -4.8 4.8 0
      vertex 100.8 4.8 0
    endloop
  endfacet
  facet normal 0 0 -1
    outer loop
      vertex 3.07851 -0.28756 0
      vertex -4.8 4.8 0
      vertex 3.5 -0.259935 0
    endloop
  endfacet
  facet normal 0 0 -1
    outer loop
      vertex 3.07569 -0.287932 0
      vertex -4.8 4.8 0
      vertex 3.07709 -0.287654 0
    endloop
  endfacet
  facet normal 0 0 -1
    outer loop
      vertex 2.26143 -0.506112 0
      vertex -4.8 4.8 0
      vertex 2.66141 -0.370337 0
    endloop
  endfacet
  facet normal 0 0 -1
    outer loop
      vertex 2.26008 -0.50657 0
      vertex -4.8 4.8 0
      vertex 2.26143 -0.506112 0
    endloop
  endfacet
  facet normal 0 0 -1
    outer loop
      vertex 2.2588 -0.5072 0
      vertex -4.8 4.8 0
      vertex 2.26008 -0.50657 0
    endloop
  endfacet
  facet normal 0 0 -1
    outer loop
      vertex 1.87997 -0.694021 0
      vertex -4.8 4.8 0
      vertex 2.2588 -0.5072 0
    endloop
  endfacet
  facet normal 0 0 -1
    outer loop
      vertex 1.87878 -0.694813 0
      vertex -4.8 4.8 0
      vertex 1.87997 -0.694021 0
    endloop
  endfacet
  facet normal 0 0 -1
    outer loop
      vertex 1.21 -1.20799 0
      vertex -4.8 4.8 0
      vertex 1.52757 -0.929483 0
    endloop
  endfacet
  facet normal 0 0 -1
    outer loop
      vertex 1.20893 -1.20893 0
      vertex -4.8 4.8 0
      vertex 1.21 -1.20799 0
    endloop
  endfacet
  facet normal 0 0 -1
    outer loop
      vertex 1.20799 -1.21 0
      vertex -4.8 4.8 0
      vertex 1.20893 -1.20893 0
    endloop
  endfacet
  facet normal 0 0 -1
    outer loop
      vertex 0.929483 -1.52757 0
      vertex -4.8 4.8 0
      vertex 1.20799 -1.21 0
    endloop
  endfacet
  facet normal 0 0 -1
    outer loop
      vertex 0.694813 -1.87878 0
      vertex -4.8 4.8 0
      vertex 0.929483 -1.52757 0
    endloop
  endfacet
  facet normal 0 0 -1
    outer loop
      vertex 0.5072 -2.2588 0
      vertex -4.8 4.8 0
      vertex 0.694021 -1.87997 0
    endloop
  endfacet
  facet normal 0 0 -1
    outer loop
      vertex 0.50657 -2.26008 0
      vertex -4.8 4.8 0
      vertex 0.5072 -2.2588 0
    endloop
  endfacet
  facet normal 0 0 -1
    outer loop
      vertex 0.506112 -2.26143 0
      vertex -4.8 4.8 0
      vertex 0.50657 -2.26008 0
    endloop
  endfacet
  facet normal 0 0 -1
    outer loop
      vertex 0.370337 -2.66141 0
      vertex -4.8 4.8 0
      vertex 0.506112 -2.26143 0
    endloop
  endfacet
  facet normal 0 0 -1
    outer loop
      vertex 0.287932 -3.07569 0
      vertex -4.8 4.8 0
      vertex 0.370337 -2.66141 0
    endloop
  endfacet
  facet normal 0 0 -1
    outer loop
      vertex 0.28756 -3.07851 0
      vertex -4.8 4.8 0
      vertex 0.287654 -3.07709 0
    endloop
  endfacet
  facet normal 0 0 -1
    outer loop
      vertex 0.28756 -3.92149 0
      vertex -4.8 4.8 0
      vertex 0.259935 -3.5 0
    endloop
  endfacet
  facet normal -0 0 -1
    outer loop
      vertex 92.0785 -6.71244 0
      vertex 86.3918 -36.2258 0
      vertex 92.0771 -6.71235 0
    endloop
  endfacet
  facet normal 0 0 -1
    outer loop
      vertex 85.6176 -35.963 0
      vertex 92.0771 -6.71235 0
      vertex 86.3918 -36.2258 0
    endloop
  endfacet
  facet normal -0 0 -1
    outer loop
      vertex 92.0771 -6.71235 0
      vertex 85.6176 -35.963 0
      vertex 92.0757 -6.71207 0
    endloop
  endfacet
  facet normal -0 0 -1
    outer loop
      vertex 92.0757 -6.71207 0
      vertex 85.6176 -35.963 0
      vertex 91.6614 -6.62966 0
    endloop
  endfacet
  facet normal 0 0 -1
    outer loop
      vertex 84.8158 -35.8035 0
      vertex 91.6614 -6.62966 0
      vertex 85.6176 -35.963 0
    endloop
  endfacet
  facet normal -0 0 -1
    outer loop
      vertex 91.6614 -6.62966 0
      vertex 84.8158 -35.8035 0
      vertex 91.2614 -6.49389 0
    endloop
  endfacet
  facet normal -0 0 -1
    outer loop
      vertex 91.2614 -6.49389 0
      vertex 84.8158 -35.8035 0
      vertex 91.2601 -6.49343 0
    endloop
  endfacet
  facet normal 0 0 -1
    outer loop
      vertex 84 -35.75 0
      vertex 91.2601 -6.49343 0
      vertex 84.8158 -35.8035 0
    endloop
  endfacet
  facet normal -0 0 -1
    outer loop
      vertex 91.2601 -6.49343 0
      vertex 84 -35.75 0
      vertex 91.2588 -6.4928 0
    endloop
  endfacet
  facet normal -0 0 -1
    outer loop
      vertex 91.2588 -6.4928 0
      vertex 84 -35.75 0
      vertex 90.88 -6.30598 0
    endloop
  endfacet
  facet normal 0 0 -1
    outer loop
      vertex 83.1842 -35.8035 0
      vertex 90.88 -6.30598 0
      vertex 84 -35.75 0
    endloop
  endfacet
  facet normal -0 0 -1
    outer loop
      vertex 90.88 -6.30598 0
      vertex 83.1842 -35.8035 0
      vertex 90.8788 -6.30519 0
    endloop
  endfacet
  facet normal -0 0 -1
    outer loop
      vertex 90.8788 -6.30519 0
      vertex 83.1842 -35.8035 0
      vertex 90.5276 -6.07052 0
    endloop
  endfacet
  facet normal 0 0 -1
    outer loop
      vertex 82.3824 -35.963 0
      vertex 90.5276 -6.07052 0
      vertex 83.1842 -35.8035 0
    endloop
  endfacet
  facet normal -0 0 -1
    outer loop
      vertex 90.5276 -6.07052 0
      vertex 82.3824 -35.963 0
      vertex 90.21 -5.79201 0
    endloop
  endfacet
  facet normal -0 0 -1
    outer loop
      vertex 90.21 -5.79201 0
      vertex 82.3824 -35.963 0
      vertex 90.2089 -5.79107 0
    endloop
  endfacet
  facet normal -0 0 -1
    outer loop
      vertex 90.2089 -5.79107 0
      vertex 82.3824 -35.963 0
      vertex 90.208 -5.79 0
    endloop
  endfacet
  facet normal -0 0 -1
    outer loop
      vertex 90.208 -5.79 0
      vertex 82.3824 -35.963 0
      vertex 89.9295 -5.47243 0
    endloop
  endfacet
  facet normal 0 0 -1
    outer loop
      vertex 81.6082 -36.2258 0
      vertex 89.9295 -5.47243 0
      vertex 82.3824 -35.963 0
    endloop
  endfacet
  facet normal 0 0 -1
    outer loop
      vertex 19.1917 -42.4073 0
      vertex 19.9294 -43.237 0
      vertex 19.9356 -43.3696 0
    endloop
  endfacet
  facet normal 0 0 -1
    outer loop
      vertex 19.306 -44.2545 0
      vertex 19.9356 -43.3696 0
      vertex 19.9104 -43.6252 0
    endloop
  endfacet
  facet normal 0 0 -1
    outer loop
      vertex 19.1917 -42.4073 0
      vertex 19.9356 -43.3696 0
      vertex 19.306 -44.2545 0
    endloop
  endfacet
  facet normal 0 0 -1
    outer loop
      vertex 19.9294 -43.237 0
      vertex 19.3191 -42.4453 0
      vertex 19.9108 -43.1131 0
    endloop
  endfacet
  facet normal 0 0 -1
    outer loop
      vertex 19.5326 -44.1562 0
      vertex 19.9104 -43.6252 0
      vertex 19.8349 -43.8416 0
    endloop
  endfacet
  facet normal -0 -0 -1
    outer loop
      vertex 19.435 -42.4941 0
      vertex 19.9108 -43.1131 0
      vertex 19.3191 -42.4453 0
    endloop
  endfacet
  facet normal 0 0 -1
    outer loop
      vertex 19.9108 -43.1131 0
      vertex 19.435 -42.4941 0
      vertex 19.8798 -42.9979 0
    endloop
  endfacet
  facet normal 0 0 -1
    outer loop
      vertex 19.5326 -44.1562 0
      vertex 19.8349 -43.8416 0
      vertex 19.709 -44.0185 0
    endloop
  endfacet
  facet normal 0 0 -1
    outer loop
      vertex 19.9104 -43.6252 0
      vertex 19.5326 -44.1562 0
      vertex 19.306 -44.2545 0
    endloop
  endfacet
  facet normal 0 0 -1
    outer loop
      vertex 19.8364 -42.8914 0
      vertex 19.435 -42.4941 0
      vertex 19.7806 -42.7936 0
    endloop
  endfacet
  facet normal 0 0 -1
    outer loop
      vertex 19.7806 -42.7936 0
      vertex 19.435 -42.4941 0
      vertex 19.7124 -42.7046 0
    endloop
  endfacet
  facet normal 0 0 -1
    outer loop
      vertex 19.7124 -42.7046 0
      vertex 19.5392 -42.5538 0
      vertex 19.6318 -42.6243 0
    endloop
  endfacet
  facet normal 0 0 -1
    outer loop
      vertex 19.7124 -42.7046 0
      vertex 19.435 -42.4941 0
      vertex 19.5392 -42.5538 0
    endloop
  endfacet
  facet normal 0 0 -1
    outer loop
      vertex 19.8798 -42.9979 0
      vertex 19.435 -42.4941 0
      vertex 19.8364 -42.8914 0
    endloop
  endfacet
  facet normal 0 0 -1
    outer loop
      vertex 19.9294 -43.237 0
      vertex 19.1917 -42.4073 0
      vertex 19.3191 -42.4453 0
    endloop
  endfacet
  facet normal 0 0 -1
    outer loop
      vertex 19.0289 -44.3135 0
      vertex 19.1917 -42.4073 0
      vertex 19.306 -44.2545 0
    endloop
  endfacet
  facet normal -0 0 -1
    outer loop
      vertex 19.1917 -42.4073 0
      vertex 19.0289 -44.3135 0
      vertex 19.0526 -42.3802 0
    endloop
  endfacet
  facet normal 0 0 -1
    outer loop
      vertex 19.0289 -44.3135 0
      vertex 18.9018 -42.3639 0
      vertex 19.0526 -42.3802 0
    endloop
  endfacet
  facet normal 0 0 -1
    outer loop
      vertex 18.7015 -44.3332 0
      vertex 18.9018 -42.3639 0
      vertex 19.0289 -44.3135 0
    endloop
  endfacet
  facet normal -0 0 -1
    outer loop
      vertex 18.9018 -42.3639 0
      vertex 18.7015 -44.3332 0
      vertex 18.7395 -42.3585 0
    endloop
  endfacet
  facet normal 0 0 -1
    outer loop
      vertex 16.9072 -42.3585 0
      vertex 18.7015 -44.3332 0
      vertex 16.9072 -44.3332 0
    endloop
  endfacet
  facet normal 0 0 -1
    outer loop
      vertex 18.7015 -44.3332 0
      vertex 16.9072 -42.3585 0
      vertex 18.7395 -42.3585 0
    endloop
  endfacet
  facet normal 0 0 -1
    outer loop
      vertex 23.5216 -42.1069 0
      vertex 27.4378 -42.1069 0
      vertex 27.4273 -42.4066 0
    endloop
  endfacet
  facet normal 0 0 -1
    outer loop
      vertex 27.4378 -42.1069 0
      vertex 23.5216 -42.1069 0
      vertex 27.4274 -41.7934 0
    endloop
  endfacet
  facet normal 0 0 -1
    outer loop
      vertex 23.5321 -42.409 0
      vertex 27.4273 -42.4066 0
      vertex 27.3959 -42.6872 0
    endloop
  endfacet
  facet normal 0 -0 -1
    outer loop
      vertex 23.5323 -41.8018 0
      vertex 27.4274 -41.7934 0
      vertex 23.5216 -42.1069 0
    endloop
  endfacet
  facet normal 0 0 -1
    outer loop
      vertex 23.5635 -42.6915 0
      vertex 27.3959 -42.6872 0
      vertex 27.3436 -42.9487 0
    endloop
  endfacet
  facet normal 0 -0 -1
    outer loop
      vertex 23.5644 -41.5158 0
      vertex 27.4274 -41.7934 0
      vertex 23.5323 -41.8018 0
    endloop
  endfacet
  facet normal 0 0 -1
    outer loop
      vertex 23.6158 -42.9542 0
      vertex 27.3436 -42.9487 0
      vertex 27.2704 -43.1911 0
    endloop
  endfacet
  facet normal 0 0 -1
    outer loop
      vertex 27.4274 -41.7934 0
      vertex 23.5644 -41.5158 0
      vertex 27.3961 -41.5009 0
    endloop
  endfacet
  facet normal 0 0 -1
    outer loop
      vertex 25.7428 -44.4061 0
      vertex 27.2704 -43.1911 0
      vertex 27.1762 -43.4144 0
    endloop
  endfacet
  facet normal 0 -0 -1
    outer loop
      vertex 23.618 -41.2488 0
      vertex 27.3961 -41.5009 0
      vertex 23.5644 -41.5158 0
    endloop
  endfacet
  facet normal 0 0 -1
    outer loop
      vertex 25.7428 -44.4061 0
      vertex 27.1762 -43.4144 0
      vertex 27.0611 -43.6187 0
    endloop
  endfacet
  facet normal 0 0 -1
    outer loop
      vertex 27.3961 -41.5009 0
      vertex 23.618 -41.2488 0
      vertex 27.344 -41.2295 0
    endloop
  endfacet
  facet normal 0 0 -1
    outer loop
      vertex 25.982 -44.3684 0
      vertex 27.0611 -43.6187 0
      vertex 26.9251 -43.8039 0
    endloop
  endfacet
  facet normal 0 -0 -1
    outer loop
      vertex 23.6929 -41.001 0
      vertex 27.344 -41.2295 0
      vertex 23.618 -41.2488 0
    endloop
  endfacet
  facet normal 0 0 -1
    outer loop
      vertex 25.982 -44.3684 0
      vertex 26.9251 -43.8039 0
      vertex 26.7702 -43.9669 0
    endloop
  endfacet
  facet normal 0 0 -1
    outer loop
      vertex 27.344 -41.2295 0
      vertex 23.6929 -41.001 0
      vertex 27.2711 -40.9793 0
    endloop
  endfacet
  facet normal 0 0 -1
    outer loop
      vertex 25.982 -44.3684 0
      vertex 26.7702 -43.9669 0
      vertex 26.5984 -44.1049 0
    endloop
  endfacet
  facet normal 0 -0 -1
    outer loop
      vertex 25.4773 -39.7382 0
      vertex 27.2711 -40.9793 0
      vertex 23.6929 -41.001 0
    endloop
  endfacet
  facet normal 0 0 -1
    outer loop
      vertex 25.982 -44.3684 0
      vertex 26.5984 -44.1049 0
      vertex 26.4098 -44.2179 0
    endloop
  endfacet
  facet normal 0 0 -1
    outer loop
      vertex 25.982 -44.3684 0
      vertex 26.4098 -44.2179 0
      vertex 26.2043 -44.3057 0
    endloop
  endfacet
  facet normal 0 0 -1
    outer loop
      vertex 27.1774 -40.7502 0
      vertex 25.737 -39.7508 0
      vertex 27.0629 -40.5422 0
    endloop
  endfacet
  facet normal 0 0 -1
    outer loop
      vertex 27.0611 -43.6187 0
      vertex 25.982 -44.3684 0
      vertex 25.7428 -44.4061 0
    endloop
  endfacet
  facet normal -0 -0 -1
    outer loop
      vertex 25.9793 -39.7886 0
      vertex 27.0629 -40.5422 0
      vertex 25.737 -39.7508 0
    endloop
  endfacet
  facet normal 0 0 -1
    outer loop
      vertex 27.2704 -43.1911 0
      vertex 25.7428 -44.4061 0
      vertex 25.4868 -44.4186 0
    endloop
  endfacet
  facet normal 0 0 -1
    outer loop
      vertex 27.0629 -40.5422 0
      vertex 25.9793 -39.7886 0
      vertex 26.9275 -40.3553 0
    endloop
  endfacet
  facet normal -0 0 -1
    outer loop
      vertex 27.2704 -43.1911 0
      vertex 25.4868 -44.4186 0
      vertex 23.6158 -42.9542 0
    endloop
  endfacet
  facet normal 0 0 -1
    outer loop
      vertex 26.9275 -40.3553 0
      vertex 25.9793 -39.7886 0
      vertex 26.7729 -40.1916 0
    endloop
  endfacet
  facet normal 0 0 -1
    outer loop
      vertex 23.6158 -42.9542 0
      vertex 25.4868 -44.4186 0
      vertex 25.227 -44.4061 0
    endloop
  endfacet
  facet normal 0 0 -1
    outer loop
      vertex 26.6008 -40.0531 0
      vertex 25.9793 -39.7886 0
      vertex 26.4111 -39.9397 0
    endloop
  endfacet
  facet normal 0 0 -1
    outer loop
      vertex 26.4111 -39.9397 0
      vertex 25.9793 -39.7886 0
      vertex 26.204 -39.8515 0
    endloop
  endfacet
  facet normal 0 0 -1
    outer loop
      vertex 23.689 -43.1973 0
      vertex 25.227 -44.4061 0
      vertex 24.9846 -44.3688 0
    endloop
  endfacet
  facet normal 0 0 -1
    outer loop
      vertex 26.7729 -40.1916 0
      vertex 25.9793 -39.7886 0
      vertex 26.6008 -40.0531 0
    endloop
  endfacet
  facet normal 0 0 -1
    outer loop
      vertex 23.7831 -43.4208 0
      vertex 24.9846 -44.3688 0
      vertex 24.7596 -44.3066 0
    endloop
  endfacet
  facet normal 0 0 -1
    outer loop
      vertex 27.2711 -40.9793 0
      vertex 25.737 -39.7508 0
      vertex 27.1774 -40.7502 0
    endloop
  endfacet
  facet normal 0 0 -1
    outer loop
      vertex 23.7831 -43.4208 0
      vertex 24.7596 -44.3066 0
      vertex 24.5521 -44.2194 0
    endloop
  endfacet
  facet normal -0 -0 -1
    outer loop
      vertex 25.737 -39.7508 0
      vertex 27.2711 -40.9793 0
      vertex 25.4773 -39.7382 0
    endloop
  endfacet
  facet normal 0 0 -1
    outer loop
      vertex 23.7831 -43.4208 0
      vertex 24.5521 -44.2194 0
      vertex 24.3621 -44.1074 0
    endloop
  endfacet
  facet normal 0 -0 -1
    outer loop
      vertex 23.7892 -40.7722 0
      vertex 25.4773 -39.7382 0
      vertex 23.6929 -41.001 0
    endloop
  endfacet
  facet normal 0 0 -1
    outer loop
      vertex 23.7831 -43.4208 0
      vertex 24.3621 -44.1074 0
      vertex 24.1894 -43.9704 0
    endloop
  endfacet
  facet normal 0 0 -1
    outer loop
      vertex 25.4773 -39.7382 0
      vertex 23.7892 -40.7722 0
      vertex 25.226 -39.7511 0
    endloop
  endfacet
  facet normal 0 0 -1
    outer loop
      vertex 23.7831 -43.4208 0
      vertex 24.1894 -43.9704 0
      vertex 24.0342 -43.8086 0
    endloop
  endfacet
  facet normal 0 -0 -1
    outer loop
      vertex 23.907 -40.5625 0
      vertex 25.226 -39.7511 0
      vertex 23.7892 -40.7722 0
    endloop
  endfacet
  facet normal 0 0 -1
    outer loop
      vertex 23.7831 -43.4208 0
      vertex 24.0342 -43.8086 0
      vertex 23.8982 -43.6245 0
    endloop
  endfacet
  facet normal 0 0 -1
    outer loop
      vertex 25.226 -39.7511 0
      vertex 23.907 -40.5625 0
      vertex 24.9904 -39.7899 0
    endloop
  endfacet
  facet normal 0 0 -1
    outer loop
      vertex 24.9846 -44.3688 0
      vertex 23.7831 -43.4208 0
      vertex 23.689 -43.1973 0
    endloop
  endfacet
  facet normal 0 0 -1
    outer loop
      vertex 24.9904 -39.7899 0
      vertex 23.907 -40.5625 0
      vertex 24.7703 -39.8546 0
    endloop
  endfacet
  facet normal 0 0 -1
    outer loop
      vertex 25.227 -44.4061 0
      vertex 23.689 -43.1973 0
      vertex 23.6158 -42.9542 0
    endloop
  endfacet
  facet normal 0 0 -1
    outer loop
      vertex 24.2038 -40.2038 0
      vertex 23.907 -40.5625 0
      vertex 24.0461 -40.3719 0
    endloop
  endfacet
  facet normal -0 0 -1
    outer loop
      vertex 27.3436 -42.9487 0
      vertex 23.6158 -42.9542 0
      vertex 23.5635 -42.6915 0
    endloop
  endfacet
  facet normal 0 0 -1
    outer loop
      vertex 24.5659 -39.9451 0
      vertex 23.907 -40.5625 0
      vertex 24.377 -40.0615 0
    endloop
  endfacet
  facet normal -0 0 -1
    outer loop
      vertex 27.3959 -42.6872 0
      vertex 23.5635 -42.6915 0
      vertex 23.5321 -42.409 0
    endloop
  endfacet
  facet normal 0 0 -1
    outer loop
      vertex 24.377 -40.0615 0
      vertex 23.907 -40.5625 0
      vertex 24.2038 -40.2038 0
    endloop
  endfacet
  facet normal -0 0 -1
    outer loop
      vertex 27.4273 -42.4066 0
      vertex 23.5321 -42.409 0
      vertex 23.5216 -42.1069 0
    endloop
  endfacet
  facet normal 0 0 -1
    outer loop
      vertex 24.7703 -39.8546 0
      vertex 23.907 -40.5625 0
      vertex 24.5659 -39.9451 0
    endloop
  endfacet
  facet normal 0 0 1
    outer loop
      vertex 100.8 4.8 8.5
      vertex 98.8 2.8 8.5
      vertex 100.8 -132.8 8.5
    endloop
  endfacet
  facet normal 0 0 1
    outer loop
      vertex 100.8 4.8 8.5
      vertex -2.8 2.8 8.5
      vertex 98.8 2.8 8.5
    endloop
  endfacet
  facet normal 0 0 1
    outer loop
      vertex -2.8 2.8 8.5
      vertex -4.8 4.8 8.5
      vertex -2.8 -130.8 8.5
    endloop
  endfacet
  facet normal -0 0 1
    outer loop
      vertex -4.8 4.8 8.5
      vertex -2.8 2.8 8.5
      vertex 100.8 4.8 8.5
    endloop
  endfacet
  facet normal -0 0 1
    outer loop
      vertex 98.8 -130.8 8.5
      vertex 100.8 -132.8 8.5
      vertex 98.8 2.8 8.5
    endloop
  endfacet
  facet normal -0 0 1
    outer loop
      vertex -2.8 -130.8 8.5
      vertex 100.8 -132.8 8.5
      vertex 98.8 -130.8 8.5
    endloop
  endfacet
  facet normal 0 0 1
    outer loop
      vertex -2.8 -130.8 8.5
      vertex -4.8 -132.8 8.5
      vertex 100.8 -132.8 8.5
    endloop
  endfacet
  facet normal 0 0 1
    outer loop
      vertex -4.8 -132.8 8.5
      vertex -2.8 -130.8 8.5
      vertex -4.8 4.8 8.5
    endloop
  endfacet
  facet normal -1 0 0
    outer loop
      vertex -4.8 -132.8 0
      vertex -4.8 4.8 8.5
      vertex -4.8 4.8 0
    endloop
  endfacet
  facet normal -1 -0 0
    outer loop
      vertex -4.8 4.8 8.5
      vertex -4.8 -132.8 0
      vertex -4.8 -132.8 8.5
    endloop
  endfacet
  facet normal 0 -1 0
    outer loop
      vertex -4.8 -132.8 0
      vertex 100.8 -132.8 8.5
      vertex -4.8 -132.8 8.5
    endloop
  endfacet
  facet normal 0 -1 -0
    outer loop
      vertex 100.8 -132.8 8.5
      vertex -4.8 -132.8 0
      vertex 100.8 -132.8 0
    endloop
  endfacet
  facet normal 0 1 -0
    outer loop
      vertex 100.8 4.8 0
      vertex -4.8 4.8 8.5
      vertex 100.8 4.8 8.5
    endloop
  endfacet
  facet normal 0 1 0
    outer loop
      vertex -4.8 4.8 8.5
      vertex 100.8 4.8 0
      vertex -4.8 4.8 0
    endloop
  endfacet
  facet normal -1 0 0
    outer loop
      vertex 98.8 -130.8 2.5
      vertex 98.8 2.8 8.5
      vertex 98.8 2.8 2.5
    endloop
  endfacet
  facet normal -1 -0 0
    outer loop
      vertex 98.8 2.8 8.5
      vertex 98.8 -130.8 2.5
      vertex 98.8 -130.8 8.5
    endloop
  endfacet
  facet normal -0 0 1
    outer loop
      vertex 4.8487 -4.53489 2.5
      vertex 77.963 -40.3824 2.5
      vertex 4.97224 -4.35 2.5
    endloop
  endfacet
  facet normal 0 0 1
    outer loop
      vertex 29 -96 2.5
      vertex 5.18546 -124.278 2.5
      vertex 5.2 -124.5 2.5
    endloop
  endfacet
  facet normal 0 0 1
    outer loop
      vertex 77.963 -40.3824 2.5
      vertex 4.8487 -4.53489 2.5
      vertex 77.8035 -41.1842 2.5
    endloop
  endfacet
  facet normal 0 0 1
    outer loop
      vertex 29 -96 2.5
      vertex 5.14207 -124.06 2.5
      vertex 5.18546 -124.278 2.5
    endloop
  endfacet
  facet normal -0 0 1
    outer loop
      vertex 4.70208 -4.70208 2.5
      vertex 77.8035 -41.1842 2.5
      vertex 4.8487 -4.53489 2.5
    endloop
  endfacet
  facet normal 0 0 1
    outer loop
      vertex 29 -96 2.5
      vertex 5.07059 -123.849 2.5
      vertex 5.14207 -124.06 2.5
    endloop
  endfacet
  facet normal -0 0 1
    outer loop
      vertex 4.53489 -4.8487 2.5
      vertex 77.8035 -41.1842 2.5
      vertex 4.70208 -4.70208 2.5
    endloop
  endfacet
  facet normal 0 0 1
    outer loop
      vertex 29 -96 2.5
      vertex 4.97224 -123.65 2.5
      vertex 5.07059 -123.849 2.5
    endloop
  endfacet
  facet normal 0 0 1
    outer loop
      vertex 77.8035 -41.1842 2.5
      vertex 4.53489 -4.8487 2.5
      vertex 77.75 -42 2.5
    endloop
  endfacet
  facet normal 0 0 1
    outer loop
      vertex 29 -96 2.5
      vertex 4.8487 -123.465 2.5
      vertex 4.97224 -123.65 2.5
    endloop
  endfacet
  facet normal -0 0 1
    outer loop
      vertex 4.35 -4.97224 2.5
      vertex 77.75 -42 2.5
      vertex 4.53489 -4.8487 2.5
    endloop
  endfacet
  facet normal 0 0 1
    outer loop
      vertex 29 -96 2.5
      vertex 4.70208 -123.298 2.5
      vertex 4.8487 -123.465 2.5
    endloop
  endfacet
  facet normal 0 0 1
    outer loop
      vertex 77.75 -42 2.5
      vertex 4.35 -4.97224 2.5
      vertex 29 -96 2.5
    endloop
  endfacet
  facet normal 0 0 1
    outer loop
      vertex 29 -96 2.5
      vertex 4.53489 -123.151 2.5
      vertex 4.70208 -123.298 2.5
    endloop
  endfacet
  facet normal -0 0 1
    outer loop
      vertex 4.15056 -5.07059 2.5
      vertex 29 -96 2.5
      vertex 4.35 -4.97224 2.5
    endloop
  endfacet
  facet normal 0 0 1
    outer loop
      vertex 29 -96 2.5
      vertex 4.35 -123.028 2.5
      vertex 4.53489 -123.151 2.5
    endloop
  endfacet
  facet normal -0 0 1
    outer loop
      vertex 3.93999 -5.14207 2.5
      vertex 29 -96 2.5
      vertex 4.15056 -5.07059 2.5
    endloop
  endfacet
  facet normal 0 0 1
    outer loop
      vertex 29 -96 2.5
      vertex 4.15056 -122.929 2.5
      vertex 4.35 -123.028 2.5
    endloop
  endfacet
  facet normal -0 0 1
    outer loop
      vertex 3.72189 -5.18546 2.5
      vertex 29 -96 2.5
      vertex 3.93999 -5.14207 2.5
    endloop
  endfacet
  facet normal 0 0 1
    outer loop
      vertex 29 -96 2.5
      vertex 3.93999 -122.858 2.5
      vertex 4.15056 -122.929 2.5
    endloop
  endfacet
  facet normal -0 0 1
    outer loop
      vertex 3.5 -5.2 2.5
      vertex 29 -96 2.5
      vertex 3.72189 -5.18546 2.5
    endloop
  endfacet
  facet normal 0 0 1
    outer loop
      vertex 29 -96 2.5
      vertex 3.72189 -122.815 2.5
      vertex 3.93999 -122.858 2.5
    endloop
  endfacet
  facet normal 0 0 1
    outer loop
      vertex 3.2781 -5.18546 2.5
      vertex 29 -96 2.5
      vertex 3.5 -5.2 2.5
    endloop
  endfacet
  facet normal 0 0 1
    outer loop
      vertex 29 -96 2.5
      vertex 3.5 -122.8 2.5
      vertex 3.72189 -122.815 2.5
    endloop
  endfacet
  facet normal 0 0 1
    outer loop
      vertex 3.06001 -5.14207 2.5
      vertex 29 -96 2.5
      vertex 3.2781 -5.18546 2.5
    endloop
  endfacet
  facet normal 0 0 1
    outer loop
      vertex 29 -96 2.5
      vertex 3.2781 -122.815 2.5
      vertex 3.5 -122.8 2.5
    endloop
  endfacet
  facet normal 0 0 1
    outer loop
      vertex 2.84944 -5.07059 2.5
      vertex 29 -96 2.5
      vertex 3.06001 -5.14207 2.5
    endloop
  endfacet
  facet normal 0 0 1
    outer loop
      vertex 29 -96 2.5
      vertex 3.06001 -122.858 2.5
      vertex 3.2781 -122.815 2.5
    endloop
  endfacet
  facet normal 0 0 1
    outer loop
      vertex 2.65 -4.97224 2.5
      vertex 29 -96 2.5
      vertex 2.84944 -5.07059 2.5
    endloop
  endfacet
  facet normal 0 0 1
    outer loop
      vertex 29 -96 2.5
      vertex 2.84944 -122.929 2.5
      vertex 3.06001 -122.858 2.5
    endloop
  endfacet
  facet normal 0 0 1
    outer loop
      vertex 2.65 -123.028 2.5
      vertex 29 -96 2.5
      vertex 2.65 -4.97224 2.5
    endloop
  endfacet
  facet normal 0 0 1
    outer loop
      vertex 29 -96 2.5
      vertex 2.65 -123.028 2.5
      vertex 2.84944 -122.929 2.5
    endloop
  endfacet
  facet normal 0 0 1
    outer loop
      vertex 2.46511 -4.8487 2.5
      vertex 2.65 -123.028 2.5
      vertex 2.65 -4.97224 2.5
    endloop
  endfacet
  facet normal 0 0 1
    outer loop
      vertex 2.46511 -4.8487 2.5
      vertex 2.46511 -123.151 2.5
      vertex 2.65 -123.028 2.5
    endloop
  endfacet
  facet normal 0 0 1
    outer loop
      vertex 2.29792 -4.70208 2.5
      vertex 2.46511 -123.151 2.5
      vertex 2.46511 -4.8487 2.5
    endloop
  endfacet
  facet normal 0 0 1
    outer loop
      vertex 2.29792 -4.70208 2.5
      vertex 2.29792 -123.298 2.5
      vertex 2.46511 -123.151 2.5
    endloop
  endfacet
  facet normal 0 0 1
    outer loop
      vertex 2.1513 -4.53489 2.5
      vertex 2.29792 -123.298 2.5
      vertex 2.29792 -4.70208 2.5
    endloop
  endfacet
  facet normal 0 0 1
    outer loop
      vertex 2.1513 -4.53489 2.5
      vertex 2.1513 -123.465 2.5
      vertex 2.29792 -123.298 2.5
    endloop
  endfacet
  facet normal 0 0 1
    outer loop
      vertex 2.02776 -4.35 2.5
      vertex 2.1513 -123.465 2.5
      vertex 2.1513 -4.53489 2.5
    endloop
  endfacet
  facet normal 0 0 1
    outer loop
      vertex 2.02776 -4.35 2.5
      vertex 2.02776 -123.65 2.5
      vertex 2.1513 -123.465 2.5
    endloop
  endfacet
  facet normal 0 0 1
    outer loop
      vertex -2.8 2.8 2.5
      vertex 2.02776 -4.35 2.5
      vertex 1.9294 -4.15056 2.5
    endloop
  endfacet
  facet normal 0 0 1
    outer loop
      vertex 2.02776 -4.35 2.5
      vertex -2.8 2.8 2.5
      vertex 2.02776 -123.65 2.5
    endloop
  endfacet
  facet normal 0 0 1
    outer loop
      vertex -2.8 2.8 2.5
      vertex 1.9294 -4.15056 2.5
      vertex 1.85793 -3.93999 2.5
    endloop
  endfacet
  facet normal 0 0 1
    outer loop
      vertex -2.8 -130.8 2.5
      vertex 2.02776 -123.65 2.5
      vertex -2.8 2.8 2.5
    endloop
  endfacet
  facet normal 0 0 1
    outer loop
      vertex -2.8 2.8 2.5
      vertex 1.85793 -3.93999 2.5
      vertex 1.81454 -3.72189 2.5
    endloop
  endfacet
  facet normal 0 0 1
    outer loop
      vertex 2.02776 -123.65 2.5
      vertex -2.8 -130.8 2.5
      vertex 1.9294 -123.849 2.5
    endloop
  endfacet
  facet normal 0 0 1
    outer loop
      vertex -2.8 2.8 2.5
      vertex 1.81454 -3.72189 2.5
      vertex 1.8 -3.5 2.5
    endloop
  endfacet
  facet normal 0 0 1
    outer loop
      vertex 1.9294 -123.849 2.5
      vertex -2.8 -130.8 2.5
      vertex 1.85793 -124.06 2.5
    endloop
  endfacet
  facet normal 0 0 1
    outer loop
      vertex 34.8437 -117.788 2.5
      vertex 29 -122.5 2.5
      vertex 34.7735 -118.141 2.5
    endloop
  endfacet
  facet normal 0 0 1
    outer loop
      vertex 34.7735 -118.141 2.5
      vertex 29 -122.5 2.5
      vertex 34 -122.5 2.5
    endloop
  endfacet
  facet normal 0 0 1
    outer loop
      vertex 42.4567 -108.704 2.5
      vertex 39.6817 -107.674 2.5
      vertex 42.2044 -109.447 2.5
    endloop
  endfacet
  facet normal 0 0 1
    outer loop
      vertex 42.0513 -111.783 2.5
      vertex 40.2265 -118.141 2.5
      vertex 40.25 -118.5 2.5
    endloop
  endfacet
  facet normal -0 0 1
    outer loop
      vertex 39.4445 -107.945 2.5
      vertex 42.2044 -109.447 2.5
      vertex 39.6817 -107.674 2.5
    endloop
  endfacet
  facet normal 0 0 1
    outer loop
      vertex 42.0513 -111.783 2.5
      vertex 40.1563 -117.788 2.5
      vertex 40.2265 -118.141 2.5
    endloop
  endfacet
  facet normal -0 0 1
    outer loop
      vertex 39.1741 -108.182 2.5
      vertex 42.2044 -109.447 2.5
      vertex 39.4445 -107.945 2.5
    endloop
  endfacet
  facet normal 0 0 1
    outer loop
      vertex 42.0513 -111.783 2.5
      vertex 40.0407 -117.448 2.5
      vertex 40.1563 -117.788 2.5
    endloop
  endfacet
  facet normal 0 0 1
    outer loop
      vertex 42.2044 -109.447 2.5
      vertex 39.1741 -108.182 2.5
      vertex 42.0513 -110.217 2.5
    endloop
  endfacet
  facet normal 0 0 1
    outer loop
      vertex 42.0513 -111.783 2.5
      vertex 39.8816 -117.125 2.5
      vertex 40.0407 -117.448 2.5
    endloop
  endfacet
  facet normal -0 0 1
    outer loop
      vertex 38.875 -108.382 2.5
      vertex 42.0513 -110.217 2.5
      vertex 39.1741 -108.182 2.5
    endloop
  endfacet
  facet normal 0 0 1
    outer loop
      vertex 42.0513 -111.783 2.5
      vertex 39.6817 -116.826 2.5
      vertex 39.8816 -117.125 2.5
    endloop
  endfacet
  facet normal 0 0 1
    outer loop
      vertex 42.0513 -110.217 2.5
      vertex 38.875 -108.382 2.5
      vertex 42 -111 2.5
    endloop
  endfacet
  facet normal 0 0 1
    outer loop
      vertex 42.0513 -111.783 2.5
      vertex 39.4445 -116.555 2.5
      vertex 39.6817 -116.826 2.5
    endloop
  endfacet
  facet normal -0 0 1
    outer loop
      vertex 38.5524 -108.541 2.5
      vertex 42 -111 2.5
      vertex 38.875 -108.382 2.5
    endloop
  endfacet
  facet normal 0 0 1
    outer loop
      vertex 42.0513 -111.783 2.5
      vertex 39.1741 -116.318 2.5
      vertex 39.4445 -116.555 2.5
    endloop
  endfacet
  facet normal -0 0 1
    outer loop
      vertex 38.2118 -108.656 2.5
      vertex 42 -111 2.5
      vertex 38.5524 -108.541 2.5
    endloop
  endfacet
  facet normal 0 0 1
    outer loop
      vertex 42.0513 -111.783 2.5
      vertex 38.875 -116.118 2.5
      vertex 39.1741 -116.318 2.5
    endloop
  endfacet
  facet normal 0 0 1
    outer loop
      vertex 42 -111 2.5
      vertex 38.2118 -108.656 2.5
      vertex 42.0513 -111.783 2.5
    endloop
  endfacet
  facet normal 0 0 1
    outer loop
      vertex 42.0513 -111.783 2.5
      vertex 38.5524 -115.959 2.5
      vertex 38.875 -116.118 2.5
    endloop
  endfacet
  facet normal -0 0 1
    outer loop
      vertex 37.8589 -108.726 2.5
      vertex 42.0513 -111.783 2.5
      vertex 38.2118 -108.656 2.5
    endloop
  endfacet
  facet normal 0 0 1
    outer loop
      vertex 42.0513 -111.783 2.5
      vertex 38.2118 -115.844 2.5
      vertex 38.5524 -115.959 2.5
    endloop
  endfacet
  facet normal 0 0 1
    outer loop
      vertex 37.8589 -115.774 2.5
      vertex 42.0513 -111.783 2.5
      vertex 37.8589 -108.726 2.5
    endloop
  endfacet
  facet normal 0 0 1
    outer loop
      vertex 42.0513 -111.783 2.5
      vertex 37.8589 -115.774 2.5
      vertex 38.2118 -115.844 2.5
    endloop
  endfacet
  facet normal -0 0 1
    outer loop
      vertex 37.5 -108.75 2.5
      vertex 37.8589 -115.774 2.5
      vertex 37.8589 -108.726 2.5
    endloop
  endfacet
  facet normal 0 0 1
    outer loop
      vertex 37.5 -108.75 2.5
      vertex 37.5 -115.75 2.5
      vertex 37.8589 -115.774 2.5
    endloop
  endfacet
  facet normal 0 0 1
    outer loop
      vertex 37.1411 -108.726 2.5
      vertex 37.5 -115.75 2.5
      vertex 37.5 -108.75 2.5
    endloop
  endfacet
  facet normal 0 0 1
    outer loop
      vertex 37.1411 -108.726 2.5
      vertex 37.1411 -115.774 2.5
      vertex 37.5 -115.75 2.5
    endloop
  endfacet
  facet normal 0 0 1
    outer loop
      vertex 36.7882 -108.656 2.5
      vertex 37.1411 -115.774 2.5
      vertex 37.1411 -108.726 2.5
    endloop
  endfacet
  facet normal 0 0 1
    outer loop
      vertex 36.7882 -108.656 2.5
      vertex 36.7882 -115.844 2.5
      vertex 37.1411 -115.774 2.5
    endloop
  endfacet
  facet normal 0 0 1
    outer loop
      vertex 36.4476 -108.541 2.5
      vertex 36.7882 -115.844 2.5
      vertex 36.7882 -108.656 2.5
    endloop
  endfacet
  facet normal 0 0 1
    outer loop
      vertex 36.4476 -108.541 2.5
      vertex 36.4476 -115.959 2.5
      vertex 36.7882 -115.844 2.5
    endloop
  endfacet
  facet normal 0 0 1
    outer loop
      vertex 36.125 -108.382 2.5
      vertex 36.4476 -115.959 2.5
      vertex 36.4476 -108.541 2.5
    endloop
  endfacet
  facet normal 0 0 1
    outer loop
      vertex 36.125 -108.382 2.5
      vertex 36.125 -116.118 2.5
      vertex 36.4476 -115.959 2.5
    endloop
  endfacet
  facet normal 0 0 1
    outer loop
      vertex 35.8259 -108.182 2.5
      vertex 36.125 -116.118 2.5
      vertex 36.125 -108.382 2.5
    endloop
  endfacet
  facet normal 0 0 1
    outer loop
      vertex 35.8259 -108.182 2.5
      vertex 35.8259 -116.318 2.5
      vertex 36.125 -116.118 2.5
    endloop
  endfacet
  facet normal 0 0 1
    outer loop
      vertex 35.5555 -107.945 2.5
      vertex 35.8259 -116.318 2.5
      vertex 35.8259 -108.182 2.5
    endloop
  endfacet
  facet normal 0 0 1
    outer loop
      vertex 35.5555 -107.945 2.5
      vertex 35.5555 -116.555 2.5
      vertex 35.8259 -116.318 2.5
    endloop
  endfacet
  facet normal 0 0 1
    outer loop
      vertex 35.3183 -107.674 2.5
      vertex 35.5555 -116.555 2.5
      vertex 35.5555 -107.945 2.5
    endloop
  endfacet
  facet normal 0 0 1
    outer loop
      vertex 35.3183 -107.674 2.5
      vertex 35.3183 -116.826 2.5
      vertex 35.5555 -116.555 2.5
    endloop
  endfacet
  facet normal 0 0 1
    outer loop
      vertex 35.1184 -107.375 2.5
      vertex 35.3183 -116.826 2.5
      vertex 35.3183 -107.674 2.5
    endloop
  endfacet
  facet normal 0 0 1
    outer loop
      vertex 35.1184 -107.375 2.5
      vertex 35.1184 -117.125 2.5
      vertex 35.3183 -116.826 2.5
    endloop
  endfacet
  facet normal 0 0 1
    outer loop
      vertex 29 -122.5 2.5
      vertex 35.1184 -107.375 2.5
      vertex 34.9593 -107.052 2.5
    endloop
  endfacet
  facet normal 0 0 1
    outer loop
      vertex 35.1184 -107.375 2.5
      vertex 29 -122.5 2.5
      vertex 35.1184 -117.125 2.5
    endloop
  endfacet
  facet normal 0 0 1
    outer loop
      vertex 29 -122.5 2.5
      vertex 34.8437 -106.712 2.5
      vertex 29 -99.5 2.5
    endloop
  endfacet
  facet normal 0 0 1
    outer loop
      vertex 34.8437 -106.712 2.5
      vertex 29 -122.5 2.5
      vertex 34.9593 -107.052 2.5
    endloop
  endfacet
  facet normal 0 0 1
    outer loop
      vertex 29 -99.5 2.5
      vertex 34.8437 -106.712 2.5
      vertex 34.7735 -106.359 2.5
    endloop
  endfacet
  facet normal 0 0 1
    outer loop
      vertex 35.1184 -117.125 2.5
      vertex 29 -122.5 2.5
      vertex 34.9593 -117.448 2.5
    endloop
  endfacet
  facet normal 0 0 1
    outer loop
      vertex 29 -99.5 2.5
      vertex 34.7735 -106.359 2.5
      vertex 34.75 -106 2.5
    endloop
  endfacet
  facet normal 0 0 1
    outer loop
      vertex 34.9593 -117.448 2.5
      vertex 29 -122.5 2.5
      vertex 34.8437 -117.788 2.5
    endloop
  endfacet
  facet normal 0 0 1
    outer loop
      vertex 67 -99.5 2.5
      vertex 61.1563 -106.712 2.5
      vertex 67 -122.5 2.5
    endloop
  endfacet
  facet normal 0 0 1
    outer loop
      vertex 67 -122.5 2.5
      vertex 61.2265 -118.141 2.5
      vertex 61.25 -118.5 2.5
    endloop
  endfacet
  facet normal -0 0 1
    outer loop
      vertex 61.0407 -107.052 2.5
      vertex 67 -122.5 2.5
      vertex 61.1563 -106.712 2.5
    endloop
  endfacet
  facet normal 0 0 1
    outer loop
      vertex 67 -122.5 2.5
      vertex 61.1563 -117.788 2.5
      vertex 61.2265 -118.141 2.5
    endloop
  endfacet
  facet normal -0 0 1
    outer loop
      vertex 60.8816 -107.375 2.5
      vertex 67 -122.5 2.5
      vertex 61.0407 -107.052 2.5
    endloop
  endfacet
  facet normal 0 0 1
    outer loop
      vertex 67 -122.5 2.5
      vertex 61.0407 -117.448 2.5
      vertex 61.1563 -117.788 2.5
    endloop
  endfacet
  facet normal -0 0 1
    outer loop
      vertex 60.8816 -117.125 2.5
      vertex 67 -122.5 2.5
      vertex 60.8816 -107.375 2.5
    endloop
  endfacet
  facet normal 0 0 1
    outer loop
      vertex 67 -122.5 2.5
      vertex 60.8816 -117.125 2.5
      vertex 61.0407 -117.448 2.5
    endloop
  endfacet
  facet normal -0 0 1
    outer loop
      vertex 60.6817 -107.674 2.5
      vertex 60.8816 -117.125 2.5
      vertex 60.8816 -107.375 2.5
    endloop
  endfacet
  facet normal 0 0 1
    outer loop
      vertex 60.6817 -107.674 2.5
      vertex 60.6817 -116.826 2.5
      vertex 60.8816 -117.125 2.5
    endloop
  endfacet
  facet normal -0 0 1
    outer loop
      vertex 60.4445 -107.945 2.5
      vertex 60.6817 -116.826 2.5
      vertex 60.6817 -107.674 2.5
    endloop
  endfacet
  facet normal 0 0 1
    outer loop
      vertex 60.4445 -107.945 2.5
      vertex 60.4445 -116.555 2.5
      vertex 60.6817 -116.826 2.5
    endloop
  endfacet
  facet normal -0 0 1
    outer loop
      vertex 60.1741 -108.182 2.5
      vertex 60.4445 -116.555 2.5
      vertex 60.4445 -107.945 2.5
    endloop
  endfacet
  facet normal 0 0 1
    outer loop
      vertex 60.1741 -108.182 2.5
      vertex 60.1741 -116.318 2.5
      vertex 60.4445 -116.555 2.5
    endloop
  endfacet
  facet normal -0 0 1
    outer loop
      vertex 59.875 -108.382 2.5
      vertex 60.1741 -116.318 2.5
      vertex 60.1741 -108.182 2.5
    endloop
  endfacet
  facet normal 0 0 1
    outer loop
      vertex 59.875 -108.382 2.5
      vertex 59.875 -116.118 2.5
      vertex 60.1741 -116.318 2.5
    endloop
  endfacet
  facet normal -0 0 1
    outer loop
      vertex 59.5524 -108.541 2.5
      vertex 59.875 -116.118 2.5
      vertex 59.875 -108.382 2.5
    endloop
  endfacet
  facet normal 0 0 1
    outer loop
      vertex 59.5524 -108.541 2.5
      vertex 59.5524 -115.959 2.5
      vertex 59.875 -116.118 2.5
    endloop
  endfacet
  facet normal -0 0 1
    outer loop
      vertex 59.2118 -108.656 2.5
      vertex 59.5524 -115.959 2.5
      vertex 59.5524 -108.541 2.5
    endloop
  endfacet
  facet normal 0 0 1
    outer loop
      vertex 59.2118 -108.656 2.5
      vertex 59.2118 -115.844 2.5
      vertex 59.5524 -115.959 2.5
    endloop
  endfacet
  facet normal -0 0 1
    outer loop
      vertex 58.8589 -108.726 2.5
      vertex 59.2118 -115.844 2.5
      vertex 59.2118 -108.656 2.5
    endloop
  endfacet
  facet normal 0 0 1
    outer loop
      vertex 58.8589 -108.726 2.5
      vertex 58.8589 -115.774 2.5
      vertex 59.2118 -115.844 2.5
    endloop
  endfacet
  facet normal -0 0 1
    outer loop
      vertex 58.5 -108.75 2.5
      vertex 58.8589 -115.774 2.5
      vertex 58.8589 -108.726 2.5
    endloop
  endfacet
  facet normal 0 0 1
    outer loop
      vertex 58.5 -108.75 2.5
      vertex 58.5 -115.75 2.5
      vertex 58.8589 -115.774 2.5
    endloop
  endfacet
  facet normal 0 0 1
    outer loop
      vertex 58.1411 -108.726 2.5
      vertex 58.5 -115.75 2.5
      vertex 58.5 -108.75 2.5
    endloop
  endfacet
  facet normal 0 0 1
    outer loop
      vertex 58.1411 -108.726 2.5
      vertex 58.1411 -115.774 2.5
      vertex 58.5 -115.75 2.5
    endloop
  endfacet
  facet normal 0 0 1
    outer loop
      vertex 53.9487 -111.783 2.5
      vertex 58.1411 -108.726 2.5
      vertex 57.7882 -108.656 2.5
    endloop
  endfacet
  facet normal 0 0 1
    outer loop
      vertex 58.1411 -108.726 2.5
      vertex 53.9487 -111.783 2.5
      vertex 58.1411 -115.774 2.5
    endloop
  endfacet
  facet normal 0 0 1
    outer loop
      vertex 54 -111 2.5
      vertex 57.7882 -108.656 2.5
      vertex 57.4476 -108.541 2.5
    endloop
  endfacet
  facet normal 0 0 1
    outer loop
      vertex 58.1411 -115.774 2.5
      vertex 53.9487 -111.783 2.5
      vertex 57.7882 -115.844 2.5
    endloop
  endfacet
  facet normal 0 0 1
    outer loop
      vertex 54 -111 2.5
      vertex 57.4476 -108.541 2.5
      vertex 57.125 -108.382 2.5
    endloop
  endfacet
  facet normal -0 0 1
    outer loop
      vertex 53.7956 -112.553 2.5
      vertex 57.7882 -115.844 2.5
      vertex 53.9487 -111.783 2.5
    endloop
  endfacet
  facet normal 0 0 1
    outer loop
      vertex 53.9487 -110.217 2.5
      vertex 57.125 -108.382 2.5
      vertex 56.8259 -108.182 2.5
    endloop
  endfacet
  facet normal 0 0 1
    outer loop
      vertex 57.7882 -115.844 2.5
      vertex 53.7956 -112.553 2.5
      vertex 57.4476 -115.959 2.5
    endloop
  endfacet
  facet normal 0 0 1
    outer loop
      vertex 53.7956 -109.447 2.5
      vertex 56.8259 -108.182 2.5
      vertex 56.5555 -107.945 2.5
    endloop
  endfacet
  facet normal 0 0 1
    outer loop
      vertex 57.4476 -115.959 2.5
      vertex 53.7956 -112.553 2.5
      vertex 57.125 -116.118 2.5
    endloop
  endfacet
  facet normal 0 0 1
    outer loop
      vertex 53.7956 -109.447 2.5
      vertex 56.5555 -107.945 2.5
      vertex 56.3183 -107.674 2.5
    endloop
  endfacet
  facet normal -0 0 1
    outer loop
      vertex 53.5433 -113.296 2.5
      vertex 57.125 -116.118 2.5
      vertex 53.7956 -112.553 2.5
    endloop
  endfacet
  facet normal 0 0 1
    outer loop
      vertex 53.5433 -108.704 2.5
      vertex 56.3183 -107.674 2.5
      vertex 56.1184 -107.375 2.5
    endloop
  endfacet
  facet normal 0 0 1
    outer loop
      vertex 57.125 -116.118 2.5
      vertex 53.5433 -113.296 2.5
      vertex 56.8259 -116.318 2.5
    endloop
  endfacet
  facet normal 0 0 1
    outer loop
      vertex 53.5433 -108.704 2.5
      vertex 56.1184 -107.375 2.5
      vertex 55.9593 -107.052 2.5
    endloop
  endfacet
  facet normal -0 0 1
    outer loop
      vertex 53.1962 -114 2.5
      vertex 56.8259 -116.318 2.5
      vertex 53.5433 -113.296 2.5
    endloop
  endfacet
  facet normal 0 0 1
    outer loop
      vertex 53.1962 -108 2.5
      vertex 55.9593 -107.052 2.5
      vertex 55.8437 -106.712 2.5
    endloop
  endfacet
  facet normal 0 0 1
    outer loop
      vertex 56.8259 -116.318 2.5
      vertex 53.1962 -114 2.5
      vertex 56.5555 -116.555 2.5
    endloop
  endfacet
  facet normal 0 0 1
    outer loop
      vertex 53.1962 -108 2.5
      vertex 55.8437 -106.712 2.5
      vertex 55.7735 -106.359 2.5
    endloop
  endfacet
  facet normal 0 0 1
    outer loop
      vertex 56.5555 -116.555 2.5
      vertex 53.1962 -114 2.5
      vertex 56.3183 -116.826 2.5
    endloop
  endfacet
  facet normal 0 0 1
    outer loop
      vertex 52.7601 -107.347 2.5
      vertex 55.7735 -106.359 2.5
      vertex 55.75 -106 2.5
    endloop
  endfacet
  facet normal 0 0 1
    outer loop
      vertex 57.7882 -108.656 2.5
      vertex 54 -111 2.5
      vertex 53.9487 -111.783 2.5
    endloop
  endfacet
  facet normal 0 0 1
    outer loop
      vertex 60.8816 -104.625 2.5
      vertex 67 -99.5 2.5
      vertex 62 -99.5 2.5
    endloop
  endfacet
  facet normal 0 0 1
    outer loop
      vertex 61.2265 -106.359 2.5
      vertex 67 -99.5 2.5
      vertex 61.25 -106 2.5
    endloop
  endfacet
  facet normal 0 0 1
    outer loop
      vertex 90.1965 -42.8158 2.5
      vertex 98.8 2.8 2.5
      vertex 90.25 -42 2.5
    endloop
  endfacet
  facet normal 0 0 1
    outer loop
      vertex 98.8 -130.8 2.5
      vertex 94.1855 -124.278 2.5
      vertex 94.2 -124.5 2.5
    endloop
  endfacet
  facet normal 0 0 1
    outer loop
      vertex 90.25 -42 2.5
      vertex 94.1855 -3.72189 2.5
      vertex 94.1421 -3.93999 2.5
    endloop
  endfacet
  facet normal 0 0 1
    outer loop
      vertex 98.8 2.8 2.5
      vertex 90.1965 -42.8158 2.5
      vertex 98.8 -130.8 2.5
    endloop
  endfacet
  facet normal 0 0 1
    outer loop
      vertex 90.1965 -41.1842 2.5
      vertex 94.1421 -3.93999 2.5
      vertex 94.0706 -4.15056 2.5
    endloop
  endfacet
  facet normal -0 0 1
    outer loop
      vertex 90.037 -43.6176 2.5
      vertex 98.8 -130.8 2.5
      vertex 90.1965 -42.8158 2.5
    endloop
  endfacet
  facet normal 0 0 1
    outer loop
      vertex 90.037 -40.3824 2.5
      vertex 94.0706 -4.15056 2.5
      vertex 93.9722 -4.35 2.5
    endloop
  endfacet
  facet normal 0 0 1
    outer loop
      vertex 98.8 -130.8 2.5
      vertex 94.1421 -124.06 2.5
      vertex 94.1855 -124.278 2.5
    endloop
  endfacet
  facet normal 0 0 1
    outer loop
      vertex 89.7742 -39.6082 2.5
      vertex 93.9722 -4.35 2.5
      vertex 93.8487 -4.53489 2.5
    endloop
  endfacet
  facet normal -0 0 1
    outer loop
      vertex 89.7742 -44.3918 2.5
      vertex 98.8 -130.8 2.5
      vertex 90.037 -43.6176 2.5
    endloop
  endfacet
  facet normal 0 0 1
    outer loop
      vertex 89.4127 -38.875 2.5
      vertex 93.8487 -4.53489 2.5
      vertex 93.7021 -4.70208 2.5
    endloop
  endfacet
  facet normal 0 0 1
    outer loop
      vertex 98.8 -130.8 2.5
      vertex 94.0706 -123.849 2.5
      vertex 94.1421 -124.06 2.5
    endloop
  endfacet
  facet normal 0 0 1
    outer loop
      vertex 89.4127 -38.875 2.5
      vertex 93.7021 -4.70208 2.5
      vertex 93.5349 -4.8487 2.5
    endloop
  endfacet
  facet normal -0 -0 1
    outer loop
      vertex 93.9722 -123.65 2.5
      vertex 98.8 -130.8 2.5
      vertex 89.7742 -44.3918 2.5
    endloop
  endfacet
  facet normal 0 0 1
    outer loop
      vertex 88.9585 -38.1952 2.5
      vertex 93.5349 -4.8487 2.5
      vertex 93.35 -4.97224 2.5
    endloop
  endfacet
  facet normal 0 0 1
    outer loop
      vertex 98.8 -130.8 2.5
      vertex 93.9722 -123.65 2.5
      vertex 94.0706 -123.849 2.5
    endloop
  endfacet
  facet normal 0 0 1
    outer loop
      vertex 88.4194 -37.5806 2.5
      vertex 93.35 -4.97224 2.5
      vertex 93.1506 -5.07059 2.5
    endloop
  endfacet
  facet normal -0 0 1
    outer loop
      vertex 89.4127 -45.125 2.5
      vertex 93.9722 -123.65 2.5
      vertex 89.7742 -44.3918 2.5
    endloop
  endfacet
  facet normal 0 0 1
    outer loop
      vertex 87.8048 -37.0415 2.5
      vertex 93.1506 -5.07059 2.5
      vertex 92.94 -5.14207 2.5
    endloop
  endfacet
  facet normal 0 0 1
    outer loop
      vertex 93.9722 -123.65 2.5
      vertex 89.4127 -45.125 2.5
      vertex 93.8487 -123.465 2.5
    endloop
  endfacet
  facet normal 0 0 1
    outer loop
      vertex 87.125 -36.5873 2.5
      vertex 92.94 -5.14207 2.5
      vertex 92.7219 -5.18546 2.5
    endloop
  endfacet
  facet normal -0 0 1
    outer loop
      vertex 88.9585 -45.8048 2.5
      vertex 93.8487 -123.465 2.5
      vertex 89.4127 -45.125 2.5
    endloop
  endfacet
  facet normal 0 0 1
    outer loop
      vertex 86.3918 -36.2258 2.5
      vertex 92.7219 -5.18546 2.5
      vertex 92.5 -5.2 2.5
    endloop
  endfacet
  facet normal 0 0 1
    outer loop
      vertex 93.8487 -123.465 2.5
      vertex 88.9585 -45.8048 2.5
      vertex 93.7021 -123.298 2.5
    endloop
  endfacet
  facet normal 0 0 1
    outer loop
      vertex 86.3918 -36.2258 2.5
      vertex 92.5 -5.2 2.5
      vertex 92.2781 -5.18546 2.5
    endloop
  endfacet
  facet normal 0 0 1
    outer loop
      vertex 93.7021 -123.298 2.5
      vertex 88.9585 -45.8048 2.5
      vertex 93.5349 -123.151 2.5
    endloop
  endfacet
  facet normal 0 0 1
    outer loop
      vertex 85.6176 -35.963 2.5
      vertex 92.2781 -5.18546 2.5
      vertex 92.06 -5.14207 2.5
    endloop
  endfacet
  facet normal -0 0 1
    outer loop
      vertex 88.4194 -46.4194 2.5
      vertex 93.5349 -123.151 2.5
      vertex 88.9585 -45.8048 2.5
    endloop
  endfacet
  facet normal 0 0 1
    outer loop
      vertex 84.8158 -35.8035 2.5
      vertex 92.06 -5.14207 2.5
      vertex 91.8494 -5.07059 2.5
    endloop
  endfacet
  facet normal 0 0 1
    outer loop
      vertex 93.5349 -123.151 2.5
      vertex 88.4194 -46.4194 2.5
      vertex 93.35 -123.028 2.5
    endloop
  endfacet
  facet normal 0 0 1
    outer loop
      vertex 84 -35.75 2.5
      vertex 91.8494 -5.07059 2.5
      vertex 91.65 -4.97224 2.5
    endloop
  endfacet
  facet normal -0 0 1
    outer loop
      vertex 87.8048 -46.9585 2.5
      vertex 93.35 -123.028 2.5
      vertex 88.4194 -46.4194 2.5
    endloop
  endfacet
  facet normal 0 0 1
    outer loop
      vertex 83.1842 -35.8035 2.5
      vertex 91.65 -4.97224 2.5
      vertex 91.4651 -4.8487 2.5
    endloop
  endfacet
  facet normal 0 0 1
    outer loop
      vertex 93.35 -123.028 2.5
      vertex 87.8048 -46.9585 2.5
      vertex 93.1506 -122.929 2.5
    endloop
  endfacet
  facet normal 0 0 1
    outer loop
      vertex 83.1842 -35.8035 2.5
      vertex 91.4651 -4.8487 2.5
      vertex 91.2979 -4.70208 2.5
    endloop
  endfacet
  facet normal -0 0 1
    outer loop
      vertex 87.125 -47.4127 2.5
      vertex 93.1506 -122.929 2.5
      vertex 87.8048 -46.9585 2.5
    endloop
  endfacet
  facet normal 0 0 1
    outer loop
      vertex 82.3824 -35.963 2.5
      vertex 91.2979 -4.70208 2.5
      vertex 91.1513 -4.53489 2.5
    endloop
  endfacet
  facet normal 0 0 1
    outer loop
      vertex 93.1506 -122.929 2.5
      vertex 87.125 -47.4127 2.5
      vertex 92.94 -122.858 2.5
    endloop
  endfacet
  facet normal 0 0 1
    outer loop
      vertex 81.6082 -36.2258 2.5
      vertex 91.1513 -4.53489 2.5
      vertex 91.0278 -4.35 2.5
    endloop
  endfacet
  facet normal -0 0 1
    outer loop
      vertex 67 -96 2.5
      vertex 92.94 -122.858 2.5
      vertex 87.125 -47.4127 2.5
    endloop
  endfacet
  facet normal 0 0 1
    outer loop
      vertex 80.875 -36.5873 2.5
      vertex 91.0278 -4.35 2.5
      vertex 90.9294 -4.15056 2.5
    endloop
  endfacet
  facet normal 0 0 1
    outer loop
      vertex 92.94 -122.858 2.5
      vertex 67 -96 2.5
      vertex 92.7219 -122.815 2.5
    endloop
  endfacet
  facet normal 0 0 1
    outer loop
      vertex 80.1952 -37.0415 2.5
      vertex 90.9294 -4.15056 2.5
      vertex 90.8579 -3.93999 2.5
    endloop
  endfacet
  facet normal 0 0 1
    outer loop
      vertex 92.7219 -122.815 2.5
      vertex 67 -96 2.5
      vertex 92.5 -122.8 2.5
    endloop
  endfacet
  facet normal 0 0 1
    outer loop
      vertex 79.5806 -37.5806 2.5
      vertex 90.8579 -3.93999 2.5
      vertex 90.8145 -3.72189 2.5
    endloop
  endfacet
  facet normal -0 0 1
    outer loop
      vertex 67 -99.5 2.5
      vertex 92.5 -122.8 2.5
      vertex 67 -96 2.5
    endloop
  endfacet
  facet normal -0 0 1
    outer loop
      vertex 5.2 -3.5 2.5
      vertex 90.8145 -3.72189 2.5
      vertex 90.8 -3.5 2.5
    endloop
  endfacet
  facet normal 0 0 1
    outer loop
      vertex 92.5 -122.8 2.5
      vertex 67 -99.5 2.5
      vertex 92.2781 -122.815 2.5
    endloop
  endfacet
  facet normal 0 0 1
    outer loop
      vertex 94.1855 -3.72189 2.5
      vertex 98.8 2.8 2.5
      vertex 94.2 -3.5 2.5
    endloop
  endfacet
  facet normal 0 0 1
    outer loop
      vertex 98.8 2.8 2.5
      vertex 94.1855 -3.2781 2.5
      vertex 94.2 -3.5 2.5
    endloop
  endfacet
  facet normal 0 0 1
    outer loop
      vertex 98.8 2.8 2.5
      vertex 94.1421 -3.06001 2.5
      vertex 94.1855 -3.2781 2.5
    endloop
  endfacet
  facet normal 0 0 1
    outer loop
      vertex 98.8 2.8 2.5
      vertex 94.0706 -2.84944 2.5
      vertex 94.1421 -3.06001 2.5
    endloop
  endfacet
  facet normal 0 0 1
    outer loop
      vertex 98.8 2.8 2.5
      vertex 93.9722 -2.65 2.5
      vertex 94.0706 -2.84944 2.5
    endloop
  endfacet
  facet normal 0 0 1
    outer loop
      vertex 98.8 2.8 2.5
      vertex 93.8487 -2.46511 2.5
      vertex 93.9722 -2.65 2.5
    endloop
  endfacet
  facet normal 0 0 1
    outer loop
      vertex 98.8 2.8 2.5
      vertex 93.7021 -2.29792 2.5
      vertex 93.8487 -2.46511 2.5
    endloop
  endfacet
  facet normal 0 0 1
    outer loop
      vertex 98.8 2.8 2.5
      vertex 93.5349 -2.1513 2.5
      vertex 93.7021 -2.29792 2.5
    endloop
  endfacet
  facet normal 0 0 1
    outer loop
      vertex 98.8 2.8 2.5
      vertex 93.35 -2.02776 2.5
      vertex 93.5349 -2.1513 2.5
    endloop
  endfacet
  facet normal 0 0 1
    outer loop
      vertex 98.8 2.8 2.5
      vertex 93.1506 -1.9294 2.5
      vertex 93.35 -2.02776 2.5
    endloop
  endfacet
  facet normal 0 0 1
    outer loop
      vertex 98.8 2.8 2.5
      vertex 92.94 -1.85793 2.5
      vertex 93.1506 -1.9294 2.5
    endloop
  endfacet
  facet normal 0 0 1
    outer loop
      vertex 98.8 2.8 2.5
      vertex 92.7219 -1.81454 2.5
      vertex 92.94 -1.85793 2.5
    endloop
  endfacet
  facet normal 0 0 1
    outer loop
      vertex 98.8 2.8 2.5
      vertex 92.5 -1.8 2.5
      vertex 92.7219 -1.81454 2.5
    endloop
  endfacet
  facet normal 0 0 1
    outer loop
      vertex 98.8 2.8 2.5
      vertex 92.2781 -1.81454 2.5
      vertex 92.5 -1.8 2.5
    endloop
  endfacet
  facet normal 0 0 1
    outer loop
      vertex 98.8 2.8 2.5
      vertex 92.06 -1.85793 2.5
      vertex 92.2781 -1.81454 2.5
    endloop
  endfacet
  facet normal 0 0 1
    outer loop
      vertex 98.8 2.8 2.5
      vertex 91.8494 -1.9294 2.5
      vertex 92.06 -1.85793 2.5
    endloop
  endfacet
  facet normal 0 0 1
    outer loop
      vertex 98.8 2.8 2.5
      vertex 91.65 -2.02776 2.5
      vertex 91.8494 -1.9294 2.5
    endloop
  endfacet
  facet normal 0 0 1
    outer loop
      vertex 4.35 -2.02776 2.5
      vertex 91.65 -2.02776 2.5
      vertex 98.8 2.8 2.5
    endloop
  endfacet
  facet normal 0 0 1
    outer loop
      vertex 92.2781 -122.815 2.5
      vertex 67 -99.5 2.5
      vertex 92.06 -122.858 2.5
    endloop
  endfacet
  facet normal 0 0 1
    outer loop
      vertex 94.1421 -3.93999 2.5
      vertex 90.1965 -41.1842 2.5
      vertex 90.25 -42 2.5
    endloop
  endfacet
  facet normal 0 0 1
    outer loop
      vertex 94.0706 -4.15056 2.5
      vertex 90.037 -40.3824 2.5
      vertex 90.1965 -41.1842 2.5
    endloop
  endfacet
  facet normal 0 0 1
    outer loop
      vertex 93.9722 -4.35 2.5
      vertex 89.7742 -39.6082 2.5
      vertex 90.037 -40.3824 2.5
    endloop
  endfacet
  facet normal 0 0 1
    outer loop
      vertex 93.8487 -4.53489 2.5
      vertex 89.4127 -38.875 2.5
      vertex 89.7742 -39.6082 2.5
    endloop
  endfacet
  facet normal 0 0 1
    outer loop
      vertex 93.5349 -4.8487 2.5
      vertex 88.9585 -38.1952 2.5
      vertex 89.4127 -38.875 2.5
    endloop
  endfacet
  facet normal 0 0 1
    outer loop
      vertex 93.35 -4.97224 2.5
      vertex 88.4194 -37.5806 2.5
      vertex 88.9585 -38.1952 2.5
    endloop
  endfacet
  facet normal 0 0 1
    outer loop
      vertex 5.2 -3.5 2.5
      vertex 90.8 -3.5 2.5
      vertex 90.8145 -3.2781 2.5
    endloop
  endfacet
  facet normal 0 0 1
    outer loop
      vertex 93.1506 -5.07059 2.5
      vertex 87.8048 -37.0415 2.5
      vertex 88.4194 -37.5806 2.5
    endloop
  endfacet
  facet normal 0 0 1
    outer loop
      vertex 92.94 -5.14207 2.5
      vertex 87.125 -36.5873 2.5
      vertex 87.8048 -37.0415 2.5
    endloop
  endfacet
  facet normal 0 0 1
    outer loop
      vertex 92.7219 -5.18546 2.5
      vertex 86.3918 -36.2258 2.5
      vertex 87.125 -36.5873 2.5
    endloop
  endfacet
  facet normal 0 0 1
    outer loop
      vertex 92.2781 -5.18546 2.5
      vertex 85.6176 -35.963 2.5
      vertex 86.3918 -36.2258 2.5
    endloop
  endfacet
  facet normal 0 0 1
    outer loop
      vertex 92.06 -5.14207 2.5
      vertex 84.8158 -35.8035 2.5
      vertex 85.6176 -35.963 2.5
    endloop
  endfacet
  facet normal 0 0 1
    outer loop
      vertex 91.8494 -5.07059 2.5
      vertex 84 -35.75 2.5
      vertex 84.8158 -35.8035 2.5
    endloop
  endfacet
  facet normal 0 0 1
    outer loop
      vertex 5.18546 -3.2781 2.5
      vertex 90.8145 -3.2781 2.5
      vertex 90.8579 -3.06001 2.5
    endloop
  endfacet
  facet normal 0 0 1
    outer loop
      vertex 91.65 -4.97224 2.5
      vertex 83.1842 -35.8035 2.5
      vertex 84 -35.75 2.5
    endloop
  endfacet
  facet normal 0 0 1
    outer loop
      vertex 91.2979 -4.70208 2.5
      vertex 82.3824 -35.963 2.5
      vertex 83.1842 -35.8035 2.5
    endloop
  endfacet
  facet normal 0 0 1
    outer loop
      vertex 91.1513 -4.53489 2.5
      vertex 81.6082 -36.2258 2.5
      vertex 82.3824 -35.963 2.5
    endloop
  endfacet
  facet normal 0 0 1
    outer loop
      vertex 91.0278 -4.35 2.5
      vertex 80.875 -36.5873 2.5
      vertex 81.6082 -36.2258 2.5
    endloop
  endfacet
  facet normal 0 0 1
    outer loop
      vertex 90.9294 -4.15056 2.5
      vertex 80.1952 -37.0415 2.5
      vertex 80.875 -36.5873 2.5
    endloop
  endfacet
  facet normal 0 0 1
    outer loop
      vertex 90.8579 -3.93999 2.5
      vertex 79.5806 -37.5806 2.5
      vertex 80.1952 -37.0415 2.5
    endloop
  endfacet
  facet normal 0 0 1
    outer loop
      vertex 5.18546 -3.72189 2.5
      vertex 90.8145 -3.72189 2.5
      vertex 5.2 -3.5 2.5
    endloop
  endfacet
  facet normal 0 0 1
    outer loop
      vertex 90.8145 -3.72189 2.5
      vertex 5.18546 -3.72189 2.5
      vertex 79.5806 -37.5806 2.5
    endloop
  endfacet
  facet normal 0 0 1
    outer loop
      vertex 5.14207 -3.06001 2.5
      vertex 90.8579 -3.06001 2.5
      vertex 90.9294 -2.84944 2.5
    endloop
  endfacet
  facet normal 0 0 1
    outer loop
      vertex 79.5806 -37.5806 2.5
      vertex 5.18546 -3.72189 2.5
      vertex 79.0415 -38.1952 2.5
    endloop
  endfacet
  facet normal 0 0 1
    outer loop
      vertex 78.5873 -38.875 2.5
      vertex 5.07059 -4.15056 2.5
      vertex 78.2258 -39.6082 2.5
    endloop
  endfacet
  facet normal 0 0 1
    outer loop
      vertex 77.75 -42 2.5
      vertex 62 -96 2.5
      vertex 67 -96 2.5
    endloop
  endfacet
  facet normal -0 0 1
    outer loop
      vertex 5.07059 -4.15056 2.5
      vertex 78.5873 -38.875 2.5
      vertex 5.14207 -3.93999 2.5
    endloop
  endfacet
  facet normal 0 0 1
    outer loop
      vertex 57.7882 -103.344 2.5
      vertex 62 -99.5 2.5
      vertex 62 -96 2.5
    endloop
  endfacet
  facet normal 0 0 1
    outer loop
      vertex 61.1563 -106.712 2.5
      vertex 67 -99.5 2.5
      vertex 61.2265 -106.359 2.5
    endloop
  endfacet
  facet normal -0 0 1
    outer loop
      vertex 61.2265 -118.859 2.5
      vertex 67 -122.5 2.5
      vertex 61.25 -118.5 2.5
    endloop
  endfacet
  facet normal 0 0 1
    outer loop
      vertex 67 -99.5 2.5
      vertex 61.2265 -105.641 2.5
      vertex 61.25 -106 2.5
    endloop
  endfacet
  facet normal 0 0 1
    outer loop
      vertex 67 -99.5 2.5
      vertex 61.1563 -105.288 2.5
      vertex 61.2265 -105.641 2.5
    endloop
  endfacet
  facet normal 0 0 1
    outer loop
      vertex 67 -99.5 2.5
      vertex 61.0407 -104.948 2.5
      vertex 61.1563 -105.288 2.5
    endloop
  endfacet
  facet normal 0 0 1
    outer loop
      vertex 67 -99.5 2.5
      vertex 60.8816 -104.625 2.5
      vertex 61.0407 -104.948 2.5
    endloop
  endfacet
  facet normal 0 0 1
    outer loop
      vertex 62 -99.5 2.5
      vertex 60.6817 -104.326 2.5
      vertex 60.8816 -104.625 2.5
    endloop
  endfacet
  facet normal 0 0 1
    outer loop
      vertex 62 -99.5 2.5
      vertex 60.4445 -104.055 2.5
      vertex 60.6817 -104.326 2.5
    endloop
  endfacet
  facet normal 0 0 1
    outer loop
      vertex 62 -99.5 2.5
      vertex 60.1741 -103.818 2.5
      vertex 60.4445 -104.055 2.5
    endloop
  endfacet
  facet normal 0 0 1
    outer loop
      vertex 62 -99.5 2.5
      vertex 59.875 -103.618 2.5
      vertex 60.1741 -103.818 2.5
    endloop
  endfacet
  facet normal 0 0 1
    outer loop
      vertex 62 -99.5 2.5
      vertex 59.5524 -103.459 2.5
      vertex 59.875 -103.618 2.5
    endloop
  endfacet
  facet normal 0 0 1
    outer loop
      vertex 77.75 -42 2.5
      vertex 34 -96 2.5
      vertex 62 -96 2.5
    endloop
  endfacet
  facet normal 0 0 1
    outer loop
      vertex 62 -99.5 2.5
      vertex 59.2118 -103.344 2.5
      vertex 59.5524 -103.459 2.5
    endloop
  endfacet
  facet normal 0 0 1
    outer loop
      vertex 62 -99.5 2.5
      vertex 58.8589 -103.274 2.5
      vertex 59.2118 -103.344 2.5
    endloop
  endfacet
  facet normal 0 0 1
    outer loop
      vertex 62 -99.5 2.5
      vertex 58.5 -103.25 2.5
      vertex 58.8589 -103.274 2.5
    endloop
  endfacet
  facet normal 0 0 1
    outer loop
      vertex 62 -99.5 2.5
      vertex 58.1411 -103.274 2.5
      vertex 58.5 -103.25 2.5
    endloop
  endfacet
  facet normal 0 -0 1
    outer loop
      vertex 48 -105 2.5
      vertex 62 -96 2.5
      vertex 34 -96 2.5
    endloop
  endfacet
  facet normal 0 0 1
    outer loop
      vertex 62 -99.5 2.5
      vertex 57.7882 -103.344 2.5
      vertex 58.1411 -103.274 2.5
    endloop
  endfacet
  facet normal 0 0 1
    outer loop
      vertex 62 -96 2.5
      vertex 57.4476 -103.459 2.5
      vertex 57.7882 -103.344 2.5
    endloop
  endfacet
  facet normal 0 -0 1
    outer loop
      vertex 57.125 -103.618 2.5
      vertex 62 -96 2.5
      vertex 48.7832 -105.051 2.5
    endloop
  endfacet
  facet normal 0 0 1
    outer loop
      vertex 62 -96 2.5
      vertex 57.125 -103.618 2.5
      vertex 57.4476 -103.459 2.5
    endloop
  endfacet
  facet normal 0 -0 1
    outer loop
      vertex 49.5529 -105.204 2.5
      vertex 57.125 -103.618 2.5
      vertex 48.7832 -105.051 2.5
    endloop
  endfacet
  facet normal 0 0 1
    outer loop
      vertex 57.125 -103.618 2.5
      vertex 49.5529 -105.204 2.5
      vertex 56.8259 -103.818 2.5
    endloop
  endfacet
  facet normal 0 0 1
    outer loop
      vertex 79.0415 -38.1952 2.5
      vertex 5.14207 -3.93999 2.5
      vertex 78.5873 -38.875 2.5
    endloop
  endfacet
  facet normal 0 0 1
    outer loop
      vertex 56.8259 -103.818 2.5
      vertex 49.5529 -105.204 2.5
      vertex 56.5555 -104.055 2.5
    endloop
  endfacet
  facet normal -0 0 1
    outer loop
      vertex 52.7601 -114.653 2.5
      vertex 56.3183 -116.826 2.5
      vertex 53.1962 -114 2.5
    endloop
  endfacet
  facet normal 0 0 1
    outer loop
      vertex 52.2426 -106.757 2.5
      vertex 55.75 -106 2.5
      vertex 55.7735 -105.641 2.5
    endloop
  endfacet
  facet normal 0 0 1
    outer loop
      vertex 52.2426 -106.757 2.5
      vertex 55.7735 -105.641 2.5
      vertex 55.8437 -105.288 2.5
    endloop
  endfacet
  facet normal 0 0 1
    outer loop
      vertex 57.125 -108.382 2.5
      vertex 53.9487 -110.217 2.5
      vertex 54 -111 2.5
    endloop
  endfacet
  facet normal 0 0 1
    outer loop
      vertex 51.6526 -106.24 2.5
      vertex 55.8437 -105.288 2.5
      vertex 55.9593 -104.948 2.5
    endloop
  endfacet
  facet normal 0 -0 1
    outer loop
      vertex 50.2961 -105.457 2.5
      vertex 56.5555 -104.055 2.5
      vertex 49.5529 -105.204 2.5
    endloop
  endfacet
  facet normal 0 0 1
    outer loop
      vertex 56.8259 -108.182 2.5
      vertex 53.7956 -109.447 2.5
      vertex 53.9487 -110.217 2.5
    endloop
  endfacet
  facet normal -0 0 1
    outer loop
      vertex 5.14207 -3.93999 2.5
      vertex 79.0415 -38.1952 2.5
      vertex 5.18546 -3.72189 2.5
    endloop
  endfacet
  facet normal 0 0 1
    outer loop
      vertex 56.3183 -107.674 2.5
      vertex 53.5433 -108.704 2.5
      vertex 53.7956 -109.447 2.5
    endloop
  endfacet
  facet normal 0 0 1
    outer loop
      vertex 55.9593 -107.052 2.5
      vertex 53.1962 -108 2.5
      vertex 53.5433 -108.704 2.5
    endloop
  endfacet
  facet normal 0 0 1
    outer loop
      vertex 55.7735 -106.359 2.5
      vertex 52.7601 -107.347 2.5
      vertex 53.1962 -108 2.5
    endloop
  endfacet
  facet normal 0 0 1
    outer loop
      vertex 55.75 -106 2.5
      vertex 52.2426 -106.757 2.5
      vertex 52.7601 -107.347 2.5
    endloop
  endfacet
  facet normal 0 0 1
    outer loop
      vertex 55.8437 -105.288 2.5
      vertex 51.6526 -106.24 2.5
      vertex 52.2426 -106.757 2.5
    endloop
  endfacet
  facet normal 0 0 1
    outer loop
      vertex 55.9593 -104.948 2.5
      vertex 51 -105.804 2.5
      vertex 51.6526 -106.24 2.5
    endloop
  endfacet
  facet normal 0 0 1
    outer loop
      vertex 56.1184 -104.625 2.5
      vertex 51 -105.804 2.5
      vertex 55.9593 -104.948 2.5
    endloop
  endfacet
  facet normal 0 0 1
    outer loop
      vertex 56.5555 -104.055 2.5
      vertex 50.2961 -105.457 2.5
      vertex 56.3183 -104.326 2.5
    endloop
  endfacet
  facet normal 0 0 1
    outer loop
      vertex 56.3183 -104.326 2.5
      vertex 51 -105.804 2.5
      vertex 56.1184 -104.625 2.5
    endloop
  endfacet
  facet normal 0 -0 1
    outer loop
      vertex 51 -105.804 2.5
      vertex 56.3183 -104.326 2.5
      vertex 50.2961 -105.457 2.5
    endloop
  endfacet
  facet normal 0 0 1
    outer loop
      vertex 62 -96 2.5
      vertex 48 -105 2.5
      vertex 48.7832 -105.051 2.5
    endloop
  endfacet
  facet normal 0 0 1
    outer loop
      vertex 48 -105 2.5
      vertex 34 -96 2.5
      vertex 47.2168 -105.051 2.5
    endloop
  endfacet
  facet normal 0 0 1
    outer loop
      vertex 47.2168 -105.051 2.5
      vertex 34 -96 2.5
      vertex 46.4471 -105.204 2.5
    endloop
  endfacet
  facet normal -0 -0 1
    outer loop
      vertex 38.875 -103.618 2.5
      vertex 46.4471 -105.204 2.5
      vertex 34 -96 2.5
    endloop
  endfacet
  facet normal -0 -0 1
    outer loop
      vertex 39.1741 -103.818 2.5
      vertex 46.4471 -105.204 2.5
      vertex 38.875 -103.618 2.5
    endloop
  endfacet
  facet normal 0 0 1
    outer loop
      vertex 46.4471 -105.204 2.5
      vertex 39.4445 -104.055 2.5
      vertex 45.7039 -105.457 2.5
    endloop
  endfacet
  facet normal -0 -0 1
    outer loop
      vertex 39.6817 -104.326 2.5
      vertex 45.7039 -105.457 2.5
      vertex 39.4445 -104.055 2.5
    endloop
  endfacet
  facet normal -0 -0 1
    outer loop
      vertex 39.8816 -104.625 2.5
      vertex 45 -105.804 2.5
      vertex 39.6817 -104.326 2.5
    endloop
  endfacet
  facet normal -0 -0 1
    outer loop
      vertex 40.1563 -105.288 2.5
      vertex 44.3474 -106.24 2.5
      vertex 40.0407 -104.948 2.5
    endloop
  endfacet
  facet normal 0 0 1
    outer loop
      vertex 42.8038 -108 2.5
      vertex 40.0407 -107.052 2.5
      vertex 42.4567 -108.704 2.5
    endloop
  endfacet
  facet normal -0 0 1
    outer loop
      vertex 40.0407 -107.052 2.5
      vertex 42.8038 -108 2.5
      vertex 40.1563 -106.712 2.5
    endloop
  endfacet
  facet normal -0 0 1
    outer loop
      vertex 40.1563 -106.712 2.5
      vertex 42.8038 -108 2.5
      vertex 40.2265 -106.359 2.5
    endloop
  endfacet
  facet normal -0 -0 1
    outer loop
      vertex 40.2265 -105.641 2.5
      vertex 43.7574 -106.757 2.5
      vertex 40.1563 -105.288 2.5
    endloop
  endfacet
  facet normal 0 0 1
    outer loop
      vertex 43.2399 -107.347 2.5
      vertex 40.2265 -106.359 2.5
      vertex 42.8038 -108 2.5
    endloop
  endfacet
  facet normal 0 0 1
    outer loop
      vertex 5.07059 -2.84944 2.5
      vertex 90.9294 -2.84944 2.5
      vertex 91.0278 -2.65 2.5
    endloop
  endfacet
  facet normal -0 0 1
    outer loop
      vertex 40.2265 -106.359 2.5
      vertex 43.2399 -107.347 2.5
      vertex 40.25 -106 2.5
    endloop
  endfacet
  facet normal 0 0 1
    outer loop
      vertex 43.7574 -106.757 2.5
      vertex 40.25 -106 2.5
      vertex 43.2399 -107.347 2.5
    endloop
  endfacet
  facet normal -0 -0 1
    outer loop
      vertex 40.25 -106 2.5
      vertex 43.7574 -106.757 2.5
      vertex 40.2265 -105.641 2.5
    endloop
  endfacet
  facet normal 0 0 1
    outer loop
      vertex 44.3474 -106.24 2.5
      vertex 40.1563 -105.288 2.5
      vertex 43.7574 -106.757 2.5
    endloop
  endfacet
  facet normal 0 0 1
    outer loop
      vertex 45 -105.804 2.5
      vertex 39.8816 -104.625 2.5
      vertex 44.3474 -106.24 2.5
    endloop
  endfacet
  facet normal -0 -0 1
    outer loop
      vertex 40.0407 -104.948 2.5
      vertex 44.3474 -106.24 2.5
      vertex 39.8816 -104.625 2.5
    endloop
  endfacet
  facet normal 0 0 1
    outer loop
      vertex 45.7039 -105.457 2.5
      vertex 39.6817 -104.326 2.5
      vertex 45 -105.804 2.5
    endloop
  endfacet
  facet normal -0 -0 1
    outer loop
      vertex 39.4445 -104.055 2.5
      vertex 46.4471 -105.204 2.5
      vertex 39.1741 -103.818 2.5
    endloop
  endfacet
  facet normal 0 0 1
    outer loop
      vertex 38.875 -103.618 2.5
      vertex 34 -96 2.5
      vertex 38.5524 -103.459 2.5
    endloop
  endfacet
  facet normal 0 0 1
    outer loop
      vertex 38.5524 -103.459 2.5
      vertex 34 -96 2.5
      vertex 38.2118 -103.344 2.5
    endloop
  endfacet
  facet normal -0 0 1
    outer loop
      vertex 34 -99.5 2.5
      vertex 38.2118 -103.344 2.5
      vertex 34 -96 2.5
    endloop
  endfacet
  facet normal 0 0 1
    outer loop
      vertex 38.2118 -103.344 2.5
      vertex 34 -99.5 2.5
      vertex 37.8589 -103.274 2.5
    endloop
  endfacet
  facet normal 0 0 1
    outer loop
      vertex 37.8589 -103.274 2.5
      vertex 34 -99.5 2.5
      vertex 37.5 -103.25 2.5
    endloop
  endfacet
  facet normal 0 0 1
    outer loop
      vertex 37.5 -103.25 2.5
      vertex 34 -99.5 2.5
      vertex 37.1411 -103.274 2.5
    endloop
  endfacet
  facet normal 0 0 1
    outer loop
      vertex 37.1411 -103.274 2.5
      vertex 34 -99.5 2.5
      vertex 36.7882 -103.344 2.5
    endloop
  endfacet
  facet normal 0 0 1
    outer loop
      vertex 36.7882 -103.344 2.5
      vertex 34 -99.5 2.5
      vertex 36.4476 -103.459 2.5
    endloop
  endfacet
  facet normal 0 0 1
    outer loop
      vertex 36.4476 -103.459 2.5
      vertex 34 -99.5 2.5
      vertex 36.125 -103.618 2.5
    endloop
  endfacet
  facet normal 0 0 1
    outer loop
      vertex 36.125 -103.618 2.5
      vertex 34 -99.5 2.5
      vertex 35.8259 -103.818 2.5
    endloop
  endfacet
  facet normal 0 0 1
    outer loop
      vertex 35.8259 -103.818 2.5
      vertex 34 -99.5 2.5
      vertex 35.5555 -104.055 2.5
    endloop
  endfacet
  facet normal 0 0 1
    outer loop
      vertex 34.8437 -105.288 2.5
      vertex 29 -99.5 2.5
      vertex 34.7735 -105.641 2.5
    endloop
  endfacet
  facet normal 0 0 1
    outer loop
      vertex 34.9593 -104.948 2.5
      vertex 29 -99.5 2.5
      vertex 34.8437 -105.288 2.5
    endloop
  endfacet
  facet normal 0 0 1
    outer loop
      vertex 35.1184 -104.625 2.5
      vertex 29 -99.5 2.5
      vertex 34.9593 -104.948 2.5
    endloop
  endfacet
  facet normal -0 0 1
    outer loop
      vertex 29 -99.5 2.5
      vertex 35.1184 -104.625 2.5
      vertex 34 -99.5 2.5
    endloop
  endfacet
  facet normal 0 0 1
    outer loop
      vertex 35.3183 -104.326 2.5
      vertex 34 -99.5 2.5
      vertex 35.1184 -104.625 2.5
    endloop
  endfacet
  facet normal 0 0 1
    outer loop
      vertex 35.5555 -104.055 2.5
      vertex 34 -99.5 2.5
      vertex 35.3183 -104.326 2.5
    endloop
  endfacet
  facet normal -0 0 1
    outer loop
      vertex 4.97224 -4.35 2.5
      vertex 78.2258 -39.6082 2.5
      vertex 5.07059 -4.15056 2.5
    endloop
  endfacet
  facet normal 0 0 1
    outer loop
      vertex 5.2 -124.5 2.5
      vertex 29 -99.5 2.5
      vertex 29 -96 2.5
    endloop
  endfacet
  facet normal 0 0 1
    outer loop
      vertex 29 -99.5 2.5
      vertex 5.2 -124.5 2.5
      vertex 29 -122.5 2.5
    endloop
  endfacet
  facet normal 0 0 1
    outer loop
      vertex 78.2258 -39.6082 2.5
      vertex 4.97224 -4.35 2.5
      vertex 77.963 -40.3824 2.5
    endloop
  endfacet
  facet normal 0 0 1
    outer loop
      vertex 77.75 -42 2.5
      vertex 29 -96 2.5
      vertex 34 -96 2.5
    endloop
  endfacet
  facet normal 0 0 1
    outer loop
      vertex 4.97224 -2.65 2.5
      vertex 91.0278 -2.65 2.5
      vertex 91.1513 -2.46511 2.5
    endloop
  endfacet
  facet normal 0 0 1
    outer loop
      vertex 4.8487 -2.46511 2.5
      vertex 91.1513 -2.46511 2.5
      vertex 91.2979 -2.29792 2.5
    endloop
  endfacet
  facet normal 0 0 1
    outer loop
      vertex 4.70208 -2.29792 2.5
      vertex 91.2979 -2.29792 2.5
      vertex 91.4651 -2.1513 2.5
    endloop
  endfacet
  facet normal 0 0 1
    outer loop
      vertex 91.65 -2.02776 2.5
      vertex 4.35 -2.02776 2.5
      vertex 91.4651 -2.1513 2.5
    endloop
  endfacet
  facet normal 0 0 1
    outer loop
      vertex 90.8145 -3.2781 2.5
      vertex 5.18546 -3.2781 2.5
      vertex 5.2 -3.5 2.5
    endloop
  endfacet
  facet normal 0 0 1
    outer loop
      vertex 90.8579 -3.06001 2.5
      vertex 5.14207 -3.06001 2.5
      vertex 5.18546 -3.2781 2.5
    endloop
  endfacet
  facet normal 0 0 1
    outer loop
      vertex 90.9294 -2.84944 2.5
      vertex 5.07059 -2.84944 2.5
      vertex 5.14207 -3.06001 2.5
    endloop
  endfacet
  facet normal 0 0 1
    outer loop
      vertex 91.0278 -2.65 2.5
      vertex 4.97224 -2.65 2.5
      vertex 5.07059 -2.84944 2.5
    endloop
  endfacet
  facet normal 0 0 1
    outer loop
      vertex 91.1513 -2.46511 2.5
      vertex 4.8487 -2.46511 2.5
      vertex 4.97224 -2.65 2.5
    endloop
  endfacet
  facet normal 0 0 1
    outer loop
      vertex 91.2979 -2.29792 2.5
      vertex 4.70208 -2.29792 2.5
      vertex 4.8487 -2.46511 2.5
    endloop
  endfacet
  facet normal 0 0 1
    outer loop
      vertex 91.4651 -2.1513 2.5
      vertex 4.53489 -2.1513 2.5
      vertex 4.70208 -2.29792 2.5
    endloop
  endfacet
  facet normal 0 0 1
    outer loop
      vertex 91.4651 -2.1513 2.5
      vertex 4.35 -2.02776 2.5
      vertex 4.53489 -2.1513 2.5
    endloop
  endfacet
  facet normal -0 0 1
    outer loop
      vertex -2.8 2.8 2.5
      vertex 4.35 -2.02776 2.5
      vertex 98.8 2.8 2.5
    endloop
  endfacet
  facet normal 0 0 1
    outer loop
      vertex 4.35 -2.02776 2.5
      vertex -2.8 2.8 2.5
      vertex 4.15056 -1.9294 2.5
    endloop
  endfacet
  facet normal 0 0 1
    outer loop
      vertex 4.15056 -1.9294 2.5
      vertex -2.8 2.8 2.5
      vertex 3.93999 -1.85793 2.5
    endloop
  endfacet
  facet normal 0 0 1
    outer loop
      vertex 3.93999 -1.85793 2.5
      vertex -2.8 2.8 2.5
      vertex 3.72189 -1.81454 2.5
    endloop
  endfacet
  facet normal 0 0 1
    outer loop
      vertex 1.85793 -124.06 2.5
      vertex -2.8 -130.8 2.5
      vertex 1.81454 -124.278 2.5
    endloop
  endfacet
  facet normal 0 0 1
    outer loop
      vertex 1.81454 -3.2781 2.5
      vertex -2.8 2.8 2.5
      vertex 1.8 -3.5 2.5
    endloop
  endfacet
  facet normal 0 0 1
    outer loop
      vertex 1.85793 -3.06001 2.5
      vertex -2.8 2.8 2.5
      vertex 1.81454 -3.2781 2.5
    endloop
  endfacet
  facet normal 0 0 1
    outer loop
      vertex 1.9294 -2.84944 2.5
      vertex -2.8 2.8 2.5
      vertex 1.85793 -3.06001 2.5
    endloop
  endfacet
  facet normal 0 0 1
    outer loop
      vertex 2.02776 -2.65 2.5
      vertex -2.8 2.8 2.5
      vertex 1.9294 -2.84944 2.5
    endloop
  endfacet
  facet normal 0 0 1
    outer loop
      vertex 2.1513 -2.46511 2.5
      vertex -2.8 2.8 2.5
      vertex 2.02776 -2.65 2.5
    endloop
  endfacet
  facet normal 0 0 1
    outer loop
      vertex 2.29792 -2.29792 2.5
      vertex -2.8 2.8 2.5
      vertex 2.1513 -2.46511 2.5
    endloop
  endfacet
  facet normal 0 0 1
    outer loop
      vertex 2.46511 -2.1513 2.5
      vertex -2.8 2.8 2.5
      vertex 2.29792 -2.29792 2.5
    endloop
  endfacet
  facet normal 0 0 1
    outer loop
      vertex 2.65 -2.02776 2.5
      vertex -2.8 2.8 2.5
      vertex 2.46511 -2.1513 2.5
    endloop
  endfacet
  facet normal 0 0 1
    outer loop
      vertex 2.84944 -1.9294 2.5
      vertex -2.8 2.8 2.5
      vertex 2.65 -2.02776 2.5
    endloop
  endfacet
  facet normal 0 0 1
    outer loop
      vertex 3.06001 -1.85793 2.5
      vertex -2.8 2.8 2.5
      vertex 2.84944 -1.9294 2.5
    endloop
  endfacet
  facet normal 0 0 1
    outer loop
      vertex 3.2781 -1.81454 2.5
      vertex -2.8 2.8 2.5
      vertex 3.06001 -1.85793 2.5
    endloop
  endfacet
  facet normal 0 0 1
    outer loop
      vertex 3.5 -1.8 2.5
      vertex -2.8 2.8 2.5
      vertex 3.2781 -1.81454 2.5
    endloop
  endfacet
  facet normal 0 0 1
    outer loop
      vertex 3.72189 -1.81454 2.5
      vertex -2.8 2.8 2.5
      vertex 3.5 -1.8 2.5
    endloop
  endfacet
  facet normal 0 0 1
    outer loop
      vertex 90.25 -42 2.5
      vertex 98.8 2.8 2.5
      vertex 94.1855 -3.72189 2.5
    endloop
  endfacet
  facet normal -0 0 1
    outer loop
      vertex 94.1855 -124.722 2.5
      vertex 98.8 -130.8 2.5
      vertex 94.2 -124.5 2.5
    endloop
  endfacet
  facet normal -0 0 1
    outer loop
      vertex 94.1421 -124.94 2.5
      vertex 98.8 -130.8 2.5
      vertex 94.1855 -124.722 2.5
    endloop
  endfacet
  facet normal -0 0 1
    outer loop
      vertex 94.0706 -125.151 2.5
      vertex 98.8 -130.8 2.5
      vertex 94.1421 -124.94 2.5
    endloop
  endfacet
  facet normal -0 0 1
    outer loop
      vertex 93.9722 -125.35 2.5
      vertex 98.8 -130.8 2.5
      vertex 94.0706 -125.151 2.5
    endloop
  endfacet
  facet normal -0 0 1
    outer loop
      vertex 93.8487 -125.535 2.5
      vertex 98.8 -130.8 2.5
      vertex 93.9722 -125.35 2.5
    endloop
  endfacet
  facet normal -0 0 1
    outer loop
      vertex 93.7021 -125.702 2.5
      vertex 98.8 -130.8 2.5
      vertex 93.8487 -125.535 2.5
    endloop
  endfacet
  facet normal -0 0 1
    outer loop
      vertex 93.5349 -125.849 2.5
      vertex 98.8 -130.8 2.5
      vertex 93.7021 -125.702 2.5
    endloop
  endfacet
  facet normal -0 0 1
    outer loop
      vertex 93.35 -125.972 2.5
      vertex 98.8 -130.8 2.5
      vertex 93.5349 -125.849 2.5
    endloop
  endfacet
  facet normal -0 0 1
    outer loop
      vertex 93.1506 -126.071 2.5
      vertex 98.8 -130.8 2.5
      vertex 93.35 -125.972 2.5
    endloop
  endfacet
  facet normal -0 0 1
    outer loop
      vertex 92.94 -126.142 2.5
      vertex 98.8 -130.8 2.5
      vertex 93.1506 -126.071 2.5
    endloop
  endfacet
  facet normal -0 0 1
    outer loop
      vertex 92.7219 -126.185 2.5
      vertex 98.8 -130.8 2.5
      vertex 92.94 -126.142 2.5
    endloop
  endfacet
  facet normal -0 0 1
    outer loop
      vertex 92.5 -126.2 2.5
      vertex 98.8 -130.8 2.5
      vertex 92.7219 -126.185 2.5
    endloop
  endfacet
  facet normal 0 0 1
    outer loop
      vertex 92.2781 -126.185 2.5
      vertex 98.8 -130.8 2.5
      vertex 92.5 -126.2 2.5
    endloop
  endfacet
  facet normal 0 0 1
    outer loop
      vertex 92.06 -126.142 2.5
      vertex 98.8 -130.8 2.5
      vertex 92.2781 -126.185 2.5
    endloop
  endfacet
  facet normal 0 0 1
    outer loop
      vertex 91.8494 -126.071 2.5
      vertex 98.8 -130.8 2.5
      vertex 92.06 -126.142 2.5
    endloop
  endfacet
  facet normal -0 0 1
    outer loop
      vertex 67 -126 2.5
      vertex 91.8494 -126.071 2.5
      vertex 91.65 -125.972 2.5
    endloop
  endfacet
  facet normal 0 0 1
    outer loop
      vertex 67 -126 2.5
      vertex 91.65 -125.972 2.5
      vertex 91.4651 -125.849 2.5
    endloop
  endfacet
  facet normal 0 0 1
    outer loop
      vertex 92.06 -122.858 2.5
      vertex 67 -99.5 2.5
      vertex 91.8494 -122.929 2.5
    endloop
  endfacet
  facet normal 0 0 1
    outer loop
      vertex 91.8494 -122.929 2.5
      vertex 67 -99.5 2.5
      vertex 91.65 -123.028 2.5
    endloop
  endfacet
  facet normal 0 0 1
    outer loop
      vertex 91.65 -123.028 2.5
      vertex 67 -99.5 2.5
      vertex 91.4651 -123.151 2.5
    endloop
  endfacet
  facet normal 0 0 1
    outer loop
      vertex 91.4651 -123.151 2.5
      vertex 67 -99.5 2.5
      vertex 91.2979 -123.298 2.5
    endloop
  endfacet
  facet normal -0 0 1
    outer loop
      vertex 67 -122.5 2.5
      vertex 91.2979 -123.298 2.5
      vertex 67 -99.5 2.5
    endloop
  endfacet
  facet normal 0 0 1
    outer loop
      vertex 91.2979 -123.298 2.5
      vertex 67 -122.5 2.5
      vertex 91.1513 -123.465 2.5
    endloop
  endfacet
  facet normal 0 0 1
    outer loop
      vertex 91.1513 -123.465 2.5
      vertex 67 -122.5 2.5
      vertex 91.0278 -123.65 2.5
    endloop
  endfacet
  facet normal 0 0 1
    outer loop
      vertex 91.0278 -123.65 2.5
      vertex 67 -122.5 2.5
      vertex 90.9294 -123.849 2.5
    endloop
  endfacet
  facet normal 0 0 1
    outer loop
      vertex 67 -96 2.5
      vertex 87.125 -47.4127 2.5
      vertex 86.3918 -47.7742 2.5
    endloop
  endfacet
  facet normal 0 0 1
    outer loop
      vertex 67 -96 2.5
      vertex 86.3918 -47.7742 2.5
      vertex 85.6176 -48.037 2.5
    endloop
  endfacet
  facet normal 0 0 1
    outer loop
      vertex 90.9294 -123.849 2.5
      vertex 67 -122.5 2.5
      vertex 90.8579 -124.06 2.5
    endloop
  endfacet
  facet normal 0 0 1
    outer loop
      vertex 67 -96 2.5
      vertex 85.6176 -48.037 2.5
      vertex 84.8158 -48.1965 2.5
    endloop
  endfacet
  facet normal 0 0 1
    outer loop
      vertex 67 -96 2.5
      vertex 84.8158 -48.1965 2.5
      vertex 84 -48.25 2.5
    endloop
  endfacet
  facet normal 0 0 1
    outer loop
      vertex 67 -96 2.5
      vertex 84 -48.25 2.5
      vertex 83.1842 -48.1965 2.5
    endloop
  endfacet
  facet normal 0 0 1
    outer loop
      vertex 67 -96 2.5
      vertex 83.1842 -48.1965 2.5
      vertex 82.3824 -48.037 2.5
    endloop
  endfacet
  facet normal 0 0 1
    outer loop
      vertex 67 -96 2.5
      vertex 82.3824 -48.037 2.5
      vertex 81.6082 -47.7742 2.5
    endloop
  endfacet
  facet normal 0 0 1
    outer loop
      vertex 67 -96 2.5
      vertex 81.6082 -47.7742 2.5
      vertex 80.875 -47.4127 2.5
    endloop
  endfacet
  facet normal 0 0 1
    outer loop
      vertex 67 -96 2.5
      vertex 80.875 -47.4127 2.5
      vertex 80.1952 -46.9585 2.5
    endloop
  endfacet
  facet normal 0 0 1
    outer loop
      vertex 67 -96 2.5
      vertex 80.1952 -46.9585 2.5
      vertex 79.5806 -46.4194 2.5
    endloop
  endfacet
  facet normal 0 0 1
    outer loop
      vertex 67 -96 2.5
      vertex 79.5806 -46.4194 2.5
      vertex 79.0415 -45.8048 2.5
    endloop
  endfacet
  facet normal 0 0 1
    outer loop
      vertex 67 -96 2.5
      vertex 79.0415 -45.8048 2.5
      vertex 78.5873 -45.125 2.5
    endloop
  endfacet
  facet normal 0 0 1
    outer loop
      vertex 67 -96 2.5
      vertex 78.5873 -45.125 2.5
      vertex 78.2258 -44.3918 2.5
    endloop
  endfacet
  facet normal 0 0 1
    outer loop
      vertex 67 -96 2.5
      vertex 78.2258 -44.3918 2.5
      vertex 77.963 -43.6176 2.5
    endloop
  endfacet
  facet normal 0 0 1
    outer loop
      vertex 67 -96 2.5
      vertex 77.963 -43.6176 2.5
      vertex 77.8035 -42.8158 2.5
    endloop
  endfacet
  facet normal 0 0 1
    outer loop
      vertex 67 -96 2.5
      vertex 77.8035 -42.8158 2.5
      vertex 77.75 -42 2.5
    endloop
  endfacet
  facet normal 0 0 1
    outer loop
      vertex 90.8579 -124.06 2.5
      vertex 67 -122.5 2.5
      vertex 90.8145 -124.278 2.5
    endloop
  endfacet
  facet normal 0 0 1
    outer loop
      vertex 90.8145 -124.278 2.5
      vertex 67 -122.5 2.5
      vertex 90.8 -124.5 2.5
    endloop
  endfacet
  facet normal 0 0 1
    outer loop
      vertex 67 -126 2.5
      vertex 90.8 -124.5 2.5
      vertex 67 -122.5 2.5
    endloop
  endfacet
  facet normal 0 0 1
    outer loop
      vertex 90.8 -124.5 2.5
      vertex 67 -126 2.5
      vertex 90.8145 -124.722 2.5
    endloop
  endfacet
  facet normal 0 0 1
    outer loop
      vertex 90.8145 -124.722 2.5
      vertex 67 -126 2.5
      vertex 90.8579 -124.94 2.5
    endloop
  endfacet
  facet normal 0 0 1
    outer loop
      vertex 90.8579 -124.94 2.5
      vertex 67 -126 2.5
      vertex 90.9294 -125.151 2.5
    endloop
  endfacet
  facet normal 0 0 1
    outer loop
      vertex 90.9294 -125.151 2.5
      vertex 67 -126 2.5
      vertex 91.0278 -125.35 2.5
    endloop
  endfacet
  facet normal 0 0 1
    outer loop
      vertex 91.0278 -125.35 2.5
      vertex 67 -126 2.5
      vertex 91.1513 -125.535 2.5
    endloop
  endfacet
  facet normal 0 0 1
    outer loop
      vertex 91.1513 -125.535 2.5
      vertex 67 -126 2.5
      vertex 91.2979 -125.702 2.5
    endloop
  endfacet
  facet normal 0 0 1
    outer loop
      vertex 91.2979 -125.702 2.5
      vertex 67 -126 2.5
      vertex 91.4651 -125.849 2.5
    endloop
  endfacet
  facet normal 0 0 1
    outer loop
      vertex 91.8494 -126.071 2.5
      vertex 67 -126 2.5
      vertex 98.8 -130.8 2.5
    endloop
  endfacet
  facet normal -0 0 1
    outer loop
      vertex 62 -126 2.5
      vertex 98.8 -130.8 2.5
      vertex 67 -126 2.5
    endloop
  endfacet
  facet normal -0 0 1
    outer loop
      vertex 61.1563 -119.212 2.5
      vertex 67 -122.5 2.5
      vertex 61.2265 -118.859 2.5
    endloop
  endfacet
  facet normal 0 0 1
    outer loop
      vertex 67 -122.5 2.5
      vertex 61.1563 -119.212 2.5
      vertex 62 -122.5 2.5
    endloop
  endfacet
  facet normal -0 0 1
    outer loop
      vertex 61.0407 -119.552 2.5
      vertex 62 -122.5 2.5
      vertex 61.1563 -119.212 2.5
    endloop
  endfacet
  facet normal -0 0 1
    outer loop
      vertex 60.8816 -119.875 2.5
      vertex 62 -122.5 2.5
      vertex 61.0407 -119.552 2.5
    endloop
  endfacet
  facet normal -0 0 1
    outer loop
      vertex 60.6817 -120.174 2.5
      vertex 62 -122.5 2.5
      vertex 60.8816 -119.875 2.5
    endloop
  endfacet
  facet normal -0 0 1
    outer loop
      vertex 60.4445 -120.445 2.5
      vertex 62 -122.5 2.5
      vertex 60.6817 -120.174 2.5
    endloop
  endfacet
  facet normal -0 0 1
    outer loop
      vertex 60.1741 -120.682 2.5
      vertex 62 -122.5 2.5
      vertex 60.4445 -120.445 2.5
    endloop
  endfacet
  facet normal -0 0 1
    outer loop
      vertex 59.875 -120.882 2.5
      vertex 62 -122.5 2.5
      vertex 60.1741 -120.682 2.5
    endloop
  endfacet
  facet normal -0 0 1
    outer loop
      vertex 59.5524 -121.041 2.5
      vertex 62 -122.5 2.5
      vertex 59.875 -120.882 2.5
    endloop
  endfacet
  facet normal -0 0 1
    outer loop
      vertex 59.2118 -121.156 2.5
      vertex 62 -122.5 2.5
      vertex 59.5524 -121.041 2.5
    endloop
  endfacet
  facet normal -0 0 1
    outer loop
      vertex 58.8589 -121.226 2.5
      vertex 62 -122.5 2.5
      vertex 59.2118 -121.156 2.5
    endloop
  endfacet
  facet normal 0 0 1
    outer loop
      vertex 62 -122.5 2.5
      vertex 58.8589 -121.226 2.5
      vertex 62 -126 2.5
    endloop
  endfacet
  facet normal -0 0 1
    outer loop
      vertex 58.5 -121.25 2.5
      vertex 62 -126 2.5
      vertex 58.8589 -121.226 2.5
    endloop
  endfacet
  facet normal 0 0 1
    outer loop
      vertex 58.1411 -121.226 2.5
      vertex 62 -126 2.5
      vertex 58.5 -121.25 2.5
    endloop
  endfacet
  facet normal 0 0 1
    outer loop
      vertex 57.7882 -121.156 2.5
      vertex 62 -126 2.5
      vertex 58.1411 -121.226 2.5
    endloop
  endfacet
  facet normal 0 0 1
    outer loop
      vertex 57.4476 -121.041 2.5
      vertex 62 -126 2.5
      vertex 57.7882 -121.156 2.5
    endloop
  endfacet
  facet normal 0 0 1
    outer loop
      vertex 57.125 -120.882 2.5
      vertex 62 -126 2.5
      vertex 57.4476 -121.041 2.5
    endloop
  endfacet
  facet normal 0 0 1
    outer loop
      vertex 56.8259 -120.682 2.5
      vertex 62 -126 2.5
      vertex 57.125 -120.882 2.5
    endloop
  endfacet
  facet normal 0 0 1
    outer loop
      vertex 39.1741 -120.682 2.5
      vertex 56.8259 -120.682 2.5
      vertex 56.5555 -120.445 2.5
    endloop
  endfacet
  facet normal 0 0 1
    outer loop
      vertex 56.3183 -116.826 2.5
      vertex 52.7601 -114.653 2.5
      vertex 56.1184 -117.125 2.5
    endloop
  endfacet
  facet normal 0 0 1
    outer loop
      vertex 56.1184 -117.125 2.5
      vertex 52.7601 -114.653 2.5
      vertex 55.9593 -117.448 2.5
    endloop
  endfacet
  facet normal -0 0 1
    outer loop
      vertex 52.2426 -115.243 2.5
      vertex 55.9593 -117.448 2.5
      vertex 52.7601 -114.653 2.5
    endloop
  endfacet
  facet normal 0 0 1
    outer loop
      vertex 55.9593 -117.448 2.5
      vertex 52.2426 -115.243 2.5
      vertex 55.8437 -117.788 2.5
    endloop
  endfacet
  facet normal -0 0 1
    outer loop
      vertex 51.6526 -115.76 2.5
      vertex 55.8437 -117.788 2.5
      vertex 52.2426 -115.243 2.5
    endloop
  endfacet
  facet normal 0 0 1
    outer loop
      vertex 55.8437 -117.788 2.5
      vertex 51.6526 -115.76 2.5
      vertex 55.7735 -118.141 2.5
    endloop
  endfacet
  facet normal 0 0 1
    outer loop
      vertex 55.7735 -118.141 2.5
      vertex 51.6526 -115.76 2.5
      vertex 55.75 -118.5 2.5
    endloop
  endfacet
  facet normal -0 0 1
    outer loop
      vertex 51 -116.196 2.5
      vertex 55.75 -118.5 2.5
      vertex 51.6526 -115.76 2.5
    endloop
  endfacet
  facet normal 0 0 1
    outer loop
      vertex 55.75 -118.5 2.5
      vertex 51 -116.196 2.5
      vertex 55.7735 -118.859 2.5
    endloop
  endfacet
  facet normal -0 0 1
    outer loop
      vertex 50.2961 -116.543 2.5
      vertex 55.7735 -118.859 2.5
      vertex 51 -116.196 2.5
    endloop
  endfacet
  facet normal 0 0 1
    outer loop
      vertex 55.7735 -118.859 2.5
      vertex 50.2961 -116.543 2.5
      vertex 55.8437 -119.212 2.5
    endloop
  endfacet
  facet normal 0 0 1
    outer loop
      vertex 55.8437 -119.212 2.5
      vertex 50.2961 -116.543 2.5
      vertex 55.9593 -119.552 2.5
    endloop
  endfacet
  facet normal -0 0 1
    outer loop
      vertex 49.5529 -116.796 2.5
      vertex 55.9593 -119.552 2.5
      vertex 50.2961 -116.543 2.5
    endloop
  endfacet
  facet normal 0 0 1
    outer loop
      vertex 55.9593 -119.552 2.5
      vertex 49.5529 -116.796 2.5
      vertex 56.1184 -119.875 2.5
    endloop
  endfacet
  facet normal -0 0 1
    outer loop
      vertex 48.7832 -116.949 2.5
      vertex 56.1184 -119.875 2.5
      vertex 49.5529 -116.796 2.5
    endloop
  endfacet
  facet normal 0 0 1
    outer loop
      vertex 56.1184 -119.875 2.5
      vertex 48.7832 -116.949 2.5
      vertex 56.3183 -120.174 2.5
    endloop
  endfacet
  facet normal 0 0 1
    outer loop
      vertex 56.3183 -120.174 2.5
      vertex 48.7832 -116.949 2.5
      vertex 56.5555 -120.445 2.5
    endloop
  endfacet
  facet normal -0 0 1
    outer loop
      vertex 48 -117 2.5
      vertex 56.5555 -120.445 2.5
      vertex 48.7832 -116.949 2.5
    endloop
  endfacet
  facet normal 0 0 1
    outer loop
      vertex 39.4445 -120.445 2.5
      vertex 56.5555 -120.445 2.5
      vertex 48 -117 2.5
    endloop
  endfacet
  facet normal 0 0 1
    outer loop
      vertex 39.4445 -120.445 2.5
      vertex 48 -117 2.5
      vertex 47.2168 -116.949 2.5
    endloop
  endfacet
  facet normal 0 0 1
    outer loop
      vertex 39.8816 -119.875 2.5
      vertex 47.2168 -116.949 2.5
      vertex 46.4471 -116.796 2.5
    endloop
  endfacet
  facet normal 0 0 1
    outer loop
      vertex 40.0407 -119.552 2.5
      vertex 46.4471 -116.796 2.5
      vertex 45.7039 -116.543 2.5
    endloop
  endfacet
  facet normal 0 0 1
    outer loop
      vertex 40.2265 -118.859 2.5
      vertex 45.7039 -116.543 2.5
      vertex 45 -116.196 2.5
    endloop
  endfacet
  facet normal -0 0 1
    outer loop
      vertex 39.8816 -107.375 2.5
      vertex 42.4567 -108.704 2.5
      vertex 40.0407 -107.052 2.5
    endloop
  endfacet
  facet normal -0 0 1
    outer loop
      vertex 39.6817 -107.674 2.5
      vertex 42.4567 -108.704 2.5
      vertex 39.8816 -107.375 2.5
    endloop
  endfacet
  facet normal 0 0 1
    outer loop
      vertex 42.0513 -111.783 2.5
      vertex 40.25 -118.5 2.5
      vertex 42.2044 -112.553 2.5
    endloop
  endfacet
  facet normal 0 0 1
    outer loop
      vertex 40.25 -118.5 2.5
      vertex 42.4567 -113.296 2.5
      vertex 42.2044 -112.553 2.5
    endloop
  endfacet
  facet normal 0 0 1
    outer loop
      vertex 40.25 -118.5 2.5
      vertex 42.8038 -114 2.5
      vertex 42.4567 -113.296 2.5
    endloop
  endfacet
  facet normal 0 0 1
    outer loop
      vertex 40.25 -118.5 2.5
      vertex 43.2399 -114.653 2.5
      vertex 42.8038 -114 2.5
    endloop
  endfacet
  facet normal 0 0 1
    outer loop
      vertex 40.25 -118.5 2.5
      vertex 43.7574 -115.243 2.5
      vertex 43.2399 -114.653 2.5
    endloop
  endfacet
  facet normal 0 0 1
    outer loop
      vertex 40.25 -118.5 2.5
      vertex 44.3474 -115.76 2.5
      vertex 43.7574 -115.243 2.5
    endloop
  endfacet
  facet normal 0 0 1
    outer loop
      vertex 40.25 -118.5 2.5
      vertex 45 -116.196 2.5
      vertex 44.3474 -115.76 2.5
    endloop
  endfacet
  facet normal 0 0 1
    outer loop
      vertex 40.2265 -118.859 2.5
      vertex 45 -116.196 2.5
      vertex 40.25 -118.5 2.5
    endloop
  endfacet
  facet normal 0 0 1
    outer loop
      vertex 45.7039 -116.543 2.5
      vertex 40.2265 -118.859 2.5
      vertex 40.1563 -119.212 2.5
    endloop
  endfacet
  facet normal 0 0 1
    outer loop
      vertex 45.7039 -116.543 2.5
      vertex 40.1563 -119.212 2.5
      vertex 40.0407 -119.552 2.5
    endloop
  endfacet
  facet normal 0 0 1
    outer loop
      vertex 46.4471 -116.796 2.5
      vertex 40.0407 -119.552 2.5
      vertex 39.8816 -119.875 2.5
    endloop
  endfacet
  facet normal 0 0 1
    outer loop
      vertex 47.2168 -116.949 2.5
      vertex 39.8816 -119.875 2.5
      vertex 39.6817 -120.174 2.5
    endloop
  endfacet
  facet normal 0 0 1
    outer loop
      vertex 47.2168 -116.949 2.5
      vertex 39.6817 -120.174 2.5
      vertex 39.4445 -120.445 2.5
    endloop
  endfacet
  facet normal 0 0 1
    outer loop
      vertex 39.1741 -120.682 2.5
      vertex 56.5555 -120.445 2.5
      vertex 39.4445 -120.445 2.5
    endloop
  endfacet
  facet normal 0 0 1
    outer loop
      vertex 56.8259 -120.682 2.5
      vertex 39.1741 -120.682 2.5
      vertex 62 -126 2.5
    endloop
  endfacet
  facet normal -0 0 1
    outer loop
      vertex 38.875 -120.882 2.5
      vertex 62 -126 2.5
      vertex 39.1741 -120.682 2.5
    endloop
  endfacet
  facet normal 0 0 1
    outer loop
      vertex 34 -126 2.5
      vertex 38.875 -120.882 2.5
      vertex 38.5524 -121.041 2.5
    endloop
  endfacet
  facet normal 0 0 1
    outer loop
      vertex 34 -126 2.5
      vertex 38.5524 -121.041 2.5
      vertex 38.2118 -121.156 2.5
    endloop
  endfacet
  facet normal 0 0 1
    outer loop
      vertex 34 -126 2.5
      vertex 38.2118 -121.156 2.5
      vertex 37.8589 -121.226 2.5
    endloop
  endfacet
  facet normal 0 0 1
    outer loop
      vertex 34 -126 2.5
      vertex 37.8589 -121.226 2.5
      vertex 37.5 -121.25 2.5
    endloop
  endfacet
  facet normal 0 0 1
    outer loop
      vertex 34 -126 2.5
      vertex 37.5 -121.25 2.5
      vertex 37.1411 -121.226 2.5
    endloop
  endfacet
  facet normal 0 0 1
    outer loop
      vertex 34.7735 -105.641 2.5
      vertex 29 -99.5 2.5
      vertex 34.75 -106 2.5
    endloop
  endfacet
  facet normal 0 0 1
    outer loop
      vertex 34.7735 -118.141 2.5
      vertex 34 -122.5 2.5
      vertex 34.75 -118.5 2.5
    endloop
  endfacet
  facet normal 0 0 1
    outer loop
      vertex 34 -122.5 2.5
      vertex 34.7735 -118.859 2.5
      vertex 34.75 -118.5 2.5
    endloop
  endfacet
  facet normal 0 0 1
    outer loop
      vertex 34 -122.5 2.5
      vertex 34.8437 -119.212 2.5
      vertex 34.7735 -118.859 2.5
    endloop
  endfacet
  facet normal 0 0 1
    outer loop
      vertex 34 -122.5 2.5
      vertex 34.9593 -119.552 2.5
      vertex 34.8437 -119.212 2.5
    endloop
  endfacet
  facet normal 0 0 1
    outer loop
      vertex 34 -122.5 2.5
      vertex 35.1184 -119.875 2.5
      vertex 34.9593 -119.552 2.5
    endloop
  endfacet
  facet normal 0 0 1
    outer loop
      vertex 34 -122.5 2.5
      vertex 35.3183 -120.174 2.5
      vertex 35.1184 -119.875 2.5
    endloop
  endfacet
  facet normal 0 0 1
    outer loop
      vertex 34 -122.5 2.5
      vertex 35.5555 -120.445 2.5
      vertex 35.3183 -120.174 2.5
    endloop
  endfacet
  facet normal 0 0 1
    outer loop
      vertex 34 -122.5 2.5
      vertex 35.8259 -120.682 2.5
      vertex 35.5555 -120.445 2.5
    endloop
  endfacet
  facet normal 0 0 1
    outer loop
      vertex 34 -122.5 2.5
      vertex 36.125 -120.882 2.5
      vertex 35.8259 -120.682 2.5
    endloop
  endfacet
  facet normal 0 0 1
    outer loop
      vertex 34 -122.5 2.5
      vertex 36.4476 -121.041 2.5
      vertex 36.125 -120.882 2.5
    endloop
  endfacet
  facet normal 0 0 1
    outer loop
      vertex 34 -122.5 2.5
      vertex 36.7882 -121.156 2.5
      vertex 36.4476 -121.041 2.5
    endloop
  endfacet
  facet normal 0 0 1
    outer loop
      vertex 34 -122.5 2.5
      vertex 37.1411 -121.226 2.5
      vertex 36.7882 -121.156 2.5
    endloop
  endfacet
  facet normal 0 0 1
    outer loop
      vertex 34 -126 2.5
      vertex 37.1411 -121.226 2.5
      vertex 34 -122.5 2.5
    endloop
  endfacet
  facet normal 0 0 1
    outer loop
      vertex 38.875 -120.882 2.5
      vertex 34 -126 2.5
      vertex 62 -126 2.5
    endloop
  endfacet
  facet normal 0 0 1
    outer loop
      vertex 62 -126 2.5
      vertex 34 -126 2.5
      vertex 98.8 -130.8 2.5
    endloop
  endfacet
  facet normal 0 0 1
    outer loop
      vertex -2.8 -130.8 2.5
      vertex 34 -126 2.5
      vertex 29 -126 2.5
    endloop
  endfacet
  facet normal 0 0 1
    outer loop
      vertex 29 -122.5 2.5
      vertex 5.2 -124.5 2.5
      vertex 29 -126 2.5
    endloop
  endfacet
  facet normal -0 0 1
    outer loop
      vertex 5.18546 -124.722 2.5
      vertex 29 -126 2.5
      vertex 5.2 -124.5 2.5
    endloop
  endfacet
  facet normal -0 0 1
    outer loop
      vertex 5.14207 -124.94 2.5
      vertex 29 -126 2.5
      vertex 5.18546 -124.722 2.5
    endloop
  endfacet
  facet normal -0 0 1
    outer loop
      vertex 5.07059 -125.151 2.5
      vertex 29 -126 2.5
      vertex 5.14207 -124.94 2.5
    endloop
  endfacet
  facet normal -0 0 1
    outer loop
      vertex 4.97224 -125.35 2.5
      vertex 29 -126 2.5
      vertex 5.07059 -125.151 2.5
    endloop
  endfacet
  facet normal -0 0 1
    outer loop
      vertex 4.8487 -125.535 2.5
      vertex 29 -126 2.5
      vertex 4.97224 -125.35 2.5
    endloop
  endfacet
  facet normal -0 0 1
    outer loop
      vertex 4.70208 -125.702 2.5
      vertex 29 -126 2.5
      vertex 4.8487 -125.535 2.5
    endloop
  endfacet
  facet normal -0 0 1
    outer loop
      vertex 4.53489 -125.849 2.5
      vertex 29 -126 2.5
      vertex 4.70208 -125.702 2.5
    endloop
  endfacet
  facet normal -0 0 1
    outer loop
      vertex 4.35 -125.972 2.5
      vertex 29 -126 2.5
      vertex 4.53489 -125.849 2.5
    endloop
  endfacet
  facet normal 0 0 1
    outer loop
      vertex 4.15056 -126.071 2.5
      vertex 29 -126 2.5
      vertex 4.35 -125.972 2.5
    endloop
  endfacet
  facet normal 0 0 1
    outer loop
      vertex 29 -126 2.5
      vertex 4.15056 -126.071 2.5
      vertex -2.8 -130.8 2.5
    endloop
  endfacet
  facet normal 0 0 1
    outer loop
      vertex -2.8 -130.8 2.5
      vertex 4.15056 -126.071 2.5
      vertex 3.93999 -126.142 2.5
    endloop
  endfacet
  facet normal 0 0 1
    outer loop
      vertex -2.8 -130.8 2.5
      vertex 3.93999 -126.142 2.5
      vertex 3.72189 -126.185 2.5
    endloop
  endfacet
  facet normal 0 0 1
    outer loop
      vertex -2.8 -130.8 2.5
      vertex 3.72189 -126.185 2.5
      vertex 3.5 -126.2 2.5
    endloop
  endfacet
  facet normal 0 0 1
    outer loop
      vertex 34 -126 2.5
      vertex -2.8 -130.8 2.5
      vertex 98.8 -130.8 2.5
    endloop
  endfacet
  facet normal 0 0 1
    outer loop
      vertex 3.2781 -126.185 2.5
      vertex -2.8 -130.8 2.5
      vertex 3.5 -126.2 2.5
    endloop
  endfacet
  facet normal 0 0 1
    outer loop
      vertex 3.06001 -126.142 2.5
      vertex -2.8 -130.8 2.5
      vertex 3.2781 -126.185 2.5
    endloop
  endfacet
  facet normal 0 0 1
    outer loop
      vertex 2.84944 -126.071 2.5
      vertex -2.8 -130.8 2.5
      vertex 3.06001 -126.142 2.5
    endloop
  endfacet
  facet normal 0 0 1
    outer loop
      vertex 2.65 -125.972 2.5
      vertex -2.8 -130.8 2.5
      vertex 2.84944 -126.071 2.5
    endloop
  endfacet
  facet normal 0 0 1
    outer loop
      vertex 2.46511 -125.849 2.5
      vertex -2.8 -130.8 2.5
      vertex 2.65 -125.972 2.5
    endloop
  endfacet
  facet normal 0 0 1
    outer loop
      vertex 2.29792 -125.702 2.5
      vertex -2.8 -130.8 2.5
      vertex 2.46511 -125.849 2.5
    endloop
  endfacet
  facet normal 0 0 1
    outer loop
      vertex 2.1513 -125.535 2.5
      vertex -2.8 -130.8 2.5
      vertex 2.29792 -125.702 2.5
    endloop
  endfacet
  facet normal 0 0 1
    outer loop
      vertex 2.02776 -125.35 2.5
      vertex -2.8 -130.8 2.5
      vertex 2.1513 -125.535 2.5
    endloop
  endfacet
  facet normal 0 0 1
    outer loop
      vertex 1.9294 -125.151 2.5
      vertex -2.8 -130.8 2.5
      vertex 2.02776 -125.35 2.5
    endloop
  endfacet
  facet normal 0 0 1
    outer loop
      vertex 1.85793 -124.94 2.5
      vertex -2.8 -130.8 2.5
      vertex 1.9294 -125.151 2.5
    endloop
  endfacet
  facet normal 0 0 1
    outer loop
      vertex 1.81454 -124.722 2.5
      vertex -2.8 -130.8 2.5
      vertex 1.85793 -124.94 2.5
    endloop
  endfacet
  facet normal 0 0 1
    outer loop
      vertex 1.8 -124.5 2.5
      vertex -2.8 -130.8 2.5
      vertex 1.81454 -124.722 2.5
    endloop
  endfacet
  facet normal 0 0 1
    outer loop
      vertex 1.81454 -124.278 2.5
      vertex -2.8 -130.8 2.5
      vertex 1.8 -124.5 2.5
    endloop
  endfacet
  facet normal 1 -0 0
    outer loop
      vertex -2.8 -130.8 8.5
      vertex -2.8 2.8 2.5
      vertex -2.8 2.8 8.5
    endloop
  endfacet
  facet normal 1 0 0
    outer loop
      vertex -2.8 2.8 2.5
      vertex -2.8 -130.8 8.5
      vertex -2.8 -130.8 2.5
    endloop
  endfacet
  facet normal 0 1 -0
    outer loop
      vertex 98.8 -130.8 2.5
      vertex -2.8 -130.8 8.5
      vertex 98.8 -130.8 8.5
    endloop
  endfacet
  facet normal 0 1 0
    outer loop
      vertex -2.8 -130.8 8.5
      vertex 98.8 -130.8 2.5
      vertex -2.8 -130.8 2.5
    endloop
  endfacet
  facet normal 0 -1 0
    outer loop
      vertex -2.8 2.8 2.5
      vertex 98.8 2.8 8.5
      vertex -2.8 2.8 8.5
    endloop
  endfacet
  facet normal 0 -1 -0
    outer loop
      vertex 98.8 2.8 8.5
      vertex -2.8 2.8 2.5
      vertex 98.8 2.8 2.5
    endloop
  endfacet
  facet normal -0.980801 0.195014 0
    outer loop
      vertex 53.7956 -112.553 0.8
      vertex 53.9487 -111.783 2.5
      vertex 53.9487 -111.783 0.8
    endloop
  endfacet
  facet normal -0.980801 0.195014 0
    outer loop
      vertex 53.9487 -111.783 2.5
      vertex 53.7956 -112.553 0.8
      vertex 53.7956 -112.553 2.5
    endloop
  endfacet
  facet normal -0.997861 0.0653771 0
    outer loop
      vertex 53.9487 -111.783 0.8
      vertex 54 -111 2.5
      vertex 54 -111 0.8
    endloop
  endfacet
  facet normal -0.997861 0.0653771 0
    outer loop
      vertex 54 -111 2.5
      vertex 53.9487 -111.783 0.8
      vertex 53.9487 -111.783 2.5
    endloop
  endfacet
  facet normal -0.946897 0.321537 0
    outer loop
      vertex 53.5433 -113.296 0.8
      vertex 53.7956 -112.553 2.5
      vertex 53.7956 -112.553 0.8
    endloop
  endfacet
  facet normal -0.946897 0.321537 0
    outer loop
      vertex 53.7956 -112.553 2.5
      vertex 53.5433 -113.296 0.8
      vertex 53.5433 -113.296 2.5
    endloop
  endfacet
  facet normal 0.555523 0.831501 -0
    outer loop
      vertex 45 -116.196 0.8
      vertex 44.3474 -115.76 2.5
      vertex 45 -116.196 2.5
    endloop
  endfacet
  facet normal 0.555523 0.831501 0
    outer loop
      vertex 44.3474 -115.76 2.5
      vertex 45 -116.196 0.8
      vertex 44.3474 -115.76 0.8
    endloop
  endfacet
  facet normal 0.322259 0.946652 -0
    outer loop
      vertex 46.4471 -116.796 0.8
      vertex 45.7039 -116.543 2.5
      vertex 46.4471 -116.796 2.5
    endloop
  endfacet
  facet normal 0.322259 0.946652 0
    outer loop
      vertex 45.7039 -116.543 2.5
      vertex 46.4471 -116.796 0.8
      vertex 45.7039 -116.543 0.8
    endloop
  endfacet
  facet normal -0.659046 -0.752103 0
    outer loop
      vertex 51.6526 -106.24 0.8
      vertex 52.2426 -106.757 2.5
      vertex 51.6526 -106.24 2.5
    endloop
  endfacet
  facet normal -0.659046 -0.752103 -0
    outer loop
      vertex 52.2426 -106.757 2.5
      vertex 51.6526 -106.24 0.8
      vertex 52.2426 -106.757 0.8
    endloop
  endfacet
  facet normal 0.322259 -0.946652 0
    outer loop
      vertex 45.7039 -105.457 0.8
      vertex 46.4471 -105.204 2.5
      vertex 45.7039 -105.457 2.5
    endloop
  endfacet
  facet normal 0.322259 -0.946652 0
    outer loop
      vertex 46.4471 -105.204 2.5
      vertex 45.7039 -105.457 0.8
      vertex 46.4471 -105.204 0.8
    endloop
  endfacet
  facet normal -0.89691 0.442212 0
    outer loop
      vertex 53.1962 -114 0.8
      vertex 53.5433 -113.296 2.5
      vertex 53.5433 -113.296 0.8
    endloop
  endfacet
  facet normal -0.89691 0.442212 0
    outer loop
      vertex 53.5433 -113.296 2.5
      vertex 53.1962 -114 0.8
      vertex 53.1962 -114 2.5
    endloop
  endfacet
  facet normal -0.44216 0.896936 0
    outer loop
      vertex 51 -116.196 0.8
      vertex 50.2961 -116.543 2.5
      vertex 51 -116.196 2.5
    endloop
  endfacet
  facet normal -0.44216 0.896936 0
    outer loop
      vertex 50.2961 -116.543 2.5
      vertex 51 -116.196 0.8
      vertex 50.2961 -116.543 0.8
    endloop
  endfacet
  facet normal 0.980801 -0.195014 0
    outer loop
      vertex 42.0513 -110.217 2.5
      vertex 42.2044 -109.447 0.8
      vertex 42.2044 -109.447 2.5
    endloop
  endfacet
  facet normal 0.980801 -0.195014 0
    outer loop
      vertex 42.2044 -109.447 0.8
      vertex 42.0513 -110.217 2.5
      vertex 42.0513 -110.217 0.8
    endloop
  endfacet
  facet normal 0.751787 0.659406 0
    outer loop
      vertex 43.7574 -115.243 2.5
      vertex 43.2399 -114.653 0.8
      vertex 43.2399 -114.653 2.5
    endloop
  endfacet
  facet normal 0.751787 0.659406 0
    outer loop
      vertex 43.2399 -114.653 0.8
      vertex 43.7574 -115.243 2.5
      vertex 43.7574 -115.243 0.8
    endloop
  endfacet
  facet normal 0.44216 -0.896936 0
    outer loop
      vertex 45 -105.804 0.8
      vertex 45.7039 -105.457 2.5
      vertex 45 -105.804 2.5
    endloop
  endfacet
  facet normal 0.44216 -0.896936 0
    outer loop
      vertex 45.7039 -105.457 2.5
      vertex 45 -105.804 0.8
      vertex 45.7039 -105.457 0.8
    endloop
  endfacet
  facet normal 0.751787 -0.659406 0
    outer loop
      vertex 43.2399 -107.347 2.5
      vertex 43.7574 -106.757 0.8
      vertex 43.7574 -106.757 2.5
    endloop
  endfacet
  facet normal 0.751787 -0.659406 0
    outer loop
      vertex 43.7574 -106.757 0.8
      vertex 43.2399 -107.347 2.5
      vertex 43.2399 -107.347 0.8
    endloop
  endfacet
  facet normal -0.322259 -0.946652 0
    outer loop
      vertex 49.5529 -105.204 0.8
      vertex 50.2961 -105.457 2.5
      vertex 49.5529 -105.204 2.5
    endloop
  endfacet
  facet normal -0.322259 -0.946652 -0
    outer loop
      vertex 50.2961 -105.457 2.5
      vertex 49.5529 -105.204 0.8
      vertex 50.2961 -105.457 0.8
    endloop
  endfacet
  facet normal -0.980801 -0.195014 0
    outer loop
      vertex 53.9487 -110.217 0.8
      vertex 53.7956 -109.447 2.5
      vertex 53.7956 -109.447 0.8
    endloop
  endfacet
  facet normal -0.980801 -0.195014 0
    outer loop
      vertex 53.7956 -109.447 2.5
      vertex 53.9487 -110.217 0.8
      vertex 53.9487 -110.217 2.5
    endloop
  endfacet
  facet normal 0.0649798 0.997887 -0
    outer loop
      vertex 48 -117 0.8
      vertex 47.2168 -116.949 2.5
      vertex 48 -117 2.5
    endloop
  endfacet
  facet normal 0.0649798 0.997887 0
    outer loop
      vertex 47.2168 -116.949 2.5
      vertex 48 -117 0.8
      vertex 47.2168 -116.949 0.8
    endloop
  endfacet
  facet normal 0.946897 -0.321537 0
    outer loop
      vertex 42.2044 -109.447 2.5
      vertex 42.4567 -108.704 0.8
      vertex 42.4567 -108.704 2.5
    endloop
  endfacet
  facet normal 0.946897 -0.321537 0
    outer loop
      vertex 42.4567 -108.704 0.8
      vertex 42.2044 -109.447 2.5
      vertex 42.2044 -109.447 0.8
    endloop
  endfacet
  facet normal 0.659046 -0.752103 0
    outer loop
      vertex 43.7574 -106.757 0.8
      vertex 44.3474 -106.24 2.5
      vertex 43.7574 -106.757 2.5
    endloop
  endfacet
  facet normal 0.659046 -0.752103 0
    outer loop
      vertex 44.3474 -106.24 2.5
      vertex 43.7574 -106.757 0.8
      vertex 44.3474 -106.24 0.8
    endloop
  endfacet
  facet normal -0.555523 0.831501 0
    outer loop
      vertex 51.6526 -115.76 0.8
      vertex 51 -116.196 2.5
      vertex 51.6526 -115.76 2.5
    endloop
  endfacet
  facet normal -0.555523 0.831501 0
    outer loop
      vertex 51 -116.196 2.5
      vertex 51.6526 -115.76 0.8
      vertex 51 -116.196 0.8
    endloop
  endfacet
  facet normal -0.946897 -0.321537 0
    outer loop
      vertex 53.7956 -109.447 0.8
      vertex 53.5433 -108.704 2.5
      vertex 53.5433 -108.704 0.8
    endloop
  endfacet
  facet normal -0.946897 -0.321537 0
    outer loop
      vertex 53.5433 -108.704 2.5
      vertex 53.7956 -109.447 0.8
      vertex 53.7956 -109.447 2.5
    endloop
  endfacet
  facet normal -0.44216 -0.896936 0
    outer loop
      vertex 50.2961 -105.457 0.8
      vertex 51 -105.804 2.5
      vertex 50.2961 -105.457 2.5
    endloop
  endfacet
  facet normal -0.44216 -0.896936 -0
    outer loop
      vertex 51 -105.804 2.5
      vertex 50.2961 -105.457 0.8
      vertex 51 -105.804 0.8
    endloop
  endfacet
  facet normal 0.980801 0.195014 0
    outer loop
      vertex 42.2044 -112.553 2.5
      vertex 42.0513 -111.783 0.8
      vertex 42.0513 -111.783 2.5
    endloop
  endfacet
  facet normal 0.980801 0.195014 0
    outer loop
      vertex 42.0513 -111.783 0.8
      vertex 42.2044 -112.553 2.5
      vertex 42.2044 -112.553 0.8
    endloop
  endfacet
  facet normal -0.194964 -0.98081 0
    outer loop
      vertex 48.7832 -105.051 0.8
      vertex 49.5529 -105.204 2.5
      vertex 48.7832 -105.051 2.5
    endloop
  endfacet
  facet normal -0.194964 -0.98081 -0
    outer loop
      vertex 49.5529 -105.204 2.5
      vertex 48.7832 -105.051 0.8
      vertex 49.5529 -105.204 0.8
    endloop
  endfacet
  facet normal 0.831599 -0.555376 0
    outer loop
      vertex 42.8038 -108 2.5
      vertex 43.2399 -107.347 0.8
      vertex 43.2399 -107.347 2.5
    endloop
  endfacet
  facet normal 0.831599 -0.555376 0
    outer loop
      vertex 43.2399 -107.347 0.8
      vertex 42.8038 -108 2.5
      vertex 42.8038 -108 0.8
    endloop
  endfacet
  facet normal 0.946897 0.321537 0
    outer loop
      vertex 42.4567 -113.296 2.5
      vertex 42.2044 -112.553 0.8
      vertex 42.2044 -112.553 2.5
    endloop
  endfacet
  facet normal 0.946897 0.321537 0
    outer loop
      vertex 42.2044 -112.553 0.8
      vertex 42.4567 -113.296 2.5
      vertex 42.4567 -113.296 0.8
    endloop
  endfacet
  facet normal 0.0649798 -0.997887 0
    outer loop
      vertex 47.2168 -105.051 0.8
      vertex 48 -105 2.5
      vertex 47.2168 -105.051 2.5
    endloop
  endfacet
  facet normal 0.0649798 -0.997887 0
    outer loop
      vertex 48 -105 2.5
      vertex 47.2168 -105.051 0.8
      vertex 48 -105 0.8
    endloop
  endfacet
  facet normal -0.831599 0.555376 0
    outer loop
      vertex 52.7601 -114.653 0.8
      vertex 53.1962 -114 2.5
      vertex 53.1962 -114 0.8
    endloop
  endfacet
  facet normal -0.831599 0.555376 0
    outer loop
      vertex 53.1962 -114 2.5
      vertex 52.7601 -114.653 0.8
      vertex 52.7601 -114.653 2.5
    endloop
  endfacet
  facet normal -0.322259 0.946652 0
    outer loop
      vertex 50.2961 -116.543 0.8
      vertex 49.5529 -116.796 2.5
      vertex 50.2961 -116.543 2.5
    endloop
  endfacet
  facet normal -0.322259 0.946652 0
    outer loop
      vertex 49.5529 -116.796 2.5
      vertex 50.2961 -116.543 0.8
      vertex 49.5529 -116.796 0.8
    endloop
  endfacet
  facet normal 0.194964 0.98081 -0
    outer loop
      vertex 47.2168 -116.949 0.8
      vertex 46.4471 -116.796 2.5
      vertex 47.2168 -116.949 2.5
    endloop
  endfacet
  facet normal 0.194964 0.98081 0
    outer loop
      vertex 46.4471 -116.796 2.5
      vertex 47.2168 -116.949 0.8
      vertex 46.4471 -116.796 0.8
    endloop
  endfacet
  facet normal -0.751787 0.659406 0
    outer loop
      vertex 52.2426 -115.243 0.8
      vertex 52.7601 -114.653 2.5
      vertex 52.7601 -114.653 0.8
    endloop
  endfacet
  facet normal -0.751787 0.659406 0
    outer loop
      vertex 52.7601 -114.653 2.5
      vertex 52.2426 -115.243 0.8
      vertex 52.2426 -115.243 2.5
    endloop
  endfacet
  facet normal -0.997861 -0.0653771 0
    outer loop
      vertex 54 -111 0.8
      vertex 53.9487 -110.217 2.5
      vertex 53.9487 -110.217 0.8
    endloop
  endfacet
  facet normal -0.997861 -0.0653771 0
    outer loop
      vertex 53.9487 -110.217 2.5
      vertex 54 -111 0.8
      vertex 54 -111 2.5
    endloop
  endfacet
  facet normal -0.659046 0.752103 0
    outer loop
      vertex 52.2426 -115.243 0.8
      vertex 51.6526 -115.76 2.5
      vertex 52.2426 -115.243 2.5
    endloop
  endfacet
  facet normal -0.659046 0.752103 0
    outer loop
      vertex 51.6526 -115.76 2.5
      vertex 52.2426 -115.243 0.8
      vertex 51.6526 -115.76 0.8
    endloop
  endfacet
  facet normal -0.89691 -0.442212 0
    outer loop
      vertex 53.5433 -108.704 0.8
      vertex 53.1962 -108 2.5
      vertex 53.1962 -108 0.8
    endloop
  endfacet
  facet normal -0.89691 -0.442212 0
    outer loop
      vertex 53.1962 -108 2.5
      vertex 53.5433 -108.704 0.8
      vertex 53.5433 -108.704 2.5
    endloop
  endfacet
  facet normal -0.555523 -0.831501 0
    outer loop
      vertex 51 -105.804 0.8
      vertex 51.6526 -106.24 2.5
      vertex 51 -105.804 2.5
    endloop
  endfacet
  facet normal -0.555523 -0.831501 -0
    outer loop
      vertex 51.6526 -106.24 2.5
      vertex 51 -105.804 0.8
      vertex 51.6526 -106.24 0.8
    endloop
  endfacet
  facet normal 0.555523 -0.831501 0
    outer loop
      vertex 44.3474 -106.24 0.8
      vertex 45 -105.804 2.5
      vertex 44.3474 -106.24 2.5
    endloop
  endfacet
  facet normal 0.555523 -0.831501 0
    outer loop
      vertex 45 -105.804 2.5
      vertex 44.3474 -106.24 0.8
      vertex 45 -105.804 0.8
    endloop
  endfacet
  facet normal 0.44216 0.896936 -0
    outer loop
      vertex 45.7039 -116.543 0.8
      vertex 45 -116.196 2.5
      vertex 45.7039 -116.543 2.5
    endloop
  endfacet
  facet normal 0.44216 0.896936 0
    outer loop
      vertex 45 -116.196 2.5
      vertex 45.7039 -116.543 0.8
      vertex 45 -116.196 0.8
    endloop
  endfacet
  facet normal 0.831599 0.555376 0
    outer loop
      vertex 43.2399 -114.653 2.5
      vertex 42.8038 -114 0.8
      vertex 42.8038 -114 2.5
    endloop
  endfacet
  facet normal 0.831599 0.555376 0
    outer loop
      vertex 42.8038 -114 0.8
      vertex 43.2399 -114.653 2.5
      vertex 43.2399 -114.653 0.8
    endloop
  endfacet
  facet normal 0.89691 0.442212 0
    outer loop
      vertex 42.8038 -114 2.5
      vertex 42.4567 -113.296 0.8
      vertex 42.4567 -113.296 2.5
    endloop
  endfacet
  facet normal 0.89691 0.442212 0
    outer loop
      vertex 42.4567 -113.296 0.8
      vertex 42.8038 -114 2.5
      vertex 42.8038 -114 0.8
    endloop
  endfacet
  facet normal 0.89691 -0.442212 0
    outer loop
      vertex 42.4567 -108.704 2.5
      vertex 42.8038 -108 0.8
      vertex 42.8038 -108 2.5
    endloop
  endfacet
  facet normal 0.89691 -0.442212 0
    outer loop
      vertex 42.8038 -108 0.8
      vertex 42.4567 -108.704 2.5
      vertex 42.4567 -108.704 0.8
    endloop
  endfacet
  facet normal -0.751787 -0.659406 0
    outer loop
      vertex 52.7601 -107.347 0.8
      vertex 52.2426 -106.757 2.5
      vertex 52.2426 -106.757 0.8
    endloop
  endfacet
  facet normal -0.751787 -0.659406 0
    outer loop
      vertex 52.2426 -106.757 2.5
      vertex 52.7601 -107.347 0.8
      vertex 52.7601 -107.347 2.5
    endloop
  endfacet
  facet normal -0.0649798 -0.997887 0
    outer loop
      vertex 48 -105 0.8
      vertex 48.7832 -105.051 2.5
      vertex 48 -105 2.5
    endloop
  endfacet
  facet normal -0.0649798 -0.997887 -0
    outer loop
      vertex 48.7832 -105.051 2.5
      vertex 48 -105 0.8
      vertex 48.7832 -105.051 0.8
    endloop
  endfacet
  facet normal 0.194964 -0.98081 0
    outer loop
      vertex 46.4471 -105.204 0.8
      vertex 47.2168 -105.051 2.5
      vertex 46.4471 -105.204 2.5
    endloop
  endfacet
  facet normal 0.194964 -0.98081 0
    outer loop
      vertex 47.2168 -105.051 2.5
      vertex 46.4471 -105.204 0.8
      vertex 47.2168 -105.051 0.8
    endloop
  endfacet
  facet normal -0.831599 -0.555376 0
    outer loop
      vertex 53.1962 -108 0.8
      vertex 52.7601 -107.347 2.5
      vertex 52.7601 -107.347 0.8
    endloop
  endfacet
  facet normal -0.831599 -0.555376 0
    outer loop
      vertex 52.7601 -107.347 2.5
      vertex 53.1962 -108 0.8
      vertex 53.1962 -108 2.5
    endloop
  endfacet
  facet normal -0.0649798 0.997887 0
    outer loop
      vertex 48.7832 -116.949 0.8
      vertex 48 -117 2.5
      vertex 48.7832 -116.949 2.5
    endloop
  endfacet
  facet normal -0.0649798 0.997887 0
    outer loop
      vertex 48 -117 2.5
      vertex 48.7832 -116.949 0.8
      vertex 48 -117 0.8
    endloop
  endfacet
  facet normal -0.194964 0.98081 0
    outer loop
      vertex 49.5529 -116.796 0.8
      vertex 48.7832 -116.949 2.5
      vertex 49.5529 -116.796 2.5
    endloop
  endfacet
  facet normal -0.194964 0.98081 0
    outer loop
      vertex 48.7832 -116.949 2.5
      vertex 49.5529 -116.796 0.8
      vertex 48.7832 -116.949 0.8
    endloop
  endfacet
  facet normal 0.997861 -0.0653771 0
    outer loop
      vertex 42 -111 2.5
      vertex 42.0513 -110.217 0.8
      vertex 42.0513 -110.217 2.5
    endloop
  endfacet
  facet normal 0.997861 -0.0653771 0
    outer loop
      vertex 42.0513 -110.217 0.8
      vertex 42 -111 2.5
      vertex 42 -111 0.8
    endloop
  endfacet
  facet normal 0.997861 0.0653771 0
    outer loop
      vertex 42.0513 -111.783 2.5
      vertex 42 -111 0.8
      vertex 42 -111 2.5
    endloop
  endfacet
  facet normal 0.997861 0.0653771 0
    outer loop
      vertex 42 -111 0.8
      vertex 42.0513 -111.783 2.5
      vertex 42.0513 -111.783 0.8
    endloop
  endfacet
  facet normal 0.659046 0.752103 -0
    outer loop
      vertex 44.3474 -115.76 0.8
      vertex 43.7574 -115.243 2.5
      vertex 44.3474 -115.76 2.5
    endloop
  endfacet
  facet normal 0.659046 0.752103 0
    outer loop
      vertex 43.7574 -115.243 2.5
      vertex 44.3474 -115.76 0.8
      vertex 43.7574 -115.243 0.8
    endloop
  endfacet
  facet normal -0.526045 -0.480956 -0.701397
    outer loop
      vertex 52.7601 -107.347 0.8
      vertex 53.3806 -106.859 0
      vertex 53.387 -106.866 0
    endloop
  endfacet
  facet normal -0.535504 -0.4697 -0.701867
    outer loop
      vertex 53.3806 -106.859 0
      vertex 52.7601 -107.347 0.8
      vertex 52.2426 -106.757 0.8
    endloop
  endfacet
  facet normal -0.710725 0.0465173 -0.70193
    outer loop
      vertex 54.7901 -111 0
      vertex 54.7327 -111.877 0
      vertex 54 -111 0.8
    endloop
  endfacet
  facet normal -0.710698 0.046563 -0.701955
    outer loop
      vertex 54.7327 -111.877 0
      vertex 53.9487 -111.783 0.8
      vertex 54 -111 0.8
    endloop
  endfacet
  facet normal -0.709873 0.0552123 -0.702163
    outer loop
      vertex 53.9487 -111.783 0.8
      vertex 54.7327 -111.877 0
      vertex 54.732 -111.886 0
    endloop
  endfacet
  facet normal -0.678084 -0.216987 -0.702224
    outer loop
      vertex 53.7956 -109.447 0.8
      vertex 54.5556 -109.233 0
      vertex 54.5588 -109.243 0
    endloop
  endfacet
  facet normal -0.674408 -0.229008 -0.701947
    outer loop
      vertex 54.5556 -109.233 0
      vertex 53.7956 -109.447 0.8
      vertex 53.5433 -108.704 0.8
    endloop
  endfacet
  facet normal 0.535504 -0.4697 -0.701867
    outer loop
      vertex 43.2399 -107.347 0.8
      vertex 42.6194 -106.859 0
      vertex 43.7574 -106.757 0.8
    endloop
  endfacet
  facet normal 0.526045 -0.480956 -0.701397
    outer loop
      vertex 42.6194 -106.859 0
      vertex 43.2399 -107.347 0.8
      vertex 42.613 -106.866 0
    endloop
  endfacet
  facet normal 0.535437 -0.469968 -0.701739
    outer loop
      vertex 43.1987 -106.199 0
      vertex 43.7574 -106.757 0.8
      vertex 42.6194 -106.859 0
    endloop
  endfacet
  facet normal 0.674423 -0.229109 -0.701899
    outer loop
      vertex 41.7267 -108.402 0
      vertex 42.4567 -108.704 0.8
      vertex 41.4444 -109.233 0
    endloop
  endfacet
  facet normal -0.470142 -0.535313 -0.701717
    outer loop
      vertex 52.8013 -106.199 0
      vertex 52.2426 -106.757 0.8
      vertex 52.1409 -105.619 0
    endloop
  endfacet
  facet normal 0.0462947 -0.710941 -0.701727
    outer loop
      vertex 47.9903 -104.211 0
      vertex 48 -105 0.8
      vertex 47.2168 -105.051 0.8
    endloop
  endfacet
  facet normal 0.0731581 -0.709633 -0.700763
    outer loop
      vertex 48 -105 0.8
      vertex 47.9903 -104.211 0
      vertex 48 -104.21 0
    endloop
  endfacet
  facet normal 0.451859 -0.549762 -0.702556
    outer loop
      vertex 44.3474 -106.24 0.8
      vertex 43.8591 -105.619 0
      vertex 43.8664 -105.613 0
    endloop
  endfacet
  facet normal 0.469269 -0.53553 -0.702135
    outer loop
      vertex 43.8591 -105.619 0
      vertex 44.3474 -106.24 0.8
      vertex 43.7574 -106.757 0.8
    endloop
  endfacet
  facet normal -0.638843 -0.315044 -0.701874
    outer loop
      vertex 53.8847 -107.614 0
      vertex 54.2733 -108.402 0
      vertex 53.5433 -108.704 0.8
    endloop
  endfacet
  facet normal -0.592359 -0.395446 -0.701949
    outer loop
      vertex 53.387 -106.866 0
      vertex 53.875 -107.597 0
      vertex 52.7601 -107.347 0.8
    endloop
  endfacet
  facet normal 0.592343 -0.395591 -0.701882
    outer loop
      vertex 42.8038 -108 0.8
      vertex 42.125 -107.597 0
      vertex 43.2399 -107.347 0.8
    endloop
  endfacet
  facet normal 0.590463 -0.398563 -0.701784
    outer loop
      vertex 42.125 -107.597 0
      vertex 42.8038 -108 0.8
      vertex 42.1196 -107.605 0
    endloop
  endfacet
  facet normal -0.470142 0.535313 -0.701717
    outer loop
      vertex 52.2426 -115.243 0.8
      vertex 52.8013 -115.801 0
      vertex 52.1409 -116.381 0
    endloop
  endfacet
  facet normal 0.698599 -0.138909 -0.7019
    outer loop
      vertex 41.4394 -109.252 0
      vertex 42.0513 -110.217 0.8
      vertex 41.268 -110.114 0
    endloop
  endfacet
  facet normal 0.0462177 0.71078 -0.701895
    outer loop
      vertex 48 -117 0.8
      vertex 48 -117.79 0
      vertex 47.1234 -117.733 0
    endloop
  endfacet
  facet normal -0.146698 -0.696816 -0.702088
    outer loop
      vertex 49.5529 -105.204 0.8
      vertex 49.7479 -104.439 0
      vertex 49.7574 -104.441 0
    endloop
  endfacet
  facet normal -0.138869 -0.698611 -0.701896
    outer loop
      vertex 49.7479 -104.439 0
      vertex 49.5529 -105.204 0.8
      vertex 48.7832 -105.051 0.8
    endloop
  endfacet
  facet normal 0.220757 -0.676987 -0.702107
    outer loop
      vertex 46.4471 -105.204 0.8
      vertex 46.2334 -104.444 0
      vertex 46.2426 -104.441 0
    endloop
  endfacet
  facet normal 0.229541 -0.674287 -0.701889
    outer loop
      vertex 46.2334 -104.444 0
      vertex 46.4471 -105.204 0.8
      vertex 45.7039 -105.457 0.8
    endloop
  endfacet
  facet normal -0.0462177 0.71078 -0.701895
    outer loop
      vertex 48.8766 -117.733 0
      vertex 48 -117.79 0
      vertex 48 -117 0.8
    endloop
  endfacet
  facet normal 0.674408 -0.229008 -0.701947
    outer loop
      vertex 42.2044 -109.447 0.8
      vertex 41.4444 -109.233 0
      vertex 42.4567 -108.704 0.8
    endloop
  endfacet
  facet normal 0.678084 -0.216987 -0.702224
    outer loop
      vertex 41.4444 -109.233 0
      vertex 42.2044 -109.447 0.8
      vertex 41.4412 -109.243 0
    endloop
  endfacet
  facet normal -0.469269 -0.53553 -0.702135
    outer loop
      vertex 51.6526 -106.24 0.8
      vertex 52.1409 -105.619 0
      vertex 52.2426 -106.757 0.8
    endloop
  endfacet
  facet normal -0.451859 -0.549762 -0.702556
    outer loop
      vertex 52.1409 -105.619 0
      vertex 51.6526 -106.24 0.8
      vertex 52.1336 -105.613 0
    endloop
  endfacet
  facet normal -0.674423 -0.229109 -0.701899
    outer loop
      vertex 54.2733 -108.402 0
      vertex 54.5556 -109.233 0
      vertex 53.5433 -108.704 0.8
    endloop
  endfacet
  facet normal 0.592359 -0.395446 -0.701949
    outer loop
      vertex 42.613 -106.866 0
      vertex 43.2399 -107.347 0.8
      vertex 42.125 -107.597 0
    endloop
  endfacet
  facet normal -0.395726 -0.592292 -0.701849
    outer loop
      vertex 51.3951 -105.12 0
      vertex 52.1255 -105.608 0
      vertex 51 -105.804 0.8
    endloop
  endfacet
  facet normal -0.0462262 -0.710911 -0.701761
    outer loop
      vertex 48.8863 -104.268 0
      vertex 48.7832 -105.051 0.8
      vertex 48.0097 -104.211 0
    endloop
  endfacet
  facet normal -0.674423 0.229109 -0.701899
    outer loop
      vertex 54.5556 -112.767 0
      vertex 54.2733 -113.598 0
      vertex 53.5433 -113.296 0.8
    endloop
  endfacet
  facet normal -0.374641 -0.606918 -0.700925
    outer loop
      vertex 51.6526 -106.24 0.8
      vertex 52.1255 -105.608 0
      vertex 52.1336 -105.613 0
    endloop
  endfacet
  facet normal -0.395718 -0.592306 -0.701841
    outer loop
      vertex 52.1255 -105.608 0
      vertex 51.6526 -106.24 0.8
      vertex 51 -105.804 0.8
    endloop
  endfacet
  facet normal -0.138682 -0.69876 -0.701784
    outer loop
      vertex 48.8863 -104.268 0
      vertex 49.7479 -104.439 0
      vertex 48.7832 -105.051 0.8
    endloop
  endfacet
  facet normal 0.314644 -0.638938 -0.701967
    outer loop
      vertex 45.4015 -104.727 0
      vertex 45.7039 -105.457 0.8
      vertex 44.6136 -105.115 0
    endloop
  endfacet
  facet normal -0.315348 -0.638721 -0.701849
    outer loop
      vertex 51.3951 -105.12 0
      vertex 51 -105.804 0.8
      vertex 50.6072 -104.731 0
    endloop
  endfacet
  facet normal -0.638899 -0.315003 -0.701841
    outer loop
      vertex 53.1962 -108 0.8
      vertex 53.8847 -107.614 0
      vertex 53.5433 -108.704 0.8
    endloop
  endfacet
  facet normal -0.642972 -0.307198 -0.701581
    outer loop
      vertex 53.8847 -107.614 0
      vertex 53.1962 -108 0.8
      vertex 53.8804 -107.605 0
    endloop
  endfacet
  facet normal 0.470142 0.535313 -0.701717
    outer loop
      vertex 43.7574 -115.243 0.8
      vertex 43.8591 -116.381 0
      vertex 43.1987 -115.801 0
    endloop
  endfacet
  facet normal -0.535437 -0.469968 -0.701739
    outer loop
      vertex 52.8013 -106.199 0
      vertex 53.3806 -106.859 0
      vertex 52.2426 -106.757 0.8
    endloop
  endfacet
  facet normal 0.710699 -0.0465631 -0.701953
    outer loop
      vertex 42 -111 0.8
      vertex 41.2105 -110.99 0
      vertex 42.0513 -110.217 0.8
    endloop
  endfacet
  facet normal 0.710848 -0.0426509 -0.702051
    outer loop
      vertex 41.2105 -110.99 0
      vertex 42 -111 0.8
      vertex 41.2099 -111 0
    endloop
  endfacet
  facet normal -0.698599 -0.138909 -0.7019
    outer loop
      vertex 54.5606 -109.252 0
      vertex 54.732 -110.114 0
      vertex 53.9487 -110.217 0.8
    endloop
  endfacet
  facet normal -0.709873 -0.0552123 -0.702163
    outer loop
      vertex 54.7327 -110.123 0
      vertex 53.9487 -110.217 0.8
      vertex 54.732 -110.114 0
    endloop
  endfacet
  facet normal -0.710698 -0.046563 -0.701955
    outer loop
      vertex 53.9487 -110.217 0.8
      vertex 54.7327 -110.123 0
      vertex 54 -111 0.8
    endloop
  endfacet
  facet normal -0.710725 -0.0465173 -0.70193
    outer loop
      vertex 54.7327 -110.123 0
      vertex 54.7901 -111 0
      vertex 54 -111 0.8
    endloop
  endfacet
  facet normal -0.314864 -0.638712 -0.702074
    outer loop
      vertex 50.2961 -105.457 0.8
      vertex 50.6072 -104.731 0
      vertex 51 -105.804 0.8
    endloop
  endfacet
  facet normal -0.297312 -0.646654 -0.702456
    outer loop
      vertex 50.6072 -104.731 0
      vertex 50.2961 -105.457 0.8
      vertex 50.5985 -104.727 0
    endloop
  endfacet
  facet normal -0.229374 -0.674262 -0.701967
    outer loop
      vertex 50.5985 -104.727 0
      vertex 50.2961 -105.457 0.8
      vertex 49.7666 -104.444 0
    endloop
  endfacet
  facet normal 0.138869 -0.698611 -0.701896
    outer loop
      vertex 46.4471 -105.204 0.8
      vertex 46.2521 -104.439 0
      vertex 47.2168 -105.051 0.8
    endloop
  endfacet
  facet normal 0.146698 -0.696816 -0.702088
    outer loop
      vertex 46.2521 -104.439 0
      vertex 46.4471 -105.204 0.8
      vertex 46.2426 -104.441 0
    endloop
  endfacet
  facet normal 0.470142 -0.535313 -0.701717
    outer loop
      vertex 43.8591 -105.619 0
      vertex 43.7574 -106.757 0.8
      vertex 43.1987 -106.199 0
    endloop
  endfacet
  facet normal 0.138869 0.698611 -0.701896
    outer loop
      vertex 46.2521 -117.561 0
      vertex 46.4471 -116.796 0.8
      vertex 47.2168 -116.949 0.8
    endloop
  endfacet
  facet normal 0.146698 0.696816 -0.702088
    outer loop
      vertex 46.4471 -116.796 0.8
      vertex 46.2521 -117.561 0
      vertex 46.2426 -117.559 0
    endloop
  endfacet
  facet normal 0.535437 0.469968 -0.701739
    outer loop
      vertex 43.7574 -115.243 0.8
      vertex 43.1987 -115.801 0
      vertex 42.6194 -115.141 0
    endloop
  endfacet
  facet normal -0.220757 0.676987 -0.702107
    outer loop
      vertex 49.5529 -116.796 0.8
      vertex 49.7666 -117.556 0
      vertex 49.7574 -117.559 0
    endloop
  endfacet
  facet normal -0.229541 0.674287 -0.701889
    outer loop
      vertex 49.7666 -117.556 0
      vertex 49.5529 -116.796 0.8
      vertex 50.2961 -116.543 0.8
    endloop
  endfacet
  facet normal -0.698603 -0.138904 -0.701897
    outer loop
      vertex 53.7956 -109.447 0.8
      vertex 54.5606 -109.252 0
      vertex 53.9487 -110.217 0.8
    endloop
  endfacet
  facet normal -0.698426 -0.139685 -0.701918
    outer loop
      vertex 54.5606 -109.252 0
      vertex 53.7956 -109.447 0.8
      vertex 54.5588 -109.243 0
    endloop
  endfacet
  facet normal 0.138682 -0.69876 -0.701784
    outer loop
      vertex 47.1137 -104.268 0
      vertex 47.2168 -105.051 0.8
      vertex 46.2521 -104.439 0
    endloop
  endfacet
  facet normal 0.395609 0.592197 -0.701994
    outer loop
      vertex 44.3474 -115.76 0.8
      vertex 44.5969 -116.875 0
      vertex 43.8664 -116.387 0
    endloop
  endfacet
  facet normal -0.642477 0.306961 -0.702138
    outer loop
      vertex 54.269 -113.607 0
      vertex 53.5433 -113.296 0.8
      vertex 54.2733 -113.598 0
    endloop
  endfacet
  facet normal -0.63882 0.314963 -0.701931
    outer loop
      vertex 53.5433 -113.296 0.8
      vertex 54.269 -113.607 0
      vertex 53.1962 -114 0.8
    endloop
  endfacet
  facet normal 0.638899 -0.315003 -0.701841
    outer loop
      vertex 42.1153 -107.614 0
      vertex 42.8038 -108 0.8
      vertex 42.4567 -108.704 0.8
    endloop
  endfacet
  facet normal 0.642972 -0.307198 -0.701581
    outer loop
      vertex 42.8038 -108 0.8
      vertex 42.1153 -107.614 0
      vertex 42.1196 -107.605 0
    endloop
  endfacet
  facet normal -0.535437 0.469968 -0.701739
    outer loop
      vertex 53.3806 -115.141 0
      vertex 52.8013 -115.801 0
      vertex 52.2426 -115.243 0.8
    endloop
  endfacet
  facet normal 0.138682 0.69876 -0.701784
    outer loop
      vertex 47.2168 -116.949 0.8
      vertex 47.1137 -117.732 0
      vertex 46.2521 -117.561 0
    endloop
  endfacet
  facet normal 0.535504 0.4697 -0.701867
    outer loop
      vertex 42.6194 -115.141 0
      vertex 43.2399 -114.653 0.8
      vertex 43.7574 -115.243 0.8
    endloop
  endfacet
  facet normal 0.526045 0.480956 -0.701397
    outer loop
      vertex 43.2399 -114.653 0.8
      vertex 42.6194 -115.141 0
      vertex 42.613 -115.134 0
    endloop
  endfacet
  facet normal 0.314843 -0.638669 -0.702123
    outer loop
      vertex 45 -105.804 0.8
      vertex 44.6136 -105.115 0
      vertex 45.7039 -105.457 0.8
    endloop
  endfacet
  facet normal 0.354569 -0.61695 -0.702605
    outer loop
      vertex 44.6136 -105.115 0
      vertex 45 -105.804 0.8
      vertex 44.6049 -105.12 0
    endloop
  endfacet
  facet normal -0.374641 0.606918 -0.700925
    outer loop
      vertex 52.1255 -116.392 0
      vertex 51.6526 -115.76 0.8
      vertex 52.1336 -116.387 0
    endloop
  endfacet
  facet normal -0.395718 0.592306 -0.701841
    outer loop
      vertex 51.6526 -115.76 0.8
      vertex 52.1255 -116.392 0
      vertex 51 -116.196 0.8
    endloop
  endfacet
  facet normal -0.395726 0.592292 -0.701849
    outer loop
      vertex 52.1255 -116.392 0
      vertex 51.3951 -116.88 0
      vertex 51 -116.196 0.8
    endloop
  endfacet
  facet normal 0.592358 0.395526 -0.701905
    outer loop
      vertex 42.8038 -114 0.8
      vertex 42.6077 -115.126 0
      vertex 42.1196 -114.395 0
    endloop
  endfacet
  facet normal 0.638843 -0.315044 -0.701874
    outer loop
      vertex 42.1153 -107.614 0
      vertex 42.4567 -108.704 0.8
      vertex 41.7267 -108.402 0
    endloop
  endfacet
  facet normal 0.314843 0.638669 -0.702123
    outer loop
      vertex 44.6136 -116.885 0
      vertex 45 -116.196 0.8
      vertex 45.7039 -116.543 0.8
    endloop
  endfacet
  facet normal 0.354569 0.61695 -0.702605
    outer loop
      vertex 45 -116.196 0.8
      vertex 44.6136 -116.885 0
      vertex 44.6049 -116.88 0
    endloop
  endfacet
  facet normal -0.590463 -0.398563 -0.701784
    outer loop
      vertex 53.1962 -108 0.8
      vertex 53.875 -107.597 0
      vertex 53.8804 -107.605 0
    endloop
  endfacet
  facet normal -0.592343 -0.395591 -0.701882
    outer loop
      vertex 53.875 -107.597 0
      vertex 53.1962 -108 0.8
      vertex 52.7601 -107.347 0.8
    endloop
  endfacet
  facet normal -0.229541 -0.674287 -0.701889
    outer loop
      vertex 49.5529 -105.204 0.8
      vertex 49.7666 -104.444 0
      vertex 50.2961 -105.457 0.8
    endloop
  endfacet
  facet normal -0.220757 -0.676987 -0.702107
    outer loop
      vertex 49.7666 -104.444 0
      vertex 49.5529 -105.204 0.8
      vertex 49.7574 -104.441 0
    endloop
  endfacet
  facet normal -0.229374 0.674262 -0.701967
    outer loop
      vertex 50.2961 -116.543 0.8
      vertex 50.5985 -117.273 0
      vertex 49.7666 -117.556 0
    endloop
  endfacet
  facet normal -0.146698 0.696816 -0.702088
    outer loop
      vertex 49.7479 -117.561 0
      vertex 49.5529 -116.796 0.8
      vertex 49.7574 -117.559 0
    endloop
  endfacet
  facet normal -0.138869 0.698611 -0.701896
    outer loop
      vertex 49.5529 -116.796 0.8
      vertex 49.7479 -117.561 0
      vertex 48.7832 -116.949 0.8
    endloop
  endfacet
  facet normal 0.229374 -0.674262 -0.701967
    outer loop
      vertex 46.2334 -104.444 0
      vertex 45.7039 -105.457 0.8
      vertex 45.4015 -104.727 0
    endloop
  endfacet
  facet normal 0.593818 0.393404 -0.701865
    outer loop
      vertex 42.6077 -115.126 0
      vertex 43.2399 -114.653 0.8
      vertex 42.613 -115.134 0
    endloop
  endfacet
  facet normal 0.592297 0.39556 -0.701938
    outer loop
      vertex 43.2399 -114.653 0.8
      vertex 42.6077 -115.126 0
      vertex 42.8038 -114 0.8
    endloop
  endfacet
  facet normal 0.314644 0.638938 -0.701967
    outer loop
      vertex 45.7039 -116.543 0.8
      vertex 45.4015 -117.273 0
      vertex 44.6136 -116.885 0
    endloop
  endfacet
  facet normal 0.698603 -0.138904 -0.701897
    outer loop
      vertex 41.4394 -109.252 0
      vertex 42.2044 -109.447 0.8
      vertex 42.0513 -110.217 0.8
    endloop
  endfacet
  facet normal 0.698426 -0.139685 -0.701918
    outer loop
      vertex 42.2044 -109.447 0.8
      vertex 41.4394 -109.252 0
      vertex 41.4412 -109.243 0
    endloop
  endfacet
  facet normal -0.0731581 -0.709633 -0.700763
    outer loop
      vertex 48.0097 -104.211 0
      vertex 48 -105 0.8
      vertex 48 -104.21 0
    endloop
  endfacet
  facet normal -0.0462947 -0.710941 -0.701727
    outer loop
      vertex 48 -105 0.8
      vertex 48.0097 -104.211 0
      vertex 48.7832 -105.051 0.8
    endloop
  endfacet
  facet normal 0.710738 -0.0466523 -0.701908
    outer loop
      vertex 41.268 -110.114 0
      vertex 42.0513 -110.217 0.8
      vertex 41.2105 -110.99 0
    endloop
  endfacet
  facet normal 0.395609 -0.592197 -0.701994
    outer loop
      vertex 44.5969 -105.125 0
      vertex 44.3474 -106.24 0.8
      vertex 43.8664 -105.613 0
    endloop
  endfacet
  facet normal -0.451859 0.549762 -0.702556
    outer loop
      vertex 51.6526 -115.76 0.8
      vertex 52.1409 -116.381 0
      vertex 52.1336 -116.387 0
    endloop
  endfacet
  facet normal -0.469269 0.53553 -0.702135
    outer loop
      vertex 52.1409 -116.381 0
      vertex 51.6526 -115.76 0.8
      vertex 52.2426 -115.243 0.8
    endloop
  endfacet
  facet normal 0.377249 0.603598 -0.70239
    outer loop
      vertex 44.5969 -116.875 0
      vertex 45 -116.196 0.8
      vertex 44.6049 -116.88 0
    endloop
  endfacet
  facet normal 0.395643 0.592193 -0.701979
    outer loop
      vertex 45 -116.196 0.8
      vertex 44.5969 -116.875 0
      vertex 44.3474 -115.76 0.8
    endloop
  endfacet
  facet normal 0.229374 0.674262 -0.701967
    outer loop
      vertex 45.7039 -116.543 0.8
      vertex 46.2334 -117.556 0
      vertex 45.4015 -117.273 0
    endloop
  endfacet
  facet normal 0.0462262 -0.710911 -0.701761
    outer loop
      vertex 47.9903 -104.211 0
      vertex 47.2168 -105.051 0.8
      vertex 47.1137 -104.268 0
    endloop
  endfacet
  facet normal 0.0462817 0.710741 -0.70193
    outer loop
      vertex 47.1234 -117.733 0
      vertex 47.2168 -116.949 0.8
      vertex 48 -117 0.8
    endloop
  endfacet
  facet normal 0.0729932 0.708034 -0.702396
    outer loop
      vertex 47.2168 -116.949 0.8
      vertex 47.1234 -117.733 0
      vertex 47.1137 -117.732 0
    endloop
  endfacet
  facet normal -0.592358 0.395526 -0.701905
    outer loop
      vertex 53.8804 -114.395 0
      vertex 53.3923 -115.126 0
      vertex 53.1962 -114 0.8
    endloop
  endfacet
  facet normal 0.220757 0.676987 -0.702107
    outer loop
      vertex 46.2334 -117.556 0
      vertex 46.4471 -116.796 0.8
      vertex 46.2426 -117.559 0
    endloop
  endfacet
  facet normal 0.229541 0.674287 -0.701889
    outer loop
      vertex 46.4471 -116.796 0.8
      vertex 46.2334 -117.556 0
      vertex 45.7039 -116.543 0.8
    endloop
  endfacet
  facet normal 0.638821 0.315033 -0.701899
    outer loop
      vertex 42.8038 -114 0.8
      vertex 42.1196 -114.395 0
      vertex 41.731 -113.607 0
    endloop
  endfacet
  facet normal 0.377249 -0.603598 -0.70239
    outer loop
      vertex 45 -105.804 0.8
      vertex 44.5969 -105.125 0
      vertex 44.6049 -105.12 0
    endloop
  endfacet
  facet normal 0.395643 -0.592193 -0.701979
    outer loop
      vertex 44.5969 -105.125 0
      vertex 45 -105.804 0.8
      vertex 44.3474 -106.24 0.8
    endloop
  endfacet
  facet normal 0.674408 0.229008 -0.701947
    outer loop
      vertex 41.4444 -112.767 0
      vertex 42.2044 -112.553 0.8
      vertex 42.4567 -113.296 0.8
    endloop
  endfacet
  facet normal 0.678084 0.216987 -0.702224
    outer loop
      vertex 42.2044 -112.553 0.8
      vertex 41.4444 -112.767 0
      vertex 41.4412 -112.757 0
    endloop
  endfacet
  facet normal 0.451859 0.549762 -0.702556
    outer loop
      vertex 43.8591 -116.381 0
      vertex 44.3474 -115.76 0.8
      vertex 43.8664 -116.387 0
    endloop
  endfacet
  facet normal 0.469269 0.53553 -0.702135
    outer loop
      vertex 44.3474 -115.76 0.8
      vertex 43.8591 -116.381 0
      vertex 43.7574 -115.243 0.8
    endloop
  endfacet
  facet normal 0.710848 0.0426509 -0.702051
    outer loop
      vertex 42 -111 0.8
      vertex 41.2105 -111.01 0
      vertex 41.2099 -111 0
    endloop
  endfacet
  facet normal 0.710699 0.0465631 -0.701953
    outer loop
      vertex 41.2105 -111.01 0
      vertex 42 -111 0.8
      vertex 42.0513 -111.783 0.8
    endloop
  endfacet
  facet normal -0.698599 0.138909 -0.7019
    outer loop
      vertex 54.732 -111.886 0
      vertex 54.5606 -112.748 0
      vertex 53.9487 -111.783 0.8
    endloop
  endfacet
  facet normal 0.63882 0.314963 -0.701931
    outer loop
      vertex 41.731 -113.607 0
      vertex 42.4567 -113.296 0.8
      vertex 42.8038 -114 0.8
    endloop
  endfacet
  facet normal 0.642477 0.306961 -0.702138
    outer loop
      vertex 42.4567 -113.296 0.8
      vertex 41.731 -113.607 0
      vertex 41.7267 -113.598 0
    endloop
  endfacet
  facet normal -0.638821 0.315033 -0.701899
    outer loop
      vertex 54.269 -113.607 0
      vertex 53.8804 -114.395 0
      vertex 53.1962 -114 0.8
    endloop
  endfacet
  facet normal 0.674423 0.229109 -0.701899
    outer loop
      vertex 42.4567 -113.296 0.8
      vertex 41.7267 -113.598 0
      vertex 41.4444 -112.767 0
    endloop
  endfacet
  facet normal -0.0729932 0.708034 -0.702396
    outer loop
      vertex 48.8766 -117.733 0
      vertex 48.7832 -116.949 0.8
      vertex 48.8863 -117.732 0
    endloop
  endfacet
  facet normal -0.0462817 0.710741 -0.70193
    outer loop
      vertex 48.7832 -116.949 0.8
      vertex 48.8766 -117.733 0
      vertex 48 -117 0.8
    endloop
  endfacet
  facet normal -0.315348 0.638721 -0.701849
    outer loop
      vertex 51 -116.196 0.8
      vertex 51.3951 -116.88 0
      vertex 50.6072 -117.269 0
    endloop
  endfacet
  facet normal 0.698426 0.139685 -0.701918
    outer loop
      vertex 41.4394 -112.748 0
      vertex 42.2044 -112.553 0.8
      vertex 41.4412 -112.757 0
    endloop
  endfacet
  facet normal 0.698603 0.138904 -0.701897
    outer loop
      vertex 42.2044 -112.553 0.8
      vertex 41.4394 -112.748 0
      vertex 42.0513 -111.783 0.8
    endloop
  endfacet
  facet normal -0.138682 0.69876 -0.701784
    outer loop
      vertex 49.7479 -117.561 0
      vertex 48.8863 -117.732 0
      vertex 48.7832 -116.949 0.8
    endloop
  endfacet
  facet normal 0.698599 0.138909 -0.7019
    outer loop
      vertex 42.0513 -111.783 0.8
      vertex 41.4394 -112.748 0
      vertex 41.268 -111.886 0
    endloop
  endfacet
  facet normal 0.710738 0.0466523 -0.701908
    outer loop
      vertex 42.0513 -111.783 0.8
      vertex 41.268 -111.886 0
      vertex 41.2105 -111.01 0
    endloop
  endfacet
  facet normal -0.526045 0.480956 -0.701397
    outer loop
      vertex 53.3806 -115.141 0
      vertex 52.7601 -114.653 0.8
      vertex 53.387 -115.134 0
    endloop
  endfacet
  facet normal -0.535504 0.4697 -0.701867
    outer loop
      vertex 52.7601 -114.653 0.8
      vertex 53.3806 -115.141 0
      vertex 52.2426 -115.243 0.8
    endloop
  endfacet
  facet normal -0.593818 0.393404 -0.701865
    outer loop
      vertex 52.7601 -114.653 0.8
      vertex 53.3923 -115.126 0
      vertex 53.387 -115.134 0
    endloop
  endfacet
  facet normal -0.592297 0.39556 -0.701938
    outer loop
      vertex 53.3923 -115.126 0
      vertex 52.7601 -114.653 0.8
      vertex 53.1962 -114 0.8
    endloop
  endfacet
  facet normal -0.297312 0.646654 -0.702456
    outer loop
      vertex 50.2961 -116.543 0.8
      vertex 50.6072 -117.269 0
      vertex 50.5985 -117.273 0
    endloop
  endfacet
  facet normal -0.314864 0.638712 -0.702074
    outer loop
      vertex 50.6072 -117.269 0
      vertex 50.2961 -116.543 0.8
      vertex 51 -116.196 0.8
    endloop
  endfacet
  facet normal -0.678084 0.216987 -0.702224
    outer loop
      vertex 54.5556 -112.767 0
      vertex 53.7956 -112.553 0.8
      vertex 54.5588 -112.757 0
    endloop
  endfacet
  facet normal -0.674408 0.229008 -0.701947
    outer loop
      vertex 53.7956 -112.553 0.8
      vertex 54.5556 -112.767 0
      vertex 53.5433 -113.296 0.8
    endloop
  endfacet
  facet normal -0.698426 0.139685 -0.701918
    outer loop
      vertex 53.7956 -112.553 0.8
      vertex 54.5606 -112.748 0
      vertex 54.5588 -112.757 0
    endloop
  endfacet
  facet normal -0.698603 0.138904 -0.701897
    outer loop
      vertex 54.5606 -112.748 0
      vertex 53.7956 -112.553 0.8
      vertex 53.9487 -111.783 0.8
    endloop
  endfacet
  facet normal -0.752473 -0.658623 0
    outer loop
      vertex 35.5555 -120.445 2.5
      vertex 35.3183 -120.174 10
      vertex 35.3183 -120.174 2.5
    endloop
  endfacet
  facet normal -0.752473 -0.658623 0
    outer loop
      vertex 35.3183 -120.174 10
      vertex 35.5555 -120.445 2.5
      vertex 35.5555 -120.445 10
    endloop
  endfacet
  facet normal 0.980794 -0.195047 0
    outer loop
      vertex 40.1563 -119.212 10
      vertex 40.2265 -118.859 2.5
      vertex 40.2265 -118.859 10
    endloop
  endfacet
  facet normal 0.980794 -0.195047 0
    outer loop
      vertex 40.2265 -118.859 2.5
      vertex 40.1563 -119.212 10
      vertex 40.1563 -119.212 2.5
    endloop
  endfacet
  facet normal 0.066722 0.997772 -0
    outer loop
      vertex 37.8589 -115.774 2.5
      vertex 37.5 -115.75 10
      vertex 37.8589 -115.774 10
    endloop
  endfacet
  facet normal 0.066722 0.997772 0
    outer loop
      vertex 37.5 -115.75 10
      vertex 37.8589 -115.774 2.5
      vertex 37.5 -115.75 2.5
    endloop
  endfacet
  facet normal -0.946773 -0.321903 0
    outer loop
      vertex 34.9593 -119.552 2.5
      vertex 34.8437 -119.212 10
      vertex 34.8437 -119.212 2.5
    endloop
  endfacet
  facet normal -0.946773 -0.321903 0
    outer loop
      vertex 34.8437 -119.212 10
      vertex 34.9593 -119.552 2.5
      vertex 34.9593 -119.552 10
    endloop
  endfacet
  facet normal 0.831322 -0.55579 0
    outer loop
      vertex 39.6817 -120.174 10
      vertex 39.8816 -119.875 2.5
      vertex 39.8816 -119.875 10
    endloop
  endfacet
  facet normal 0.831322 -0.55579 0
    outer loop
      vertex 39.8816 -119.875 2.5
      vertex 39.6817 -120.174 10
      vertex 39.6817 -120.174 2.5
    endloop
  endfacet
  facet normal -0.194566 -0.980889 0
    outer loop
      vertex 36.7882 -121.156 2.5
      vertex 37.1411 -121.226 10
      vertex 36.7882 -121.156 10
    endloop
  endfacet
  facet normal -0.194566 -0.980889 -0
    outer loop
      vertex 37.1411 -121.226 10
      vertex 36.7882 -121.156 2.5
      vertex 37.1411 -121.226 2.5
    endloop
  endfacet
  facet normal 0.659134 0.752025 -0
    outer loop
      vertex 39.4445 -116.555 2.5
      vertex 39.1741 -116.318 10
      vertex 39.4445 -116.555 10
    endloop
  endfacet
  facet normal 0.659134 0.752025 0
    outer loop
      vertex 39.1741 -116.318 10
      vertex 39.4445 -116.555 2.5
      vertex 39.1741 -116.318 2.5
    endloop
  endfacet
  facet normal 0.997864 -0.0653198 0
    outer loop
      vertex 40.2265 -118.859 10
      vertex 40.25 -118.5 2.5
      vertex 40.25 -118.5 10
    endloop
  endfacet
  facet normal 0.997864 -0.0653198 0
    outer loop
      vertex 40.25 -118.5 2.5
      vertex 40.2265 -118.859 10
      vertex 40.2265 -118.859 2.5
    endloop
  endfacet
  facet normal -0.997864 -0.0653198 0
    outer loop
      vertex 34.7735 -118.859 2.5
      vertex 34.75 -118.5 10
      vertex 34.75 -118.5 2.5
    endloop
  endfacet
  facet normal -0.997864 -0.0653198 0
    outer loop
      vertex 34.75 -118.5 10
      vertex 34.7735 -118.859 2.5
      vertex 34.7735 -118.859 10
    endloop
  endfacet
  facet normal 0.752473 0.658623 0
    outer loop
      vertex 39.6817 -116.826 10
      vertex 39.4445 -116.555 2.5
      vertex 39.4445 -116.555 10
    endloop
  endfacet
  facet normal 0.752473 0.658623 0
    outer loop
      vertex 39.4445 -116.555 2.5
      vertex 39.6817 -116.826 10
      vertex 39.6817 -116.826 2.5
    endloop
  endfacet
  facet normal 0.946773 -0.321903 0
    outer loop
      vertex 40.0407 -119.552 10
      vertex 40.1563 -119.212 2.5
      vertex 40.1563 -119.212 10
    endloop
  endfacet
  facet normal 0.946773 -0.321903 0
    outer loop
      vertex 40.1563 -119.212 2.5
      vertex 40.0407 -119.552 10
      vertex 40.0407 -119.552 2.5
    endloop
  endfacet
  facet normal -0.319897 0.947452 0
    outer loop
      vertex 36.7882 -115.844 2.5
      vertex 36.4476 -115.959 10
      vertex 36.7882 -115.844 10
    endloop
  endfacet
  facet normal -0.319897 0.947452 0
    outer loop
      vertex 36.4476 -115.959 10
      vertex 36.7882 -115.844 2.5
      vertex 36.4476 -115.959 2.5
    endloop
  endfacet
  facet normal 0.555854 -0.83128 0
    outer loop
      vertex 38.875 -120.882 2.5
      vertex 39.1741 -120.682 10
      vertex 38.875 -120.882 10
    endloop
  endfacet
  facet normal 0.555854 -0.83128 0
    outer loop
      vertex 39.1741 -120.682 10
      vertex 38.875 -120.882 2.5
      vertex 39.1741 -120.682 2.5
    endloop
  endfacet
  facet normal -0.997864 0.0653198 0
    outer loop
      vertex 34.75 -118.5 2.5
      vertex 34.7735 -118.141 10
      vertex 34.7735 -118.141 2.5
    endloop
  endfacet
  facet normal -0.997864 0.0653198 0
    outer loop
      vertex 34.7735 -118.141 10
      vertex 34.75 -118.5 2.5
      vertex 34.75 -118.5 10
    endloop
  endfacet
  facet normal 0.194566 -0.980889 0
    outer loop
      vertex 37.8589 -121.226 2.5
      vertex 38.2118 -121.156 10
      vertex 37.8589 -121.226 10
    endloop
  endfacet
  facet normal 0.194566 -0.980889 0
    outer loop
      vertex 38.2118 -121.156 10
      vertex 37.8589 -121.226 2.5
      vertex 38.2118 -121.156 2.5
    endloop
  endfacet
  facet normal -0.946773 0.321903 0
    outer loop
      vertex 34.8437 -117.788 2.5
      vertex 34.9593 -117.448 10
      vertex 34.9593 -117.448 2.5
    endloop
  endfacet
  facet normal -0.946773 0.321903 0
    outer loop
      vertex 34.9593 -117.448 10
      vertex 34.8437 -117.788 2.5
      vertex 34.8437 -117.788 10
    endloop
  endfacet
  facet normal 0 0 1
    outer loop
      vertex 38.35 -118.5 10
      vertex 40.25 -118.5 10
      vertex 40.2265 -118.141 10
    endloop
  endfacet
  facet normal 0 0 1
    outer loop
      vertex 38.3427 -118.389 10
      vertex 40.2265 -118.141 10
      vertex 40.1563 -117.788 10
    endloop
  endfacet
  facet normal 0 0 1
    outer loop
      vertex 40.25 -118.5 10
      vertex 38.35 -118.5 10
      vertex 40.2265 -118.859 10
    endloop
  endfacet
  facet normal 0 0 1
    outer loop
      vertex 38.321 -118.28 10
      vertex 40.1563 -117.788 10
      vertex 40.0407 -117.448 10
    endloop
  endfacet
  facet normal -0 0 1
    outer loop
      vertex 38.3427 -118.611 10
      vertex 40.2265 -118.859 10
      vertex 38.35 -118.5 10
    endloop
  endfacet
  facet normal 0 0 1
    outer loop
      vertex 38.2853 -118.175 10
      vertex 40.0407 -117.448 10
      vertex 39.8816 -117.125 10
    endloop
  endfacet
  facet normal 0 0 1
    outer loop
      vertex 40.2265 -118.859 10
      vertex 38.3427 -118.611 10
      vertex 40.1563 -119.212 10
    endloop
  endfacet
  facet normal 0 0 1
    outer loop
      vertex 38.2361 -118.075 10
      vertex 39.8816 -117.125 10
      vertex 39.6817 -116.826 10
    endloop
  endfacet
  facet normal -0 0 1
    outer loop
      vertex 38.321 -118.72 10
      vertex 40.1563 -119.212 10
      vertex 38.3427 -118.611 10
    endloop
  endfacet
  facet normal 0 0 1
    outer loop
      vertex 38.1744 -117.983 10
      vertex 39.6817 -116.826 10
      vertex 39.4445 -116.555 10
    endloop
  endfacet
  facet normal 0 0 1
    outer loop
      vertex 40.1563 -119.212 10
      vertex 38.321 -118.72 10
      vertex 40.0407 -119.552 10
    endloop
  endfacet
  facet normal 0 0 1
    outer loop
      vertex 38.101 -117.899 10
      vertex 39.4445 -116.555 10
      vertex 39.1741 -116.318 10
    endloop
  endfacet
  facet normal -0 0 1
    outer loop
      vertex 38.2853 -118.825 10
      vertex 40.0407 -119.552 10
      vertex 38.321 -118.72 10
    endloop
  endfacet
  facet normal 0 0 1
    outer loop
      vertex 38.0174 -117.826 10
      vertex 39.1741 -116.318 10
      vertex 38.875 -116.118 10
    endloop
  endfacet
  facet normal 0 0 1
    outer loop
      vertex 40.0407 -119.552 10
      vertex 38.2853 -118.825 10
      vertex 39.8816 -119.875 10
    endloop
  endfacet
  facet normal 0 0 1
    outer loop
      vertex 37.925 -117.764 10
      vertex 38.875 -116.118 10
      vertex 38.5524 -115.959 10
    endloop
  endfacet
  facet normal -0 0 1
    outer loop
      vertex 38.2361 -118.925 10
      vertex 39.8816 -119.875 10
      vertex 38.2853 -118.825 10
    endloop
  endfacet
  facet normal 0 0 1
    outer loop
      vertex 39.8816 -119.875 10
      vertex 38.2361 -118.925 10
      vertex 39.6817 -120.174 10
    endloop
  endfacet
  facet normal 0 0 1
    outer loop
      vertex 40.2265 -118.141 10
      vertex 38.3427 -118.389 10
      vertex 38.35 -118.5 10
    endloop
  endfacet
  facet normal 0 0 1
    outer loop
      vertex 40.1563 -117.788 10
      vertex 38.321 -118.28 10
      vertex 38.3427 -118.389 10
    endloop
  endfacet
  facet normal 0 0 1
    outer loop
      vertex 40.0407 -117.448 10
      vertex 38.2853 -118.175 10
      vertex 38.321 -118.28 10
    endloop
  endfacet
  facet normal 0 0 1
    outer loop
      vertex 39.8816 -117.125 10
      vertex 38.2361 -118.075 10
      vertex 38.2853 -118.175 10
    endloop
  endfacet
  facet normal 0 0 1
    outer loop
      vertex 37.8253 -117.715 10
      vertex 38.5524 -115.959 10
      vertex 38.2118 -115.844 10
    endloop
  endfacet
  facet normal 0 0 1
    outer loop
      vertex 39.6817 -116.826 10
      vertex 38.1744 -117.983 10
      vertex 38.2361 -118.075 10
    endloop
  endfacet
  facet normal 0 0 1
    outer loop
      vertex 39.4445 -116.555 10
      vertex 38.101 -117.899 10
      vertex 38.1744 -117.983 10
    endloop
  endfacet
  facet normal 0 0 1
    outer loop
      vertex 39.1741 -116.318 10
      vertex 38.0174 -117.826 10
      vertex 38.101 -117.899 10
    endloop
  endfacet
  facet normal 0 0 1
    outer loop
      vertex 38.875 -116.118 10
      vertex 37.925 -117.764 10
      vertex 38.0174 -117.826 10
    endloop
  endfacet
  facet normal 0 0 1
    outer loop
      vertex 37.72 -117.679 10
      vertex 38.2118 -115.844 10
      vertex 37.8589 -115.774 10
    endloop
  endfacet
  facet normal 0 0 1
    outer loop
      vertex 38.5524 -115.959 10
      vertex 37.8253 -117.715 10
      vertex 37.925 -117.764 10
    endloop
  endfacet
  facet normal 0 0 1
    outer loop
      vertex 38.2118 -115.844 10
      vertex 37.72 -117.679 10
      vertex 37.8253 -117.715 10
    endloop
  endfacet
  facet normal 0 0 1
    outer loop
      vertex 37.8589 -115.774 10
      vertex 37.6109 -117.657 10
      vertex 37.72 -117.679 10
    endloop
  endfacet
  facet normal 0 0 1
    outer loop
      vertex 37.5 -115.75 10
      vertex 37.6109 -117.657 10
      vertex 37.8589 -115.774 10
    endloop
  endfacet
  facet normal 0 0 1
    outer loop
      vertex 37.5 -115.75 10
      vertex 37.5 -117.65 10
      vertex 37.6109 -117.657 10
    endloop
  endfacet
  facet normal 0 0 1
    outer loop
      vertex 37.5 -115.75 10
      vertex 37.3891 -117.657 10
      vertex 37.5 -117.65 10
    endloop
  endfacet
  facet normal -0 0 1
    outer loop
      vertex 37.1411 -115.774 10
      vertex 37.3891 -117.657 10
      vertex 37.5 -115.75 10
    endloop
  endfacet
  facet normal 0 0 1
    outer loop
      vertex 37.3891 -117.657 10
      vertex 37.1411 -115.774 10
      vertex 37.28 -117.679 10
    endloop
  endfacet
  facet normal -0 0 1
    outer loop
      vertex 36.7882 -115.844 10
      vertex 37.28 -117.679 10
      vertex 37.1411 -115.774 10
    endloop
  endfacet
  facet normal 0 0 1
    outer loop
      vertex 37.28 -117.679 10
      vertex 36.7882 -115.844 10
      vertex 37.1747 -117.715 10
    endloop
  endfacet
  facet normal -0 0 1
    outer loop
      vertex 36.4476 -115.959 10
      vertex 37.1747 -117.715 10
      vertex 36.7882 -115.844 10
    endloop
  endfacet
  facet normal 0 0 1
    outer loop
      vertex 37.1747 -117.715 10
      vertex 36.4476 -115.959 10
      vertex 37.075 -117.764 10
    endloop
  endfacet
  facet normal -0 0 1
    outer loop
      vertex 36.125 -116.118 10
      vertex 37.075 -117.764 10
      vertex 36.4476 -115.959 10
    endloop
  endfacet
  facet normal 0 0 1
    outer loop
      vertex 37.075 -117.764 10
      vertex 36.125 -116.118 10
      vertex 36.9826 -117.826 10
    endloop
  endfacet
  facet normal -0 0 1
    outer loop
      vertex 35.8259 -116.318 10
      vertex 36.9826 -117.826 10
      vertex 36.125 -116.118 10
    endloop
  endfacet
  facet normal 0 0 1
    outer loop
      vertex 36.9826 -117.826 10
      vertex 35.8259 -116.318 10
      vertex 36.899 -117.899 10
    endloop
  endfacet
  facet normal -0 0 1
    outer loop
      vertex 35.5555 -116.555 10
      vertex 36.899 -117.899 10
      vertex 35.8259 -116.318 10
    endloop
  endfacet
  facet normal 0 0 1
    outer loop
      vertex 36.899 -117.899 10
      vertex 35.5555 -116.555 10
      vertex 36.8256 -117.983 10
    endloop
  endfacet
  facet normal -0 0 1
    outer loop
      vertex 35.3183 -116.826 10
      vertex 36.8256 -117.983 10
      vertex 35.5555 -116.555 10
    endloop
  endfacet
  facet normal 0 0 1
    outer loop
      vertex 36.8256 -117.983 10
      vertex 35.3183 -116.826 10
      vertex 36.7639 -118.075 10
    endloop
  endfacet
  facet normal -0 0 1
    outer loop
      vertex 38.1744 -119.017 10
      vertex 39.6817 -120.174 10
      vertex 38.2361 -118.925 10
    endloop
  endfacet
  facet normal 0 0 1
    outer loop
      vertex 39.6817 -120.174 10
      vertex 38.1744 -119.017 10
      vertex 39.4445 -120.445 10
    endloop
  endfacet
  facet normal -0 0 1
    outer loop
      vertex 38.101 -119.101 10
      vertex 39.4445 -120.445 10
      vertex 38.1744 -119.017 10
    endloop
  endfacet
  facet normal 0 0 1
    outer loop
      vertex 39.4445 -120.445 10
      vertex 38.101 -119.101 10
      vertex 39.1741 -120.682 10
    endloop
  endfacet
  facet normal -0 0 1
    outer loop
      vertex 38.0174 -119.174 10
      vertex 39.1741 -120.682 10
      vertex 38.101 -119.101 10
    endloop
  endfacet
  facet normal 0 0 1
    outer loop
      vertex 39.1741 -120.682 10
      vertex 38.0174 -119.174 10
      vertex 38.875 -120.882 10
    endloop
  endfacet
  facet normal -0 0 1
    outer loop
      vertex 37.925 -119.236 10
      vertex 38.875 -120.882 10
      vertex 38.0174 -119.174 10
    endloop
  endfacet
  facet normal 0 0 1
    outer loop
      vertex 38.875 -120.882 10
      vertex 37.925 -119.236 10
      vertex 38.5524 -121.041 10
    endloop
  endfacet
  facet normal -0 0 1
    outer loop
      vertex 37.8253 -119.285 10
      vertex 38.5524 -121.041 10
      vertex 37.925 -119.236 10
    endloop
  endfacet
  facet normal 0 0 1
    outer loop
      vertex 38.5524 -121.041 10
      vertex 37.8253 -119.285 10
      vertex 38.2118 -121.156 10
    endloop
  endfacet
  facet normal -0 0 1
    outer loop
      vertex 37.72 -119.321 10
      vertex 38.2118 -121.156 10
      vertex 37.8253 -119.285 10
    endloop
  endfacet
  facet normal 0 0 1
    outer loop
      vertex 38.2118 -121.156 10
      vertex 37.72 -119.321 10
      vertex 37.8589 -121.226 10
    endloop
  endfacet
  facet normal -0 0 1
    outer loop
      vertex 37.6109 -119.343 10
      vertex 37.8589 -121.226 10
      vertex 37.72 -119.321 10
    endloop
  endfacet
  facet normal -0 0 1
    outer loop
      vertex 37.5 -119.35 10
      vertex 37.8589 -121.226 10
      vertex 37.6109 -119.343 10
    endloop
  endfacet
  facet normal 0 0 1
    outer loop
      vertex 37.5 -119.35 10
      vertex 37.5 -121.25 10
      vertex 37.8589 -121.226 10
    endloop
  endfacet
  facet normal 0 0 1
    outer loop
      vertex 37.3891 -119.343 10
      vertex 37.5 -121.25 10
      vertex 37.5 -119.35 10
    endloop
  endfacet
  facet normal 0 0 1
    outer loop
      vertex 37.1411 -121.226 10
      vertex 37.3891 -119.343 10
      vertex 37.28 -119.321 10
    endloop
  endfacet
  facet normal 0 0 1
    outer loop
      vertex 36.7882 -121.156 10
      vertex 37.28 -119.321 10
      vertex 37.1747 -119.285 10
    endloop
  endfacet
  facet normal 0 0 1
    outer loop
      vertex 37.3891 -119.343 10
      vertex 37.1411 -121.226 10
      vertex 37.5 -121.25 10
    endloop
  endfacet
  facet normal 0 0 1
    outer loop
      vertex 36.4476 -121.041 10
      vertex 37.1747 -119.285 10
      vertex 37.075 -119.236 10
    endloop
  endfacet
  facet normal 0 0 1
    outer loop
      vertex 36.125 -120.882 10
      vertex 37.075 -119.236 10
      vertex 36.9826 -119.174 10
    endloop
  endfacet
  facet normal 0 0 1
    outer loop
      vertex 35.8259 -120.682 10
      vertex 36.9826 -119.174 10
      vertex 36.899 -119.101 10
    endloop
  endfacet
  facet normal 0 0 1
    outer loop
      vertex 35.5555 -120.445 10
      vertex 36.899 -119.101 10
      vertex 36.8256 -119.017 10
    endloop
  endfacet
  facet normal 0 0 1
    outer loop
      vertex 37.28 -119.321 10
      vertex 36.7882 -121.156 10
      vertex 37.1411 -121.226 10
    endloop
  endfacet
  facet normal 0 0 1
    outer loop
      vertex 35.3183 -120.174 10
      vertex 36.8256 -119.017 10
      vertex 36.7639 -118.925 10
    endloop
  endfacet
  facet normal 0 0 1
    outer loop
      vertex 35.1184 -119.875 10
      vertex 36.7639 -118.925 10
      vertex 36.7147 -118.825 10
    endloop
  endfacet
  facet normal 0 0 1
    outer loop
      vertex 34.9593 -119.552 10
      vertex 36.7147 -118.825 10
      vertex 36.679 -118.72 10
    endloop
  endfacet
  facet normal 0 0 1
    outer loop
      vertex 34.8437 -119.212 10
      vertex 36.679 -118.72 10
      vertex 36.6573 -118.611 10
    endloop
  endfacet
  facet normal 0 0 1
    outer loop
      vertex 34.7735 -118.859 10
      vertex 36.6573 -118.611 10
      vertex 36.65 -118.5 10
    endloop
  endfacet
  facet normal -0 0 1
    outer loop
      vertex 35.1184 -117.125 10
      vertex 36.7639 -118.075 10
      vertex 35.3183 -116.826 10
    endloop
  endfacet
  facet normal 0 0 1
    outer loop
      vertex 37.1747 -119.285 10
      vertex 36.4476 -121.041 10
      vertex 36.7882 -121.156 10
    endloop
  endfacet
  facet normal 0 0 1
    outer loop
      vertex 36.7639 -118.075 10
      vertex 35.1184 -117.125 10
      vertex 36.7147 -118.175 10
    endloop
  endfacet
  facet normal 0 0 1
    outer loop
      vertex 37.075 -119.236 10
      vertex 36.125 -120.882 10
      vertex 36.4476 -121.041 10
    endloop
  endfacet
  facet normal -0 0 1
    outer loop
      vertex 34.9593 -117.448 10
      vertex 36.7147 -118.175 10
      vertex 35.1184 -117.125 10
    endloop
  endfacet
  facet normal 0 0 1
    outer loop
      vertex 36.9826 -119.174 10
      vertex 35.8259 -120.682 10
      vertex 36.125 -120.882 10
    endloop
  endfacet
  facet normal 0 0 1
    outer loop
      vertex 36.7147 -118.175 10
      vertex 34.9593 -117.448 10
      vertex 36.679 -118.28 10
    endloop
  endfacet
  facet normal 0 0 1
    outer loop
      vertex 36.899 -119.101 10
      vertex 35.5555 -120.445 10
      vertex 35.8259 -120.682 10
    endloop
  endfacet
  facet normal -0 0 1
    outer loop
      vertex 34.8437 -117.788 10
      vertex 36.679 -118.28 10
      vertex 34.9593 -117.448 10
    endloop
  endfacet
  facet normal 0 0 1
    outer loop
      vertex 36.8256 -119.017 10
      vertex 35.3183 -120.174 10
      vertex 35.5555 -120.445 10
    endloop
  endfacet
  facet normal 0 0 1
    outer loop
      vertex 36.679 -118.28 10
      vertex 34.8437 -117.788 10
      vertex 36.6573 -118.389 10
    endloop
  endfacet
  facet normal 0 0 1
    outer loop
      vertex 36.7639 -118.925 10
      vertex 35.1184 -119.875 10
      vertex 35.3183 -120.174 10
    endloop
  endfacet
  facet normal -0 0 1
    outer loop
      vertex 34.7735 -118.141 10
      vertex 36.6573 -118.389 10
      vertex 34.8437 -117.788 10
    endloop
  endfacet
  facet normal 0 0 1
    outer loop
      vertex 36.7147 -118.825 10
      vertex 34.9593 -119.552 10
      vertex 35.1184 -119.875 10
    endloop
  endfacet
  facet normal 0 0 1
    outer loop
      vertex 36.6573 -118.389 10
      vertex 34.7735 -118.141 10
      vertex 36.65 -118.5 10
    endloop
  endfacet
  facet normal 0 0 1
    outer loop
      vertex 36.679 -118.72 10
      vertex 34.8437 -119.212 10
      vertex 34.9593 -119.552 10
    endloop
  endfacet
  facet normal 0 0 1
    outer loop
      vertex 34.75 -118.5 10
      vertex 36.65 -118.5 10
      vertex 34.7735 -118.141 10
    endloop
  endfacet
  facet normal 0 0 1
    outer loop
      vertex 36.6573 -118.611 10
      vertex 34.7735 -118.859 10
      vertex 34.8437 -119.212 10
    endloop
  endfacet
  facet normal 0 0 1
    outer loop
      vertex 36.65 -118.5 10
      vertex 34.75 -118.5 10
      vertex 34.7735 -118.859 10
    endloop
  endfacet
  facet normal -0.066722 0.997772 0
    outer loop
      vertex 37.5 -115.75 2.5
      vertex 37.1411 -115.774 10
      vertex 37.5 -115.75 10
    endloop
  endfacet
  facet normal -0.066722 0.997772 0
    outer loop
      vertex 37.1411 -115.774 10
      vertex 37.5 -115.75 2.5
      vertex 37.1411 -115.774 2.5
    endloop
  endfacet
  facet normal 0.997864 0.0653198 0
    outer loop
      vertex 40.25 -118.5 10
      vertex 40.2265 -118.141 2.5
      vertex 40.2265 -118.141 10
    endloop
  endfacet
  facet normal 0.997864 0.0653198 0
    outer loop
      vertex 40.2265 -118.141 2.5
      vertex 40.25 -118.5 10
      vertex 40.25 -118.5 2.5
    endloop
  endfacet
  facet normal 0.44209 0.896971 -0
    outer loop
      vertex 38.875 -116.118 2.5
      vertex 38.5524 -115.959 10
      vertex 38.875 -116.118 10
    endloop
  endfacet
  facet normal 0.44209 0.896971 0
    outer loop
      vertex 38.5524 -115.959 10
      vertex 38.875 -116.118 2.5
      vertex 38.5524 -115.959 2.5
    endloop
  endfacet
  facet normal 0.066722 -0.997772 0
    outer loop
      vertex 37.5 -121.25 2.5
      vertex 37.8589 -121.226 10
      vertex 37.5 -121.25 10
    endloop
  endfacet
  facet normal 0.066722 -0.997772 0
    outer loop
      vertex 37.8589 -121.226 10
      vertex 37.5 -121.25 2.5
      vertex 37.8589 -121.226 2.5
    endloop
  endfacet
  facet normal -0.659134 0.752025 0
    outer loop
      vertex 35.8259 -116.318 2.5
      vertex 35.5555 -116.555 10
      vertex 35.8259 -116.318 10
    endloop
  endfacet
  facet normal -0.659134 0.752025 0
    outer loop
      vertex 35.5555 -116.555 10
      vertex 35.8259 -116.318 2.5
      vertex 35.5555 -116.555 2.5
    endloop
  endfacet
  facet normal 0.831322 0.55579 0
    outer loop
      vertex 39.8816 -117.125 10
      vertex 39.6817 -116.826 2.5
      vertex 39.6817 -116.826 10
    endloop
  endfacet
  facet normal 0.831322 0.55579 0
    outer loop
      vertex 39.6817 -116.826 2.5
      vertex 39.8816 -117.125 10
      vertex 39.8816 -117.125 2.5
    endloop
  endfacet
  facet normal 0.897078 -0.441873 0
    outer loop
      vertex 39.8816 -119.875 10
      vertex 40.0407 -119.552 2.5
      vertex 40.0407 -119.552 10
    endloop
  endfacet
  facet normal 0.897078 -0.441873 0
    outer loop
      vertex 40.0407 -119.552 2.5
      vertex 39.8816 -119.875 10
      vertex 39.8816 -119.875 2.5
    endloop
  endfacet
  facet normal 0.319897 0.947452 -0
    outer loop
      vertex 38.5524 -115.959 2.5
      vertex 38.2118 -115.844 10
      vertex 38.5524 -115.959 10
    endloop
  endfacet
  facet normal 0.319897 0.947452 0
    outer loop
      vertex 38.2118 -115.844 10
      vertex 38.5524 -115.959 2.5
      vertex 38.2118 -115.844 2.5
    endloop
  endfacet
  facet normal 0.555854 0.83128 -0
    outer loop
      vertex 39.1741 -116.318 2.5
      vertex 38.875 -116.118 10
      vertex 39.1741 -116.318 10
    endloop
  endfacet
  facet normal 0.555854 0.83128 0
    outer loop
      vertex 38.875 -116.118 10
      vertex 39.1741 -116.318 2.5
      vertex 38.875 -116.118 2.5
    endloop
  endfacet
  facet normal -0.659134 -0.752025 0
    outer loop
      vertex 35.5555 -120.445 2.5
      vertex 35.8259 -120.682 10
      vertex 35.5555 -120.445 10
    endloop
  endfacet
  facet normal -0.659134 -0.752025 -0
    outer loop
      vertex 35.8259 -120.682 10
      vertex 35.5555 -120.445 2.5
      vertex 35.8259 -120.682 2.5
    endloop
  endfacet
  facet normal 0.44209 -0.896971 0
    outer loop
      vertex 38.5524 -121.041 2.5
      vertex 38.875 -120.882 10
      vertex 38.5524 -121.041 10
    endloop
  endfacet
  facet normal 0.44209 -0.896971 0
    outer loop
      vertex 38.875 -120.882 10
      vertex 38.5524 -121.041 2.5
      vertex 38.875 -120.882 2.5
    endloop
  endfacet
  facet normal 0.897078 0.441873 0
    outer loop
      vertex 40.0407 -117.448 10
      vertex 39.8816 -117.125 2.5
      vertex 39.8816 -117.125 10
    endloop
  endfacet
  facet normal 0.897078 0.441873 0
    outer loop
      vertex 39.8816 -117.125 2.5
      vertex 40.0407 -117.448 10
      vertex 40.0407 -117.448 2.5
    endloop
  endfacet
  facet normal -0.555854 0.83128 0
    outer loop
      vertex 36.125 -116.118 2.5
      vertex 35.8259 -116.318 10
      vertex 36.125 -116.118 10
    endloop
  endfacet
  facet normal -0.555854 0.83128 0
    outer loop
      vertex 35.8259 -116.318 10
      vertex 36.125 -116.118 2.5
      vertex 35.8259 -116.318 2.5
    endloop
  endfacet
  facet normal 0.946773 0.321903 0
    outer loop
      vertex 40.1563 -117.788 10
      vertex 40.0407 -117.448 2.5
      vertex 40.0407 -117.448 10
    endloop
  endfacet
  facet normal 0.946773 0.321903 0
    outer loop
      vertex 40.0407 -117.448 2.5
      vertex 40.1563 -117.788 10
      vertex 40.1563 -117.788 2.5
    endloop
  endfacet
  facet normal 0.319897 -0.947452 0
    outer loop
      vertex 38.2118 -121.156 2.5
      vertex 38.5524 -121.041 10
      vertex 38.2118 -121.156 10
    endloop
  endfacet
  facet normal 0.319897 -0.947452 0
    outer loop
      vertex 38.5524 -121.041 10
      vertex 38.2118 -121.156 2.5
      vertex 38.5524 -121.041 2.5
    endloop
  endfacet
  facet normal -0.980794 -0.195047 0
    outer loop
      vertex 34.8437 -119.212 2.5
      vertex 34.7735 -118.859 10
      vertex 34.7735 -118.859 2.5
    endloop
  endfacet
  facet normal -0.980794 -0.195047 0
    outer loop
      vertex 34.7735 -118.859 10
      vertex 34.8437 -119.212 2.5
      vertex 34.8437 -119.212 10
    endloop
  endfacet
  facet normal -0.752473 0.658623 0
    outer loop
      vertex 35.3183 -116.826 2.5
      vertex 35.5555 -116.555 10
      vertex 35.5555 -116.555 2.5
    endloop
  endfacet
  facet normal -0.752473 0.658623 0
    outer loop
      vertex 35.5555 -116.555 10
      vertex 35.3183 -116.826 2.5
      vertex 35.3183 -116.826 10
    endloop
  endfacet
  facet normal -0.44209 -0.896971 0
    outer loop
      vertex 36.125 -120.882 2.5
      vertex 36.4476 -121.041 10
      vertex 36.125 -120.882 10
    endloop
  endfacet
  facet normal -0.44209 -0.896971 -0
    outer loop
      vertex 36.4476 -121.041 10
      vertex 36.125 -120.882 2.5
      vertex 36.4476 -121.041 2.5
    endloop
  endfacet
  facet normal -0.897078 -0.441873 0
    outer loop
      vertex 35.1184 -119.875 2.5
      vertex 34.9593 -119.552 10
      vertex 34.9593 -119.552 2.5
    endloop
  endfacet
  facet normal -0.897078 -0.441873 0
    outer loop
      vertex 34.9593 -119.552 10
      vertex 35.1184 -119.875 2.5
      vertex 35.1184 -119.875 10
    endloop
  endfacet
  facet normal 0.194566 0.980889 -0
    outer loop
      vertex 38.2118 -115.844 2.5
      vertex 37.8589 -115.774 10
      vertex 38.2118 -115.844 10
    endloop
  endfacet
  facet normal 0.194566 0.980889 0
    outer loop
      vertex 37.8589 -115.774 10
      vertex 38.2118 -115.844 2.5
      vertex 37.8589 -115.774 2.5
    endloop
  endfacet
  facet normal -0.319897 -0.947452 0
    outer loop
      vertex 36.4476 -121.041 2.5
      vertex 36.7882 -121.156 10
      vertex 36.4476 -121.041 10
    endloop
  endfacet
  facet normal -0.319897 -0.947452 -0
    outer loop
      vertex 36.7882 -121.156 10
      vertex 36.4476 -121.041 2.5
      vertex 36.7882 -121.156 2.5
    endloop
  endfacet
  facet normal -0.897078 0.441873 0
    outer loop
      vertex 34.9593 -117.448 2.5
      vertex 35.1184 -117.125 10
      vertex 35.1184 -117.125 2.5
    endloop
  endfacet
  facet normal -0.897078 0.441873 0
    outer loop
      vertex 35.1184 -117.125 10
      vertex 34.9593 -117.448 2.5
      vertex 34.9593 -117.448 10
    endloop
  endfacet
  facet normal 0.752473 -0.658623 0
    outer loop
      vertex 39.4445 -120.445 10
      vertex 39.6817 -120.174 2.5
      vertex 39.6817 -120.174 10
    endloop
  endfacet
  facet normal 0.752473 -0.658623 0
    outer loop
      vertex 39.6817 -120.174 2.5
      vertex 39.4445 -120.445 10
      vertex 39.4445 -120.445 2.5
    endloop
  endfacet
  facet normal -0.831322 -0.55579 0
    outer loop
      vertex 35.3183 -120.174 2.5
      vertex 35.1184 -119.875 10
      vertex 35.1184 -119.875 2.5
    endloop
  endfacet
  facet normal -0.831322 -0.55579 0
    outer loop
      vertex 35.1184 -119.875 10
      vertex 35.3183 -120.174 2.5
      vertex 35.3183 -120.174 10
    endloop
  endfacet
  facet normal -0.831322 0.55579 0
    outer loop
      vertex 35.1184 -117.125 2.5
      vertex 35.3183 -116.826 10
      vertex 35.3183 -116.826 2.5
    endloop
  endfacet
  facet normal -0.831322 0.55579 0
    outer loop
      vertex 35.3183 -116.826 10
      vertex 35.1184 -117.125 2.5
      vertex 35.1184 -117.125 10
    endloop
  endfacet
  facet normal 0.980794 0.195047 0
    outer loop
      vertex 40.2265 -118.141 10
      vertex 40.1563 -117.788 2.5
      vertex 40.1563 -117.788 10
    endloop
  endfacet
  facet normal 0.980794 0.195047 0
    outer loop
      vertex 40.1563 -117.788 2.5
      vertex 40.2265 -118.141 10
      vertex 40.2265 -118.141 2.5
    endloop
  endfacet
  facet normal 0.659134 -0.752025 0
    outer loop
      vertex 39.1741 -120.682 2.5
      vertex 39.4445 -120.445 10
      vertex 39.1741 -120.682 10
    endloop
  endfacet
  facet normal 0.659134 -0.752025 0
    outer loop
      vertex 39.4445 -120.445 10
      vertex 39.1741 -120.682 2.5
      vertex 39.4445 -120.445 2.5
    endloop
  endfacet
  facet normal -0.066722 -0.997772 0
    outer loop
      vertex 37.1411 -121.226 2.5
      vertex 37.5 -121.25 10
      vertex 37.1411 -121.226 10
    endloop
  endfacet
  facet normal -0.066722 -0.997772 -0
    outer loop
      vertex 37.5 -121.25 10
      vertex 37.1411 -121.226 2.5
      vertex 37.5 -121.25 2.5
    endloop
  endfacet
  facet normal -0.980794 0.195047 0
    outer loop
      vertex 34.7735 -118.141 2.5
      vertex 34.8437 -117.788 10
      vertex 34.8437 -117.788 2.5
    endloop
  endfacet
  facet normal -0.980794 0.195047 0
    outer loop
      vertex 34.8437 -117.788 10
      vertex 34.7735 -118.141 2.5
      vertex 34.7735 -118.141 10
    endloop
  endfacet
  facet normal -0.555854 -0.83128 0
    outer loop
      vertex 35.8259 -120.682 2.5
      vertex 36.125 -120.882 10
      vertex 35.8259 -120.682 10
    endloop
  endfacet
  facet normal -0.555854 -0.83128 -0
    outer loop
      vertex 36.125 -120.882 10
      vertex 35.8259 -120.682 2.5
      vertex 36.125 -120.882 2.5
    endloop
  endfacet
  facet normal -0.44209 0.896971 0
    outer loop
      vertex 36.4476 -115.959 2.5
      vertex 36.125 -116.118 10
      vertex 36.4476 -115.959 10
    endloop
  endfacet
  facet normal -0.44209 0.896971 0
    outer loop
      vertex 36.125 -116.118 10
      vertex 36.4476 -115.959 2.5
      vertex 36.125 -116.118 2.5
    endloop
  endfacet
  facet normal -0.194566 0.980889 0
    outer loop
      vertex 37.1411 -115.774 2.5
      vertex 36.7882 -115.844 10
      vertex 37.1411 -115.774 10
    endloop
  endfacet
  facet normal -0.194566 0.980889 0
    outer loop
      vertex 36.7882 -115.844 10
      vertex 37.1411 -115.774 2.5
      vertex 36.7882 -115.844 2.5
    endloop
  endfacet
  facet normal 0.657739 0.753246 -0
    outer loop
      vertex 36.9826 -119.174 4.01
      vertex 36.899 -119.101 10
      vertex 36.9826 -119.174 10
    endloop
  endfacet
  facet normal 0.657739 0.753246 0
    outer loop
      vertex 36.899 -119.101 10
      vertex 36.9826 -119.174 4.01
      vertex 36.899 -119.101 4.01
    endloop
  endfacet
  facet normal -0.89728 -0.441462 0
    outer loop
      vertex 38.2853 -118.175 4.01
      vertex 38.2361 -118.075 10
      vertex 38.2361 -118.075 4.01
    endloop
  endfacet
  facet normal -0.89728 -0.441462 0
    outer loop
      vertex 38.2361 -118.075 10
      vertex 38.2853 -118.175 4.01
      vertex 38.2853 -118.175 10
    endloop
  endfacet
  facet normal -0.197671 -0.980268 0
    outer loop
      vertex 37.6109 -117.657 4.01
      vertex 37.72 -117.679 10
      vertex 37.6109 -117.657 10
    endloop
  endfacet
  facet normal -0.197671 -0.980268 -0
    outer loop
      vertex 37.72 -117.679 10
      vertex 37.6109 -117.657 4.01
      vertex 37.72 -117.679 4.01
    endloop
  endfacet
  facet normal -0.830519 0.55699 0
    outer loop
      vertex 38.1744 -119.017 4.01
      vertex 38.2361 -118.925 10
      vertex 38.2361 -118.925 4.01
    endloop
  endfacet
  facet normal -0.830519 0.55699 0
    outer loop
      vertex 38.2361 -118.925 10
      vertex 38.1744 -119.017 4.01
      vertex 38.1744 -119.017 10
    endloop
  endfacet
  facet normal -0.89728 0.441462 0
    outer loop
      vertex 38.2361 -118.925 4.01
      vertex 38.2853 -118.825 10
      vertex 38.2853 -118.825 4.01
    endloop
  endfacet
  facet normal -0.89728 0.441462 0
    outer loop
      vertex 38.2853 -118.825 10
      vertex 38.2361 -118.925 4.01
      vertex 38.2361 -118.925 10
    endloop
  endfacet
  facet normal 0.980753 0.195251 0
    outer loop
      vertex 36.679 -118.72 10
      vertex 36.6573 -118.611 4.01
      vertex 36.6573 -118.611 10
    endloop
  endfacet
  facet normal 0.980753 0.195251 0
    outer loop
      vertex 36.6573 -118.611 4.01
      vertex 36.679 -118.72 10
      vertex 36.679 -118.72 4.01
    endloop
  endfacet
  facet normal 0.657739 -0.753246 0
    outer loop
      vertex 36.899 -117.899 4.01
      vertex 36.9826 -117.826 10
      vertex 36.899 -117.899 10
    endloop
  endfacet
  facet normal 0.657739 -0.753246 0
    outer loop
      vertex 36.9826 -117.826 10
      vertex 36.899 -117.899 4.01
      vertex 36.9826 -117.826 4.01
    endloop
  endfacet
  facet normal -0.753021 0.657997 0
    outer loop
      vertex 38.101 -119.101 4.01
      vertex 38.1744 -119.017 10
      vertex 38.1744 -119.017 4.01
    endloop
  endfacet
  facet normal -0.753021 0.657997 0
    outer loop
      vertex 38.1744 -119.017 10
      vertex 38.101 -119.101 4.01
      vertex 38.101 -119.101 10
    endloop
  endfacet
  facet normal 0.997844 0.065624 0
    outer loop
      vertex 36.6573 -118.611 10
      vertex 36.65 -118.5 4.01
      vertex 36.65 -118.5 10
    endloop
  endfacet
  facet normal 0.997844 0.065624 0
    outer loop
      vertex 36.65 -118.5 4.01
      vertex 36.6573 -118.611 10
      vertex 36.6573 -118.611 4.01
    endloop
  endfacet
  facet normal 0.441082 -0.897467 0
    outer loop
      vertex 37.075 -117.764 4.01
      vertex 37.1747 -117.715 10
      vertex 37.075 -117.764 10
    endloop
  endfacet
  facet normal 0.441082 -0.897467 0
    outer loop
      vertex 37.1747 -117.715 10
      vertex 37.075 -117.764 4.01
      vertex 37.1747 -117.715 4.01
    endloop
  endfacet
  facet normal 0.753021 0.657997 0
    outer loop
      vertex 36.899 -119.101 10
      vertex 36.8256 -119.017 4.01
      vertex 36.8256 -119.017 10
    endloop
  endfacet
  facet normal 0.753021 0.657997 0
    outer loop
      vertex 36.8256 -119.017 4.01
      vertex 36.899 -119.101 10
      vertex 36.899 -119.101 4.01
    endloop
  endfacet
  facet normal 0.557186 0.830387 -0
    outer loop
      vertex 37.075 -119.236 4.01
      vertex 36.9826 -119.174 10
      vertex 37.075 -119.236 10
    endloop
  endfacet
  facet normal 0.557186 0.830387 0
    outer loop
      vertex 36.9826 -119.174 10
      vertex 37.075 -119.236 4.01
      vertex 36.9826 -119.174 4.01
    endloop
  endfacet
  facet normal 0.830519 0.55699 0
    outer loop
      vertex 36.8256 -119.017 10
      vertex 36.7639 -118.925 4.01
      vertex 36.7639 -118.925 10
    endloop
  endfacet
  facet normal 0.830519 0.55699 0
    outer loop
      vertex 36.7639 -118.925 4.01
      vertex 36.8256 -119.017 10
      vertex 36.8256 -119.017 4.01
    endloop
  endfacet
  facet normal -0.997844 -0.065624 0
    outer loop
      vertex 38.35 -118.5 4.01
      vertex 38.3427 -118.389 10
      vertex 38.3427 -118.389 4.01
    endloop
  endfacet
  facet normal -0.997844 -0.065624 0
    outer loop
      vertex 38.3427 -118.389 10
      vertex 38.35 -118.5 4.01
      vertex 38.35 -118.5 10
    endloop
  endfacet
  facet normal -0.980753 0.195251 0
    outer loop
      vertex 38.321 -118.72 4.01
      vertex 38.3427 -118.611 10
      vertex 38.3427 -118.611 4.01
    endloop
  endfacet
  facet normal -0.980753 0.195251 0
    outer loop
      vertex 38.3427 -118.611 10
      vertex 38.321 -118.72 4.01
      vertex 38.321 -118.72 10
    endloop
  endfacet
  facet normal -0.0629946 0.998014 0
    outer loop
      vertex 37.6109 -119.343 4.01
      vertex 37.5 -119.35 10
      vertex 37.6109 -119.343 10
    endloop
  endfacet
  facet normal -0.0629946 0.998014 0
    outer loop
      vertex 37.5 -119.35 10
      vertex 37.6109 -119.343 4.01
      vertex 37.5 -119.35 4.01
    endloop
  endfacet
  facet normal 0.0629946 0.998014 -0
    outer loop
      vertex 37.5 -119.35 4.01
      vertex 37.3891 -119.343 10
      vertex 37.5 -119.35 10
    endloop
  endfacet
  facet normal 0.0629946 0.998014 0
    outer loop
      vertex 37.3891 -119.343 10
      vertex 37.5 -119.35 4.01
      vertex 37.3891 -119.343 4.01
    endloop
  endfacet
  facet normal -0.441082 -0.897467 0
    outer loop
      vertex 37.8253 -117.715 4.01
      vertex 37.925 -117.764 10
      vertex 37.8253 -117.715 10
    endloop
  endfacet
  facet normal -0.441082 -0.897467 -0
    outer loop
      vertex 37.925 -117.764 10
      vertex 37.8253 -117.715 4.01
      vertex 37.925 -117.764 4.01
    endloop
  endfacet
  facet normal -0.997844 0.065624 0
    outer loop
      vertex 38.3427 -118.611 4.01
      vertex 38.35 -118.5 10
      vertex 38.35 -118.5 4.01
    endloop
  endfacet
  facet normal -0.997844 0.065624 0
    outer loop
      vertex 38.35 -118.5 10
      vertex 38.3427 -118.611 4.01
      vertex 38.3427 -118.611 10
    endloop
  endfacet
  facet normal -0.557186 0.830387 0
    outer loop
      vertex 38.0174 -119.174 4.01
      vertex 37.925 -119.236 10
      vertex 38.0174 -119.174 10
    endloop
  endfacet
  facet normal -0.557186 0.830387 0
    outer loop
      vertex 37.925 -119.236 10
      vertex 38.0174 -119.174 4.01
      vertex 37.925 -119.236 4.01
    endloop
  endfacet
  facet normal -0.557186 -0.830387 0
    outer loop
      vertex 37.925 -117.764 4.01
      vertex 38.0174 -117.826 10
      vertex 37.925 -117.764 10
    endloop
  endfacet
  facet normal -0.557186 -0.830387 -0
    outer loop
      vertex 38.0174 -117.826 10
      vertex 37.925 -117.764 4.01
      vertex 38.0174 -117.826 4.01
    endloop
  endfacet
  facet normal -0.946773 -0.321903 0
    outer loop
      vertex 38.321 -118.28 4.01
      vertex 38.2853 -118.175 10
      vertex 38.2853 -118.175 4.01
    endloop
  endfacet
  facet normal -0.946773 -0.321903 0
    outer loop
      vertex 38.2853 -118.175 10
      vertex 38.321 -118.28 4.01
      vertex 38.321 -118.28 10
    endloop
  endfacet
  facet normal 0.323497 -0.946229 0
    outer loop
      vertex 37.1747 -117.715 4.01
      vertex 37.28 -117.679 10
      vertex 37.1747 -117.715 10
    endloop
  endfacet
  facet normal 0.323497 -0.946229 0
    outer loop
      vertex 37.28 -117.679 10
      vertex 37.1747 -117.715 4.01
      vertex 37.28 -117.679 4.01
    endloop
  endfacet
  facet normal -0.0629946 -0.998014 0
    outer loop
      vertex 37.5 -117.65 4.01
      vertex 37.6109 -117.657 10
      vertex 37.5 -117.65 10
    endloop
  endfacet
  facet normal -0.0629946 -0.998014 -0
    outer loop
      vertex 37.6109 -117.657 10
      vertex 37.5 -117.65 4.01
      vertex 37.6109 -117.657 4.01
    endloop
  endfacet
  facet normal -0.946773 0.321903 0
    outer loop
      vertex 38.2853 -118.825 4.01
      vertex 38.321 -118.72 10
      vertex 38.321 -118.72 4.01
    endloop
  endfacet
  facet normal -0.946773 0.321903 0
    outer loop
      vertex 38.321 -118.72 10
      vertex 38.2853 -118.825 4.01
      vertex 38.2853 -118.825 10
    endloop
  endfacet
  facet normal 0.946773 0.321903 0
    outer loop
      vertex 36.7147 -118.825 10
      vertex 36.679 -118.72 4.01
      vertex 36.679 -118.72 10
    endloop
  endfacet
  facet normal 0.946773 0.321903 0
    outer loop
      vertex 36.679 -118.72 4.01
      vertex 36.7147 -118.825 10
      vertex 36.7147 -118.825 4.01
    endloop
  endfacet
  facet normal 0.323497 0.946229 -0
    outer loop
      vertex 37.28 -119.321 4.01
      vertex 37.1747 -119.285 10
      vertex 37.28 -119.321 10
    endloop
  endfacet
  facet normal 0.323497 0.946229 0
    outer loop
      vertex 37.1747 -119.285 10
      vertex 37.28 -119.321 4.01
      vertex 37.1747 -119.285 4.01
    endloop
  endfacet
  facet normal -0.323497 0.946229 0
    outer loop
      vertex 37.8253 -119.285 4.01
      vertex 37.72 -119.321 10
      vertex 37.8253 -119.285 10
    endloop
  endfacet
  facet normal -0.323497 0.946229 0
    outer loop
      vertex 37.72 -119.321 10
      vertex 37.8253 -119.285 4.01
      vertex 37.72 -119.321 4.01
    endloop
  endfacet
  facet normal 0.946773 -0.321903 0
    outer loop
      vertex 36.679 -118.28 10
      vertex 36.7147 -118.175 4.01
      vertex 36.7147 -118.175 10
    endloop
  endfacet
  facet normal 0.946773 -0.321903 0
    outer loop
      vertex 36.7147 -118.175 4.01
      vertex 36.679 -118.28 10
      vertex 36.679 -118.28 4.01
    endloop
  endfacet
  facet normal 0.830519 -0.55699 0
    outer loop
      vertex 36.7639 -118.075 10
      vertex 36.8256 -117.983 4.01
      vertex 36.8256 -117.983 10
    endloop
  endfacet
  facet normal 0.830519 -0.55699 0
    outer loop
      vertex 36.8256 -117.983 4.01
      vertex 36.7639 -118.075 10
      vertex 36.7639 -118.075 4.01
    endloop
  endfacet
  facet normal 0.0629946 -0.998014 0
    outer loop
      vertex 37.3891 -117.657 4.01
      vertex 37.5 -117.65 10
      vertex 37.3891 -117.657 10
    endloop
  endfacet
  facet normal 0.0629946 -0.998014 0
    outer loop
      vertex 37.5 -117.65 10
      vertex 37.3891 -117.657 4.01
      vertex 37.5 -117.65 4.01
    endloop
  endfacet
  facet normal -0.830519 -0.55699 0
    outer loop
      vertex 38.2361 -118.075 4.01
      vertex 38.1744 -117.983 10
      vertex 38.1744 -117.983 4.01
    endloop
  endfacet
  facet normal -0.830519 -0.55699 0
    outer loop
      vertex 38.1744 -117.983 10
      vertex 38.2361 -118.075 4.01
      vertex 38.2361 -118.075 10
    endloop
  endfacet
  facet normal 0.441082 0.897467 -0
    outer loop
      vertex 37.1747 -119.285 4.01
      vertex 37.075 -119.236 10
      vertex 37.1747 -119.285 10
    endloop
  endfacet
  facet normal 0.441082 0.897467 0
    outer loop
      vertex 37.075 -119.236 10
      vertex 37.1747 -119.285 4.01
      vertex 37.075 -119.236 4.01
    endloop
  endfacet
  facet normal -0.980753 -0.195251 0
    outer loop
      vertex 38.3427 -118.389 4.01
      vertex 38.321 -118.28 10
      vertex 38.321 -118.28 4.01
    endloop
  endfacet
  facet normal -0.980753 -0.195251 0
    outer loop
      vertex 38.321 -118.28 10
      vertex 38.3427 -118.389 4.01
      vertex 38.3427 -118.389 10
    endloop
  endfacet
  facet normal -0.197671 0.980268 0
    outer loop
      vertex 37.72 -119.321 4.01
      vertex 37.6109 -119.343 10
      vertex 37.72 -119.321 10
    endloop
  endfacet
  facet normal -0.197671 0.980268 0
    outer loop
      vertex 37.6109 -119.343 10
      vertex 37.72 -119.321 4.01
      vertex 37.6109 -119.343 4.01
    endloop
  endfacet
  facet normal -0.753021 -0.657997 0
    outer loop
      vertex 38.1744 -117.983 4.01
      vertex 38.101 -117.899 10
      vertex 38.101 -117.899 4.01
    endloop
  endfacet
  facet normal -0.753021 -0.657997 0
    outer loop
      vertex 38.101 -117.899 10
      vertex 38.1744 -117.983 4.01
      vertex 38.1744 -117.983 10
    endloop
  endfacet
  facet normal -0.323497 -0.946229 0
    outer loop
      vertex 37.72 -117.679 4.01
      vertex 37.8253 -117.715 10
      vertex 37.72 -117.679 10
    endloop
  endfacet
  facet normal -0.323497 -0.946229 -0
    outer loop
      vertex 37.8253 -117.715 10
      vertex 37.72 -117.679 4.01
      vertex 37.8253 -117.715 4.01
    endloop
  endfacet
  facet normal 0.753021 -0.657997 0
    outer loop
      vertex 36.8256 -117.983 10
      vertex 36.899 -117.899 4.01
      vertex 36.899 -117.899 10
    endloop
  endfacet
  facet normal 0.753021 -0.657997 0
    outer loop
      vertex 36.899 -117.899 4.01
      vertex 36.8256 -117.983 10
      vertex 36.8256 -117.983 4.01
    endloop
  endfacet
  facet normal -0.657739 -0.753246 0
    outer loop
      vertex 38.0174 -117.826 4.01
      vertex 38.101 -117.899 10
      vertex 38.0174 -117.826 10
    endloop
  endfacet
  facet normal -0.657739 -0.753246 -0
    outer loop
      vertex 38.101 -117.899 10
      vertex 38.0174 -117.826 4.01
      vertex 38.101 -117.899 4.01
    endloop
  endfacet
  facet normal -0.441082 0.897467 0
    outer loop
      vertex 37.925 -119.236 4.01
      vertex 37.8253 -119.285 10
      vertex 37.925 -119.236 10
    endloop
  endfacet
  facet normal -0.441082 0.897467 0
    outer loop
      vertex 37.8253 -119.285 10
      vertex 37.925 -119.236 4.01
      vertex 37.8253 -119.285 4.01
    endloop
  endfacet
  facet normal 0.197671 0.980268 -0
    outer loop
      vertex 37.3891 -119.343 4.01
      vertex 37.28 -119.321 10
      vertex 37.3891 -119.343 10
    endloop
  endfacet
  facet normal 0.197671 0.980268 0
    outer loop
      vertex 37.28 -119.321 10
      vertex 37.3891 -119.343 4.01
      vertex 37.28 -119.321 4.01
    endloop
  endfacet
  facet normal 0.197671 -0.980268 0
    outer loop
      vertex 37.28 -117.679 4.01
      vertex 37.3891 -117.657 10
      vertex 37.28 -117.679 10
    endloop
  endfacet
  facet normal 0.197671 -0.980268 0
    outer loop
      vertex 37.3891 -117.657 10
      vertex 37.28 -117.679 4.01
      vertex 37.3891 -117.657 4.01
    endloop
  endfacet
  facet normal -0.657739 0.753246 0
    outer loop
      vertex 38.101 -119.101 4.01
      vertex 38.0174 -119.174 10
      vertex 38.101 -119.101 10
    endloop
  endfacet
  facet normal -0.657739 0.753246 0
    outer loop
      vertex 38.0174 -119.174 10
      vertex 38.101 -119.101 4.01
      vertex 38.0174 -119.174 4.01
    endloop
  endfacet
  facet normal 0.980753 -0.195251 0
    outer loop
      vertex 36.6573 -118.389 10
      vertex 36.679 -118.28 4.01
      vertex 36.679 -118.28 10
    endloop
  endfacet
  facet normal 0.980753 -0.195251 0
    outer loop
      vertex 36.679 -118.28 4.01
      vertex 36.6573 -118.389 10
      vertex 36.6573 -118.389 4.01
    endloop
  endfacet
  facet normal 0.997844 -0.065624 0
    outer loop
      vertex 36.65 -118.5 10
      vertex 36.6573 -118.389 4.01
      vertex 36.6573 -118.389 10
    endloop
  endfacet
  facet normal 0.997844 -0.065624 0
    outer loop
      vertex 36.6573 -118.389 4.01
      vertex 36.65 -118.5 10
      vertex 36.65 -118.5 4.01
    endloop
  endfacet
  facet normal 0.89728 0.441462 0
    outer loop
      vertex 36.7639 -118.925 10
      vertex 36.7147 -118.825 4.01
      vertex 36.7147 -118.825 10
    endloop
  endfacet
  facet normal 0.89728 0.441462 0
    outer loop
      vertex 36.7147 -118.825 4.01
      vertex 36.7639 -118.925 10
      vertex 36.7639 -118.925 4.01
    endloop
  endfacet
  facet normal 0 0 1
    outer loop
      vertex 38.3427 -118.389 4.01
      vertex 38.3427 -118.611 4.01
      vertex 38.35 -118.5 4.01
    endloop
  endfacet
  facet normal 0 0 1
    outer loop
      vertex 38.321 -118.28 4.01
      vertex 38.3427 -118.611 4.01
      vertex 38.3427 -118.389 4.01
    endloop
  endfacet
  facet normal 0 0 1
    outer loop
      vertex 38.321 -118.28 4.01
      vertex 38.321 -118.72 4.01
      vertex 38.3427 -118.611 4.01
    endloop
  endfacet
  facet normal 0 0 1
    outer loop
      vertex 38.2853 -118.175 4.01
      vertex 38.321 -118.72 4.01
      vertex 38.321 -118.28 4.01
    endloop
  endfacet
  facet normal 0 0 1
    outer loop
      vertex 38.2853 -118.175 4.01
      vertex 38.2853 -118.825 4.01
      vertex 38.321 -118.72 4.01
    endloop
  endfacet
  facet normal 0 0 1
    outer loop
      vertex 38.2361 -118.075 4.01
      vertex 38.2853 -118.825 4.01
      vertex 38.2853 -118.175 4.01
    endloop
  endfacet
  facet normal 0 0 1
    outer loop
      vertex 38.2361 -118.075 4.01
      vertex 38.2361 -118.925 4.01
      vertex 38.2853 -118.825 4.01
    endloop
  endfacet
  facet normal 0 0 1
    outer loop
      vertex 38.1744 -117.983 4.01
      vertex 38.2361 -118.925 4.01
      vertex 38.2361 -118.075 4.01
    endloop
  endfacet
  facet normal 0 0 1
    outer loop
      vertex 38.1744 -117.983 4.01
      vertex 38.1744 -119.017 4.01
      vertex 38.2361 -118.925 4.01
    endloop
  endfacet
  facet normal 0 0 1
    outer loop
      vertex 38.101 -117.899 4.01
      vertex 38.1744 -119.017 4.01
      vertex 38.1744 -117.983 4.01
    endloop
  endfacet
  facet normal 0 0 1
    outer loop
      vertex 38.101 -117.899 4.01
      vertex 38.101 -119.101 4.01
      vertex 38.1744 -119.017 4.01
    endloop
  endfacet
  facet normal 0 0 1
    outer loop
      vertex 38.0174 -117.826 4.01
      vertex 38.101 -119.101 4.01
      vertex 38.101 -117.899 4.01
    endloop
  endfacet
  facet normal 0 0 1
    outer loop
      vertex 38.0174 -117.826 4.01
      vertex 38.0174 -119.174 4.01
      vertex 38.101 -119.101 4.01
    endloop
  endfacet
  facet normal 0 0 1
    outer loop
      vertex 37.925 -117.764 4.01
      vertex 38.0174 -119.174 4.01
      vertex 38.0174 -117.826 4.01
    endloop
  endfacet
  facet normal 0 0 1
    outer loop
      vertex 37.925 -117.764 4.01
      vertex 37.925 -119.236 4.01
      vertex 38.0174 -119.174 4.01
    endloop
  endfacet
  facet normal 0 0 1
    outer loop
      vertex 37.8253 -117.715 4.01
      vertex 37.925 -119.236 4.01
      vertex 37.925 -117.764 4.01
    endloop
  endfacet
  facet normal 0 0 1
    outer loop
      vertex 37.8253 -117.715 4.01
      vertex 37.8253 -119.285 4.01
      vertex 37.925 -119.236 4.01
    endloop
  endfacet
  facet normal 0 0 1
    outer loop
      vertex 37.72 -117.679 4.01
      vertex 37.8253 -119.285 4.01
      vertex 37.8253 -117.715 4.01
    endloop
  endfacet
  facet normal 0 0 1
    outer loop
      vertex 37.72 -117.679 4.01
      vertex 37.72 -119.321 4.01
      vertex 37.8253 -119.285 4.01
    endloop
  endfacet
  facet normal 0 0 1
    outer loop
      vertex 37.6109 -117.657 4.01
      vertex 37.72 -119.321 4.01
      vertex 37.72 -117.679 4.01
    endloop
  endfacet
  facet normal 0 0 1
    outer loop
      vertex 37.6109 -117.657 4.01
      vertex 37.6109 -119.343 4.01
      vertex 37.72 -119.321 4.01
    endloop
  endfacet
  facet normal 0 0 1
    outer loop
      vertex 37.5 -117.65 4.01
      vertex 37.6109 -119.343 4.01
      vertex 37.6109 -117.657 4.01
    endloop
  endfacet
  facet normal 0 0 1
    outer loop
      vertex 37.5 -117.65 4.01
      vertex 37.5 -119.35 4.01
      vertex 37.6109 -119.343 4.01
    endloop
  endfacet
  facet normal -0 0 1
    outer loop
      vertex 37.3891 -117.657 4.01
      vertex 37.5 -119.35 4.01
      vertex 37.5 -117.65 4.01
    endloop
  endfacet
  facet normal 0 0 1
    outer loop
      vertex 37.3891 -117.657 4.01
      vertex 37.3891 -119.343 4.01
      vertex 37.5 -119.35 4.01
    endloop
  endfacet
  facet normal -0 0 1
    outer loop
      vertex 37.28 -117.679 4.01
      vertex 37.3891 -119.343 4.01
      vertex 37.3891 -117.657 4.01
    endloop
  endfacet
  facet normal 0 0 1
    outer loop
      vertex 37.28 -117.679 4.01
      vertex 37.28 -119.321 4.01
      vertex 37.3891 -119.343 4.01
    endloop
  endfacet
  facet normal -0 0 1
    outer loop
      vertex 37.1747 -117.715 4.01
      vertex 37.28 -119.321 4.01
      vertex 37.28 -117.679 4.01
    endloop
  endfacet
  facet normal 0 0 1
    outer loop
      vertex 37.1747 -117.715 4.01
      vertex 37.1747 -119.285 4.01
      vertex 37.28 -119.321 4.01
    endloop
  endfacet
  facet normal -0 0 1
    outer loop
      vertex 37.075 -117.764 4.01
      vertex 37.1747 -119.285 4.01
      vertex 37.1747 -117.715 4.01
    endloop
  endfacet
  facet normal 0 0 1
    outer loop
      vertex 37.075 -117.764 4.01
      vertex 37.075 -119.236 4.01
      vertex 37.1747 -119.285 4.01
    endloop
  endfacet
  facet normal -0 0 1
    outer loop
      vertex 36.9826 -117.826 4.01
      vertex 37.075 -119.236 4.01
      vertex 37.075 -117.764 4.01
    endloop
  endfacet
  facet normal 0 0 1
    outer loop
      vertex 36.9826 -117.826 4.01
      vertex 36.9826 -119.174 4.01
      vertex 37.075 -119.236 4.01
    endloop
  endfacet
  facet normal -0 0 1
    outer loop
      vertex 36.899 -117.899 4.01
      vertex 36.9826 -119.174 4.01
      vertex 36.9826 -117.826 4.01
    endloop
  endfacet
  facet normal 0 0 1
    outer loop
      vertex 36.899 -117.899 4.01
      vertex 36.899 -119.101 4.01
      vertex 36.9826 -119.174 4.01
    endloop
  endfacet
  facet normal -0 0 1
    outer loop
      vertex 36.8256 -117.983 4.01
      vertex 36.899 -119.101 4.01
      vertex 36.899 -117.899 4.01
    endloop
  endfacet
  facet normal 0 0 1
    outer loop
      vertex 36.8256 -117.983 4.01
      vertex 36.8256 -119.017 4.01
      vertex 36.899 -119.101 4.01
    endloop
  endfacet
  facet normal -0 0 1
    outer loop
      vertex 36.7639 -118.075 4.01
      vertex 36.8256 -119.017 4.01
      vertex 36.8256 -117.983 4.01
    endloop
  endfacet
  facet normal 0 0 1
    outer loop
      vertex 36.7639 -118.075 4.01
      vertex 36.7639 -118.925 4.01
      vertex 36.8256 -119.017 4.01
    endloop
  endfacet
  facet normal -0 0 1
    outer loop
      vertex 36.7147 -118.175 4.01
      vertex 36.7639 -118.925 4.01
      vertex 36.7639 -118.075 4.01
    endloop
  endfacet
  facet normal 0 0 1
    outer loop
      vertex 36.7147 -118.175 4.01
      vertex 36.7147 -118.825 4.01
      vertex 36.7639 -118.925 4.01
    endloop
  endfacet
  facet normal -0 0 1
    outer loop
      vertex 36.679 -118.28 4.01
      vertex 36.7147 -118.825 4.01
      vertex 36.7147 -118.175 4.01
    endloop
  endfacet
  facet normal 0 0 1
    outer loop
      vertex 36.679 -118.28 4.01
      vertex 36.679 -118.72 4.01
      vertex 36.7147 -118.825 4.01
    endloop
  endfacet
  facet normal -0 0 1
    outer loop
      vertex 36.6573 -118.389 4.01
      vertex 36.679 -118.72 4.01
      vertex 36.679 -118.28 4.01
    endloop
  endfacet
  facet normal 0 0 1
    outer loop
      vertex 36.6573 -118.389 4.01
      vertex 36.6573 -118.611 4.01
      vertex 36.679 -118.72 4.01
    endloop
  endfacet
  facet normal 0 -0 1
    outer loop
      vertex 36.6573 -118.611 4.01
      vertex 36.6573 -118.389 4.01
      vertex 36.65 -118.5 4.01
    endloop
  endfacet
  facet normal 0.89728 -0.441462 0
    outer loop
      vertex 36.7147 -118.175 10
      vertex 36.7639 -118.075 4.01
      vertex 36.7639 -118.075 10
    endloop
  endfacet
  facet normal 0.89728 -0.441462 0
    outer loop
      vertex 36.7639 -118.075 4.01
      vertex 36.7147 -118.175 10
      vertex 36.7147 -118.175 4.01
    endloop
  endfacet
  facet normal 0.557186 -0.830387 0
    outer loop
      vertex 36.9826 -117.826 4.01
      vertex 37.075 -117.764 10
      vertex 36.9826 -117.826 10
    endloop
  endfacet
  facet normal 0.557186 -0.830387 0
    outer loop
      vertex 37.075 -117.764 10
      vertex 36.9826 -117.826 4.01
      vertex 37.075 -117.764 4.01
    endloop
  endfacet
  facet normal -0.752473 -0.658623 0
    outer loop
      vertex 35.5555 -107.945 2.5
      vertex 35.3183 -107.674 10
      vertex 35.3183 -107.674 2.5
    endloop
  endfacet
  facet normal -0.752473 -0.658623 0
    outer loop
      vertex 35.3183 -107.674 10
      vertex 35.5555 -107.945 2.5
      vertex 35.5555 -107.945 10
    endloop
  endfacet
  facet normal 0.980794 -0.195047 0
    outer loop
      vertex 40.1563 -106.712 10
      vertex 40.2265 -106.359 2.5
      vertex 40.2265 -106.359 10
    endloop
  endfacet
  facet normal 0.980794 -0.195047 0
    outer loop
      vertex 40.2265 -106.359 2.5
      vertex 40.1563 -106.712 10
      vertex 40.1563 -106.712 2.5
    endloop
  endfacet
  facet normal 0.066722 0.997772 -0
    outer loop
      vertex 37.8589 -103.274 2.5
      vertex 37.5 -103.25 10
      vertex 37.8589 -103.274 10
    endloop
  endfacet
  facet normal 0.066722 0.997772 0
    outer loop
      vertex 37.5 -103.25 10
      vertex 37.8589 -103.274 2.5
      vertex 37.5 -103.25 2.5
    endloop
  endfacet
  facet normal -0.946773 -0.321903 0
    outer loop
      vertex 34.9593 -107.052 2.5
      vertex 34.8437 -106.712 10
      vertex 34.8437 -106.712 2.5
    endloop
  endfacet
  facet normal -0.946773 -0.321903 0
    outer loop
      vertex 34.8437 -106.712 10
      vertex 34.9593 -107.052 2.5
      vertex 34.9593 -107.052 10
    endloop
  endfacet
  facet normal 0.831322 -0.55579 0
    outer loop
      vertex 39.6817 -107.674 10
      vertex 39.8816 -107.375 2.5
      vertex 39.8816 -107.375 10
    endloop
  endfacet
  facet normal 0.831322 -0.55579 0
    outer loop
      vertex 39.8816 -107.375 2.5
      vertex 39.6817 -107.674 10
      vertex 39.6817 -107.674 2.5
    endloop
  endfacet
  facet normal -0.194566 -0.980889 0
    outer loop
      vertex 36.7882 -108.656 2.5
      vertex 37.1411 -108.726 10
      vertex 36.7882 -108.656 10
    endloop
  endfacet
  facet normal -0.194566 -0.980889 -0
    outer loop
      vertex 37.1411 -108.726 10
      vertex 36.7882 -108.656 2.5
      vertex 37.1411 -108.726 2.5
    endloop
  endfacet
  facet normal 0.659134 0.752025 -0
    outer loop
      vertex 39.4445 -104.055 2.5
      vertex 39.1741 -103.818 10
      vertex 39.4445 -104.055 10
    endloop
  endfacet
  facet normal 0.659134 0.752025 0
    outer loop
      vertex 39.1741 -103.818 10
      vertex 39.4445 -104.055 2.5
      vertex 39.1741 -103.818 2.5
    endloop
  endfacet
  facet normal 0.997864 -0.0653198 0
    outer loop
      vertex 40.2265 -106.359 10
      vertex 40.25 -106 2.5
      vertex 40.25 -106 10
    endloop
  endfacet
  facet normal 0.997864 -0.0653198 0
    outer loop
      vertex 40.25 -106 2.5
      vertex 40.2265 -106.359 10
      vertex 40.2265 -106.359 2.5
    endloop
  endfacet
  facet normal -0.997864 -0.0653198 0
    outer loop
      vertex 34.7735 -106.359 2.5
      vertex 34.75 -106 10
      vertex 34.75 -106 2.5
    endloop
  endfacet
  facet normal -0.997864 -0.0653198 0
    outer loop
      vertex 34.75 -106 10
      vertex 34.7735 -106.359 2.5
      vertex 34.7735 -106.359 10
    endloop
  endfacet
  facet normal 0.752473 0.658623 0
    outer loop
      vertex 39.6817 -104.326 10
      vertex 39.4445 -104.055 2.5
      vertex 39.4445 -104.055 10
    endloop
  endfacet
  facet normal 0.752473 0.658623 0
    outer loop
      vertex 39.4445 -104.055 2.5
      vertex 39.6817 -104.326 10
      vertex 39.6817 -104.326 2.5
    endloop
  endfacet
  facet normal 0.946773 -0.321903 0
    outer loop
      vertex 40.0407 -107.052 10
      vertex 40.1563 -106.712 2.5
      vertex 40.1563 -106.712 10
    endloop
  endfacet
  facet normal 0.946773 -0.321903 0
    outer loop
      vertex 40.1563 -106.712 2.5
      vertex 40.0407 -107.052 10
      vertex 40.0407 -107.052 2.5
    endloop
  endfacet
  facet normal -0.319897 0.947452 0
    outer loop
      vertex 36.7882 -103.344 2.5
      vertex 36.4476 -103.459 10
      vertex 36.7882 -103.344 10
    endloop
  endfacet
  facet normal -0.319897 0.947452 0
    outer loop
      vertex 36.4476 -103.459 10
      vertex 36.7882 -103.344 2.5
      vertex 36.4476 -103.459 2.5
    endloop
  endfacet
  facet normal 0.555854 -0.83128 0
    outer loop
      vertex 38.875 -108.382 2.5
      vertex 39.1741 -108.182 10
      vertex 38.875 -108.382 10
    endloop
  endfacet
  facet normal 0.555854 -0.83128 0
    outer loop
      vertex 39.1741 -108.182 10
      vertex 38.875 -108.382 2.5
      vertex 39.1741 -108.182 2.5
    endloop
  endfacet
  facet normal -0.997864 0.0653198 0
    outer loop
      vertex 34.75 -106 2.5
      vertex 34.7735 -105.641 10
      vertex 34.7735 -105.641 2.5
    endloop
  endfacet
  facet normal -0.997864 0.0653198 0
    outer loop
      vertex 34.7735 -105.641 10
      vertex 34.75 -106 2.5
      vertex 34.75 -106 10
    endloop
  endfacet
  facet normal 0.194566 -0.980889 0
    outer loop
      vertex 37.8589 -108.726 2.5
      vertex 38.2118 -108.656 10
      vertex 37.8589 -108.726 10
    endloop
  endfacet
  facet normal 0.194566 -0.980889 0
    outer loop
      vertex 38.2118 -108.656 10
      vertex 37.8589 -108.726 2.5
      vertex 38.2118 -108.656 2.5
    endloop
  endfacet
  facet normal -0.946773 0.321903 0
    outer loop
      vertex 34.8437 -105.288 2.5
      vertex 34.9593 -104.948 10
      vertex 34.9593 -104.948 2.5
    endloop
  endfacet
  facet normal -0.946773 0.321903 0
    outer loop
      vertex 34.9593 -104.948 10
      vertex 34.8437 -105.288 2.5
      vertex 34.8437 -105.288 10
    endloop
  endfacet
  facet normal 0 0 1
    outer loop
      vertex 38.35 -106 10
      vertex 40.25 -106 10
      vertex 40.2265 -105.641 10
    endloop
  endfacet
  facet normal 0 0 1
    outer loop
      vertex 38.3427 -105.889 10
      vertex 40.2265 -105.641 10
      vertex 40.1563 -105.288 10
    endloop
  endfacet
  facet normal 0 0 1
    outer loop
      vertex 40.25 -106 10
      vertex 38.35 -106 10
      vertex 40.2265 -106.359 10
    endloop
  endfacet
  facet normal 0 0 1
    outer loop
      vertex 38.321 -105.78 10
      vertex 40.1563 -105.288 10
      vertex 40.0407 -104.948 10
    endloop
  endfacet
  facet normal -0 0 1
    outer loop
      vertex 38.3427 -106.111 10
      vertex 40.2265 -106.359 10
      vertex 38.35 -106 10
    endloop
  endfacet
  facet normal 0 0 1
    outer loop
      vertex 38.2853 -105.675 10
      vertex 40.0407 -104.948 10
      vertex 39.8816 -104.625 10
    endloop
  endfacet
  facet normal 0 0 1
    outer loop
      vertex 40.2265 -106.359 10
      vertex 38.3427 -106.111 10
      vertex 40.1563 -106.712 10
    endloop
  endfacet
  facet normal 0 0 1
    outer loop
      vertex 38.2361 -105.575 10
      vertex 39.8816 -104.625 10
      vertex 39.6817 -104.326 10
    endloop
  endfacet
  facet normal -0 0 1
    outer loop
      vertex 38.321 -106.22 10
      vertex 40.1563 -106.712 10
      vertex 38.3427 -106.111 10
    endloop
  endfacet
  facet normal 0 0 1
    outer loop
      vertex 38.1744 -105.483 10
      vertex 39.6817 -104.326 10
      vertex 39.4445 -104.055 10
    endloop
  endfacet
  facet normal 0 0 1
    outer loop
      vertex 40.1563 -106.712 10
      vertex 38.321 -106.22 10
      vertex 40.0407 -107.052 10
    endloop
  endfacet
  facet normal 0 0 1
    outer loop
      vertex 38.101 -105.399 10
      vertex 39.4445 -104.055 10
      vertex 39.1741 -103.818 10
    endloop
  endfacet
  facet normal -0 0 1
    outer loop
      vertex 38.2853 -106.325 10
      vertex 40.0407 -107.052 10
      vertex 38.321 -106.22 10
    endloop
  endfacet
  facet normal 0 0 1
    outer loop
      vertex 38.0174 -105.326 10
      vertex 39.1741 -103.818 10
      vertex 38.875 -103.618 10
    endloop
  endfacet
  facet normal 0 0 1
    outer loop
      vertex 40.0407 -107.052 10
      vertex 38.2853 -106.325 10
      vertex 39.8816 -107.375 10
    endloop
  endfacet
  facet normal 0 0 1
    outer loop
      vertex 37.925 -105.264 10
      vertex 38.875 -103.618 10
      vertex 38.5524 -103.459 10
    endloop
  endfacet
  facet normal -0 0 1
    outer loop
      vertex 38.2361 -106.425 10
      vertex 39.8816 -107.375 10
      vertex 38.2853 -106.325 10
    endloop
  endfacet
  facet normal 0 0 1
    outer loop
      vertex 39.8816 -107.375 10
      vertex 38.2361 -106.425 10
      vertex 39.6817 -107.674 10
    endloop
  endfacet
  facet normal 0 0 1
    outer loop
      vertex 40.2265 -105.641 10
      vertex 38.3427 -105.889 10
      vertex 38.35 -106 10
    endloop
  endfacet
  facet normal 0 0 1
    outer loop
      vertex 40.1563 -105.288 10
      vertex 38.321 -105.78 10
      vertex 38.3427 -105.889 10
    endloop
  endfacet
  facet normal 0 0 1
    outer loop
      vertex 40.0407 -104.948 10
      vertex 38.2853 -105.675 10
      vertex 38.321 -105.78 10
    endloop
  endfacet
  facet normal 0 0 1
    outer loop
      vertex 39.8816 -104.625 10
      vertex 38.2361 -105.575 10
      vertex 38.2853 -105.675 10
    endloop
  endfacet
  facet normal 0 0 1
    outer loop
      vertex 37.8253 -105.215 10
      vertex 38.5524 -103.459 10
      vertex 38.2118 -103.344 10
    endloop
  endfacet
  facet normal 0 0 1
    outer loop
      vertex 39.6817 -104.326 10
      vertex 38.1744 -105.483 10
      vertex 38.2361 -105.575 10
    endloop
  endfacet
  facet normal 0 0 1
    outer loop
      vertex 39.4445 -104.055 10
      vertex 38.101 -105.399 10
      vertex 38.1744 -105.483 10
    endloop
  endfacet
  facet normal 0 0 1
    outer loop
      vertex 39.1741 -103.818 10
      vertex 38.0174 -105.326 10
      vertex 38.101 -105.399 10
    endloop
  endfacet
  facet normal 0 0 1
    outer loop
      vertex 38.875 -103.618 10
      vertex 37.925 -105.264 10
      vertex 38.0174 -105.326 10
    endloop
  endfacet
  facet normal 0 0 1
    outer loop
      vertex 37.72 -105.179 10
      vertex 38.2118 -103.344 10
      vertex 37.8589 -103.274 10
    endloop
  endfacet
  facet normal 0 0 1
    outer loop
      vertex 38.5524 -103.459 10
      vertex 37.8253 -105.215 10
      vertex 37.925 -105.264 10
    endloop
  endfacet
  facet normal 0 0 1
    outer loop
      vertex 38.2118 -103.344 10
      vertex 37.72 -105.179 10
      vertex 37.8253 -105.215 10
    endloop
  endfacet
  facet normal 0 0 1
    outer loop
      vertex 37.8589 -103.274 10
      vertex 37.6109 -105.157 10
      vertex 37.72 -105.179 10
    endloop
  endfacet
  facet normal 0 0 1
    outer loop
      vertex 37.5 -103.25 10
      vertex 37.6109 -105.157 10
      vertex 37.8589 -103.274 10
    endloop
  endfacet
  facet normal 0 0 1
    outer loop
      vertex 37.5 -103.25 10
      vertex 37.5 -105.15 10
      vertex 37.6109 -105.157 10
    endloop
  endfacet
  facet normal 0 0 1
    outer loop
      vertex 37.5 -103.25 10
      vertex 37.3891 -105.157 10
      vertex 37.5 -105.15 10
    endloop
  endfacet
  facet normal -0 0 1
    outer loop
      vertex 37.1411 -103.274 10
      vertex 37.3891 -105.157 10
      vertex 37.5 -103.25 10
    endloop
  endfacet
  facet normal 0 0 1
    outer loop
      vertex 37.3891 -105.157 10
      vertex 37.1411 -103.274 10
      vertex 37.28 -105.179 10
    endloop
  endfacet
  facet normal -0 0 1
    outer loop
      vertex 36.7882 -103.344 10
      vertex 37.28 -105.179 10
      vertex 37.1411 -103.274 10
    endloop
  endfacet
  facet normal 0 0 1
    outer loop
      vertex 37.28 -105.179 10
      vertex 36.7882 -103.344 10
      vertex 37.1747 -105.215 10
    endloop
  endfacet
  facet normal -0 0 1
    outer loop
      vertex 36.4476 -103.459 10
      vertex 37.1747 -105.215 10
      vertex 36.7882 -103.344 10
    endloop
  endfacet
  facet normal 0 0 1
    outer loop
      vertex 37.1747 -105.215 10
      vertex 36.4476 -103.459 10
      vertex 37.075 -105.264 10
    endloop
  endfacet
  facet normal -0 0 1
    outer loop
      vertex 36.125 -103.618 10
      vertex 37.075 -105.264 10
      vertex 36.4476 -103.459 10
    endloop
  endfacet
  facet normal 0 0 1
    outer loop
      vertex 37.075 -105.264 10
      vertex 36.125 -103.618 10
      vertex 36.9826 -105.326 10
    endloop
  endfacet
  facet normal -0 0 1
    outer loop
      vertex 35.8259 -103.818 10
      vertex 36.9826 -105.326 10
      vertex 36.125 -103.618 10
    endloop
  endfacet
  facet normal 0 0 1
    outer loop
      vertex 36.9826 -105.326 10
      vertex 35.8259 -103.818 10
      vertex 36.899 -105.399 10
    endloop
  endfacet
  facet normal -0 0 1
    outer loop
      vertex 35.5555 -104.055 10
      vertex 36.899 -105.399 10
      vertex 35.8259 -103.818 10
    endloop
  endfacet
  facet normal 0 0 1
    outer loop
      vertex 36.899 -105.399 10
      vertex 35.5555 -104.055 10
      vertex 36.8256 -105.483 10
    endloop
  endfacet
  facet normal -0 0 1
    outer loop
      vertex 35.3183 -104.326 10
      vertex 36.8256 -105.483 10
      vertex 35.5555 -104.055 10
    endloop
  endfacet
  facet normal 0 0 1
    outer loop
      vertex 36.8256 -105.483 10
      vertex 35.3183 -104.326 10
      vertex 36.7639 -105.575 10
    endloop
  endfacet
  facet normal -0 0 1
    outer loop
      vertex 38.1744 -106.517 10
      vertex 39.6817 -107.674 10
      vertex 38.2361 -106.425 10
    endloop
  endfacet
  facet normal 0 0 1
    outer loop
      vertex 39.6817 -107.674 10
      vertex 38.1744 -106.517 10
      vertex 39.4445 -107.945 10
    endloop
  endfacet
  facet normal -0 0 1
    outer loop
      vertex 38.101 -106.601 10
      vertex 39.4445 -107.945 10
      vertex 38.1744 -106.517 10
    endloop
  endfacet
  facet normal 0 0 1
    outer loop
      vertex 39.4445 -107.945 10
      vertex 38.101 -106.601 10
      vertex 39.1741 -108.182 10
    endloop
  endfacet
  facet normal -0 0 1
    outer loop
      vertex 38.0174 -106.674 10
      vertex 39.1741 -108.182 10
      vertex 38.101 -106.601 10
    endloop
  endfacet
  facet normal 0 0 1
    outer loop
      vertex 39.1741 -108.182 10
      vertex 38.0174 -106.674 10
      vertex 38.875 -108.382 10
    endloop
  endfacet
  facet normal -0 0 1
    outer loop
      vertex 37.925 -106.736 10
      vertex 38.875 -108.382 10
      vertex 38.0174 -106.674 10
    endloop
  endfacet
  facet normal 0 0 1
    outer loop
      vertex 38.875 -108.382 10
      vertex 37.925 -106.736 10
      vertex 38.5524 -108.541 10
    endloop
  endfacet
  facet normal -0 0 1
    outer loop
      vertex 37.8253 -106.785 10
      vertex 38.5524 -108.541 10
      vertex 37.925 -106.736 10
    endloop
  endfacet
  facet normal 0 0 1
    outer loop
      vertex 38.5524 -108.541 10
      vertex 37.8253 -106.785 10
      vertex 38.2118 -108.656 10
    endloop
  endfacet
  facet normal -0 0 1
    outer loop
      vertex 37.72 -106.821 10
      vertex 38.2118 -108.656 10
      vertex 37.8253 -106.785 10
    endloop
  endfacet
  facet normal 0 0 1
    outer loop
      vertex 38.2118 -108.656 10
      vertex 37.72 -106.821 10
      vertex 37.8589 -108.726 10
    endloop
  endfacet
  facet normal -0 0 1
    outer loop
      vertex 37.6109 -106.843 10
      vertex 37.8589 -108.726 10
      vertex 37.72 -106.821 10
    endloop
  endfacet
  facet normal -0 0 1
    outer loop
      vertex 37.5 -106.85 10
      vertex 37.8589 -108.726 10
      vertex 37.6109 -106.843 10
    endloop
  endfacet
  facet normal 0 0 1
    outer loop
      vertex 37.5 -106.85 10
      vertex 37.5 -108.75 10
      vertex 37.8589 -108.726 10
    endloop
  endfacet
  facet normal 0 0 1
    outer loop
      vertex 37.3891 -106.843 10
      vertex 37.5 -108.75 10
      vertex 37.5 -106.85 10
    endloop
  endfacet
  facet normal 0 0 1
    outer loop
      vertex 37.1411 -108.726 10
      vertex 37.3891 -106.843 10
      vertex 37.28 -106.821 10
    endloop
  endfacet
  facet normal 0 0 1
    outer loop
      vertex 36.7882 -108.656 10
      vertex 37.28 -106.821 10
      vertex 37.1747 -106.785 10
    endloop
  endfacet
  facet normal 0 0 1
    outer loop
      vertex 37.3891 -106.843 10
      vertex 37.1411 -108.726 10
      vertex 37.5 -108.75 10
    endloop
  endfacet
  facet normal 0 0 1
    outer loop
      vertex 36.4476 -108.541 10
      vertex 37.1747 -106.785 10
      vertex 37.075 -106.736 10
    endloop
  endfacet
  facet normal 0 0 1
    outer loop
      vertex 36.125 -108.382 10
      vertex 37.075 -106.736 10
      vertex 36.9826 -106.674 10
    endloop
  endfacet
  facet normal 0 0 1
    outer loop
      vertex 35.8259 -108.182 10
      vertex 36.9826 -106.674 10
      vertex 36.899 -106.601 10
    endloop
  endfacet
  facet normal 0 0 1
    outer loop
      vertex 35.5555 -107.945 10
      vertex 36.899 -106.601 10
      vertex 36.8256 -106.517 10
    endloop
  endfacet
  facet normal 0 0 1
    outer loop
      vertex 37.28 -106.821 10
      vertex 36.7882 -108.656 10
      vertex 37.1411 -108.726 10
    endloop
  endfacet
  facet normal 0 0 1
    outer loop
      vertex 35.3183 -107.674 10
      vertex 36.8256 -106.517 10
      vertex 36.7639 -106.425 10
    endloop
  endfacet
  facet normal 0 0 1
    outer loop
      vertex 35.1184 -107.375 10
      vertex 36.7639 -106.425 10
      vertex 36.7147 -106.325 10
    endloop
  endfacet
  facet normal 0 0 1
    outer loop
      vertex 34.9593 -107.052 10
      vertex 36.7147 -106.325 10
      vertex 36.679 -106.22 10
    endloop
  endfacet
  facet normal 0 0 1
    outer loop
      vertex 34.8437 -106.712 10
      vertex 36.679 -106.22 10
      vertex 36.6573 -106.111 10
    endloop
  endfacet
  facet normal 0 0 1
    outer loop
      vertex 34.7735 -106.359 10
      vertex 36.6573 -106.111 10
      vertex 36.65 -106 10
    endloop
  endfacet
  facet normal -0 0 1
    outer loop
      vertex 35.1184 -104.625 10
      vertex 36.7639 -105.575 10
      vertex 35.3183 -104.326 10
    endloop
  endfacet
  facet normal 0 0 1
    outer loop
      vertex 37.1747 -106.785 10
      vertex 36.4476 -108.541 10
      vertex 36.7882 -108.656 10
    endloop
  endfacet
  facet normal 0 0 1
    outer loop
      vertex 36.7639 -105.575 10
      vertex 35.1184 -104.625 10
      vertex 36.7147 -105.675 10
    endloop
  endfacet
  facet normal 0 0 1
    outer loop
      vertex 37.075 -106.736 10
      vertex 36.125 -108.382 10
      vertex 36.4476 -108.541 10
    endloop
  endfacet
  facet normal -0 0 1
    outer loop
      vertex 34.9593 -104.948 10
      vertex 36.7147 -105.675 10
      vertex 35.1184 -104.625 10
    endloop
  endfacet
  facet normal 0 0 1
    outer loop
      vertex 36.9826 -106.674 10
      vertex 35.8259 -108.182 10
      vertex 36.125 -108.382 10
    endloop
  endfacet
  facet normal 0 0 1
    outer loop
      vertex 36.7147 -105.675 10
      vertex 34.9593 -104.948 10
      vertex 36.679 -105.78 10
    endloop
  endfacet
  facet normal 0 0 1
    outer loop
      vertex 36.899 -106.601 10
      vertex 35.5555 -107.945 10
      vertex 35.8259 -108.182 10
    endloop
  endfacet
  facet normal -0 0 1
    outer loop
      vertex 34.8437 -105.288 10
      vertex 36.679 -105.78 10
      vertex 34.9593 -104.948 10
    endloop
  endfacet
  facet normal 0 0 1
    outer loop
      vertex 36.8256 -106.517 10
      vertex 35.3183 -107.674 10
      vertex 35.5555 -107.945 10
    endloop
  endfacet
  facet normal 0 0 1
    outer loop
      vertex 36.679 -105.78 10
      vertex 34.8437 -105.288 10
      vertex 36.6573 -105.889 10
    endloop
  endfacet
  facet normal 0 0 1
    outer loop
      vertex 36.7639 -106.425 10
      vertex 35.1184 -107.375 10
      vertex 35.3183 -107.674 10
    endloop
  endfacet
  facet normal -0 0 1
    outer loop
      vertex 34.7735 -105.641 10
      vertex 36.6573 -105.889 10
      vertex 34.8437 -105.288 10
    endloop
  endfacet
  facet normal 0 0 1
    outer loop
      vertex 36.7147 -106.325 10
      vertex 34.9593 -107.052 10
      vertex 35.1184 -107.375 10
    endloop
  endfacet
  facet normal 0 0 1
    outer loop
      vertex 36.6573 -105.889 10
      vertex 34.7735 -105.641 10
      vertex 36.65 -106 10
    endloop
  endfacet
  facet normal 0 0 1
    outer loop
      vertex 36.679 -106.22 10
      vertex 34.8437 -106.712 10
      vertex 34.9593 -107.052 10
    endloop
  endfacet
  facet normal 0 0 1
    outer loop
      vertex 34.75 -106 10
      vertex 36.65 -106 10
      vertex 34.7735 -105.641 10
    endloop
  endfacet
  facet normal 0 0 1
    outer loop
      vertex 36.6573 -106.111 10
      vertex 34.7735 -106.359 10
      vertex 34.8437 -106.712 10
    endloop
  endfacet
  facet normal 0 0 1
    outer loop
      vertex 36.65 -106 10
      vertex 34.75 -106 10
      vertex 34.7735 -106.359 10
    endloop
  endfacet
  facet normal -0.066722 0.997772 0
    outer loop
      vertex 37.5 -103.25 2.5
      vertex 37.1411 -103.274 10
      vertex 37.5 -103.25 10
    endloop
  endfacet
  facet normal -0.066722 0.997772 0
    outer loop
      vertex 37.1411 -103.274 10
      vertex 37.5 -103.25 2.5
      vertex 37.1411 -103.274 2.5
    endloop
  endfacet
  facet normal 0.997864 0.0653198 0
    outer loop
      vertex 40.25 -106 10
      vertex 40.2265 -105.641 2.5
      vertex 40.2265 -105.641 10
    endloop
  endfacet
  facet normal 0.997864 0.0653198 0
    outer loop
      vertex 40.2265 -105.641 2.5
      vertex 40.25 -106 10
      vertex 40.25 -106 2.5
    endloop
  endfacet
  facet normal 0.44209 0.896971 -0
    outer loop
      vertex 38.875 -103.618 2.5
      vertex 38.5524 -103.459 10
      vertex 38.875 -103.618 10
    endloop
  endfacet
  facet normal 0.44209 0.896971 0
    outer loop
      vertex 38.5524 -103.459 10
      vertex 38.875 -103.618 2.5
      vertex 38.5524 -103.459 2.5
    endloop
  endfacet
  facet normal 0.066722 -0.997772 0
    outer loop
      vertex 37.5 -108.75 2.5
      vertex 37.8589 -108.726 10
      vertex 37.5 -108.75 10
    endloop
  endfacet
  facet normal 0.066722 -0.997772 0
    outer loop
      vertex 37.8589 -108.726 10
      vertex 37.5 -108.75 2.5
      vertex 37.8589 -108.726 2.5
    endloop
  endfacet
  facet normal -0.659134 0.752025 0
    outer loop
      vertex 35.8259 -103.818 2.5
      vertex 35.5555 -104.055 10
      vertex 35.8259 -103.818 10
    endloop
  endfacet
  facet normal -0.659134 0.752025 0
    outer loop
      vertex 35.5555 -104.055 10
      vertex 35.8259 -103.818 2.5
      vertex 35.5555 -104.055 2.5
    endloop
  endfacet
  facet normal 0.831322 0.55579 0
    outer loop
      vertex 39.8816 -104.625 10
      vertex 39.6817 -104.326 2.5
      vertex 39.6817 -104.326 10
    endloop
  endfacet
  facet normal 0.831322 0.55579 0
    outer loop
      vertex 39.6817 -104.326 2.5
      vertex 39.8816 -104.625 10
      vertex 39.8816 -104.625 2.5
    endloop
  endfacet
  facet normal 0.897078 -0.441873 0
    outer loop
      vertex 39.8816 -107.375 10
      vertex 40.0407 -107.052 2.5
      vertex 40.0407 -107.052 10
    endloop
  endfacet
  facet normal 0.897078 -0.441873 0
    outer loop
      vertex 40.0407 -107.052 2.5
      vertex 39.8816 -107.375 10
      vertex 39.8816 -107.375 2.5
    endloop
  endfacet
  facet normal 0.319897 0.947452 -0
    outer loop
      vertex 38.5524 -103.459 2.5
      vertex 38.2118 -103.344 10
      vertex 38.5524 -103.459 10
    endloop
  endfacet
  facet normal 0.319897 0.947452 0
    outer loop
      vertex 38.2118 -103.344 10
      vertex 38.5524 -103.459 2.5
      vertex 38.2118 -103.344 2.5
    endloop
  endfacet
  facet normal 0.555854 0.83128 -0
    outer loop
      vertex 39.1741 -103.818 2.5
      vertex 38.875 -103.618 10
      vertex 39.1741 -103.818 10
    endloop
  endfacet
  facet normal 0.555854 0.83128 0
    outer loop
      vertex 38.875 -103.618 10
      vertex 39.1741 -103.818 2.5
      vertex 38.875 -103.618 2.5
    endloop
  endfacet
  facet normal -0.659134 -0.752025 0
    outer loop
      vertex 35.5555 -107.945 2.5
      vertex 35.8259 -108.182 10
      vertex 35.5555 -107.945 10
    endloop
  endfacet
  facet normal -0.659134 -0.752025 -0
    outer loop
      vertex 35.8259 -108.182 10
      vertex 35.5555 -107.945 2.5
      vertex 35.8259 -108.182 2.5
    endloop
  endfacet
  facet normal 0.44209 -0.896971 0
    outer loop
      vertex 38.5524 -108.541 2.5
      vertex 38.875 -108.382 10
      vertex 38.5524 -108.541 10
    endloop
  endfacet
  facet normal 0.44209 -0.896971 0
    outer loop
      vertex 38.875 -108.382 10
      vertex 38.5524 -108.541 2.5
      vertex 38.875 -108.382 2.5
    endloop
  endfacet
  facet normal 0.897078 0.441873 0
    outer loop
      vertex 40.0407 -104.948 10
      vertex 39.8816 -104.625 2.5
      vertex 39.8816 -104.625 10
    endloop
  endfacet
  facet normal 0.897078 0.441873 0
    outer loop
      vertex 39.8816 -104.625 2.5
      vertex 40.0407 -104.948 10
      vertex 40.0407 -104.948 2.5
    endloop
  endfacet
  facet normal -0.555854 0.83128 0
    outer loop
      vertex 36.125 -103.618 2.5
      vertex 35.8259 -103.818 10
      vertex 36.125 -103.618 10
    endloop
  endfacet
  facet normal -0.555854 0.83128 0
    outer loop
      vertex 35.8259 -103.818 10
      vertex 36.125 -103.618 2.5
      vertex 35.8259 -103.818 2.5
    endloop
  endfacet
  facet normal 0.946773 0.321903 0
    outer loop
      vertex 40.1563 -105.288 10
      vertex 40.0407 -104.948 2.5
      vertex 40.0407 -104.948 10
    endloop
  endfacet
  facet normal 0.946773 0.321903 0
    outer loop
      vertex 40.0407 -104.948 2.5
      vertex 40.1563 -105.288 10
      vertex 40.1563 -105.288 2.5
    endloop
  endfacet
  facet normal 0.319897 -0.947452 0
    outer loop
      vertex 38.2118 -108.656 2.5
      vertex 38.5524 -108.541 10
      vertex 38.2118 -108.656 10
    endloop
  endfacet
  facet normal 0.319897 -0.947452 0
    outer loop
      vertex 38.5524 -108.541 10
      vertex 38.2118 -108.656 2.5
      vertex 38.5524 -108.541 2.5
    endloop
  endfacet
  facet normal -0.980794 -0.195047 0
    outer loop
      vertex 34.8437 -106.712 2.5
      vertex 34.7735 -106.359 10
      vertex 34.7735 -106.359 2.5
    endloop
  endfacet
  facet normal -0.980794 -0.195047 0
    outer loop
      vertex 34.7735 -106.359 10
      vertex 34.8437 -106.712 2.5
      vertex 34.8437 -106.712 10
    endloop
  endfacet
  facet normal -0.752473 0.658623 0
    outer loop
      vertex 35.3183 -104.326 2.5
      vertex 35.5555 -104.055 10
      vertex 35.5555 -104.055 2.5
    endloop
  endfacet
  facet normal -0.752473 0.658623 0
    outer loop
      vertex 35.5555 -104.055 10
      vertex 35.3183 -104.326 2.5
      vertex 35.3183 -104.326 10
    endloop
  endfacet
  facet normal -0.44209 -0.896971 0
    outer loop
      vertex 36.125 -108.382 2.5
      vertex 36.4476 -108.541 10
      vertex 36.125 -108.382 10
    endloop
  endfacet
  facet normal -0.44209 -0.896971 -0
    outer loop
      vertex 36.4476 -108.541 10
      vertex 36.125 -108.382 2.5
      vertex 36.4476 -108.541 2.5
    endloop
  endfacet
  facet normal -0.897078 -0.441873 0
    outer loop
      vertex 35.1184 -107.375 2.5
      vertex 34.9593 -107.052 10
      vertex 34.9593 -107.052 2.5
    endloop
  endfacet
  facet normal -0.897078 -0.441873 0
    outer loop
      vertex 34.9593 -107.052 10
      vertex 35.1184 -107.375 2.5
      vertex 35.1184 -107.375 10
    endloop
  endfacet
  facet normal 0.194566 0.980889 -0
    outer loop
      vertex 38.2118 -103.344 2.5
      vertex 37.8589 -103.274 10
      vertex 38.2118 -103.344 10
    endloop
  endfacet
  facet normal 0.194566 0.980889 0
    outer loop
      vertex 37.8589 -103.274 10
      vertex 38.2118 -103.344 2.5
      vertex 37.8589 -103.274 2.5
    endloop
  endfacet
  facet normal -0.319897 -0.947452 0
    outer loop
      vertex 36.4476 -108.541 2.5
      vertex 36.7882 -108.656 10
      vertex 36.4476 -108.541 10
    endloop
  endfacet
  facet normal -0.319897 -0.947452 -0
    outer loop
      vertex 36.7882 -108.656 10
      vertex 36.4476 -108.541 2.5
      vertex 36.7882 -108.656 2.5
    endloop
  endfacet
  facet normal -0.897078 0.441873 0
    outer loop
      vertex 34.9593 -104.948 2.5
      vertex 35.1184 -104.625 10
      vertex 35.1184 -104.625 2.5
    endloop
  endfacet
  facet normal -0.897078 0.441873 0
    outer loop
      vertex 35.1184 -104.625 10
      vertex 34.9593 -104.948 2.5
      vertex 34.9593 -104.948 10
    endloop
  endfacet
  facet normal 0.752473 -0.658623 0
    outer loop
      vertex 39.4445 -107.945 10
      vertex 39.6817 -107.674 2.5
      vertex 39.6817 -107.674 10
    endloop
  endfacet
  facet normal 0.752473 -0.658623 0
    outer loop
      vertex 39.6817 -107.674 2.5
      vertex 39.4445 -107.945 10
      vertex 39.4445 -107.945 2.5
    endloop
  endfacet
  facet normal -0.831322 -0.55579 0
    outer loop
      vertex 35.3183 -107.674 2.5
      vertex 35.1184 -107.375 10
      vertex 35.1184 -107.375 2.5
    endloop
  endfacet
  facet normal -0.831322 -0.55579 0
    outer loop
      vertex 35.1184 -107.375 10
      vertex 35.3183 -107.674 2.5
      vertex 35.3183 -107.674 10
    endloop
  endfacet
  facet normal -0.831322 0.55579 0
    outer loop
      vertex 35.1184 -104.625 2.5
      vertex 35.3183 -104.326 10
      vertex 35.3183 -104.326 2.5
    endloop
  endfacet
  facet normal -0.831322 0.55579 0
    outer loop
      vertex 35.3183 -104.326 10
      vertex 35.1184 -104.625 2.5
      vertex 35.1184 -104.625 10
    endloop
  endfacet
  facet normal 0.980794 0.195047 0
    outer loop
      vertex 40.2265 -105.641 10
      vertex 40.1563 -105.288 2.5
      vertex 40.1563 -105.288 10
    endloop
  endfacet
  facet normal 0.980794 0.195047 0
    outer loop
      vertex 40.1563 -105.288 2.5
      vertex 40.2265 -105.641 10
      vertex 40.2265 -105.641 2.5
    endloop
  endfacet
  facet normal 0.659134 -0.752025 0
    outer loop
      vertex 39.1741 -108.182 2.5
      vertex 39.4445 -107.945 10
      vertex 39.1741 -108.182 10
    endloop
  endfacet
  facet normal 0.659134 -0.752025 0
    outer loop
      vertex 39.4445 -107.945 10
      vertex 39.1741 -108.182 2.5
      vertex 39.4445 -107.945 2.5
    endloop
  endfacet
  facet normal -0.066722 -0.997772 0
    outer loop
      vertex 37.1411 -108.726 2.5
      vertex 37.5 -108.75 10
      vertex 37.1411 -108.726 10
    endloop
  endfacet
  facet normal -0.066722 -0.997772 -0
    outer loop
      vertex 37.5 -108.75 10
      vertex 37.1411 -108.726 2.5
      vertex 37.5 -108.75 2.5
    endloop
  endfacet
  facet normal -0.980794 0.195047 0
    outer loop
      vertex 34.7735 -105.641 2.5
      vertex 34.8437 -105.288 10
      vertex 34.8437 -105.288 2.5
    endloop
  endfacet
  facet normal -0.980794 0.195047 0
    outer loop
      vertex 34.8437 -105.288 10
      vertex 34.7735 -105.641 2.5
      vertex 34.7735 -105.641 10
    endloop
  endfacet
  facet normal -0.555854 -0.83128 0
    outer loop
      vertex 35.8259 -108.182 2.5
      vertex 36.125 -108.382 10
      vertex 35.8259 -108.182 10
    endloop
  endfacet
  facet normal -0.555854 -0.83128 -0
    outer loop
      vertex 36.125 -108.382 10
      vertex 35.8259 -108.182 2.5
      vertex 36.125 -108.382 2.5
    endloop
  endfacet
  facet normal -0.44209 0.896971 0
    outer loop
      vertex 36.4476 -103.459 2.5
      vertex 36.125 -103.618 10
      vertex 36.4476 -103.459 10
    endloop
  endfacet
  facet normal -0.44209 0.896971 0
    outer loop
      vertex 36.125 -103.618 10
      vertex 36.4476 -103.459 2.5
      vertex 36.125 -103.618 2.5
    endloop
  endfacet
  facet normal -0.194566 0.980889 0
    outer loop
      vertex 37.1411 -103.274 2.5
      vertex 36.7882 -103.344 10
      vertex 37.1411 -103.274 10
    endloop
  endfacet
  facet normal -0.194566 0.980889 0
    outer loop
      vertex 36.7882 -103.344 10
      vertex 37.1411 -103.274 2.5
      vertex 36.7882 -103.344 2.5
    endloop
  endfacet
  facet normal 0.657739 0.753246 -0
    outer loop
      vertex 36.9826 -106.674 4.01
      vertex 36.899 -106.601 10
      vertex 36.9826 -106.674 10
    endloop
  endfacet
  facet normal 0.657739 0.753246 0
    outer loop
      vertex 36.899 -106.601 10
      vertex 36.9826 -106.674 4.01
      vertex 36.899 -106.601 4.01
    endloop
  endfacet
  facet normal -0.89728 -0.441462 0
    outer loop
      vertex 38.2853 -105.675 4.01
      vertex 38.2361 -105.575 10
      vertex 38.2361 -105.575 4.01
    endloop
  endfacet
  facet normal -0.89728 -0.441462 0
    outer loop
      vertex 38.2361 -105.575 10
      vertex 38.2853 -105.675 4.01
      vertex 38.2853 -105.675 10
    endloop
  endfacet
  facet normal -0.197671 -0.980268 0
    outer loop
      vertex 37.6109 -105.157 4.01
      vertex 37.72 -105.179 10
      vertex 37.6109 -105.157 10
    endloop
  endfacet
  facet normal -0.197671 -0.980268 -0
    outer loop
      vertex 37.72 -105.179 10
      vertex 37.6109 -105.157 4.01
      vertex 37.72 -105.179 4.01
    endloop
  endfacet
  facet normal -0.830519 0.55699 0
    outer loop
      vertex 38.1744 -106.517 4.01
      vertex 38.2361 -106.425 10
      vertex 38.2361 -106.425 4.01
    endloop
  endfacet
  facet normal -0.830519 0.55699 0
    outer loop
      vertex 38.2361 -106.425 10
      vertex 38.1744 -106.517 4.01
      vertex 38.1744 -106.517 10
    endloop
  endfacet
  facet normal -0.89728 0.441462 0
    outer loop
      vertex 38.2361 -106.425 4.01
      vertex 38.2853 -106.325 10
      vertex 38.2853 -106.325 4.01
    endloop
  endfacet
  facet normal -0.89728 0.441462 0
    outer loop
      vertex 38.2853 -106.325 10
      vertex 38.2361 -106.425 4.01
      vertex 38.2361 -106.425 10
    endloop
  endfacet
  facet normal 0.980753 0.195251 0
    outer loop
      vertex 36.679 -106.22 10
      vertex 36.6573 -106.111 4.01
      vertex 36.6573 -106.111 10
    endloop
  endfacet
  facet normal 0.980753 0.195251 0
    outer loop
      vertex 36.6573 -106.111 4.01
      vertex 36.679 -106.22 10
      vertex 36.679 -106.22 4.01
    endloop
  endfacet
  facet normal 0.657739 -0.753246 0
    outer loop
      vertex 36.899 -105.399 4.01
      vertex 36.9826 -105.326 10
      vertex 36.899 -105.399 10
    endloop
  endfacet
  facet normal 0.657739 -0.753246 0
    outer loop
      vertex 36.9826 -105.326 10
      vertex 36.899 -105.399 4.01
      vertex 36.9826 -105.326 4.01
    endloop
  endfacet
  facet normal -0.753021 0.657997 0
    outer loop
      vertex 38.101 -106.601 4.01
      vertex 38.1744 -106.517 10
      vertex 38.1744 -106.517 4.01
    endloop
  endfacet
  facet normal -0.753021 0.657997 0
    outer loop
      vertex 38.1744 -106.517 10
      vertex 38.101 -106.601 4.01
      vertex 38.101 -106.601 10
    endloop
  endfacet
  facet normal 0.997844 0.065624 0
    outer loop
      vertex 36.6573 -106.111 10
      vertex 36.65 -106 4.01
      vertex 36.65 -106 10
    endloop
  endfacet
  facet normal 0.997844 0.065624 0
    outer loop
      vertex 36.65 -106 4.01
      vertex 36.6573 -106.111 10
      vertex 36.6573 -106.111 4.01
    endloop
  endfacet
  facet normal 0.441082 -0.897467 0
    outer loop
      vertex 37.075 -105.264 4.01
      vertex 37.1747 -105.215 10
      vertex 37.075 -105.264 10
    endloop
  endfacet
  facet normal 0.441082 -0.897467 0
    outer loop
      vertex 37.1747 -105.215 10
      vertex 37.075 -105.264 4.01
      vertex 37.1747 -105.215 4.01
    endloop
  endfacet
  facet normal 0.753021 0.657997 0
    outer loop
      vertex 36.899 -106.601 10
      vertex 36.8256 -106.517 4.01
      vertex 36.8256 -106.517 10
    endloop
  endfacet
  facet normal 0.753021 0.657997 0
    outer loop
      vertex 36.8256 -106.517 4.01
      vertex 36.899 -106.601 10
      vertex 36.899 -106.601 4.01
    endloop
  endfacet
  facet normal 0.557186 0.830387 -0
    outer loop
      vertex 37.075 -106.736 4.01
      vertex 36.9826 -106.674 10
      vertex 37.075 -106.736 10
    endloop
  endfacet
  facet normal 0.557186 0.830387 0
    outer loop
      vertex 36.9826 -106.674 10
      vertex 37.075 -106.736 4.01
      vertex 36.9826 -106.674 4.01
    endloop
  endfacet
  facet normal 0.830519 0.55699 0
    outer loop
      vertex 36.8256 -106.517 10
      vertex 36.7639 -106.425 4.01
      vertex 36.7639 -106.425 10
    endloop
  endfacet
  facet normal 0.830519 0.55699 0
    outer loop
      vertex 36.7639 -106.425 4.01
      vertex 36.8256 -106.517 10
      vertex 36.8256 -106.517 4.01
    endloop
  endfacet
  facet normal -0.997844 -0.065624 0
    outer loop
      vertex 38.35 -106 4.01
      vertex 38.3427 -105.889 10
      vertex 38.3427 -105.889 4.01
    endloop
  endfacet
  facet normal -0.997844 -0.065624 0
    outer loop
      vertex 38.3427 -105.889 10
      vertex 38.35 -106 4.01
      vertex 38.35 -106 10
    endloop
  endfacet
  facet normal -0.980753 0.195251 0
    outer loop
      vertex 38.321 -106.22 4.01
      vertex 38.3427 -106.111 10
      vertex 38.3427 -106.111 4.01
    endloop
  endfacet
  facet normal -0.980753 0.195251 0
    outer loop
      vertex 38.3427 -106.111 10
      vertex 38.321 -106.22 4.01
      vertex 38.321 -106.22 10
    endloop
  endfacet
  facet normal -0.0629946 0.998014 0
    outer loop
      vertex 37.6109 -106.843 4.01
      vertex 37.5 -106.85 10
      vertex 37.6109 -106.843 10
    endloop
  endfacet
  facet normal -0.0629946 0.998014 0
    outer loop
      vertex 37.5 -106.85 10
      vertex 37.6109 -106.843 4.01
      vertex 37.5 -106.85 4.01
    endloop
  endfacet
  facet normal 0.0629946 0.998014 -0
    outer loop
      vertex 37.5 -106.85 4.01
      vertex 37.3891 -106.843 10
      vertex 37.5 -106.85 10
    endloop
  endfacet
  facet normal 0.0629946 0.998014 0
    outer loop
      vertex 37.3891 -106.843 10
      vertex 37.5 -106.85 4.01
      vertex 37.3891 -106.843 4.01
    endloop
  endfacet
  facet normal -0.441082 -0.897467 0
    outer loop
      vertex 37.8253 -105.215 4.01
      vertex 37.925 -105.264 10
      vertex 37.8253 -105.215 10
    endloop
  endfacet
  facet normal -0.441082 -0.897467 -0
    outer loop
      vertex 37.925 -105.264 10
      vertex 37.8253 -105.215 4.01
      vertex 37.925 -105.264 4.01
    endloop
  endfacet
  facet normal -0.997844 0.065624 0
    outer loop
      vertex 38.3427 -106.111 4.01
      vertex 38.35 -106 10
      vertex 38.35 -106 4.01
    endloop
  endfacet
  facet normal -0.997844 0.065624 0
    outer loop
      vertex 38.35 -106 10
      vertex 38.3427 -106.111 4.01
      vertex 38.3427 -106.111 10
    endloop
  endfacet
  facet normal -0.557186 0.830387 0
    outer loop
      vertex 38.0174 -106.674 4.01
      vertex 37.925 -106.736 10
      vertex 38.0174 -106.674 10
    endloop
  endfacet
  facet normal -0.557186 0.830387 0
    outer loop
      vertex 37.925 -106.736 10
      vertex 38.0174 -106.674 4.01
      vertex 37.925 -106.736 4.01
    endloop
  endfacet
  facet normal -0.557186 -0.830387 0
    outer loop
      vertex 37.925 -105.264 4.01
      vertex 38.0174 -105.326 10
      vertex 37.925 -105.264 10
    endloop
  endfacet
  facet normal -0.557186 -0.830387 -0
    outer loop
      vertex 38.0174 -105.326 10
      vertex 37.925 -105.264 4.01
      vertex 38.0174 -105.326 4.01
    endloop
  endfacet
  facet normal -0.946773 -0.321903 0
    outer loop
      vertex 38.321 -105.78 4.01
      vertex 38.2853 -105.675 10
      vertex 38.2853 -105.675 4.01
    endloop
  endfacet
  facet normal -0.946773 -0.321903 0
    outer loop
      vertex 38.2853 -105.675 10
      vertex 38.321 -105.78 4.01
      vertex 38.321 -105.78 10
    endloop
  endfacet
  facet normal 0.323497 -0.946229 0
    outer loop
      vertex 37.1747 -105.215 4.01
      vertex 37.28 -105.179 10
      vertex 37.1747 -105.215 10
    endloop
  endfacet
  facet normal 0.323497 -0.946229 0
    outer loop
      vertex 37.28 -105.179 10
      vertex 37.1747 -105.215 4.01
      vertex 37.28 -105.179 4.01
    endloop
  endfacet
  facet normal -0.0629946 -0.998014 0
    outer loop
      vertex 37.5 -105.15 4.01
      vertex 37.6109 -105.157 10
      vertex 37.5 -105.15 10
    endloop
  endfacet
  facet normal -0.0629946 -0.998014 -0
    outer loop
      vertex 37.6109 -105.157 10
      vertex 37.5 -105.15 4.01
      vertex 37.6109 -105.157 4.01
    endloop
  endfacet
  facet normal -0.946773 0.321903 0
    outer loop
      vertex 38.2853 -106.325 4.01
      vertex 38.321 -106.22 10
      vertex 38.321 -106.22 4.01
    endloop
  endfacet
  facet normal -0.946773 0.321903 0
    outer loop
      vertex 38.321 -106.22 10
      vertex 38.2853 -106.325 4.01
      vertex 38.2853 -106.325 10
    endloop
  endfacet
  facet normal 0.946773 0.321903 0
    outer loop
      vertex 36.7147 -106.325 10
      vertex 36.679 -106.22 4.01
      vertex 36.679 -106.22 10
    endloop
  endfacet
  facet normal 0.946773 0.321903 0
    outer loop
      vertex 36.679 -106.22 4.01
      vertex 36.7147 -106.325 10
      vertex 36.7147 -106.325 4.01
    endloop
  endfacet
  facet normal 0.323497 0.946229 -0
    outer loop
      vertex 37.28 -106.821 4.01
      vertex 37.1747 -106.785 10
      vertex 37.28 -106.821 10
    endloop
  endfacet
  facet normal 0.323497 0.946229 0
    outer loop
      vertex 37.1747 -106.785 10
      vertex 37.28 -106.821 4.01
      vertex 37.1747 -106.785 4.01
    endloop
  endfacet
  facet normal -0.323497 0.946229 0
    outer loop
      vertex 37.8253 -106.785 4.01
      vertex 37.72 -106.821 10
      vertex 37.8253 -106.785 10
    endloop
  endfacet
  facet normal -0.323497 0.946229 0
    outer loop
      vertex 37.72 -106.821 10
      vertex 37.8253 -106.785 4.01
      vertex 37.72 -106.821 4.01
    endloop
  endfacet
  facet normal 0.946773 -0.321903 0
    outer loop
      vertex 36.679 -105.78 10
      vertex 36.7147 -105.675 4.01
      vertex 36.7147 -105.675 10
    endloop
  endfacet
  facet normal 0.946773 -0.321903 0
    outer loop
      vertex 36.7147 -105.675 4.01
      vertex 36.679 -105.78 10
      vertex 36.679 -105.78 4.01
    endloop
  endfacet
  facet normal 0.830519 -0.55699 0
    outer loop
      vertex 36.7639 -105.575 10
      vertex 36.8256 -105.483 4.01
      vertex 36.8256 -105.483 10
    endloop
  endfacet
  facet normal 0.830519 -0.55699 0
    outer loop
      vertex 36.8256 -105.483 4.01
      vertex 36.7639 -105.575 10
      vertex 36.7639 -105.575 4.01
    endloop
  endfacet
  facet normal 0.0629946 -0.998014 0
    outer loop
      vertex 37.3891 -105.157 4.01
      vertex 37.5 -105.15 10
      vertex 37.3891 -105.157 10
    endloop
  endfacet
  facet normal 0.0629946 -0.998014 0
    outer loop
      vertex 37.5 -105.15 10
      vertex 37.3891 -105.157 4.01
      vertex 37.5 -105.15 4.01
    endloop
  endfacet
  facet normal -0.830519 -0.55699 0
    outer loop
      vertex 38.2361 -105.575 4.01
      vertex 38.1744 -105.483 10
      vertex 38.1744 -105.483 4.01
    endloop
  endfacet
  facet normal -0.830519 -0.55699 0
    outer loop
      vertex 38.1744 -105.483 10
      vertex 38.2361 -105.575 4.01
      vertex 38.2361 -105.575 10
    endloop
  endfacet
  facet normal 0.441082 0.897467 -0
    outer loop
      vertex 37.1747 -106.785 4.01
      vertex 37.075 -106.736 10
      vertex 37.1747 -106.785 10
    endloop
  endfacet
  facet normal 0.441082 0.897467 0
    outer loop
      vertex 37.075 -106.736 10
      vertex 37.1747 -106.785 4.01
      vertex 37.075 -106.736 4.01
    endloop
  endfacet
  facet normal -0.980753 -0.195251 0
    outer loop
      vertex 38.3427 -105.889 4.01
      vertex 38.321 -105.78 10
      vertex 38.321 -105.78 4.01
    endloop
  endfacet
  facet normal -0.980753 -0.195251 0
    outer loop
      vertex 38.321 -105.78 10
      vertex 38.3427 -105.889 4.01
      vertex 38.3427 -105.889 10
    endloop
  endfacet
  facet normal -0.197671 0.980268 0
    outer loop
      vertex 37.72 -106.821 4.01
      vertex 37.6109 -106.843 10
      vertex 37.72 -106.821 10
    endloop
  endfacet
  facet normal -0.197671 0.980268 0
    outer loop
      vertex 37.6109 -106.843 10
      vertex 37.72 -106.821 4.01
      vertex 37.6109 -106.843 4.01
    endloop
  endfacet
  facet normal -0.753021 -0.657997 0
    outer loop
      vertex 38.1744 -105.483 4.01
      vertex 38.101 -105.399 10
      vertex 38.101 -105.399 4.01
    endloop
  endfacet
  facet normal -0.753021 -0.657997 0
    outer loop
      vertex 38.101 -105.399 10
      vertex 38.1744 -105.483 4.01
      vertex 38.1744 -105.483 10
    endloop
  endfacet
  facet normal -0.323497 -0.946229 0
    outer loop
      vertex 37.72 -105.179 4.01
      vertex 37.8253 -105.215 10
      vertex 37.72 -105.179 10
    endloop
  endfacet
  facet normal -0.323497 -0.946229 -0
    outer loop
      vertex 37.8253 -105.215 10
      vertex 37.72 -105.179 4.01
      vertex 37.8253 -105.215 4.01
    endloop
  endfacet
  facet normal 0.753021 -0.657997 0
    outer loop
      vertex 36.8256 -105.483 10
      vertex 36.899 -105.399 4.01
      vertex 36.899 -105.399 10
    endloop
  endfacet
  facet normal 0.753021 -0.657997 0
    outer loop
      vertex 36.899 -105.399 4.01
      vertex 36.8256 -105.483 10
      vertex 36.8256 -105.483 4.01
    endloop
  endfacet
  facet normal -0.657739 -0.753246 0
    outer loop
      vertex 38.0174 -105.326 4.01
      vertex 38.101 -105.399 10
      vertex 38.0174 -105.326 10
    endloop
  endfacet
  facet normal -0.657739 -0.753246 -0
    outer loop
      vertex 38.101 -105.399 10
      vertex 38.0174 -105.326 4.01
      vertex 38.101 -105.399 4.01
    endloop
  endfacet
  facet normal -0.441082 0.897467 0
    outer loop
      vertex 37.925 -106.736 4.01
      vertex 37.8253 -106.785 10
      vertex 37.925 -106.736 10
    endloop
  endfacet
  facet normal -0.441082 0.897467 0
    outer loop
      vertex 37.8253 -106.785 10
      vertex 37.925 -106.736 4.01
      vertex 37.8253 -106.785 4.01
    endloop
  endfacet
  facet normal 0.197671 0.980268 -0
    outer loop
      vertex 37.3891 -106.843 4.01
      vertex 37.28 -106.821 10
      vertex 37.3891 -106.843 10
    endloop
  endfacet
  facet normal 0.197671 0.980268 0
    outer loop
      vertex 37.28 -106.821 10
      vertex 37.3891 -106.843 4.01
      vertex 37.28 -106.821 4.01
    endloop
  endfacet
  facet normal 0.197671 -0.980268 0
    outer loop
      vertex 37.28 -105.179 4.01
      vertex 37.3891 -105.157 10
      vertex 37.28 -105.179 10
    endloop
  endfacet
  facet normal 0.197671 -0.980268 0
    outer loop
      vertex 37.3891 -105.157 10
      vertex 37.28 -105.179 4.01
      vertex 37.3891 -105.157 4.01
    endloop
  endfacet
  facet normal -0.657739 0.753246 0
    outer loop
      vertex 38.101 -106.601 4.01
      vertex 38.0174 -106.674 10
      vertex 38.101 -106.601 10
    endloop
  endfacet
  facet normal -0.657739 0.753246 0
    outer loop
      vertex 38.0174 -106.674 10
      vertex 38.101 -106.601 4.01
      vertex 38.0174 -106.674 4.01
    endloop
  endfacet
  facet normal 0.980753 -0.195251 0
    outer loop
      vertex 36.6573 -105.889 10
      vertex 36.679 -105.78 4.01
      vertex 36.679 -105.78 10
    endloop
  endfacet
  facet normal 0.980753 -0.195251 0
    outer loop
      vertex 36.679 -105.78 4.01
      vertex 36.6573 -105.889 10
      vertex 36.6573 -105.889 4.01
    endloop
  endfacet
  facet normal 0.997844 -0.065624 0
    outer loop
      vertex 36.65 -106 10
      vertex 36.6573 -105.889 4.01
      vertex 36.6573 -105.889 10
    endloop
  endfacet
  facet normal 0.997844 -0.065624 0
    outer loop
      vertex 36.6573 -105.889 4.01
      vertex 36.65 -106 10
      vertex 36.65 -106 4.01
    endloop
  endfacet
  facet normal 0.89728 0.441462 0
    outer loop
      vertex 36.7639 -106.425 10
      vertex 36.7147 -106.325 4.01
      vertex 36.7147 -106.325 10
    endloop
  endfacet
  facet normal 0.89728 0.441462 0
    outer loop
      vertex 36.7147 -106.325 4.01
      vertex 36.7639 -106.425 10
      vertex 36.7639 -106.425 4.01
    endloop
  endfacet
  facet normal 0 0 1
    outer loop
      vertex 38.3427 -105.889 4.01
      vertex 38.3427 -106.111 4.01
      vertex 38.35 -106 4.01
    endloop
  endfacet
  facet normal 0 0 1
    outer loop
      vertex 38.321 -105.78 4.01
      vertex 38.3427 -106.111 4.01
      vertex 38.3427 -105.889 4.01
    endloop
  endfacet
  facet normal 0 0 1
    outer loop
      vertex 38.321 -105.78 4.01
      vertex 38.321 -106.22 4.01
      vertex 38.3427 -106.111 4.01
    endloop
  endfacet
  facet normal 0 0 1
    outer loop
      vertex 38.2853 -105.675 4.01
      vertex 38.321 -106.22 4.01
      vertex 38.321 -105.78 4.01
    endloop
  endfacet
  facet normal 0 0 1
    outer loop
      vertex 38.2853 -105.675 4.01
      vertex 38.2853 -106.325 4.01
      vertex 38.321 -106.22 4.01
    endloop
  endfacet
  facet normal 0 0 1
    outer loop
      vertex 38.2361 -105.575 4.01
      vertex 38.2853 -106.325 4.01
      vertex 38.2853 -105.675 4.01
    endloop
  endfacet
  facet normal 0 0 1
    outer loop
      vertex 38.2361 -105.575 4.01
      vertex 38.2361 -106.425 4.01
      vertex 38.2853 -106.325 4.01
    endloop
  endfacet
  facet normal 0 0 1
    outer loop
      vertex 38.1744 -105.483 4.01
      vertex 38.2361 -106.425 4.01
      vertex 38.2361 -105.575 4.01
    endloop
  endfacet
  facet normal 0 0 1
    outer loop
      vertex 38.1744 -105.483 4.01
      vertex 38.1744 -106.517 4.01
      vertex 38.2361 -106.425 4.01
    endloop
  endfacet
  facet normal 0 0 1
    outer loop
      vertex 38.101 -105.399 4.01
      vertex 38.1744 -106.517 4.01
      vertex 38.1744 -105.483 4.01
    endloop
  endfacet
  facet normal 0 0 1
    outer loop
      vertex 38.101 -105.399 4.01
      vertex 38.101 -106.601 4.01
      vertex 38.1744 -106.517 4.01
    endloop
  endfacet
  facet normal 0 0 1
    outer loop
      vertex 38.0174 -105.326 4.01
      vertex 38.101 -106.601 4.01
      vertex 38.101 -105.399 4.01
    endloop
  endfacet
  facet normal 0 0 1
    outer loop
      vertex 38.0174 -105.326 4.01
      vertex 38.0174 -106.674 4.01
      vertex 38.101 -106.601 4.01
    endloop
  endfacet
  facet normal 0 0 1
    outer loop
      vertex 37.925 -105.264 4.01
      vertex 38.0174 -106.674 4.01
      vertex 38.0174 -105.326 4.01
    endloop
  endfacet
  facet normal 0 0 1
    outer loop
      vertex 37.925 -105.264 4.01
      vertex 37.925 -106.736 4.01
      vertex 38.0174 -106.674 4.01
    endloop
  endfacet
  facet normal 0 0 1
    outer loop
      vertex 37.8253 -105.215 4.01
      vertex 37.925 -106.736 4.01
      vertex 37.925 -105.264 4.01
    endloop
  endfacet
  facet normal 0 0 1
    outer loop
      vertex 37.8253 -105.215 4.01
      vertex 37.8253 -106.785 4.01
      vertex 37.925 -106.736 4.01
    endloop
  endfacet
  facet normal 0 0 1
    outer loop
      vertex 37.72 -105.179 4.01
      vertex 37.8253 -106.785 4.01
      vertex 37.8253 -105.215 4.01
    endloop
  endfacet
  facet normal 0 0 1
    outer loop
      vertex 37.72 -105.179 4.01
      vertex 37.72 -106.821 4.01
      vertex 37.8253 -106.785 4.01
    endloop
  endfacet
  facet normal 0 0 1
    outer loop
      vertex 37.6109 -105.157 4.01
      vertex 37.72 -106.821 4.01
      vertex 37.72 -105.179 4.01
    endloop
  endfacet
  facet normal 0 0 1
    outer loop
      vertex 37.6109 -105.157 4.01
      vertex 37.6109 -106.843 4.01
      vertex 37.72 -106.821 4.01
    endloop
  endfacet
  facet normal 0 0 1
    outer loop
      vertex 37.5 -105.15 4.01
      vertex 37.6109 -106.843 4.01
      vertex 37.6109 -105.157 4.01
    endloop
  endfacet
  facet normal 0 0 1
    outer loop
      vertex 37.5 -105.15 4.01
      vertex 37.5 -106.85 4.01
      vertex 37.6109 -106.843 4.01
    endloop
  endfacet
  facet normal -0 0 1
    outer loop
      vertex 37.3891 -105.157 4.01
      vertex 37.5 -106.85 4.01
      vertex 37.5 -105.15 4.01
    endloop
  endfacet
  facet normal 0 0 1
    outer loop
      vertex 37.3891 -105.157 4.01
      vertex 37.3891 -106.843 4.01
      vertex 37.5 -106.85 4.01
    endloop
  endfacet
  facet normal -0 0 1
    outer loop
      vertex 37.28 -105.179 4.01
      vertex 37.3891 -106.843 4.01
      vertex 37.3891 -105.157 4.01
    endloop
  endfacet
  facet normal 0 0 1
    outer loop
      vertex 37.28 -105.179 4.01
      vertex 37.28 -106.821 4.01
      vertex 37.3891 -106.843 4.01
    endloop
  endfacet
  facet normal -0 0 1
    outer loop
      vertex 37.1747 -105.215 4.01
      vertex 37.28 -106.821 4.01
      vertex 37.28 -105.179 4.01
    endloop
  endfacet
  facet normal 0 0 1
    outer loop
      vertex 37.1747 -105.215 4.01
      vertex 37.1747 -106.785 4.01
      vertex 37.28 -106.821 4.01
    endloop
  endfacet
  facet normal -0 0 1
    outer loop
      vertex 37.075 -105.264 4.01
      vertex 37.1747 -106.785 4.01
      vertex 37.1747 -105.215 4.01
    endloop
  endfacet
  facet normal 0 0 1
    outer loop
      vertex 37.075 -105.264 4.01
      vertex 37.075 -106.736 4.01
      vertex 37.1747 -106.785 4.01
    endloop
  endfacet
  facet normal -0 0 1
    outer loop
      vertex 36.9826 -105.326 4.01
      vertex 37.075 -106.736 4.01
      vertex 37.075 -105.264 4.01
    endloop
  endfacet
  facet normal 0 0 1
    outer loop
      vertex 36.9826 -105.326 4.01
      vertex 36.9826 -106.674 4.01
      vertex 37.075 -106.736 4.01
    endloop
  endfacet
  facet normal -0 0 1
    outer loop
      vertex 36.899 -105.399 4.01
      vertex 36.9826 -106.674 4.01
      vertex 36.9826 -105.326 4.01
    endloop
  endfacet
  facet normal 0 0 1
    outer loop
      vertex 36.899 -105.399 4.01
      vertex 36.899 -106.601 4.01
      vertex 36.9826 -106.674 4.01
    endloop
  endfacet
  facet normal -0 0 1
    outer loop
      vertex 36.8256 -105.483 4.01
      vertex 36.899 -106.601 4.01
      vertex 36.899 -105.399 4.01
    endloop
  endfacet
  facet normal 0 0 1
    outer loop
      vertex 36.8256 -105.483 4.01
      vertex 36.8256 -106.517 4.01
      vertex 36.899 -106.601 4.01
    endloop
  endfacet
  facet normal -0 0 1
    outer loop
      vertex 36.7639 -105.575 4.01
      vertex 36.8256 -106.517 4.01
      vertex 36.8256 -105.483 4.01
    endloop
  endfacet
  facet normal 0 0 1
    outer loop
      vertex 36.7639 -105.575 4.01
      vertex 36.7639 -106.425 4.01
      vertex 36.8256 -106.517 4.01
    endloop
  endfacet
  facet normal -0 0 1
    outer loop
      vertex 36.7147 -105.675 4.01
      vertex 36.7639 -106.425 4.01
      vertex 36.7639 -105.575 4.01
    endloop
  endfacet
  facet normal 0 0 1
    outer loop
      vertex 36.7147 -105.675 4.01
      vertex 36.7147 -106.325 4.01
      vertex 36.7639 -106.425 4.01
    endloop
  endfacet
  facet normal -0 0 1
    outer loop
      vertex 36.679 -105.78 4.01
      vertex 36.7147 -106.325 4.01
      vertex 36.7147 -105.675 4.01
    endloop
  endfacet
  facet normal 0 0 1
    outer loop
      vertex 36.679 -105.78 4.01
      vertex 36.679 -106.22 4.01
      vertex 36.7147 -106.325 4.01
    endloop
  endfacet
  facet normal -0 0 1
    outer loop
      vertex 36.6573 -105.889 4.01
      vertex 36.679 -106.22 4.01
      vertex 36.679 -105.78 4.01
    endloop
  endfacet
  facet normal 0 0 1
    outer loop
      vertex 36.6573 -105.889 4.01
      vertex 36.6573 -106.111 4.01
      vertex 36.679 -106.22 4.01
    endloop
  endfacet
  facet normal 0 -0 1
    outer loop
      vertex 36.6573 -106.111 4.01
      vertex 36.6573 -105.889 4.01
      vertex 36.65 -106 4.01
    endloop
  endfacet
  facet normal 0.89728 -0.441462 0
    outer loop
      vertex 36.7147 -105.675 10
      vertex 36.7639 -105.575 4.01
      vertex 36.7639 -105.575 10
    endloop
  endfacet
  facet normal 0.89728 -0.441462 0
    outer loop
      vertex 36.7639 -105.575 4.01
      vertex 36.7147 -105.675 10
      vertex 36.7147 -105.675 4.01
    endloop
  endfacet
  facet normal 0.557186 -0.830387 0
    outer loop
      vertex 36.9826 -105.326 4.01
      vertex 37.075 -105.264 10
      vertex 36.9826 -105.326 10
    endloop
  endfacet
  facet normal 0.557186 -0.830387 0
    outer loop
      vertex 37.075 -105.264 10
      vertex 36.9826 -105.326 4.01
      vertex 37.075 -105.264 4.01
    endloop
  endfacet
  facet normal -0.752473 -0.658623 0
    outer loop
      vertex 56.5555 -120.445 2.5
      vertex 56.3183 -120.174 10
      vertex 56.3183 -120.174 2.5
    endloop
  endfacet
  facet normal -0.752473 -0.658623 0
    outer loop
      vertex 56.3183 -120.174 10
      vertex 56.5555 -120.445 2.5
      vertex 56.5555 -120.445 10
    endloop
  endfacet
  facet normal 0.980794 -0.195047 0
    outer loop
      vertex 61.1563 -119.212 10
      vertex 61.2265 -118.859 2.5
      vertex 61.2265 -118.859 10
    endloop
  endfacet
  facet normal 0.980794 -0.195047 0
    outer loop
      vertex 61.2265 -118.859 2.5
      vertex 61.1563 -119.212 10
      vertex 61.1563 -119.212 2.5
    endloop
  endfacet
  facet normal 0.066722 0.997772 -0
    outer loop
      vertex 58.8589 -115.774 2.5
      vertex 58.5 -115.75 10
      vertex 58.8589 -115.774 10
    endloop
  endfacet
  facet normal 0.066722 0.997772 0
    outer loop
      vertex 58.5 -115.75 10
      vertex 58.8589 -115.774 2.5
      vertex 58.5 -115.75 2.5
    endloop
  endfacet
  facet normal -0.946773 -0.321903 0
    outer loop
      vertex 55.9593 -119.552 2.5
      vertex 55.8437 -119.212 10
      vertex 55.8437 -119.212 2.5
    endloop
  endfacet
  facet normal -0.946773 -0.321903 0
    outer loop
      vertex 55.8437 -119.212 10
      vertex 55.9593 -119.552 2.5
      vertex 55.9593 -119.552 10
    endloop
  endfacet
  facet normal 0.831322 -0.55579 0
    outer loop
      vertex 60.6817 -120.174 10
      vertex 60.8816 -119.875 2.5
      vertex 60.8816 -119.875 10
    endloop
  endfacet
  facet normal 0.831322 -0.55579 0
    outer loop
      vertex 60.8816 -119.875 2.5
      vertex 60.6817 -120.174 10
      vertex 60.6817 -120.174 2.5
    endloop
  endfacet
  facet normal -0.194566 -0.980889 0
    outer loop
      vertex 57.7882 -121.156 2.5
      vertex 58.1411 -121.226 10
      vertex 57.7882 -121.156 10
    endloop
  endfacet
  facet normal -0.194566 -0.980889 -0
    outer loop
      vertex 58.1411 -121.226 10
      vertex 57.7882 -121.156 2.5
      vertex 58.1411 -121.226 2.5
    endloop
  endfacet
  facet normal 0.659134 0.752025 -0
    outer loop
      vertex 60.4445 -116.555 2.5
      vertex 60.1741 -116.318 10
      vertex 60.4445 -116.555 10
    endloop
  endfacet
  facet normal 0.659134 0.752025 0
    outer loop
      vertex 60.1741 -116.318 10
      vertex 60.4445 -116.555 2.5
      vertex 60.1741 -116.318 2.5
    endloop
  endfacet
  facet normal 0.997864 -0.0653198 0
    outer loop
      vertex 61.2265 -118.859 10
      vertex 61.25 -118.5 2.5
      vertex 61.25 -118.5 10
    endloop
  endfacet
  facet normal 0.997864 -0.0653198 0
    outer loop
      vertex 61.25 -118.5 2.5
      vertex 61.2265 -118.859 10
      vertex 61.2265 -118.859 2.5
    endloop
  endfacet
  facet normal -0.997864 -0.0653198 0
    outer loop
      vertex 55.7735 -118.859 2.5
      vertex 55.75 -118.5 10
      vertex 55.75 -118.5 2.5
    endloop
  endfacet
  facet normal -0.997864 -0.0653198 0
    outer loop
      vertex 55.75 -118.5 10
      vertex 55.7735 -118.859 2.5
      vertex 55.7735 -118.859 10
    endloop
  endfacet
  facet normal 0.752473 0.658623 0
    outer loop
      vertex 60.6817 -116.826 10
      vertex 60.4445 -116.555 2.5
      vertex 60.4445 -116.555 10
    endloop
  endfacet
  facet normal 0.752473 0.658623 0
    outer loop
      vertex 60.4445 -116.555 2.5
      vertex 60.6817 -116.826 10
      vertex 60.6817 -116.826 2.5
    endloop
  endfacet
  facet normal 0.946773 -0.321903 0
    outer loop
      vertex 61.0407 -119.552 10
      vertex 61.1563 -119.212 2.5
      vertex 61.1563 -119.212 10
    endloop
  endfacet
  facet normal 0.946773 -0.321903 0
    outer loop
      vertex 61.1563 -119.212 2.5
      vertex 61.0407 -119.552 10
      vertex 61.0407 -119.552 2.5
    endloop
  endfacet
  facet normal -0.319897 0.947452 0
    outer loop
      vertex 57.7882 -115.844 2.5
      vertex 57.4476 -115.959 10
      vertex 57.7882 -115.844 10
    endloop
  endfacet
  facet normal -0.319897 0.947452 0
    outer loop
      vertex 57.4476 -115.959 10
      vertex 57.7882 -115.844 2.5
      vertex 57.4476 -115.959 2.5
    endloop
  endfacet
  facet normal 0.555854 -0.83128 0
    outer loop
      vertex 59.875 -120.882 2.5
      vertex 60.1741 -120.682 10
      vertex 59.875 -120.882 10
    endloop
  endfacet
  facet normal 0.555854 -0.83128 0
    outer loop
      vertex 60.1741 -120.682 10
      vertex 59.875 -120.882 2.5
      vertex 60.1741 -120.682 2.5
    endloop
  endfacet
  facet normal -0.997864 0.0653198 0
    outer loop
      vertex 55.75 -118.5 2.5
      vertex 55.7735 -118.141 10
      vertex 55.7735 -118.141 2.5
    endloop
  endfacet
  facet normal -0.997864 0.0653198 0
    outer loop
      vertex 55.7735 -118.141 10
      vertex 55.75 -118.5 2.5
      vertex 55.75 -118.5 10
    endloop
  endfacet
  facet normal 0.194566 -0.980889 0
    outer loop
      vertex 58.8589 -121.226 2.5
      vertex 59.2118 -121.156 10
      vertex 58.8589 -121.226 10
    endloop
  endfacet
  facet normal 0.194566 -0.980889 0
    outer loop
      vertex 59.2118 -121.156 10
      vertex 58.8589 -121.226 2.5
      vertex 59.2118 -121.156 2.5
    endloop
  endfacet
  facet normal -0.946773 0.321903 0
    outer loop
      vertex 55.8437 -117.788 2.5
      vertex 55.9593 -117.448 10
      vertex 55.9593 -117.448 2.5
    endloop
  endfacet
  facet normal -0.946773 0.321903 0
    outer loop
      vertex 55.9593 -117.448 10
      vertex 55.8437 -117.788 2.5
      vertex 55.8437 -117.788 10
    endloop
  endfacet
  facet normal 0 0 1
    outer loop
      vertex 59.35 -118.5 10
      vertex 61.25 -118.5 10
      vertex 61.2265 -118.141 10
    endloop
  endfacet
  facet normal 0 0 1
    outer loop
      vertex 59.3427 -118.389 10
      vertex 61.2265 -118.141 10
      vertex 61.1563 -117.788 10
    endloop
  endfacet
  facet normal 0 0 1
    outer loop
      vertex 61.25 -118.5 10
      vertex 59.35 -118.5 10
      vertex 61.2265 -118.859 10
    endloop
  endfacet
  facet normal 0 0 1
    outer loop
      vertex 59.321 -118.28 10
      vertex 61.1563 -117.788 10
      vertex 61.0407 -117.448 10
    endloop
  endfacet
  facet normal -0 0 1
    outer loop
      vertex 59.3427 -118.611 10
      vertex 61.2265 -118.859 10
      vertex 59.35 -118.5 10
    endloop
  endfacet
  facet normal 0 0 1
    outer loop
      vertex 59.2853 -118.175 10
      vertex 61.0407 -117.448 10
      vertex 60.8816 -117.125 10
    endloop
  endfacet
  facet normal 0 0 1
    outer loop
      vertex 61.2265 -118.859 10
      vertex 59.3427 -118.611 10
      vertex 61.1563 -119.212 10
    endloop
  endfacet
  facet normal 0 0 1
    outer loop
      vertex 59.2361 -118.075 10
      vertex 60.8816 -117.125 10
      vertex 60.6817 -116.826 10
    endloop
  endfacet
  facet normal -0 0 1
    outer loop
      vertex 59.321 -118.72 10
      vertex 61.1563 -119.212 10
      vertex 59.3427 -118.611 10
    endloop
  endfacet
  facet normal 0 0 1
    outer loop
      vertex 59.1744 -117.983 10
      vertex 60.6817 -116.826 10
      vertex 60.4445 -116.555 10
    endloop
  endfacet
  facet normal 0 0 1
    outer loop
      vertex 61.1563 -119.212 10
      vertex 59.321 -118.72 10
      vertex 61.0407 -119.552 10
    endloop
  endfacet
  facet normal 0 0 1
    outer loop
      vertex 59.101 -117.899 10
      vertex 60.4445 -116.555 10
      vertex 60.1741 -116.318 10
    endloop
  endfacet
  facet normal -0 0 1
    outer loop
      vertex 59.2853 -118.825 10
      vertex 61.0407 -119.552 10
      vertex 59.321 -118.72 10
    endloop
  endfacet
  facet normal 0 0 1
    outer loop
      vertex 59.0174 -117.826 10
      vertex 60.1741 -116.318 10
      vertex 59.875 -116.118 10
    endloop
  endfacet
  facet normal 0 0 1
    outer loop
      vertex 61.0407 -119.552 10
      vertex 59.2853 -118.825 10
      vertex 60.8816 -119.875 10
    endloop
  endfacet
  facet normal 0 0 1
    outer loop
      vertex 58.925 -117.764 10
      vertex 59.875 -116.118 10
      vertex 59.5524 -115.959 10
    endloop
  endfacet
  facet normal -0 0 1
    outer loop
      vertex 59.2361 -118.925 10
      vertex 60.8816 -119.875 10
      vertex 59.2853 -118.825 10
    endloop
  endfacet
  facet normal 0 0 1
    outer loop
      vertex 60.8816 -119.875 10
      vertex 59.2361 -118.925 10
      vertex 60.6817 -120.174 10
    endloop
  endfacet
  facet normal 0 0 1
    outer loop
      vertex 61.2265 -118.141 10
      vertex 59.3427 -118.389 10
      vertex 59.35 -118.5 10
    endloop
  endfacet
  facet normal 0 0 1
    outer loop
      vertex 61.1563 -117.788 10
      vertex 59.321 -118.28 10
      vertex 59.3427 -118.389 10
    endloop
  endfacet
  facet normal 0 0 1
    outer loop
      vertex 61.0407 -117.448 10
      vertex 59.2853 -118.175 10
      vertex 59.321 -118.28 10
    endloop
  endfacet
  facet normal 0 0 1
    outer loop
      vertex 60.8816 -117.125 10
      vertex 59.2361 -118.075 10
      vertex 59.2853 -118.175 10
    endloop
  endfacet
  facet normal 0 0 1
    outer loop
      vertex 58.8253 -117.715 10
      vertex 59.5524 -115.959 10
      vertex 59.2118 -115.844 10
    endloop
  endfacet
  facet normal 0 0 1
    outer loop
      vertex 60.6817 -116.826 10
      vertex 59.1744 -117.983 10
      vertex 59.2361 -118.075 10
    endloop
  endfacet
  facet normal 0 0 1
    outer loop
      vertex 60.4445 -116.555 10
      vertex 59.101 -117.899 10
      vertex 59.1744 -117.983 10
    endloop
  endfacet
  facet normal 0 0 1
    outer loop
      vertex 60.1741 -116.318 10
      vertex 59.0174 -117.826 10
      vertex 59.101 -117.899 10
    endloop
  endfacet
  facet normal 0 0 1
    outer loop
      vertex 59.875 -116.118 10
      vertex 58.925 -117.764 10
      vertex 59.0174 -117.826 10
    endloop
  endfacet
  facet normal 0 0 1
    outer loop
      vertex 58.72 -117.679 10
      vertex 59.2118 -115.844 10
      vertex 58.8589 -115.774 10
    endloop
  endfacet
  facet normal 0 0 1
    outer loop
      vertex 59.5524 -115.959 10
      vertex 58.8253 -117.715 10
      vertex 58.925 -117.764 10
    endloop
  endfacet
  facet normal 0 0 1
    outer loop
      vertex 59.2118 -115.844 10
      vertex 58.72 -117.679 10
      vertex 58.8253 -117.715 10
    endloop
  endfacet
  facet normal 0 0 1
    outer loop
      vertex 58.8589 -115.774 10
      vertex 58.6109 -117.657 10
      vertex 58.72 -117.679 10
    endloop
  endfacet
  facet normal 0 0 1
    outer loop
      vertex 58.5 -115.75 10
      vertex 58.6109 -117.657 10
      vertex 58.8589 -115.774 10
    endloop
  endfacet
  facet normal 0 0 1
    outer loop
      vertex 58.5 -115.75 10
      vertex 58.5 -117.65 10
      vertex 58.6109 -117.657 10
    endloop
  endfacet
  facet normal 0 0 1
    outer loop
      vertex 58.5 -115.75 10
      vertex 58.3891 -117.657 10
      vertex 58.5 -117.65 10
    endloop
  endfacet
  facet normal -0 0 1
    outer loop
      vertex 58.1411 -115.774 10
      vertex 58.3891 -117.657 10
      vertex 58.5 -115.75 10
    endloop
  endfacet
  facet normal 0 0 1
    outer loop
      vertex 58.3891 -117.657 10
      vertex 58.1411 -115.774 10
      vertex 58.28 -117.679 10
    endloop
  endfacet
  facet normal -0 0 1
    outer loop
      vertex 57.7882 -115.844 10
      vertex 58.28 -117.679 10
      vertex 58.1411 -115.774 10
    endloop
  endfacet
  facet normal 0 0 1
    outer loop
      vertex 58.28 -117.679 10
      vertex 57.7882 -115.844 10
      vertex 58.1747 -117.715 10
    endloop
  endfacet
  facet normal -0 0 1
    outer loop
      vertex 57.4476 -115.959 10
      vertex 58.1747 -117.715 10
      vertex 57.7882 -115.844 10
    endloop
  endfacet
  facet normal 0 0 1
    outer loop
      vertex 58.1747 -117.715 10
      vertex 57.4476 -115.959 10
      vertex 58.075 -117.764 10
    endloop
  endfacet
  facet normal -0 0 1
    outer loop
      vertex 57.125 -116.118 10
      vertex 58.075 -117.764 10
      vertex 57.4476 -115.959 10
    endloop
  endfacet
  facet normal 0 0 1
    outer loop
      vertex 58.075 -117.764 10
      vertex 57.125 -116.118 10
      vertex 57.9826 -117.826 10
    endloop
  endfacet
  facet normal -0 0 1
    outer loop
      vertex 56.8259 -116.318 10
      vertex 57.9826 -117.826 10
      vertex 57.125 -116.118 10
    endloop
  endfacet
  facet normal 0 0 1
    outer loop
      vertex 57.9826 -117.826 10
      vertex 56.8259 -116.318 10
      vertex 57.899 -117.899 10
    endloop
  endfacet
  facet normal -0 0 1
    outer loop
      vertex 56.5555 -116.555 10
      vertex 57.899 -117.899 10
      vertex 56.8259 -116.318 10
    endloop
  endfacet
  facet normal 0 0 1
    outer loop
      vertex 57.899 -117.899 10
      vertex 56.5555 -116.555 10
      vertex 57.8256 -117.983 10
    endloop
  endfacet
  facet normal -0 0 1
    outer loop
      vertex 56.3183 -116.826 10
      vertex 57.8256 -117.983 10
      vertex 56.5555 -116.555 10
    endloop
  endfacet
  facet normal 0 0 1
    outer loop
      vertex 57.8256 -117.983 10
      vertex 56.3183 -116.826 10
      vertex 57.7639 -118.075 10
    endloop
  endfacet
  facet normal -0 0 1
    outer loop
      vertex 59.1744 -119.017 10
      vertex 60.6817 -120.174 10
      vertex 59.2361 -118.925 10
    endloop
  endfacet
  facet normal 0 0 1
    outer loop
      vertex 60.6817 -120.174 10
      vertex 59.1744 -119.017 10
      vertex 60.4445 -120.445 10
    endloop
  endfacet
  facet normal -0 0 1
    outer loop
      vertex 59.101 -119.101 10
      vertex 60.4445 -120.445 10
      vertex 59.1744 -119.017 10
    endloop
  endfacet
  facet normal 0 0 1
    outer loop
      vertex 60.4445 -120.445 10
      vertex 59.101 -119.101 10
      vertex 60.1741 -120.682 10
    endloop
  endfacet
  facet normal -0 0 1
    outer loop
      vertex 59.0174 -119.174 10
      vertex 60.1741 -120.682 10
      vertex 59.101 -119.101 10
    endloop
  endfacet
  facet normal 0 0 1
    outer loop
      vertex 60.1741 -120.682 10
      vertex 59.0174 -119.174 10
      vertex 59.875 -120.882 10
    endloop
  endfacet
  facet normal -0 0 1
    outer loop
      vertex 58.925 -119.236 10
      vertex 59.875 -120.882 10
      vertex 59.0174 -119.174 10
    endloop
  endfacet
  facet normal 0 0 1
    outer loop
      vertex 59.875 -120.882 10
      vertex 58.925 -119.236 10
      vertex 59.5524 -121.041 10
    endloop
  endfacet
  facet normal -0 0 1
    outer loop
      vertex 58.8253 -119.285 10
      vertex 59.5524 -121.041 10
      vertex 58.925 -119.236 10
    endloop
  endfacet
  facet normal 0 0 1
    outer loop
      vertex 59.5524 -121.041 10
      vertex 58.8253 -119.285 10
      vertex 59.2118 -121.156 10
    endloop
  endfacet
  facet normal -0 0 1
    outer loop
      vertex 58.72 -119.321 10
      vertex 59.2118 -121.156 10
      vertex 58.8253 -119.285 10
    endloop
  endfacet
  facet normal 0 0 1
    outer loop
      vertex 59.2118 -121.156 10
      vertex 58.72 -119.321 10
      vertex 58.8589 -121.226 10
    endloop
  endfacet
  facet normal -0 0 1
    outer loop
      vertex 58.6109 -119.343 10
      vertex 58.8589 -121.226 10
      vertex 58.72 -119.321 10
    endloop
  endfacet
  facet normal -0 0 1
    outer loop
      vertex 58.5 -119.35 10
      vertex 58.8589 -121.226 10
      vertex 58.6109 -119.343 10
    endloop
  endfacet
  facet normal 0 0 1
    outer loop
      vertex 58.5 -119.35 10
      vertex 58.5 -121.25 10
      vertex 58.8589 -121.226 10
    endloop
  endfacet
  facet normal 0 0 1
    outer loop
      vertex 58.3891 -119.343 10
      vertex 58.5 -121.25 10
      vertex 58.5 -119.35 10
    endloop
  endfacet
  facet normal 0 0 1
    outer loop
      vertex 58.1411 -121.226 10
      vertex 58.3891 -119.343 10
      vertex 58.28 -119.321 10
    endloop
  endfacet
  facet normal 0 0 1
    outer loop
      vertex 57.7882 -121.156 10
      vertex 58.28 -119.321 10
      vertex 58.1747 -119.285 10
    endloop
  endfacet
  facet normal 0 0 1
    outer loop
      vertex 58.3891 -119.343 10
      vertex 58.1411 -121.226 10
      vertex 58.5 -121.25 10
    endloop
  endfacet
  facet normal 0 0 1
    outer loop
      vertex 57.4476 -121.041 10
      vertex 58.1747 -119.285 10
      vertex 58.075 -119.236 10
    endloop
  endfacet
  facet normal 0 0 1
    outer loop
      vertex 57.125 -120.882 10
      vertex 58.075 -119.236 10
      vertex 57.9826 -119.174 10
    endloop
  endfacet
  facet normal 0 0 1
    outer loop
      vertex 56.8259 -120.682 10
      vertex 57.9826 -119.174 10
      vertex 57.899 -119.101 10
    endloop
  endfacet
  facet normal 0 0 1
    outer loop
      vertex 56.5555 -120.445 10
      vertex 57.899 -119.101 10
      vertex 57.8256 -119.017 10
    endloop
  endfacet
  facet normal 0 0 1
    outer loop
      vertex 58.28 -119.321 10
      vertex 57.7882 -121.156 10
      vertex 58.1411 -121.226 10
    endloop
  endfacet
  facet normal 0 0 1
    outer loop
      vertex 56.3183 -120.174 10
      vertex 57.8256 -119.017 10
      vertex 57.7639 -118.925 10
    endloop
  endfacet
  facet normal 0 0 1
    outer loop
      vertex 56.1184 -119.875 10
      vertex 57.7639 -118.925 10
      vertex 57.7147 -118.825 10
    endloop
  endfacet
  facet normal 0 0 1
    outer loop
      vertex 55.9593 -119.552 10
      vertex 57.7147 -118.825 10
      vertex 57.679 -118.72 10
    endloop
  endfacet
  facet normal 0 0 1
    outer loop
      vertex 55.8437 -119.212 10
      vertex 57.679 -118.72 10
      vertex 57.6573 -118.611 10
    endloop
  endfacet
  facet normal 0 0 1
    outer loop
      vertex 55.7735 -118.859 10
      vertex 57.6573 -118.611 10
      vertex 57.65 -118.5 10
    endloop
  endfacet
  facet normal -0 0 1
    outer loop
      vertex 56.1184 -117.125 10
      vertex 57.7639 -118.075 10
      vertex 56.3183 -116.826 10
    endloop
  endfacet
  facet normal 0 0 1
    outer loop
      vertex 58.1747 -119.285 10
      vertex 57.4476 -121.041 10
      vertex 57.7882 -121.156 10
    endloop
  endfacet
  facet normal 0 0 1
    outer loop
      vertex 57.7639 -118.075 10
      vertex 56.1184 -117.125 10
      vertex 57.7147 -118.175 10
    endloop
  endfacet
  facet normal 0 0 1
    outer loop
      vertex 58.075 -119.236 10
      vertex 57.125 -120.882 10
      vertex 57.4476 -121.041 10
    endloop
  endfacet
  facet normal -0 0 1
    outer loop
      vertex 55.9593 -117.448 10
      vertex 57.7147 -118.175 10
      vertex 56.1184 -117.125 10
    endloop
  endfacet
  facet normal 0 0 1
    outer loop
      vertex 57.9826 -119.174 10
      vertex 56.8259 -120.682 10
      vertex 57.125 -120.882 10
    endloop
  endfacet
  facet normal 0 0 1
    outer loop
      vertex 57.7147 -118.175 10
      vertex 55.9593 -117.448 10
      vertex 57.679 -118.28 10
    endloop
  endfacet
  facet normal 0 0 1
    outer loop
      vertex 57.899 -119.101 10
      vertex 56.5555 -120.445 10
      vertex 56.8259 -120.682 10
    endloop
  endfacet
  facet normal -0 0 1
    outer loop
      vertex 55.8437 -117.788 10
      vertex 57.679 -118.28 10
      vertex 55.9593 -117.448 10
    endloop
  endfacet
  facet normal 0 0 1
    outer loop
      vertex 57.8256 -119.017 10
      vertex 56.3183 -120.174 10
      vertex 56.5555 -120.445 10
    endloop
  endfacet
  facet normal 0 0 1
    outer loop
      vertex 57.679 -118.28 10
      vertex 55.8437 -117.788 10
      vertex 57.6573 -118.389 10
    endloop
  endfacet
  facet normal 0 0 1
    outer loop
      vertex 57.7639 -118.925 10
      vertex 56.1184 -119.875 10
      vertex 56.3183 -120.174 10
    endloop
  endfacet
  facet normal -0 0 1
    outer loop
      vertex 55.7735 -118.141 10
      vertex 57.6573 -118.389 10
      vertex 55.8437 -117.788 10
    endloop
  endfacet
  facet normal 0 0 1
    outer loop
      vertex 57.7147 -118.825 10
      vertex 55.9593 -119.552 10
      vertex 56.1184 -119.875 10
    endloop
  endfacet
  facet normal 0 0 1
    outer loop
      vertex 57.6573 -118.389 10
      vertex 55.7735 -118.141 10
      vertex 57.65 -118.5 10
    endloop
  endfacet
  facet normal 0 0 1
    outer loop
      vertex 57.679 -118.72 10
      vertex 55.8437 -119.212 10
      vertex 55.9593 -119.552 10
    endloop
  endfacet
  facet normal 0 0 1
    outer loop
      vertex 55.75 -118.5 10
      vertex 57.65 -118.5 10
      vertex 55.7735 -118.141 10
    endloop
  endfacet
  facet normal 0 0 1
    outer loop
      vertex 57.6573 -118.611 10
      vertex 55.7735 -118.859 10
      vertex 55.8437 -119.212 10
    endloop
  endfacet
  facet normal 0 0 1
    outer loop
      vertex 57.65 -118.5 10
      vertex 55.75 -118.5 10
      vertex 55.7735 -118.859 10
    endloop
  endfacet
  facet normal -0.066722 0.997772 0
    outer loop
      vertex 58.5 -115.75 2.5
      vertex 58.1411 -115.774 10
      vertex 58.5 -115.75 10
    endloop
  endfacet
  facet normal -0.066722 0.997772 0
    outer loop
      vertex 58.1411 -115.774 10
      vertex 58.5 -115.75 2.5
      vertex 58.1411 -115.774 2.5
    endloop
  endfacet
  facet normal 0.997864 0.0653198 0
    outer loop
      vertex 61.25 -118.5 10
      vertex 61.2265 -118.141 2.5
      vertex 61.2265 -118.141 10
    endloop
  endfacet
  facet normal 0.997864 0.0653198 0
    outer loop
      vertex 61.2265 -118.141 2.5
      vertex 61.25 -118.5 10
      vertex 61.25 -118.5 2.5
    endloop
  endfacet
  facet normal 0.44209 0.896971 -0
    outer loop
      vertex 59.875 -116.118 2.5
      vertex 59.5524 -115.959 10
      vertex 59.875 -116.118 10
    endloop
  endfacet
  facet normal 0.44209 0.896971 0
    outer loop
      vertex 59.5524 -115.959 10
      vertex 59.875 -116.118 2.5
      vertex 59.5524 -115.959 2.5
    endloop
  endfacet
  facet normal 0.066722 -0.997772 0
    outer loop
      vertex 58.5 -121.25 2.5
      vertex 58.8589 -121.226 10
      vertex 58.5 -121.25 10
    endloop
  endfacet
  facet normal 0.066722 -0.997772 0
    outer loop
      vertex 58.8589 -121.226 10
      vertex 58.5 -121.25 2.5
      vertex 58.8589 -121.226 2.5
    endloop
  endfacet
  facet normal -0.659134 0.752025 0
    outer loop
      vertex 56.8259 -116.318 2.5
      vertex 56.5555 -116.555 10
      vertex 56.8259 -116.318 10
    endloop
  endfacet
  facet normal -0.659134 0.752025 0
    outer loop
      vertex 56.5555 -116.555 10
      vertex 56.8259 -116.318 2.5
      vertex 56.5555 -116.555 2.5
    endloop
  endfacet
  facet normal 0.831322 0.55579 0
    outer loop
      vertex 60.8816 -117.125 10
      vertex 60.6817 -116.826 2.5
      vertex 60.6817 -116.826 10
    endloop
  endfacet
  facet normal 0.831322 0.55579 0
    outer loop
      vertex 60.6817 -116.826 2.5
      vertex 60.8816 -117.125 10
      vertex 60.8816 -117.125 2.5
    endloop
  endfacet
  facet normal 0.897078 -0.441873 0
    outer loop
      vertex 60.8816 -119.875 10
      vertex 61.0407 -119.552 2.5
      vertex 61.0407 -119.552 10
    endloop
  endfacet
  facet normal 0.897078 -0.441873 0
    outer loop
      vertex 61.0407 -119.552 2.5
      vertex 60.8816 -119.875 10
      vertex 60.8816 -119.875 2.5
    endloop
  endfacet
  facet normal 0.319897 0.947452 -0
    outer loop
      vertex 59.5524 -115.959 2.5
      vertex 59.2118 -115.844 10
      vertex 59.5524 -115.959 10
    endloop
  endfacet
  facet normal 0.319897 0.947452 0
    outer loop
      vertex 59.2118 -115.844 10
      vertex 59.5524 -115.959 2.5
      vertex 59.2118 -115.844 2.5
    endloop
  endfacet
  facet normal 0.555854 0.83128 -0
    outer loop
      vertex 60.1741 -116.318 2.5
      vertex 59.875 -116.118 10
      vertex 60.1741 -116.318 10
    endloop
  endfacet
  facet normal 0.555854 0.83128 0
    outer loop
      vertex 59.875 -116.118 10
      vertex 60.1741 -116.318 2.5
      vertex 59.875 -116.118 2.5
    endloop
  endfacet
  facet normal -0.659134 -0.752025 0
    outer loop
      vertex 56.5555 -120.445 2.5
      vertex 56.8259 -120.682 10
      vertex 56.5555 -120.445 10
    endloop
  endfacet
  facet normal -0.659134 -0.752025 -0
    outer loop
      vertex 56.8259 -120.682 10
      vertex 56.5555 -120.445 2.5
      vertex 56.8259 -120.682 2.5
    endloop
  endfacet
  facet normal 0.44209 -0.896971 0
    outer loop
      vertex 59.5524 -121.041 2.5
      vertex 59.875 -120.882 10
      vertex 59.5524 -121.041 10
    endloop
  endfacet
  facet normal 0.44209 -0.896971 0
    outer loop
      vertex 59.875 -120.882 10
      vertex 59.5524 -121.041 2.5
      vertex 59.875 -120.882 2.5
    endloop
  endfacet
  facet normal 0.897078 0.441873 0
    outer loop
      vertex 61.0407 -117.448 10
      vertex 60.8816 -117.125 2.5
      vertex 60.8816 -117.125 10
    endloop
  endfacet
  facet normal 0.897078 0.441873 0
    outer loop
      vertex 60.8816 -117.125 2.5
      vertex 61.0407 -117.448 10
      vertex 61.0407 -117.448 2.5
    endloop
  endfacet
  facet normal -0.555854 0.83128 0
    outer loop
      vertex 57.125 -116.118 2.5
      vertex 56.8259 -116.318 10
      vertex 57.125 -116.118 10
    endloop
  endfacet
  facet normal -0.555854 0.83128 0
    outer loop
      vertex 56.8259 -116.318 10
      vertex 57.125 -116.118 2.5
      vertex 56.8259 -116.318 2.5
    endloop
  endfacet
  facet normal 0.946773 0.321903 0
    outer loop
      vertex 61.1563 -117.788 10
      vertex 61.0407 -117.448 2.5
      vertex 61.0407 -117.448 10
    endloop
  endfacet
  facet normal 0.946773 0.321903 0
    outer loop
      vertex 61.0407 -117.448 2.5
      vertex 61.1563 -117.788 10
      vertex 61.1563 -117.788 2.5
    endloop
  endfacet
  facet normal 0.319897 -0.947452 0
    outer loop
      vertex 59.2118 -121.156 2.5
      vertex 59.5524 -121.041 10
      vertex 59.2118 -121.156 10
    endloop
  endfacet
  facet normal 0.319897 -0.947452 0
    outer loop
      vertex 59.5524 -121.041 10
      vertex 59.2118 -121.156 2.5
      vertex 59.5524 -121.041 2.5
    endloop
  endfacet
  facet normal -0.980794 -0.195047 0
    outer loop
      vertex 55.8437 -119.212 2.5
      vertex 55.7735 -118.859 10
      vertex 55.7735 -118.859 2.5
    endloop
  endfacet
  facet normal -0.980794 -0.195047 0
    outer loop
      vertex 55.7735 -118.859 10
      vertex 55.8437 -119.212 2.5
      vertex 55.8437 -119.212 10
    endloop
  endfacet
  facet normal -0.752473 0.658623 0
    outer loop
      vertex 56.3183 -116.826 2.5
      vertex 56.5555 -116.555 10
      vertex 56.5555 -116.555 2.5
    endloop
  endfacet
  facet normal -0.752473 0.658623 0
    outer loop
      vertex 56.5555 -116.555 10
      vertex 56.3183 -116.826 2.5
      vertex 56.3183 -116.826 10
    endloop
  endfacet
  facet normal -0.44209 -0.896971 0
    outer loop
      vertex 57.125 -120.882 2.5
      vertex 57.4476 -121.041 10
      vertex 57.125 -120.882 10
    endloop
  endfacet
  facet normal -0.44209 -0.896971 -0
    outer loop
      vertex 57.4476 -121.041 10
      vertex 57.125 -120.882 2.5
      vertex 57.4476 -121.041 2.5
    endloop
  endfacet
  facet normal -0.897078 -0.441873 0
    outer loop
      vertex 56.1184 -119.875 2.5
      vertex 55.9593 -119.552 10
      vertex 55.9593 -119.552 2.5
    endloop
  endfacet
  facet normal -0.897078 -0.441873 0
    outer loop
      vertex 55.9593 -119.552 10
      vertex 56.1184 -119.875 2.5
      vertex 56.1184 -119.875 10
    endloop
  endfacet
  facet normal 0.194566 0.980889 -0
    outer loop
      vertex 59.2118 -115.844 2.5
      vertex 58.8589 -115.774 10
      vertex 59.2118 -115.844 10
    endloop
  endfacet
  facet normal 0.194566 0.980889 0
    outer loop
      vertex 58.8589 -115.774 10
      vertex 59.2118 -115.844 2.5
      vertex 58.8589 -115.774 2.5
    endloop
  endfacet
  facet normal -0.319897 -0.947452 0
    outer loop
      vertex 57.4476 -121.041 2.5
      vertex 57.7882 -121.156 10
      vertex 57.4476 -121.041 10
    endloop
  endfacet
  facet normal -0.319897 -0.947452 -0
    outer loop
      vertex 57.7882 -121.156 10
      vertex 57.4476 -121.041 2.5
      vertex 57.7882 -121.156 2.5
    endloop
  endfacet
  facet normal -0.897078 0.441873 0
    outer loop
      vertex 55.9593 -117.448 2.5
      vertex 56.1184 -117.125 10
      vertex 56.1184 -117.125 2.5
    endloop
  endfacet
  facet normal -0.897078 0.441873 0
    outer loop
      vertex 56.1184 -117.125 10
      vertex 55.9593 -117.448 2.5
      vertex 55.9593 -117.448 10
    endloop
  endfacet
  facet normal 0.752473 -0.658623 0
    outer loop
      vertex 60.4445 -120.445 10
      vertex 60.6817 -120.174 2.5
      vertex 60.6817 -120.174 10
    endloop
  endfacet
  facet normal 0.752473 -0.658623 0
    outer loop
      vertex 60.6817 -120.174 2.5
      vertex 60.4445 -120.445 10
      vertex 60.4445 -120.445 2.5
    endloop
  endfacet
  facet normal -0.831322 -0.55579 0
    outer loop
      vertex 56.3183 -120.174 2.5
      vertex 56.1184 -119.875 10
      vertex 56.1184 -119.875 2.5
    endloop
  endfacet
  facet normal -0.831322 -0.55579 0
    outer loop
      vertex 56.1184 -119.875 10
      vertex 56.3183 -120.174 2.5
      vertex 56.3183 -120.174 10
    endloop
  endfacet
  facet normal -0.831322 0.55579 0
    outer loop
      vertex 56.1184 -117.125 2.5
      vertex 56.3183 -116.826 10
      vertex 56.3183 -116.826 2.5
    endloop
  endfacet
  facet normal -0.831322 0.55579 0
    outer loop
      vertex 56.3183 -116.826 10
      vertex 56.1184 -117.125 2.5
      vertex 56.1184 -117.125 10
    endloop
  endfacet
  facet normal 0.980794 0.195047 0
    outer loop
      vertex 61.2265 -118.141 10
      vertex 61.1563 -117.788 2.5
      vertex 61.1563 -117.788 10
    endloop
  endfacet
  facet normal 0.980794 0.195047 0
    outer loop
      vertex 61.1563 -117.788 2.5
      vertex 61.2265 -118.141 10
      vertex 61.2265 -118.141 2.5
    endloop
  endfacet
  facet normal 0.659134 -0.752025 0
    outer loop
      vertex 60.1741 -120.682 2.5
      vertex 60.4445 -120.445 10
      vertex 60.1741 -120.682 10
    endloop
  endfacet
  facet normal 0.659134 -0.752025 0
    outer loop
      vertex 60.4445 -120.445 10
      vertex 60.1741 -120.682 2.5
      vertex 60.4445 -120.445 2.5
    endloop
  endfacet
  facet normal -0.066722 -0.997772 0
    outer loop
      vertex 58.1411 -121.226 2.5
      vertex 58.5 -121.25 10
      vertex 58.1411 -121.226 10
    endloop
  endfacet
  facet normal -0.066722 -0.997772 -0
    outer loop
      vertex 58.5 -121.25 10
      vertex 58.1411 -121.226 2.5
      vertex 58.5 -121.25 2.5
    endloop
  endfacet
  facet normal -0.980794 0.195047 0
    outer loop
      vertex 55.7735 -118.141 2.5
      vertex 55.8437 -117.788 10
      vertex 55.8437 -117.788 2.5
    endloop
  endfacet
  facet normal -0.980794 0.195047 0
    outer loop
      vertex 55.8437 -117.788 10
      vertex 55.7735 -118.141 2.5
      vertex 55.7735 -118.141 10
    endloop
  endfacet
  facet normal -0.555854 -0.83128 0
    outer loop
      vertex 56.8259 -120.682 2.5
      vertex 57.125 -120.882 10
      vertex 56.8259 -120.682 10
    endloop
  endfacet
  facet normal -0.555854 -0.83128 -0
    outer loop
      vertex 57.125 -120.882 10
      vertex 56.8259 -120.682 2.5
      vertex 57.125 -120.882 2.5
    endloop
  endfacet
  facet normal -0.44209 0.896971 0
    outer loop
      vertex 57.4476 -115.959 2.5
      vertex 57.125 -116.118 10
      vertex 57.4476 -115.959 10
    endloop
  endfacet
  facet normal -0.44209 0.896971 0
    outer loop
      vertex 57.125 -116.118 10
      vertex 57.4476 -115.959 2.5
      vertex 57.125 -116.118 2.5
    endloop
  endfacet
  facet normal -0.194566 0.980889 0
    outer loop
      vertex 58.1411 -115.774 2.5
      vertex 57.7882 -115.844 10
      vertex 58.1411 -115.774 10
    endloop
  endfacet
  facet normal -0.194566 0.980889 0
    outer loop
      vertex 57.7882 -115.844 10
      vertex 58.1411 -115.774 2.5
      vertex 57.7882 -115.844 2.5
    endloop
  endfacet
  facet normal 0.657739 0.753246 -0
    outer loop
      vertex 57.9826 -119.174 4.01
      vertex 57.899 -119.101 10
      vertex 57.9826 -119.174 10
    endloop
  endfacet
  facet normal 0.657739 0.753246 0
    outer loop
      vertex 57.899 -119.101 10
      vertex 57.9826 -119.174 4.01
      vertex 57.899 -119.101 4.01
    endloop
  endfacet
  facet normal -0.89728 -0.441462 0
    outer loop
      vertex 59.2853 -118.175 4.01
      vertex 59.2361 -118.075 10
      vertex 59.2361 -118.075 4.01
    endloop
  endfacet
  facet normal -0.89728 -0.441462 0
    outer loop
      vertex 59.2361 -118.075 10
      vertex 59.2853 -118.175 4.01
      vertex 59.2853 -118.175 10
    endloop
  endfacet
  facet normal -0.197671 -0.980268 0
    outer loop
      vertex 58.6109 -117.657 4.01
      vertex 58.72 -117.679 10
      vertex 58.6109 -117.657 10
    endloop
  endfacet
  facet normal -0.197671 -0.980268 -0
    outer loop
      vertex 58.72 -117.679 10
      vertex 58.6109 -117.657 4.01
      vertex 58.72 -117.679 4.01
    endloop
  endfacet
  facet normal -0.830519 0.55699 0
    outer loop
      vertex 59.1744 -119.017 4.01
      vertex 59.2361 -118.925 10
      vertex 59.2361 -118.925 4.01
    endloop
  endfacet
  facet normal -0.830519 0.55699 0
    outer loop
      vertex 59.2361 -118.925 10
      vertex 59.1744 -119.017 4.01
      vertex 59.1744 -119.017 10
    endloop
  endfacet
  facet normal -0.89728 0.441462 0
    outer loop
      vertex 59.2361 -118.925 4.01
      vertex 59.2853 -118.825 10
      vertex 59.2853 -118.825 4.01
    endloop
  endfacet
  facet normal -0.89728 0.441462 0
    outer loop
      vertex 59.2853 -118.825 10
      vertex 59.2361 -118.925 4.01
      vertex 59.2361 -118.925 10
    endloop
  endfacet
  facet normal 0.980753 0.195251 0
    outer loop
      vertex 57.679 -118.72 10
      vertex 57.6573 -118.611 4.01
      vertex 57.6573 -118.611 10
    endloop
  endfacet
  facet normal 0.980753 0.195251 0
    outer loop
      vertex 57.6573 -118.611 4.01
      vertex 57.679 -118.72 10
      vertex 57.679 -118.72 4.01
    endloop
  endfacet
  facet normal 0.657739 -0.753246 0
    outer loop
      vertex 57.899 -117.899 4.01
      vertex 57.9826 -117.826 10
      vertex 57.899 -117.899 10
    endloop
  endfacet
  facet normal 0.657739 -0.753246 0
    outer loop
      vertex 57.9826 -117.826 10
      vertex 57.899 -117.899 4.01
      vertex 57.9826 -117.826 4.01
    endloop
  endfacet
  facet normal -0.753021 0.657997 0
    outer loop
      vertex 59.101 -119.101 4.01
      vertex 59.1744 -119.017 10
      vertex 59.1744 -119.017 4.01
    endloop
  endfacet
  facet normal -0.753021 0.657997 0
    outer loop
      vertex 59.1744 -119.017 10
      vertex 59.101 -119.101 4.01
      vertex 59.101 -119.101 10
    endloop
  endfacet
  facet normal 0.997844 0.065624 0
    outer loop
      vertex 57.6573 -118.611 10
      vertex 57.65 -118.5 4.01
      vertex 57.65 -118.5 10
    endloop
  endfacet
  facet normal 0.997844 0.065624 0
    outer loop
      vertex 57.65 -118.5 4.01
      vertex 57.6573 -118.611 10
      vertex 57.6573 -118.611 4.01
    endloop
  endfacet
  facet normal 0.441082 -0.897467 0
    outer loop
      vertex 58.075 -117.764 4.01
      vertex 58.1747 -117.715 10
      vertex 58.075 -117.764 10
    endloop
  endfacet
  facet normal 0.441082 -0.897467 0
    outer loop
      vertex 58.1747 -117.715 10
      vertex 58.075 -117.764 4.01
      vertex 58.1747 -117.715 4.01
    endloop
  endfacet
  facet normal 0.753021 0.657997 0
    outer loop
      vertex 57.899 -119.101 10
      vertex 57.8256 -119.017 4.01
      vertex 57.8256 -119.017 10
    endloop
  endfacet
  facet normal 0.753021 0.657997 0
    outer loop
      vertex 57.8256 -119.017 4.01
      vertex 57.899 -119.101 10
      vertex 57.899 -119.101 4.01
    endloop
  endfacet
  facet normal 0.557186 0.830387 -0
    outer loop
      vertex 58.075 -119.236 4.01
      vertex 57.9826 -119.174 10
      vertex 58.075 -119.236 10
    endloop
  endfacet
  facet normal 0.557186 0.830387 0
    outer loop
      vertex 57.9826 -119.174 10
      vertex 58.075 -119.236 4.01
      vertex 57.9826 -119.174 4.01
    endloop
  endfacet
  facet normal 0.830519 0.55699 0
    outer loop
      vertex 57.8256 -119.017 10
      vertex 57.7639 -118.925 4.01
      vertex 57.7639 -118.925 10
    endloop
  endfacet
  facet normal 0.830519 0.55699 0
    outer loop
      vertex 57.7639 -118.925 4.01
      vertex 57.8256 -119.017 10
      vertex 57.8256 -119.017 4.01
    endloop
  endfacet
  facet normal -0.997844 -0.065624 0
    outer loop
      vertex 59.35 -118.5 4.01
      vertex 59.3427 -118.389 10
      vertex 59.3427 -118.389 4.01
    endloop
  endfacet
  facet normal -0.997844 -0.065624 0
    outer loop
      vertex 59.3427 -118.389 10
      vertex 59.35 -118.5 4.01
      vertex 59.35 -118.5 10
    endloop
  endfacet
  facet normal -0.980753 0.195251 0
    outer loop
      vertex 59.321 -118.72 4.01
      vertex 59.3427 -118.611 10
      vertex 59.3427 -118.611 4.01
    endloop
  endfacet
  facet normal -0.980753 0.195251 0
    outer loop
      vertex 59.3427 -118.611 10
      vertex 59.321 -118.72 4.01
      vertex 59.321 -118.72 10
    endloop
  endfacet
  facet normal -0.0629946 0.998014 0
    outer loop
      vertex 58.6109 -119.343 4.01
      vertex 58.5 -119.35 10
      vertex 58.6109 -119.343 10
    endloop
  endfacet
  facet normal -0.0629946 0.998014 0
    outer loop
      vertex 58.5 -119.35 10
      vertex 58.6109 -119.343 4.01
      vertex 58.5 -119.35 4.01
    endloop
  endfacet
  facet normal 0.0629946 0.998014 -0
    outer loop
      vertex 58.5 -119.35 4.01
      vertex 58.3891 -119.343 10
      vertex 58.5 -119.35 10
    endloop
  endfacet
  facet normal 0.0629946 0.998014 0
    outer loop
      vertex 58.3891 -119.343 10
      vertex 58.5 -119.35 4.01
      vertex 58.3891 -119.343 4.01
    endloop
  endfacet
  facet normal -0.441082 -0.897467 0
    outer loop
      vertex 58.8253 -117.715 4.01
      vertex 58.925 -117.764 10
      vertex 58.8253 -117.715 10
    endloop
  endfacet
  facet normal -0.441082 -0.897467 -0
    outer loop
      vertex 58.925 -117.764 10
      vertex 58.8253 -117.715 4.01
      vertex 58.925 -117.764 4.01
    endloop
  endfacet
  facet normal -0.997844 0.065624 0
    outer loop
      vertex 59.3427 -118.611 4.01
      vertex 59.35 -118.5 10
      vertex 59.35 -118.5 4.01
    endloop
  endfacet
  facet normal -0.997844 0.065624 0
    outer loop
      vertex 59.35 -118.5 10
      vertex 59.3427 -118.611 4.01
      vertex 59.3427 -118.611 10
    endloop
  endfacet
  facet normal -0.557186 0.830387 0
    outer loop
      vertex 59.0174 -119.174 4.01
      vertex 58.925 -119.236 10
      vertex 59.0174 -119.174 10
    endloop
  endfacet
  facet normal -0.557186 0.830387 0
    outer loop
      vertex 58.925 -119.236 10
      vertex 59.0174 -119.174 4.01
      vertex 58.925 -119.236 4.01
    endloop
  endfacet
  facet normal -0.557186 -0.830387 0
    outer loop
      vertex 58.925 -117.764 4.01
      vertex 59.0174 -117.826 10
      vertex 58.925 -117.764 10
    endloop
  endfacet
  facet normal -0.557186 -0.830387 -0
    outer loop
      vertex 59.0174 -117.826 10
      vertex 58.925 -117.764 4.01
      vertex 59.0174 -117.826 4.01
    endloop
  endfacet
  facet normal -0.946773 -0.321903 0
    outer loop
      vertex 59.321 -118.28 4.01
      vertex 59.2853 -118.175 10
      vertex 59.2853 -118.175 4.01
    endloop
  endfacet
  facet normal -0.946773 -0.321903 0
    outer loop
      vertex 59.2853 -118.175 10
      vertex 59.321 -118.28 4.01
      vertex 59.321 -118.28 10
    endloop
  endfacet
  facet normal 0.323497 -0.946229 0
    outer loop
      vertex 58.1747 -117.715 4.01
      vertex 58.28 -117.679 10
      vertex 58.1747 -117.715 10
    endloop
  endfacet
  facet normal 0.323497 -0.946229 0
    outer loop
      vertex 58.28 -117.679 10
      vertex 58.1747 -117.715 4.01
      vertex 58.28 -117.679 4.01
    endloop
  endfacet
  facet normal -0.0629946 -0.998014 0
    outer loop
      vertex 58.5 -117.65 4.01
      vertex 58.6109 -117.657 10
      vertex 58.5 -117.65 10
    endloop
  endfacet
  facet normal -0.0629946 -0.998014 -0
    outer loop
      vertex 58.6109 -117.657 10
      vertex 58.5 -117.65 4.01
      vertex 58.6109 -117.657 4.01
    endloop
  endfacet
  facet normal -0.946773 0.321903 0
    outer loop
      vertex 59.2853 -118.825 4.01
      vertex 59.321 -118.72 10
      vertex 59.321 -118.72 4.01
    endloop
  endfacet
  facet normal -0.946773 0.321903 0
    outer loop
      vertex 59.321 -118.72 10
      vertex 59.2853 -118.825 4.01
      vertex 59.2853 -118.825 10
    endloop
  endfacet
  facet normal 0.946773 0.321903 0
    outer loop
      vertex 57.7147 -118.825 10
      vertex 57.679 -118.72 4.01
      vertex 57.679 -118.72 10
    endloop
  endfacet
  facet normal 0.946773 0.321903 0
    outer loop
      vertex 57.679 -118.72 4.01
      vertex 57.7147 -118.825 10
      vertex 57.7147 -118.825 4.01
    endloop
  endfacet
  facet normal 0.323497 0.946229 -0
    outer loop
      vertex 58.28 -119.321 4.01
      vertex 58.1747 -119.285 10
      vertex 58.28 -119.321 10
    endloop
  endfacet
  facet normal 0.323497 0.946229 0
    outer loop
      vertex 58.1747 -119.285 10
      vertex 58.28 -119.321 4.01
      vertex 58.1747 -119.285 4.01
    endloop
  endfacet
  facet normal -0.323497 0.946229 0
    outer loop
      vertex 58.8253 -119.285 4.01
      vertex 58.72 -119.321 10
      vertex 58.8253 -119.285 10
    endloop
  endfacet
  facet normal -0.323497 0.946229 0
    outer loop
      vertex 58.72 -119.321 10
      vertex 58.8253 -119.285 4.01
      vertex 58.72 -119.321 4.01
    endloop
  endfacet
  facet normal 0.946773 -0.321903 0
    outer loop
      vertex 57.679 -118.28 10
      vertex 57.7147 -118.175 4.01
      vertex 57.7147 -118.175 10
    endloop
  endfacet
  facet normal 0.946773 -0.321903 0
    outer loop
      vertex 57.7147 -118.175 4.01
      vertex 57.679 -118.28 10
      vertex 57.679 -118.28 4.01
    endloop
  endfacet
  facet normal 0.830519 -0.55699 0
    outer loop
      vertex 57.7639 -118.075 10
      vertex 57.8256 -117.983 4.01
      vertex 57.8256 -117.983 10
    endloop
  endfacet
  facet normal 0.830519 -0.55699 0
    outer loop
      vertex 57.8256 -117.983 4.01
      vertex 57.7639 -118.075 10
      vertex 57.7639 -118.075 4.01
    endloop
  endfacet
  facet normal 0.0629946 -0.998014 0
    outer loop
      vertex 58.3891 -117.657 4.01
      vertex 58.5 -117.65 10
      vertex 58.3891 -117.657 10
    endloop
  endfacet
  facet normal 0.0629946 -0.998014 0
    outer loop
      vertex 58.5 -117.65 10
      vertex 58.3891 -117.657 4.01
      vertex 58.5 -117.65 4.01
    endloop
  endfacet
  facet normal -0.830519 -0.55699 0
    outer loop
      vertex 59.2361 -118.075 4.01
      vertex 59.1744 -117.983 10
      vertex 59.1744 -117.983 4.01
    endloop
  endfacet
  facet normal -0.830519 -0.55699 0
    outer loop
      vertex 59.1744 -117.983 10
      vertex 59.2361 -118.075 4.01
      vertex 59.2361 -118.075 10
    endloop
  endfacet
  facet normal 0.441082 0.897467 -0
    outer loop
      vertex 58.1747 -119.285 4.01
      vertex 58.075 -119.236 10
      vertex 58.1747 -119.285 10
    endloop
  endfacet
  facet normal 0.441082 0.897467 0
    outer loop
      vertex 58.075 -119.236 10
      vertex 58.1747 -119.285 4.01
      vertex 58.075 -119.236 4.01
    endloop
  endfacet
  facet normal -0.980753 -0.195251 0
    outer loop
      vertex 59.3427 -118.389 4.01
      vertex 59.321 -118.28 10
      vertex 59.321 -118.28 4.01
    endloop
  endfacet
  facet normal -0.980753 -0.195251 0
    outer loop
      vertex 59.321 -118.28 10
      vertex 59.3427 -118.389 4.01
      vertex 59.3427 -118.389 10
    endloop
  endfacet
  facet normal -0.197671 0.980268 0
    outer loop
      vertex 58.72 -119.321 4.01
      vertex 58.6109 -119.343 10
      vertex 58.72 -119.321 10
    endloop
  endfacet
  facet normal -0.197671 0.980268 0
    outer loop
      vertex 58.6109 -119.343 10
      vertex 58.72 -119.321 4.01
      vertex 58.6109 -119.343 4.01
    endloop
  endfacet
  facet normal -0.753021 -0.657997 0
    outer loop
      vertex 59.1744 -117.983 4.01
      vertex 59.101 -117.899 10
      vertex 59.101 -117.899 4.01
    endloop
  endfacet
  facet normal -0.753021 -0.657997 0
    outer loop
      vertex 59.101 -117.899 10
      vertex 59.1744 -117.983 4.01
      vertex 59.1744 -117.983 10
    endloop
  endfacet
  facet normal -0.323497 -0.946229 0
    outer loop
      vertex 58.72 -117.679 4.01
      vertex 58.8253 -117.715 10
      vertex 58.72 -117.679 10
    endloop
  endfacet
  facet normal -0.323497 -0.946229 -0
    outer loop
      vertex 58.8253 -117.715 10
      vertex 58.72 -117.679 4.01
      vertex 58.8253 -117.715 4.01
    endloop
  endfacet
  facet normal 0.753021 -0.657997 0
    outer loop
      vertex 57.8256 -117.983 10
      vertex 57.899 -117.899 4.01
      vertex 57.899 -117.899 10
    endloop
  endfacet
  facet normal 0.753021 -0.657997 0
    outer loop
      vertex 57.899 -117.899 4.01
      vertex 57.8256 -117.983 10
      vertex 57.8256 -117.983 4.01
    endloop
  endfacet
  facet normal -0.657739 -0.753246 0
    outer loop
      vertex 59.0174 -117.826 4.01
      vertex 59.101 -117.899 10
      vertex 59.0174 -117.826 10
    endloop
  endfacet
  facet normal -0.657739 -0.753246 -0
    outer loop
      vertex 59.101 -117.899 10
      vertex 59.0174 -117.826 4.01
      vertex 59.101 -117.899 4.01
    endloop
  endfacet
  facet normal -0.441082 0.897467 0
    outer loop
      vertex 58.925 -119.236 4.01
      vertex 58.8253 -119.285 10
      vertex 58.925 -119.236 10
    endloop
  endfacet
  facet normal -0.441082 0.897467 0
    outer loop
      vertex 58.8253 -119.285 10
      vertex 58.925 -119.236 4.01
      vertex 58.8253 -119.285 4.01
    endloop
  endfacet
  facet normal 0.197671 0.980268 -0
    outer loop
      vertex 58.3891 -119.343 4.01
      vertex 58.28 -119.321 10
      vertex 58.3891 -119.343 10
    endloop
  endfacet
  facet normal 0.197671 0.980268 0
    outer loop
      vertex 58.28 -119.321 10
      vertex 58.3891 -119.343 4.01
      vertex 58.28 -119.321 4.01
    endloop
  endfacet
  facet normal 0.197671 -0.980268 0
    outer loop
      vertex 58.28 -117.679 4.01
      vertex 58.3891 -117.657 10
      vertex 58.28 -117.679 10
    endloop
  endfacet
  facet normal 0.197671 -0.980268 0
    outer loop
      vertex 58.3891 -117.657 10
      vertex 58.28 -117.679 4.01
      vertex 58.3891 -117.657 4.01
    endloop
  endfacet
  facet normal -0.657739 0.753246 0
    outer loop
      vertex 59.101 -119.101 4.01
      vertex 59.0174 -119.174 10
      vertex 59.101 -119.101 10
    endloop
  endfacet
  facet normal -0.657739 0.753246 0
    outer loop
      vertex 59.0174 -119.174 10
      vertex 59.101 -119.101 4.01
      vertex 59.0174 -119.174 4.01
    endloop
  endfacet
  facet normal 0.980753 -0.195251 0
    outer loop
      vertex 57.6573 -118.389 10
      vertex 57.679 -118.28 4.01
      vertex 57.679 -118.28 10
    endloop
  endfacet
  facet normal 0.980753 -0.195251 0
    outer loop
      vertex 57.679 -118.28 4.01
      vertex 57.6573 -118.389 10
      vertex 57.6573 -118.389 4.01
    endloop
  endfacet
  facet normal 0.997844 -0.065624 0
    outer loop
      vertex 57.65 -118.5 10
      vertex 57.6573 -118.389 4.01
      vertex 57.6573 -118.389 10
    endloop
  endfacet
  facet normal 0.997844 -0.065624 0
    outer loop
      vertex 57.6573 -118.389 4.01
      vertex 57.65 -118.5 10
      vertex 57.65 -118.5 4.01
    endloop
  endfacet
  facet normal 0.89728 0.441462 0
    outer loop
      vertex 57.7639 -118.925 10
      vertex 57.7147 -118.825 4.01
      vertex 57.7147 -118.825 10
    endloop
  endfacet
  facet normal 0.89728 0.441462 0
    outer loop
      vertex 57.7147 -118.825 4.01
      vertex 57.7639 -118.925 10
      vertex 57.7639 -118.925 4.01
    endloop
  endfacet
  facet normal 0 0 1
    outer loop
      vertex 59.3427 -118.389 4.01
      vertex 59.3427 -118.611 4.01
      vertex 59.35 -118.5 4.01
    endloop
  endfacet
  facet normal 0 0 1
    outer loop
      vertex 59.321 -118.28 4.01
      vertex 59.3427 -118.611 4.01
      vertex 59.3427 -118.389 4.01
    endloop
  endfacet
  facet normal 0 0 1
    outer loop
      vertex 59.321 -118.28 4.01
      vertex 59.321 -118.72 4.01
      vertex 59.3427 -118.611 4.01
    endloop
  endfacet
  facet normal 0 0 1
    outer loop
      vertex 59.2853 -118.175 4.01
      vertex 59.321 -118.72 4.01
      vertex 59.321 -118.28 4.01
    endloop
  endfacet
  facet normal 0 0 1
    outer loop
      vertex 59.2853 -118.175 4.01
      vertex 59.2853 -118.825 4.01
      vertex 59.321 -118.72 4.01
    endloop
  endfacet
  facet normal 0 0 1
    outer loop
      vertex 59.2361 -118.075 4.01
      vertex 59.2853 -118.825 4.01
      vertex 59.2853 -118.175 4.01
    endloop
  endfacet
  facet normal 0 0 1
    outer loop
      vertex 59.2361 -118.075 4.01
      vertex 59.2361 -118.925 4.01
      vertex 59.2853 -118.825 4.01
    endloop
  endfacet
  facet normal 0 0 1
    outer loop
      vertex 59.1744 -117.983 4.01
      vertex 59.2361 -118.925 4.01
      vertex 59.2361 -118.075 4.01
    endloop
  endfacet
  facet normal 0 0 1
    outer loop
      vertex 59.1744 -117.983 4.01
      vertex 59.1744 -119.017 4.01
      vertex 59.2361 -118.925 4.01
    endloop
  endfacet
  facet normal 0 0 1
    outer loop
      vertex 59.101 -117.899 4.01
      vertex 59.1744 -119.017 4.01
      vertex 59.1744 -117.983 4.01
    endloop
  endfacet
  facet normal 0 0 1
    outer loop
      vertex 59.101 -117.899 4.01
      vertex 59.101 -119.101 4.01
      vertex 59.1744 -119.017 4.01
    endloop
  endfacet
  facet normal 0 0 1
    outer loop
      vertex 59.0174 -117.826 4.01
      vertex 59.101 -119.101 4.01
      vertex 59.101 -117.899 4.01
    endloop
  endfacet
  facet normal 0 0 1
    outer loop
      vertex 59.0174 -117.826 4.01
      vertex 59.0174 -119.174 4.01
      vertex 59.101 -119.101 4.01
    endloop
  endfacet
  facet normal 0 0 1
    outer loop
      vertex 58.925 -117.764 4.01
      vertex 59.0174 -119.174 4.01
      vertex 59.0174 -117.826 4.01
    endloop
  endfacet
  facet normal 0 0 1
    outer loop
      vertex 58.925 -117.764 4.01
      vertex 58.925 -119.236 4.01
      vertex 59.0174 -119.174 4.01
    endloop
  endfacet
  facet normal 0 0 1
    outer loop
      vertex 58.8253 -117.715 4.01
      vertex 58.925 -119.236 4.01
      vertex 58.925 -117.764 4.01
    endloop
  endfacet
  facet normal 0 0 1
    outer loop
      vertex 58.8253 -117.715 4.01
      vertex 58.8253 -119.285 4.01
      vertex 58.925 -119.236 4.01
    endloop
  endfacet
  facet normal 0 0 1
    outer loop
      vertex 58.72 -117.679 4.01
      vertex 58.8253 -119.285 4.01
      vertex 58.8253 -117.715 4.01
    endloop
  endfacet
  facet normal 0 0 1
    outer loop
      vertex 58.72 -117.679 4.01
      vertex 58.72 -119.321 4.01
      vertex 58.8253 -119.285 4.01
    endloop
  endfacet
  facet normal 0 0 1
    outer loop
      vertex 58.6109 -117.657 4.01
      vertex 58.72 -119.321 4.01
      vertex 58.72 -117.679 4.01
    endloop
  endfacet
  facet normal 0 0 1
    outer loop
      vertex 58.6109 -117.657 4.01
      vertex 58.6109 -119.343 4.01
      vertex 58.72 -119.321 4.01
    endloop
  endfacet
  facet normal 0 0 1
    outer loop
      vertex 58.5 -117.65 4.01
      vertex 58.6109 -119.343 4.01
      vertex 58.6109 -117.657 4.01
    endloop
  endfacet
  facet normal 0 0 1
    outer loop
      vertex 58.5 -117.65 4.01
      vertex 58.5 -119.35 4.01
      vertex 58.6109 -119.343 4.01
    endloop
  endfacet
  facet normal -0 0 1
    outer loop
      vertex 58.3891 -117.657 4.01
      vertex 58.5 -119.35 4.01
      vertex 58.5 -117.65 4.01
    endloop
  endfacet
  facet normal 0 0 1
    outer loop
      vertex 58.3891 -117.657 4.01
      vertex 58.3891 -119.343 4.01
      vertex 58.5 -119.35 4.01
    endloop
  endfacet
  facet normal -0 0 1
    outer loop
      vertex 58.28 -117.679 4.01
      vertex 58.3891 -119.343 4.01
      vertex 58.3891 -117.657 4.01
    endloop
  endfacet
  facet normal 0 0 1
    outer loop
      vertex 58.28 -117.679 4.01
      vertex 58.28 -119.321 4.01
      vertex 58.3891 -119.343 4.01
    endloop
  endfacet
  facet normal -0 0 1
    outer loop
      vertex 58.1747 -117.715 4.01
      vertex 58.28 -119.321 4.01
      vertex 58.28 -117.679 4.01
    endloop
  endfacet
  facet normal 0 0 1
    outer loop
      vertex 58.1747 -117.715 4.01
      vertex 58.1747 -119.285 4.01
      vertex 58.28 -119.321 4.01
    endloop
  endfacet
  facet normal -0 0 1
    outer loop
      vertex 58.075 -117.764 4.01
      vertex 58.1747 -119.285 4.01
      vertex 58.1747 -117.715 4.01
    endloop
  endfacet
  facet normal 0 0 1
    outer loop
      vertex 58.075 -117.764 4.01
      vertex 58.075 -119.236 4.01
      vertex 58.1747 -119.285 4.01
    endloop
  endfacet
  facet normal -0 0 1
    outer loop
      vertex 57.9826 -117.826 4.01
      vertex 58.075 -119.236 4.01
      vertex 58.075 -117.764 4.01
    endloop
  endfacet
  facet normal 0 0 1
    outer loop
      vertex 57.9826 -117.826 4.01
      vertex 57.9826 -119.174 4.01
      vertex 58.075 -119.236 4.01
    endloop
  endfacet
  facet normal -0 0 1
    outer loop
      vertex 57.899 -117.899 4.01
      vertex 57.9826 -119.174 4.01
      vertex 57.9826 -117.826 4.01
    endloop
  endfacet
  facet normal 0 0 1
    outer loop
      vertex 57.899 -117.899 4.01
      vertex 57.899 -119.101 4.01
      vertex 57.9826 -119.174 4.01
    endloop
  endfacet
  facet normal -0 0 1
    outer loop
      vertex 57.8256 -117.983 4.01
      vertex 57.899 -119.101 4.01
      vertex 57.899 -117.899 4.01
    endloop
  endfacet
  facet normal 0 0 1
    outer loop
      vertex 57.8256 -117.983 4.01
      vertex 57.8256 -119.017 4.01
      vertex 57.899 -119.101 4.01
    endloop
  endfacet
  facet normal -0 0 1
    outer loop
      vertex 57.7639 -118.075 4.01
      vertex 57.8256 -119.017 4.01
      vertex 57.8256 -117.983 4.01
    endloop
  endfacet
  facet normal 0 0 1
    outer loop
      vertex 57.7639 -118.075 4.01
      vertex 57.7639 -118.925 4.01
      vertex 57.8256 -119.017 4.01
    endloop
  endfacet
  facet normal -0 0 1
    outer loop
      vertex 57.7147 -118.175 4.01
      vertex 57.7639 -118.925 4.01
      vertex 57.7639 -118.075 4.01
    endloop
  endfacet
  facet normal 0 0 1
    outer loop
      vertex 57.7147 -118.175 4.01
      vertex 57.7147 -118.825 4.01
      vertex 57.7639 -118.925 4.01
    endloop
  endfacet
  facet normal -0 0 1
    outer loop
      vertex 57.679 -118.28 4.01
      vertex 57.7147 -118.825 4.01
      vertex 57.7147 -118.175 4.01
    endloop
  endfacet
  facet normal 0 0 1
    outer loop
      vertex 57.679 -118.28 4.01
      vertex 57.679 -118.72 4.01
      vertex 57.7147 -118.825 4.01
    endloop
  endfacet
  facet normal -0 0 1
    outer loop
      vertex 57.6573 -118.389 4.01
      vertex 57.679 -118.72 4.01
      vertex 57.679 -118.28 4.01
    endloop
  endfacet
  facet normal 0 0 1
    outer loop
      vertex 57.6573 -118.389 4.01
      vertex 57.6573 -118.611 4.01
      vertex 57.679 -118.72 4.01
    endloop
  endfacet
  facet normal 0 -0 1
    outer loop
      vertex 57.6573 -118.611 4.01
      vertex 57.6573 -118.389 4.01
      vertex 57.65 -118.5 4.01
    endloop
  endfacet
  facet normal 0.89728 -0.441462 0
    outer loop
      vertex 57.7147 -118.175 10
      vertex 57.7639 -118.075 4.01
      vertex 57.7639 -118.075 10
    endloop
  endfacet
  facet normal 0.89728 -0.441462 0
    outer loop
      vertex 57.7639 -118.075 4.01
      vertex 57.7147 -118.175 10
      vertex 57.7147 -118.175 4.01
    endloop
  endfacet
  facet normal 0.557186 -0.830387 0
    outer loop
      vertex 57.9826 -117.826 4.01
      vertex 58.075 -117.764 10
      vertex 57.9826 -117.826 10
    endloop
  endfacet
  facet normal 0.557186 -0.830387 0
    outer loop
      vertex 58.075 -117.764 10
      vertex 57.9826 -117.826 4.01
      vertex 58.075 -117.764 4.01
    endloop
  endfacet
  facet normal -0.752473 -0.658623 0
    outer loop
      vertex 56.5555 -107.945 2.5
      vertex 56.3183 -107.674 10
      vertex 56.3183 -107.674 2.5
    endloop
  endfacet
  facet normal -0.752473 -0.658623 0
    outer loop
      vertex 56.3183 -107.674 10
      vertex 56.5555 -107.945 2.5
      vertex 56.5555 -107.945 10
    endloop
  endfacet
  facet normal 0.980794 -0.195047 0
    outer loop
      vertex 61.1563 -106.712 10
      vertex 61.2265 -106.359 2.5
      vertex 61.2265 -106.359 10
    endloop
  endfacet
  facet normal 0.980794 -0.195047 0
    outer loop
      vertex 61.2265 -106.359 2.5
      vertex 61.1563 -106.712 10
      vertex 61.1563 -106.712 2.5
    endloop
  endfacet
  facet normal 0.066722 0.997772 -0
    outer loop
      vertex 58.8589 -103.274 2.5
      vertex 58.5 -103.25 10
      vertex 58.8589 -103.274 10
    endloop
  endfacet
  facet normal 0.066722 0.997772 0
    outer loop
      vertex 58.5 -103.25 10
      vertex 58.8589 -103.274 2.5
      vertex 58.5 -103.25 2.5
    endloop
  endfacet
  facet normal -0.946773 -0.321903 0
    outer loop
      vertex 55.9593 -107.052 2.5
      vertex 55.8437 -106.712 10
      vertex 55.8437 -106.712 2.5
    endloop
  endfacet
  facet normal -0.946773 -0.321903 0
    outer loop
      vertex 55.8437 -106.712 10
      vertex 55.9593 -107.052 2.5
      vertex 55.9593 -107.052 10
    endloop
  endfacet
  facet normal 0.831322 -0.55579 0
    outer loop
      vertex 60.6817 -107.674 10
      vertex 60.8816 -107.375 2.5
      vertex 60.8816 -107.375 10
    endloop
  endfacet
  facet normal 0.831322 -0.55579 0
    outer loop
      vertex 60.8816 -107.375 2.5
      vertex 60.6817 -107.674 10
      vertex 60.6817 -107.674 2.5
    endloop
  endfacet
  facet normal -0.194566 -0.980889 0
    outer loop
      vertex 57.7882 -108.656 2.5
      vertex 58.1411 -108.726 10
      vertex 57.7882 -108.656 10
    endloop
  endfacet
  facet normal -0.194566 -0.980889 -0
    outer loop
      vertex 58.1411 -108.726 10
      vertex 57.7882 -108.656 2.5
      vertex 58.1411 -108.726 2.5
    endloop
  endfacet
  facet normal 0.659134 0.752025 -0
    outer loop
      vertex 60.4445 -104.055 2.5
      vertex 60.1741 -103.818 10
      vertex 60.4445 -104.055 10
    endloop
  endfacet
  facet normal 0.659134 0.752025 0
    outer loop
      vertex 60.1741 -103.818 10
      vertex 60.4445 -104.055 2.5
      vertex 60.1741 -103.818 2.5
    endloop
  endfacet
  facet normal 0.997864 -0.0653198 0
    outer loop
      vertex 61.2265 -106.359 10
      vertex 61.25 -106 2.5
      vertex 61.25 -106 10
    endloop
  endfacet
  facet normal 0.997864 -0.0653198 0
    outer loop
      vertex 61.25 -106 2.5
      vertex 61.2265 -106.359 10
      vertex 61.2265 -106.359 2.5
    endloop
  endfacet
  facet normal -0.997864 -0.0653198 0
    outer loop
      vertex 55.7735 -106.359 2.5
      vertex 55.75 -106 10
      vertex 55.75 -106 2.5
    endloop
  endfacet
  facet normal -0.997864 -0.0653198 0
    outer loop
      vertex 55.75 -106 10
      vertex 55.7735 -106.359 2.5
      vertex 55.7735 -106.359 10
    endloop
  endfacet
  facet normal 0.752473 0.658623 0
    outer loop
      vertex 60.6817 -104.326 10
      vertex 60.4445 -104.055 2.5
      vertex 60.4445 -104.055 10
    endloop
  endfacet
  facet normal 0.752473 0.658623 0
    outer loop
      vertex 60.4445 -104.055 2.5
      vertex 60.6817 -104.326 10
      vertex 60.6817 -104.326 2.5
    endloop
  endfacet
  facet normal 0.946773 -0.321903 0
    outer loop
      vertex 61.0407 -107.052 10
      vertex 61.1563 -106.712 2.5
      vertex 61.1563 -106.712 10
    endloop
  endfacet
  facet normal 0.946773 -0.321903 0
    outer loop
      vertex 61.1563 -106.712 2.5
      vertex 61.0407 -107.052 10
      vertex 61.0407 -107.052 2.5
    endloop
  endfacet
  facet normal -0.319897 0.947452 0
    outer loop
      vertex 57.7882 -103.344 2.5
      vertex 57.4476 -103.459 10
      vertex 57.7882 -103.344 10
    endloop
  endfacet
  facet normal -0.319897 0.947452 0
    outer loop
      vertex 57.4476 -103.459 10
      vertex 57.7882 -103.344 2.5
      vertex 57.4476 -103.459 2.5
    endloop
  endfacet
  facet normal 0.555854 -0.83128 0
    outer loop
      vertex 59.875 -108.382 2.5
      vertex 60.1741 -108.182 10
      vertex 59.875 -108.382 10
    endloop
  endfacet
  facet normal 0.555854 -0.83128 0
    outer loop
      vertex 60.1741 -108.182 10
      vertex 59.875 -108.382 2.5
      vertex 60.1741 -108.182 2.5
    endloop
  endfacet
  facet normal -0.997864 0.0653198 0
    outer loop
      vertex 55.75 -106 2.5
      vertex 55.7735 -105.641 10
      vertex 55.7735 -105.641 2.5
    endloop
  endfacet
  facet normal -0.997864 0.0653198 0
    outer loop
      vertex 55.7735 -105.641 10
      vertex 55.75 -106 2.5
      vertex 55.75 -106 10
    endloop
  endfacet
  facet normal 0.194566 -0.980889 0
    outer loop
      vertex 58.8589 -108.726 2.5
      vertex 59.2118 -108.656 10
      vertex 58.8589 -108.726 10
    endloop
  endfacet
  facet normal 0.194566 -0.980889 0
    outer loop
      vertex 59.2118 -108.656 10
      vertex 58.8589 -108.726 2.5
      vertex 59.2118 -108.656 2.5
    endloop
  endfacet
  facet normal -0.946773 0.321903 0
    outer loop
      vertex 55.8437 -105.288 2.5
      vertex 55.9593 -104.948 10
      vertex 55.9593 -104.948 2.5
    endloop
  endfacet
  facet normal -0.946773 0.321903 0
    outer loop
      vertex 55.9593 -104.948 10
      vertex 55.8437 -105.288 2.5
      vertex 55.8437 -105.288 10
    endloop
  endfacet
  facet normal 0 0 1
    outer loop
      vertex 59.35 -106 10
      vertex 61.25 -106 10
      vertex 61.2265 -105.641 10
    endloop
  endfacet
  facet normal 0 0 1
    outer loop
      vertex 59.3427 -105.889 10
      vertex 61.2265 -105.641 10
      vertex 61.1563 -105.288 10
    endloop
  endfacet
  facet normal 0 0 1
    outer loop
      vertex 61.25 -106 10
      vertex 59.35 -106 10
      vertex 61.2265 -106.359 10
    endloop
  endfacet
  facet normal 0 0 1
    outer loop
      vertex 59.321 -105.78 10
      vertex 61.1563 -105.288 10
      vertex 61.0407 -104.948 10
    endloop
  endfacet
  facet normal -0 0 1
    outer loop
      vertex 59.3427 -106.111 10
      vertex 61.2265 -106.359 10
      vertex 59.35 -106 10
    endloop
  endfacet
  facet normal 0 0 1
    outer loop
      vertex 59.2853 -105.675 10
      vertex 61.0407 -104.948 10
      vertex 60.8816 -104.625 10
    endloop
  endfacet
  facet normal 0 0 1
    outer loop
      vertex 61.2265 -106.359 10
      vertex 59.3427 -106.111 10
      vertex 61.1563 -106.712 10
    endloop
  endfacet
  facet normal 0 0 1
    outer loop
      vertex 59.2361 -105.575 10
      vertex 60.8816 -104.625 10
      vertex 60.6817 -104.326 10
    endloop
  endfacet
  facet normal -0 0 1
    outer loop
      vertex 59.321 -106.22 10
      vertex 61.1563 -106.712 10
      vertex 59.3427 -106.111 10
    endloop
  endfacet
  facet normal 0 0 1
    outer loop
      vertex 59.1744 -105.483 10
      vertex 60.6817 -104.326 10
      vertex 60.4445 -104.055 10
    endloop
  endfacet
  facet normal 0 0 1
    outer loop
      vertex 61.1563 -106.712 10
      vertex 59.321 -106.22 10
      vertex 61.0407 -107.052 10
    endloop
  endfacet
  facet normal 0 0 1
    outer loop
      vertex 59.101 -105.399 10
      vertex 60.4445 -104.055 10
      vertex 60.1741 -103.818 10
    endloop
  endfacet
  facet normal -0 0 1
    outer loop
      vertex 59.2853 -106.325 10
      vertex 61.0407 -107.052 10
      vertex 59.321 -106.22 10
    endloop
  endfacet
  facet normal 0 0 1
    outer loop
      vertex 59.0174 -105.326 10
      vertex 60.1741 -103.818 10
      vertex 59.875 -103.618 10
    endloop
  endfacet
  facet normal 0 0 1
    outer loop
      vertex 61.0407 -107.052 10
      vertex 59.2853 -106.325 10
      vertex 60.8816 -107.375 10
    endloop
  endfacet
  facet normal 0 0 1
    outer loop
      vertex 58.925 -105.264 10
      vertex 59.875 -103.618 10
      vertex 59.5524 -103.459 10
    endloop
  endfacet
  facet normal -0 0 1
    outer loop
      vertex 59.2361 -106.425 10
      vertex 60.8816 -107.375 10
      vertex 59.2853 -106.325 10
    endloop
  endfacet
  facet normal 0 0 1
    outer loop
      vertex 60.8816 -107.375 10
      vertex 59.2361 -106.425 10
      vertex 60.6817 -107.674 10
    endloop
  endfacet
  facet normal 0 0 1
    outer loop
      vertex 61.2265 -105.641 10
      vertex 59.3427 -105.889 10
      vertex 59.35 -106 10
    endloop
  endfacet
  facet normal 0 0 1
    outer loop
      vertex 61.1563 -105.288 10
      vertex 59.321 -105.78 10
      vertex 59.3427 -105.889 10
    endloop
  endfacet
  facet normal 0 0 1
    outer loop
      vertex 61.0407 -104.948 10
      vertex 59.2853 -105.675 10
      vertex 59.321 -105.78 10
    endloop
  endfacet
  facet normal 0 0 1
    outer loop
      vertex 60.8816 -104.625 10
      vertex 59.2361 -105.575 10
      vertex 59.2853 -105.675 10
    endloop
  endfacet
  facet normal 0 0 1
    outer loop
      vertex 58.8253 -105.215 10
      vertex 59.5524 -103.459 10
      vertex 59.2118 -103.344 10
    endloop
  endfacet
  facet normal 0 0 1
    outer loop
      vertex 60.6817 -104.326 10
      vertex 59.1744 -105.483 10
      vertex 59.2361 -105.575 10
    endloop
  endfacet
  facet normal 0 0 1
    outer loop
      vertex 60.4445 -104.055 10
      vertex 59.101 -105.399 10
      vertex 59.1744 -105.483 10
    endloop
  endfacet
  facet normal 0 0 1
    outer loop
      vertex 60.1741 -103.818 10
      vertex 59.0174 -105.326 10
      vertex 59.101 -105.399 10
    endloop
  endfacet
  facet normal 0 0 1
    outer loop
      vertex 59.875 -103.618 10
      vertex 58.925 -105.264 10
      vertex 59.0174 -105.326 10
    endloop
  endfacet
  facet normal 0 0 1
    outer loop
      vertex 58.72 -105.179 10
      vertex 59.2118 -103.344 10
      vertex 58.8589 -103.274 10
    endloop
  endfacet
  facet normal 0 0 1
    outer loop
      vertex 59.5524 -103.459 10
      vertex 58.8253 -105.215 10
      vertex 58.925 -105.264 10
    endloop
  endfacet
  facet normal 0 0 1
    outer loop
      vertex 59.2118 -103.344 10
      vertex 58.72 -105.179 10
      vertex 58.8253 -105.215 10
    endloop
  endfacet
  facet normal 0 0 1
    outer loop
      vertex 58.8589 -103.274 10
      vertex 58.6109 -105.157 10
      vertex 58.72 -105.179 10
    endloop
  endfacet
  facet normal 0 0 1
    outer loop
      vertex 58.5 -103.25 10
      vertex 58.6109 -105.157 10
      vertex 58.8589 -103.274 10
    endloop
  endfacet
  facet normal 0 0 1
    outer loop
      vertex 58.5 -103.25 10
      vertex 58.5 -105.15 10
      vertex 58.6109 -105.157 10
    endloop
  endfacet
  facet normal 0 0 1
    outer loop
      vertex 58.5 -103.25 10
      vertex 58.3891 -105.157 10
      vertex 58.5 -105.15 10
    endloop
  endfacet
  facet normal -0 0 1
    outer loop
      vertex 58.1411 -103.274 10
      vertex 58.3891 -105.157 10
      vertex 58.5 -103.25 10
    endloop
  endfacet
  facet normal 0 0 1
    outer loop
      vertex 58.3891 -105.157 10
      vertex 58.1411 -103.274 10
      vertex 58.28 -105.179 10
    endloop
  endfacet
  facet normal -0 0 1
    outer loop
      vertex 57.7882 -103.344 10
      vertex 58.28 -105.179 10
      vertex 58.1411 -103.274 10
    endloop
  endfacet
  facet normal 0 0 1
    outer loop
      vertex 58.28 -105.179 10
      vertex 57.7882 -103.344 10
      vertex 58.1747 -105.215 10
    endloop
  endfacet
  facet normal -0 0 1
    outer loop
      vertex 57.4476 -103.459 10
      vertex 58.1747 -105.215 10
      vertex 57.7882 -103.344 10
    endloop
  endfacet
  facet normal 0 0 1
    outer loop
      vertex 58.1747 -105.215 10
      vertex 57.4476 -103.459 10
      vertex 58.075 -105.264 10
    endloop
  endfacet
  facet normal -0 0 1
    outer loop
      vertex 57.125 -103.618 10
      vertex 58.075 -105.264 10
      vertex 57.4476 -103.459 10
    endloop
  endfacet
  facet normal 0 0 1
    outer loop
      vertex 58.075 -105.264 10
      vertex 57.125 -103.618 10
      vertex 57.9826 -105.326 10
    endloop
  endfacet
  facet normal -0 0 1
    outer loop
      vertex 56.8259 -103.818 10
      vertex 57.9826 -105.326 10
      vertex 57.125 -103.618 10
    endloop
  endfacet
  facet normal 0 0 1
    outer loop
      vertex 57.9826 -105.326 10
      vertex 56.8259 -103.818 10
      vertex 57.899 -105.399 10
    endloop
  endfacet
  facet normal -0 0 1
    outer loop
      vertex 56.5555 -104.055 10
      vertex 57.899 -105.399 10
      vertex 56.8259 -103.818 10
    endloop
  endfacet
  facet normal 0 0 1
    outer loop
      vertex 57.899 -105.399 10
      vertex 56.5555 -104.055 10
      vertex 57.8256 -105.483 10
    endloop
  endfacet
  facet normal -0 0 1
    outer loop
      vertex 56.3183 -104.326 10
      vertex 57.8256 -105.483 10
      vertex 56.5555 -104.055 10
    endloop
  endfacet
  facet normal 0 0 1
    outer loop
      vertex 57.8256 -105.483 10
      vertex 56.3183 -104.326 10
      vertex 57.7639 -105.575 10
    endloop
  endfacet
  facet normal -0 0 1
    outer loop
      vertex 59.1744 -106.517 10
      vertex 60.6817 -107.674 10
      vertex 59.2361 -106.425 10
    endloop
  endfacet
  facet normal 0 0 1
    outer loop
      vertex 60.6817 -107.674 10
      vertex 59.1744 -106.517 10
      vertex 60.4445 -107.945 10
    endloop
  endfacet
  facet normal -0 0 1
    outer loop
      vertex 59.101 -106.601 10
      vertex 60.4445 -107.945 10
      vertex 59.1744 -106.517 10
    endloop
  endfacet
  facet normal 0 0 1
    outer loop
      vertex 60.4445 -107.945 10
      vertex 59.101 -106.601 10
      vertex 60.1741 -108.182 10
    endloop
  endfacet
  facet normal -0 0 1
    outer loop
      vertex 59.0174 -106.674 10
      vertex 60.1741 -108.182 10
      vertex 59.101 -106.601 10
    endloop
  endfacet
  facet normal 0 0 1
    outer loop
      vertex 60.1741 -108.182 10
      vertex 59.0174 -106.674 10
      vertex 59.875 -108.382 10
    endloop
  endfacet
  facet normal -0 0 1
    outer loop
      vertex 58.925 -106.736 10
      vertex 59.875 -108.382 10
      vertex 59.0174 -106.674 10
    endloop
  endfacet
  facet normal 0 0 1
    outer loop
      vertex 59.875 -108.382 10
      vertex 58.925 -106.736 10
      vertex 59.5524 -108.541 10
    endloop
  endfacet
  facet normal -0 0 1
    outer loop
      vertex 58.8253 -106.785 10
      vertex 59.5524 -108.541 10
      vertex 58.925 -106.736 10
    endloop
  endfacet
  facet normal 0 0 1
    outer loop
      vertex 59.5524 -108.541 10
      vertex 58.8253 -106.785 10
      vertex 59.2118 -108.656 10
    endloop
  endfacet
  facet normal -0 0 1
    outer loop
      vertex 58.72 -106.821 10
      vertex 59.2118 -108.656 10
      vertex 58.8253 -106.785 10
    endloop
  endfacet
  facet normal 0 0 1
    outer loop
      vertex 59.2118 -108.656 10
      vertex 58.72 -106.821 10
      vertex 58.8589 -108.726 10
    endloop
  endfacet
  facet normal -0 0 1
    outer loop
      vertex 58.6109 -106.843 10
      vertex 58.8589 -108.726 10
      vertex 58.72 -106.821 10
    endloop
  endfacet
  facet normal -0 0 1
    outer loop
      vertex 58.5 -106.85 10
      vertex 58.8589 -108.726 10
      vertex 58.6109 -106.843 10
    endloop
  endfacet
  facet normal 0 0 1
    outer loop
      vertex 58.5 -106.85 10
      vertex 58.5 -108.75 10
      vertex 58.8589 -108.726 10
    endloop
  endfacet
  facet normal 0 0 1
    outer loop
      vertex 58.3891 -106.843 10
      vertex 58.5 -108.75 10
      vertex 58.5 -106.85 10
    endloop
  endfacet
  facet normal 0 0 1
    outer loop
      vertex 58.1411 -108.726 10
      vertex 58.3891 -106.843 10
      vertex 58.28 -106.821 10
    endloop
  endfacet
  facet normal 0 0 1
    outer loop
      vertex 57.7882 -108.656 10
      vertex 58.28 -106.821 10
      vertex 58.1747 -106.785 10
    endloop
  endfacet
  facet normal 0 0 1
    outer loop
      vertex 58.3891 -106.843 10
      vertex 58.1411 -108.726 10
      vertex 58.5 -108.75 10
    endloop
  endfacet
  facet normal 0 0 1
    outer loop
      vertex 57.4476 -108.541 10
      vertex 58.1747 -106.785 10
      vertex 58.075 -106.736 10
    endloop
  endfacet
  facet normal 0 0 1
    outer loop
      vertex 57.125 -108.382 10
      vertex 58.075 -106.736 10
      vertex 57.9826 -106.674 10
    endloop
  endfacet
  facet normal 0 0 1
    outer loop
      vertex 56.8259 -108.182 10
      vertex 57.9826 -106.674 10
      vertex 57.899 -106.601 10
    endloop
  endfacet
  facet normal 0 0 1
    outer loop
      vertex 56.5555 -107.945 10
      vertex 57.899 -106.601 10
      vertex 57.8256 -106.517 10
    endloop
  endfacet
  facet normal 0 0 1
    outer loop
      vertex 58.28 -106.821 10
      vertex 57.7882 -108.656 10
      vertex 58.1411 -108.726 10
    endloop
  endfacet
  facet normal 0 0 1
    outer loop
      vertex 56.3183 -107.674 10
      vertex 57.8256 -106.517 10
      vertex 57.7639 -106.425 10
    endloop
  endfacet
  facet normal 0 0 1
    outer loop
      vertex 56.1184 -107.375 10
      vertex 57.7639 -106.425 10
      vertex 57.7147 -106.325 10
    endloop
  endfacet
  facet normal 0 0 1
    outer loop
      vertex 55.9593 -107.052 10
      vertex 57.7147 -106.325 10
      vertex 57.679 -106.22 10
    endloop
  endfacet
  facet normal 0 0 1
    outer loop
      vertex 55.8437 -106.712 10
      vertex 57.679 -106.22 10
      vertex 57.6573 -106.111 10
    endloop
  endfacet
  facet normal 0 0 1
    outer loop
      vertex 55.7735 -106.359 10
      vertex 57.6573 -106.111 10
      vertex 57.65 -106 10
    endloop
  endfacet
  facet normal -0 0 1
    outer loop
      vertex 56.1184 -104.625 10
      vertex 57.7639 -105.575 10
      vertex 56.3183 -104.326 10
    endloop
  endfacet
  facet normal 0 0 1
    outer loop
      vertex 58.1747 -106.785 10
      vertex 57.4476 -108.541 10
      vertex 57.7882 -108.656 10
    endloop
  endfacet
  facet normal 0 0 1
    outer loop
      vertex 57.7639 -105.575 10
      vertex 56.1184 -104.625 10
      vertex 57.7147 -105.675 10
    endloop
  endfacet
  facet normal 0 0 1
    outer loop
      vertex 58.075 -106.736 10
      vertex 57.125 -108.382 10
      vertex 57.4476 -108.541 10
    endloop
  endfacet
  facet normal -0 0 1
    outer loop
      vertex 55.9593 -104.948 10
      vertex 57.7147 -105.675 10
      vertex 56.1184 -104.625 10
    endloop
  endfacet
  facet normal 0 0 1
    outer loop
      vertex 57.9826 -106.674 10
      vertex 56.8259 -108.182 10
      vertex 57.125 -108.382 10
    endloop
  endfacet
  facet normal 0 0 1
    outer loop
      vertex 57.7147 -105.675 10
      vertex 55.9593 -104.948 10
      vertex 57.679 -105.78 10
    endloop
  endfacet
  facet normal 0 0 1
    outer loop
      vertex 57.899 -106.601 10
      vertex 56.5555 -107.945 10
      vertex 56.8259 -108.182 10
    endloop
  endfacet
  facet normal -0 0 1
    outer loop
      vertex 55.8437 -105.288 10
      vertex 57.679 -105.78 10
      vertex 55.9593 -104.948 10
    endloop
  endfacet
  facet normal 0 0 1
    outer loop
      vertex 57.8256 -106.517 10
      vertex 56.3183 -107.674 10
      vertex 56.5555 -107.945 10
    endloop
  endfacet
  facet normal 0 0 1
    outer loop
      vertex 57.679 -105.78 10
      vertex 55.8437 -105.288 10
      vertex 57.6573 -105.889 10
    endloop
  endfacet
  facet normal 0 0 1
    outer loop
      vertex 57.7639 -106.425 10
      vertex 56.1184 -107.375 10
      vertex 56.3183 -107.674 10
    endloop
  endfacet
  facet normal -0 0 1
    outer loop
      vertex 55.7735 -105.641 10
      vertex 57.6573 -105.889 10
      vertex 55.8437 -105.288 10
    endloop
  endfacet
  facet normal 0 0 1
    outer loop
      vertex 57.7147 -106.325 10
      vertex 55.9593 -107.052 10
      vertex 56.1184 -107.375 10
    endloop
  endfacet
  facet normal 0 0 1
    outer loop
      vertex 57.6573 -105.889 10
      vertex 55.7735 -105.641 10
      vertex 57.65 -106 10
    endloop
  endfacet
  facet normal 0 0 1
    outer loop
      vertex 57.679 -106.22 10
      vertex 55.8437 -106.712 10
      vertex 55.9593 -107.052 10
    endloop
  endfacet
  facet normal 0 0 1
    outer loop
      vertex 55.75 -106 10
      vertex 57.65 -106 10
      vertex 55.7735 -105.641 10
    endloop
  endfacet
  facet normal 0 0 1
    outer loop
      vertex 57.6573 -106.111 10
      vertex 55.7735 -106.359 10
      vertex 55.8437 -106.712 10
    endloop
  endfacet
  facet normal 0 0 1
    outer loop
      vertex 57.65 -106 10
      vertex 55.75 -106 10
      vertex 55.7735 -106.359 10
    endloop
  endfacet
  facet normal -0.066722 0.997772 0
    outer loop
      vertex 58.5 -103.25 2.5
      vertex 58.1411 -103.274 10
      vertex 58.5 -103.25 10
    endloop
  endfacet
  facet normal -0.066722 0.997772 0
    outer loop
      vertex 58.1411 -103.274 10
      vertex 58.5 -103.25 2.5
      vertex 58.1411 -103.274 2.5
    endloop
  endfacet
  facet normal 0.997864 0.0653198 0
    outer loop
      vertex 61.25 -106 10
      vertex 61.2265 -105.641 2.5
      vertex 61.2265 -105.641 10
    endloop
  endfacet
  facet normal 0.997864 0.0653198 0
    outer loop
      vertex 61.2265 -105.641 2.5
      vertex 61.25 -106 10
      vertex 61.25 -106 2.5
    endloop
  endfacet
  facet normal 0.44209 0.896971 -0
    outer loop
      vertex 59.875 -103.618 2.5
      vertex 59.5524 -103.459 10
      vertex 59.875 -103.618 10
    endloop
  endfacet
  facet normal 0.44209 0.896971 0
    outer loop
      vertex 59.5524 -103.459 10
      vertex 59.875 -103.618 2.5
      vertex 59.5524 -103.459 2.5
    endloop
  endfacet
  facet normal 0.066722 -0.997772 0
    outer loop
      vertex 58.5 -108.75 2.5
      vertex 58.8589 -108.726 10
      vertex 58.5 -108.75 10
    endloop
  endfacet
  facet normal 0.066722 -0.997772 0
    outer loop
      vertex 58.8589 -108.726 10
      vertex 58.5 -108.75 2.5
      vertex 58.8589 -108.726 2.5
    endloop
  endfacet
  facet normal -0.659134 0.752025 0
    outer loop
      vertex 56.8259 -103.818 2.5
      vertex 56.5555 -104.055 10
      vertex 56.8259 -103.818 10
    endloop
  endfacet
  facet normal -0.659134 0.752025 0
    outer loop
      vertex 56.5555 -104.055 10
      vertex 56.8259 -103.818 2.5
      vertex 56.5555 -104.055 2.5
    endloop
  endfacet
  facet normal 0.831322 0.55579 0
    outer loop
      vertex 60.8816 -104.625 10
      vertex 60.6817 -104.326 2.5
      vertex 60.6817 -104.326 10
    endloop
  endfacet
  facet normal 0.831322 0.55579 0
    outer loop
      vertex 60.6817 -104.326 2.5
      vertex 60.8816 -104.625 10
      vertex 60.8816 -104.625 2.5
    endloop
  endfacet
  facet normal 0.897078 -0.441873 0
    outer loop
      vertex 60.8816 -107.375 10
      vertex 61.0407 -107.052 2.5
      vertex 61.0407 -107.052 10
    endloop
  endfacet
  facet normal 0.897078 -0.441873 0
    outer loop
      vertex 61.0407 -107.052 2.5
      vertex 60.8816 -107.375 10
      vertex 60.8816 -107.375 2.5
    endloop
  endfacet
  facet normal 0.319897 0.947452 -0
    outer loop
      vertex 59.5524 -103.459 2.5
      vertex 59.2118 -103.344 10
      vertex 59.5524 -103.459 10
    endloop
  endfacet
  facet normal 0.319897 0.947452 0
    outer loop
      vertex 59.2118 -103.344 10
      vertex 59.5524 -103.459 2.5
      vertex 59.2118 -103.344 2.5
    endloop
  endfacet
  facet normal 0.555854 0.83128 -0
    outer loop
      vertex 60.1741 -103.818 2.5
      vertex 59.875 -103.618 10
      vertex 60.1741 -103.818 10
    endloop
  endfacet
  facet normal 0.555854 0.83128 0
    outer loop
      vertex 59.875 -103.618 10
      vertex 60.1741 -103.818 2.5
      vertex 59.875 -103.618 2.5
    endloop
  endfacet
  facet normal -0.659134 -0.752025 0
    outer loop
      vertex 56.5555 -107.945 2.5
      vertex 56.8259 -108.182 10
      vertex 56.5555 -107.945 10
    endloop
  endfacet
  facet normal -0.659134 -0.752025 -0
    outer loop
      vertex 56.8259 -108.182 10
      vertex 56.5555 -107.945 2.5
      vertex 56.8259 -108.182 2.5
    endloop
  endfacet
  facet normal 0.44209 -0.896971 0
    outer loop
      vertex 59.5524 -108.541 2.5
      vertex 59.875 -108.382 10
      vertex 59.5524 -108.541 10
    endloop
  endfacet
  facet normal 0.44209 -0.896971 0
    outer loop
      vertex 59.875 -108.382 10
      vertex 59.5524 -108.541 2.5
      vertex 59.875 -108.382 2.5
    endloop
  endfacet
  facet normal 0.897078 0.441873 0
    outer loop
      vertex 61.0407 -104.948 10
      vertex 60.8816 -104.625 2.5
      vertex 60.8816 -104.625 10
    endloop
  endfacet
  facet normal 0.897078 0.441873 0
    outer loop
      vertex 60.8816 -104.625 2.5
      vertex 61.0407 -104.948 10
      vertex 61.0407 -104.948 2.5
    endloop
  endfacet
  facet normal -0.555854 0.83128 0
    outer loop
      vertex 57.125 -103.618 2.5
      vertex 56.8259 -103.818 10
      vertex 57.125 -103.618 10
    endloop
  endfacet
  facet normal -0.555854 0.83128 0
    outer loop
      vertex 56.8259 -103.818 10
      vertex 57.125 -103.618 2.5
      vertex 56.8259 -103.818 2.5
    endloop
  endfacet
  facet normal 0.946773 0.321903 0
    outer loop
      vertex 61.1563 -105.288 10
      vertex 61.0407 -104.948 2.5
      vertex 61.0407 -104.948 10
    endloop
  endfacet
  facet normal 0.946773 0.321903 0
    outer loop
      vertex 61.0407 -104.948 2.5
      vertex 61.1563 -105.288 10
      vertex 61.1563 -105.288 2.5
    endloop
  endfacet
  facet normal 0.319897 -0.947452 0
    outer loop
      vertex 59.2118 -108.656 2.5
      vertex 59.5524 -108.541 10
      vertex 59.2118 -108.656 10
    endloop
  endfacet
  facet normal 0.319897 -0.947452 0
    outer loop
      vertex 59.5524 -108.541 10
      vertex 59.2118 -108.656 2.5
      vertex 59.5524 -108.541 2.5
    endloop
  endfacet
  facet normal -0.980794 -0.195047 0
    outer loop
      vertex 55.8437 -106.712 2.5
      vertex 55.7735 -106.359 10
      vertex 55.7735 -106.359 2.5
    endloop
  endfacet
  facet normal -0.980794 -0.195047 0
    outer loop
      vertex 55.7735 -106.359 10
      vertex 55.8437 -106.712 2.5
      vertex 55.8437 -106.712 10
    endloop
  endfacet
  facet normal -0.752473 0.658623 0
    outer loop
      vertex 56.3183 -104.326 2.5
      vertex 56.5555 -104.055 10
      vertex 56.5555 -104.055 2.5
    endloop
  endfacet
  facet normal -0.752473 0.658623 0
    outer loop
      vertex 56.5555 -104.055 10
      vertex 56.3183 -104.326 2.5
      vertex 56.3183 -104.326 10
    endloop
  endfacet
  facet normal -0.44209 -0.896971 0
    outer loop
      vertex 57.125 -108.382 2.5
      vertex 57.4476 -108.541 10
      vertex 57.125 -108.382 10
    endloop
  endfacet
  facet normal -0.44209 -0.896971 -0
    outer loop
      vertex 57.4476 -108.541 10
      vertex 57.125 -108.382 2.5
      vertex 57.4476 -108.541 2.5
    endloop
  endfacet
  facet normal -0.897078 -0.441873 0
    outer loop
      vertex 56.1184 -107.375 2.5
      vertex 55.9593 -107.052 10
      vertex 55.9593 -107.052 2.5
    endloop
  endfacet
  facet normal -0.897078 -0.441873 0
    outer loop
      vertex 55.9593 -107.052 10
      vertex 56.1184 -107.375 2.5
      vertex 56.1184 -107.375 10
    endloop
  endfacet
  facet normal 0.194566 0.980889 -0
    outer loop
      vertex 59.2118 -103.344 2.5
      vertex 58.8589 -103.274 10
      vertex 59.2118 -103.344 10
    endloop
  endfacet
  facet normal 0.194566 0.980889 0
    outer loop
      vertex 58.8589 -103.274 10
      vertex 59.2118 -103.344 2.5
      vertex 58.8589 -103.274 2.5
    endloop
  endfacet
  facet normal -0.319897 -0.947452 0
    outer loop
      vertex 57.4476 -108.541 2.5
      vertex 57.7882 -108.656 10
      vertex 57.4476 -108.541 10
    endloop
  endfacet
  facet normal -0.319897 -0.947452 -0
    outer loop
      vertex 57.7882 -108.656 10
      vertex 57.4476 -108.541 2.5
      vertex 57.7882 -108.656 2.5
    endloop
  endfacet
  facet normal -0.897078 0.441873 0
    outer loop
      vertex 55.9593 -104.948 2.5
      vertex 56.1184 -104.625 10
      vertex 56.1184 -104.625 2.5
    endloop
  endfacet
  facet normal -0.897078 0.441873 0
    outer loop
      vertex 56.1184 -104.625 10
      vertex 55.9593 -104.948 2.5
      vertex 55.9593 -104.948 10
    endloop
  endfacet
  facet normal 0.752473 -0.658623 0
    outer loop
      vertex 60.4445 -107.945 10
      vertex 60.6817 -107.674 2.5
      vertex 60.6817 -107.674 10
    endloop
  endfacet
  facet normal 0.752473 -0.658623 0
    outer loop
      vertex 60.6817 -107.674 2.5
      vertex 60.4445 -107.945 10
      vertex 60.4445 -107.945 2.5
    endloop
  endfacet
  facet normal -0.831322 -0.55579 0
    outer loop
      vertex 56.3183 -107.674 2.5
      vertex 56.1184 -107.375 10
      vertex 56.1184 -107.375 2.5
    endloop
  endfacet
  facet normal -0.831322 -0.55579 0
    outer loop
      vertex 56.1184 -107.375 10
      vertex 56.3183 -107.674 2.5
      vertex 56.3183 -107.674 10
    endloop
  endfacet
  facet normal -0.831322 0.55579 0
    outer loop
      vertex 56.1184 -104.625 2.5
      vertex 56.3183 -104.326 10
      vertex 56.3183 -104.326 2.5
    endloop
  endfacet
  facet normal -0.831322 0.55579 0
    outer loop
      vertex 56.3183 -104.326 10
      vertex 56.1184 -104.625 2.5
      vertex 56.1184 -104.625 10
    endloop
  endfacet
  facet normal 0.980794 0.195047 0
    outer loop
      vertex 61.2265 -105.641 10
      vertex 61.1563 -105.288 2.5
      vertex 61.1563 -105.288 10
    endloop
  endfacet
  facet normal 0.980794 0.195047 0
    outer loop
      vertex 61.1563 -105.288 2.5
      vertex 61.2265 -105.641 10
      vertex 61.2265 -105.641 2.5
    endloop
  endfacet
  facet normal 0.659134 -0.752025 0
    outer loop
      vertex 60.1741 -108.182 2.5
      vertex 60.4445 -107.945 10
      vertex 60.1741 -108.182 10
    endloop
  endfacet
  facet normal 0.659134 -0.752025 0
    outer loop
      vertex 60.4445 -107.945 10
      vertex 60.1741 -108.182 2.5
      vertex 60.4445 -107.945 2.5
    endloop
  endfacet
  facet normal -0.066722 -0.997772 0
    outer loop
      vertex 58.1411 -108.726 2.5
      vertex 58.5 -108.75 10
      vertex 58.1411 -108.726 10
    endloop
  endfacet
  facet normal -0.066722 -0.997772 -0
    outer loop
      vertex 58.5 -108.75 10
      vertex 58.1411 -108.726 2.5
      vertex 58.5 -108.75 2.5
    endloop
  endfacet
  facet normal -0.980794 0.195047 0
    outer loop
      vertex 55.7735 -105.641 2.5
      vertex 55.8437 -105.288 10
      vertex 55.8437 -105.288 2.5
    endloop
  endfacet
  facet normal -0.980794 0.195047 0
    outer loop
      vertex 55.8437 -105.288 10
      vertex 55.7735 -105.641 2.5
      vertex 55.7735 -105.641 10
    endloop
  endfacet
  facet normal -0.555854 -0.83128 0
    outer loop
      vertex 56.8259 -108.182 2.5
      vertex 57.125 -108.382 10
      vertex 56.8259 -108.182 10
    endloop
  endfacet
  facet normal -0.555854 -0.83128 -0
    outer loop
      vertex 57.125 -108.382 10
      vertex 56.8259 -108.182 2.5
      vertex 57.125 -108.382 2.5
    endloop
  endfacet
  facet normal -0.44209 0.896971 0
    outer loop
      vertex 57.4476 -103.459 2.5
      vertex 57.125 -103.618 10
      vertex 57.4476 -103.459 10
    endloop
  endfacet
  facet normal -0.44209 0.896971 0
    outer loop
      vertex 57.125 -103.618 10
      vertex 57.4476 -103.459 2.5
      vertex 57.125 -103.618 2.5
    endloop
  endfacet
  facet normal -0.194566 0.980889 0
    outer loop
      vertex 58.1411 -103.274 2.5
      vertex 57.7882 -103.344 10
      vertex 58.1411 -103.274 10
    endloop
  endfacet
  facet normal -0.194566 0.980889 0
    outer loop
      vertex 57.7882 -103.344 10
      vertex 58.1411 -103.274 2.5
      vertex 57.7882 -103.344 2.5
    endloop
  endfacet
  facet normal 0.657739 0.753246 -0
    outer loop
      vertex 57.9826 -106.674 4.01
      vertex 57.899 -106.601 10
      vertex 57.9826 -106.674 10
    endloop
  endfacet
  facet normal 0.657739 0.753246 0
    outer loop
      vertex 57.899 -106.601 10
      vertex 57.9826 -106.674 4.01
      vertex 57.899 -106.601 4.01
    endloop
  endfacet
  facet normal -0.89728 -0.441462 0
    outer loop
      vertex 59.2853 -105.675 4.01
      vertex 59.2361 -105.575 10
      vertex 59.2361 -105.575 4.01
    endloop
  endfacet
  facet normal -0.89728 -0.441462 0
    outer loop
      vertex 59.2361 -105.575 10
      vertex 59.2853 -105.675 4.01
      vertex 59.2853 -105.675 10
    endloop
  endfacet
  facet normal -0.197671 -0.980268 0
    outer loop
      vertex 58.6109 -105.157 4.01
      vertex 58.72 -105.179 10
      vertex 58.6109 -105.157 10
    endloop
  endfacet
  facet normal -0.197671 -0.980268 -0
    outer loop
      vertex 58.72 -105.179 10
      vertex 58.6109 -105.157 4.01
      vertex 58.72 -105.179 4.01
    endloop
  endfacet
  facet normal -0.830519 0.55699 0
    outer loop
      vertex 59.1744 -106.517 4.01
      vertex 59.2361 -106.425 10
      vertex 59.2361 -106.425 4.01
    endloop
  endfacet
  facet normal -0.830519 0.55699 0
    outer loop
      vertex 59.2361 -106.425 10
      vertex 59.1744 -106.517 4.01
      vertex 59.1744 -106.517 10
    endloop
  endfacet
  facet normal -0.89728 0.441462 0
    outer loop
      vertex 59.2361 -106.425 4.01
      vertex 59.2853 -106.325 10
      vertex 59.2853 -106.325 4.01
    endloop
  endfacet
  facet normal -0.89728 0.441462 0
    outer loop
      vertex 59.2853 -106.325 10
      vertex 59.2361 -106.425 4.01
      vertex 59.2361 -106.425 10
    endloop
  endfacet
  facet normal 0.980753 0.195251 0
    outer loop
      vertex 57.679 -106.22 10
      vertex 57.6573 -106.111 4.01
      vertex 57.6573 -106.111 10
    endloop
  endfacet
  facet normal 0.980753 0.195251 0
    outer loop
      vertex 57.6573 -106.111 4.01
      vertex 57.679 -106.22 10
      vertex 57.679 -106.22 4.01
    endloop
  endfacet
  facet normal 0.657739 -0.753246 0
    outer loop
      vertex 57.899 -105.399 4.01
      vertex 57.9826 -105.326 10
      vertex 57.899 -105.399 10
    endloop
  endfacet
  facet normal 0.657739 -0.753246 0
    outer loop
      vertex 57.9826 -105.326 10
      vertex 57.899 -105.399 4.01
      vertex 57.9826 -105.326 4.01
    endloop
  endfacet
  facet normal -0.753021 0.657997 0
    outer loop
      vertex 59.101 -106.601 4.01
      vertex 59.1744 -106.517 10
      vertex 59.1744 -106.517 4.01
    endloop
  endfacet
  facet normal -0.753021 0.657997 0
    outer loop
      vertex 59.1744 -106.517 10
      vertex 59.101 -106.601 4.01
      vertex 59.101 -106.601 10
    endloop
  endfacet
  facet normal 0.997844 0.065624 0
    outer loop
      vertex 57.6573 -106.111 10
      vertex 57.65 -106 4.01
      vertex 57.65 -106 10
    endloop
  endfacet
  facet normal 0.997844 0.065624 0
    outer loop
      vertex 57.65 -106 4.01
      vertex 57.6573 -106.111 10
      vertex 57.6573 -106.111 4.01
    endloop
  endfacet
  facet normal 0.441082 -0.897467 0
    outer loop
      vertex 58.075 -105.264 4.01
      vertex 58.1747 -105.215 10
      vertex 58.075 -105.264 10
    endloop
  endfacet
  facet normal 0.441082 -0.897467 0
    outer loop
      vertex 58.1747 -105.215 10
      vertex 58.075 -105.264 4.01
      vertex 58.1747 -105.215 4.01
    endloop
  endfacet
  facet normal 0.753021 0.657997 0
    outer loop
      vertex 57.899 -106.601 10
      vertex 57.8256 -106.517 4.01
      vertex 57.8256 -106.517 10
    endloop
  endfacet
  facet normal 0.753021 0.657997 0
    outer loop
      vertex 57.8256 -106.517 4.01
      vertex 57.899 -106.601 10
      vertex 57.899 -106.601 4.01
    endloop
  endfacet
  facet normal 0.557186 0.830387 -0
    outer loop
      vertex 58.075 -106.736 4.01
      vertex 57.9826 -106.674 10
      vertex 58.075 -106.736 10
    endloop
  endfacet
  facet normal 0.557186 0.830387 0
    outer loop
      vertex 57.9826 -106.674 10
      vertex 58.075 -106.736 4.01
      vertex 57.9826 -106.674 4.01
    endloop
  endfacet
  facet normal 0.830519 0.55699 0
    outer loop
      vertex 57.8256 -106.517 10
      vertex 57.7639 -106.425 4.01
      vertex 57.7639 -106.425 10
    endloop
  endfacet
  facet normal 0.830519 0.55699 0
    outer loop
      vertex 57.7639 -106.425 4.01
      vertex 57.8256 -106.517 10
      vertex 57.8256 -106.517 4.01
    endloop
  endfacet
  facet normal -0.997844 -0.065624 0
    outer loop
      vertex 59.35 -106 4.01
      vertex 59.3427 -105.889 10
      vertex 59.3427 -105.889 4.01
    endloop
  endfacet
  facet normal -0.997844 -0.065624 0
    outer loop
      vertex 59.3427 -105.889 10
      vertex 59.35 -106 4.01
      vertex 59.35 -106 10
    endloop
  endfacet
  facet normal -0.980753 0.195251 0
    outer loop
      vertex 59.321 -106.22 4.01
      vertex 59.3427 -106.111 10
      vertex 59.3427 -106.111 4.01
    endloop
  endfacet
  facet normal -0.980753 0.195251 0
    outer loop
      vertex 59.3427 -106.111 10
      vertex 59.321 -106.22 4.01
      vertex 59.321 -106.22 10
    endloop
  endfacet
  facet normal -0.0629946 0.998014 0
    outer loop
      vertex 58.6109 -106.843 4.01
      vertex 58.5 -106.85 10
      vertex 58.6109 -106.843 10
    endloop
  endfacet
  facet normal -0.0629946 0.998014 0
    outer loop
      vertex 58.5 -106.85 10
      vertex 58.6109 -106.843 4.01
      vertex 58.5 -106.85 4.01
    endloop
  endfacet
  facet normal 0.0629946 0.998014 -0
    outer loop
      vertex 58.5 -106.85 4.01
      vertex 58.3891 -106.843 10
      vertex 58.5 -106.85 10
    endloop
  endfacet
  facet normal 0.0629946 0.998014 0
    outer loop
      vertex 58.3891 -106.843 10
      vertex 58.5 -106.85 4.01
      vertex 58.3891 -106.843 4.01
    endloop
  endfacet
  facet normal -0.441082 -0.897467 0
    outer loop
      vertex 58.8253 -105.215 4.01
      vertex 58.925 -105.264 10
      vertex 58.8253 -105.215 10
    endloop
  endfacet
  facet normal -0.441082 -0.897467 -0
    outer loop
      vertex 58.925 -105.264 10
      vertex 58.8253 -105.215 4.01
      vertex 58.925 -105.264 4.01
    endloop
  endfacet
  facet normal -0.997844 0.065624 0
    outer loop
      vertex 59.3427 -106.111 4.01
      vertex 59.35 -106 10
      vertex 59.35 -106 4.01
    endloop
  endfacet
  facet normal -0.997844 0.065624 0
    outer loop
      vertex 59.35 -106 10
      vertex 59.3427 -106.111 4.01
      vertex 59.3427 -106.111 10
    endloop
  endfacet
  facet normal -0.557186 0.830387 0
    outer loop
      vertex 59.0174 -106.674 4.01
      vertex 58.925 -106.736 10
      vertex 59.0174 -106.674 10
    endloop
  endfacet
  facet normal -0.557186 0.830387 0
    outer loop
      vertex 58.925 -106.736 10
      vertex 59.0174 -106.674 4.01
      vertex 58.925 -106.736 4.01
    endloop
  endfacet
  facet normal -0.557186 -0.830387 0
    outer loop
      vertex 58.925 -105.264 4.01
      vertex 59.0174 -105.326 10
      vertex 58.925 -105.264 10
    endloop
  endfacet
  facet normal -0.557186 -0.830387 -0
    outer loop
      vertex 59.0174 -105.326 10
      vertex 58.925 -105.264 4.01
      vertex 59.0174 -105.326 4.01
    endloop
  endfacet
  facet normal -0.946773 -0.321903 0
    outer loop
      vertex 59.321 -105.78 4.01
      vertex 59.2853 -105.675 10
      vertex 59.2853 -105.675 4.01
    endloop
  endfacet
  facet normal -0.946773 -0.321903 0
    outer loop
      vertex 59.2853 -105.675 10
      vertex 59.321 -105.78 4.01
      vertex 59.321 -105.78 10
    endloop
  endfacet
  facet normal 0.323497 -0.946229 0
    outer loop
      vertex 58.1747 -105.215 4.01
      vertex 58.28 -105.179 10
      vertex 58.1747 -105.215 10
    endloop
  endfacet
  facet normal 0.323497 -0.946229 0
    outer loop
      vertex 58.28 -105.179 10
      vertex 58.1747 -105.215 4.01
      vertex 58.28 -105.179 4.01
    endloop
  endfacet
  facet normal -0.0629946 -0.998014 0
    outer loop
      vertex 58.5 -105.15 4.01
      vertex 58.6109 -105.157 10
      vertex 58.5 -105.15 10
    endloop
  endfacet
  facet normal -0.0629946 -0.998014 -0
    outer loop
      vertex 58.6109 -105.157 10
      vertex 58.5 -105.15 4.01
      vertex 58.6109 -105.157 4.01
    endloop
  endfacet
  facet normal -0.946773 0.321903 0
    outer loop
      vertex 59.2853 -106.325 4.01
      vertex 59.321 -106.22 10
      vertex 59.321 -106.22 4.01
    endloop
  endfacet
  facet normal -0.946773 0.321903 0
    outer loop
      vertex 59.321 -106.22 10
      vertex 59.2853 -106.325 4.01
      vertex 59.2853 -106.325 10
    endloop
  endfacet
  facet normal 0.946773 0.321903 0
    outer loop
      vertex 57.7147 -106.325 10
      vertex 57.679 -106.22 4.01
      vertex 57.679 -106.22 10
    endloop
  endfacet
  facet normal 0.946773 0.321903 0
    outer loop
      vertex 57.679 -106.22 4.01
      vertex 57.7147 -106.325 10
      vertex 57.7147 -106.325 4.01
    endloop
  endfacet
  facet normal 0.323497 0.946229 -0
    outer loop
      vertex 58.28 -106.821 4.01
      vertex 58.1747 -106.785 10
      vertex 58.28 -106.821 10
    endloop
  endfacet
  facet normal 0.323497 0.946229 0
    outer loop
      vertex 58.1747 -106.785 10
      vertex 58.28 -106.821 4.01
      vertex 58.1747 -106.785 4.01
    endloop
  endfacet
  facet normal -0.323497 0.946229 0
    outer loop
      vertex 58.8253 -106.785 4.01
      vertex 58.72 -106.821 10
      vertex 58.8253 -106.785 10
    endloop
  endfacet
  facet normal -0.323497 0.946229 0
    outer loop
      vertex 58.72 -106.821 10
      vertex 58.8253 -106.785 4.01
      vertex 58.72 -106.821 4.01
    endloop
  endfacet
  facet normal 0.946773 -0.321903 0
    outer loop
      vertex 57.679 -105.78 10
      vertex 57.7147 -105.675 4.01
      vertex 57.7147 -105.675 10
    endloop
  endfacet
  facet normal 0.946773 -0.321903 0
    outer loop
      vertex 57.7147 -105.675 4.01
      vertex 57.679 -105.78 10
      vertex 57.679 -105.78 4.01
    endloop
  endfacet
  facet normal 0.830519 -0.55699 0
    outer loop
      vertex 57.7639 -105.575 10
      vertex 57.8256 -105.483 4.01
      vertex 57.8256 -105.483 10
    endloop
  endfacet
  facet normal 0.830519 -0.55699 0
    outer loop
      vertex 57.8256 -105.483 4.01
      vertex 57.7639 -105.575 10
      vertex 57.7639 -105.575 4.01
    endloop
  endfacet
  facet normal 0.0629946 -0.998014 0
    outer loop
      vertex 58.3891 -105.157 4.01
      vertex 58.5 -105.15 10
      vertex 58.3891 -105.157 10
    endloop
  endfacet
  facet normal 0.0629946 -0.998014 0
    outer loop
      vertex 58.5 -105.15 10
      vertex 58.3891 -105.157 4.01
      vertex 58.5 -105.15 4.01
    endloop
  endfacet
  facet normal -0.830519 -0.55699 0
    outer loop
      vertex 59.2361 -105.575 4.01
      vertex 59.1744 -105.483 10
      vertex 59.1744 -105.483 4.01
    endloop
  endfacet
  facet normal -0.830519 -0.55699 0
    outer loop
      vertex 59.1744 -105.483 10
      vertex 59.2361 -105.575 4.01
      vertex 59.2361 -105.575 10
    endloop
  endfacet
  facet normal 0.441082 0.897467 -0
    outer loop
      vertex 58.1747 -106.785 4.01
      vertex 58.075 -106.736 10
      vertex 58.1747 -106.785 10
    endloop
  endfacet
  facet normal 0.441082 0.897467 0
    outer loop
      vertex 58.075 -106.736 10
      vertex 58.1747 -106.785 4.01
      vertex 58.075 -106.736 4.01
    endloop
  endfacet
  facet normal -0.980753 -0.195251 0
    outer loop
      vertex 59.3427 -105.889 4.01
      vertex 59.321 -105.78 10
      vertex 59.321 -105.78 4.01
    endloop
  endfacet
  facet normal -0.980753 -0.195251 0
    outer loop
      vertex 59.321 -105.78 10
      vertex 59.3427 -105.889 4.01
      vertex 59.3427 -105.889 10
    endloop
  endfacet
  facet normal -0.197671 0.980268 0
    outer loop
      vertex 58.72 -106.821 4.01
      vertex 58.6109 -106.843 10
      vertex 58.72 -106.821 10
    endloop
  endfacet
  facet normal -0.197671 0.980268 0
    outer loop
      vertex 58.6109 -106.843 10
      vertex 58.72 -106.821 4.01
      vertex 58.6109 -106.843 4.01
    endloop
  endfacet
  facet normal -0.753021 -0.657997 0
    outer loop
      vertex 59.1744 -105.483 4.01
      vertex 59.101 -105.399 10
      vertex 59.101 -105.399 4.01
    endloop
  endfacet
  facet normal -0.753021 -0.657997 0
    outer loop
      vertex 59.101 -105.399 10
      vertex 59.1744 -105.483 4.01
      vertex 59.1744 -105.483 10
    endloop
  endfacet
  facet normal -0.323497 -0.946229 0
    outer loop
      vertex 58.72 -105.179 4.01
      vertex 58.8253 -105.215 10
      vertex 58.72 -105.179 10
    endloop
  endfacet
  facet normal -0.323497 -0.946229 -0
    outer loop
      vertex 58.8253 -105.215 10
      vertex 58.72 -105.179 4.01
      vertex 58.8253 -105.215 4.01
    endloop
  endfacet
  facet normal 0.753021 -0.657997 0
    outer loop
      vertex 57.8256 -105.483 10
      vertex 57.899 -105.399 4.01
      vertex 57.899 -105.399 10
    endloop
  endfacet
  facet normal 0.753021 -0.657997 0
    outer loop
      vertex 57.899 -105.399 4.01
      vertex 57.8256 -105.483 10
      vertex 57.8256 -105.483 4.01
    endloop
  endfacet
  facet normal -0.657739 -0.753246 0
    outer loop
      vertex 59.0174 -105.326 4.01
      vertex 59.101 -105.399 10
      vertex 59.0174 -105.326 10
    endloop
  endfacet
  facet normal -0.657739 -0.753246 -0
    outer loop
      vertex 59.101 -105.399 10
      vertex 59.0174 -105.326 4.01
      vertex 59.101 -105.399 4.01
    endloop
  endfacet
  facet normal -0.441082 0.897467 0
    outer loop
      vertex 58.925 -106.736 4.01
      vertex 58.8253 -106.785 10
      vertex 58.925 -106.736 10
    endloop
  endfacet
  facet normal -0.441082 0.897467 0
    outer loop
      vertex 58.8253 -106.785 10
      vertex 58.925 -106.736 4.01
      vertex 58.8253 -106.785 4.01
    endloop
  endfacet
  facet normal 0.197671 0.980268 -0
    outer loop
      vertex 58.3891 -106.843 4.01
      vertex 58.28 -106.821 10
      vertex 58.3891 -106.843 10
    endloop
  endfacet
  facet normal 0.197671 0.980268 0
    outer loop
      vertex 58.28 -106.821 10
      vertex 58.3891 -106.843 4.01
      vertex 58.28 -106.821 4.01
    endloop
  endfacet
  facet normal 0.197671 -0.980268 0
    outer loop
      vertex 58.28 -105.179 4.01
      vertex 58.3891 -105.157 10
      vertex 58.28 -105.179 10
    endloop
  endfacet
  facet normal 0.197671 -0.980268 0
    outer loop
      vertex 58.3891 -105.157 10
      vertex 58.28 -105.179 4.01
      vertex 58.3891 -105.157 4.01
    endloop
  endfacet
  facet normal -0.657739 0.753246 0
    outer loop
      vertex 59.101 -106.601 4.01
      vertex 59.0174 -106.674 10
      vertex 59.101 -106.601 10
    endloop
  endfacet
  facet normal -0.657739 0.753246 0
    outer loop
      vertex 59.0174 -106.674 10
      vertex 59.101 -106.601 4.01
      vertex 59.0174 -106.674 4.01
    endloop
  endfacet
  facet normal 0.980753 -0.195251 0
    outer loop
      vertex 57.6573 -105.889 10
      vertex 57.679 -105.78 4.01
      vertex 57.679 -105.78 10
    endloop
  endfacet
  facet normal 0.980753 -0.195251 0
    outer loop
      vertex 57.679 -105.78 4.01
      vertex 57.6573 -105.889 10
      vertex 57.6573 -105.889 4.01
    endloop
  endfacet
  facet normal 0.997844 -0.065624 0
    outer loop
      vertex 57.65 -106 10
      vertex 57.6573 -105.889 4.01
      vertex 57.6573 -105.889 10
    endloop
  endfacet
  facet normal 0.997844 -0.065624 0
    outer loop
      vertex 57.6573 -105.889 4.01
      vertex 57.65 -106 10
      vertex 57.65 -106 4.01
    endloop
  endfacet
  facet normal 0.89728 0.441462 0
    outer loop
      vertex 57.7639 -106.425 10
      vertex 57.7147 -106.325 4.01
      vertex 57.7147 -106.325 10
    endloop
  endfacet
  facet normal 0.89728 0.441462 0
    outer loop
      vertex 57.7147 -106.325 4.01
      vertex 57.7639 -106.425 10
      vertex 57.7639 -106.425 4.01
    endloop
  endfacet
  facet normal 0 0 1
    outer loop
      vertex 59.3427 -105.889 4.01
      vertex 59.3427 -106.111 4.01
      vertex 59.35 -106 4.01
    endloop
  endfacet
  facet normal 0 0 1
    outer loop
      vertex 59.321 -105.78 4.01
      vertex 59.3427 -106.111 4.01
      vertex 59.3427 -105.889 4.01
    endloop
  endfacet
  facet normal 0 0 1
    outer loop
      vertex 59.321 -105.78 4.01
      vertex 59.321 -106.22 4.01
      vertex 59.3427 -106.111 4.01
    endloop
  endfacet
  facet normal 0 0 1
    outer loop
      vertex 59.2853 -105.675 4.01
      vertex 59.321 -106.22 4.01
      vertex 59.321 -105.78 4.01
    endloop
  endfacet
  facet normal 0 0 1
    outer loop
      vertex 59.2853 -105.675 4.01
      vertex 59.2853 -106.325 4.01
      vertex 59.321 -106.22 4.01
    endloop
  endfacet
  facet normal 0 0 1
    outer loop
      vertex 59.2361 -105.575 4.01
      vertex 59.2853 -106.325 4.01
      vertex 59.2853 -105.675 4.01
    endloop
  endfacet
  facet normal 0 0 1
    outer loop
      vertex 59.2361 -105.575 4.01
      vertex 59.2361 -106.425 4.01
      vertex 59.2853 -106.325 4.01
    endloop
  endfacet
  facet normal 0 0 1
    outer loop
      vertex 59.1744 -105.483 4.01
      vertex 59.2361 -106.425 4.01
      vertex 59.2361 -105.575 4.01
    endloop
  endfacet
  facet normal 0 0 1
    outer loop
      vertex 59.1744 -105.483 4.01
      vertex 59.1744 -106.517 4.01
      vertex 59.2361 -106.425 4.01
    endloop
  endfacet
  facet normal 0 0 1
    outer loop
      vertex 59.101 -105.399 4.01
      vertex 59.1744 -106.517 4.01
      vertex 59.1744 -105.483 4.01
    endloop
  endfacet
  facet normal 0 0 1
    outer loop
      vertex 59.101 -105.399 4.01
      vertex 59.101 -106.601 4.01
      vertex 59.1744 -106.517 4.01
    endloop
  endfacet
  facet normal 0 0 1
    outer loop
      vertex 59.0174 -105.326 4.01
      vertex 59.101 -106.601 4.01
      vertex 59.101 -105.399 4.01
    endloop
  endfacet
  facet normal 0 0 1
    outer loop
      vertex 59.0174 -105.326 4.01
      vertex 59.0174 -106.674 4.01
      vertex 59.101 -106.601 4.01
    endloop
  endfacet
  facet normal 0 0 1
    outer loop
      vertex 58.925 -105.264 4.01
      vertex 59.0174 -106.674 4.01
      vertex 59.0174 -105.326 4.01
    endloop
  endfacet
  facet normal 0 0 1
    outer loop
      vertex 58.925 -105.264 4.01
      vertex 58.925 -106.736 4.01
      vertex 59.0174 -106.674 4.01
    endloop
  endfacet
  facet normal 0 0 1
    outer loop
      vertex 58.8253 -105.215 4.01
      vertex 58.925 -106.736 4.01
      vertex 58.925 -105.264 4.01
    endloop
  endfacet
  facet normal 0 0 1
    outer loop
      vertex 58.8253 -105.215 4.01
      vertex 58.8253 -106.785 4.01
      vertex 58.925 -106.736 4.01
    endloop
  endfacet
  facet normal 0 0 1
    outer loop
      vertex 58.72 -105.179 4.01
      vertex 58.8253 -106.785 4.01
      vertex 58.8253 -105.215 4.01
    endloop
  endfacet
  facet normal 0 0 1
    outer loop
      vertex 58.72 -105.179 4.01
      vertex 58.72 -106.821 4.01
      vertex 58.8253 -106.785 4.01
    endloop
  endfacet
  facet normal 0 0 1
    outer loop
      vertex 58.6109 -105.157 4.01
      vertex 58.72 -106.821 4.01
      vertex 58.72 -105.179 4.01
    endloop
  endfacet
  facet normal 0 0 1
    outer loop
      vertex 58.6109 -105.157 4.01
      vertex 58.6109 -106.843 4.01
      vertex 58.72 -106.821 4.01
    endloop
  endfacet
  facet normal 0 0 1
    outer loop
      vertex 58.5 -105.15 4.01
      vertex 58.6109 -106.843 4.01
      vertex 58.6109 -105.157 4.01
    endloop
  endfacet
  facet normal 0 0 1
    outer loop
      vertex 58.5 -105.15 4.01
      vertex 58.5 -106.85 4.01
      vertex 58.6109 -106.843 4.01
    endloop
  endfacet
  facet normal -0 0 1
    outer loop
      vertex 58.3891 -105.157 4.01
      vertex 58.5 -106.85 4.01
      vertex 58.5 -105.15 4.01
    endloop
  endfacet
  facet normal 0 0 1
    outer loop
      vertex 58.3891 -105.157 4.01
      vertex 58.3891 -106.843 4.01
      vertex 58.5 -106.85 4.01
    endloop
  endfacet
  facet normal -0 0 1
    outer loop
      vertex 58.28 -105.179 4.01
      vertex 58.3891 -106.843 4.01
      vertex 58.3891 -105.157 4.01
    endloop
  endfacet
  facet normal 0 0 1
    outer loop
      vertex 58.28 -105.179 4.01
      vertex 58.28 -106.821 4.01
      vertex 58.3891 -106.843 4.01
    endloop
  endfacet
  facet normal -0 0 1
    outer loop
      vertex 58.1747 -105.215 4.01
      vertex 58.28 -106.821 4.01
      vertex 58.28 -105.179 4.01
    endloop
  endfacet
  facet normal 0 0 1
    outer loop
      vertex 58.1747 -105.215 4.01
      vertex 58.1747 -106.785 4.01
      vertex 58.28 -106.821 4.01
    endloop
  endfacet
  facet normal -0 0 1
    outer loop
      vertex 58.075 -105.264 4.01
      vertex 58.1747 -106.785 4.01
      vertex 58.1747 -105.215 4.01
    endloop
  endfacet
  facet normal 0 0 1
    outer loop
      vertex 58.075 -105.264 4.01
      vertex 58.075 -106.736 4.01
      vertex 58.1747 -106.785 4.01
    endloop
  endfacet
  facet normal -0 0 1
    outer loop
      vertex 57.9826 -105.326 4.01
      vertex 58.075 -106.736 4.01
      vertex 58.075 -105.264 4.01
    endloop
  endfacet
  facet normal 0 0 1
    outer loop
      vertex 57.9826 -105.326 4.01
      vertex 57.9826 -106.674 4.01
      vertex 58.075 -106.736 4.01
    endloop
  endfacet
  facet normal -0 0 1
    outer loop
      vertex 57.899 -105.399 4.01
      vertex 57.9826 -106.674 4.01
      vertex 57.9826 -105.326 4.01
    endloop
  endfacet
  facet normal 0 0 1
    outer loop
      vertex 57.899 -105.399 4.01
      vertex 57.899 -106.601 4.01
      vertex 57.9826 -106.674 4.01
    endloop
  endfacet
  facet normal -0 0 1
    outer loop
      vertex 57.8256 -105.483 4.01
      vertex 57.899 -106.601 4.01
      vertex 57.899 -105.399 4.01
    endloop
  endfacet
  facet normal 0 0 1
    outer loop
      vertex 57.8256 -105.483 4.01
      vertex 57.8256 -106.517 4.01
      vertex 57.899 -106.601 4.01
    endloop
  endfacet
  facet normal -0 0 1
    outer loop
      vertex 57.7639 -105.575 4.01
      vertex 57.8256 -106.517 4.01
      vertex 57.8256 -105.483 4.01
    endloop
  endfacet
  facet normal 0 0 1
    outer loop
      vertex 57.7639 -105.575 4.01
      vertex 57.7639 -106.425 4.01
      vertex 57.8256 -106.517 4.01
    endloop
  endfacet
  facet normal -0 0 1
    outer loop
      vertex 57.7147 -105.675 4.01
      vertex 57.7639 -106.425 4.01
      vertex 57.7639 -105.575 4.01
    endloop
  endfacet
  facet normal 0 0 1
    outer loop
      vertex 57.7147 -105.675 4.01
      vertex 57.7147 -106.325 4.01
      vertex 57.7639 -106.425 4.01
    endloop
  endfacet
  facet normal -0 0 1
    outer loop
      vertex 57.679 -105.78 4.01
      vertex 57.7147 -106.325 4.01
      vertex 57.7147 -105.675 4.01
    endloop
  endfacet
  facet normal 0 0 1
    outer loop
      vertex 57.679 -105.78 4.01
      vertex 57.679 -106.22 4.01
      vertex 57.7147 -106.325 4.01
    endloop
  endfacet
  facet normal -0 0 1
    outer loop
      vertex 57.6573 -105.889 4.01
      vertex 57.679 -106.22 4.01
      vertex 57.679 -105.78 4.01
    endloop
  endfacet
  facet normal 0 0 1
    outer loop
      vertex 57.6573 -105.889 4.01
      vertex 57.6573 -106.111 4.01
      vertex 57.679 -106.22 4.01
    endloop
  endfacet
  facet normal 0 -0 1
    outer loop
      vertex 57.6573 -106.111 4.01
      vertex 57.6573 -105.889 4.01
      vertex 57.65 -106 4.01
    endloop
  endfacet
  facet normal 0.89728 -0.441462 0
    outer loop
      vertex 57.7147 -105.675 10
      vertex 57.7639 -105.575 4.01
      vertex 57.7639 -105.575 10
    endloop
  endfacet
  facet normal 0.89728 -0.441462 0
    outer loop
      vertex 57.7639 -105.575 4.01
      vertex 57.7147 -105.675 10
      vertex 57.7147 -105.675 4.01
    endloop
  endfacet
  facet normal 0.557186 -0.830387 0
    outer loop
      vertex 57.9826 -105.326 4.01
      vertex 58.075 -105.264 10
      vertex 57.9826 -105.326 10
    endloop
  endfacet
  facet normal 0.557186 -0.830387 0
    outer loop
      vertex 58.075 -105.264 10
      vertex 57.9826 -105.326 4.01
      vertex 58.075 -105.264 4.01
    endloop
  endfacet
  facet normal 1 -0 0
    outer loop
      vertex 34 -99.5 33.9
      vertex 34 -96 2.5
      vertex 34 -96 33.9
    endloop
  endfacet
  facet normal 1 0 0
    outer loop
      vertex 34 -96 2.5
      vertex 34 -99.5 33.9
      vertex 34 -99.5 2.5
    endloop
  endfacet
  facet normal -0 0 1
    outer loop
      vertex 29 -96 33.9
      vertex 34 -99.5 33.9
      vertex 34 -96 33.9
    endloop
  endfacet
  facet normal 0 0 1
    outer loop
      vertex 34 -99.5 33.9
      vertex 29 -96 33.9
      vertex 29 -99.5 33.9
    endloop
  endfacet
  facet normal -1 0 0
    outer loop
      vertex 29 -99.5 2.5
      vertex 29 -96 33.9
      vertex 29 -96 2.5
    endloop
  endfacet
  facet normal -1 -0 0
    outer loop
      vertex 29 -96 33.9
      vertex 29 -99.5 2.5
      vertex 29 -99.5 33.9
    endloop
  endfacet
  facet normal 0 -1 0
    outer loop
      vertex 29 -99.5 2.5
      vertex 34 -99.5 33.9
      vertex 29 -99.5 33.9
    endloop
  endfacet
  facet normal 0 -1 -0
    outer loop
      vertex 34 -99.5 33.9
      vertex 29 -99.5 2.5
      vertex 34 -99.5 2.5
    endloop
  endfacet
  facet normal 0 1 -0
    outer loop
      vertex 34 -96 2.5
      vertex 29 -96 33.9
      vertex 34 -96 33.9
    endloop
  endfacet
  facet normal 0 1 0
    outer loop
      vertex 29 -96 33.9
      vertex 34 -96 2.5
      vertex 29 -96 2.5
    endloop
  endfacet
  facet normal 1 -0 0
    outer loop
      vertex 34 -126 33.9
      vertex 34 -122.5 2.5
      vertex 34 -122.5 33.9
    endloop
  endfacet
  facet normal 1 0 0
    outer loop
      vertex 34 -122.5 2.5
      vertex 34 -126 33.9
      vertex 34 -126 2.5
    endloop
  endfacet
  facet normal -0 0 1
    outer loop
      vertex 29 -122.5 33.9
      vertex 34 -126 33.9
      vertex 34 -122.5 33.9
    endloop
  endfacet
  facet normal 0 0 1
    outer loop
      vertex 34 -126 33.9
      vertex 29 -122.5 33.9
      vertex 29 -126 33.9
    endloop
  endfacet
  facet normal -1 0 0
    outer loop
      vertex 29 -126 2.5
      vertex 29 -122.5 33.9
      vertex 29 -122.5 2.5
    endloop
  endfacet
  facet normal -1 -0 0
    outer loop
      vertex 29 -122.5 33.9
      vertex 29 -126 2.5
      vertex 29 -126 33.9
    endloop
  endfacet
  facet normal 0 -1 0
    outer loop
      vertex 29 -126 2.5
      vertex 34 -126 33.9
      vertex 29 -126 33.9
    endloop
  endfacet
  facet normal 0 -1 -0
    outer loop
      vertex 34 -126 33.9
      vertex 29 -126 2.5
      vertex 34 -126 2.5
    endloop
  endfacet
  facet normal 0 1 -0
    outer loop
      vertex 34 -122.5 2.5
      vertex 29 -122.5 33.9
      vertex 34 -122.5 33.9
    endloop
  endfacet
  facet normal 0 1 0
    outer loop
      vertex 29 -122.5 33.9
      vertex 34 -122.5 2.5
      vertex 29 -122.5 2.5
    endloop
  endfacet
  facet normal 1 -0 0
    outer loop
      vertex 67 -99.5 33.9
      vertex 67 -96 2.5
      vertex 67 -96 33.9
    endloop
  endfacet
  facet normal 1 0 0
    outer loop
      vertex 67 -96 2.5
      vertex 67 -99.5 33.9
      vertex 67 -99.5 2.5
    endloop
  endfacet
  facet normal -0 0 1
    outer loop
      vertex 62 -96 33.9
      vertex 67 -99.5 33.9
      vertex 67 -96 33.9
    endloop
  endfacet
  facet normal 0 0 1
    outer loop
      vertex 67 -99.5 33.9
      vertex 62 -96 33.9
      vertex 62 -99.5 33.9
    endloop
  endfacet
  facet normal -1 0 0
    outer loop
      vertex 62 -99.5 2.5
      vertex 62 -96 33.9
      vertex 62 -96 2.5
    endloop
  endfacet
  facet normal -1 -0 0
    outer loop
      vertex 62 -96 33.9
      vertex 62 -99.5 2.5
      vertex 62 -99.5 33.9
    endloop
  endfacet
  facet normal 0 -1 0
    outer loop
      vertex 62 -99.5 2.5
      vertex 67 -99.5 33.9
      vertex 62 -99.5 33.9
    endloop
  endfacet
  facet normal 0 -1 -0
    outer loop
      vertex 67 -99.5 33.9
      vertex 62 -99.5 2.5
      vertex 67 -99.5 2.5
    endloop
  endfacet
  facet normal 0 1 -0
    outer loop
      vertex 67 -96 2.5
      vertex 62 -96 33.9
      vertex 67 -96 33.9
    endloop
  endfacet
  facet normal 0 1 0
    outer loop
      vertex 62 -96 33.9
      vertex 67 -96 2.5
      vertex 62 -96 2.5
    endloop
  endfacet
  facet normal 1 -0 0
    outer loop
      vertex 67 -126 33.9
      vertex 67 -122.5 2.5
      vertex 67 -122.5 33.9
    endloop
  endfacet
  facet normal 1 0 0
    outer loop
      vertex 67 -122.5 2.5
      vertex 67 -126 33.9
      vertex 67 -126 2.5
    endloop
  endfacet
  facet normal -0 0 1
    outer loop
      vertex 62 -122.5 33.9
      vertex 67 -126 33.9
      vertex 67 -122.5 33.9
    endloop
  endfacet
  facet normal 0 0 1
    outer loop
      vertex 67 -126 33.9
      vertex 62 -122.5 33.9
      vertex 62 -126 33.9
    endloop
  endfacet
  facet normal -1 0 0
    outer loop
      vertex 62 -126 2.5
      vertex 62 -122.5 33.9
      vertex 62 -122.5 2.5
    endloop
  endfacet
  facet normal -1 -0 0
    outer loop
      vertex 62 -122.5 33.9
      vertex 62 -126 2.5
      vertex 62 -126 33.9
    endloop
  endfacet
  facet normal 0 -1 0
    outer loop
      vertex 62 -126 2.5
      vertex 67 -126 33.9
      vertex 62 -126 33.9
    endloop
  endfacet
  facet normal 0 -1 -0
    outer loop
      vertex 67 -126 33.9
      vertex 62 -126 2.5
      vertex 67 -126 2.5
    endloop
  endfacet
  facet normal 0 1 -0
    outer loop
      vertex 67 -122.5 2.5
      vertex 62 -122.5 33.9
      vertex 67 -122.5 33.9
    endloop
  endfacet
  facet normal 0 1 0
    outer loop
      vertex 62 -122.5 33.9
      vertex 67 -122.5 2.5
      vertex 62 -122.5 2.5
    endloop
  endfacet
endsolid OpenSCAD_Model
